Num_Acc,an,mois,jour,hrmn,lum,agg,int,atm,col,com,gps,lat,long,dep
202000000612,20,8,26,11:00,1,1,1,1,2,38343,M,"45,5764410","5,6372740",38
202000000613,20,8,26,13:15,1,1,1,1,6,60138,M,"49,2161110","2,6276420",60
202000000614,20,8,26,11:35,1,1,1,1,1,60505,M,"49,1507100","2,5403310",60
202000000615,20,8,25,21:55,3,1,1,1,6,77327,M,"48,5457480","2,9957490",77
202000000616,20,8,17,18:15,1,1,1,1,7,04148,M,"43,7970570","6,6310640",04
202000000617,20,8,24,18:10,1,2,1,1,6,25505,M,"47,4848490","6,3501650",25
202000000618,20,8,26,13:30,1,2,9,1,-1,68154,M,"47,7700730","7,3471500",68
202000000619,20,8,25,15:30,1,1,1,1,1,68185,M,"48,2690120","7,2725740",68
202000000620,20,8,25,10:45,1,1,1,1,3,68130,M,"47,9603480","7,5373560",68
202000000621,20,8,23,14:45,1,1,2,1,3,73306,M,"45,1557330","6,4206687",73
202000000622,20,8,5,08:05,1,2,1,1,6,38317,M,"45,1319440","5,6999350",38
202000000623,20,8,13,00:30,3,2,1,1,1,17019,M,"46,2100340"," -1,5128250",17
202000000624,20,8,24,10:30,1,2,2,1,3,40184,M,"44,2070890"," -1,2952760",40
202000000625,20,8,23,16:45,1,1,1,1,-1,49271,M,"47,5388180"," -0,7233170",49
202000000626,20,8,20,12:05,1,1,1,1,6,29046,M,"48,0771970"," -4,2864600",29
202000000627,20,8,26,08:55,1,1,1,1,7,27447,M,"48,9663700","0,9800290",27
202000000628,20,8,25,17:20,1,1,1,1,4,13001,M,"43,5021420","5,4077640",13
202000000629,20,8,23,00:36,3,1,1,1,5,69290,M,"45,6916200","4,9878200",69
202000000630,20,8,24,19:05,1,1,1,1,2,69266,M,"45,7589000","4,9093200",69
202000000631,20,8,25,20:20,2,1,1,1,3,91174,M,"48,6219400","2,4637400",91
202000000632,20,8,25,18:15,1,1,1,1,3,91521,M,"48,6366800","2,3996900",91
202000000633,20,8,24,20:20,2,1,1,1,4,93066,M,"48,9193900","2,3575500",93
202000000634,20,8,25,10:30,1,1,1,1,6,95154,M,"49,0341800","2,5415900",95
202000000635,20,8,25,09:30,1,1,1,2,4,95582,M,"48,9667300","2,2737100",95
202000000636,20,8,24,21:45,3,1,1,1,6,93066,M,"48,9227800","2,3478000",93
202000000637,20,8,24,20:00,1,1,1,1,3,93008,M,"48,9070900","2,4558400",93
202000000638,20,1,19,23:35,3,1,1,1,5,57751,M,"49,1857610","6,1764620",57
202000000639,20,8,24,10:49,1,2,9,1,3,97302,G,"4,9278048"," -52,2919393",973
202000000640,20,8,24,09:01,1,2,1,1,3,97302,G,"4,8852605"," -52,2993422",973
202000000641,20,8,24,21:30,5,2,1,1,1,69388,M,"45,7377164","4,8680334",69
202000000642,20,8,24,22:50,5,2,2,1,3,69388,M,"45,7273200","4,8618600",69
202000000643,20,8,24,12:10,1,2,9,1,6,69387,M,"45,7483100","4,8418900",69
202000000644,20,8,20,18:30,1,2,2,1,3,69387,M,"45,7481900","4,8436100",69
202000000645,20,8,24,06:40,1,2,1,1,7,97209,A,"14,6114000"," -61,0675000",972
202000000646,20,8,24,13:50,1,2,9,1,3,69142,M,"45,7271920","4,8156950",69
202000000647,20,8,18,20:10,2,2,2,1,-1,69034,M,"45,8010000","4,8552300",69
202000000648,20,8,4,17:20,1,2,2,1,3,2A004,M,"41,9351074","8,7508464",2A
202000000649,20,8,21,18:00,1,2,1,1,6,95424,M,"48,9952198","2,2003824",95
202000000650,20,8,24,18:15,1,2,1,1,2,91174,M,"48,6189300","2,4528800",91
202000000651,20,8,24,08:25,1,2,2,1,3,83137,M,"43,1202300","5,9478700",83
202000000652,20,8,24,09:55,1,2,9,1,3,83069,M,"43,1135300","6,1298500",83
202000000653,20,8,20,14:30,1,2,1,1,3,80021,M,"49,9116500","2,3025500",80
202000000654,20,8,24,17:10,1,2,1,1,6,78498,M,"48,9280920","2,0424430",78
202000000655,20,8,22,15:17,1,2,3,1,6,76351,M,"49,4862000","0,1103000",76
202000000656,20,8,21,23:30,3,1,1,1,6,76351,M,"49,5255555","0,1576666",76
202000000657,20,8,19,16:47,1,2,2,1,6,76351,M,"49,4899600","0,1050400",76
202000000658,20,8,24,15:05,1,2,9,1,6,76217,M,"49,9194130","1,0738920",76
202000000659,20,8,23,19:20,1,1,1,1,2,71486,M,"46,6377492","4,3264836",71
202000000660,20,8,1,17:30,1,2,1,1,1,69029,M,"45,7206800","4,9132800",69
202000000661,20,8,21,22:10,5,1,3,1,3,67365,M,"48,5435700","7,6973600",67
202000000662,20,8,23,10:30,1,2,1,1,6,66136,M,"42,6982785","2,8891016",66
202000000663,20,8,22,16:49,1,2,1,1,-1,66136,M,"42,7143700","2,8870800",66
202000000664,20,8,21,23:45,5,2,2,1,3,66136,M,"42,7017500","2,9045700",66
202000000665,20,8,23,22:30,5,2,1,1,7,64041,M,"43,2802300"," -0,3294500",64
202000000666,20,8,24,22:40,5,2,2,1,3,62193,M,"50,9516661","1,8774444",62
202000000667,20,8,24,13:55,1,2,1,1,7,60159,M,"49,4018414","2,7975901",60
202000000668,20,8,24,12:55,1,2,1,1,1,59426,M,"50,7463711","3,1573516",59
202000000669,20,8,23,11:10,1,2,1,1,2,59008,M,"50,3299600","3,2492200",59
202000000670,20,8,23,10:05,1,2,1,1,3,56121,M,"47,7395100"," -3,3670600",56
202000000671,20,8,22,18:55,1,2,1,2,3,56098,M,"47,7673900"," -3,3404300",56
202000000672,20,8,22,19:40,1,2,1,1,6,54339,M,"48,7090950","6,1809909",54
202000000673,20,8,21,12:45,1,2,1,1,3,50129,M,"49,6339500"," -1,6229700",50
202000000674,20,8,23,18:10,5,2,1,2,2,49328,M,"47,2390762"," -0,0927481",49
202000000675,20,8,24,07:45,1,2,2,1,3,45234,M,"47,9209000","1,8958000",45
202000000676,20,8,24,00:15,5,2,1,1,2,44184,M,"47,2709986"," -2,2383785",44
202000000677,20,8,24,23:00,5,2,1,1,7,37122,M,"47,3429571","0,6590519",37
202000000678,20,8,23,06:33,2,2,1,1,7,37214,M,"47,4181757","0,6744292",37
202000000679,20,8,17,17:40,1,2,1,1,6,36044,M,"46,7923253","1,6671807",36
202000000680,20,8,22,01:00,3,1,1,1,7,35288,M,"48,6661461"," -1,9579141",35
202000000681,20,8,24,19:55,2,2,1,1,6,35238,M,"48,1305600"," -1,6528300",35
202000000682,20,8,24,15:10,1,2,9,1,2,35238,M,"48,0956000"," -1,6824000",35
202000000683,20,8,24,19:15,1,2,2,1,3,33522,M,"44,7989300"," -0,5874500",33
202000000684,20,8,23,04:30,5,1,1,1,7,31555,M,"43,5752000","1,4086300",31
202000000685,20,8,22,12:45,1,2,3,1,3,31555,M,"43,5843800","1,4687000",31
202000000686,20,8,23,01:26,5,2,1,1,3,30189,M,"43,8417500","4,3770100",30
202000000687,20,8,23,19:28,1,2,9,8,3,29039,M,"47,8758910"," -3,9142431",29
202000000688,20,8,24,08:20,1,2,3,1,1,25056,M,"47,2535130","6,0294710",25
202000000689,20,8,23,17:07,1,2,1,1,6,23096,M,"46,1721000","1,8738000",23
202000000690,20,8,15,09:30,1,1,1,1,1,22215,M,"48,4989600"," -2,8197600",22
202000000691,20,8,23,10:20,1,2,2,1,-1,17306,M,"45,6203200"," -1,0353600",17
202000000692,20,8,24,10:09,1,2,1,1,7,17200,M,"46,1762980"," -1,1670960",17
202000000693,20,8,24,09:50,1,2,1,1,2,13212,M,"43,3133470","5,4635395",13
202000000694,20,8,24,04:15,5,2,2,1,1,13205,M,"43,2929700","5,3929000",13
202000000695,20,8,24,22:30,5,2,3,1,3,13047,M,"43,4933900","4,9805000",13
202000000696,20,8,24,07:40,1,2,1,1,1,09225,M,"43,1189800","1,6129400",09
202000000697,20,8,24,16:45,1,2,1,1,3,06088,M,"43,7119000","7,2553000",06
202000000698,20,8,24,16:30,1,2,1,1,6,06069,M,"43,6389600","6,9215100",06
202000000699,20,8,24,16:55,1,2,1,1,6,06069,M,"43,6505200","6,9214200",06
202000000700,20,8,24,14:55,1,1,1,1,4,01451,M,"46,2266600","5,2049900",01
202000000701,20,8,24,00:02,5,2,1,1,4,75119,M,"48,9004290","2,3834660",75
202000000702,20,8,24,19:30,1,2,2,1,3,75119,M,"48,8987400","2,3711150",75
202000000703,20,8,24,18:15,1,2,1,1,1,75119,M,"48,8785350","2,4025410",75
202000000704,20,8,24,17:05,1,2,2,8,7,75119,M,"48,8858720","2,3822610",75
202000000705,20,8,24,09:30,1,2,2,8,2,75118,M,"48,8855630","2,3495470",75
202000000706,20,8,23,23:20,5,2,3,1,3,75116,M,"48,8579240","2,2879310",75
202000000707,20,8,23,10:00,1,2,7,1,3,75116,M,"48,8740330","2,2942400",75
202000000708,20,8,23,16:20,1,2,2,1,3,75115,M,"48,8436130","2,2957570",75
202000000709,20,8,23,17:40,1,2,1,1,6,75114,M,"48,8263290","2,3263000",75
202000000710,20,8,24,17:55,1,2,1,1,7,75108,M,"48,8673140","2,3068550",75
202000000711,20,8,24,09:45,1,2,2,1,6,75115,M,"48,8464100","2,2831360",75
202000000712,20,8,24,18:30,1,2,7,1,1,75101,M,"48,8637250","2,3320440",75
202000000713,20,8,24,18:40,1,2,1,1,6,94081,M,"48,8009290","2,3856980",94
202000000714,20,8,24,10:50,1,2,1,1,6,94068,M,"48,7875000","2,4827000",94
202000000715,20,8,24,19:30,1,2,1,1,7,94076,M,"48,7840430","2,3574280",94
202000000716,20,8,24,16:30,1,2,1,1,3,94016,M,"48,7947000","2,3348000",94
202000000717,20,8,21,05:40,5,2,1,2,2,94003,M,"48,8106000","2,3268000",94
202000000718,20,8,24,12:05,1,2,1,1,6,94041,M,"48,8139200","2,3894300",94
202000000719,20,8,24,20:30,1,2,1,1,7,94017,M,"48,8223960","2,5105430",94
202000000720,20,8,24,19:05,1,2,1,1,7,94017,M,"48,8107530","2,5168090",94
202000000721,20,8,24,17:40,1,2,1,1,6,94017,M,"48,8103490","2,5420970",94
202000000722,20,8,24,07:25,1,2,1,1,3,93070,M,"48,9101300","2,3308000",93
202000000723,20,8,24,19:20,1,2,9,1,6,93050,M,"48,8537909","2,5179545",93
202000000724,20,8,24,00:20,5,2,1,1,2,93048,M,"48,8630000","2,4660000",93
202000000725,20,8,24,21:30,5,2,1,1,2,93014,M,"48,9086434","2,5428509",93
202000000726,20,8,24,09:25,1,2,4,1,6,93014,M,"48,9013322","2,5471449",93
202000000727,20,8,23,22:10,5,2,3,1,3,93047,M,"48,9043800","2,5604100",93
202000000728,20,8,23,23:00,5,1,1,1,6,93008,M,"48,8956500","2,4260900",93
202000000729,20,8,24,20:40,1,2,2,1,3,93070,M,"48,9140598","2,3443123",93
202000000730,20,8,23,17:20,1,2,3,1,3,92050,M,"48,8878150","2,1968476",92
202000000731,20,8,23,22:17,5,2,1,1,7,92012,M,"48,8446074","2,2518291",92
202000000732,20,8,24,22:05,5,2,2,1,3,92009,M,"48,9193800","2,2763000",92
202000000733,20,8,8,04:30,5,2,1,1,6,92009,M,"48,9184183","2,2696303",92
202000000734,20,8,23,19:40,2,2,1,1,1,14741,M,"48,9145890"," -0,4580890",14
202000000735,20,8,25,10:20,1,1,1,1,-1,81168,M,"44,1265771","2,1729744",81
202000000736,20,8,20,13:25,1,1,2,1,1,38157,M,"45,4986990","4,9291060",38
202000000737,20,8,24,21:45,3,2,9,1,7,49092,M,"47,2362070"," -0,7237860",49
202000000738,20,8,14,18:10,1,1,2,1,-1,23169,M,"46,1322000","1,9381160",23
202000000739,20,8,18,12:45,1,2,9,1,3,67135,M,"48,8051610","7,5858610",67
202000000740,20,8,18,23:10,3,1,9,1,6,35231,M,"47,8935210"," -1,6871090",35
202000000741,20,8,25,07:50,1,1,1,1,6,48099,M,"44,5695020","3,2512070",48
202000000742,20,8,24,15:40,1,1,1,1,2,15207,M,"45,1612420","3,1496700",15
202000000743,20,8,24,11:50,1,1,9,1,3,58187,M,"47,4378850","2,9412250",58
202000000744,20,8,25,12:20,1,2,1,1,1,19192,M,"45,1255940","1,8973790",19
202000000745,20,8,23,18:55,1,2,1,1,6,56258,M,"47,5926380"," -3,0266930",56
202000000746,20,8,25,08:25,1,2,1,1,6,65439,M,"43,3174660"," -0,0095380",65
202000000747,20,8,24,17:50,1,1,1,1,3,33506,M,"44,6856900"," -0,0449800",33
202000000748,20,8,16,09:00,1,1,1,1,3,32044,M,"43,9171610","0,4078680",32
202000000749,20,8,25,11:55,1,1,1,1,6,49261,M,"47,3069960"," -0,1348460",49
202000000750,20,8,24,14:05,1,1,1,1,1,44013,M,"47,4070920"," -2,0940110",44
202000000751,20,8,24,14:45,1,2,3,1,1,29221,M,"48,4829561"," -4,7693606",29
202000000752,20,8,24,20:00,2,1,1,1,7,54579,M,"48,9490550","6,0139520",54
202000000753,20,8,23,11:15,1,1,1,1,6,83025,M,"43,5231300","5,9788160",83
202000000754,20,8,25,14:00,1,1,1,1,-1,40118,M,"43,5881310"," -0,9210490",40
202000000755,20,8,24,23:45,3,1,1,1,7,08222,M,"50,0076560","4,7138860",08
202000000756,20,8,25,09:50,1,1,1,1,7,24035,M,"44,7608130","1,0136600",24
202000000757,20,8,25,10:30,1,1,1,1,4,35275,M,"48,1600310"," -1,8411110",35
202000000758,20,6,17,09:40,1,2,5,2,6,74010,M,"45,8923900","6,1107530",74
202000000759,20,8,23,20:15,1,2,3,1,3,06085,M,"43,5868750","7,0220110",06
202000000760,20,12,1,19:25,5,2,3,1,2,93055,M,"48,8969180","2,4002482",93
202000000761,20,12,30,07:30,5,2,1,2,3,93055,M,"48,8923962","2,4089190",93
202000000762,20,12,23,15:04,1,2,1,8,3,93055,M,"48,8934500","2,4110800",93
202000000763,20,12,21,19:25,5,2,1,2,3,93055,M,"48,8913800","2,4039900",93
202000000764,20,12,20,19:35,2,2,6,1,3,93055,M,"48,8935500","2,4149300",93
202000000765,20,12,17,17:25,2,2,1,1,3,93055,M,"48,9013125","2,4022089",93
202000000766,20,12,8,11:12,1,2,1,1,-1,93055,M,"48,9002236","2,3955337",93
202000000767,20,12,5,14:10,1,2,1,1,3,93055,M,"48,8894800","2,4034000",93
202000000768,20,12,1,10:20,1,2,3,1,3,93008,M,"48,9118417","2,4464420",93
202000000769,20,11,19,14:39,1,2,5,1,1,93055,M,"48,8891511","2,4101446",93
202000000770,20,11,17,18:01,5,2,1,1,6,93055,M,"48,8955081","2,4005275",93
202000000771,20,11,9,11:30,1,2,1,1,6,93055,M,"48,9039100","2,3947000",93
202000000772,20,11,7,18:30,4,2,1,1,2,93001,M,"48,9109881","2,3738928",93
202000000773,20,11,6,17:05,2,2,6,1,3,93055,M,"48,8954189","2,4257724",93
202000000774,20,11,3,11:50,1,2,3,1,3,93055,M,"48,8904480","2,3987887",93
202000000775,20,11,3,10:50,1,2,3,1,3,93055,M,"48,8969094","2,4002195",93
202000000776,20,11,3,07:35,2,2,3,1,3,93055,M,"48,8898199","2,4100272",93
202000000777,20,10,29,13:40,1,2,1,2,-1,93055,M,"48,8919000","2,4072500",93
202000000778,20,10,28,20:10,5,2,3,1,2,93055,M,"48,8941020","2,4178927",93
202000000779,20,10,21,17:40,1,2,1,1,5,93055,M,"48,9019500","2,4139600",93
202000000780,20,10,19,19:20,2,2,9,1,3,93055,M,"48,8968280","2,4086297",93
202000000781,20,10,16,15:20,1,2,3,1,6,93055,M,"48,8937500","2,4161900",93
202000000782,20,10,15,12:35,1,2,1,1,3,93055,M,"48,9083600","2,3971824",93
202000000783,20,10,11,15:00,1,2,9,1,2,93055,M,"48,9005400","2,3938900",93
202000000784,20,10,10,09:15,1,2,3,1,3,93055,M,"48,8934482","2,4112119",93
202000000785,20,10,3,22:10,5,2,1,2,7,93055,M,"48,8952700","2,4246700",93
202000000786,20,10,1,18:45,1,2,1,1,3,93055,M,"48,8970879","2,4036781",93
202000000787,20,9,30,09:30,1,2,1,8,6,93055,M,"48,8929491","2,3983564",93
202000000788,20,9,30,09:28,1,2,3,2,1,93055,M,"48,8934587","2,4112285",93
202000000789,20,9,29,02:50,3,2,1,1,2,93055,M,"48,8949100","2,4222100",93
202000000790,20,9,25,13:15,1,2,1,2,6,93055,M,"48,8868600","2,4104000",93
202000000791,20,9,24,21:30,5,2,1,2,6,93055,M,"48,8932789","2,4132270",93
202000000792,20,9,19,17:05,1,2,3,8,1,93055,M,"48,8894213","2,4198114",93
202000000793,20,9,16,18:55,2,2,1,1,1,93029,M,"48,9163986","2,4638343",93
202000000794,20,9,15,11:05,1,2,1,1,3,93055,M,"48,9026543","2,4154928",93
202000000795,20,9,7,00:00,5,2,1,1,1,93055,M,"48,9050569","2,3963145",93
202000000796,20,8,22,00:55,3,2,3,1,3,93055,M,"48,8930797","2,4122546",93
202000000797,20,8,13,19:02,1,2,1,1,-1,93055,M,"48,8967749","2,4029119",93
202000000798,20,7,17,22:05,5,2,9,1,3,93055,M,"48,9092000","2,3982000",93
202000000799,20,7,7,05:26,2,2,1,1,6,93008,M,"48,9014100","2,4431700",93
202000000800,20,6,27,12:53,1,2,1,1,2,93055,M,"48,8979869","2,4054934",93
202000000801,20,7,9,15:05,1,2,1,1,4,93055,M,"48,8963800","2,4090600",93
202000000802,20,6,26,17:05,1,2,1,7,2,93055,M,"48,9091229","2,3981551",93
202000000803,20,6,19,19:15,1,2,1,2,2,93055,M,"48,9105800","2,4143868",93
202000000804,20,6,16,08:15,1,2,1,1,6,93055,M,"48,8967840","2,4030074",93
202000000805,20,6,6,13:00,1,2,1,1,3,93055,M,"48,9019720","2,4140322",93
202000000806,20,6,24,11:24,1,2,9,1,2,93055,M,"48,8934700","2,4145600",93
202000000807,20,5,26,13:08,1,2,3,1,6,93008,M,"48,9156315","2,4262844",93
202000000808,20,5,19,12:13,1,2,1,1,3,93055,M,"48,9070796","2,3957944",93
202000000809,20,5,18,18:45,1,2,3,7,3,93055,M,"48,8924900","2,4098200",93
202000000810,20,5,6,23:10,5,2,6,1,3,93008,M,"48,9073500","2,4254000",93
202000000811,20,5,13,15:00,1,2,1,1,6,93055,M,"48,9001065","2,3956618",93
202000000812,20,3,9,08:30,1,2,1,1,6,93055,M,"48,8945514","2,4185630",93
202000000813,20,3,5,16:57,1,2,1,3,6,93055,M,"48,8960000","2,4020000",93
202000000814,20,3,20,14:35,1,2,6,1,3,93055,M,"48,8954900","2,4260600",93
202000000815,20,2,21,08:50,1,2,2,1,3,93055,M,"48,8902400","2,4210900",93
202000000816,20,2,8,20:50,5,2,1,1,2,93055,M,"48,8907034","2,4003144",93
202000000817,20,2,20,18:19,1,2,1,2,6,93055,M,"48,8934882","2,4144068",93
202000000818,20,1,23,21:15,5,2,1,1,2,93008,M,"48,9098882","2,4441780",93
202000000819,20,1,22,15:00,1,2,6,1,3,93008,M,"48,8957100","2,4259700",93
202000000820,20,3,4,23:05,5,2,1,1,1,06029,M,"43,5504400","6,9900300",06
202000000821,20,8,12,20:10,2,2,3,1,3,84007,M,"43,9367200","4,8265400",84
202000000822,20,12,2,14:30,1,2,7,1,6,93008,M,"48,9092077","2,4385893",93
202000000823,20,12,7,11:00,1,2,7,8,3,93008,M,"48,9060800","2,4696000",93
202000000824,20,12,31,03:30,3,1,1,2,6,06088,M,"43,7104160","7,1996070",06
202000000825,20,9,12,15:15,1,2,7,1,1,38395,M,"45,3099340","5,8870040",38
202000000826,20,12,18,20:17,3,1,1,1,2,57663,M,"49,2345200","6,1799500",57
202000000827,20,7,2,16:05,1,1,1,1,6,97611,Y," -12,7907200","45,2196400",976
202000000828,20,10,11,10:30,1,1,1,8,7,85262,M,"47,0213600"," -1,4898500",85
202000000829,20,1,3,14:25,1,2,2,1,6,95280,M,"49,0333100","2,4729300",95
202000000830,20,1,2,13:50,1,2,2,8,4,35238,M,"48,1313330"," -1,6733240",35
202000000831,20,9,24,11:53,1,2,1,1,6,18279,M,"47,2243000","2,1096600",18
202000000832,20,9,10,17:15,1,2,1,1,6,03133,M,"46,1647044","3,1900793",03
202000000833,20,10,21,06:55,1,2,1,1,3,97302,G,"4,9259663"," -52,3242760",973
202000000834,20,9,5,10:30,1,2,1,1,7,97302,G,"4,9394185"," -52,3348224",973
202000000835,20,2,16,15:17,1,1,1,1,7,98724,P," -16,7495720"," -150,9979070",987
202000000836,20,12,11,16:46,2,1,1,2,4,13051,M,"43,5648290","5,1575660",13
202000000837,20,7,2,09:10,1,1,1,1,6,01390,M,"45,8084760","5,2699610",01
202000000838,20,2,18,20:05,5,2,7,1,6,93027,M,"48,9300757","2,3850193",93
202000000839,20,12,18,17:45,5,2,1,1,6,84003,M,"43,8771780","5,3947590",84
202000000840,20,12,10,14:10,1,1,1,1,7,84086,M,"43,8511020","5,1470120",84
202000000841,20,11,30,02:15,3,1,1,1,6,90096,M,"47,5177120","6,9601390",90
202000000842,20,8,15,22:30,5,1,1,1,7,03190,M,"46,5729719","3,3073960",03
202000000843,20,6,20,03:15,3,1,1,1,6,88069,M,"48,2652370","6,3164930",88
202000000844,20,7,6,02:40,5,2,1,1,6,93008,M,"48,9106600","2,4327100",93
202000000845,20,1,8,16:32,1,1,1,1,4,13215,M,"43,3754530","5,3599300",13
202000000846,20,12,20,20:55,3,1,1,1,1,97217,A,"14,4505610"," -60,8967230",972
202000000847,20,9,5,18:21,2,1,1,1,6,97302,G,"4,9066399"," -52,3248339",973
202000000848,20,9,5,16:50,1,1,6,1,3,97302,G,"4,9077302"," -52,3225272",973
202000000849,20,6,15,17:00,1,2,1,1,6,06030,M,"43,5667000","7,0167000",06
202000000850,20,6,14,05:20,5,2,2,1,3,93008,M,"48,9086499","2,4542142",93
202000000851,20,11,18,10:40,1,2,3,1,6,84137,M,"44,2411250","5,0740050",84
202000000852,20,8,6,08:55,1,2,1,1,6,38563,M,"45,3473900","5,5769000",38
202000000853,20,6,13,05:30,2,2,9,1,3,93008,M,"48,9128900","2,4368100",93
202000000854,20,8,30,22:00,5,2,9,1,7,97302,G,"4,9411800"," -52,3028600",973
202000000855,20,1,4,06:28,2,2,1,1,3,97302,G,"4,9234008"," -52,3202741",973
202000000856,20,12,15,10:15,1,2,1,2,3,93079,M,"48,9530200","2,3366100",93
202000000857,20,12,8,19:40,5,2,9,1,3,93031,M,"48,9528700","2,3157500",93
202000000858,20,9,17,17:32,1,2,2,1,2,61092,M,"48,7530610","0,7402950",61
202000000859,20,6,28,09:00,1,2,1,1,-1,85074,M,"46,5249500"," -1,2626200",85
202000000860,20,4,24,13:15,1,2,1,1,5,85047,M,"46,8351700"," -1,8737400",85
202000000861,20,12,25,16:40,1,2,1,1,6,83129,M,"43,0744132","5,8004352",83
202000000862,20,1,1,05:00,5,2,1,1,3,93027,M,"48,9241530","2,4026234",93
202000000863,20,1,25,01:02,3,1,1,5,4,91687,M,"48,6625800","2,3680000",91
202000000864,20,12,6,05:31,3,1,1,5,6,13004,M,"43,6501500","4,6799800",13
202000000865,20,4,5,17:40,1,2,1,2,6,93070,M,"48,9060100","2,3360500",93
202000000866,20,6,15,07:15,1,2,3,1,3,98818,C," -22,2625600","166,4448500",988
202000000867,20,10,18,19:50,3,1,1,2,1,42223,M,"45,4530280","4,3426520",42
202000000868,20,12,11,15:20,1,2,1,3,6,75116,M,"48,8658940","2,2357640",75
202000000869,20,2,25,01:45,5,2,1,2,6,75102,M,"48,8712060","2,3429860",75
202000000870,20,8,11,13:30,1,2,1,1,6,97611,Y," -12,7299100","45,1774300",976
202000000871,20,6,26,17:25,2,2,1,1,6,97611,Y," -12,7809510","45,2319990",976
202000000872,20,6,29,18:05,1,1,9,1,2,68315,M,"47,8878700","7,2552680",68
202000000873,20,12,30,10:36,1,2,1,2,3,2A004,M,"41,9442900","8,7558400",2A
202000000874,20,8,22,11:00,1,2,1,1,1,97611,Y," -12,8183500","45,1966800",976
202000000875,20,8,12,14:00,1,2,6,1,3,97611,Y," -12,7854100","45,2259400",976
202000000876,20,7,18,09:00,1,2,1,1,-1,97611,Y," -12,8004300","45,2152000",976
202000000877,20,9,6,17:25,1,1,1,1,6,97611,Y," -12,7716600","45,2228700",976
202000000878,20,2,17,06:40,1,2,3,1,3,97611,Y," -12,8004000","45,2159000",976
202000000879,20,8,23,06:56,1,2,1,1,2,97611,Y," -12,7876000","45,2250600",976
202000000880,20,7,13,14:55,1,2,1,1,6,97611,Y," -12,7722459","45,2224879",976
202000000881,20,7,27,14:25,1,2,1,1,3,97611,Y," -12,7758800","45,2268100",976
202000000882,20,2,9,02:20,3,1,1,1,3,57306,M,"49,3269361","6,0629758",57
202000000883,20,7,1,00:05,5,2,1,1,3,75110,M,"48,8696440","2,3544300",75
202000000884,20,8,20,16:25,1,2,1,1,6,84007,M,"43,9510200","4,8195200",84
202000000885,20,12,11,13:47,1,1,1,2,5,76329,M,"49,5611500","0,4826700",76
202000000886,20,5,7,23:14,3,1,1,1,6,91617,M,"48,6315200","2,5159400",91
202000000887,20,1,1,01:25,5,2,6,8,3,93046,M,"48,9186846","2,5204487",93
202000000888,20,11,28,16:55,5,2,2,1,6,75119,M,"48,8843390","2,3668830",75
202000000889,20,12,28,18:25,3,1,1,3,2,77508,M,"48,8237270","2,8348640",77
202000000890,20,2,26,09:45,1,2,1,1,4,92062,M,"48,8827958","2,2479292",92
202000000891,20,11,23,13:55,1,2,1,1,6,74042,M,"46,0735100","6,4100340",74
202000000892,20,7,28,23:25,5,2,6,1,3,73008,M,"45,7018314","5,9091384",73
202000000893,20,12,9,05:20,5,2,6,2,3,62193,M,"50,9494180","1,8622520",62
202000000894,20,12,14,22:00,5,2,1,8,6,62351,M,"50,4209671","2,9069245",62
202000000895,20,12,30,19:10,3,1,1,2,6,62186,M,"50,4482779","2,7050440",62
202000000896,20,12,5,16:10,1,2,3,1,6,62498,M,"50,4311210","2,8331900",62
202000000897,20,10,7,20:30,5,2,1,1,6,62624,M,"50,4149100","2,9825700",62
202000000898,20,12,19,13:30,1,2,3,1,3,74012,M,"46,1962200","6,2568400",74
202000000899,20,12,15,07:40,5,2,6,2,6,73008,M,"45,6897799","5,9094724",73
202000000900,20,12,2,09:40,1,2,8,8,6,73008,M,"45,7090736","5,8921320",73
202000000901,20,6,24,23:30,5,2,1,1,7,64102,M,"43,4885000"," -1,4788000",64
202000000902,20,6,19,23:30,5,2,1,1,7,64102,M,"43,4914400"," -1,4637800",64
202000000903,20,8,24,09:30,1,2,2,1,3,92035,M,"48,9085201","2,2371876",92
202000000904,20,4,12,17:00,1,1,1,1,7,35288,M,"48,6659220"," -1,9580770",35
202000000905,20,12,24,17:25,5,2,2,1,3,76351,M,"49,4976500","0,1361500",76
202000000906,20,12,21,20:07,5,2,1,1,1,76351,M,"49,4861800","0,1267500",76
202000000907,20,12,9,18:00,5,2,2,1,3,76351,M,"49,5128000","0,1255000",76
202000000908,20,12,5,14:15,1,2,1,1,6,76351,M,"49,5156700","0,1709200",76
202000000909,20,12,4,17:30,5,2,1,1,6,76351,M,"49,4931000","0,1419000",76
202000000910,20,6,12,20:40,5,2,1,1,6,97105,A,"15,9907300"," -61,7280800",971
202000000911,20,12,5,07:15,2,2,1,8,6,83050,M,"43,5394200","6,4595900",83
202000000912,20,12,28,11:30,1,2,1,2,6,24037,M,"44,8583600","0,4928500",24
202000000913,20,11,13,14:55,1,2,2,1,3,02691,M,"49,8505640","3,2679310",02
202000000914,20,2,4,13:13,1,2,1,1,6,17300,M,"46,1625600"," -1,1524500",17
202000000915,20,12,1,16:20,1,2,6,2,3,01014,M,"46,2751150","5,6604060",01
202000000916,20,12,1,14:50,1,2,3,1,2,75120,M,"48,8581180","2,4033760",75
202000000917,20,12,1,19:30,5,2,2,1,3,75119,M,"48,8832260","2,3878320",75