Num_Acc,an,mois,jour,hrmn,lum,agg,int,atm,col,com,gps,lat,long,dep
202000000918,20,12,1,17:15,5,2,1,8,7,75119,M,"48,8821460","2,4005040",75
202000000919,20,12,1,12:45,1,2,3,1,6,75119,M,"48,8987740","2,3741030",75
202000000920,20,12,1,06:55,5,2,1,1,3,75119,M,"48,8745550","2,3850850",75
202000000921,20,11,30,17:30,5,2,4,1,3,75118,M,"48,8908780","2,3532110",75
202000000922,20,12,1,12:15,1,2,4,1,3,75115,M,"48,8445450","2,3115530",75
202000000923,20,12,1,13:30,1,2,1,1,7,75114,M,"48,8329560","2,3197290",75
202000000924,20,12,1,11:56,1,2,3,1,5,75112,M,"48,8410930","2,3988870",75
202000000925,20,12,1,08:00,1,2,1,1,2,75110,M,"48,8796550","2,3565480",75
202000000926,20,12,1,11:19,1,2,2,1,3,75107,M,"48,8610440","2,3132520",75
202000000927,20,11,30,19:00,5,2,9,1,3,94068,M,"48,7980600","2,4882800",94
202000000928,20,12,1,09:45,1,2,1,1,6,94016,M,"48,7876500","2,3325800",94
202000000929,20,12,1,22:05,5,2,1,1,6,94022,M,"48,7706900","2,4271300",94
202000000930,20,12,1,17:10,2,2,3,1,7,94022,M,"48,7566500","2,4045700",94
202000000931,20,12,1,13:25,1,2,1,1,3,94019,M,"48,7978000","2,5491500",94
202000000932,20,12,1,07:20,5,2,9,1,3,94002,M,"48,7982600","2,4202700",94
202000000933,20,12,1,10:10,1,2,1,1,3,93073,M,"48,9806000","2,5313100",93
202000000934,20,12,1,16:10,1,2,1,1,6,93070,M,"48,9057412","2,3465434",93
202000000935,20,11,30,12:30,1,2,9,1,3,93070,M,"48,9077949","2,3324589",93
202000000936,20,11,30,22:45,5,2,9,8,6,93050,M,"48,8562746","2,5179698",93
202000000937,20,12,1,16:40,2,2,3,2,3,93048,M,"48,8729114","2,4592149",93
202000000938,20,12,1,14:20,1,2,3,1,3,93048,M,"48,8704977","2,4532127",93
202000000939,20,11,30,17:00,5,2,1,1,6,93029,M,"48,9204204","2,4526739",93
202000000940,20,12,1,18:00,5,2,1,3,5,92073,M,"48,8655430","2,2197150",92
202000000941,20,12,1,08:05,2,2,3,1,3,92062,M,"48,8838854","2,2494953",92
202000000942,20,11,30,16:25,1,2,2,1,3,92036,M,"48,9250960","2,3073920",92
202000000943,20,12,1,08:00,2,2,1,8,6,92019,M,"48,7633619","2,2749330",92
202000000944,20,12,1,18:25,5,2,1,1,7,92007,M,"48,8014500","2,3237600",92
202000000945,20,12,1,18:45,3,1,1,1,6,18259,M,"47,4880790","2,7231770",18
202000000946,20,11,30,17:15,2,2,1,2,6,59278,M,"50,6087365","2,9621791",59
202000000947,20,11,29,20:15,3,1,1,1,-1,34311,M,"43,4448040","3,4035400",34
202000000948,20,12,1,09:25,1,1,1,5,2,87020,M,"45,9432760","1,3086930",87
202000000949,20,12,1,18:50,3,1,1,1,1,83096,M,"43,4675180","5,7872576",83
202000000950,20,12,1,10:15,1,1,1,2,1,51267,M,"49,2531375","3,8742415",51
202000000951,20,10,23,07:45,3,1,1,5,4,80521,M,"49,9829630","2,8509670",80
202000000952,20,12,2,07:25,3,1,1,1,1,80222,M,"50,2569840","1,8721500",80
202000000953,20,12,1,19:00,3,1,1,1,1,22245,M,"48,6367800"," -3,3875120",22
202000000954,20,11,28,10:45,1,2,1,1,1,25527,M,"47,1885060","5,8543070",25
202000000955,20,12,1,17:15,1,2,1,1,6,29260,M,"48,4266534"," -4,6189401",29
202000000956,20,12,1,18:15,3,2,1,2,6,31293,M,"43,7075160","1,3811280",31
202000000957,20,12,2,06:50,2,1,1,2,6,38001,M,"45,5646910","5,5633040",38
202000000958,20,12,2,13:00,1,1,1,2,6,03246,M,"46,3535090","2,4571287",03
202000000959,20,12,2,06:00,3,1,1,2,6,58304,M,"47,3829436","3,3799106",58
202000000960,20,12,1,10:00,1,2,1,1,7,72138,M,"48,2847960","0,0231580",72
202000000961,20,11,27,10:55,1,2,1,1,6,72373,M,"48,0595260","0,7364310",72
202000000962,20,12,2,07:20,2,1,1,1,3,40236,M,"43,6804660"," -0,8735100",40
202000000963,20,12,1,14:45,1,1,1,1,1,24087,M,"44,8898000","1,0994600",24
202000000964,20,12,2,08:00,2,1,3,1,2,04091,M,"43,9867180","5,9118780",04
202000000965,20,12,1,14:50,1,1,1,8,7,19234,M,"45,3047191","1,5843977",19
202000000966,20,12,2,16:20,1,1,1,1,3,38329,M,"44,8365480","5,8848950",38
202000000967,20,11,1,18:30,3,1,1,1,6,06088,M,"43,6708300","7,2013930",06
202000000968,20,12,1,18:45,3,1,1,8,5,77333,M,"48,2868200","2,6916930",77
202000000969,20,12,2,11:45,1,1,2,7,3,98825,C," -21,1311420","164,8896360",988
202000000970,20,11,28,11:45,1,1,1,1,1,98817,C," -22,2317650","166,5463350",988
202000000971,20,12,2,09:30,1,1,6,1,-1,97415,R," -21,1086220","55,2553840",974
202000000972,20,12,2,13:30,1,1,1,1,4,95554,M,"49,1630100","1,7644430",95
202000000973,20,11,27,22:20,5,2,2,1,6,21138,M,"47,1817430","5,3041920",21
202000000974,20,11,28,06:00,3,1,3,5,6,57511,M,"49,1781830","6,0738140",57
202000000975,20,12,2,10:00,1,1,1,1,5,38542,M,"45,6908290","5,2392980",38
202000000976,20,12,2,18:15,3,1,1,8,1,85119,M,"46,9719400"," -1,1285490",85
202000000977,20,11,30,19:45,3,1,1,1,2,49301,M,"47,1256660"," -1,1144260",49
202000000978,20,11,30,09:00,1,1,1,1,3,13203,M,"43,3073200","5,3755400",13
202000000979,20,11,30,20:38,3,1,1,2,2,67471,M,"48,6330100","7,7240200",67
202000000980,20,11,26,16:30,1,1,1,1,2,67482,M,"48,5862523","7,7193917",67
202000000981,20,11,30,07:05,3,1,1,1,4,33075,M,"44,8901400"," -0,6125900",33
202000000982,20,11,29,09:50,1,1,1,5,2,59646,M,"50,6733880","3,1176500",59
202000000983,20,11,24,08:50,2,1,1,1,6,62634,M,"50,9320500","2,0264630",62
202000000984,20,12,1,18:15,3,1,1,1,2,91689,M,"48,7281740","2,3140490",91
202000000985,20,12,1,11:07,1,1,1,1,5,92002,M,"48,7611400","2,2952900",92
202000000986,20,11,30,06:10,3,1,1,1,2,91521,M,"48,6642700","2,3652200",91
202000000987,20,12,1,21:30,3,1,1,8,2,78140,M,"48,9607450","1,9305920",78
202000000988,20,12,1,08:25,2,1,1,1,-1,77122,M,"48,6508401","2,6116759",77
202000000989,20,11,30,20:00,3,1,1,1,6,94069,M,"48,8171000","2,4422000",94
202000000990,20,9,23,20:53,3,2,1,2,6,94078,M,"48,7510500","2,4497600",94
202000000991,20,6,24,14:55,1,2,1,1,6,92009,M,"48,9138360","2,2718030",92
202000000992,20,11,30,17:20,5,2,1,1,2,75120,M,"48,8739650","2,4112290",75
202000000993,20,11,30,21:00,5,2,4,1,3,75120,M,"48,8710210","2,3931350",75
202000000994,20,11,30,16:55,1,2,1,1,3,75119,M,"48,8917000","2,3984070",75
202000000995,20,11,30,08:23,1,2,3,1,6,75119,M,"48,8877730","2,3730250",75
202000000996,20,11,30,09:05,1,2,4,1,2,75118,M,"48,8994910","2,3593860",75
202000000997,20,11,30,17:50,5,2,2,1,3,75116,M,"48,8507040","2,2779070",75
202000000998,20,11,30,17:15,2,2,7,1,3,75116,M,"48,8629840","2,2879010",75
202000000999,20,11,29,17:10,3,2,1,1,3,75115,M,"48,8389480","2,2926270",75
202000001000,20,11,30,11:10,1,2,3,1,3,75113,M,"48,8349120","2,3479680",75
202000001001,20,11,30,10:25,1,2,4,1,3,75113,M,"48,8356910","2,3586480",75
202000001002,20,11,30,21:00,5,2,1,1,4,75112,M,"48,8377330","2,4399690",75
202000001003,20,11,30,05:45,5,2,2,1,3,75110,M,"48,8825510","2,3702120",75
202000001004,20,11,30,18:38,5,2,1,1,3,75108,M,"48,8754160","2,3254150",75
202000001005,20,11,29,23:10,3,2,3,1,3,75102,M,"48,8701480","2,3504860",75
202000001006,20,11,30,11:20,1,2,1,1,2,94003,M,"48,8105700","2,3268300",94
202000001007,20,11,30,10:05,1,2,1,1,3,94076,M,"48,7900000","2,3500000",94
202000001008,20,11,30,18:30,5,2,1,1,3,94041,M,"48,8120600","2,3716700",94
202000001009,20,11,30,10:58,1,2,3,1,3,94041,M,"48,8145300","2,4071700",94
202000001010,20,11,30,10:45,1,2,9,1,6,94021,M,"48,7647200","2,3383000",94
202000001011,20,11,30,11:35,1,2,1,1,3,93073,M,"48,9834900","2,5412200",93
202000001012,20,11,30,07:45,1,2,1,1,6,93072,M,"48,9499661","2,3863748",93
202000001013,20,11,30,13:50,1,2,1,1,6,93047,M,"48,8992657","2,5749103",93
202000001014,20,11,30,08:25,1,1,1,1,6,93014,M,"48,9025667","2,5475597",93
202000001015,20,11,30,14:30,1,2,1,1,6,93010,M,"48,9069700","2,4869500",93
202000001016,20,11,30,22:30,5,2,1,2,-1,93007,M,"48,9378947","2,4638225",93
202000001017,20,11,30,11:40,1,2,1,1,6,93001,M,"48,9140486","2,3811626",93
202000001018,20,11,30,17:40,3,1,1,8,7,22304,M,"48,5530490"," -3,0205750",22
202000001019,20,12,1,14:20,1,2,2,8,2,68112,M,"47,9035160","7,2221430",68
202000001020,20,12,1,07:40,2,2,1,1,1,58227,M,"47,5346030","3,0370010",58
202000001021,20,11,30,06:30,3,1,1,8,7,44129,M,"47,4457150"," -2,0868230",44
202000001022,20,11,30,17:15,1,2,2,1,1,33290,M,"44,9303010"," -0,1335040",33
202000001023,20,11,30,10:00,1,1,1,2,7,69248,M,"46,0628390","4,3311450",69
202000001024,20,11,28,16:15,1,2,1,1,2,89419,M,"47,7342250","3,2978100",89
202000001025,20,11,30,20:07,3,1,1,2,7,55166,M,"49,0899720","5,3944160",55
202000001026,20,12,1,07:00,2,1,1,4,1,25489,M,"47,0101670","6,1367820",25
202000001027,20,11,29,20:45,3,1,2,1,3,35133,M,"48,1542030"," -2,0138760",35
202000001028,20,12,1,09:30,1,2,2,1,-1,31135,M,"43,2054180","1,0852270",31
202000001029,20,11,30,22:25,3,1,1,1,6,58250,M,"46,8545710","3,4562950",58
202000001030,20,11,28,10:20,1,2,1,7,3,72172,M,"48,0694380","0,5876180",72
202000001031,20,12,1,07:15,3,1,1,1,7,14472,M,"48,9569960","0,0497390",14
202000001032,20,12,1,09:00,2,2,3,1,6,50412,M,"49,3349600"," -1,6948990",50
202000001033,20,12,1,11:43,1,1,1,1,2,50410,M,"48,5702110"," -1,4647010",50
202000001034,20,12,1,09:15,1,1,1,1,7,60497,M,"49,4949880","2,3237800",60
202000001035,20,11,30,15:50,2,2,1,1,6,36037,M,"46,9411850","1,8018010",36
202000001036,20,11,30,21:30,5,2,9,1,6,24352,M,"45,2525270","0,3488160",24
202000001037,20,11,30,17:15,2,2,1,1,6,04079,M,"44,0852110","6,0251050",04
202000001038,20,11,30,11:50,2,2,1,1,1,28280,M,"48,3216350","0,8181700",28
202000001039,20,11,30,19:20,3,1,1,1,3,28324,M,"48,4849940","1,2892900",28
202000001040,20,12,1,10:50,1,2,7,1,6,17218,M,"46,3114300"," -0,9951100",17
202000001041,20,11,30,01:00,3,1,1,1,6,24035,M,"44,7589690","1,0160850",24
202000001042,20,11,25,08:30,1,1,1,3,-1,98738,P," -17,6184160"," -149,5708030",987
202000001043,20,11,30,17:10,5,1,1,1,3,06088,M,"43,7335540","7,2833990",06
202000001044,20,12,1,08:30,1,1,1,4,7,25320,M,"46,7784790","6,3065810",25
202000001045,20,11,28,16:10,1,2,3,1,1,97422,R," -21,2280590","55,5512130",974
202000001046,20,11,7,18:00,3,1,1,8,-1,97228,A,"14,7480430"," -61,0043230",972
202000001047,20,11,30,17:30,2,1,3,1,1,33085,M,"44,7693200"," -0,4466200",33
202000001048,20,11,23,19:25,3,2,1,1,1,84092,M,"43,9527220","4,8669810",84
202000001049,20,11,30,17:55,3,1,1,1,2,13107,M,"43,4257220","5,4447620",13
202000001050,20,11,30,08:30,2,2,3,1,3,89257,M,"47,9567840","3,5050520",89
202000001051,20,11,30,17:15,2,1,2,1,3,73068,M,"45,5621710","6,2059240",73
202000001052,20,11,30,08:00,1,1,1,1,7,44201,M,"47,3266720"," -1,5371310",44
202000001053,20,11,28,10:19,1,2,1,1,6,01224,M,"45,7747370","5,2065160",01
202000001054,20,12,1,17:35,3,1,1,1,4,17395,M,"45,7254460"," -0,5027320",17
202000001055,20,11,27,14:38,1,2,1,1,6,17240,M,"45,2888860"," -0,4084250",17
202000001056,20,11,27,08:40,1,2,3,1,1,33165,M,"44,8254560"," -0,4376620",33
202000001057,20,11,10,06:35,3,1,2,2,3,44073,M,"47,4275170"," -1,6022980",44
202000001058,20,12,1,17:15,3,1,1,1,7,27279,M,"49,1175870","1,6000400",27
202000001059,20,12,1,07:20,2,1,1,2,1,59471,M,"50,3191340","3,5672520",59
202000001060,20,11,30,16:10,1,1,1,1,6,13005,M,"43,2845300","5,5722800",13
202000001061,20,11,30,10:00,1,1,1,1,7,13056,M,"43,3969405","5,0710702",13
202000001062,20,11,30,07:40,3,1,1,1,2,33448,M,"44,7003900"," -0,5017200",33
202000001063,20,11,30,12:25,1,1,1,1,7,91235,M,"48,6242000","2,3670000",91
202000001064,20,11,30,07:55,3,1,1,1,3,91553,M,"48,6285000","2,4804000",91
202000001065,20,11,30,06:25,3,1,1,1,7,91064,M,"48,7490000","2,1857000",91
202000001066,20,11,30,17:40,5,1,1,1,4,92050,M,"48,9052190","2,2087560",92
202000001067,20,11,30,12:15,1,1,1,1,2,92064,M,"48,8395693","2,2020815",92
202000001068,20,2,25,13:50,1,1,2,2,4,50602,M,"49,6351300"," -1,5863800",50
202000001069,20,3,5,05:52,3,2,1,3,4,49007,M,"47,4877200"," -0,5410900",49
202000001070,20,3,5,13:55,1,2,1,3,7,49267,M,"47,4664100"," -0,5159400",49
202000001071,20,3,2,14:57,1,2,1,1,7,49007,M,"47,4861700"," -0,5298500",49
202000001072,20,3,6,07:30,2,2,6,7,3,45234,M,"47,9277000","1,9377300",45
202000001073,20,3,5,13:05,1,2,1,1,6,44184,M,"47,2565040"," -2,2582500",44
202000001074,20,3,5,12:20,1,1,2,2,3,44184,M,"47,2814810"," -2,2288160",44
202000001075,20,3,5,20:40,5,2,1,2,-1,38563,M,"45,3652900","5,5909400",38
202000001076,20,3,6,16:25,1,2,1,1,4,37261,M,"47,3743879","0,7043285",37
202000001077,20,3,6,16:29,1,2,1,2,7,35238,M,"48,1099800"," -1,6550700",35
202000001078,20,3,6,07:55,1,2,1,2,3,35238,M,"48,1233800"," -1,6395800",35
202000001079,20,3,6,05:20,5,2,1,8,6,35238,M,"48,0946500"," -1,6497700",35
202000001080,20,3,6,06:15,1,2,1,1,3,35238,M,"48,0922000"," -1,6286200",35
202000001081,20,3,6,01:45,5,2,1,1,2,35238,M,"48,1182300"," -1,6709000",35
202000001082,20,1,8,09:30,1,2,2,2,6,35238,M,"48,1086159"," -1,6929775",35
202000001083,20,3,4,23:10,5,2,5,1,2,34172,M,"43,5969500","3,8805700",34
202000001084,20,3,6,09:50,1,2,1,3,2,33063,M,"44,8732900"," -0,5606800",33
202000001085,20,3,6,08:55,1,1,1,2,5,31555,M,"43,5931400","1,3983100",31
202000001086,20,3,5,16:00,1,2,1,2,3,31149,M,"43,6210400","1,3302300",31
202000001087,20,3,4,14:45,1,1,1,2,6,31555,M,"43,5579000","1,4946100",31
202000001088,20,3,6,08:45,1,1,1,2,6,29051,M,"47,9953000"," -4,0332800",29
202000001089,20,3,5,17:10,1,1,1,1,2,29232,M,"48,0129700"," -4,0760000",29
202000001090,20,3,6,13:25,1,2,3,1,5,29019,M,"48,4111502"," -4,4996327",29
202000001091,20,3,5,08:15,1,2,6,1,5,29019,M,"48,4138840"," -4,4796002",29
202000001092,20,3,6,11:30,1,2,9,1,2,27681,M,"49,0794700","1,4754800",27
202000001093,20,3,6,18:10,2,1,1,1,1,25634,M,"46,9342800","6,3429200",25
202000001094,20,3,5,13:50,1,2,1,1,7,22278,M,"48,5031000"," -2,7542150",22
202000001095,20,3,6,21:45,5,1,1,1,2,14118,M,"49,1788750"," -0,3888340",14
202000001096,20,3,6,14:45,1,2,1,1,6,14118,M,"49,2026703"," -0,3856617",14
202000001097,20,3,6,09:22,1,2,1,1,2,14167,M,"49,2059600"," -0,2991400",14
202000001098,20,3,6,20:40,5,2,1,1,3,13215,M,"43,3590000","5,3577000",13
202000001099,20,3,6,19:10,5,2,1,1,1,13207,M,"43,2787930","5,3542420",13
202000001100,20,3,6,17:45,1,2,1,1,2,13213,M,"43,3145100","5,4070500",13
202000001101,20,3,7,01:44,5,2,1,1,7,10343,M,"48,2731500","4,0897900",10
202000001102,20,3,6,13:00,1,2,9,1,6,08105,M,"49,7379000","4,7096000",08
202000001103,20,3,6,06:15,5,2,2,1,3,06088,M,"43,7020000","7,2947000",06
202000001104,20,3,6,22:30,5,2,9,1,3,06083,M,"43,7715000","7,4966000",06
202000001105,20,3,6,20:00,5,2,1,1,5,75120,M,"48,8651530","2,4132150",75
202000001106,20,3,6,15:15,1,2,1,1,5,75120,M,"48,8696430","2,4132670",75
202000001107,20,3,6,12:55,1,2,1,8,-1,75120,M,"48,8617120","2,4136970",75
202000001108,20,3,4,18:15,3,2,4,1,6,75118,M,"48,8904350","2,3265870",75
202000001109,20,3,5,20:45,5,2,1,2,3,75106,M,"48,8540310","2,3301890",75
202000001110,20,3,6,16:35,1,2,4,1,3,75120,M,"48,8651150","2,3918690",75
202000001111,20,3,6,14:18,1,2,4,1,6,75120,M,"48,8626930","2,4066700",75
202000001112,20,3,5,13:45,1,2,1,8,3,75120,M,"48,8747390","2,4030730",75
202000001113,20,3,6,22:35,5,2,1,1,3,75119,M,"48,8833960","2,3725750",75
202000001114,20,3,6,14:00,1,2,4,1,5,75118,M,"48,8984620","2,3368640",75
202000001115,20,3,6,08:40,1,2,2,8,6,75117,M,"48,8863220","2,3139710",75
202000001116,20,3,5,15:00,1,2,1,1,3,75116,M,"48,8444610","2,2661530",75
202000001117,20,3,6,20:50,5,2,3,1,3,75115,M,"48,8505200","2,3020620",75
202000001118,20,3,6,20:15,5,2,2,1,2,75115,M,"48,8334690","2,2762020",75
202000001119,20,3,6,14:20,1,2,2,1,6,75115,M,"48,8372340","2,2964320",75
202000001120,20,3,6,12:50,1,2,3,1,6,75113,M,"48,8268110","2,3650450",75
202000001121,20,3,6,12:58,1,2,1,8,6,75112,M,"48,8440140","2,3693300",75
202000001122,20,3,5,19:00,5,2,7,3,2,75112,M,"48,8393640","2,3958010",75
202000001123,20,3,6,12:00,1,2,3,1,6,75110,M,"48,8710320","2,3741250",75
202000001124,20,3,6,09:00,1,2,3,1,-1,75110,M,"48,8733964","2,3526469",75
202000001125,20,3,6,02:45,5,2,3,1,-1,75109,M,"48,8807230","2,3402564",75
202000001126,20,3,6,02:15,5,2,2,2,-1,75110,M,"48,8733370","2,3565290",75
202000001127,20,3,6,02:00,5,2,3,2,2,75107,M,"48,8623310","2,3074920",75
202000001128,20,3,5,16:00,1,2,3,2,3,75115,M,"48,8539050","2,2966320",75
202000001129,20,3,5,20:15,5,2,3,2,6,75104,M,"48,8515390","2,3636900",75
202000001130,20,3,6,12:25,1,2,2,1,7,75104,M,"48,8518436","2,3565483",75
202000001131,20,3,5,09:25,1,2,1,2,6,94081,M,"48,7926700","2,3892400",94
202000001132,20,2,26,14:40,1,2,1,1,6,94081,M,"48,7891270","2,4008160",94
202000001133,20,3,6,16:05,1,2,1,1,6,94067,M,"48,8372231","2,4171431",94
202000001134,20,3,6,20:55,5,2,2,1,6,94074,M,"48,7420000","2,4663000",94
202000001135,20,3,3,11:35,1,2,1,1,5,94058,M,"48,8500000","2,5000000",94
202000001136,20,3,6,07:00,1,2,1,8,4,94003,M,"48,8054100","2,3255000",94
202000001137,20,3,6,12:00,1,2,1,1,3,94028,M,"48,7891700","2,4653600",94
202000001138,20,3,6,08:00,1,2,1,8,2,94028,M,"48,7831500","2,4434700",94
202000001139,20,3,6,10:40,1,2,1,1,3,93070,M,"48,9081806","2,3404661",93
202000001140,20,3,6,17:50,1,2,1,1,3,93066,M,"48,9453685","2,3427319",93
202000001141,20,3,6,20:10,5,2,1,1,6,93077,M,"48,8776400","2,5219200",93
202000001142,20,3,6,17:25,1,2,2,1,6,93055,M,"48,9035600","2,3921200",93
202000001143,20,3,6,10:15,1,2,1,1,3,93050,M,"48,8552293","2,5249887",93
202000001144,20,3,5,07:50,2,2,1,2,6,93079,M,"48,9628503","2,3441062",93
202000001145,20,3,3,15:40,1,2,9,1,5,93031,M,"48,9487785","2,3428120",93
202000001146,20,3,6,08:25,1,2,1,1,6,93029,M,"48,9229500","2,4217100",93
202000001147,20,3,6,19:00,5,2,1,8,6,93014,M,"48,9059470","2,5490443",93
202000001148,20,3,6,20:30,5,2,1,1,6,93010,M,"48,8955927","2,4880001",93
202000001149,20,3,6,16:30,1,2,1,1,6,92073,M,"48,8754850","2,2315711",92
202000001150,20,3,6,08:50,1,2,1,1,6,92073,M,"48,8609800","2,2191400",92
202000001151,20,3,6,00:05,5,2,2,2,3,92063,M,"48,8868100","2,1744300",92
202000001152,20,3,5,15:00,1,2,1,2,7,92040,M,"48,8303010","2,2594170",92
202000001153,20,3,5,13:40,1,2,9,1,-1,92040,M,"48,8186500","2,2577700",92
202000001154,20,3,6,07:40,2,2,3,1,-1,92036,M,"48,9224800","2,3230220",92
202000001155,20,3,6,10:05,1,2,1,8,6,92012,M,"48,8374150","2,2480650",92
202000001156,20,3,5,23:30,5,2,9,6,2,92009,M,"48,9194062","2,2763777",92
202000001157,20,3,5,17:00,1,2,1,3,2,92004,M,"48,9170200","2,2875600",92
202000001158,20,3,7,02:20,3,1,1,1,6,10240,M,"48,2771530","3,9062390",10
202000001159,20,3,6,15:35,1,1,1,2,7,44051,M,"47,6917540"," -1,6905530",44
202000001160,20,3,6,11:52,1,1,1,1,2,56199,M,"48,1395160"," -3,6713650",56
202000001161,20,3,3,13:30,1,2,2,1,3,74256,M,"45,9372710","6,6271090",74
202000001162,20,3,6,15:20,1,2,4,4,6,65138,M,"42,8883030"," -0,1159950",65
202000001163,20,3,6,23:00,3,1,1,2,6,32305,M,"43,8227620"," -0,0867530",32
202000001164,20,3,6,15:50,1,1,1,6,5,11261,M,"43,1833530","2,6658900",11
202000001165,20,3,6,02:15,3,1,1,2,2,89481,M,"47,7825901","4,0379203",89
202000001166,20,3,7,10:30,1,1,1,1,7,63110,M,"45,8388321","2,6807147",63
202000001167,20,3,6,22:50,3,1,1,2,1,63040,M,"45,7240080","3,2904050",63
202000001168,20,3,6,18:15,1,1,1,1,5,39081,M,"46,8651660","5,7150230",39
202000001169,20,3,6,22:20,1,1,1,2,6,44079,M,"47,2194080"," -1,3072440",44
202000001170,20,3,5,19:45,1,1,3,2,3,44127,M,"47,0141980"," -1,4402980",44
202000001171,20,3,1,23:40,3,2,1,3,6,29130,M,"48,3751240"," -4,6432940",29
202000001172,20,3,2,23:10,3,1,1,1,2,13036,M,"43,8447180","4,8426210",13
202000001173,20,3,6,18:20,2,1,1,3,1,15221,M,"44,8808820","2,3323000",15
202000001174,20,3,7,08:30,1,2,2,1,-1,06079,M,"43,5408510","6,9361360",06
202000001175,20,3,7,16:45,1,1,1,1,5,05046,M,"44,5791730","6,5113950",05
202000001176,20,3,7,17:00,1,1,1,1,6,45224,M,"48,0829890","2,0540200",45
202000001177,20,3,6,13:15,1,1,3,8,3,45053,M,"47,6081200","2,7763090",45
202000001178,20,3,2,06:30,5,1,1,6,6,64443,M,"43,3576690"," -0,5827690",64
202000001179,20,3,6,17:30,1,1,1,4,6,64259,M,"43,2985650"," -1,2475920",64
202000001180,20,2,29,15:00,1,1,3,2,3,43212,M,"45,3534010","3,9780910",43
202000001181,20,3,7,03:30,3,1,1,1,6,16106,M,"46,0373503","0,6712218",16
202000001182,20,2,7,16:40,2,2,3,1,3,16016,M,"45,9932130","0,6433760",16
202000001183,20,2,20,15:10,1,2,1,1,7,07304,M,"44,3945840","4,3786740",07
202000001184,20,3,7,01:15,3,1,1,1,6,27638,M,"49,2629460","0,9702090",27
202000001185,20,3,6,12:50,1,2,1,1,1,27284,M,"49,2697650","1,7861370",27
202000001186,20,3,7,07:00,2,2,1,1,6,27630,M,"49,1524470","0,7924590",27
202000001187,20,3,7,13:30,1,2,1,1,6,28385,M,"48,4057310","1,1307390",28
202000001188,20,3,6,18:50,2,2,2,1,1,37167,M,"47,5466563","0,5470538",37
202000001189,20,3,7,01:00,3,1,9,1,4,30114,M,"43,8369700","4,0981920",30
202000001190,20,3,6,21:30,3,1,2,1,3,30006,M,"43,6945040","4,1680290",30
202000001191,20,3,6,15:45,1,1,1,1,3,30148,M,"43,8871120","4,0045080",30
202000001192,20,3,6,10:00,1,2,9,1,3,24194,M,"44,8370170","0,3328730",24
202000001193,20,3,6,17:35,1,1,1,4,3,31430,M,"43,1076880","0,6106640",31
202000001194,20,3,7,18:55,3,1,1,1,1,06085,M,"43,6009060","7,0347150",06
202000001195,20,3,6,18:25,3,1,1,3,6,33042,M,"44,4717600"," -0,8239100",33
202000001196,20,2,14,16:50,1,1,1,1,4,86083,M,"46,5110900","0,1512980",86
202000001197,20,3,1,19:00,3,1,1,2,3,60541,M,"49,3044470","2,6857280",60
202000001198,20,2,23,08:00,2,1,1,1,2,78564,M,"48,5211080","1,9081140",78
202000001199,20,3,7,09:30,1,1,1,1,1,98822,C," -20,9372600","165,3538700",988
202000001200,20,3,7,06:45,1,1,1,1,7,98831,C," -20,8393110","164,6128540",988
202000001201,20,3,6,23:15,5,2,1,1,7,77382,M,"48,9042050","2,8799150",77
202000001202,20,3,6,18:45,2,1,1,1,1,34162,M,"43,4786310","3,4621740",34
202000001203,20,3,6,23:30,5,2,9,1,1,84129,M,"44,0099920","4,8690600",84
202000001204,20,3,7,12:50,1,1,1,1,1,83076,M,"43,3538770","5,9134340",83
202000001205,20,3,6,17:55,2,2,1,8,6,25047,M,"47,3518460","6,3564760",25
202000001206,20,3,7,05:55,5,2,2,1,6,71176,M,"46,4831519","3,9855122",71
202000001207,20,3,6,12:30,1,1,1,1,6,21390,M,"47,2837830","4,9785180",21
202000001208,20,3,7,05:30,3,1,1,8,6,03076,M,"46,5809843","3,4437249",03
202000001209,20,3,7,12:55,1,1,1,1,5,74262,M,"46,1313150","6,3127610",74
202000001210,20,3,5,21:20,3,2,1,2,1,38545,M,"45,0457600","5,6624200",38
202000001211,20,2,8,13:21,1,2,3,1,1,26362,M,"44,9547900","4,9261170",26
202000001212,20,3,7,15:30,1,2,6,1,2,69094,M,"45,7411380","4,6909890",69
202000001213,20,3,6,18:20,1,2,1,2,3,69288,M,"45,6905710","5,0376340",69
202000001214,20,3,6,09:45,1,1,1,1,7,61433,M,"48,5342550","0,0571200",61
202000001215,20,3,7,02:00,3,1,1,8,6,50564,M,"49,2616960"," -1,2766300",50
202000001216,20,3,6,16:00,1,2,3,1,3,14762,M,"48,8696480"," -0,8687350",14
202000001217,20,3,6,17:40,1,2,9,1,2,27016,M,"49,2506080","1,4363290",27
202000001218,20,3,6,21:15,3,1,2,1,2,80039,M,"50,0878740","1,4519330",80
202000001219,20,3,6,08:10,1,1,1,1,6,13055,M,"43,3097000","5,4218600",13
202000001220,20,3,5,20:50,3,1,1,8,2,13071,M,"43,4035800","5,3082400",13
202000001221,20,3,5,14:45,1,1,1,3,6,57683,M,"49,2969800","6,1542500",57
202000001222,20,3,6,16:10,1,1,1,3,2,33096,M,"44,8949600"," -0,4978600",33
202000001223,20,3,6,10:20,1,1,1,4,2,33096,M,"44,8989500"," -0,4950200",33
202000001224,20,3,3,08:50,1,1,1,1,4,59350,M,"50,6169600","3,0420250",59