Num_Acc,an,mois,jour,hrmn,lum,agg,int,atm,col,com,gps,lat,long,dep
202000001225,20,3,6,20:00,3,1,1,1,2,91161,M,"48,6967128","2,3160094",91
202000001226,20,3,6,07:13,2,1,1,1,7,91064,M,"48,7502000","2,2051500",91
202000001227,20,3,6,00:40,3,1,1,2,6,91645,M,"48,7599300","2,2676900",91
202000001228,20,2,26,09:15,1,1,1,1,4,91339,M,"48,6254500","2,2625300",91
202000001229,20,3,6,09:35,1,1,1,1,-1,92063,M,"48,8900024","2,1701674",92
202000001230,20,3,6,08:50,1,2,1,1,2,92050,M,"48,9001056","2,2093889",92
202000001231,20,3,6,00:55,3,1,1,2,2,92064,M,"48,8466526","2,2236981",92
202000001232,20,3,5,19:10,5,1,1,2,3,78640,M,"48,7844000","2,2230040",78
202000001233,20,3,5,08:30,1,1,1,2,2,78402,M,"48,9651060","1,8031390",78
202000001234,20,3,6,16:00,1,1,1,1,2,95277,M,"48,9795100","2,4968200",95
202000001235,20,3,6,08:00,1,1,1,1,5,93007,M,"48,9180700","2,4783900",93
202000001236,20,3,5,16:00,1,1,1,3,2,95306,M,"48,9972300","2,1791500",95
202000001237,20,3,5,16:30,1,1,1,2,5,95277,M,"48,9728100","2,4850500",95
202000001238,20,3,5,17:00,1,1,1,2,6,92036,M,"48,9436300","2,2877300",92
202000001239,20,3,5,14:15,1,1,1,2,6,95678,M,"49,0724700","2,2426700",95
202000001240,20,3,4,21:00,3,1,1,2,6,95277,M,"48,9731500","2,4853200",95
202000001241,20,3,5,07:40,1,1,1,2,3,93066,M,"48,9334600","2,3778000",93
202000001242,20,3,4,18:25,2,1,1,2,3,92036,M,"48,9466100","2,2826300",92
202000001243,20,2,25,12:30,1,1,1,1,7,93006,M,"48,8669000","2,4253000",93
202000001244,20,2,24,10:45,1,1,1,1,2,93010,M,"48,8889300","2,4737700",93
202000001245,20,3,6,14:10,1,1,1,1,3,77468,M,"48,8325152","2,6592986",77
202000001246,20,1,4,18:25,5,2,2,1,6,76351,M,"49,4993500","0,0985700",76
202000001247,20,1,1,03:30,5,1,1,5,6,77438,M,"48,8636285","2,6686896",77
202000001248,20,3,6,07:03,2,2,3,7,6,98818,C," -22,2690000","166,4607000",988
202000001249,20,3,5,13:50,1,2,6,1,2,98818,C," -22,2604000","166,4446500",988
202000001250,20,3,5,23:30,5,2,7,1,3,69383,M,"45,7432242","4,8791555",69
202000001251,20,3,5,15:20,1,2,2,2,3,69383,M,"45,7544800","4,8518200",69
202000001252,20,2,19,14:50,1,2,1,1,6,69387,M,"45,7504717","4,8450170",69
202000001253,20,3,5,05:10,5,2,2,2,-1,69383,M,"45,7538800","4,8875300",69
202000001254,20,2,26,13:00,1,2,2,1,3,69259,M,"45,7182100","4,8593800",69
202000001255,20,3,5,13:55,1,2,1,3,1,91286,M,"48,6508900","2,3870000",91
202000001256,20,3,5,20:20,5,2,9,3,2,91114,M,"48,6821600","2,4916600",91
202000001257,20,2,15,18:45,2,1,1,1,5,89127,M,"48,2360800","3,2517400",89
202000001258,20,3,5,21:00,5,2,3,8,3,83137,M,"43,1209100","5,9442200",83
202000001259,20,3,4,21:00,5,2,2,2,3,80021,M,"49,9034500","2,2870300",80
202000001260,20,3,4,10:30,1,2,1,1,3,80021,M,"49,9068200","2,2678600",80
202000001261,20,3,4,21:00,5,2,1,3,6,76212,M,"49,4423900","1,1467300",76
202000001262,20,5,21,19:50,1,2,1,1,2,80338,M,"49,8990750","2,4964340",80
202000001263,20,5,21,20:25,2,2,1,1,6,33011,M,"44,7618260"," -1,1325900",33
202000001264,20,5,21,14:46,1,1,3,1,6,11055,M,"42,8961080","2,3123270",11
202000001265,20,5,21,14:40,1,1,1,1,7,11021,M,"42,8104630","2,2595510",11
202000001266,20,5,21,17:19,1,2,4,1,3,71065,M,"46,4291666","4,5413922",71
202000001267,20,5,21,22:20,3,1,3,1,6,49368,M,"47,3852860","0,0154440",49
202000001268,20,5,13,21:45,3,1,1,1,6,46096,M,"44,7669220","1,9319200",46
202000001269,20,5,21,19:50,1,1,1,1,3,34150,M,"43,3281120","3,5574460",34
202000001270,20,5,19,07:10,1,2,1,1,3,68042,M,"47,6051410","7,4941270",68
202000001271,20,5,20,12:00,1,1,1,1,7,68168,M,"47,5687370","7,4142270",68
202000001272,20,5,21,18:00,1,1,2,7,3,44061,M,"47,2276520"," -1,9308690",44
202000001273,20,5,20,19:00,1,1,1,1,3,44056,M,"47,4172107"," -1,8089725",44
202000001274,20,5,22,17:30,1,2,1,1,6,65398,M,"42,9589600","0,6328550",65
202000001275,20,5,21,18:00,1,2,2,1,3,31424,M,"43,5792950","1,2853250",31
202000001276,20,5,20,20:15,2,1,1,7,1,31090,M,"43,7645687","1,0021064",31
202000001277,20,5,19,15:15,1,2,1,1,7,70343,M,"47,7807650","6,1342820",70
202000001278,20,5,22,11:45,1,1,1,1,3,06079,M,"43,5571830","6,9529890",06
202000001279,20,5,21,16:09,1,1,9,1,3,14456,M,"49,1221820"," -0,1300460",14
202000001280,20,5,22,11:30,1,1,1,1,7,05004,M,"44,6317760","6,2054780",05
202000001281,20,5,22,01:50,3,1,1,1,1,50450,M,"48,6884170"," -0,9598900",50
202000001282,20,5,21,12:30,1,1,1,1,6,50582,M,"48,6967390"," -0,8581080",50
202000001283,20,5,21,18:30,1,1,1,1,7,04208,M,"43,9953460","5,5281400",04
202000001284,20,5,22,10:00,1,1,1,1,7,85127,M,"46,4342400"," -1,5044900",85
202000001285,20,5,21,19:15,1,1,2,7,3,87154,M,"45,9129480","0,8998810",87
202000001286,20,5,22,10:50,1,1,1,1,1,37132,M,"47,1347940","0,9752228",37
202000001287,20,5,22,11:00,1,1,1,1,1,30094,M,"44,0736500","3,9654420",30
202000001288,20,5,17,08:05,1,1,1,1,7,30197,M,"44,1400100","4,2000700",30
202000001289,20,5,21,17:20,1,2,1,1,3,08463,M,"49,4830880","4,9931470",08
202000001290,20,5,19,17:00,1,1,1,1,2,97415,R," -21,0209900","55,2338670",974
202000001291,20,5,22,12:00,1,1,9,7,3,91338,M,"48,6377250","2,0618450",91
202000001292,20,5,21,19:30,1,1,1,1,7,78564,M,"48,5192760","1,9449020",78
202000001293,20,5,22,13:35,1,2,1,1,3,13007,M,"43,3675440","5,6455990",13
202000001294,20,5,22,04:35,5,2,2,1,6,42094,M,"45,7443551","4,2309685",42
202000001295,20,5,17,17:00,1,1,1,1,6,26163,M,"44,8888520","5,1350570",26
202000001296,20,5,21,17:19,1,1,1,1,3,69270,M,"45,6464970","4,9275930",69
202000001297,20,5,22,16:45,1,2,1,1,2,81105,M,"43,7606840","1,9729900",81
202000001298,20,5,21,18:55,1,2,3,1,1,64510,M,"43,5407250"," -0,6832340",64
202000001299,20,5,21,17:15,1,1,1,1,6,85300,M,"46,6898800"," -1,5715600",85
202000001300,20,5,20,10:10,1,1,1,1,7,56176,M,"47,6805660"," -2,9353780",56
202000001301,20,5,22,11:15,1,2,4,1,6,60628,M,"49,4242810","2,1324050",60
202000001302,20,5,20,21:10,5,1,1,1,2,13202,M,"43,3071287","5,3659258",13
202000001303,20,5,19,17:44,1,1,1,1,5,69283,M,"45,6721000","4,9412000",69
202000001304,20,5,20,22:30,4,1,1,1,2,91161,M,"48,7063800","2,3061800",91
202000001305,20,5,21,10:00,1,1,1,1,7,78545,M,"48,8090040","2,0543550",78
202000001306,20,5,21,15:48,1,1,1,1,6,94073,M,"48,7571095","2,3838957",94
202000001307,20,2,24,09:33,1,2,3,8,3,72181,M,"47,9946700","0,2005600",72
202000001308,20,3,11,07:45,1,2,2,1,3,61001,M,"48,4353050","0,0915830",61
202000001309,20,5,20,22:40,5,2,1,2,6,97409,R," -20,9324100","55,6462100",974
202000001310,20,5,17,12:05,1,2,1,1,1,97409,R," -20,9679400","55,6664600",974
202000001311,20,5,20,19:20,5,2,1,1,7,97407,R," -20,9397900","55,3041900",974
202000001312,20,5,20,18:15,3,1,6,1,3,97407,R," -20,9560000","55,3112000",974
202000001313,20,5,20,17:59,1,2,9,1,2,69386,M,"45,7781855","4,8445338",69
202000001314,20,5,20,11:20,1,2,1,1,7,69386,M,"45,7690510","4,8449723",69
202000001315,20,5,20,08:15,1,2,2,1,-1,69388,M,"45,7390400","4,8665700",69
202000001316,20,5,20,14:56,1,1,1,1,4,97213,A,"14,6253990"," -60,9793220",972
202000001317,20,5,20,14:55,1,2,1,2,1,97209,A,"14,6413000"," -61,0716800",972
202000001318,20,5,20,18:45,1,2,2,1,1,69386,M,"45,7725100","4,8430400",69
202000001319,20,5,20,15:00,1,2,1,1,4,69389,M,"45,7749300","4,8079800",69
202000001320,20,5,20,13:05,1,2,2,1,6,69389,M,"45,7880000","4,8089000",69
202000001321,20,5,20,12:30,1,2,3,1,3,69142,M,"45,7246434","4,8170441",69
202000001322,20,5,19,10:20,1,2,6,1,6,91471,M,"48,7006100","2,1939300",91
202000001323,20,5,20,07:15,1,2,3,1,3,91691,M,"48,7126900","2,4672600",91
202000001324,20,5,19,09:00,1,2,3,1,3,91457,M,"48,5911700","2,2579600",91
202000001325,20,5,18,08:30,1,2,1,1,3,91425,M,"48,6445400","2,2700500",91
202000001326,20,5,20,14:15,1,2,1,1,6,90010,M,"47,6409800","6,8591300",90
202000001327,20,5,18,15:15,1,2,2,1,3,89387,M,"48,2049711","3,2849317",89
202000001328,20,5,14,07:10,1,2,1,1,1,89387,M,"48,2047400","3,3202000",89
202000001329,20,5,19,18:55,1,2,2,1,4,88209,M,"48,1944000","6,4194000",88
202000001330,20,5,20,11:20,1,2,1,1,3,87085,M,"45,8321400","1,2613800",87
202000001331,20,5,12,11:40,1,2,3,1,6,83129,M,"43,1143900","5,8113200",83
202000001332,20,5,19,12:30,1,2,2,1,3,82121,M,"43,9866700","1,3337800",82
202000001333,20,5,18,16:45,1,1,3,1,3,82121,M,"44,0629169","1,3612328",82
202000001334,20,5,19,21:20,1,2,1,1,6,80021,M,"49,8758000","2,3192900",80
202000001335,20,5,19,14:25,1,2,1,1,-1,80021,M,"49,8734200","2,2904500",80
202000001336,20,5,19,12:45,1,2,1,1,6,80021,M,"49,9033800","2,2748300",80
202000001337,20,5,20,20:30,1,2,1,1,7,77373,M,"48,7749430","2,6063780",77
202000001338,20,5,19,03:50,1,2,2,1,3,77258,M,"48,8363250","2,6453270",77
202000001339,20,5,19,15:35,1,2,1,7,6,76540,M,"49,4380700","1,0831600",76
202000001340,20,5,16,18:30,1,2,2,1,6,76681,M,"49,4140200","1,0842100",76
202000001341,20,5,19,17:25,1,2,2,1,3,71306,M,"46,6594159","4,3591556",71
202000001342,20,5,19,18:10,1,2,1,7,1,71153,M,"46,8144912","4,4295985",71
202000001343,20,5,19,15:55,1,2,9,1,1,71540,M,"46,7882147","4,4460672",71
202000001344,20,5,20,11:40,1,2,1,1,6,69266,M,"45,7590900","4,8889900",69
202000001345,20,5,19,23:45,4,1,1,1,1,69271,M,"45,7417200","4,9452500",69
202000001346,20,5,18,20:44,1,2,1,1,6,69115,M,"45,9766477","4,7030255",69
202000001347,20,5,20,19:17,1,2,1,1,3,68224,M,"47,7397200","7,2947900",68
202000001348,20,5,19,17:00,1,2,1,1,2,67482,M,"48,5975038","7,7907637",67
202000001349,20,5,19,13:55,1,2,3,1,3,67482,M,"48,6023720","7,7084710",67
202000001350,20,5,19,20:20,1,2,1,1,3,66136,M,"42,7028700","2,8933700",66
202000001351,20,5,20,13:08,1,2,6,1,3,64102,M,"43,5018900"," -1,4787900",64
202000001352,20,5,20,12:58,1,2,1,1,7,64024,M,"43,5167600"," -1,5012300",64
202000001353,20,5,19,07:20,1,2,2,1,5,63113,M,"45,8096595","3,1094325",63
202000001354,20,5,7,10:40,1,2,6,1,3,62160,M,"50,7182042","1,6120237",62
202000001355,20,5,20,17:38,1,2,6,1,3,61397,M,"48,4215800","0,0797800",61
202000001356,20,5,20,12:40,1,2,5,1,3,59350,M,"50,6240540","3,0805970",59
202000001357,20,5,17,18:00,1,2,9,1,3,59378,M,"50,6795560","3,1144026",59
202000001358,20,5,19,19:30,1,2,3,1,3,54395,M,"48,7058300","6,1734000",54
202000001359,20,5,20,13:55,1,1,1,1,1,50502,M,"49,1319960"," -1,0671820",50
202000001360,20,5,18,14:20,1,2,2,7,1,50502,M,"49,1111000"," -1,0901000",50
202000001361,20,5,20,09:40,1,2,1,7,3,50218,M,"48,8379400"," -1,5755000",50
202000001362,20,5,19,15:10,1,2,1,1,3,49328,M,"47,2700700"," -0,0750900",49
202000001363,20,5,20,09:33,1,2,3,1,3,45147,M,"47,9344500","1,9054700",45
202000001364,20,5,20,17:00,1,2,1,1,3,44109,M,"47,2409200"," -1,5107800",44
202000001365,20,5,20,01:55,5,2,1,1,1,38185,M,"45,1646000","5,7104000",38
202000001366,20,5,20,19:10,1,2,1,1,6,37233,M,"47,3861517","0,7529175",37
202000001367,20,5,20,17:45,1,2,1,1,1,37122,M,"47,3378294","0,6588950",37
202000001368,20,5,20,13:45,1,2,1,1,2,37261,M,"47,4251203","0,7015685",37
202000001369,20,5,20,07:30,1,2,1,1,-1,37233,M,"47,3789438","0,7210638",37
202000001370,20,5,19,12:22,1,2,1,1,2,37214,M,"47,4281781","0,6516978",37
202000001371,20,5,19,15:15,1,2,9,1,-1,37122,M,"47,3541880","0,6639628",37
202000001372,20,5,19,16:25,1,2,9,1,6,37261,M,"47,4025831","0,7114184",37
202000001373,20,5,20,11:55,1,2,3,1,3,35238,M,"48,1265900"," -1,6627700",35
202000001374,20,5,16,21:45,5,2,1,1,6,35238,M,"48,0910600"," -1,6748800",35
202000001375,20,5,20,14:00,1,2,1,1,1,34172,M,"43,5750890","3,8587030",34
202000001376,20,5,20,18:45,1,2,1,1,6,33192,M,"44,7827000"," -0,5984000",33
202000001377,20,5,20,17:00,1,2,1,1,3,33013,M,"44,8566600"," -0,4910900",33
202000001378,20,5,20,10:20,1,2,2,1,1,33318,M,"44,8091000"," -0,6328400",33
202000001379,20,5,20,07:40,1,1,1,1,3,33162,M,"44,8929500"," -0,6669000",33
202000001380,20,5,7,17:45,1,2,3,1,1,33063,M,"44,8566100"," -0,5827800",33
202000001381,20,5,19,20:05,1,1,1,1,5,31555,M,"43,6491300","1,4343100",31
202000001382,20,5,20,13:10,1,2,4,1,6,30189,M,"43,8360300","4,3564300",30
202000001383,20,5,20,07:45,1,2,1,1,6,30007,M,"44,1237350","4,0810350",30
202000001384,20,5,20,16:59,1,1,1,7,6,29039,M,"47,8764600"," -3,8902100",29
202000001385,20,5,20,08:30,1,2,1,1,3,29019,M,"48,3801554"," -4,5270558",29
202000001386,20,5,20,08:45,1,2,1,1,2,29019,M,"48,3980009"," -4,4917313",29
202000001387,20,5,19,14:30,1,2,1,1,3,22278,M,"48,5059000"," -2,7746000",22
202000001388,20,5,20,15:20,1,2,1,1,7,17200,M,"46,1786700"," -1,1675400",17
202000001389,20,5,20,11:40,1,2,2,1,3,17300,M,"46,1714200"," -1,1769800",17
202000001390,20,5,20,13:55,1,2,2,7,3,15014,M,"44,9326300","2,4491800",15
202000001391,20,5,20,17:15,1,1,2,7,5,14699,M,"49,3511300","0,0929300",14
202000001392,20,5,21,00:30,5,2,1,1,6,13208,M,"43,2577780","5,3761510",13
202000001393,20,5,20,19:20,2,2,1,1,1,12202,M,"44,3444100","2,5733900",12
202000001394,20,5,19,08:25,1,2,4,1,6,12202,M,"44,3448600","2,5661200",12
202000001395,20,5,18,09:35,1,2,1,1,6,12202,M,"44,3496300","2,5751100",12
202000001396,20,5,15,10:00,1,2,1,1,6,06029,M,"43,5670200","6,9662000",06
202000001397,20,5,20,21:47,5,2,1,1,3,06004,M,"43,5764000","7,0974000",06
202000001398,20,5,10,21:00,2,2,3,1,3,01283,M,"46,2561600","5,6597600",01
202000001399,20,5,20,18:40,1,2,1,1,2,75113,M,"48,8230400","2,3812350",75
202000001400,20,5,20,07:40,1,2,1,1,4,75119,M,"48,9004790","2,3752800",75
202000001401,20,5,19,23:37,5,2,1,1,6,75113,M,"48,8174160","2,3546740",75
202000001402,20,5,20,20:00,1,2,7,1,6,75105,M,"48,8393990","2,3501730",75
202000001403,20,5,20,11:00,1,2,2,1,6,75105,M,"48,8495810","2,3449100",75
202000001404,20,5,19,22:45,5,2,3,1,3,75105,M,"48,8392490","2,3383510",75
202000001405,20,5,20,18:20,1,2,1,1,2,75112,M,"48,8479500","2,4006980",75
202000001406,20,5,20,18:35,1,2,1,1,2,75119,M,"48,8774950","2,3918970",75
202000001407,20,5,20,16:45,1,2,1,1,3,75119,M,"48,8894960","2,3811310",75
202000001408,20,5,20,17:05,1,2,1,1,6,75119,M,"48,8988720","2,3793240",75
202000001409,20,5,20,13:20,1,2,1,1,6,75118,M,"48,8885160","2,3606270",75
202000001410,20,5,20,14:50,1,2,2,1,3,75117,M,"48,8842550","2,3026880",75
202000001411,20,5,19,12:25,1,2,7,1,5,75116,M,"48,8771530","2,2832780",75
202000001412,20,5,17,13:45,1,2,7,1,3,75116,M,"48,8737330","2,2940710",75
202000001413,20,9,20,05:55,3,1,1,1,6,93066,M,"48,9289705","2,3601722",93
202000001414,20,9,20,00:30,3,1,1,1,2,95582,M,"48,9669700","2,2547400",95
202000001415,20,9,19,19:20,2,1,1,3,4,95572,M,"49,0334200","2,1053300",95
202000001416,20,9,20,17:20,1,1,1,1,3,94028,M,"48,7916209","2,4409774",94
202000001417,20,9,20,14:55,1,1,1,1,7,77059,M,"48,8405776","2,6637615",77
202000001418,20,9,20,05:35,3,1,1,1,7,77468,M,"48,8324869","2,6630188",77
202000001419,20,9,20,05:30,3,1,1,1,-1,77384,M,"48,6046300","2,6336800",77
202000001420,20,9,19,06:30,3,1,1,1,-1,77517,M,"48,9031392","2,6475279",77
202000001421,20,9,19,16:00,1,2,1,1,4,97411,R," -20,8830000","55,4454000",974
202000001422,20,9,19,11:05,1,1,9,1,3,97416,R," -21,3250000","55,4463000",974
202000001423,20,9,18,20:20,5,2,2,1,6,69383,M,"45,7602500","4,8466700",69
202000001424,20,9,19,14:40,1,2,2,1,7,97120,A,"16,2409800"," -61,5352100",971
202000001425,20,9,19,17:45,1,2,3,1,2,91687,M,"48,6716600","2,3719600",91
202000001426,20,9,19,22:10,5,2,2,9,3,91657,M,"48,6971300","2,4408000",91
202000001427,20,9,19,14:00,1,1,1,1,3,83062,M,"43,1416400","6,0300000",83
202000001428,20,9,18,15:05,1,2,1,1,6,83129,M,"43,1099000","5,8128100",83
202000001429,20,9,11,08:15,1,2,9,1,3,83129,M,"43,0951750","5,8447600",83
202000001430,20,9,18,17:40,1,1,1,1,-1,77215,M,"48,7353300","2,7489900",77
202000001431,20,9,19,00:40,5,2,1,1,3,76540,M,"49,4516700","1,0695400",76
202000001432,20,9,18,14:00,1,2,1,1,2,76540,M,"49,4368600","1,1271900",76
202000001433,20,9,18,11:35,1,2,1,1,3,74305,M,"46,2056800","6,2804700",74
202000001434,20,9,19,22:00,5,2,2,1,3,69266,M,"45,7752200","4,8802400",69
202000001435,20,9,19,21:10,5,2,1,1,6,69266,M,"45,7639087","4,9103341",69
202000001436,20,9,18,17:45,1,2,2,1,3,69290,M,"45,6972300","4,9361100",69
202000001437,20,9,19,13:15,1,2,1,1,6,69256,M,"45,7869900","4,9315900",69
202000001438,20,9,19,13:55,1,2,1,1,7,64140,M,"43,5178100"," -1,4648400",64
202000001439,20,9,19,17:05,1,2,1,1,3,59512,M,"50,7022200","3,1608600",59
202000001440,20,9,19,13:00,1,2,1,1,3,51454,M,"49,2576050","4,0277438",51
202000001441,20,9,18,17:05,1,2,2,1,3,51108,M,"48,9542840","4,3508828",51
202000001442,20,9,19,12:50,1,2,6,2,1,44162,M,"47,2113200"," -1,6173500",44
202000001443,20,9,20,00:20,5,2,2,1,2,38169,M,"45,1924400","5,6984400",38
202000001444,20,9,18,18:38,1,2,8,1,-1,33522,M,"44,8156200"," -0,5866400",33
202000001445,20,9,17,16:45,1,2,3,1,2,28085,M,"48,4503000","1,5092300",28
202000001446,20,9,19,16:30,1,2,1,1,2,17333,M,"45,5975800"," -0,9925600",17
202000001447,20,9,18,18:50,1,2,1,1,3,17306,M,"45,6190300"," -1,0305700",17
202000001448,20,9,18,08:15,1,2,1,1,3,14715,M,"49,3648100","0,0824100",14
202000001449,20,9,19,20:20,5,2,1,1,-1,13214,M,"43,3300000","5,3820000",13
202000001450,20,9,19,12:10,1,2,1,1,6,13205,M,"43,2947150","5,3954620",13
202000001451,20,9,18,11:50,1,2,1,1,2,10387,M,"48,2925640","4,0741280",10
202000001452,20,9,19,13:45,1,2,1,1,4,75119,M,"48,9003340","2,3807850",75
202000001453,20,9,19,14:08,1,2,1,1,3,75117,M,"48,9000500","2,3208840",75
202000001454,20,9,18,23:55,5,2,4,1,3,75105,M,"48,8431860","2,3641580",75
202000001455,20,9,18,17:50,1,2,2,1,3,75105,M,"48,8489040","2,3474710",75
202000001456,20,9,19,02:45,5,2,7,1,3,75120,M,"48,8539120","2,4130030",75
202000001457,20,9,19,17:00,1,2,4,1,7,75119,M,"48,8897230","2,3966720",75
202000001458,20,9,19,19:55,5,2,3,1,5,75118,M,"48,8908700","2,3532600",75
202000001459,20,9,19,19:40,5,2,2,3,7,75117,M,"48,8915110","2,3203290",75
202000001460,20,9,19,16:15,1,2,1,1,3,75116,M,"48,8385680","2,2526830",75
202000001461,20,9,19,02:35,5,2,3,1,2,75116,M,"48,8558260","2,2852470",75
202000001462,20,9,19,22:00,5,2,1,1,2,75113,M,"48,8298910","2,3561210",75
202000001463,20,9,19,16:00,1,2,1,1,6,75111,M,"48,8484400","2,3978140",75
202000001464,20,9,19,03:35,5,2,7,1,6,75107,M,"48,8557210","2,2976780",75
202000001465,20,9,18,12:20,1,2,2,1,2,75107,M,"48,8556040","2,3268640",75
202000001466,20,9,19,18:15,1,2,3,2,3,94081,M,"48,7879200","2,4207500",94
202000001467,20,9,18,23:40,5,2,1,1,2,94080,M,"48,8416000","2,4298000",94
202000001468,20,9,19,15:30,1,2,2,1,3,94068,M,"48,7890801","2,4860622",94
202000001469,20,9,19,13:00,1,2,2,1,3,94068,M,"48,8023370","2,4890620",94
202000001470,20,9,19,20:00,5,2,1,3,6,94016,M,"48,7926900","2,3330400",94
202000001471,20,9,19,16:20,1,2,2,1,5,94076,M,"48,7844200","2,3622100",94
202000001472,20,9,19,21:25,5,2,2,2,7,94041,M,"48,8148240","2,3746400",94
202000001473,20,9,18,23:15,5,2,3,1,1,94041,M,"48,8105010","2,3759500",94
202000001474,20,9,19,20:30,5,2,1,1,2,94017,M,"48,8169900","2,5463820",94
202000001475,20,9,19,17:10,1,2,5,1,3,94002,M,"48,7982300","2,4204900",94
202000001476,20,9,19,04:15,5,2,1,1,2,93053,M,"48,9004000","2,4524000",93
202000001477,20,9,19,13:30,1,2,9,1,7,93051,M,"48,8292667","2,5663794",93
202000001478,20,9,19,19:45,1,2,2,1,3,93049,M,"48,8614900","2,5040000",93
202000001479,20,9,18,22:00,5,2,5,1,3,93049,M,"48,8524500","2,5118100",93
202000001480,20,9,19,18:00,1,2,2,1,1,93029,M,"48,9250951","2,4412935",93
202000001481,20,9,19,19:15,2,2,1,3,3,93027,M,"48,9265300","2,4167500",93
202000001482,20,9,19,12:00,1,2,2,1,3,93008,M,"48,9066000","2,4333100",93
202000001483,20,9,19,18:10,1,2,1,1,6,93001,M,"48,9186604","2,3824173",93
202000001484,20,9,19,20:25,5,2,4,2,3,92075,M,"48,8238580","2,2929930",92
202000001485,20,9,19,08:10,1,2,3,1,3,92050,M,"48,8825300","2,2044400",92
202000001486,20,9,19,15:40,1,2,1,1,7,92036,M,"48,9219610","2,3238930",92
202000001487,20,9,19,00:50,5,2,2,1,7,92036,M,"48,9331540","2,2941390",92
202000001488,20,9,19,11:48,1,2,1,1,6,92026,M,"48,8982990","2,2529870",92
202000001489,20,9,19,23:00,5,2,1,2,3,92025,M,"48,9198200","2,2423980",92
202000001490,20,9,19,03:00,5,2,1,1,7,92012,M,"48,8513676","2,2331429",92
202000001491,20,9,20,15:45,1,1,1,1,2,22274,M,"48,3579933"," -2,0067805",22
202000001492,20,9,19,16:30,1,2,2,1,7,51649,M,"48,7265254","4,5834177",51
202000001493,20,9,19,18:30,1,2,1,1,6,95229,M,"49,0323690","2,3586090",95
202000001494,20,8,4,17:58,1,1,8,1,3,22049,M,"48,5258754"," -2,1923639",22
202000001495,20,9,17,18:30,1,1,1,1,2,34243,M,"43,9175570","3,7806700",34
202000001496,20,9,19,13:20,1,1,1,1,6,18241,M,"47,3180540","2,8100110",18
202000001497,20,9,20,00:15,3,1,1,5,6,41046,M,"47,6052770","1,9714460",41
202000001498,20,9,19,17:50,1,1,1,3,7,86236,M,"46,6729960","0,8629390",86
202000001499,20,9,18,17:00,1,2,1,1,3,58086,M,"47,4194350","2,9289450",58
202000001500,20,9,19,17:15,1,1,1,1,2,97413,R," -21,2316890","55,2964870",974
202000001501,20,9,19,13:30,1,1,1,1,7,61264,M,"48,7249580","0,2616980",61
202000001502,20,9,18,16:30,1,1,1,7,5,57527,M,"49,0399780","6,2603620",57
202000001503,20,9,19,13:50,1,2,3,1,3,57617,M,"48,9291360","6,2413390",57
202000001504,20,9,20,15:30,1,1,1,1,3,19019,M,"44,9870210","1,8236230",19
202000001505,20,9,20,02:00,3,1,1,1,6,2B050,M,"42,5533020","8,7897490",2B
202000001506,20,9,19,23:40,5,2,1,1,6,80162,M,"49,8152360","2,6522430",80
202000001507,20,9,19,18:05,1,1,1,1,7,11371,M,"43,2920602","1,7968440",11
202000001508,20,9,20,06:00,3,1,1,5,3,71546,M,"46,3258495","4,5227290",71
202000001509,20,9,19,15:50,1,1,1,1,6,89431,M,"47,5584250","4,1700570",89
202000001510,20,9,19,19:40,2,2,1,1,3,63295,M,"46,0192720","3,3566240",63
202000001511,20,9,20,16:45,1,2,4,1,3,76711,M,"50,0583890","1,3763760",76
202000001512,20,9,19,16:00,1,2,1,1,3,76255,M,"50,0389160","1,4234910",76
202000001513,20,9,18,22:50,3,1,1,1,7,55291,M,"48,6897850","5,3160100",55
202000001514,20,9,20,10:34,1,1,1,1,6,39561,M,"46,4120560","5,7271620",39
202000001515,20,9,19,00:40,5,2,1,1,6,25254,M,"46,8355210","6,4001320",25
202000001516,20,9,19,16:00,1,2,1,1,6,25197,M,"47,2960870","6,2041320",25
202000001517,20,9,19,03:30,3,1,1,1,6,44178,M,"47,0780610"," -1,7477650",44
202000001518,20,8,18,23:50,3,1,1,2,6,29300,M,"47,8751738"," -3,6156201",29
202000001519,20,9,19,21:45,3,1,1,8,7,29056,M,"48,4453870"," -4,3004180",29
202000001520,20,9,19,12:20,1,1,1,1,3,02810,M,"49,2532440","3,0679160",02
202000001521,20,9,20,08:30,1,1,1,8,6,03230,M,"46,1875319","3,5266824",03
202000001522,20,9,19,21:30,3,1,1,1,7,03245,M,"46,6654499","3,6378393",03
202000001523,20,9,19,20:05,2,2,1,1,7,70428,M,"47,6455710","6,1406710",70
202000001524,20,9,15,12:20,1,1,1,1,7,66187,M,"42,8152840","2,5263830",66
202000001525,20,9,20,10:15,1,1,1,1,3,72149,M,"48,0103390"," -0,2259600",72
202000001526,20,9,19,17:00,1,1,1,2,6,14353,M,"49,0797118"," -0,5562467",14
202000001527,20,8,17,19:12,1,2,1,1,1,64235,M,"43,3419411"," -1,0611406",64
202000001528,20,9,20,19:35,1,1,1,1,6,64155,M,"43,1744500"," -1,1838630",64
202000001529,20,9,20,18:00,1,1,1,1,1,64495,M,"43,2973390"," -1,5075300",64
202000001530,20,9,19,20:25,3,1,2,1,3,53036,M,"47,9037320"," -0,5345640",53