Num_Acc,an,mois,jour,hrmn,lum,agg,int,atm,col,com,gps,lat,long,dep
202000001531,20,9,19,09:15,1,1,1,2,7,04204,M,"43,9154986","6,4089462",04
202000001532,20,9,19,18:30,1,2,1,1,6,04079,M,"44,0829240","6,0215730",04
202000001533,20,9,20,06:00,4,2,2,1,3,85307,M,"46,3325900"," -1,3194850",85
202000001534,20,9,20,07:05,2,1,1,1,6,52232,M,"48,2978250","4,9631700",52
202000001535,20,9,19,09:05,1,1,1,1,7,88442,M,"48,0346540","6,7958380",88
202000001536,20,9,20,16:19,1,1,1,1,6,80131,M,"49,8590830","2,3967150",80
202000001537,20,9,19,13:53,1,1,1,1,6,49180,M,"47,3989300"," -0,1167300",49
202000001538,20,9,18,13:30,1,1,1,1,2,40261,M,"43,7215020"," -1,2276420",40
202000001539,20,9,19,12:00,1,2,1,1,1,97309,G,"4,8838870"," -52,2796710",973
202000001540,20,9,19,23:50,5,2,3,1,2,69244,M,"45,7589600","4,7690960",69
202000001541,20,9,20,10:57,1,1,1,1,3,33284,M,"44,6310500"," -0,9160500",33
202000001542,20,9,20,06:15,2,1,1,1,7,51211,M,"49,0772026","4,8295321",51
202000001543,20,9,20,17:15,1,1,1,1,1,83023,M,"43,4173460","6,0629300",83
202000001544,20,9,20,00:15,3,1,1,1,5,97305,G,"5,0696560"," -52,5418140",973
202000001545,20,9,20,02:00,3,1,1,1,5,97305,G,"4,9234760"," -52,3883380",973
202000001546,20,9,11,17:50,1,1,1,1,6,13088,M,"43,3668420","5,2346420",13
202000001547,20,9,20,10:45,1,1,3,1,-1,77257,M,"49,0438180","3,0209180",77
202000001548,20,9,20,13:45,1,2,3,1,3,66180,M,"42,7728340","2,9848370",66
202000001549,20,9,19,20:30,3,1,1,3,6,34311,M,"43,4437900","3,3986590",34
202000001550,20,9,19,15:15,1,1,1,8,3,83138,M,"43,6173740","6,7009570",83
202000001551,20,9,19,18:30,1,2,1,1,6,06157,M,"43,7363930","7,1257080",06
202000001552,20,9,19,16:25,1,1,1,1,3,13081,M,"43,5117250","5,2041510",13
202000001553,20,9,20,11:15,1,1,3,1,6,88078,M,"48,2224890","6,7183540",88
202000001554,20,7,31,17:00,1,1,1,1,2,73258,M,"45,2236870","6,4507880",73
202000001555,20,9,20,01:40,3,1,1,2,6,26085,M,"44,5133240","4,7444310",26
202000001556,20,9,20,15:20,1,2,2,1,3,01255,M,"45,7944590","5,4618090",01
202000001557,20,9,19,23:20,3,1,1,2,6,69110,M,"45,6242130","4,4971150",69
202000001558,20,9,20,17:00,1,2,1,1,5,60612,M,"49,2087310","2,5861000",60
202000001559,20,9,19,21:30,5,1,2,1,3,02495,M,"49,9599310","4,0132710",02
202000001560,20,9,18,07:45,2,1,1,1,2,13015,M,"43,4300400","5,3908000",13
202000001561,20,9,16,11:15,1,1,1,1,2,57672,M,"49,3482000","6,1645000",57
202000001562,20,9,19,19:35,1,1,1,3,4,91182,M,"48,6227000","2,4217000",91
202000001563,20,9,18,23:48,3,1,1,1,2,91136,M,"48,7171700","2,2638500",91
202000001564,20,9,19,20:45,4,1,1,2,4,92050,M,"48,9157716","2,2208185",92
202000001565,20,9,19,18:40,1,1,1,2,7,92036,M,"48,9385824","2,3027274",92
202000001566,20,9,19,02:22,4,1,1,1,2,92050,M,"48,8932900","2,1879900",92
202000001567,20,9,19,02:22,4,1,1,1,6,92050,M,"48,8932900","2,1879900",92
202000001568,20,9,19,02:05,5,1,1,1,6,78158,M,"48,8313100","2,1461000",78
202000001569,20,9,18,19:20,2,1,1,1,-1,93010,M,"48,9056700","2,4721400",93
202000001570,20,9,19,00:05,3,1,1,1,6,95061,M,"49,0682600","2,2533100",95
202000001571,20,9,18,19:20,1,1,1,1,4,95572,M,"49,0319900","2,1155600",95
202000001572,20,9,18,17:50,1,1,1,1,4,93053,M,"48,8838300","2,4693200",93
202000001573,20,9,18,09:30,1,1,1,1,2,93066,M,"48,9223500","2,3584800",93
202000001574,20,9,18,21:00,5,1,1,1,6,75112,M,"48,8257000","2,4647400",75
202000001575,20,7,19,13:30,1,2,3,1,3,64102,M,"43,4907100"," -1,4831400",64
202000001576,20,7,9,14:45,1,1,1,1,7,13002,M,"43,3682300","5,5026600",13
202000001577,20,9,18,09:30,1,2,3,1,-1,97411,R," -20,8879300","55,4534600",974
202000001578,20,9,16,07:40,2,2,1,1,6,97411,R," -20,8870000","55,4830000",974
202000001579,20,8,8,20:14,5,2,9,1,3,97302,G,"4,9182700"," -52,3152208",973
202000001580,20,9,18,15:30,1,2,2,1,3,69388,M,"45,7373262","4,8842138",69
202000001581,20,9,18,14:25,1,2,1,1,3,69199,M,"45,7129000","4,8551000",69
202000001582,20,9,18,13:45,1,2,1,1,6,69387,M,"45,7265090","4,8292087",69
202000001583,20,9,18,13:58,1,2,2,1,7,69387,M,"45,7389415","4,8303968",69
202000001584,20,9,18,12:00,1,2,1,1,3,69388,M,"45,7448500","4,8515500",69
202000001585,20,9,18,09:00,1,2,1,1,3,69259,M,"45,7258500","4,8631400",69
202000001586,20,9,18,08:10,1,2,1,1,2,69384,M,"45,7836025","4,8208180",69
202000001587,20,9,18,05:10,5,2,1,1,7,69081,M,"45,7716800","4,7878700",69
202000001588,20,9,17,11:15,1,2,1,1,6,69034,M,"45,7965233","4,8425862",69
202000001589,20,9,18,16:40,1,2,2,1,6,91687,M,"48,6741000","2,3657100",91
202000001590,20,9,18,11:30,1,2,1,1,3,91286,M,"48,6700400","2,3955600",91
202000001591,20,9,17,18:17,1,2,2,1,3,87085,M,"45,8215000","1,2457000",87
202000001592,20,9,16,11:45,1,1,1,1,7,87048,M,"45,7802300","1,2218500",87
202000001593,20,9,17,10:43,1,2,1,1,3,87085,M,"45,8202400","1,2450400",87
202000001594,20,9,12,23:05,3,2,1,1,6,84087,M,"44,1227000","4,8350000",84
202000001595,20,9,17,09:55,1,1,1,1,3,83050,M,"43,5226687","6,5252084",83
202000001596,20,9,18,13:39,1,2,1,1,3,81065,M,"43,6232268","2,2836610",81
202000001597,20,9,17,08:30,1,2,1,1,2,80021,M,"49,9333100","2,2788500",80
202000001598,20,9,17,22:05,5,2,3,1,1,80021,M,"49,8888200","2,3069700",80
202000001599,20,9,18,19:30,1,2,1,1,3,78498,M,"48,9196670","2,0293530",78
202000001600,20,9,18,18:55,1,2,1,1,6,77294,M,"48,9620910","2,5914100",77
202000001601,20,9,18,13:45,1,2,1,1,6,77468,M,"48,8403400","2,6552700",77
202000001602,20,9,18,12:10,1,1,2,1,3,77269,M,"48,5424800","2,7041100",77
202000001603,20,9,18,15:26,1,1,3,1,1,77237,M,"48,8497500","2,7683830",77
202000001604,20,9,18,14:55,1,1,1,1,6,77186,M,"48,4157896","2,6249502",77
202000001605,20,9,17,15:55,1,2,2,7,3,77186,M,"48,4067293","2,6884689",77
202000001606,20,9,17,14:10,1,2,1,1,3,76108,M,"49,4635400","1,1172000",76
202000001607,20,9,17,17:20,1,2,1,1,-1,76498,M,"49,4274700","1,0667600",76
202000001608,20,9,17,13:10,1,2,1,1,1,76366,M,"49,5107200","1,0329000",76
202000001609,20,9,16,19:50,2,2,3,1,7,76366,M,"49,5101100","1,0315800",76
202000001610,20,6,23,20:20,1,2,3,1,3,45298,M,"47,8847380","1,8783320",45
202000001611,20,6,23,10:40,1,2,2,1,1,45234,M,"47,9141193","1,8957877",45
202000001612,20,3,13,14:44,1,2,1,1,1,42218,M,"45,4090900","4,3782300",42
202000001613,20,6,23,10:45,1,2,1,1,4,35238,M,"48,1071000"," -1,7196000",35
202000001614,20,6,19,17:00,1,2,2,1,3,34032,M,"43,3449000","3,2199600",34
202000001615,20,6,23,13:30,1,2,3,1,1,33069,M,"44,8665946"," -0,5958238",33
202000001616,20,6,20,23:00,3,1,1,1,6,33529,M,"44,4951940"," -1,2358510",33
202000001617,20,6,23,13:33,1,2,1,1,7,32013,M,"43,6626000","0,5888000",32
202000001618,20,6,23,12:00,1,1,4,1,3,31555,M,"43,6529500","1,4292900",31
202000001619,20,6,23,08:08,1,1,9,1,4,31555,M,"43,6063000","1,4061000",31
202000001620,20,6,20,00:30,5,2,3,1,3,31555,M,"43,6043000","1,4743300",31
202000001621,20,6,19,08:20,1,2,1,1,3,30028,M,"44,1555730","4,6166840",30
202000001622,20,6,23,08:00,1,1,3,1,3,28085,M,"48,4630900","1,4727500",28
202000001623,20,6,18,19:00,1,2,1,1,6,27229,M,"49,0291300","1,1690300",27
202000001624,20,6,22,05:20,5,2,2,1,3,24322,M,"45,1837000","0,7244400",24
202000001625,20,6,22,10:38,1,2,2,1,3,23096,M,"46,1756000","1,8745000",23
202000001626,20,6,20,11:41,1,2,3,1,3,21166,M,"47,2995300","5,0156500",21
202000001627,20,6,23,11:25,1,2,1,1,3,17028,M,"46,1394900"," -1,1315400",17
202000001628,20,6,23,19:05,1,2,1,1,3,13211,M,"43,2870000","5,4333000",13
202000001629,20,6,23,16:20,1,2,2,1,3,13206,M,"43,2886400","5,3884100",13
202000001630,20,6,23,09:30,1,2,1,1,6,13213,M,"43,3451040","5,4237160",13
202000001631,20,6,19,11:00,1,2,1,1,3,13212,M,"43,2915380","5,4160890",13
202000001632,20,6,23,09:20,1,2,3,1,6,13209,M,"43,2460920","5,4040440",13
202000001633,20,6,22,06:30,1,2,1,1,7,13210,M,"43,2763260","5,3973100",13
202000001634,20,6,23,22:40,3,1,1,1,3,13047,M,"43,4897000","4,9665000",13
202000001635,20,6,22,18:35,1,2,1,1,6,06069,M,"43,6590600","6,9251700",06
202000001636,20,6,23,20:00,1,2,1,1,6,06004,M,"43,5839000","7,1256800",06
202000001637,20,6,23,09:30,1,2,1,1,3,75119,M,"48,8972130","2,3943540",75
202000001638,20,6,23,14:30,1,2,3,1,6,75113,M,"48,8210140","2,3703360",75
202000001639,20,6,23,11:54,1,2,2,1,2,75120,M,"48,8655190","2,4117080",75
202000001640,20,6,23,11:45,1,2,1,1,3,75120,M,"48,8502660","2,4120930",75
202000001641,20,6,23,06:40,1,2,7,1,7,75120,M,"48,8647580","2,3983360",75
202000001642,20,6,23,16:00,1,2,4,1,3,75118,M,"48,8976770","2,3345890",75
202000001643,20,6,23,11:30,1,2,5,1,3,75118,M,"48,8975450","2,3289600",75
202000001644,20,6,23,11:10,1,2,4,1,3,75116,M,"48,8620170","2,2677670",75
202000001645,20,6,22,08:00,1,2,2,1,6,75116,M,"48,8650460","2,2344530",75
202000001646,20,6,23,15:05,1,2,2,1,3,75115,M,"48,8321270","2,3029810",75
202000001647,20,6,23,08:20,1,2,7,1,2,75115,M,"48,8277770","2,2924260",75
202000001648,20,6,22,18:48,1,2,2,1,3,75115,M,"48,8441840","2,3229010",75
202000001649,20,6,22,19:45,2,2,2,1,3,75115,M,"48,8544180","2,2886720",75
202000001650,20,6,23,14:25,1,2,2,1,6,75113,M,"48,8261860","2,3572600",75
202000001651,20,6,23,08:40,1,2,1,1,7,75112,M,"48,8347080","2,3934540",75
202000001652,20,6,23,20:20,1,2,2,1,3,75111,M,"48,8663430","2,3688530",75
202000001653,20,6,23,11:15,1,2,1,1,6,75111,M,"48,8571750","2,3929510",75
202000001654,20,6,23,15:25,1,2,5,7,3,75110,M,"48,8747930","2,3574310",75
202000001655,20,6,22,10:15,1,2,2,1,3,75104,M,"48,8543440","2,3449120",75
202000001656,20,6,23,21:30,1,2,2,1,3,75108,M,"48,8736920","2,3144690",75
202000001657,20,6,22,23:00,5,2,1,1,6,75108,M,"48,8648780","2,3087600",75
202000001658,20,6,23,16:40,1,2,3,1,3,75115,M,"48,8527990","2,2983580",75
202000001659,20,6,23,12:40,1,2,1,1,6,75107,M,"48,8584680","2,3036680",75
202000001660,20,6,23,16:30,1,2,2,1,6,75101,M,"48,8637290","2,3322400",75
202000001661,20,6,21,14:50,1,2,2,8,3,75102,M,"48,8693290","2,3542570",75
202000001662,20,6,23,10:15,1,2,6,1,3,94068,M,"48,8022000","2,4922900",94
202000001663,20,6,23,08:20,1,2,1,1,6,94046,M,"48,8051000","2,4393080",94
202000001664,20,6,23,11:30,1,2,1,1,7,94037,M,"48,8175000","2,3534000",94
202000001665,20,6,22,20:05,1,2,1,1,6,94043,M,"48,8095600","2,3624100",94
202000001666,20,6,22,09:50,1,2,1,1,3,94041,M,"48,8111000","2,4010000",94
202000001667,20,6,23,19:40,1,1,1,1,3,94054,M,"48,7496344","2,3893052",94
202000001668,20,6,22,18:50,1,2,6,1,3,94019,M,"48,7990310","2,5340390",94
202000001669,20,6,23,07:10,1,2,9,1,3,93059,M,"48,9482000","2,3629000",93
202000001670,20,6,22,14:20,1,2,1,1,-1,93070,M,"48,9045075","2,3296673",93
202000001671,20,6,23,15:30,1,2,1,1,2,93066,M,"48,9430100","2,3873800",93
202000001672,20,6,23,18:30,1,2,1,1,3,93062,M,"48,8963672","2,5148799",93
202000001673,20,6,22,23:45,5,2,1,1,1,93048,M,"48,8556356","2,4225549",93
202000001674,20,6,23,01:25,5,2,1,1,6,93031,M,"48,9595818","2,3037882",93
202000001675,20,6,22,17:30,1,2,6,1,1,93031,M,"48,9616381","2,2949499",93
202000001676,20,6,23,11:15,1,2,3,1,3,93007,M,"48,9407781","2,4631118",93
202000001677,20,6,22,13:40,1,2,3,1,5,93007,M,"48,9269200","2,4721400",93
202000001678,20,6,23,15:20,1,2,1,1,6,93001,M,"48,9167821","2,3798855",93
202000001679,20,6,23,14:48,1,2,2,7,3,92049,M,"48,8181434","2,3084995",92
202000001680,20,6,23,12:00,1,2,3,1,3,92048,M,"48,8189880","2,2425510",92
202000001681,20,6,22,16:50,1,2,1,1,2,92036,M,"48,9183640","2,3071440",92
202000001682,20,6,23,12:50,1,2,2,1,6,92026,M,"48,8959436","2,2489788",92
202000001683,20,6,23,14:20,1,1,1,1,7,2A212,M,"42,2395110","8,6116930",2A
202000001684,20,6,23,18:15,1,1,1,1,6,66190,M,"42,8453880","2,9216770",66
202000001685,20,6,23,19:26,1,1,1,1,5,83023,M,"43,4185770","6,0868550",83
202000001686,20,6,24,07:45,1,1,1,1,1,97404,R," -21,2766430","55,3375610",974
202000001687,20,6,24,13:05,1,1,1,1,6,38383,M,"45,3675800","5,6333500",38
202000001688,20,6,23,13:10,1,1,1,1,7,83031,M,"43,4309510","6,3288650",83
202000001689,20,6,23,07:00,1,1,1,1,6,19031,M,"45,1593240","1,5330560",19
202000001690,20,6,24,09:05,1,1,2,1,6,56017,M,"47,8737960"," -2,7678730",56
202000001691,20,6,24,16:15,1,1,3,1,1,79329,M,"47,0090120"," -0,2575000",79
202000001692,20,6,24,10:26,1,2,1,1,6,80212,M,"49,9074880","2,5148450",80
202000001693,20,6,24,13:00,1,1,1,1,1,61269,M,"48,8429720"," -0,4371140",61
202000001694,20,6,23,17:00,1,1,1,1,7,49345,M,"47,2708711"," -0,5819631",49
202000001695,20,6,10,13:50,1,1,1,8,1,49050,M,"47,2764480"," -0,3807660",49
202000001696,20,6,24,12:45,1,1,3,1,3,34130,M,"43,5209290","3,1889100",34
202000001697,20,6,23,18:10,1,1,2,1,3,22152,M,"48,7663770"," -3,2787700",22
202000001698,20,6,23,18:50,1,1,3,1,3,25329,M,"47,1871790","6,6276580",25
202000001699,20,6,24,09:23,1,2,1,1,6,31451,M,"43,4599450","2,0032330",31
202000001700,20,6,24,19:20,1,2,1,1,3,58095,M,"46,8176600","3,4549970",58
202000001701,20,6,23,13:00,1,1,1,1,2,14230,M,"49,2513390","0,1040560",14
202000001702,20,6,23,15:05,1,2,1,1,2,18197,M,"46,7214100","2,5255140",18
202000001703,20,6,23,16:45,1,1,1,1,6,53226,M,"48,2227450"," -0,9369440",53
202000001704,20,6,23,16:50,1,1,1,1,1,85026,M,"46,5628800"," -1,4507800",85
202000001705,20,6,22,17:20,1,1,2,1,3,85005,M,"46,6187200"," -0,7819390",85
202000001706,20,6,24,12:05,1,1,4,1,1,28290,M,"48,4028830","1,2827100",28
202000001707,20,6,5,12:19,1,1,1,1,7,17186,M,"46,1802120"," -0,8811139",17
202000001708,20,6,24,15:40,1,1,1,1,6,30336,M,"43,8641450","4,6187640",30
202000001709,20,6,23,16:40,1,1,1,1,3,30237,M,"44,2743050","4,1990680",30
202000001710,20,6,24,16:30,1,1,1,1,7,49194,M,"47,4911528"," -0,2751116",49
202000001711,20,6,23,18:00,1,1,1,1,3,01067,M,"46,1125670","5,4791400",01
202000001712,20,6,22,07:30,1,1,2,1,3,27036,M,"48,7432570","0,9716680",27
202000001713,20,6,16,17:30,1,1,1,2,1,97605,Y," -12,8192500","45,1091340",976
202000001714,20,6,23,13:50,1,1,1,1,3,77191,M,"48,5561600","2,9577980",77
202000001715,20,6,24,13:15,1,1,1,1,5,95535,M,"49,0501750","1,9564890",95
202000001716,20,6,16,16:10,1,1,1,3,1,06028,M,"43,7811240","6,7608240",06
202000001717,20,6,24,10:50,1,1,1,1,1,13042,M,"43,3128290","5,6661990",13
202000001718,20,6,24,06:15,1,1,1,7,2,67295,M,"48,3926240","7,4541700",67
202000001719,20,6,23,21:30,1,1,1,1,1,73006,M,"45,5501280","6,6256060",73
202000001720,20,6,23,17:30,1,2,6,1,3,42147,M,"45,6091250","4,0548670",42
202000001721,20,6,22,14:00,1,2,6,1,3,38085,M,"45,7497340","5,1661760",38
202000001722,20,6,23,16:10,1,1,1,1,7,69206,M,"46,0732346","4,7449964",69
202000001723,20,6,24,08:10,1,1,1,1,7,69203,M,"45,6920920","4,5031070",69
202000001724,20,6,23,14:10,1,1,6,7,3,09268,M,"43,0051920","1,1269570",09
202000001725,20,6,24,16:30,1,1,2,1,3,60079,M,"49,1476640","2,8717540",60
202000001726,20,6,23,16:45,1,1,1,1,4,13033,M,"43,3734000","5,1922000",13
202000001727,20,6,23,17:40,1,1,1,1,4,13211,M,"43,2922400","5,4533900",13
202000001728,20,6,23,16:10,1,1,1,1,6,13202,M,"43,3238780","5,3629140",13
202000001729,20,6,18,06:25,1,1,1,1,7,13005,M,"43,3196800","5,5926420",13
202000001730,20,6,23,12:20,1,1,1,1,3,13215,M,"43,3703680","5,3611570",13
202000001731,20,6,22,14:30,1,1,1,1,2,13005,M,"43,2875000","5,5436000",13
202000001732,20,6,22,07:25,1,1,1,2,2,83137,M,"43,1322559","5,9815594",83
202000001733,20,6,22,19:30,1,1,1,1,3,69259,M,"45,7219800","4,8865200",69
202000001734,20,6,23,05:00,3,1,1,1,6,33366,M,"44,9830400"," -0,4287200",33
202000001735,20,6,22,07:25,1,1,1,1,3,59569,M,"50,3811030","3,1392420",59
202000001736,20,6,23,18:21,1,1,1,1,3,94037,M,"48,8159951","2,3568556",94
202000001737,20,6,23,17:45,1,1,1,1,2,91103,M,"48,6242000","2,2992000",91
202000001738,20,6,23,15:40,1,1,1,1,3,91589,M,"48,6793000","2,3342001",91
202000001739,20,6,22,23:05,5,1,1,1,7,94038,M,"48,7868900","2,3450300",94
202000001740,20,6,23,13:30,1,1,1,1,2,78133,M,"48,8938530","2,0080260",78
202000001741,20,6,22,08:35,1,1,1,1,6,78043,M,"48,8341810","2,0861550",78
202000001742,20,6,22,18:00,1,1,1,1,2,95018,M,"48,9567500","2,2769700",95
202000001743,20,6,23,18:45,1,1,1,1,2,94081,M,"48,7745800","2,4107800",94
202000001744,20,6,23,18:25,1,1,1,1,2,94028,M,"48,7761300","2,4352000",94
202000001745,20,6,23,16:50,1,1,1,1,3,94028,M,"48,7763100","2,4363500",94
202000001746,20,6,23,03:40,3,1,1,8,7,77122,M,"48,6463534","2,5931423",77
202000001747,20,6,22,18:40,1,1,1,1,7,94017,M,"48,8301974","2,4942611",94
202000001748,20,6,22,17:40,1,1,1,1,2,77373,M,"48,7896238","2,6178744",77
202000001749,20,6,21,23:15,5,2,3,1,7,97411,R," -20,8930400","55,4662000",974
202000001750,20,6,22,00:05,3,2,6,1,7,97407,R," -20,9337900","55,2919700",974
202000001751,20,6,22,17:50,1,2,1,1,3,69383,M,"45,7411300","4,8859500",69
202000001752,20,6,22,11:45,1,2,1,1,2,69276,M,"45,6795200","4,8643600",69
202000001753,20,6,22,12:10,1,2,2,7,3,69149,M,"45,7196700","4,8019400",69
202000001754,20,6,21,21:45,3,1,1,1,3,97101,A,"16,2901100"," -61,5113900",971
202000001755,20,6,21,07:40,1,1,1,1,6,97101,A,"16,2430789"," -61,5227067",971
202000001756,20,6,22,09:55,1,2,1,1,-1,91201,M,"48,6764500","2,4110500",91
202000001757,20,6,20,17:32,1,2,1,1,6,87085,M,"45,8357600","1,2627500",87
202000001758,20,6,19,18:22,1,2,1,1,6,87085,M,"45,8191400","1,2651600",87
202000001759,20,6,19,13:24,1,2,1,1,2,87085,M,"45,8894800","1,2809600",87
202000001760,20,6,19,15:55,1,2,1,1,6,85194,M,"46,4911500"," -1,8052200",85
202000001761,20,6,21,21:15,1,2,1,1,7,81163,M,"43,4895158","2,4003679",81
202000001762,20,6,19,14:20,1,1,1,2,7,80021,M,"49,9273700","2,3042100",80
202000001763,20,5,6,13:55,1,2,3,1,3,78545,M,"48,7997980","2,0674120",78
202000001764,20,6,19,17:10,1,2,2,1,-1,76351,M,"49,4950800","0,1552200",76
202000001765,20,6,22,10:00,1,2,1,1,6,76217,M,"49,9101090","1,0668969",76
202000001766,20,6,20,11:20,1,2,3,1,3,69290,M,"45,6928600","4,9464200",69
202000001767,20,6,22,18:20,1,2,1,1,3,69096,M,"45,6095200","4,7760400",69
202000001768,20,6,18,15:15,1,2,9,1,6,68066,M,"48,0691170","7,3702490",68
202000001769,20,6,19,16:40,1,2,6,8,3,67482,M,"48,5839280","7,7143870",67
202000001770,20,6,20,15:30,1,2,1,1,1,67482,M,"48,5834270","7,7581260",67
202000001771,20,6,19,16:05,1,2,1,8,3,67218,M,"48,5428100","7,7358700",67
202000001772,20,6,22,13:30,1,1,1,1,1,64545,M,"43,3559000"," -1,7459000",64
202000001773,20,6,21,12:10,1,2,1,1,7,64102,M,"43,4898000"," -1,4672000",64
202000001774,20,5,16,11:40,1,2,1,1,6,62413,M,"50,4403700","2,8846900",62
202000001775,20,2,11,12:10,1,2,1,1,6,62427,M,"50,4099940","2,9639640",62
202000001776,20,6,22,13:40,1,2,2,7,5,59599,M,"50,7346310","3,1853920",59
202000001777,20,6,19,23:25,5,2,1,1,7,57368,M,"49,3418200","6,0196600",57
202000001778,20,6,19,15:00,1,2,3,1,6,56121,M,"47,7463700"," -3,3615100",56
202000001779,20,6,21,13:20,1,2,1,1,-1,54547,M,"48,6705000","6,1929000",54
202000001780,20,6,19,19:50,1,2,2,9,3,52448,M,"48,6391400","4,9719100",52
202000001781,20,6,20,02:41,5,2,1,1,3,49007,M,"47,4693000"," -0,5529300",49
202000001782,20,6,22,18:50,1,2,1,1,3,45075,M,"47,8886754","1,8346436",45
202000001783,20,6,22,08:30,1,2,3,1,3,45234,M,"47,8979140","1,9071380",45
202000001784,20,6,22,12:40,1,2,2,1,3,37261,M,"47,4214474","0,6860549",37
202000001785,20,6,22,17:30,1,1,3,1,2,33069,M,"44,8734400"," -0,6000200",33
202000001786,20,6,22,15:45,1,2,3,1,6,33318,M,"44,7960100"," -0,6672800",33
202000001787,20,6,11,04:44,4,1,6,2,2,33162,M,"44,8754085"," -0,6604393",33
202000001788,20,6,16,18:01,1,2,2,1,6,33063,M,"44,8350649"," -0,5713267",33
202000001789,20,6,21,02:20,5,2,1,1,3,33529,M,"44,6137900"," -1,2021100",33
202000001790,20,6,20,17:40,1,2,1,1,2,32013,M,"43,6643400","0,5923200",32
202000001791,20,6,21,09:56,1,1,1,1,7,32013,M,"43,6574000","0,6278000",32
202000001792,20,6,22,00:50,5,2,3,1,3,31555,M,"43,6050400","1,4565900",31
202000001793,20,6,21,13:45,1,2,1,1,3,31149,M,"43,6094300","1,3079000",31
202000001794,20,6,20,02:40,5,2,1,1,6,31555,M,"43,6039300","1,4572300",31
202000001795,20,6,19,16:10,1,2,1,1,6,31149,M,"43,6018400","1,3523000",31
202000001796,20,6,19,08:05,2,1,1,1,1,30189,M,"43,8765000","4,3138000",30
202000001797,20,6,20,20:00,1,1,1,1,3,30189,M,"43,8344984","4,4139048",30
202000001798,20,5,20,15:40,1,2,4,1,6,30189,M,"43,8366800","4,3566870",30
202000001799,20,6,21,10:30,1,1,1,2,3,22215,M,"48,4829800"," -2,7768600",22
202000001800,20,10,17,19:45,5,2,2,1,1,33318,M,"44,7991800"," -0,6631400",33
202000001801,20,10,17,19:15,5,2,2,1,2,33063,M,"44,8587200"," -0,5673400",33
202000001802,20,10,19,00:30,5,2,1,1,6,33009,M,"44,6572800"," -1,1680400",33
202000001803,20,10,18,17:44,1,1,9,1,3,29232,M,"48,0330900"," -4,0836800",29
202000001804,20,10,16,16:16,1,2,1,1,4,25056,M,"47,2283040","5,9856070",25
202000001805,20,10,17,21:05,5,2,2,1,3,18033,M,"47,0849000","2,3886500",18
202000001806,20,10,18,17:10,1,2,2,1,3,13206,M,"43,2911100","5,3830800",13
202000001807,20,10,17,01:17,5,2,3,1,1,13203,M,"43,3148768","5,3878495",13
202000001808,20,10,17,12:35,1,2,1,1,5,13028,M,"43,1923700","5,6179900",13
202000001809,20,10,17,09:10,1,2,1,1,3,13028,M,"43,1866900","5,6080700",13
202000001810,20,10,18,17:30,1,2,1,1,3,07281,M,"44,9443000","4,8444000",07
202000001811,20,10,18,17:50,1,2,1,1,3,06069,M,"43,6668640","6,9290860",06
202000001812,20,10,18,18:35,2,2,1,1,2,75113,M,"48,8204060","2,3754440",75
202000001813,20,10,15,18:30,2,2,1,1,3,75120,M,"48,8755560","2,4099530",75
202000001814,20,10,18,14:10,1,2,4,1,4,75120,M,"48,8663780","2,4140470",75
202000001815,20,10,18,16:20,1,2,3,1,3,75118,M,"48,8880130","2,3561760",75
202000001816,20,10,18,17:15,1,2,2,1,3,75114,M,"48,8343560","2,3136420",75
202000001817,20,10,17,19:42,5,2,2,1,3,75113,M,"48,8256700","2,3820820",75
202000001818,20,10,17,12:52,1,2,1,1,5,75113,M,"48,8261240","2,3561660",75
202000001819,20,10,17,19:00,2,2,1,1,2,75109,M,"48,8833530","2,3327780",75
202000001820,20,10,18,14:55,1,2,3,1,4,75108,M,"48,8718850","2,3008730",75
202000001821,20,10,18,12:05,1,2,1,1,3,75107,M,"48,8548850","2,3064320",75
202000001822,20,10,18,18:15,1,2,3,1,6,75104,M,"48,8534520","2,3672410",75
202000001823,20,10,18,20:20,5,2,3,1,3,93001,M,"48,9116541","2,3794630",93
202000001824,20,10,16,15:00,1,2,1,1,6,92036,M,"48,9298870","2,2950500",92
202000001825,20,10,10,04:45,3,1,1,2,7,57479,M,"49,4233130","6,3716410",57
202000001826,20,10,19,03:11,3,1,1,1,7,64144,M,"43,4460020"," -0,5165720",64
202000001827,20,10,18,20:05,3,1,1,1,2,35124,M,"47,7410680"," -1,7140500",35
202000001828,20,10,18,10:20,1,1,1,1,7,74283,M,"45,9308640","5,9381000",74
202000001829,20,10,19,13:35,1,1,1,1,6,68315,M,"47,8827630","7,2330060",68
202000001830,20,10,18,03:30,3,1,1,1,6,34088,M,"43,5757270","3,6814500",34
202000001831,20,10,17,16:50,1,2,1,1,6,67463,M,"48,9016540","8,1098830",67
202000001832,20,10,18,16:55,1,1,1,1,7,76549,M,"49,7569970","0,9149980",76
202000001833,20,10,17,09:58,1,1,2,1,3,33523,M,"44,7526760"," -0,2936380",33
202000001834,20,10,18,22:18,3,1,1,1,6,81048,M,"43,9869750","2,1164770",81
202000001835,20,10,18,21:45,3,1,1,1,7,32268,M,"43,6064990","0,9906580",32
202000001836,20,10,17,22:30,5,2,1,1,6,34300,M,"43,4266980","3,3002200",34