Num_Acc,an,mois,jour,hrmn,lum,agg,int,atm,col,com,gps,lat,long,dep
202000001837,20,10,17,09:05,1,1,3,2,2,68263,M,"47,5839240","7,4619470",68
202000001838,20,10,16,08:30,2,1,2,7,3,44123,M,"47,6932880"," -1,7851660",44
202000001839,20,10,16,15:55,1,1,1,2,7,03159,M,"46,3061945","2,7289036",03
202000001840,20,10,19,15:30,1,2,4,1,-1,54533,M,"49,3245560","5,9281750",54
202000001841,20,10,2,15:53,1,1,1,2,7,60430,M,"49,3109760","2,9264103",60
202000001842,20,10,17,09:17,2,2,1,4,6,53110,M,"47,8747640"," -0,5199520",53
202000001843,20,10,18,02:00,3,1,1,1,6,53007,M,"48,0818640"," -0,6547650",53
202000001844,20,10,18,04:40,3,1,1,1,6,21268,M,"47,1181378","5,4030788",21
202000001845,20,10,18,19:41,3,1,1,1,1,04174,M,"43,9595690","6,7293620",04
202000001846,20,10,18,16:00,1,1,1,1,3,27679,M,"48,7236910","0,9261560",27
202000001847,20,10,18,04:50,3,2,1,1,6,30223,M,"44,1841080","4,1506240",30
202000001848,20,8,13,10:00,1,1,1,1,1,13044,M,"43,6284960","5,0179200",13
202000001849,20,10,18,17:00,1,1,1,1,5,34333,M,"43,4671430","3,8141390",34
202000001850,20,10,19,15:00,1,1,1,1,6,13118,M,"43,5605220","5,2285910",13
202000001851,20,10,18,17:15,1,1,1,1,6,98821,C," -22,1194560","166,3281740",988
202000001852,20,10,18,17:40,2,1,1,3,1,97114,A,"16,1142660"," -61,5753220",971
202000001853,20,10,18,03:00,3,1,1,1,6,67160,M,"48,9778230","7,7689650",67
202000001854,20,10,18,19:50,5,2,1,1,1,88367,M,"48,3437230","6,6351230",88
202000001855,20,10,17,09:40,1,1,1,8,7,63335,M,"45,5457072","2,9981646",63
202000001856,20,10,19,10:00,1,2,1,1,6,81011,M,"43,7282900","1,8233340",81
202000001857,20,10,19,14:15,1,2,3,1,3,33218,M,"45,0840580"," -0,1645350",33
202000001858,20,10,18,14:20,1,1,1,1,1,60197,M,"49,2379983","2,2165567",60
202000001859,20,10,19,10:15,1,1,1,5,1,60668,M,"49,4889932","2,0880042",60
202000001860,20,10,17,18:06,1,1,1,1,3,13071,M,"43,4156400","5,3649100",13
202000001861,20,10,17,07:30,3,1,1,1,5,13015,M,"43,4303000","5,3921000",13
202000001862,20,10,18,19:50,3,1,1,1,5,33023,M,"44,6946000"," -0,4966200",33
202000001863,20,10,18,19:33,1,1,1,1,4,92064,M,"48,8375530","2,1892550",92
202000001864,20,10,18,20:35,3,1,1,1,7,93007,M,"48,9185788","2,4785405",93
202000001865,20,10,18,18:25,3,1,1,1,4,93048,M,"48,8631800","2,4827100",93
202000001866,20,10,18,11:45,1,1,1,1,2,95241,M,"49,0463410","2,4402220",95
202000001867,20,10,17,20:15,3,1,1,1,2,93066,M,"48,9221200","2,3603800",93
202000001868,20,10,17,01:20,3,1,1,1,6,95572,M,"49,0483730","2,1337560",95
202000001869,20,10,18,23:10,3,1,1,1,6,93051,M,"48,8360000","2,5553000",93
202000001870,20,10,18,15:00,1,1,1,1,2,77258,M,"48,8305927","2,6321618",77
202000001871,20,10,16,20:40,3,1,1,1,3,77169,M,"48,8145331","2,6261489",77
202000001872,20,10,16,19:00,2,1,1,1,7,94052,M,"48,8272200","2,5209400",94
202000001873,20,10,16,14:30,1,1,1,1,2,94017,M,"48,8297400","2,4845600",94
202000001874,20,10,18,05:40,2,2,3,1,3,98818,C," -22,2678900","166,4270400",988
202000001875,20,10,18,06:40,1,2,1,1,4,98818,C," -22,2681000","166,4291100",988
202000001876,20,10,17,16:20,1,2,3,1,3,98818,C," -22,3075500","166,4501600",988
202000001877,20,10,17,10:05,1,2,1,1,2,98818,C," -22,2281300","166,4896900",988
202000001878,20,10,17,14:35,2,2,1,1,3,97407,R," -20,9463600","55,2995100",974
202000001879,20,10,17,20:50,5,2,1,1,6,69259,M,"45,6964450","4,8767737",69
202000001880,20,10,16,20:40,5,1,1,2,4,97213,A,"14,6182051"," -61,0339236",972
202000001881,20,10,17,19:17,5,2,1,1,3,95585,M,"48,9859379","2,3925680",95
202000001882,20,10,17,17:20,1,2,1,1,3,95585,M,"48,9730600","2,3751200",95
202000001883,20,10,16,18:45,1,2,1,1,3,95280,M,"49,0320760","2,4717430",95
202000001884,20,10,17,12:20,1,2,9,8,6,91570,M,"48,6284100","2,2995700",91
202000001885,20,10,17,10:30,1,2,1,8,3,91064,M,"48,7574200","2,2187600",91
202000001886,20,10,17,14:44,1,2,1,1,6,91377,M,"48,7342000","2,2730700",91
202000001887,20,10,16,14:00,1,2,9,8,2,91377,M,"48,7215000","2,2991000",91
202000001888,20,10,9,08:00,1,2,2,2,5,91027,M,"48,7128520","2,3909890",91
202000001889,20,10,17,16:15,1,2,3,1,6,82121,M,"44,0151000","1,3477000",82
202000001890,20,10,17,20:45,5,1,2,1,6,77296,M,"48,6175410","2,5688320",77
202000001891,20,10,17,16:25,1,2,1,1,1,77320,M,"48,8280545","3,0315580",77
202000001892,20,10,16,08:40,1,2,6,1,2,76575,M,"49,3897600","1,0714500",76
202000001893,20,10,16,16:09,1,2,2,1,3,67462,M,"48,2595620","7,4464710",67
202000001894,20,10,17,06:43,5,2,3,1,3,65440,M,"43,2172528","0,0560942",65
202000001895,20,10,17,10:30,1,2,1,1,-1,64445,M,"43,3029000"," -0,3589000",64
202000001896,20,10,17,18:55,5,2,3,1,3,59656,M,"50,7706680","3,0426370",59
202000001897,20,10,17,10:35,1,2,2,1,1,59279,M,"50,7768510","3,1331320",59
202000001898,20,9,22,22:30,5,2,2,1,3,59009,M,"50,6201300","3,1354200",59
202000001899,20,10,17,19:45,5,2,1,2,3,59328,M,"50,6539416","3,0312744",59
202000001900,20,10,17,21:45,5,2,2,1,3,45234,M,"47,9226120","1,9296450",45
202000001901,20,10,17,09:07,1,2,6,1,6,45075,M,"47,8935370","1,8491550",45
202000001902,20,7,12,08:30,1,2,1,1,6,42305,M,"45,4797857","4,4310623",42
202000001903,20,10,17,16:00,1,2,1,1,2,38185,M,"45,1621900","5,7017000",38
202000001904,20,10,17,08:55,1,2,1,8,3,35055,M,"48,0938720"," -1,6149504",35
202000001905,20,10,17,17:10,1,2,1,1,2,33009,M,"44,6588400"," -1,1517600",33
202000001906,20,10,17,23:45,5,2,1,1,4,29019,M,"48,3927700"," -4,4827800",29
202000001907,20,10,17,16:35,1,2,2,1,3,29019,M,"48,3754000"," -4,5413000",29
202000001908,20,4,6,20:30,5,2,1,1,6,19272,M,"45,2614600","1,7569200",19
202000001909,20,10,17,07:20,5,2,1,1,1,13214,M,"43,3399170","5,3657280",13
202000001910,20,10,17,01:40,5,2,1,1,3,13215,M,"43,3417500","5,3729600",13
202000001911,20,8,25,06:10,3,1,1,2,4,62680,M,"50,3669560","2,9669310",62
202000001912,20,10,16,20:30,5,2,1,1,3,13205,M,"43,2922600","5,3960000",13
202000001913,20,8,23,07:20,1,1,1,2,3,98827,C," -21,2683300","165,2748800",988
202000001914,20,10,17,13:55,1,1,1,1,2,13001,M,"43,5816400","5,3770000",13
202000001915,20,8,24,02:40,5,2,1,1,6,97124,A,"16,0131870"," -61,7101410",971
202000001916,20,10,17,20:10,5,2,9,1,3,10333,M,"48,2685100","4,0479300",10
202000001917,20,8,12,10:40,1,1,1,1,6,45108,M,"47,6462510","2,5309750",45
202000001918,20,10,17,20:41,3,1,1,1,6,10357,M,"48,2940600","4,1446900",10
202000001919,20,8,16,16:30,1,1,2,1,3,77329,M,"48,2404770","2,8091260",77
202000001920,20,10,17,15:55,1,2,1,1,2,75120,M,"48,8696430","2,4132670",75
202000001921,20,8,24,06:55,1,1,1,1,6,91098,M,"48,4561040","2,0598080",91
202000001922,20,10,17,15:13,1,2,2,1,3,75108,M,"48,8666630","2,3220110",75
202000001923,20,8,24,20:40,3,1,3,1,3,2A163,M,"41,5000018","9,0049085",2A
202000001924,20,10,16,16:42,1,2,2,1,6,75112,M,"48,8401300","2,4613890",75
202000001925,20,8,15,18:00,1,2,1,1,-1,84092,M,"43,9701850","4,8635810",84
202000001926,20,2,2,01:35,5,2,1,1,7,62160,M,"50,7224700","1,6060300",62
202000001927,20,10,17,20:30,5,2,2,1,3,75117,M,"48,8922700","2,3010090",75
202000001928,20,8,23,17:30,1,2,1,1,3,83099,M,"43,4528720","6,6914410",83
202000001929,20,10,17,16:00,1,2,2,1,6,75116,M,"48,8479880","2,2640940",75
202000001930,20,2,3,18:49,5,2,1,3,6,59588,M,"51,0275679","2,4282441",59
202000001931,20,8,25,18:25,1,2,4,1,1,05070,M,"44,3168940","5,8139830",05
202000001932,20,10,16,10:15,1,2,1,1,3,75116,M,"48,8385570","2,2594790",75
202000001933,20,2,3,18:17,5,2,3,3,1,59183,M,"51,0297900","2,3803300",59
202000001934,20,8,25,08:00,1,2,2,1,3,13109,M,"43,5110320","5,4869570",13
202000001935,20,8,24,09:20,1,2,1,1,3,70310,M,"47,6750220","6,5188840",70
202000001936,20,10,16,23:00,5,2,3,1,3,75113,M,"48,8263410","2,3614950",75
202000001937,20,2,1,06:10,5,2,3,8,6,59183,M,"51,0289200","2,3663300",59
202000001938,20,10,17,11:50,1,2,2,1,3,75112,M,"48,8317040","2,3978960",75
202000001939,20,8,24,09:35,1,1,1,1,1,88222,M,"48,2476830","6,6182430",88
202000001940,20,8,24,17:20,1,1,1,1,7,74136,M,"45,9786980","6,4677500",74
202000001941,20,10,16,21:30,5,2,2,1,7,75108,M,"48,8794360","2,3142650",75
202000001942,20,2,2,14:30,1,1,1,2,6,56083,M,"47,7881772"," -3,2804417",56
202000001943,20,2,2,02:05,5,2,1,3,6,56083,M,"47,8013856"," -3,2812725",56
202000001944,20,10,16,22:45,5,2,3,1,3,75107,M,"48,8460040","2,3138170",75
202000001945,20,6,24,15:30,1,2,3,1,3,73179,M,"45,5975712","5,8753155",73
202000001946,20,2,1,18:35,5,2,2,2,3,56083,M,"47,8024300"," -3,2901300",56
202000001947,20,8,24,19:00,1,2,6,1,7,07341,M,"44,5718520","4,5107460",07
202000001948,20,10,17,14:45,1,2,2,1,3,75104,M,"48,8495180","2,3656210",75
202000001949,20,10,17,00:43,5,2,5,1,7,75101,M,"48,8647830","2,3451330",75
202000001950,20,1,31,20:33,5,1,3,1,1,54431,M,"48,9129500","6,0374940",54
202000001951,20,8,20,14:10,1,2,1,1,3,17161,M,"46,1864900"," -1,3217550",17
202000001952,20,8,21,16:10,1,1,1,1,6,33164,M,"44,5399300"," -0,2866200",33
202000001953,20,10,17,12:10,1,2,1,1,3,94081,M,"48,7941706","2,4008874",94
202000001954,20,2,3,18:15,5,2,1,2,6,54184,M,"48,7051000","6,2254000",54
202000001955,20,10,16,19:20,5,2,4,1,1,94058,M,"48,8508160","2,4970320",94
202000001956,20,8,25,08:10,2,1,1,1,2,33260,M,"44,4527760"," -0,9410480",33
202000001957,20,2,3,13:05,1,2,3,2,2,54395,M,"48,6905992","6,1755026",54
202000001958,20,10,17,09:30,1,2,1,8,2,94043,M,"48,8149000","2,3609000",94
202000001959,20,1,31,22:30,3,2,2,1,3,54382,M,"49,5365900","5,7645300",54
202000001960,20,10,16,20:00,5,2,1,1,1,94041,M,"48,8147600","2,3907000",94
202000001961,20,2,3,19:12,3,2,1,1,3,53130,M,"48,0843600"," -0,7885100",53
202000001962,20,8,25,12:20,1,1,1,1,7,80383,M,"49,7264700","2,7802810",80
202000001963,20,8,24,17:10,1,1,1,1,2,13210,M,"43,2845200","5,4067000",13
202000001964,20,2,3,18:20,5,2,1,2,1,51172,M,"49,2238849","4,0411897",51
202000001965,20,10,17,19:41,2,2,2,1,3,94022,M,"48,7576100","2,4100600",94
202000001966,20,8,24,18:30,1,1,1,1,5,13106,M,"43,4065986","5,3617090",13
202000001967,20,10,17,17:50,1,2,1,8,6,94022,M,"48,7681500","2,4181550",94
202000001968,20,2,2,03:52,3,2,1,2,7,49007,M,"47,4598800"," -0,5203400",49
202000001969,20,10,17,21:45,4,2,1,1,1,94081,M,"48,7920952","2,4016047",94
202000001970,20,8,20,18:35,1,1,1,1,4,13005,M,"43,2889659","5,5600183",13
202000001971,20,2,3,21:40,3,2,1,2,3,44109,M,"47,2142600"," -1,5407100",44
202000001972,20,10,17,20:10,5,2,1,1,6,93064,M,"48,8844900","2,4738600",93
202000001973,20,8,23,23:10,3,1,1,1,2,69199,M,"45,6914800","4,8452900",69
202000001974,20,8,24,12:40,1,1,1,1,7,92078,M,"48,9281100","2,3327900",92
202000001975,20,8,24,04:25,3,1,1,1,7,95252,M,"48,9803000","2,2263000",95
202000001976,20,10,17,10:40,1,2,3,1,3,93074,M,"48,9339000","2,5666600",93
202000001977,20,8,24,02:30,3,1,1,1,7,95060,M,"49,0351529","2,1963139",95
202000001978,20,10,17,10:50,1,2,9,1,3,93031,M,"48,9466600","2,3442400",93
202000001979,20,2,2,11:15,1,2,3,1,2,37261,M,"47,3768594","0,7134019",37
202000001980,20,10,17,18:15,2,2,1,1,6,93029,M,"48,9189400","2,4495300",93
202000001981,20,8,24,02:10,4,1,1,1,6,93066,M,"48,9139100","2,3577200",93
202000001982,20,2,3,08:50,1,2,1,2,7,37261,M,"47,4134312","0,6864742",37
202000001983,20,10,17,11:10,1,2,4,1,3,93007,M,"48,9431558","2,4658807",93
202000001984,20,2,2,18:10,3,2,1,2,6,37233,M,"47,3967257","0,7249180",37
202000001985,20,8,23,02:25,3,1,1,1,2,95500,M,"49,0376200","2,0902400",95
202000001986,20,10,17,08:40,1,2,6,1,3,93005,M,"48,9555909","2,4800835",93
202000001987,20,10,17,16:05,1,2,9,1,-1,93001,M,"48,9046107","2,3787524",93
202000001988,20,2,3,19:50,5,2,2,3,3,35238,M,"48,1244900"," -1,7097600",35
202000001989,20,8,23,19:30,1,2,3,1,3,69383,M,"45,7583700","4,8486500",69
202000001990,20,10,17,11:30,1,2,1,1,6,92020,M,"48,8063654","2,2924371",92
202000001991,20,8,23,04:30,3,2,1,1,6,69386,M,"45,7679900","4,8524581",69
202000001992,20,2,3,09:30,1,2,3,1,3,35051,M,"48,1142490"," -1,6073720",35
202000001993,20,10,17,12:10,1,2,9,1,3,92019,M,"48,7691120","2,2737240",92
202000001994,20,2,3,13:10,1,2,2,1,3,34172,M,"43,6343270","3,8494060",34
202000001995,20,10,17,20:15,5,2,6,8,3,92012,M,"48,8337900","2,2435700",92
202000001996,20,8,23,14:19,1,2,3,1,3,95680,M,"48,9996666","2,4123359",95
202000001997,20,2,4,02:06,5,2,1,1,-1,33063,M,"44,8579200"," -0,5585600",33
202000001998,20,10,18,11:27,1,1,1,1,3,54109,M,"48,5173932","6,1556321",54
202000001999,20,10,17,10:15,1,2,6,1,2,51649,M,"48,7286085","4,5870305",51
202000002000,20,2,3,15:50,1,2,3,1,3,33192,M,"44,7863300"," -0,6051000",33
202000002001,20,10,18,12:00,1,2,6,1,3,17010,M,"46,1010900"," -1,0986396",17
202000002002,20,8,23,04:00,5,2,1,1,6,91589,M,"48,6891000","2,3478700",91
202000002003,20,2,3,06:30,5,2,1,1,3,33039,M,"44,7979400"," -0,5688600",33
202000002004,20,10,18,11:45,1,2,1,1,1,31364,M,"43,7217690","1,4814000",31
202000002005,20,10,18,12:49,1,1,1,5,6,12027,M,"44,5214750","2,7340290",12
202000002006,20,8,23,16:05,1,2,9,1,6,91286,M,"48,6649820","2,3983020",91
202000002007,20,2,1,06:09,3,1,1,2,6,31555,M,"43,5723187","1,4365611",31
202000002008,20,8,23,03:25,5,2,1,1,6,71153,M,"46,8001370","4,4391835",71
202000002009,20,10,18,12:45,1,2,1,1,7,97414,R," -21,2825010","55,4197440",974
202000002010,20,1,31,23:55,5,2,1,1,3,31555,M,"43,6005100","1,4287600",31
202000002011,20,10,18,03:40,4,1,1,1,7,38239,M,"45,3240510","5,5484710",38
202000002012,20,10,17,16:45,1,1,1,1,-1,30117,M,"43,6870070","4,6056850",30
202000002013,20,2,2,18:55,3,1,1,2,1,27681,M,"49,0745000","1,4747000",27
202000002014,20,8,21,20:15,1,2,1,1,1,69256,M,"45,7803194","4,9141395",69
202000002015,20,10,17,01:20,3,1,1,1,1,29226,M,"48,0491120"," -4,3919560",29
202000002016,20,8,23,20:45,1,2,1,1,2,64102,M,"43,5055059"," -1,4644155",64
202000002017,20,10,17,19:00,3,1,1,1,7,57738,M,"49,1375160","7,4658750",57
202000002018,20,8,23,23:30,3,1,1,1,2,43089,M,"45,0564175","3,8407624",43
202000002019,20,1,29,14:25,1,2,1,1,2,26198,M,"44,5550400","4,7365600",26
202000002020,20,9,1,10:00,1,2,3,1,2,51662,M,"49,2811420","4,1076356",51
202000002021,20,2,3,07:24,3,1,1,2,6,25056,M,"47,2635200","6,0060500",25
202000002022,20,8,20,21:30,5,2,3,1,3,42103,M,"45,5062200","4,5708400",42
202000002023,20,10,17,22:30,5,2,1,1,-1,19192,M,"45,1284710","1,8915050",19
202000002024,20,2,2,03:45,5,2,1,2,7,22278,M,"48,5130500"," -2,7684800",22
202000002025,20,8,23,22:55,3,2,1,1,7,37122,M,"47,3681934","0,6538319",37
202000002026,20,10,17,08:50,1,1,2,1,3,76504,M,"49,8081753","0,7530765",76
202000002027,20,8,23,16:40,1,2,1,1,6,37261,M,"47,4053318","0,7041708",37
202000002028,20,10,18,11:17,1,1,1,1,2,80722,M,"49,9584260","2,2259760",80
202000002029,20,2,3,15:30,1,2,2,2,3,14118,M,"49,2112340"," -0,3628708",14
202000002030,20,8,23,03:00,5,2,3,1,3,33063,M,"44,8349000"," -0,5634900",33
202000002031,20,10,18,16:35,1,2,2,1,3,82075,M,"43,8335470","1,2877150",82
202000002032,20,2,3,09:30,1,2,1,1,2,13209,M,"43,2615560","5,3975790",13
202000002033,20,10,18,18:20,2,1,2,1,3,63372,M,"45,9076428","3,3145351",63
202000002034,20,8,23,21:10,5,2,1,1,-1,33009,M,"44,6627300"," -1,1632600",33
202000002035,20,2,4,01:00,5,2,1,1,6,13001,M,"43,5252500","5,4446600",13
202000002036,20,10,18,17:25,1,2,1,1,6,61464,M,"48,6045910","0,1740480",61
202000002037,20,2,2,17:32,1,2,2,1,3,11069,M,"43,2080000","2,3300000",11
202000002038,20,8,23,17:45,1,1,1,1,6,29051,M,"48,0098800"," -4,0261000",29
202000002039,20,10,18,16:15,1,1,1,1,6,12131,M,"44,4170460","2,6437570",12
202000002040,20,10,18,17:00,1,2,1,1,7,41036,M,"47,6100580","2,1675340",41
202000002041,20,1,31,17:30,1,2,1,1,7,11069,M,"43,2143100","2,3368200",11
202000002042,20,8,23,18:00,1,2,1,1,6,15012,M,"44,9039700","2,4555500",15
202000002043,20,10,17,05:00,3,2,1,1,6,41135,M,"47,2686770","1,8741140",41
202000002044,20,1,30,13:33,1,2,3,2,6,10297,M,"48,3218000","4,0992000",10
202000002045,20,10,16,11:00,1,1,1,1,7,86225,M,"46,8631250","0,0838350",86
202000002046,20,8,23,11:20,1,1,9,1,-1,14437,M,"49,1710300"," -0,3047600",14
202000002047,20,2,3,16:35,1,1,1,1,7,06069,M,"43,6231620","6,9262840",06
202000002048,20,10,17,23:00,3,2,1,1,6,25502,M,"47,1638890","5,8173680",25
202000002049,20,2,3,07:30,2,2,1,1,6,06029,M,"43,5594400","7,0208000",06
202000002050,20,10,17,05:30,5,2,1,1,6,29215,M,"47,9853830"," -4,4095580",29
202000002051,20,8,23,23:15,5,2,1,1,2,13213,M,"43,3264811","5,4384524",13
202000002052,20,2,3,17:10,1,2,1,1,2,06123,M,"43,6566900","7,1788800",06
202000002053,20,10,18,02:00,3,1,1,1,3,38555,M,"45,4620440","5,1333950",38
202000002054,20,8,23,12:50,1,2,1,1,6,13214,M,"43,3240600","5,3933700",13
202000002055,20,2,3,09:45,1,2,1,1,6,06027,M,"43,6603000","7,1441000",06
202000002056,20,10,18,16:30,1,2,1,8,1,38560,M,"45,4885400","5,4738900",38
202000002057,20,1,31,18:15,5,2,2,1,3,03001,M,"46,0998120","3,4440826",03
202000002058,20,10,17,00:45,3,1,2,1,7,03083,M,"46,3439553","3,2863233",03
202000002059,20,2,2,12:00,1,2,4,2,6,75118,M,"48,9010700","2,3587500",75
202000002060,20,10,17,20:00,3,1,1,8,1,70045,M,"47,3163520","5,7720280",70
202000002061,20,2,3,11:15,1,2,7,1,6,75118,M,"48,8960390","2,3462860",75
202000002062,20,10,17,11:15,1,1,1,1,1,58256,M,"47,3512680","2,9920470",58
202000002063,20,8,23,00:40,5,2,4,1,1,13208,M,"43,2479280","5,3749500",13
202000002064,20,10,17,14:05,1,1,1,1,7,14743,M,"49,1597130"," -0,0106220",14
202000002065,20,2,2,19:20,5,2,1,2,2,75117,M,"48,8889940","2,2933610",75
202000002066,20,8,22,03:05,5,2,1,1,6,13201,M,"43,2935920","5,3721450",13
202000002067,20,10,18,17:00,1,1,1,1,7,10080,M,"48,0635540","4,1292290",10
202000002068,20,2,2,01:07,5,2,7,2,6,75116,M,"48,8712920","2,2742940",75
202000002069,20,10,18,11:35,1,1,1,1,3,07288,M,"44,7209720","4,5351000",07
202000002070,20,8,23,15:20,1,2,4,1,3,75112,M,"48,8270420","2,3919420",75
202000002071,20,10,17,14:55,1,2,1,1,6,21663,M,"47,5427440","4,4626970",21
202000002072,20,8,23,18:15,1,2,1,1,6,75106,M,"48,8545730","2,3392010",75
202000002073,20,2,3,14:35,1,2,1,1,6,75115,M,"48,8364750","2,2976680",75
202000002074,20,10,18,00:45,1,2,1,2,2,68154,M,"47,7698350","7,3879520",68
202000002075,20,8,23,11:55,1,2,2,1,3,75120,M,"48,8540530","2,3999330",75
202000002076,20,10,18,05:50,2,1,1,1,2,97307,G,"4,8271977"," -52,3385686",973
202000002077,20,2,2,22:35,5,2,2,3,2,75115,M,"48,8297350","2,2956900",75
202000002078,20,8,23,15:35,1,2,1,1,6,75119,M,"48,8886440","2,3925520",75
202000002079,20,10,18,04:10,3,1,1,1,1,98805,C," -22,1746490","166,4236450",988
202000002080,20,8,23,12:30,1,2,3,1,3,75119,M,"48,8894200","2,3809410",75
202000002081,20,2,3,10:05,1,2,1,1,3,75113,M,"48,8270300","2,3854700",75
202000002082,20,10,18,08:25,1,1,1,1,2,34336,M,"43,3227500","3,2686700",34
202000002083,20,2,3,00:25,5,2,1,3,2,75112,M,"48,8276290","2,3894710",75
202000002084,20,8,22,11:44,1,2,2,1,-1,75113,M,"48,8180710","2,3598610",75
202000002085,20,10,12,01:00,3,1,1,1,3,17438,M,"45,5591360"," -0,6023170",17
202000002086,20,2,3,22:30,5,2,1,3,3,75111,M,"48,8635920","2,3864560",75
202000002087,20,8,23,15:40,1,2,3,1,3,75112,M,"48,8442300","2,3816910",75
202000002088,20,10,18,15:45,1,1,2,1,1,66093,M,"42,5455716","2,9332257",66
202000002089,20,2,3,18:59,5,2,2,1,6,75111,M,"48,8597590","2,3768600",75
202000002090,20,10,16,19:00,5,1,1,1,6,84092,M,"43,9751440","4,8580280",84
202000002091,20,8,23,21:33,5,2,2,1,3,75107,M,"48,8560690","2,3258990",75
202000002092,20,10,15,16:30,1,2,1,1,6,83071,M,"43,1360910","6,2289420",83
202000002093,20,2,3,09:30,1,2,1,8,3,75111,M,"48,8569690","2,3730050",75
202000002094,20,8,23,21:00,2,2,2,1,7,75102,M,"48,8706770","2,3479180",75
202000002095,20,10,18,12:30,1,1,1,1,6,83063,M,"43,3161150","6,4706800",83
202000002096,20,2,3,22:30,5,2,2,3,6,75118,M,"48,8980620","2,3441300",75
202000002097,20,10,17,22:30,3,1,1,1,6,21564,M,"47,1266220","5,0977210",21
202000002098,20,8,23,16:20,1,2,3,1,3,94081,M,"48,7790000","2,3730000",94
202000002099,20,2,3,15:10,1,2,7,1,6,75110,M,"48,8778190","2,3700130",75
202000002100,20,10,18,17:45,1,2,1,1,6,42147,M,"45,6018520","4,0787010",42
202000002101,20,8,23,06:40,2,1,1,1,6,94073,M,"48,7552700","2,3851500",94
202000002102,20,10,16,16:50,1,2,2,1,6,01049,M,"45,8446050","5,0346920",01
202000002103,20,2,3,18:20,5,2,2,1,3,75104,M,"48,8572490","2,3617570",75
202000002104,20,8,23,17:45,1,2,1,1,3,94081,M,"48,7994910","2,3894680",94
202000002105,20,2,2,14:40,1,2,2,2,6,94041,M,"48,8180400","2,3978600",94
202000002106,20,8,23,05:10,5,2,9,1,7,93077,M,"48,8831253","2,4967197",93
202000002107,20,10,17,18:05,1,2,6,1,3,01313,M,"46,2545410","6,0806540",01
202000002108,20,8,23,19:50,1,2,1,1,3,93010,M,"48,9051843","2,4701270",93
202000002109,20,10,17,16:30,1,1,1,1,7,17452,M,"45,7626130"," -1,2155130",17
202000002110,20,2,3,10:20,1,2,2,1,-1,94033,M,"48,8445100","2,4508100",94
202000002111,20,10,17,07:45,3,1,1,1,1,86102,M,"46,6529530","0,1223030",86
202000002112,20,2,2,08:00,2,2,1,2,2,94002,M,"48,7981300","2,4206900",94
202000002113,20,8,23,07:57,1,2,1,1,2,93057,M,"48,9097125","2,5068168",93
202000002114,20,2,2,22:35,5,2,3,3,6,93071,M,"48,9374379","2,5222443",93
202000002115,20,10,17,20:45,5,2,3,1,7,22384,M,"48,2851850"," -2,8340760",22
202000002116,20,10,18,07:13,2,2,1,2,7,59611,M,"50,6858280","3,0049860",59
202000002117,20,2,1,23:20,5,2,2,2,3,93046,M,"48,9282500","2,5493000",93
202000002118,20,8,23,02:10,5,2,3,1,3,92076,M,"48,8369270","2,1458450",92
202000002119,20,2,3,02:41,5,2,6,3,7,93066,M,"48,9225417","2,3462689",93
202000002120,20,8,23,21:44,5,1,1,1,6,47069,M,"44,2192730","0,5836270",47
202000002121,20,8,23,18:15,1,1,2,1,3,01085,M,"46,0854920","5,0257730",01
202000002122,20,2,2,17:00,1,2,3,2,3,93032,M,"48,8717651","2,5665951",93
202000002123,20,8,23,12:00,1,1,1,1,2,11195,M,"43,2683756","2,0085239",11
202000002124,20,8,2,19:00,1,1,1,1,-1,76054,M,"49,9016330","1,3967950",76
202000002125,20,8,24,15:45,1,1,1,1,6,28409,M,"48,2767380","1,1844640",28
202000002126,20,2,2,12:10,1,2,3,1,2,92063,M,"48,8861000","2,1807730",92
202000002127,20,8,23,20:20,2,1,1,1,6,83073,M,"43,3824630","6,3052790",83
202000002128,20,8,23,19:00,1,1,1,1,7,51063,M,"49,0880856","3,7812351",51
202000002129,20,2,2,22:00,5,2,3,2,6,92002,M,"48,7327040","2,3031960",92
202000002130,20,2,2,08:30,1,1,1,2,3,62359,M,"50,4414360","2,0775100",62
202000002131,20,8,23,23:20,3,1,2,1,-1,11203,M,"43,2302580","2,7955910",11
202000002132,20,1,31,08:00,1,1,1,8,3,01290,M,"45,8585750","5,1993660",01
202000002133,20,8,24,05:30,2,1,1,1,2,71073,M,"46,8769198","4,8186529",71
202000002134,20,2,3,20:30,5,1,6,8,3,01290,M,"45,8982820","5,1858260",01
202000002135,20,8,22,15:05,1,1,1,1,3,68315,M,"47,8914560","7,1127890",68
202000002136,20,2,2,14:30,1,1,1,1,7,42294,M,"46,0183490","4,1027974",42
202000002137,20,8,24,17:30,1,1,1,1,6,44089,M,"47,3395500"," -1,8207480",44
202000002138,20,1,31,11:30,1,2,1,1,6,42239,M,"45,9640310","3,9938660",42
202000002139,20,8,23,22:05,5,2,6,1,1,50393,M,"48,9111290"," -1,1954820",50
202000002140,20,2,2,16:00,1,1,3,1,3,81273,M,"43,5791780","2,1479990",81
202000002141,20,8,22,08:45,1,1,2,1,4,51643,M,"49,0088594","3,9162530",51