Num_Acc,an,mois,jour,hrmn,lum,agg,int,atm,col,com,gps,lat,long,dep
202000002142,20,2,4,17:25,1,1,1,1,6,97422,R," -21,3047100","55,5341470",974
202000002143,20,8,23,23:00,3,2,1,1,6,56020,M,"47,7776400"," -2,4415870",56
202000002144,20,2,3,19:12,3,1,1,2,1,57690,M,"49,0884190","6,6897890",57
202000002145,20,2,3,03:20,5,2,1,2,7,51389,M,"49,1318882","4,3170353",51
202000002146,20,8,24,10:20,1,1,1,1,1,56205,M,"47,5572990"," -2,7136230",56
202000002147,20,2,4,18:00,3,1,1,8,3,60069,M,"49,1416570","2,9675960",60
202000002148,20,8,12,12:00,1,1,1,1,7,74258,M,"46,1262510","6,7110160",74
202000002149,20,8,23,18:45,1,1,1,1,3,79188,M,"46,6887580"," -0,6087650",79
202000002150,20,2,3,15:50,1,1,3,1,3,66189,M,"42,6534080","2,9363830",66
202000002151,20,1,25,09:20,1,1,4,1,3,51374,M,"48,7890008","3,7833558",51
202000002152,20,8,23,16:45,1,1,1,1,5,82112,M,"44,1485560","1,1066580",82
202000002153,20,8,24,19:15,1,1,1,1,2,69066,M,"46,0610230","4,3123480",69
202000002154,20,2,4,10:05,1,1,1,4,1,51339,M,"48,8755830","4,4186440",51
202000002155,20,8,23,09:30,1,1,1,1,3,69209,M,"46,2353704","4,4162128",69
202000002156,20,2,4,13:10,1,1,6,8,3,56078,M,"47,8070260"," -3,4640350",56
202000002157,20,8,24,05:30,3,1,1,1,6,32233,M,"43,5339850","0,1608040",32
202000002158,20,8,24,17:00,1,2,1,1,2,71351,M,"46,8798260","5,2694680",71
202000002159,20,2,4,09:15,1,1,1,2,1,77032,M,"48,7011330","3,2550110",77
202000002160,20,8,23,16:30,1,1,1,1,1,47203,M,"44,3873700","0,8065030",47
202000002161,20,2,2,11:55,1,1,1,1,3,31351,M,"43,6771990","1,3064070",31
202000002162,20,8,23,16:53,1,2,1,1,3,22194,M,"48,6517540"," -3,6319620",22
202000002163,20,2,4,07:15,2,1,1,1,6,82044,M,"43,9323240","1,3815790",82
202000002164,20,8,22,15:15,1,1,1,1,7,29160,M,"48,4838380"," -4,4109620",29
202000002165,20,2,4,09:00,1,1,1,2,4,71187,M,"46,7493370","4,5053650",71
202000002166,20,8,24,11:30,1,1,1,1,6,15051,M,"44,9828720","3,2899654",15
202000002167,20,2,3,23:30,3,1,1,2,6,61486,M,"48,7458370"," -0,7199620",61
202000002168,20,8,23,19:30,1,1,1,1,6,72189,M,"48,2507630","0,3115810",72
202000002169,20,2,4,16:35,1,2,1,1,6,29293,M,"47,8534782"," -3,8432279",29
202000002170,20,6,24,23:30,3,1,3,1,3,50072,M,"49,0838380"," -1,4811100",50
202000002171,20,2,3,20:00,3,1,1,2,7,29160,M,"48,4734421"," -4,4825168",29
202000002172,20,7,24,19:00,1,1,1,1,6,45182,M,"47,7082740","1,7721620",45
202000002173,20,1,22,07:40,1,2,1,1,7,38229,M,"45,2109400","5,7776600",38
202000002174,20,8,24,17:15,1,1,1,1,-1,73128,M,"45,7152410","5,9173820",73
202000002175,20,2,3,18:15,5,2,6,3,3,02173,M,"49,6278920","3,2363100",02
202000002176,20,8,23,07:45,1,2,1,1,6,18052,M,"46,7311880","2,6380850",18
202000002177,20,8,12,17:10,1,1,6,1,3,43224,M,"45,2566920","4,2451970",43
202000002178,20,2,3,12:55,1,1,3,3,3,70117,M,"47,6458929","6,7798490",70
202000002179,20,8,23,17:05,1,1,1,1,7,53051,M,"48,3516360"," -0,5007310",53
202000002180,20,2,3,05:15,5,2,1,3,1,70011,M,"47,8368430","6,4897870",70
202000002181,20,8,23,15:00,1,1,1,1,6,53029,M,"47,7784580"," -0,5795610",53
202000002182,20,2,2,22:30,5,2,3,2,1,70297,M,"47,6267310","5,6300640",70
202000002183,20,8,6,12:55,1,2,3,1,2,40231,M,"43,5644600"," -1,1805210",40
202000002184,20,2,4,07:15,2,1,1,2,3,72291,M,"47,7637050","0,0171980",72
202000002185,20,8,18,18:25,1,1,1,7,7,24015,M,"44,8851200","0,9436010",24
202000002186,20,8,19,14:30,1,2,1,1,1,37047,M,"47,4957932","0,6972541",37
202000002187,20,8,22,12:20,1,2,1,1,3,30083,M,"43,7270260","4,2193400",30
202000002188,20,2,4,11:30,1,1,1,1,-1,60037,M,"49,5832541","3,0751156",60
202000002189,20,8,21,21:50,3,1,1,1,6,30181,M,"43,8973360","4,1019990",30
202000002190,20,2,3,21:53,5,2,1,3,2,60477,M,"49,4186791","1,9468117",60
202000002191,20,8,23,01:10,5,2,3,1,1,08385,M,"49,7638460","4,7698660",08
202000002192,20,2,3,21:25,3,1,1,1,1,16328,M,"45,3806958","0,1157945",16
202000002193,20,8,18,16:40,1,1,2,1,-1,31184,M,"43,5852560","1,5692210",31
202000002194,20,2,3,16:50,1,1,1,1,1,40157,M,"43,9817910"," -1,2780830",40
202000002195,20,8,22,03:36,3,2,9,1,6,67049,M,"48,5036754","7,6079813",67
202000002196,20,2,4,17:30,1,1,1,1,6,85160,M,"46,6168400"," -1,4117900",85
202000002197,20,8,24,18:35,1,1,1,1,2,03277,M,"46,2801157","3,0503509",03
202000002198,20,8,24,17:10,1,1,4,1,6,42256,M,"45,4801480","4,1903990",42
202000002199,20,2,2,18:45,3,1,1,8,7,13082,M,"43,6442740","5,3192280",13
202000002200,20,8,24,11:14,1,1,1,1,2,57333,M,"48,7496460","7,1411990",57
202000002201,20,2,4,11:40,1,2,2,1,3,38454,M,"45,1536310","5,3346800",38
202000002202,20,2,4,09:00,1,1,3,1,1,33122,M,"44,7324780"," -0,7251350",33
202000002203,20,8,23,09:17,1,1,1,1,5,98725,P," -17,5625910"," -149,4760510",987
202000002204,20,2,3,18:45,3,1,1,1,2,13065,M,"43,6837750","4,8909380",13
202000002205,20,8,22,22:45,5,2,6,1,6,98712,P," -17,5249640"," -149,5266080",987
202000002206,20,2,4,09:00,1,1,3,1,3,13058,M,"43,7124100","4,8165180",13
202000002207,20,8,23,09:00,1,1,1,2,7,98830,C," -20,9073300","165,1147000",988
202000002208,20,2,4,10:25,1,2,1,1,6,17264,M,"46,2034840"," -1,1605060",17
202000002209,20,2,4,01:50,3,2,1,1,6,95604,M,"49,1173497","2,5329548",95
202000002210,20,8,22,17:00,1,1,1,1,5,97311,G,"5,4032170"," -54,0623470",973
202000002211,20,2,4,10:00,1,1,1,7,2,38053,M,"45,5973400","5,2774400",38
202000002212,20,8,23,19:20,5,2,1,1,1,97304,G,"5,1558720"," -52,6596590",973
202000002213,20,2,4,06:15,5,2,6,1,3,84054,M,"43,9218400","5,0478780",84
202000002214,20,2,4,06:23,2,1,1,8,1,38455,M,"45,6460700","5,3019700",38
202000002215,20,8,24,06:30,1,2,3,1,1,97116,A,"16,3221470"," -61,4183060",971
202000002216,20,2,4,07:45,2,2,1,2,6,81140,M,"43,7015210","1,8223090",81
202000002217,20,8,22,04:00,5,1,1,3,6,97117,A,"16,2873270"," -61,4191480",971
202000002218,20,2,3,18:45,5,2,3,1,2,33165,M,"44,8229010"," -0,4445820",33
202000002219,20,2,3,07:10,5,2,2,2,3,22093,M,"48,4744580"," -2,5561560",22
202000002220,20,8,13,17:58,1,2,2,1,3,45324,M,"47,7918920","2,1955540",45
202000002221,20,1,30,08:15,1,1,1,1,6,01248,M,"45,8825200","4,8951200",01
202000002222,20,8,15,22:15,5,2,8,1,6,91386,M,"48,5739290","2,4483240",91
202000002223,20,1,31,13:40,1,1,9,1,2,69029,M,"45,7304000","4,8987000",69
202000002224,20,8,23,23:40,5,1,1,1,6,05063,M,"45,0465410","6,3116720",05
202000002225,20,1,30,23:00,3,1,1,2,-1,59515,M,"50,3337200","3,4460830",59
202000002226,20,8,23,16:00,1,1,1,1,-1,05063,M,"45,0362050","6,2219150",05
202000002227,20,1,30,19:30,3,1,1,1,3,59378,M,"50,6444990","3,0949890",59
202000002228,20,1,26,18:10,3,1,1,1,2,59509,M,"50,3993406","3,1069207",59
202000002229,20,8,24,10:40,1,2,3,1,3,04039,M,"43,8547110","6,5016160",04
202000002230,20,2,3,17:40,3,1,1,2,4,91340,M,"48,6057000","2,4361000",91
202000002231,20,8,24,10:50,1,1,1,1,4,26058,M,"44,9790370","4,8835950",26
202000002232,20,8,23,17:15,1,2,1,1,6,57134,M,"49,1185420","6,0837270",57
202000002233,20,2,1,23:30,5,1,1,2,2,94034,M,"48,7603700","2,3201700",94
202000002234,20,2,3,07:30,2,1,1,1,3,92047,M,"48,8327031","2,1569367",92
202000002235,20,8,23,19:15,1,1,4,1,2,74032,M,"46,2662320","6,5371330",74
202000002236,20,2,2,11:00,1,1,1,2,6,92078,M,"48,9311347","2,3235192",92
202000002237,20,8,23,17:20,1,1,1,1,6,38061,M,"45,3356650","5,6220070",38
202000002238,20,8,24,18:00,1,1,1,1,6,69220,M,"45,7496550","4,4591670",69
202000002239,20,2,2,05:40,3,1,1,3,3,93006,M,"48,8638800","2,4143300",93
202000002240,20,8,24,18:05,1,2,1,1,2,69003,M,"45,8615940","4,8352610",69
202000002241,20,2,2,00:10,3,1,1,2,2,95018,M,"48,9497000","2,2805200",95
202000002242,20,8,14,15:00,1,2,1,1,3,69163,M,"45,9210800","4,7557280",69
202000002243,20,2,2,01:15,3,1,1,2,1,93027,M,"48,9271000","2,4035000",93
202000002244,20,2,3,04:00,3,1,1,2,6,77122,M,"48,6624223","2,6136211",77
202000002245,20,2,2,23:20,3,1,1,3,-1,77146,M,"48,8315670","2,6463320",77
202000002246,20,2,2,18:29,5,2,1,2,1,69259,M,"45,6955000","4,8611000",69
202000002247,20,2,2,07:52,2,2,6,2,6,69276,M,"45,6870700","4,8613900",69
202000002248,20,8,20,01:30,5,2,2,1,5,33109,M,"44,6977390"," -0,4472420",33
202000002249,20,2,2,00:30,5,2,2,2,3,95585,M,"48,9782400","2,3677400",95
202000002250,20,3,14,07:00,3,1,1,1,7,72154,M,"47,7223900"," -0,0813620",72
202000002251,20,2,2,04:50,3,1,1,1,6,83069,M,"43,1256500","6,0905700",83
202000002252,20,8,23,20:30,1,1,1,1,6,29238,M,"48,3105160"," -4,5706990",29
202000002253,20,8,23,20:30,1,1,1,1,6,29238,M,"48,3104730"," -4,5707090",29
202000002254,20,2,2,10:55,1,1,1,1,1,82121,M,"43,9937100","1,3869500",82
202000002255,20,8,23,13:00,1,1,1,1,7,29042,M,"48,2584560"," -4,5545250",29
202000002256,20,8,24,07:10,2,2,1,1,3,27279,M,"49,1017740","1,6151460",27
202000002257,20,2,1,11:00,1,2,3,3,3,77305,M,"48,3898200","2,9460200",77
202000002258,20,8,23,18:31,1,2,9,1,7,60542,M,"49,4010530","2,1776530",60
202000002259,20,2,2,20:35,5,2,3,1,3,69266,M,"45,7625695","4,8819208",69
202000002260,20,2,2,16:34,1,2,1,2,2,69256,M,"45,7887000","4,9083000",69
202000002261,20,8,23,15:50,1,1,1,1,-1,59054,M,"50,7611530","2,4220370",59
202000002262,20,2,2,18:25,2,2,3,1,3,64024,M,"43,5181600"," -1,5237400",64
202000002263,20,8,23,19:12,1,1,1,1,4,13005,M,"43,2888800","5,5494800",13
202000002264,20,2,2,16:20,1,2,1,1,2,64024,M,"43,4971400"," -1,5431200",64
202000002265,20,8,22,12:00,1,1,1,1,6,69290,M,"45,7011300","4,9707800",69
202000002266,20,8,23,00:20,3,1,1,1,5,69287,M,"45,6827524","5,0111167",69
202000002267,20,2,1,12:35,1,1,1,3,7,54079,M,"48,8734400","6,0628100",54
202000002268,20,8,17,20:50,1,1,1,1,2,42097,M,"45,5122100","4,3014500",42
202000002269,20,8,22,08:45,1,1,9,1,6,57764,M,"49,4544700","6,1208700",57
202000002270,20,2,2,04:02,3,1,1,3,6,45068,M,"48,0150000","2,7397500",45
202000002271,20,8,23,19:45,1,1,1,1,2,91339,M,"48,6233900","2,2677200",91
202000002272,20,2,2,17:40,5,2,1,2,1,38544,M,"45,5283271","4,8725098",38
202000002273,20,2,2,12:15,1,1,1,8,6,35238,M,"48,1234300"," -1,7186100",35
202000002274,20,8,23,03:00,3,1,1,1,2,91689,M,"48,7453000","2,3245400",91
202000002275,20,2,2,08:50,1,2,2,1,3,34172,M,"43,6170300","3,8611500",34
202000002276,20,8,23,21:30,3,1,1,1,4,92036,M,"48,9335031","2,2748584",92
202000002277,20,2,2,22:30,5,1,2,1,1,33318,M,"44,7823700"," -0,6888700",33
202000002278,20,8,22,21:00,4,1,1,1,6,93029,M,"48,9195400","2,4281000",93
202000002279,20,2,1,22:20,5,2,1,2,6,14437,M,"49,1853358"," -0,3338853",14
202000002280,20,8,22,21:35,3,1,1,1,7,94074,M,"48,7679129","2,4522546",94
202000002281,20,2,2,20:30,5,2,1,1,6,13202,M,"43,3214000","5,3628000",13
202000002282,20,2,2,18:20,5,2,1,1,-1,13210,M,"43,2816344","5,4238523",13
202000002283,20,5,29,17:20,1,2,3,1,5,67180,M,"48,8208816","7,7830378",67
202000002284,20,2,2,16:10,1,2,1,1,6,13201,M,"43,2976400","5,3815600",13
202000002285,20,2,8,03:50,5,2,1,1,2,05061,M,"44,5610900","6,0802300",05
202000002286,20,2,2,04:40,5,2,1,1,2,13210,M,"43,2767570","5,4036170",13
202000002287,20,2,2,03:50,5,2,1,1,6,07186,M,"44,7349860","4,6046290",07
202000002288,20,7,2,16:18,1,2,2,9,6,98735,P," -17,5375900"," -149,5621900",987
202000002289,20,8,22,20:20,1,2,1,1,7,69387,M,"45,7341200","4,8383500",69
202000002290,20,2,2,15:00,1,2,1,1,6,06069,M,"43,6483000","6,9555000",06
202000002291,20,8,22,07:40,1,2,1,2,-1,69259,M,"45,7158400","4,8782700",69
202000002292,20,2,2,03:05,5,2,4,3,-1,75113,M,"48,8173690","2,3661210",75
202000002293,20,8,22,18:10,1,2,3,1,1,97209,A,"14,6143300"," -61,0513800",972
202000002294,20,2,2,22:28,5,2,3,2,3,75106,M,"48,8562880","2,3366070",75
202000002295,20,8,22,11:04,1,2,1,1,2,97209,A,"14,6052700"," -61,0645900",972
202000002296,20,8,21,17:15,1,1,1,1,1,2B033,M,"42,6938600","9,4393900",2B
202000002297,20,2,2,19:20,5,2,1,2,6,75106,M,"48,8463250","2,3175780",75
202000002298,20,8,21,14:45,1,2,1,1,3,95585,M,"48,9871170","2,3794910",95
202000002299,20,2,2,12:05,1,2,2,8,3,75106,M,"48,8513900","2,3431740",75
202000002300,20,8,22,14:30,1,2,1,1,2,95060,M,"49,0364100","2,2096500",95
202000002301,20,8,22,14:55,1,2,1,1,2,91161,M,"48,6995990","2,3118320",91
202000002302,20,2,2,01:35,5,2,2,2,4,75105,M,"48,8489020","2,3474610",75
202000002303,20,8,21,04:45,5,2,2,2,7,91201,M,"48,6862000","2,4088400",91
202000002304,20,2,2,12:00,1,2,2,2,3,75119,M,"48,8804340","2,4083090",75
202000002305,20,8,22,16:30,1,1,1,1,4,83069,M,"43,1206600","6,1859000",83
202000002306,20,8,22,10:30,1,2,1,2,3,83069,M,"43,1210500","6,1342200",83
202000002307,20,8,22,17:00,1,2,1,1,5,78551,M,"48,8968600","2,0800100",78
202000002308,20,8,22,20:55,2,2,1,8,6,78440,M,"48,9843300","1,9131000",78
202000002309,20,8,22,23:00,3,1,1,1,6,77459,M,"48,5269769","3,3457017",77
202000002310,20,8,22,09:39,1,2,2,1,3,74010,M,"45,9036350","6,1273700",74
202000002311,20,8,22,06:20,1,2,1,1,6,71153,M,"46,7952867","4,4258525",71
202000002312,20,8,21,17:00,1,1,3,1,3,71540,M,"46,7878501","4,4443368",71
202000002313,20,8,22,14:44,1,2,3,1,1,69256,M,"45,7882300","4,9125970",69
202000002314,20,8,22,12:30,1,1,1,1,6,60159,M,"49,4190700","2,8260700",60
202000002315,20,8,21,19:00,1,2,1,1,3,59512,M,"50,6719600","3,1717800",59
202000002316,20,8,22,08:50,1,2,2,1,3,59410,M,"50,6353900","3,1017600",59
202000002317,20,8,21,13:15,1,2,6,1,1,35238,M,"48,1326114"," -1,6902306",35
202000002318,20,8,22,09:40,1,2,1,1,6,34172,M,"43,6311700","3,8425000",34
202000002319,20,8,22,04:35,5,2,7,1,3,33063,M,"44,8662100"," -0,5748900",33
202000002320,20,8,22,11:30,1,2,1,1,6,33009,M,"44,6519700"," -1,1476400",33
202000002321,20,8,22,17:05,1,2,1,1,6,30189,M,"43,8384000","4,3498000",30
202000002322,20,8,21,23:25,3,1,2,1,3,30189,M,"43,8143000","4,3965800",30
202000002323,20,8,20,09:15,1,2,3,1,6,29039,M,"47,8719510"," -3,9067380",29
202000002324,20,8,21,12:00,1,2,2,1,1,29019,M,"48,4168997"," -4,4870260",29
202000002325,20,8,21,22:45,2,2,1,1,3,25056,M,"47,2215100","5,9729100",25
202000002326,20,8,22,20:54,1,2,1,1,7,17300,M,"46,1610000"," -1,1370500",17
202000002327,20,8,22,10:05,1,2,1,1,6,15014,M,"44,9305360","2,4458920",15
202000002328,20,8,21,08:00,1,1,1,1,6,14578,M,"49,3686477","0,1327671",14
202000002329,20,8,3,16:48,1,2,2,1,6,14117,M,"49,2859364"," -0,1225606",14
202000002330,20,8,22,21:35,5,2,2,1,3,13206,M,"43,2886910","5,3731030",13
202000002331,20,8,22,22:50,5,2,1,1,6,06088,M,"43,7057300","7,2657700",06
202000002332,20,8,22,21:10,5,2,1,1,6,06083,M,"43,7841850","7,5174950",06
202000002333,20,8,22,11:40,1,2,1,1,2,06029,M,"43,5514100","7,0174900",06
202000002334,20,8,21,16:30,1,2,1,1,2,75116,M,"48,8697840","2,2716840",75
202000002335,20,8,21,18:15,1,2,1,1,-1,75113,M,"48,8178840","2,3535100",75
202000002336,20,8,22,18:35,1,2,2,1,6,75105,M,"48,8380900","2,3559530",75
202000002337,20,8,22,17:45,1,2,1,1,3,75120,M,"48,8633070","2,3890160",75
202000002338,20,7,23,10:55,1,2,1,1,6,2A004,M,"41,9455300","8,7522500",2A
202000002339,20,7,19,15:48,1,2,1,7,4,91477,M,"48,7211000","2,2612000",91
202000002340,20,7,23,08:15,1,2,1,7,6,91691,M,"48,7307500","2,5034200",91
202000002341,20,7,22,15:45,1,2,1,2,7,91223,M,"48,4448190","2,1670332",91
202000002342,20,7,22,20:45,1,2,1,1,2,91223,M,"48,4502100","2,1720400",91
202000002343,20,7,23,10:49,1,2,2,1,6,87085,M,"45,8390700","1,2608200",87
202000002344,20,7,21,18:55,1,2,1,1,2,85194,M,"46,4817000"," -1,7162000",85
202000002345,20,7,22,18:27,1,2,1,1,6,80021,M,"49,8884000","2,3185100",80
202000002346,20,7,22,18:55,1,2,2,1,3,76540,M,"49,4399000","1,0652000",76
202000002347,20,7,22,20:45,1,2,1,1,1,76351,M,"49,5045477","0,1400154",76
202000002348,20,7,22,16:55,1,1,1,1,3,74118,M,"46,1715200","6,2141400",74
202000002349,20,7,22,12:30,1,2,1,1,6,74012,M,"46,1917600","6,2374100",74
202000002350,20,7,23,13:30,1,2,1,1,6,74010,M,"45,9017600","6,1302200",74
202000002351,20,7,22,21:20,5,2,3,1,2,73065,M,"45,5695318","5,9330445",73
202000002352,20,7,22,21:00,5,2,1,1,1,67043,M,"48,6137475","7,7625997",67
202000002353,20,7,22,07:40,2,2,2,7,3,67482,M,"48,5749724","7,7339287",67
202000002354,20,7,23,15:50,1,2,1,1,3,64445,M,"43,3113100"," -0,3652700",64
202000002355,20,7,22,17:15,1,2,1,1,3,64102,M,"43,4970960"," -1,4877600",64
202000002356,20,7,22,15:50,1,2,1,1,3,64102,M,"43,4925000"," -1,4653000",64
202000002357,20,7,22,16:15,1,1,1,1,1,62277,M,"50,3920900","2,9420900",62
202000002358,20,7,23,17:05,1,1,3,1,2,61117,M,"48,4249380","0,0201490",61
202000002359,20,7,23,16:20,1,2,9,1,3,59350,M,"50,6182493","3,0329293",59
202000002360,20,7,19,17:20,1,2,9,1,1,59360,M,"50,6142400","3,0275300",59
202000002361,20,7,23,11:00,1,2,1,1,-1,52448,M,"48,6373810","4,9446780",52
202000002362,20,7,23,19:25,1,2,2,7,3,51454,M,"49,2610094","4,0489804",51
202000002363,20,7,20,12:10,1,2,1,1,3,50129,M,"49,6337700"," -1,6182900",50
202000002364,20,7,22,17:32,1,2,1,1,3,49007,M,"47,4505700"," -0,5527800",49
202000002365,20,7,7,11:39,1,2,1,1,3,44184,M,"47,2655500"," -2,2515400",44
202000002366,20,7,22,20:30,1,2,2,1,3,42071,M,"46,0275200","4,0840600",42
202000002367,20,7,23,14:35,1,2,1,1,1,42095,M,"45,3913100","4,2831300",42
202000002368,20,7,23,13:15,1,2,1,1,2,38151,M,"45,1493700","5,7059700",38
202000002369,20,7,23,22:00,5,2,1,1,-1,37261,M,"47,4004291","0,7008188",37
202000002370,20,7,23,18:40,1,2,3,1,2,37261,M,"47,4169302","0,6933571",37
202000002371,20,7,23,16:50,1,2,1,1,4,37122,M,"47,3727657","0,6533272",37
202000002372,20,7,23,23:00,5,2,1,1,7,35238,M,"48,0940100"," -1,6774000",35
202000002373,20,7,23,09:20,1,2,1,1,3,35238,M,"48,0905670"," -1,6663940",35
202000002374,20,7,14,15:00,1,2,2,1,6,33039,M,"44,8155600"," -0,5514300",33
202000002375,20,7,3,17:15,1,2,4,1,6,33063,M,"44,8262700"," -0,5533700",33
202000002376,20,7,3,13:20,1,2,2,1,6,33063,M,"44,8301800"," -0,5697900",33
202000002377,20,7,3,07:29,1,2,8,1,6,33063,M,"44,8253400"," -0,5570400",33
202000002378,20,7,23,21:05,2,2,1,1,7,33009,M,"44,6602300"," -1,1907700",33
202000002379,20,7,23,00:20,5,2,1,1,6,31555,M,"43,6113519","1,4397293",31
202000002380,20,7,22,21:05,2,2,6,1,2,30189,M,"43,8313700","4,3815800",30
202000002381,20,7,22,09:35,1,2,1,1,6,27299,M,"49,0465700","1,1621700",27
202000002382,20,7,23,19:35,1,2,3,1,3,26362,M,"44,9102700","4,9191700",26
202000002383,20,7,21,17:35,1,2,1,1,6,22187,M,"48,5640060"," -2,7583170",22
202000002384,20,7,23,18:10,1,2,1,1,7,17300,M,"46,1383000"," -1,1532000",17
202000002385,20,7,23,17:25,1,2,1,1,3,17299,M,"45,9463500"," -0,9680200",17
202000002386,20,7,23,16:05,1,2,3,1,3,15014,M,"44,9197500","2,4391000",15
202000002387,20,7,23,01:45,5,2,1,1,7,13216,M,"43,3526200","5,3378400",13
202000002388,20,7,23,04:45,5,2,6,1,3,13002,M,"43,3379687","5,4725470",13
202000002389,20,7,23,03:50,5,2,1,1,3,13206,M,"43,2840000","5,3848000",13
202000002390,20,7,22,19:50,1,2,2,1,-1,13028,M,"43,1693030","5,6035690",13
202000002391,20,7,22,11:20,1,1,1,1,4,13004,M,"43,6781820","4,6111990",13
202000002392,20,7,23,15:16,1,2,2,7,3,10387,M,"48,2990000","4,0500000",10
202000002393,20,7,22,16:40,1,2,3,1,3,10387,M,"48,2903800","4,0717900",10
202000002394,20,7,23,11:50,1,2,1,1,7,06069,M,"43,6638470","6,9336580",06
202000002395,20,7,23,11:00,1,2,1,1,6,06069,M,"43,6566770","6,9340980",06
202000002396,20,7,22,02:15,5,1,6,1,6,06004,M,"43,6125580","7,1263620",06
202000002397,20,7,16,17:42,1,2,2,1,6,06004,M,"43,5838100","7,1063900",06
202000002398,20,7,23,08:15,1,2,4,1,4,75113,M,"48,8187110","2,3702520",75
202000002399,20,7,21,12:40,1,2,1,1,7,75118,M,"48,9008470","2,3344370",75
202000002400,20,7,22,18:45,1,2,1,1,2,75112,M,"48,8495980","2,3750900",75
202000002401,20,7,22,15:32,1,2,2,1,-1,75108,M,"48,8819720","2,3204890",75
202000002402,20,7,23,18:30,1,2,3,1,6,75118,M,"48,8868420","2,3596270",75
202000002403,20,7,22,12:00,1,2,1,1,2,75116,M,"48,8545390","2,2549230",75
202000002404,20,7,23,12:30,1,2,2,1,5,75115,M,"48,8345700","2,2668430",75
202000002405,20,7,23,17:10,1,2,3,1,6,75114,M,"48,8322290","2,3128690",75
202000002406,20,7,22,23:57,5,2,2,1,3,75113,M,"48,8419180","2,3678890",75
202000002407,20,7,22,21:45,5,2,1,1,3,75111,M,"48,8572180","2,3928600",75
202000002408,20,7,23,16:30,1,2,1,1,3,75109,M,"48,8834810","2,3483250",75
202000002409,20,7,23,10:40,1,2,3,1,6,75109,M,"48,8756870","2,3277740",75
202000002410,20,7,23,12:50,1,2,2,1,6,75108,M,"48,8687830","2,3218500",75
202000002411,20,7,23,00:07,5,2,7,1,6,75108,M,"48,8642830","2,3022390",75
202000002412,20,7,23,15:10,1,2,2,1,3,75107,M,"48,8494160","2,3037870",75
202000002413,20,7,23,19:30,1,2,5,1,3,75102,M,"48,8673280","2,3439420",75
202000002414,20,7,23,17:00,1,2,2,1,3,75103,M,"48,8662330","2,3525340",75
202000002415,20,7,23,06:43,1,2,2,1,3,75104,M,"48,8572300","2,3471120",75
202000002416,20,7,22,21:40,2,2,3,1,3,94081,M,"48,7781000","2,3965000",94
202000002417,20,7,23,17:40,1,2,7,1,6,94067,M,"48,8474200","2,4177500",94
202000002418,20,7,22,16:45,1,2,1,1,1,94041,M,"48,8194900","2,3983800",94
202000002419,20,7,21,16:10,1,2,2,1,3,94033,M,"48,8535530","2,4524220",94
202000002420,20,7,23,18:20,1,2,2,1,3,94054,M,"48,7451000","2,3887000",94
202000002421,20,7,22,13:50,1,2,3,7,3,94017,M,"48,8201000","2,4817400",94
202000002422,20,7,23,21:50,5,2,9,1,3,93072,M,"48,9454700","2,3866600",93
202000002423,20,7,23,16:10,1,2,1,1,4,93070,M,"48,9149000","2,3376700",93
202000002424,20,7,23,11:10,1,2,1,1,6,93070,M,"48,9069300","2,3443700",93
202000002425,20,7,23,22:45,5,2,1,1,6,93048,M,"48,8578600","2,4349700",93
202000002426,20,7,23,17:55,1,2,2,1,3,93010,M,"48,8990757","2,4922026",93
202000002427,20,7,22,18:20,5,2,9,1,2,92072,M,"48,8092392","2,2058699",92
202000002428,20,7,23,15:30,1,2,1,1,2,92012,M,"48,8383046","2,2408569",92
202000002429,20,7,23,14:45,1,1,1,1,4,54238,M,"48,4116562","6,2328529",54
202000002430,20,7,24,16:40,1,1,1,1,3,01248,M,"45,8907080","4,9268500",01
202000002431,20,7,23,14:00,1,1,1,1,7,83072,M,"43,5038730","6,3572480",83
202000002432,20,7,23,12:00,1,1,1,1,7,41137,M,"47,5215770","1,1338660",41
202000002433,20,7,23,18:35,1,1,3,1,3,81311,M,"43,7118820","2,2070930",81
202000002434,20,7,23,16:30,1,1,2,1,3,60256,M,"49,2970390","2,0268650",60
202000002435,20,7,23,17:30,1,2,1,1,6,60196,M,"49,3010242","2,0892921",60
202000002436,20,7,23,17:45,1,1,1,1,7,28309,M,"48,3497470","1,6232300",28
202000002437,20,7,24,07:05,1,2,1,1,1,97414,R," -21,2838460","55,3953730",974
202000002438,20,7,23,01:45,5,2,1,1,6,59553,M,"50,5944650","2,9648390",59
202000002439,20,7,22,01:25,5,2,6,1,6,57269,M,"49,2988450","6,1914830",57
202000002440,20,7,21,15:15,1,2,1,1,2,57409,M,"49,0384150","6,7528230",57
202000002441,20,7,23,18:10,1,2,3,1,3,56178,M,"48,0659310"," -2,9683850",56
202000002442,20,7,21,15:55,1,2,6,1,6,56175,M,"47,7363290"," -2,9140700",56
202000002443,20,7,24,16:50,1,1,3,1,3,81242,M,"43,5153190","2,1380850",81
202000002444,20,7,24,07:30,2,1,1,1,6,61486,M,"48,7339030"," -0,7055070",61
202000002445,20,7,23,18:10,1,1,1,1,6,61198,M,"48,8975650","0,2074690",61
202000002446,20,7,23,17:36,1,1,1,1,4,42227,M,"45,7156340","3,9155750",42
202000002447,20,7,23,11:37,1,1,6,1,3,22232,M,"48,6414520"," -2,8911420",22
202000002448,20,7,23,21:50,3,1,1,1,6,44186,M,"47,0735960"," -1,8548600",44