Num_Acc,an,mois,jour,hrmn,lum,agg,int,atm,col,com,gps,lat,long,dep
202000002449,20,7,24,16:10,1,2,1,1,3,02373,M,"49,8085580","3,9186220",02
202000002450,20,7,23,14:05,1,2,1,1,2,02810,M,"49,2384610","3,0984290",02
202000002451,20,7,23,09:15,1,2,1,1,3,02543,M,"49,1697550","3,2619520",02
202000002452,20,7,23,12:10,1,1,1,1,7,03284,M,"46,4004451","3,5812378",03
202000002453,20,7,24,17:25,1,1,1,1,1,03213,M,"46,4632717","2,6227127",03
202000002454,20,7,24,16:55,1,1,1,1,6,15019,M,"45,2990110","2,4026580",15
202000002455,20,7,21,10:00,1,1,9,1,1,70554,M,"47,8870250","5,9428100",70
202000002456,20,7,24,11:30,1,2,1,1,4,26113,M,"44,7510080","5,3728350",26
202000002457,20,7,23,17:15,1,1,2,1,5,14578,M,"49,3554190","0,1708140",14
202000002458,20,7,23,18:05,1,1,1,1,7,04157,M,"43,8535673","6,1166423",04
202000002459,20,7,23,11:45,1,1,4,1,3,85116,M,"46,4212480"," -1,3908920",85
202000002460,20,7,14,09:00,1,1,1,2,7,27643,M,"48,7501590","1,0302335",27
202000002461,20,7,23,05:40,2,1,1,1,3,30116,M,"43,9400830","4,6013030",30
202000002462,20,7,24,11:45,1,1,3,1,3,48089,M,"44,8444820","3,3632330",48
202000002463,20,7,24,15:30,1,1,1,1,7,88124,M,"48,0822290","6,0415630",88
202000002464,20,7,23,17:30,1,1,1,3,1,34247,M,"43,7028780","3,8524890",34
202000002465,20,7,14,01:01,3,1,1,2,6,06088,M,"43,6715420","7,2015860",06
202000002466,20,7,24,09:15,1,2,1,1,-1,38485,M,"45,1714550","5,6959870",38
202000002467,20,7,24,18:30,1,2,1,1,3,69143,M,"45,8863968","4,8315037",69
202000002468,20,7,24,14:45,1,1,1,1,2,13051,M,"43,5927630","5,1767920",13
202000002469,20,7,23,17:27,1,1,1,1,2,51205,M,"49,0339863","4,3901906",51
202000002470,20,7,18,13:15,1,1,1,8,7,97312,G,"5,0606320"," -53,0507030",973
202000002471,20,7,23,19:05,1,1,1,1,7,78068,M,"49,0350550","1,4616540",78
202000002472,20,7,24,14:32,1,1,1,1,7,2B314,M,"42,6614210","9,2759800",2B
202000002473,20,7,24,18:20,1,1,1,1,3,2A041,M,"41,4031082","9,1588773",2A
202000002474,20,7,24,16:50,1,1,1,1,7,84019,M,"44,3087410","4,7353860",84
202000002475,20,7,22,15:15,1,1,1,1,6,05014,M,"44,2681590","5,7628870",05
202000002476,20,7,23,09:00,1,1,1,1,5,13062,M,"43,4182350","5,4991720",13
202000002477,20,7,20,21:00,1,1,1,1,1,67519,M,"48,6705100","7,8252380",67
202000002478,20,7,23,19:30,1,1,6,1,2,67188,M,"48,5303215","7,3810299",67
202000002479,20,7,22,20:55,1,1,1,1,7,54145,M,"48,6344401","6,3940001",54
202000002480,20,7,23,12:05,1,2,1,7,6,57620,M,"49,1916220","6,0022150",57
202000002481,20,7,23,10:30,1,1,1,7,3,74160,M,"45,8600700","6,3528870",74
202000002482,20,7,24,09:00,1,2,1,1,1,69127,M,"45,7778434","4,7160985",69
202000002483,20,7,19,16:00,1,1,1,1,7,86123,M,"46,5600360","0,0434490",86
202000002484,20,7,23,08:25,2,2,9,7,3,72154,M,"47,7013860"," -0,0549320",72
202000002485,20,7,24,09:40,1,1,3,8,1,22173,M,"48,5591070"," -2,5761440",22
202000002486,20,7,24,15:55,1,1,6,1,-1,60341,M,"49,0849245","2,7571554",60
202000002487,20,7,23,17:17,1,2,1,1,2,13202,M,"43,3087905","5,3664652",13
202000002488,20,7,6,16:15,1,1,1,1,3,13215,M,"43,3495940","5,3692850",13
202000002489,20,7,23,09:00,1,1,1,1,5,69297,M,"45,5963270","4,7963415",69
202000002490,20,7,23,17:20,1,1,1,1,5,33162,M,"44,8624200"," -0,6568900",33
202000002491,20,7,23,18:40,1,1,1,1,5,33281,M,"44,8539300"," -0,6648200",33
202000002492,20,7,23,10:35,1,1,1,1,2,33249,M,"44,8793900"," -0,5098000",33
202000002493,20,7,23,07:58,1,1,1,1,5,94003,M,"48,8097100","2,3387900",94
202000002494,20,2,12,04:45,5,2,1,8,6,17300,M,"46,1670300"," -1,1578700",17
202000002495,20,2,8,19:33,3,1,1,1,2,17028,M,"46,1450100"," -1,1086600",17
202000002496,20,2,7,17:15,1,2,1,8,4,17300,M,"46,1689900"," -1,1520500",17
202000002497,20,2,12,14:30,1,2,1,1,6,17200,M,"46,1832500"," -1,1524700",17
202000002498,20,2,3,11:15,1,1,1,1,7,17028,M,"46,1438000"," -1,1076000",17
202000002499,20,2,2,13:40,1,2,2,8,7,17200,M,"46,1808800"," -1,1671200",17
202000002500,20,2,2,16:00,1,2,2,8,3,17291,M,"46,1779400"," -1,1190500",17
202000002501,20,2,2,03:24,5,2,9,3,6,17300,M,"46,1473800"," -1,1529500",17
202000002502,20,2,4,09:10,1,2,1,1,6,17291,M,"46,1794500"," -1,1286500",17
202000002503,20,1,29,07:55,5,2,1,2,3,17291,M,"46,1776900"," -1,1168200",17
202000002504,20,1,28,13:55,1,2,1,2,3,17274,M,"46,1546800"," -1,1114900",17
202000002505,20,1,23,20:05,5,2,2,2,3,17300,M,"46,1601900"," -1,1464600",17
202000002506,20,1,19,07:20,5,2,1,1,1,17300,M,"46,1622200"," -1,1393200",17
202000002507,20,1,21,08:30,1,1,1,8,2,26057,M,"45,0068000","5,0370600",26
202000002508,20,12,14,05:30,4,2,1,2,7,22106,M,"48,4941800"," -2,7234000",22
202000002509,20,12,13,18:25,5,2,1,1,2,84007,M,"43,9287500","4,8127200",84
202000002510,20,1,10,06:25,3,1,1,1,2,76484,M,"49,3379750","1,0720490",76
202000002511,20,2,4,14:25,1,2,1,1,3,92051,M,"48,8888755","2,2739229",92
202000002512,20,2,18,16:20,1,1,1,1,5,73232,M,"45,5573940","6,8988700",73
202000002513,20,12,23,15:00,1,2,2,2,6,62193,M,"50,9379200","1,8578200",62
202000002514,20,12,18,17:05,5,2,9,1,6,62765,M,"50,7439560","2,2599850",62
202000002515,20,12,14,16:15,2,2,1,3,3,62065,M,"50,4133410","2,8332820",62
202000002516,20,11,12,18:15,5,2,7,1,2,75107,M,"48,8513600","2,3268740",75
202000002517,20,9,11,18:13,1,2,1,1,3,92051,M,"48,8818627","2,2777744",92
202000002518,20,12,19,19:50,5,2,1,1,6,94022,M,"48,7691321","2,4221045",94
202000002519,20,7,21,18:52,1,2,2,1,3,59512,M,"50,6780600","3,1854500",59
202000002520,20,7,1,23:15,5,2,1,1,7,59650,M,"50,6953500","3,2071300",59
202000002521,20,6,28,15:55,1,2,1,1,6,59512,M,"50,6964067","3,1821674",59
202000002522,20,5,28,20:50,1,2,1,1,6,59367,M,"50,6748000","3,2282000",59
202000002523,20,5,20,00:55,5,2,2,1,3,59512,M,"50,6738400","3,1930200",59
202000002524,20,5,18,20:00,1,2,3,1,3,59299,M,"50,6687000","3,2016100",59
202000002525,20,5,10,07:40,2,2,3,2,3,59163,M,"50,6753460","3,1443910",59
202000002526,20,12,12,12:09,1,1,1,2,3,74128,M,"46,1519960","6,3344550",74
202000002527,20,2,5,16:50,3,1,4,1,1,35150,M,"48,3330500"," -1,2142180",35
202000002528,20,10,29,11:10,1,2,3,2,6,45232,M,"47,8641700","1,9015400",45
202000002529,20,10,27,18:15,5,2,4,2,4,75116,M,"48,8408080","2,2539150",75
202000002530,20,10,24,14:15,1,2,2,2,6,75107,M,"48,8599400","2,3101780",75
202000002531,20,11,14,23:40,5,2,1,1,6,74085,M,"45,8107720","6,7282780",74
202000002532,20,10,26,00:35,5,1,1,1,6,74154,M,"46,4061420","6,6750130",74
202000002533,20,11,10,16:30,2,1,3,5,3,74116,M,"46,0653150","6,2836610",74
202000002534,20,11,18,17:35,2,2,3,2,6,58194,M,"46,9923000","3,1597000",58
202000002535,20,11,12,12:57,1,2,1,1,6,75119,M,"48,8861660","2,3714300",75
202000002536,20,8,27,09:15,1,1,9,1,6,97409,R," -20,9350100","55,6464400",974
202000002537,20,6,22,18:30,1,2,1,1,6,91105,M,"48,5677880","2,1754780",91
202000002538,20,10,25,17:55,5,2,2,3,2,75112,M,"48,8386260","2,3761890",75
202000002539,20,10,8,05:45,3,1,1,1,3,34300,M,"43,3830780","3,3087620",34
202000002540,20,12,12,09:35,1,1,3,3,-1,38458,M,"45,6393700","5,4760300",38
202000002541,20,7,12,12:15,5,1,1,1,1,64422,M,"43,2097660"," -0,6407300",64
202000002542,20,10,22,17:15,1,1,1,1,7,52121,M,"48,1156800","5,1193100",52
202000002543,20,10,16,19:15,2,2,1,1,2,52121,M,"48,1089100","5,1406700",52
202000002544,20,8,22,19:06,1,2,1,1,1,52125,M,"48,1085400","5,1722500",52
202000002545,20,9,15,12:23,1,1,1,1,7,73290,M,"45,2833400","6,8296060",73
202000002546,20,6,19,20:45,1,2,9,1,3,59616,M,"50,4721370","3,5657541",59
202000002547,20,8,23,09:11,1,2,2,1,6,76498,M,"49,4251700","1,0569700",76
202000002548,20,9,10,08:25,1,1,1,1,1,74133,M,"46,1776000","6,2140000",74
202000002549,20,12,28,18:25,5,2,1,2,6,43041,M,"45,0497200","3,9180100",43
202000002550,20,12,23,14:50,1,2,1,3,6,54280,M,"49,2278200","6,0174800",54
202000002551,20,2,6,10:30,1,2,1,1,2,17028,M,"46,1334400"," -1,1191750",17
202000002552,20,2,6,14:45,1,2,2,1,3,17300,M,"46,1630800"," -1,1522200",17
202000002553,20,2,3,04:50,5,2,6,1,3,17274,M,"46,1619400"," -1,0935200",17
202000002554,20,12,24,01:25,5,2,1,9,2,09225,M,"43,1079800","1,6177000",09
202000002555,20,12,20,21:20,5,2,1,2,6,09122,M,"42,9638300","1,6077000",09
202000002556,20,12,18,07:55,2,2,1,1,2,09122,M,"42,9601037","1,6157770",09
202000002557,20,9,30,14:22,1,2,9,1,-1,34108,M,"43,4365738","3,7243907",34
202000002558,20,9,10,21:55,3,1,1,1,6,34301,M,"43,3897000","3,6500000",34
202000002559,20,9,5,21:10,5,2,3,1,3,34301,M,"43,4110440","3,6790820",34
202000002560,20,7,22,13:25,1,1,1,1,1,34301,M,"43,3659600","3,6131000",34
202000002561,20,7,19,18:10,1,2,1,1,6,34301,M,"43,4051100","3,6937000",34
202000002562,20,7,14,13:40,1,2,9,1,7,34108,M,"43,4623200","3,7660000",34
202000002563,20,6,29,08:20,1,2,9,1,3,34108,M,"43,4471200","3,8004200",34
202000002564,20,6,10,20:45,2,2,7,1,1,34301,M,"43,3928000","3,6913000",34
202000002565,20,2,8,16:53,1,1,1,2,7,72050,M,"47,9770100"," -0,2412540",72
202000002566,20,9,28,10:50,1,2,2,2,6,78481,M,"48,8890000","2,0990000",78
202000002567,20,10,7,17:00,1,2,1,1,6,64445,M,"43,3000500"," -0,3680600",64
202000002568,20,7,26,19:45,1,1,1,1,7,38544,M,"45,5244096","4,8852274",38
202000002569,20,6,6,10:00,1,2,1,1,6,30028,M,"44,1567500","4,6226200",30
202000002570,20,7,6,19:45,1,2,2,1,3,35012,M,"47,8409280"," -1,6800810",35
202000002571,20,11,30,08:10,2,2,4,1,3,38544,M,"45,5399300","4,8702100",38
202000002572,20,11,28,17:00,5,2,2,1,3,38104,M,"45,5819700","5,5815000",38
202000002573,20,11,28,16:40,1,2,3,1,6,38544,M,"45,5278200","4,8988500",38
202000002574,20,11,26,16:15,2,1,2,1,1,38054,M,"45,7808300","5,4488800",38
202000002575,20,11,25,17:00,2,2,3,1,3,38053,M,"45,6038500","5,2702000",38
202000002576,20,11,25,09:35,1,2,1,1,7,38170,M,"45,2505590","5,6649110",38
202000002577,20,11,20,14:45,1,1,1,1,7,38314,M,"45,4349900","6,0293200",38
202000002578,20,11,12,17:10,2,1,1,1,1,38244,M,"45,4342450","4,9322610",38
202000002579,20,11,12,10:40,1,2,1,1,6,38053,M,"45,5956200","5,2685400",38
202000002580,20,10,20,16:15,1,1,1,1,1,73300,M,"45,6797423","5,8938684",73
202000002581,20,10,26,04:50,4,2,9,2,6,42095,M,"45,3839700","4,2826100",42
202000002582,20,12,22,18:58,5,2,1,2,6,37261,M,"47,3639600","0,6993500",37
202000002583,20,1,10,14:00,1,2,1,1,3,92044,M,"48,8941461","2,2896529",92
202000002584,20,6,15,12:30,1,1,1,1,2,97213,A,"14,6202400"," -60,9934300",972
202000002585,20,12,2,21:30,5,2,1,8,3,93048,M,"48,8594000","2,4241700",93
202000002586,20,11,18,06:00,3,2,1,1,3,97213,A,"14,6215700"," -61,0064800",972
202000002587,20,9,11,23:10,3,2,1,1,7,97407,R," -20,9502000","55,2884000",974
202000002588,20,6,8,21:36,2,2,1,1,6,35115,M,"48,3508170"," -1,2041900",35
202000002589,20,5,14,17:10,1,2,9,1,3,24557,M,"45,2019100","0,7990800",24
202000002590,20,5,12,07:40,1,2,1,1,6,58194,M,"46,9881300","3,1539900",58
202000002591,20,12,8,17:25,5,2,9,1,6,60057,M,"49,4331580","2,0862980",60
202000002592,20,12,26,19:30,5,2,2,1,3,94058,M,"48,8371560","2,5136410",94
202000002593,20,10,23,08:45,1,2,2,8,3,79329,M,"46,9863300"," -0,2166200",79
202000002594,20,12,3,18:11,5,2,3,2,6,91345,M,"48,6954800","2,2944700",91
202000002595,20,2,9,05:00,5,2,1,1,6,13203,M,"43,3124480","5,3807760",13
202000002596,20,10,14,22:15,5,2,2,1,3,75111,M,"48,8561830","2,3828320",75
202000002597,20,12,17,11:20,1,2,3,1,6,16102,M,"45,6980200"," -0,3277700",16
202000002598,20,12,22,10:40,1,2,9,1,6,19276,M,"45,4398650","1,5618340",19
202000002599,20,12,11,16:05,1,2,1,2,6,01034,M,"45,7594540","5,6903170",01
202000002600,20,10,23,06:45,4,1,1,1,6,14664,M,"49,1205680"," -0,8163360",14
202000002601,20,12,9,13:50,1,2,9,1,-1,97302,G,"4,9346138"," -52,3140085",973
202000002602,20,12,4,10:14,1,2,3,1,3,97302,G,"4,9379938"," -52,3064141",973
202000002603,20,12,5,16:14,1,2,3,2,6,63032,M,"45,7511740","3,0798277",63
202000002604,20,12,18,18:55,3,1,1,1,4,91174,M,"48,6217200","2,4630500",91
202000002605,20,9,23,12:45,1,2,1,1,6,97611,Y," -12,7651900","45,2252100",976
202000002606,20,12,12,08:40,1,2,1,1,6,97611,Y," -12,8010000","45,2071300",976
202000002607,20,12,17,07:15,1,2,1,1,6,97611,Y," -12,7853700","45,2262200",976
202000002608,20,12,20,17:35,1,1,1,1,6,97611,Y," -12,7860300","45,1741000",976
202000002609,20,12,22,17:15,2,2,1,5,6,34172,M,"43,6081040","3,9116200",34
202000002610,20,7,31,06:50,2,2,4,1,3,07204,M,"45,0121403","4,4016143",07
202000002611,20,6,1,15:00,1,1,4,8,3,19275,M,"45,5280600","2,2949500",19
202000002612,20,8,14,05:00,5,2,2,1,-1,18279,M,"47,2222700","2,0677000",18
202000002613,20,12,21,19:17,5,1,1,1,6,97611,Y," -12,7741800","45,2233600",976
202000002614,20,9,16,18:00,1,1,4,1,3,07204,M,"45,0169290","4,4028350",07
202000002615,20,12,11,17:05,5,2,3,2,6,68224,M,"47,7300197","7,3291065",68
202000002616,20,2,18,16:25,1,2,1,1,6,36044,M,"46,8063300","1,7003600",36
202000002617,20,8,14,12:49,1,1,1,1,6,97611,Y," -12,8196025","45,1962039",976
202000002618,20,9,23,15:45,1,2,1,1,3,75108,M,"48,8754890","2,3173680",75
202000002619,20,12,24,17:55,3,1,1,2,1,51078,M,"49,0923497","4,3531763",51
202000002620,20,11,15,16:03,1,1,1,1,3,97129,A,"16,3436090"," -61,7179460",971
202000002621,20,9,29,22:28,5,2,1,1,7,37214,M,"47,4008100","0,6788900",37
202000002622,20,9,29,07:44,1,2,7,2,6,37261,M,"47,3897932","0,6891889",37
202000002623,20,10,1,15:50,1,2,6,8,3,75119,M,"48,8777590","2,3706020",75
202000002624,20,1,4,14:05,1,2,1,1,3,92024,M,"48,9073258","2,3085801",92
202000002625,20,5,30,07:00,1,2,1,1,7,92025,M,"48,9240637","2,2525922",92
202000002626,20,8,7,06:49,1,2,1,1,6,45234,M,"47,8854700","1,8972000",45
202000002627,20,7,10,19:50,1,2,1,1,2,26362,M,"44,9309700","4,9030400",26
202000002628,20,12,16,19:20,3,2,3,1,7,69256,M,"45,7771300","4,9247200",69
202000002629,20,11,22,13:00,1,1,1,1,7,98802,C," -21,8497880","165,9366200",988
202000002630,20,12,2,16:32,1,2,2,2,3,29019,M,"48,4162800"," -4,4682600",29
202000002631,20,8,26,14:15,1,2,1,1,6,02408,M,"49,5631200","3,6364700",02
202000002632,20,8,10,15:50,1,2,1,1,6,97611,Y," -12,7932485","45,2162089",976
202000002633,20,6,8,11:55,1,2,1,1,6,97611,Y," -12,8062100","45,2075100",976
202000002634,20,5,14,11:20,1,2,1,1,6,97611,Y," -12,7997800","45,2033300",976
202000002635,20,12,24,16:57,1,2,1,1,6,97611,Y," -12,7931100","45,2094600",976
202000002636,20,10,2,18:25,1,2,6,2,3,74008,M,"46,1964100","6,2193400",74
202000002637,20,10,24,15:10,1,2,1,2,6,59122,M,"50,1823091","3,2357313",59
202000002638,20,12,18,16:55,2,2,1,1,2,22106,M,"48,4924100"," -2,7272800",22
202000002639,20,11,6,17:55,1,2,1,1,-1,98725,P," -17,5067980"," -149,4858010",987
202000002640,20,8,17,11:45,1,2,1,1,4,2A004,M,"41,9399900","8,7562500",2A
202000002641,20,11,1,15:50,1,2,5,1,6,82121,M,"44,0224180","1,3611890",82
202000002642,20,10,9,15:50,1,2,2,2,6,49246,M,"47,4376400"," -0,5113100",49
202000002643,20,11,23,16:10,1,2,1,1,6,26281,M,"45,0446360","5,0574550",26
202000002644,20,9,18,13:05,1,2,3,1,6,75119,M,"48,8857850","2,3709540",75
202000002645,20,10,1,12:10,1,1,1,2,1,69227,M,"45,6784970","4,5686190",69
202000002646,20,12,8,16:40,2,2,1,8,6,45208,M,"47,9979300","2,7390800",45
202000002647,20,8,12,20:05,1,2,3,1,3,09261,M,"42,9917900","1,1552110",09
202000002648,20,12,10,18:35,5,2,3,1,6,54526,M,"48,6875800","6,2110900",54
202000002649,20,10,19,14:56,3,2,1,1,6,49007,M,"47,4722300"," -0,5462400",49
202000002650,20,10,22,11:10,1,2,1,1,6,94016,M,"48,7900000","2,3309700",94
202000002651,20,8,31,14:00,1,1,1,1,1,09261,M,"42,9992330","1,1348320",09
202000002652,20,8,26,07:45,2,1,1,1,6,09209,M,"42,9934110","1,1658920",09
202000002653,20,6,14,00:30,5,2,1,1,6,13208,M,"43,2632229","5,3741025",13
202000002654,20,7,12,12:30,1,1,1,1,3,76157,M,"49,4635546","1,0201138",76
202000002655,20,5,23,09:40,1,2,7,1,6,76540,M,"49,4456600","1,0867000",76
202000002656,20,9,2,09:30,1,2,1,1,6,59011,M,"50,5302583","2,9352707",59
202000002657,20,11,24,07:10,3,1,1,1,6,33063,M,"44,8285700"," -0,6070600",33
202000002658,20,3,2,10:30,1,2,1,2,6,13213,M,"43,3392340","5,4396860",13
202000002659,20,6,24,19:00,1,2,1,1,1,45298,M,"47,8862570","1,8734460",45
202000002660,20,6,26,17:00,1,2,1,1,1,45234,M,"47,9175508","1,8987048",45
202000002661,20,11,30,11:00,1,2,2,1,3,13001,M,"43,5236100","5,4371300",13
202000002662,20,9,27,11:00,1,2,3,2,3,95197,M,"48,9780587","2,3167580",95
202000002663,20,11,23,16:50,1,2,6,1,3,64102,M,"43,4983000"," -1,4935600",64
202000002664,20,7,27,21:30,1,2,1,1,6,93005,M,"48,9492040","2,5071140",93
202000002665,20,10,9,06:30,5,2,1,2,3,92025,M,"48,9172096","2,2362810",92
202000002666,20,11,19,19:45,5,2,1,1,3,13075,M,"43,3411223","5,4568990",13
202000002667,20,9,18,08:10,1,2,1,9,6,06029,M,"43,5508600","7,0123700",06
202000002668,20,4,4,09:18,1,2,1,1,7,97611,Y," -12,7725700","45,2231600",976
202000002669,20,11,18,14:30,1,2,3,1,6,01053,M,"46,2202420","5,2340020",01
202000002670,20,7,9,15:30,1,2,9,1,6,97611,Y," -12,7865200","45,2195300",976
202000002671,20,7,6,16:00,1,2,1,1,6,97611,Y," -12,7757000","45,2245500",976
202000002672,20,12,4,11:23,1,2,1,1,6,64284,M,"43,2873600"," -0,3905500",64
202000002673,20,11,21,20:00,5,2,1,1,1,41018,M,"47,5870700","1,3316500",41
202000002674,20,9,21,10:11,1,2,6,1,6,02722,M,"49,3707300","3,3297800",02
202000002675,20,9,13,18:35,1,2,6,1,3,02722,M,"49,3763800","3,3296600",02
202000002676,20,5,26,11:15,1,2,1,1,7,02408,M,"49,5744300","3,6184700",02
202000002677,20,2,6,14:20,1,2,1,1,6,02408,M,"49,5695480","3,6086540",02
202000002678,20,2,26,07:35,2,2,1,8,6,02408,M,"49,5800800","3,6425600",02
202000002679,20,11,30,00:05,5,1,1,1,2,92051,M,"48,8867061","2,2546938",92
202000002680,20,11,29,09:20,1,1,1,1,6,93053,M,"48,8925100","2,4730300",93
202000002681,20,11,28,23:45,3,1,1,1,6,93048,M,"48,8615000","2,4837000",93
202000002682,20,11,30,08:10,1,1,1,1,3,77258,M,"48,8302104","2,6272623",77
202000002683,20,6,28,03:15,5,2,1,1,1,14079,M,"49,3324100","0,0146600",14
202000002684,20,6,14,04:30,5,2,3,1,-1,14220,M,"49,3559800","0,0703300",14
202000002685,20,11,30,07:00,1,2,1,1,2,98818,C," -22,2795300","166,4640800",988
202000002686,20,11,29,20:45,5,2,1,1,6,98818,C," -22,2415500","166,4633400",988
202000002687,20,11,29,08:55,1,1,1,7,7,97416,R," -21,3425000","55,4656200",974
202000002688,20,11,29,14:10,1,2,3,1,3,69387,M,"45,7500000","4,8582700",69
202000002689,20,11,28,10:45,1,2,9,1,-1,69266,M,"45,7717000","4,8796400",69
202000002690,20,11,29,19:20,5,2,2,1,3,64102,M,"43,4947000"," -1,4685800",64
202000002691,20,10,12,07:00,2,2,9,1,1,62893,M,"50,7801400","1,6281900",62
202000002692,20,11,28,11:50,1,2,2,1,3,61169,M,"48,7447900"," -0,5670300",61
202000002693,20,11,28,11:25,1,2,1,1,3,59350,M,"50,6218378","3,0602711",59
202000002694,20,11,29,19:15,5,2,1,1,3,35238,M,"48,1259700"," -1,6574900",35
202000002695,20,11,30,00:00,5,2,1,1,6,33550,M,"44,7733200"," -0,5759400",33
202000002696,20,11,29,02:35,5,2,1,1,6,25056,M,"47,2570900","6,0215300",25
202000002697,20,11,29,13:30,1,2,2,1,3,17306,M,"45,6300390"," -1,0354740",17
202000002698,20,11,29,15:00,1,2,1,1,3,13209,M,"43,2660100","5,4004000",13
202000002699,20,11,29,12:03,1,1,1,1,3,13208,M,"43,2745140","5,3944546",13
202000002700,20,11,28,11:35,1,2,7,2,6,09122,M,"42,9641172","1,6050459",09
202000002701,20,11,28,10:00,1,2,4,1,3,04112,M,"43,8311899","5,7784498",04
202000002702,20,11,28,18:15,5,2,2,1,3,03185,M,"46,3569078","2,5919157",03
202000002703,20,11,29,20:25,5,2,4,1,2,75114,M,"48,8219220","2,3167330",75
202000002704,20,11,29,02:30,5,2,1,1,2,75114,M,"48,8235200","2,3103580",75
202000002705,20,11,29,18:10,5,2,1,2,2,75116,M,"48,8776550","2,2803440",75
202000002706,20,11,29,21:45,5,2,2,1,3,75112,M,"48,8458490","2,3676300",75
202000002707,20,11,29,18:00,5,2,3,1,2,75108,M,"48,8756770","2,3188520",75
202000002708,20,11,29,16:45,1,2,1,1,6,94078,M,"48,7333200","2,4600000",94
202000002709,20,11,29,14:15,1,2,2,8,3,94046,M,"48,8057300","2,4408400",94
202000002710,20,11,29,09:45,1,2,2,1,3,94069,M,"48,8149700","2,4631100",94
202000002711,20,11,29,17:20,5,2,1,1,3,93048,M,"48,8562794","2,4262145",93
202000002712,20,11,29,18:40,5,2,1,1,2,93027,M,"48,9271100","2,3800100",93
202000002713,20,11,29,10:30,1,2,1,1,1,93010,M,"48,9125310","2,4777481",93
202000002714,20,11,29,16:17,2,2,1,1,7,92072,M,"48,8115283","2,2109543",92
202000002715,20,11,19,15:35,1,2,4,1,3,92063,M,"48,8769400","2,1866300",92
202000002716,20,11,16,08:15,2,2,1,1,3,92063,M,"48,8744700","2,1672300",92
202000002717,20,11,29,08:30,2,2,6,1,3,92024,M,"48,9033792","2,3128822",92
202000002718,20,11,29,17:45,5,2,6,1,3,92007,M,"48,7970396","2,3017712",92
202000002719,20,11,29,19:00,5,2,9,1,1,92004,M,"48,9239615","2,2754326",92
202000002720,20,11,28,20:45,5,1,1,1,3,92004,M,"48,9102210","2,2992120",92
202000002721,20,11,27,20:25,3,1,1,1,1,01261,M,"45,9659100","4,9383440",01
202000002722,20,11,29,19:37,3,1,1,1,6,31497,M,"43,6960340","1,4902970",31
202000002723,20,11,29,17:40,3,1,1,1,7,63406,M,"45,9747610","3,2127710",63
202000002724,20,11,29,20:00,5,2,1,1,1,97414,R," -21,2891790","55,4172060",974
202000002725,20,11,30,07:50,2,1,1,5,1,51075,M,"49,3278913","4,1019017",51
202000002726,20,11,29,16:45,1,1,2,1,2,56078,M,"47,8170050"," -3,4872440",56
202000002727,20,11,30,07:20,2,1,1,1,1,79334,M,"46,1487250"," -0,5801730",79
202000002728,20,11,28,18:08,3,1,1,1,7,65473,M,"42,9422870"," -0,0525280",65
202000002729,20,11,29,10:10,1,1,1,1,7,63331,M,"45,5047300","3,9342860",63
202000002730,20,11,24,11:00,1,1,6,1,3,49378,M,"47,3086560"," -0,0310490",49
202000002731,20,11,27,10:15,1,1,1,1,6,86145,M,"46,4971260","0,2505510",86
202000002732,20,11,28,13:35,1,1,1,1,6,39478,M,"46,4312710","5,8445900",39
202000002733,20,11,27,21:30,4,2,1,1,6,39073,M,"46,8709850","5,6239700",39
202000002734,20,11,29,15:56,1,1,1,1,7,29105,M,"48,4988840"," -4,0928150",29
202000002735,20,10,15,07:40,5,1,1,1,7,29061,M,"48,4390020"," -4,4658440",29
202000002736,20,11,30,17:30,3,1,1,1,2,03025,M,"46,4732460","3,3676530",03
202000002737,20,11,29,16:45,2,1,1,1,6,14124,M,"49,3311210"," -1,0153990",14
202000002738,20,11,28,12:20,1,1,1,1,6,18165,M,"47,3200540","2,1944010",18
202000002739,20,11,1,13:00,1,1,1,1,3,07080,M,"45,0604040","4,4306450",07
202000002740,20,11,30,14:15,1,2,2,1,2,04049,M,"44,0714880","5,9966420",04
202000002741,20,11,30,09:48,1,1,1,5,5,27084,M,"49,3099000","0,8511400",27
202000002742,20,11,29,14:30,1,2,1,1,6,17346,M,"45,9227410"," -0,8970000",17
202000002743,20,11,27,17:45,2,1,1,1,3,87168,M,"45,7102250","0,7953290",87
202000002744,20,11,28,06:40,3,1,1,1,2,21423,M,"46,9937190","4,8561290",21
202000002745,20,7,11,09:35,1,1,6,1,2,97103,A,"16,2594420"," -61,6177010",971
202000002746,20,11,28,19:00,3,1,1,1,5,51087,M,"48,8572704","4,2852978",51
202000002747,20,11,12,13:00,1,1,1,1,1,97502,S,"46,7750940"," -56,1656120",975
202000002748,20,11,30,02:15,3,1,1,8,6,45290,M,"47,8523780","2,2884710",45
202000002749,20,11,29,12:45,1,1,1,1,7,83068,M,"43,2768190","6,5621050",83
202000002750,20,11,30,07:55,2,2,1,1,6,71176,M,"46,4765651","4,0005095",71
202000002751,20,11,30,07:40,5,2,6,1,6,57620,M,"49,1913730","6,0038240",57