Num_Acc,an,mois,jour,hrmn,lum,agg,int,atm,col,com,gps,lat,long,dep
202000002752,20,11,26,18:00,2,1,1,1,6,73079,M,"45,5512065","6,2072763",73
202000002753,20,11,29,10:05,1,2,2,1,3,44074,M,"47,1994230"," -1,6705120",44
202000002754,20,11,26,01:45,3,1,1,1,7,14469,M,"48,9058450"," -0,0169520",14
202000002755,20,11,30,17:35,5,2,1,8,4,14047,M,"49,2791030"," -0,7187680",14
202000002756,20,11,29,07:00,5,2,1,1,6,29006,M,"47,8777022"," -4,0876252",29
202000002757,20,11,26,20:50,3,1,1,2,7,22054,M,"48,6296610"," -2,4320450",22
202000002758,20,11,30,07:35,2,1,1,5,1,60257,M,"49,2562660","1,9894700",60
202000002759,20,11,29,12:00,1,1,1,1,2,13055,M,"43,2896100","5,4247000",13
202000002760,20,11,27,19:15,3,1,1,1,7,13071,M,"43,4033920","5,3445280",13
202000002761,20,11,27,18:15,3,1,1,1,3,13106,M,"43,3878000","5,3508000",13
202000002762,20,11,27,09:20,1,1,1,1,2,13088,M,"43,3867700","5,2418600",13
202000002763,20,11,28,13:20,1,1,1,1,3,69081,M,"45,7723400","4,7896200",69
202000002764,20,11,29,21:50,3,1,1,1,6,33065,M,"44,8139100"," -0,5208300",33
202000002765,20,11,27,23:06,3,1,1,1,4,91161,M,"48,7032100","2,3071000",91
202000002766,20,7,26,21:30,5,2,1,1,1,67180,M,"48,8203010","7,8000240",67
202000002767,20,11,27,19:30,5,2,2,1,3,98735,P," -17,5320900"," -149,5561600",987
202000002768,20,11,28,14:25,1,2,3,1,3,97416,R," -21,3350400","55,4734400",974
202000002769,20,11,28,17:35,1,2,3,1,3,97409,R," -20,9320400","55,6434200",974
202000002770,20,11,28,08:00,1,1,9,1,5,97409,R," -20,9601800","55,6576400",974
202000002771,20,11,28,19:30,3,2,1,1,6,97407,R," -20,9301000","55,3021400",974
202000002772,20,11,28,18:15,2,2,1,1,7,97302,G,"4,9378312"," -52,3260999",973
202000002773,20,11,28,11:00,1,1,1,1,3,97213,A,"14,6183297"," -61,0324001",972
202000002774,20,11,27,22:10,5,2,1,1,6,97209,A,"14,6131700"," -61,0524000",972
202000002775,20,11,27,15:20,1,2,1,1,7,69385,M,"45,7626979","4,8806658",69
202000002776,20,11,28,00:50,5,1,9,1,6,97101,A,"16,2673000"," -61,5175000",971
202000002777,20,11,27,07:35,1,2,1,1,6,97105,A,"15,9941253"," -61,7262876",971
202000002778,20,11,28,14:40,1,2,1,7,6,91549,M,"48,6376000","2,3285600",91
202000002779,20,11,28,11:45,1,2,1,2,5,83137,M,"43,1517840","5,9683925",83
202000002780,20,11,28,22:25,5,2,9,1,6,81163,M,"43,4934700","2,3760900",81
202000002781,20,11,28,08:55,2,2,1,1,3,78481,M,"48,8979180","2,1070940",78
202000002782,20,11,27,07:45,1,2,1,1,3,71270,M,"46,2869588","4,8202444",71
202000002783,20,11,28,18:35,5,2,6,1,2,69115,M,"45,9777633","4,7077216",69
202000002784,20,11,28,17:48,3,1,1,5,6,68056,M,"47,7131600","7,3331400",68
202000002785,20,11,28,23:30,5,2,1,1,6,64024,M,"43,4949444"," -1,5319072",64
202000002786,20,11,28,11:28,1,2,1,1,2,64102,M,"43,4854407"," -1,4600827",64
202000002787,20,11,27,22:00,5,2,1,1,6,60175,M,"49,2552100","2,4867500",60
202000002788,20,11,26,15:15,1,2,1,1,2,54431,M,"48,9132900","6,0568600",54
202000002789,20,11,28,08:30,1,2,3,5,3,54304,M,"48,6986600","6,1324700",54
202000002790,20,11,28,10:50,1,2,1,7,6,44162,M,"47,2248000"," -1,6259700",44
202000002791,20,11,28,10:27,1,2,6,1,6,37233,M,"47,3920986","0,7255387",37
202000002792,20,11,28,19:21,5,2,1,2,7,35238,M,"48,0839500"," -1,6780700",35
202000002793,20,11,27,17:30,5,2,2,1,3,25056,M,"47,2464800","5,9979400",25
202000002794,20,11,28,18:50,3,1,1,1,7,17142,M,"46,1818100"," -1,0877000",17
202000002795,20,11,28,18:35,5,2,1,1,3,15014,M,"44,9140300","2,4424400",15
202000002796,20,11,24,18:45,5,2,1,1,6,14327,M,"49,2064000"," -0,3509000",14
202000002797,20,11,28,17:40,5,2,1,1,3,13208,M,"43,2733231","5,3927180",13
202000002798,20,11,28,06:10,5,2,1,1,3,13214,M,"43,3383900","5,3673700",13
202000002799,20,11,25,17:55,5,2,2,1,3,13001,M,"43,5768957","5,4103899",13
202000002800,20,11,28,01:46,5,2,1,1,5,06088,M,"43,7147450","7,2947160",06
202000002801,20,11,28,17:35,2,2,1,1,7,06123,M,"43,6580000","7,1853000",06
202000002802,20,11,28,12:05,1,2,7,1,6,75105,M,"48,8399890","2,3564070",75
202000002803,20,11,28,23:15,5,2,7,1,6,75120,M,"48,8648840","2,3988230",75
202000002804,20,11,27,14:20,1,2,3,1,3,75120,M,"48,8675380","2,3963970",75
202000002805,20,11,28,12:05,1,2,3,1,-1,75118,M,"48,8998410","2,3702510",75
202000002806,20,11,28,14:50,1,2,1,1,2,75116,M,"48,8536110","2,2827470",75
202000002807,20,11,28,20:50,5,2,7,1,2,75113,M,"48,8319420","2,3557580",75
202000002808,20,11,28,13:55,1,2,2,1,6,75112,M,"48,8238110","2,4576960",75
202000002809,20,11,28,18:15,2,2,1,1,4,75111,M,"48,8500530","2,3948740",75
202000002810,20,11,28,22:05,5,2,4,1,3,75110,M,"48,8789390","2,3623630",75
202000002811,20,11,28,15:50,1,2,9,1,3,94081,M,"48,7797300","2,3998900",94
202000002812,20,11,28,16:00,1,2,1,1,6,94052,M,"48,8451070","2,4889532",94
202000002813,20,11,28,17:15,2,2,3,1,3,94073,M,"48,7543500","2,3862400",94
202000002814,20,11,28,00:44,5,2,1,1,2,94018,M,"48,8185930","2,4196350",94
202000002815,20,11,28,13:20,1,2,1,1,3,94004,M,"48,7494830","2,5084450",94
202000002816,20,11,28,18:40,5,2,1,1,2,93078,M,"48,9603937","2,5564259",93
202000002817,20,11,28,15:10,1,2,1,1,4,93078,M,"48,9564900","2,5420200",93
202000002818,20,11,28,14:26,1,2,2,1,3,93051,M,"48,8302500","2,5848900",93
202000002819,20,11,27,23:40,5,2,3,1,1,93051,M,"48,8469900","2,5402500",93
202000002820,20,11,27,11:15,1,2,2,1,1,93061,M,"48,8858032","2,4074064",93
202000002821,20,11,27,17:35,3,2,3,1,1,92073,M,"48,8773719","2,2164352",92
202000002822,20,11,28,11:40,1,2,1,1,2,92064,M,"48,8418200","2,2213400",92
202000002823,20,11,28,13:07,1,2,3,1,2,92035,M,"48,9044343","2,2404083",92
202000002824,20,11,28,15:54,1,2,1,1,6,92023,M,"48,8003900","2,2615500",92
202000002825,20,11,28,00:25,5,2,1,1,2,92004,M,"48,9196595","2,3137385",92
202000002826,20,11,28,16:30,1,2,1,1,1,06149,M,"43,7333870","7,3068900",06
202000002827,20,11,29,14:30,1,2,1,1,7,97412,R," -21,3626030","55,6208290",974
202000002828,20,11,28,19:20,3,1,1,1,1,01075,M,"46,0127160","4,7895460",01
202000002829,20,11,28,09:19,5,2,1,1,1,57089,M,"49,0419590","7,4393930",57
202000002830,20,11,28,17:13,1,1,1,1,6,56200,M,"47,8422920"," -2,3003130",56
202000002831,20,11,28,10:51,1,2,3,1,3,56036,M,"47,7982740"," -3,3487590",56
202000002832,20,11,25,07:45,2,2,2,1,3,79066,M,"46,4829060"," -0,3972940",79
202000002833,20,11,29,16:20,1,1,1,1,7,65322,M,"43,0647142","0,4104960",65
202000002834,20,11,28,20:30,5,2,1,1,6,49331,M,"47,7580730"," -0,9261040",49
202000002835,20,11,28,19:00,3,1,1,1,2,12002,M,"44,1330650","3,0991740",12
202000002836,20,11,29,15:15,2,1,1,1,7,12133,M,"44,3173700","2,5496650",12
202000002837,20,11,28,10:00,1,1,1,1,5,44072,M,"47,4673980"," -2,3094890",44
202000002838,20,11,29,00:30,3,1,1,1,3,44157,M,"46,9590500"," -1,7501740",44
202000002839,20,11,29,10:50,2,2,9,1,3,72062,M,"48,2202910","0,5935840",72
202000002840,20,11,28,19:40,3,1,1,1,2,43211,M,"45,2277100","4,1361380",43
202000002841,20,11,28,15:20,1,1,1,1,6,07339,M,"44,6684200","4,4552300",07
202000002842,20,11,28,20:50,3,1,1,1,7,85171,M,"46,5057180"," -1,2368520",85
202000002843,20,11,28,16:35,1,1,2,1,7,37136,M,"47,1479303","0,7849588",37
202000002844,20,11,28,09:55,1,2,4,1,6,88116,M,"47,9621260","6,8372830",88
202000002845,20,11,29,09:45,1,1,1,1,7,31022,M,"43,6609330","1,4246710",31
202000002846,20,11,30,03:15,5,2,3,1,7,98809,C," -22,6689470","167,4888360",988
202000002847,20,11,29,15:59,1,2,1,1,5,97417,R," -21,3340330","55,8016690",974
202000002848,20,11,28,17:00,1,1,1,1,6,97424,R," -21,1659540","55,4694400",974
202000002849,20,11,29,01:00,3,1,1,3,6,97122,A,"16,4514760"," -61,5161140",971
202000002850,20,11,28,21:35,3,1,1,1,3,91273,M,"48,3679020","2,3566830",91
202000002851,20,11,28,14:35,1,2,1,1,3,01262,M,"45,8521750","5,0594560",01
202000002852,20,11,29,00:10,5,2,1,1,1,69204,M,"45,6927030","4,8108150",69
202000002853,20,11,29,12:00,1,2,1,1,6,69143,M,"45,8771960","4,8399440",69
202000002854,20,11,28,21:15,3,1,1,1,6,81093,M,"43,8842840","2,0378570",81
202000002855,20,11,29,11:50,1,1,1,7,6,85178,M,"46,7545200"," -1,4307810",85
202000002856,20,11,28,15:35,1,1,1,1,7,22225,M,"48,5349160"," -3,1628870",22
202000002857,20,11,29,17:40,3,1,6,5,7,76684,M,"49,4834890","0,4434980",76
202000002858,20,11,28,21:15,3,1,1,1,6,59275,M,"50,5880560","3,2284690",59
202000002859,20,11,27,14:30,1,1,1,1,3,13210,M,"43,2849400","5,4185000",13
202000002860,20,11,28,20:45,3,1,1,1,2,95572,M,"49,0253372","2,1317321",95
202000002861,20,11,28,00:35,3,1,1,1,3,92078,M,"48,9277796","2,3326267",92
202000002862,20,11,27,15:40,1,1,1,1,6,93066,M,"48,9300800","2,3649000",93
202000002863,20,6,30,23:30,5,2,3,1,7,14333,M,"49,4180000","0,2320000",14
202000002864,20,5,6,17:25,1,1,3,1,1,14333,M,"49,4045100","0,2315000",14
202000002865,20,2,1,12:20,1,2,1,8,3,14333,M,"49,4134370","0,2451060",14
202000002866,20,3,8,13:30,1,2,1,1,6,94078,M,"48,7311500","2,4468700",94
202000002867,20,3,7,23:45,5,2,1,1,3,94078,M,"48,7301400","2,4462100",94
202000002868,20,11,27,07:30,1,2,1,1,6,97411,R," -20,9059400","55,4794400",974
202000002869,20,11,27,18:45,2,2,1,1,6,97407,R," -20,9395600","55,3018100",974
202000002870,20,11,27,12:00,1,2,1,1,1,97302,G,"4,9383656"," -52,3217440",973
202000002871,20,11,27,16:50,2,2,1,1,6,69383,M,"45,7512292","4,8685852",69
202000002872,20,11,27,11:35,1,2,1,1,2,69383,M,"45,7512144","4,8728685",69
202000002873,20,11,24,20:15,5,2,1,1,6,69149,M,"45,7198400","4,7990900",69
202000002874,20,11,27,17:27,3,2,1,1,6,2A004,M,"41,9299700","8,7829800",2A
202000002875,20,5,20,07:55,1,2,1,1,7,75115,M,"48,8340050","2,3045510",75
202000002876,20,5,20,14:57,1,2,3,1,3,75113,M,"48,8379770","2,3559470",75
202000002877,20,5,20,12:24,1,2,1,1,6,75113,M,"48,8238060","2,3579980",75
202000002878,20,5,20,07:20,1,2,2,1,3,75112,M,"48,8389920","2,3892360",75
202000002879,20,5,20,19:45,1,2,1,1,6,75110,M,"48,8753380","2,3577250",75
202000002880,20,5,20,14:00,1,2,2,1,3,75110,M,"48,8838610","2,3685840",75
202000002881,20,5,18,11:49,1,2,2,1,2,75108,M,"48,8677430","2,3139800",75
202000002882,20,5,20,09:00,1,2,5,1,3,75109,M,"48,8719750","2,3400430",75
202000002883,20,5,20,18:10,1,2,3,1,3,75102,M,"48,8670320","2,3529700",75
202000002884,20,5,19,16:10,1,2,9,1,2,94028,M,"48,7855674","2,4534226",94
202000002885,20,5,19,15:45,1,2,1,1,1,94079,M,"48,8272160","2,5462370",94
202000002886,20,5,19,21:45,5,2,1,1,3,94002,M,"48,8000200","2,4179600",94
202000002887,20,5,19,07:06,1,2,2,1,5,93073,M,"49,0119791","2,5754488",93
202000002888,20,5,20,17:15,1,2,1,1,2,93066,M,"48,9283775","2,3411927",93
202000002889,20,5,19,19:50,1,2,1,1,2,93064,M,"48,8785164","2,4728885",93
202000002890,20,5,20,19:17,1,2,5,1,1,93046,M,"48,9225790","2,5243210",93
202000002891,20,5,19,18:15,1,2,1,1,2,93063,M,"48,8775407","2,4436670",93
202000002892,20,5,20,14:25,1,2,1,1,6,93029,M,"48,9169100","2,4452700",93
202000002893,20,5,20,18:05,1,2,3,1,5,93047,M,"48,9056580","2,5810490",93
202000002894,20,5,20,18:40,1,2,1,1,6,93010,M,"48,9036100","2,4772900",93
202000002895,20,5,20,17:00,1,2,1,1,3,93007,M,"48,9407439","2,4339042",93
202000002896,20,5,20,11:50,1,2,1,1,2,93007,M,"48,9509827","2,4404476",93
202000002897,20,5,20,13:10,1,2,3,1,3,93001,M,"48,9135151","2,4026937",93
202000002898,20,5,19,13:00,1,2,1,1,6,92022,M,"48,8141000","2,1926720",92
202000002899,20,5,19,12:20,1,2,1,1,3,92063,M,"48,8844800","2,1780200",92
202000002900,20,5,20,16:00,1,2,6,1,6,92051,M,"48,8825561","2,2772149",92
202000002901,20,3,31,06:35,5,2,3,1,6,92035,M,"48,9057900","2,2527700",92
202000002902,20,5,20,10:50,1,1,2,1,3,54104,M,"48,6993460","6,3408790",54
202000002903,20,5,21,18:30,1,1,2,1,3,43189,M,"45,2976370","3,8811350",43
202000002904,20,5,21,17:30,1,1,1,1,3,95313,M,"49,1038751","2,2494528",95
202000002905,20,5,20,22:45,5,1,1,1,2,06161,M,"43,6255550","7,1327940",06
202000002906,20,5,16,04:45,3,1,1,3,6,97207,A,"14,5588860"," -60,9731020",972
202000002907,20,5,20,13:00,1,1,1,1,1,97217,A,"14,4503270"," -60,8975870",972
202000002908,20,5,21,09:00,1,2,1,1,7,28024,M,"48,4009660","1,4850960",28
202000002909,20,5,20,20:15,1,1,1,1,2,71170,M,"46,9381861","4,8246273",71
202000002910,20,5,21,01:00,3,2,1,1,7,51276,M,"48,6913283","4,0160919",51
202000002911,20,5,21,19:45,1,2,1,1,7,51179,M,"48,9097408","4,6278301",51
202000002912,20,5,21,18:10,1,1,1,1,2,59546,M,"50,7805650","2,5641384",59
202000002913,20,5,20,17:00,1,1,1,1,6,11071,M,"42,9918058","2,7456218",11
202000002914,20,5,20,22:00,5,2,1,1,7,63420,M,"45,8054470","3,3440550",63
202000002915,20,5,20,15:00,1,1,4,1,2,61362,M,"48,7028310"," -0,5292820",61
202000002916,20,5,20,16:20,1,1,1,1,7,68218,M,"47,7272609","7,2762157",68
202000002917,20,5,21,11:15,1,1,4,1,6,25018,M,"47,3607680","6,5700120",25
202000002918,20,5,20,09:00,1,2,1,1,6,44069,M,"47,3261410"," -2,4308080",44
202000002919,20,5,20,16:35,1,2,3,7,1,29259,M,"48,6783590"," -3,9812670",29
202000002920,20,5,19,18:30,1,1,1,1,7,31280,M,"43,2446650","1,2879690",31
202000002921,20,5,21,18:00,1,1,1,1,7,02656,M,"49,3802210","3,8236710",02
202000002922,20,5,21,17:00,1,1,1,1,6,03152,M,"46,2327774","2,9629626",03
202000002923,20,5,21,10:05,1,1,2,1,3,15139,M,"44,9334460","2,7540810",15
202000002924,20,5,21,20:00,1,1,1,1,6,72090,M,"48,0674980","0,4661680",72
202000002925,20,5,21,15:50,1,1,1,1,-1,72087,M,"47,9560050","0,7231180",72
202000002926,20,5,16,16:20,1,1,1,1,2,14254,M,"49,1444080"," -0,4179310",14
202000002927,20,5,21,13:00,1,1,1,1,3,50410,M,"48,5672930"," -1,4709230",50
202000002928,20,5,20,05:08,3,1,1,1,7,64228,M,"43,3873350"," -1,0203550",64
202000002929,20,5,21,16:35,1,2,1,7,7,73297,M,"45,6471527","6,3179832",73
202000002930,20,5,21,12:35,1,1,1,1,7,18011,M,"47,5705180","2,3541000",18
202000002931,20,5,20,18:50,1,1,1,1,3,36231,M,"46,6599810","1,6661420",36
202000002932,20,5,20,19:50,1,2,1,1,7,16134,M,"45,8911930","0,6687140",16
202000002933,20,5,20,13:40,1,1,1,1,2,16181,M,"46,0457020","0,6230300",16
202000002934,20,5,21,12:00,1,1,1,1,2,04163,M,"44,0958760","5,5127550",04
202000002935,20,5,20,15:56,1,1,1,1,7,04189,M,"43,7655150","5,9343660",04
202000002936,20,5,21,11:50,1,1,1,1,3,85101,M,"46,4953120"," -1,3903610",85
202000002937,20,5,21,12:30,1,1,1,1,7,48166,M,"44,2610290","3,6216530",48
202000002938,20,5,21,14:15,1,1,1,1,7,24084,M,"44,7949280","1,0295390",24
202000002939,20,5,19,11:00,1,1,1,1,3,34337,M,"43,5395270","3,8890850",34
202000002940,20,5,20,21:00,1,2,1,1,3,38553,M,"45,6089600","5,1569220",38
202000002941,20,5,21,17:00,1,1,1,7,6,68253,M,"47,7761580","7,5171340",68
202000002942,20,5,5,10:15,1,2,1,1,6,98729,P," -17,4821220"," -149,8087120",987
202000002943,20,5,20,15:10,1,1,2,1,2,97115,A,"16,2676050"," -61,6496090",971
202000002944,20,5,21,11:20,1,1,2,1,3,13100,M,"43,7967480","4,8019050",13
202000002945,20,5,18,19:35,1,2,1,1,3,67205,M,"48,7024930","7,7773760",67
202000002946,20,5,21,11:45,1,1,1,1,3,54039,M,"48,4413890","6,7313700",54
202000002947,20,5,20,22:05,5,1,1,1,7,69159,M,"45,9766200","4,6769840",69
202000002948,20,5,21,13:15,1,1,1,1,1,85226,M,"46,7308200"," -1,9542700",85
202000002949,20,5,19,15:15,1,1,1,1,6,85161,M,"46,5616300"," -1,5036830",85
202000002950,20,5,20,17:30,1,1,1,1,1,85176,M,"46,5073300"," -0,8176500",85
202000002951,20,5,20,12:45,1,1,1,1,2,33080,M,"44,7403600"," -0,5357500",33
202000002952,20,5,19,19:15,1,1,1,1,2,59588,M,"51,0365244","2,4454394",59
202000002953,20,5,20,16:20,1,1,1,1,7,91553,M,"48,6316900","2,5014400",91
202000002954,20,5,20,10:15,1,1,1,1,3,93039,M,"48,9271500","2,3348500",93
202000002955,20,5,20,04:00,5,1,1,1,6,93008,M,"48,9132700","2,4347500",93
202000002956,20,5,20,21:45,3,1,1,1,-1,94046,M,"48,8126000","2,4491000",94
202000002957,20,5,20,18:05,5,1,1,1,2,94017,M,"48,8304153","2,4904233",94
202000002958,20,2,26,10:45,1,2,1,2,2,64102,M,"43,4875500"," -1,4836300",64
202000002959,20,2,24,12:00,1,2,3,1,3,13070,M,"43,2826440","5,5299860",13
202000002960,20,5,19,19:48,5,1,6,1,3,97302,G,"4,9249828"," -52,3237610",973
202000002961,20,5,19,09:38,1,2,3,1,3,97302,G,"4,9296166"," -52,3151082",973
202000002962,20,5,19,18:30,1,2,3,1,3,69383,M,"45,7545600","4,8668200",69
202000002963,20,5,19,13:20,1,2,1,1,6,69286,M,"45,8151000","4,8765000",69
202000002964,20,5,19,09:10,1,2,1,1,3,69081,M,"45,7782900","4,7838100",69
202000002965,20,5,17,21:33,5,2,1,1,1,97113,A,"16,2387900"," -61,4367300",971
202000002966,20,5,18,15:20,1,2,3,7,6,91692,M,"48,6836700","2,1613100",91
202000002967,20,5,18,17:11,1,2,1,1,2,87065,M,"45,8146600","1,3175900",87
202000002968,20,5,17,23:40,5,2,1,1,6,83123,M,"43,1312440","5,7813920",83
202000002969,20,5,18,16:15,1,2,1,1,3,81163,M,"43,4910300","2,3756500",81
202000002970,20,5,18,19:55,1,2,3,1,3,80021,M,"49,9038200","2,2737800",80
202000002971,20,5,18,13:15,1,2,1,1,6,78402,M,"48,9549740","1,7997640",78
202000002972,20,5,19,17:18,1,1,1,1,3,77530,M,"48,5906800","3,3532400",77
202000002973,20,5,18,00:29,5,2,1,1,3,76575,M,"49,3744700","1,0975100",76
202000002974,20,5,17,16:35,1,2,3,1,3,76212,M,"49,4408600","1,1471200",76
202000002975,20,5,19,18:35,1,2,1,2,1,69282,M,"45,7627825","5,0077163",69
202000002976,20,5,18,14:20,1,2,3,1,3,67482,M,"48,5754300","7,7558500",67
202000002977,20,5,18,17:07,1,2,9,1,3,66136,M,"42,6756600","2,8892700",66
202000002978,20,5,18,12:20,1,2,6,1,3,64102,M,"43,4936000"," -1,4916000",64
202000002979,20,5,19,18:30,1,2,1,1,6,59350,M,"50,6485000","3,0947600",59
202000002980,20,5,19,20:30,1,2,1,1,6,57751,M,"49,1475800","6,1667900",57
202000002981,20,5,19,19:05,1,2,1,7,6,57412,M,"49,1162900","6,1412000",57
202000002982,20,5,19,09:25,1,2,6,1,3,56098,M,"47,7672800"," -3,3395700",56
202000002983,20,5,19,15:05,1,2,1,1,3,56107,M,"47,7153600"," -3,3733000",56
202000002984,20,5,18,18:20,1,2,2,1,3,54395,M,"48,6992257","6,1805210",54
202000002985,20,5,19,18:35,1,2,1,1,2,51474,M,"49,2799551","4,0047543",51
202000002986,20,5,19,20:53,1,2,2,1,-1,51108,M,"48,9468352","4,3400204",51
202000002987,20,5,18,16:40,1,2,1,1,7,41018,M,"47,5958200","1,3234900",41
202000002988,20,5,17,21:20,2,2,1,1,2,41018,M,"47,5839000","1,3207000",41
202000002989,20,5,18,08:45,1,2,1,1,7,37261,M,"47,3754147","0,6813215",37
202000002990,20,5,19,10:50,1,2,2,1,2,34172,M,"43,6363500","3,8478600",34
202000002991,20,5,19,20:06,1,2,3,1,2,33522,M,"44,8182200"," -0,5780900",33
202000002992,20,5,19,18:30,1,2,2,1,3,33200,M,"44,8678300"," -0,6702200",33
202000002993,20,5,19,17:30,1,1,9,1,5,33075,M,"44,8796760"," -0,6269014",33
202000002994,20,5,19,16:02,1,2,1,1,1,33063,M,"44,8421000"," -0,6135300",33
202000002995,20,5,19,11:40,1,2,3,1,5,33529,M,"44,6333400"," -1,1639700",33
202000002996,20,3,4,21:16,3,1,1,2,6,71040,M,"46,7074491","4,4272535",71
202000002997,20,5,19,01:35,5,2,3,1,7,30189,M,"43,8364800","4,3581200",30
202000002998,20,2,26,09:20,1,2,6,1,2,70388,M,"47,6172600","6,1341300",70
202000002999,20,5,18,15:15,1,2,1,1,6,30189,M,"43,8311900","4,3816800",30
202000003000,20,3,4,16:00,3,1,1,2,-1,66136,M,"42,7282400","2,8798500",66
202000003001,20,5,17,20:45,2,2,1,1,3,21231,M,"47,3401663","5,0524879",21
202000003002,20,3,4,09:40,1,2,3,3,3,64445,M,"43,3248630"," -0,3574190",64
202000003003,20,5,14,15:00,1,2,1,6,2,14242,M,"49,2189300"," -0,3666200",14
202000003004,20,3,5,17:10,1,2,1,2,5,64102,M,"43,4864300"," -1,4883700",64
202000003005,20,5,19,14:20,1,2,1,1,4,13213,M,"43,3446500","5,4230340",13
202000003006,20,5,19,15:00,1,2,1,1,1,13213,M,"43,3427800","5,4485100",13
202000003007,20,3,5,05:41,5,2,6,1,3,63113,M,"45,7798708","3,1315039",63
202000003008,20,5,19,16:00,1,2,1,1,7,13209,M,"43,2450220","5,4247010",13
202000003009,20,3,4,23:22,5,2,5,1,1,63113,M,"45,7641600","3,1259500",63
202000003010,20,5,19,13:00,1,2,1,1,3,13209,M,"43,2671200","5,3966800",13
202000003011,20,2,18,13:40,1,2,1,1,6,62525,M,"50,7440400","2,2621900",62
202000003012,20,5,19,14:30,1,2,1,1,3,13208,M,"43,2820000","5,3859800",13
202000003013,20,3,2,12:15,1,2,9,3,6,62841,M,"50,5419743","2,6084107",62
202000003014,20,2,27,19:15,5,2,1,2,6,59043,M,"50,7359900","2,7402600",59
202000003015,20,5,19,01:50,5,2,3,1,6,13212,M,"43,3116290","5,4433430",13
202000003016,20,3,3,20:35,3,2,1,1,6,57306,M,"49,3350400","6,0546900",57
202000003017,20,5,17,23:20,5,2,3,2,3,13206,M,"43,2840230","5,3848060",13
202000003018,20,3,5,07:00,5,2,1,2,3,57463,M,"49,1263200","6,1899600",57
202000003019,20,3,4,19:45,3,2,1,2,-1,56121,M,"47,7619900"," -3,3817800",56
202000003020,20,5,18,18:15,1,2,1,2,3,13213,M,"43,3592500","5,1500300",13
202000003021,20,5,18,18:35,1,2,1,3,1,13207,M,"43,2862240","5,3512290",13
202000003022,20,3,4,18:07,1,2,2,1,3,54079,M,"48,8762400","6,0488600",54
202000003023,20,5,15,19:30,1,2,9,1,6,13213,M,"43,3263718","5,4215866",13
202000003024,20,3,4,15:50,1,1,1,1,7,52121,M,"48,0958900","5,1127400",52
202000003025,20,5,18,07:17,1,2,1,1,6,10333,M,"48,2889980","4,0660610",10
202000003026,20,3,5,11:34,1,2,1,2,3,51454,M,"49,2294205","4,0756172",51
202000003027,20,5,19,17:12,1,2,2,1,3,09225,M,"43,1176700","1,6118800",09
202000003028,20,3,5,11:50,1,2,1,2,7,51454,M,"49,2138653","4,0257290",51
202000003029,20,5,19,00:05,3,2,1,1,6,09225,M,"43,1053442","1,6228856",09
202000003030,20,5,18,17:43,1,1,1,1,3,09225,M,"43,1292100","1,6562300",09
202000003031,20,3,4,15:10,1,2,1,1,4,51454,M,"49,2750922","4,0026175",51
202000003032,20,5,17,16:55,1,2,6,1,7,05061,M,"44,5638300","6,0956100",05
202000003033,20,3,4,17:47,1,2,1,1,7,49007,M,"47,4863400"," -0,5757300",49
202000003034,20,5,19,21:18,1,2,2,1,5,01053,M,"46,2122900","5,2274900",01
202000003035,20,3,4,15:42,1,2,1,1,-1,49007,M,"47,4649800"," -0,5486800",49
202000003036,20,5,19,16:10,1,2,2,1,6,75105,M,"48,8494410","2,3544180",75
202000003037,20,3,4,08:07,1,2,1,1,1,49007,M,"47,4657800"," -0,5594400",49
202000003038,20,5,19,01:10,5,2,1,1,6,75120,M,"48,8688210","2,3832850",75
202000003039,20,3,5,16:30,1,2,3,3,1,45232,M,"47,8500930","1,9295970",45
202000003040,20,5,19,15:25,1,2,2,1,6,75114,M,"48,8393680","2,3375030",75
202000003041,20,3,5,15:00,1,2,3,3,1,45234,M,"47,8861340","1,9074210",45
202000003042,20,5,19,11:25,1,2,2,1,3,75113,M,"48,8241750","2,3767950",75
202000003043,20,1,21,05:19,5,2,1,1,6,44109,M,"47,1933460"," -1,5283200",44
202000003044,20,5,19,17:10,1,2,2,1,6,75112,M,"48,8470060","2,3837820",75
202000003045,20,3,1,18:08,5,2,1,2,2,44055,M,"47,2847640"," -2,3918280",44
202000003046,20,5,19,16:30,1,2,2,1,3,75110,M,"48,8700010","2,3710430",75
202000003047,20,3,5,15:29,1,2,3,2,-1,37261,M,"47,3846387","0,6961669",37
202000003048,20,5,19,13:30,1,2,3,1,6,75110,M,"48,8771560","2,3635060",75
202000003049,20,2,26,16:05,1,2,3,1,6,35288,M,"48,6556080"," -2,0043290",35
202000003050,20,5,18,17:10,1,2,3,1,3,75109,M,"48,8823180","2,3420070",75
202000003051,20,5,19,19:10,1,2,6,1,6,75108,M,"48,8694110","2,3109220",75
202000003052,20,3,6,01:00,5,2,1,1,3,35238,M,"48,1099300"," -1,6868700",35
202000003053,20,5,19,19:40,1,2,3,1,6,75101,M,"48,8660290","2,3250450",75
202000003054,20,3,5,13:15,1,1,1,2,4,35238,M,"48,1244800"," -1,7133000",35
202000003055,20,5,19,11:25,1,2,5,1,6,75102,M,"48,8699130","2,3280060",75