Num_Acc,an,mois,jour,hrmn,lum,agg,int,atm,col,com,gps,lat,long,dep
202000003056,20,3,5,07:15,2,1,6,2,2,35051,M,"48,1023600"," -1,6101900",35
202000003057,20,5,19,00:10,5,2,3,1,-1,75104,M,"48,8548160","2,3687270",75
202000003058,20,3,4,08:20,1,2,1,2,3,35238,M,"48,1249900"," -1,6571700",35
202000003059,20,5,19,21:25,2,2,1,1,3,94081,M,"48,7859600","2,3874000",94
202000003060,20,3,2,16:30,1,2,1,9,6,34301,M,"43,4089600","3,7030700",34
202000003061,20,5,19,13:55,1,2,3,1,1,94081,M,"48,7880400","2,4208100",94
202000003062,20,5,19,09:50,1,2,2,1,3,94068,M,"48,7898800","2,5149600",94
202000003063,20,3,5,18:20,2,2,3,2,3,34172,M,"43,6011800","3,8696000",34
202000003064,20,3,4,20:15,3,1,1,3,2,33162,M,"44,8935600"," -0,6683900",33
202000003065,20,5,19,12:40,1,2,3,1,3,94046,M,"48,8116400","2,4300300",94
202000003066,20,3,5,08:55,1,1,3,2,1,32013,M,"43,6299000","0,6170000",32
202000003067,20,5,18,16:10,1,2,2,1,3,94019,M,"48,8000000","2,5500000",94
202000003068,20,3,4,23:20,5,1,1,2,2,31555,M,"43,6175300","1,3941200",31
202000003069,20,5,19,17:00,1,2,1,1,3,93066,M,"48,9427980","2,3644560",93
202000003070,20,3,4,21:45,5,2,1,2,3,31555,M,"43,5673900","1,4997100",31
202000003071,20,5,18,23:45,5,2,1,1,6,93049,M,"48,8574100","2,5110000",93
202000003072,20,5,19,19:10,1,2,1,1,3,93048,M,"48,8510033","2,4237262",93
202000003073,20,3,4,19:45,5,2,2,2,3,31555,M,"43,6268000","1,4443100",31
202000003074,20,5,19,21:30,5,2,2,1,3,93047,M,"48,8989000","2,5464000",93
202000003075,20,3,5,20:50,3,2,1,1,6,29039,M,"47,8730240"," -3,8880527",29
202000003076,20,5,19,13:30,1,2,1,1,5,93008,M,"48,9084495","2,4516314",93
202000003077,20,3,4,07:55,1,2,3,2,6,29019,M,"48,3895469"," -4,4758286",29
202000003078,20,5,19,16:30,1,2,1,1,6,93007,M,"48,9504000","2,4478000",93
202000003079,20,3,5,19:15,3,2,9,2,3,14079,M,"49,3071400","0,0409900",14
202000003080,20,5,19,15:10,1,2,1,1,3,93001,M,"48,9141540","2,4019960",93
202000003081,20,3,5,15:45,1,2,1,1,1,14118,M,"49,1883800"," -0,3652400",14
202000003082,20,5,19,20:36,2,2,1,1,6,92047,M,"48,8280297","2,1516138",92
202000003083,20,3,4,08:10,1,1,4,1,2,13056,M,"43,3765000","5,0647500",13
202000003084,20,5,19,01:45,5,2,1,1,2,92064,M,"48,8563840","2,2232550",92
202000003085,20,3,5,21:30,5,2,1,1,1,13213,M,"43,3177190","5,4094010",13
202000003086,20,5,19,17:35,1,2,1,1,2,92036,M,"48,9309070","2,3069110",92
202000003087,20,5,19,20:45,1,2,2,1,3,92012,M,"48,8458590","2,2370160",92
202000003088,20,3,5,19:40,5,2,1,1,3,13208,M,"43,2732440","5,3990760",13
202000003089,20,5,19,10:35,1,2,1,1,6,92002,M,"48,7377500","2,2881500",92
202000003090,20,3,5,18:08,2,2,9,2,3,13214,M,"43,3463000","5,3803000",13
202000003091,20,5,19,13:55,1,2,1,1,6,08053,M,"49,6794940","4,9769460",08
202000003092,20,3,5,14:50,1,2,1,2,3,13214,M,"43,3200800","5,3920090",13
202000003093,20,3,5,12:10,1,2,9,1,6,13208,M,"43,2598300","5,3953000",13
202000003094,20,3,16,14:00,1,1,2,8,3,24462,M,"45,0258280","0,3464130",24
202000003095,20,3,4,07:55,1,2,3,1,3,13213,M,"43,3265800","5,4381700",13
202000003096,20,5,18,12:30,1,2,1,1,6,28088,M,"48,0605390","1,3300160",28
202000003097,20,3,4,22:14,5,2,3,1,3,13211,M,"43,2876500","5,4649630",13
202000003098,20,3,5,18:15,2,2,1,2,6,11069,M,"43,2106481","2,3626729",11
202000003099,20,5,20,15:20,1,1,1,1,1,01427,M,"45,9532830","4,7561470",01
202000003100,20,3,5,10:40,1,2,9,2,1,11069,M,"43,2079000","2,3127000",11
202000003101,20,5,20,17:45,1,1,1,7,7,50487,M,"48,5406480"," -1,3408900",50
202000003102,20,3,4,13:53,1,1,1,1,6,10333,M,"48,2717400","4,0482400",10
202000003103,20,5,19,19:45,1,1,3,1,3,19161,M,"45,2373280","1,3485180",19
202000003104,20,1,30,18:41,5,2,1,1,6,02691,M,"49,8517610","3,2846040",02
202000003105,20,5,19,20:15,1,1,3,1,1,56032,M,"47,9382580"," -2,2847750",56
202000003106,20,3,5,05:45,5,2,1,2,6,75114,M,"48,8170950","2,3349820",75
202000003107,20,5,19,10:30,1,2,7,7,6,56165,M,"47,9307420"," -2,3971340",56
202000003108,20,5,15,12:40,1,1,6,1,7,59307,M,"50,8499100","2,2081070",59
202000003109,20,3,5,08:15,1,2,1,2,6,75105,M,"48,8452480","2,3396930",75
202000003110,20,5,20,17:00,1,1,1,1,6,74258,M,"46,0880550","6,7308860",74
202000003111,20,3,5,14:45,1,2,3,1,6,75118,M,"48,8992560","2,3423570",75
202000003112,20,5,15,13:15,1,1,3,1,3,67234,M,"48,9845313","7,0456807",67
202000003113,20,5,7,15:00,1,1,1,1,2,67191,M,"49,0275989","7,0802123",67
202000003114,20,3,5,17:50,2,2,3,3,3,75117,M,"48,8820600","2,3196340",75
202000003115,20,5,20,09:00,1,1,6,1,3,82161,M,"44,0425820","1,4572390",82
202000003116,20,3,4,00:19,5,2,5,1,3,75116,M,"48,8722860","2,2952960",75
202000003117,20,5,19,20:35,1,2,1,1,6,69070,M,"46,0144542","4,3765685",69
202000003118,20,3,5,08:50,1,2,2,2,3,75114,M,"48,8289320","2,3311580",75
202000003119,20,3,5,07:50,1,2,1,2,3,75114,M,"48,8290260","2,3081980",75
202000003120,20,5,20,19:40,1,2,4,1,1,61005,M,"48,3441530","0,5568860",61
202000003121,20,3,5,10:33,1,2,7,2,3,75105,M,"48,8448180","2,3639480",75
202000003122,20,5,20,19:55,2,1,1,1,3,61072,M,"48,9409090","0,2692670",61
202000003123,20,3,5,19:35,5,2,2,2,3,75111,M,"48,8668710","2,3733610",75
202000003124,20,5,20,10:30,1,1,2,7,3,49211,M,"47,1529380"," -0,5178810",49
202000003125,20,5,20,19:55,1,1,1,1,7,49241,M,"47,4847290"," -0,4437020",49
202000003126,20,3,5,18:45,5,2,1,3,3,75111,M,"48,8658090","2,3780300",75
202000003127,20,5,18,15:50,1,1,1,1,1,46030,M,"44,7872150","1,7925900",46
202000003128,20,3,2,00:50,5,2,2,2,6,75107,M,"48,8606462","2,2954796",75
202000003129,20,3,3,22:50,5,2,2,1,3,75104,M,"48,8493280","2,3665760",75
202000003130,20,3,5,10:10,1,2,3,2,3,75109,M,"48,8714600","2,3369990",75
202000003131,20,3,4,14:40,1,2,2,2,1,75101,M,"48,8609500","2,3300090",75
202000003132,20,3,5,19:35,5,2,1,2,3,94080,M,"48,8482530","2,4374830",94
202000003133,20,3,4,15:50,1,2,1,2,6,94042,M,"48,8210000","2,4640000",94
202000003134,20,3,3,13:45,1,2,9,1,2,94042,M,"48,8201042","2,4737973",94
202000003135,20,3,5,15:35,1,2,1,3,6,94044,M,"48,7558000","2,4841000",94
202000003136,20,3,5,18:00,2,2,1,3,7,94076,M,"48,7994200","2,3535500",94
202000003137,20,3,5,09:15,1,2,2,2,3,94069,M,"48,8240599","2,4199623",94
202000003138,20,3,4,08:25,1,2,2,1,3,93066,M,"48,9265200","2,3660400",93
202000003139,20,3,5,17:15,1,1,1,3,2,93064,M,"48,8800900","2,4757300",93
202000003140,20,3,5,16:45,1,1,9,2,5,93015,M,"48,9244200","2,5742100",93
202000003141,20,3,5,08:30,2,2,1,2,3,93045,M,"48,8821728","2,4238855",93
202000003142,20,3,5,05:35,5,2,9,2,3,93001,M,"48,9070650","2,3886950",93
202000003143,20,2,19,21:05,5,2,9,1,3,92078,M,"48,9382780","2,3241590",92
202000003144,20,3,5,09:25,1,2,1,2,1,92072,M,"48,8259015","2,2009993",92
202000003145,20,3,5,17:55,2,2,1,3,6,92049,M,"48,8194270","2,3142839",92
202000003146,20,3,5,08:20,1,1,1,2,7,92049,M,"48,8185041","2,3256732",92
202000003147,20,3,5,08:30,1,2,1,2,-1,92036,M,"48,9221420","2,3200190",92
202000003148,20,3,5,20:15,5,2,1,2,2,92062,M,"48,8755374","2,2386722",92
202000003149,20,3,5,17:40,2,2,2,3,6,92024,M,"48,9036913","2,3205047",92
202000003150,20,3,2,23:40,5,2,2,1,3,92024,M,"48,9084400","2,3000800",92
202000003151,20,3,5,19:05,5,2,3,2,3,92012,M,"48,8328460","2,2535970",92
202000003152,20,3,5,12:45,1,2,3,2,3,92012,M,"48,8326496","2,2292255",92
202000003153,20,3,6,13:40,1,1,1,1,2,02124,M,"49,7405220","3,4002360",02
202000003154,20,3,5,16:00,1,2,9,2,6,27230,M,"48,8670610","1,4173870",27
202000003155,20,3,1,21:00,3,1,1,4,1,54137,M,"49,4785260","5,7016680",54
202000003156,20,3,5,21:50,3,1,1,2,6,36006,M,"46,5837010","1,4934540",36
202000003157,20,3,6,13:50,1,2,9,1,6,2B096,M,"42,2993570","9,1543420",2B
202000003158,20,3,6,20:45,3,1,1,1,6,71182,M,"46,8022921","4,7818422",71
202000003159,20,3,6,09:45,1,2,1,1,2,76711,M,"50,0399450","1,3971350",76
202000003160,20,3,5,19:30,3,1,1,2,5,68365,M,"48,0498860","7,3161920",68
202000003161,20,3,6,00:35,3,1,1,2,6,31100,M,"43,2979640","1,6243670",31
202000003162,20,3,6,07:00,1,1,2,1,3,38013,M,"45,3999400","5,4758100",38
202000003163,20,3,6,12:20,1,2,6,1,3,50394,M,"49,1856520"," -1,4050480",50
202000003164,20,3,6,08:00,1,1,1,1,2,83025,M,"43,5261490","5,9558770",83
202000003165,20,3,6,12:20,1,2,1,1,-1,60220,M,"49,4410044","1,8707137",60
202000003166,20,3,4,17:50,2,1,1,2,1,64499,M,"43,4747660"," -0,9585950",64
202000003167,20,3,5,21:10,5,2,1,6,6,10360,M,"48,2293760","4,0387460",10
202000003168,20,3,6,07:30,2,1,1,1,7,27260,M,"49,4130180","0,4239070",27
202000003169,20,3,5,11:30,1,1,1,3,6,23190,M,"46,0588820","2,2759620",23
202000003170,20,3,6,20:00,5,2,1,3,6,42256,M,"45,4977340","4,1658120",42
202000003171,20,3,6,15:20,1,1,1,1,-1,69043,M,"45,7076330","4,7688500",69
202000003172,20,3,6,07:45,1,1,1,1,2,28367,M,"48,1395000","1,8550000",28
202000003173,20,3,6,11:00,1,2,1,1,6,97616,Y," -12,8529280","45,1076890",976
202000003174,20,3,6,05:45,2,1,1,1,6,98729,P," -17,5701580"," -149,7953330",987
202000003175,20,3,5,17:15,1,1,1,1,-1,98729,P," -17,5331020"," -149,8386240",987
202000003176,20,3,5,15:34,1,1,1,3,6,77343,M,"49,0234050","3,0666660",77
202000003177,20,3,6,08:00,1,1,3,1,3,78246,M,"49,0310910","1,7579540",78
202000003178,20,3,5,18:50,3,1,1,2,1,84145,M,"43,9137960","5,3975200",84
202000003179,20,3,6,17:30,1,2,1,1,1,13110,M,"43,4474390","5,6902690",13
202000003180,20,3,6,16:15,1,1,1,1,1,88308,M,"48,3454680","5,6577660",88
202000003181,20,3,4,18:00,1,1,1,8,-1,26271,M,"45,0150860","4,8551420",26
202000003182,20,3,3,19:05,5,2,6,1,1,01262,M,"45,8481830","5,0470879",01
202000003183,20,2,27,17:00,1,1,1,1,-1,27439,M,"49,0687280","1,1803060",27
202000003184,20,3,6,08:30,1,2,7,1,6,27180,M,"49,1846730","1,3653300",27
202000003185,20,2,28,04:35,3,1,1,1,2,57039,M,"49,0630700","6,1115800",57
202000003186,20,3,5,10:30,1,1,1,2,2,33080,M,"44,7301900"," -0,5295300",33
202000003187,20,3,3,12:00,1,1,1,1,4,59013,M,"50,5998050","3,1935520",59
202000003188,20,3,5,13:40,1,1,1,2,7,91235,M,"48,6264900","2,3522800",91
202000003189,20,3,5,13:00,1,1,1,2,3,91521,M,"48,6362400","2,4091600",91
202000003190,20,3,5,09:30,1,1,1,2,5,94021,M,"48,7667000","2,3436000",94
202000003191,20,3,5,07:00,2,1,1,2,3,94076,M,"48,7918400","2,3447400",94
202000003192,20,3,5,15:46,1,1,1,2,4,78073,M,"48,8015220","2,0467060",78
202000003193,20,3,5,07:20,1,1,1,3,2,78217,M,"48,9645900","1,8210300",78
202000003194,20,3,5,03:40,3,1,1,2,6,95527,M,"48,9991500","2,5205500",95
202000003195,20,3,4,19:50,3,1,1,2,3,95607,M,"49,0125500","2,2213000",95
202000003196,20,3,4,18:30,1,1,1,2,3,95572,M,"49,0378200","2,1230800",95
202000003197,20,2,25,08:15,1,1,1,2,2,93010,M,"48,9065400","2,4724700",93
202000003198,20,3,5,20:45,3,1,1,2,7,77373,M,"48,7650704","2,6149062",77
202000003199,20,3,5,16:37,1,1,1,2,4,94017,M,"48,8267061","2,5150986",94
202000003200,20,3,5,12:15,1,1,1,2,6,94065,M,"48,7539700","2,3512800",94
202000003201,20,1,2,02:10,5,2,1,1,6,63075,M,"45,7685100","3,0584000",63
202000003202,20,1,4,18:15,5,2,1,1,6,59178,M,"50,3719500","3,0567000",59
202000003203,20,2,27,01:50,5,2,1,1,6,98818,C," -22,3032500","166,4373500",988
202000003204,20,3,4,19:50,5,2,1,1,3,69388,M,"45,7339199","4,8771187",69
202000003205,20,3,4,17:50,1,2,1,1,6,69276,M,"45,6746000","4,8599000",69
202000003206,20,1,8,06:10,1,2,9,1,6,97113,A,"16,2161237"," -61,4789826",971
202000003207,20,3,4,06:15,5,2,3,1,3,95268,M,"48,9652890","2,3934840",95
202000003208,20,3,4,17:15,1,2,3,2,3,91687,M,"48,6592550","2,3732300",91
202000003209,20,3,4,18:30,2,2,2,2,3,91201,M,"48,6741400","2,4120000",91
202000003210,20,3,4,07:50,1,2,1,1,6,91027,M,"48,7000000","2,3825000",91
202000003211,20,3,4,07:28,2,2,3,1,3,91021,M,"48,5886000","2,2457200",91
202000003212,20,3,4,08:45,1,1,1,1,3,83069,M,"43,1616418","6,1240436",83
202000003213,20,3,3,10:45,1,2,1,1,6,80021,M,"49,8942900","2,2930500",80
202000003214,20,3,4,18:00,1,2,2,2,6,78440,M,"48,9860170","1,9146540",78
202000003215,20,3,3,14:45,1,2,3,3,6,76108,M,"49,4704100","1,1149700",76
202000003216,20,3,3,20:03,5,2,3,1,1,74012,M,"46,1975000","6,2384800",74
202000003217,20,2,14,14:40,1,2,6,1,3,73011,M,"45,6656657","6,3679782",73
202000003218,20,3,4,19:00,5,2,1,2,2,72181,M,"48,0072100","0,1995300",72
202000003219,20,3,4,13:14,1,2,1,2,6,72181,M,"48,0323690","0,1744290",72
202000003220,20,2,28,08:10,1,2,2,1,3,69290,M,"45,7047500","4,9155700",69
202000003221,20,3,3,09:45,1,2,2,1,6,69029,M,"45,7484000","4,9175000",69
202000003222,20,3,4,17:00,5,2,3,2,4,64335,M,"43,3349600"," -0,4569800",64
202000003223,20,3,4,23:35,5,2,9,1,7,64348,M,"43,3276700"," -0,3931000",64
202000003224,20,3,2,16:55,1,2,6,1,4,63164,M,"45,8413228","3,1582923",63
202000003225,20,3,2,15:38,1,2,1,1,2,63113,M,"45,7820300","3,1181700",63
202000003226,20,3,2,09:24,1,2,6,9,3,63113,M,"45,7882991","3,1394747",63
202000003227,20,2,25,16:00,1,2,2,1,6,62041,M,"50,2801480","2,7852750",62
202000003228,20,3,1,05:45,2,1,1,1,6,60159,M,"49,3927600","2,8015400",60
202000003229,20,3,4,11:30,1,1,6,1,3,59131,M,"50,9919000","2,3533200",59
202000003230,20,2,25,10:45,1,2,1,2,6,56260,M,"47,6642900"," -2,7916500",56
202000003231,20,3,4,13:50,1,2,4,8,2,54304,M,"48,6927327","6,1304690",54
202000003232,20,2,14,08:25,1,2,3,1,1,54395,M,"48,6801197","6,1954227",54
202000003233,20,3,4,13:50,1,2,3,1,3,51454,M,"49,2259217","4,0292161",51
202000003234,20,3,3,12:30,1,1,2,1,4,49015,M,"47,4996600"," -0,6211400",49
202000003235,20,3,4,00:45,5,2,1,1,6,45234,M,"47,9238588","1,9407731",45
202000003236,20,3,3,14:15,5,2,6,2,3,44184,M,"47,2843290"," -2,2015560",44
202000003237,20,3,4,19:50,3,2,1,2,6,44109,M,"47,2256823"," -1,6022624",44
202000003238,20,3,4,19:00,3,2,6,2,3,44162,M,"47,2294577"," -1,6337736",44
202000003239,20,3,3,18:40,5,2,1,1,6,41018,M,"47,5836800","1,3227000",41
202000003240,20,3,3,19:40,5,2,1,1,6,38544,M,"45,5215200","4,8824600",38
202000003241,20,3,4,16:40,1,2,1,1,6,38185,M,"45,1804300","5,7180500",38
202000003242,20,3,4,19:50,5,2,1,1,3,34172,M,"43,6262206","3,8768434",34
202000003243,20,3,4,14:15,1,2,1,1,6,34172,M,"43,6074429","3,8771275",34
202000003244,20,3,4,05:05,5,2,1,1,7,34172,M,"43,6244160","3,8525385",34
202000003245,20,3,4,12:10,1,2,9,3,6,33167,M,"44,8434200"," -0,5040600",33
202000003246,20,3,4,01:25,5,2,1,1,2,33063,M,"44,8225600"," -0,5709400",33
202000003247,20,3,4,15:00,1,2,3,1,1,29232,M,"47,9827262"," -4,1059660",29
202000003248,20,3,2,09:15,1,2,6,8,3,29039,M,"47,8698000"," -3,9061000",29
202000003249,20,3,4,10:00,1,2,1,8,4,27681,M,"49,0949280","1,4669400",27
202000003250,20,2,28,21:15,5,2,9,2,6,27229,M,"49,0095100","1,1666200",27
202000003251,20,3,3,18:05,1,2,3,1,2,27229,M,"49,0193400","1,1190000",27
202000003252,20,3,2,17:10,1,2,1,1,6,22278,M,"48,5129100"," -2,7659500",22
202000003253,20,3,4,11:43,1,2,1,2,2,17300,M,"46,1681400"," -1,1324900",17
202000003254,20,3,4,19:00,5,2,1,1,2,13213,M,"43,3210856","5,4161281",13
202000003255,20,3,4,02:40,5,2,1,6,6,13214,M,"43,3314300","5,4063500",13
202000003256,20,3,4,18:41,1,2,1,1,2,13213,M,"43,3262260","5,4392550",13
202000003257,20,3,4,18:20,2,2,1,1,6,13201,M,"43,2985500","5,3837400",13
202000003258,20,3,4,07:20,2,2,1,1,3,13002,M,"43,3602000","5,4941300",13
202000003259,20,9,18,07:40,1,2,3,1,1,72181,M,"48,0097800","0,1942000",72
202000003260,20,9,18,22:40,5,2,2,1,3,69256,M,"45,7852400","4,9171400",69
202000003261,20,9,18,20:05,5,2,7,1,-1,69256,M,"45,7869900","4,9205800",69
202000003262,20,9,18,14:45,1,2,1,1,6,69029,M,"45,7466500","4,9208100",69
202000003263,20,9,13,18:05,2,2,2,1,2,69275,M,"45,7726609","4,9775658",69
202000003264,20,9,17,17:22,1,2,1,1,6,68297,M,"47,5800000","7,5600000",68
202000003265,20,9,17,15:30,1,2,3,1,3,66136,M,"42,6977800","2,8802800",66
202000003266,20,9,18,09:20,1,2,1,1,3,64483,M,"43,3972300"," -1,6445400",64
202000003267,20,9,18,20:20,5,2,1,3,3,64445,M,"43,3061200"," -0,3762500",64
202000003268,20,9,18,10:55,1,2,6,1,3,64445,M,"43,3113600"," -0,3657100",64
202000003269,20,9,15,07:50,2,2,1,8,-1,64122,M,"43,4721200"," -1,5355300",64
202000003270,20,9,16,19:45,1,2,1,1,4,64024,M,"43,4870900"," -1,5365700",64
202000003271,20,9,18,06:55,5,2,2,1,3,62119,M,"50,5297000","2,6346600",62
202000003272,20,9,16,12:43,1,2,1,1,6,61001,M,"48,4353300","0,1057100",61
202000003273,20,9,18,07:11,1,2,1,1,1,60057,M,"49,4278822","2,0998070",60
202000003274,20,9,18,01:15,5,2,3,1,3,59350,M,"50,6247300","3,0387100",59
202000003275,20,9,17,18:55,1,2,3,1,3,56260,M,"47,6659500"," -2,7867000",56
202000003276,20,9,16,18:15,1,2,1,1,3,56260,M,"47,6534400"," -2,7416300",56
202000003277,20,9,18,18:00,1,2,1,1,4,54547,M,"48,6639447","6,1734916",54
202000003278,20,9,18,08:20,1,2,1,1,3,54395,M,"48,6875470","6,2049860",54
202000003279,20,9,17,18:00,1,2,1,1,3,54184,M,"48,7004020","6,2216581",54
202000003280,20,9,17,17:10,1,2,1,1,6,54395,M,"48,6968108","6,1891604",54
202000003281,20,9,17,08:20,1,2,1,1,2,54184,M,"48,6996000","6,2163000",54
202000003282,20,9,18,16:40,1,2,1,1,3,51454,M,"49,2499736","4,0290212",51
202000003283,20,9,18,16:18,1,2,1,1,7,51454,M,"49,2382870","4,0445552",51
202000003284,20,9,13,12:00,1,2,2,1,3,50129,M,"49,6421600"," -1,6369100",50
202000003285,20,9,17,13:45,1,2,1,1,4,49328,M,"47,2604000"," -0,0749400",49
202000003286,20,9,17,07:46,1,2,3,1,3,47001,M,"44,2007900","0,6226200",47
202000003287,20,9,18,07:45,1,2,1,1,2,45286,M,"47,8894213","1,9234742",45
202000003288,20,9,17,17:45,1,2,2,1,3,45068,M,"48,0131000","2,7300000",45
202000003289,20,9,18,08:00,1,2,1,1,2,44162,M,"47,2353000"," -1,6572200",44
202000003290,20,9,18,14:45,1,2,2,1,3,38169,M,"45,1890300","5,7005700",38
202000003291,20,9,18,16:00,1,2,1,1,4,37261,M,"47,3981426","0,6996322",37
202000003292,20,9,18,14:20,1,2,9,1,3,37233,M,"47,3782575","0,7176091",37
202000003293,20,9,18,15:45,1,2,6,1,3,35238,M,"48,1326300"," -1,6908600",35
202000003294,20,9,18,09:10,1,2,1,1,7,35278,M,"48,1508900"," -1,6840000",35
202000003295,20,9,8,23:00,4,2,1,1,6,33063,M,"44,8588500"," -0,5848900",33
202000003296,20,9,18,12:50,1,1,1,1,6,33529,M,"44,5697800"," -1,2266100",33
202000003297,20,9,18,22:30,3,2,1,1,6,30189,M,"43,8714200","4,2774600",30
202000003298,20,9,18,16:30,1,2,6,2,3,29232,M,"47,9833700"," -4,0494700",29
202000003299,20,9,17,08:10,1,2,1,1,6,28134,M,"48,7459500","1,3656700",28
202000003300,20,9,5,21:40,5,2,1,1,6,27229,M,"49,0262900","1,1786600",27
202000003301,20,9,18,04:00,5,2,1,1,7,17274,M,"46,1526000"," -1,1094900",17
202000003302,20,9,18,18:20,1,2,2,1,3,13210,M,"43,2690520","5,4204172",13
202000003303,20,9,18,17:20,1,2,1,1,2,13205,M,"43,2917430","5,4138740",13
202000003304,20,9,18,11:00,1,2,2,1,3,13206,M,"43,2820552","5,3859634",13
202000003305,20,9,18,12:30,1,2,1,1,3,13214,M,"43,3422200","5,4020500",13
202000003306,20,9,18,09:05,1,2,1,1,3,13212,M,"43,3039030","5,4354440",13
202000003307,20,9,18,03:45,5,2,2,1,3,13201,M,"43,2916985","5,3718488",13
202000003308,20,9,17,19:10,2,2,1,1,1,13211,M,"43,3019450","5,5118690",13
202000003309,20,9,18,19:30,2,1,9,8,2,13047,M,"43,4890000","4,9650000",13
202000003310,20,9,18,15:55,1,2,1,1,-1,13001,M,"43,5140000","5,4425000",13
202000003311,20,9,17,22:00,3,2,1,1,3,13001,M,"43,5059900","5,4027100",13
202000003312,20,9,18,19:55,5,2,1,1,3,11069,M,"43,2195400","2,3439800",11
202000003313,20,9,17,17:30,1,2,1,1,2,11069,M,"43,2046300","2,3324200",11
202000003314,20,9,17,14:00,1,2,1,1,7,11069,M,"43,2232000","2,3601000",11
202000003315,20,9,17,10:40,1,1,6,1,7,11069,M,"43,2044000","2,3330000",11
202000003316,20,9,18,13:55,1,2,4,7,3,10325,M,"48,2618000","4,0739000",10
202000003317,20,9,17,21:22,5,2,3,1,6,10387,M,"48,2982200","4,0739200",10
202000003318,20,9,17,10:50,1,2,1,1,3,10387,M,"48,2884700","4,0769400",10
202000003319,20,9,18,14:57,1,2,3,1,3,08105,M,"49,7900000","4,7100000",08
202000003320,20,9,14,17:20,1,2,1,1,6,06088,M,"43,7153000","7,2928000",06
202000003321,20,9,18,21:40,5,2,9,1,3,06069,M,"43,6491400","6,9317600",06
202000003322,20,9,18,16:10,1,2,1,1,1,06069,M,"43,6485340","6,9356940",06
202000003323,20,9,18,14:28,1,1,1,1,3,06069,M,"43,6371560","6,9565740",06
202000003324,20,9,18,15:10,1,2,2,1,4,06004,M,"43,5837800","7,1064800",06
202000003325,20,9,17,17:50,1,2,1,1,7,01053,M,"46,1982900","5,2246380",01
202000003326,20,9,17,10:55,1,2,4,1,3,75116,M,"48,8363230","2,2567600",75
202000003327,20,9,14,22:35,5,2,1,1,2,75119,M,"48,9003090","2,3779940",75
202000003328,20,9,18,08:40,1,2,3,1,3,75120,M,"48,8764210","2,4072880",75
202000003329,20,9,18,02:05,5,2,2,1,3,75118,M,"48,8840600","2,3556980",75
202000003330,20,9,18,10:45,1,2,1,1,6,75119,M,"48,8918780","2,3799680",75
202000003331,20,9,18,13:25,1,2,4,1,6,75118,M,"48,8957400","2,3310970",75
202000003332,20,9,18,19:00,2,2,1,1,3,75108,M,"48,8637680","2,3016220",75
202000003333,20,9,18,16:00,1,2,4,1,6,75117,M,"48,8788550","2,3017640",75
202000003334,20,9,18,15:30,1,2,7,1,2,75117,M,"48,8875720","2,3046450",75
202000003335,20,9,18,09:40,1,2,5,1,-1,75117,M,"48,8791520","2,3031510",75
202000003336,20,9,17,22:40,5,2,2,1,3,75117,M,"48,8902630","2,3207510",75
202000003337,20,9,17,16:50,1,2,1,1,7,75117,M,"48,8824400","2,3214640",75
202000003338,20,9,18,15:50,1,2,4,1,3,75108,M,"48,8661140","2,2996580",75
202000003339,20,9,18,09:00,1,2,7,1,2,75116,M,"48,8632860","2,2866670",75
202000003340,20,9,18,00:41,5,2,1,1,6,75117,M,"48,8744590","2,2922810",75
202000003341,20,9,17,18:15,1,2,1,1,3,75116,M,"48,8575780","2,2373260",75
202000003342,20,9,18,20:15,5,2,2,1,3,75113,M,"48,8314000","2,3758800",75
202000003343,20,9,18,15:20,1,2,3,1,3,75113,M,"48,8208170","2,3558310",75
202000003344,20,9,17,23:20,5,2,1,1,3,75113,M,"48,8410350","2,3691160",75
202000003345,20,9,18,17:50,1,2,3,1,3,75111,M,"48,8554680","2,3818140",75
202000003346,20,9,17,22:58,5,2,2,1,3,75111,M,"48,8546970","2,3853240",75
202000003347,20,9,18,17:45,1,2,4,1,6,75110,M,"48,8784660","2,3566800",75
202000003348,20,9,18,09:00,1,2,1,1,3,75116,M,"48,8584740","2,2577370",75
202000003349,20,9,18,00:48,5,2,7,1,3,75108,M,"48,8647410","2,3019430",75
202000003350,20,9,18,12:50,1,2,3,1,7,75104,M,"48,8529110","2,3589710",75
202000003351,20,9,18,12:00,1,2,3,1,7,75104,M,"48,8549600","2,3468620",75
202000003352,20,9,17,15:30,1,2,2,1,3,75103,M,"48,8659430","2,3537770",75
202000003353,20,9,18,10:10,1,2,1,1,2,94033,M,"48,8528609","2,4940038",94
202000003354,20,9,18,19:20,2,2,3,1,3,94042,M,"48,8200514","2,4817218",94
202000003355,20,9,16,09:20,1,2,1,1,2,94068,M,"48,7973600","2,4871100",94
202000003356,20,9,18,09:05,1,2,1,1,-1,94046,M,"48,8025500","2,4335360",94
202000003357,20,9,18,12:00,1,2,6,1,3,94074,M,"48,7607290","2,4438440",94
202000003358,20,9,18,02:10,5,2,1,1,3,94046,M,"48,8140000","2,4211000",94
202000003359,20,9,18,17:40,1,2,1,1,2,94016,M,"48,7953895","2,3287482",94
202000003360,20,9,18,17:10,1,2,1,1,3,94073,M,"48,7613200","2,3709400",94
202000003361,20,9,17,00:10,5,2,9,1,2,94073,M,"48,7690000","2,3680000",94
202000003362,20,9,18,16:45,1,2,1,1,6,94028,M,"48,7905000","2,4651600",94
202000003363,20,9,18,14:40,1,2,3,1,3,94028,M,"48,7848389","2,4510086",94
202000003364,20,9,18,18:20,1,2,1,1,6,94022,M,"48,7667000","2,4050000",94