Num_Acc,an,mois,jour,hrmn,lum,agg,int,atm,col,com,gps,lat,long,dep
202000003365,20,9,18,19:45,2,2,3,1,3,94033,M,"48,8535600","2,4750300",94
202000003366,20,9,18,18:00,1,2,4,1,2,94071,M,"48,7808900","2,5136800",94
202000003367,20,9,18,21:00,5,2,9,1,2,93078,M,"48,9552000","2,5380000",93
202000003368,20,9,18,13:05,1,2,1,1,3,93078,M,"48,9548117","2,5368279",93
202000003369,20,9,18,12:30,1,2,1,1,6,93053,M,"48,8957789","2,4611954",93
202000003370,20,9,17,11:30,1,2,2,1,3,93049,M,"48,8699883","2,5055672",93
202000003371,20,9,18,15:20,1,2,9,1,6,93074,M,"48,9346400","2,5666800",93
202000003372,20,9,18,10:15,1,1,9,1,3,93032,M,"48,8656890","2,5654130",93
202000003373,20,9,18,08:50,1,2,2,1,6,93007,M,"48,9400200","2,4407200",93
202000003374,20,9,18,09:55,1,2,2,1,6,93071,M,"48,9300477","2,5169819",93
202000003375,20,9,18,15:50,1,2,1,1,6,92073,M,"48,8638700","2,2087300",92
202000003376,20,9,18,17:30,1,2,1,1,6,92064,M,"48,8512640","2,2131280",92
202000003377,20,9,18,16:40,1,2,3,1,2,92033,M,"48,8468655","2,1954095",92
202000003378,20,9,18,13:45,1,2,1,1,4,92064,M,"48,8554700","2,2229500",92
202000003379,20,9,18,17:40,1,2,1,1,2,92050,M,"48,9119590","2,2175539",92
202000003380,20,9,17,09:15,1,2,3,1,3,92050,M,"48,8987239","2,2255857",92
202000003381,20,9,15,09:45,1,2,6,1,3,92050,M,"48,8958300","2,2160200",92
202000003382,20,9,18,17:10,1,2,1,1,6,92019,M,"48,7639459","2,2713202",92
202000003383,20,9,18,20:55,5,2,1,1,-1,92012,M,"48,8436266","2,2323173",92
202000003384,20,9,17,14:30,1,2,3,1,3,92009,M,"48,9199141","2,2769871",92
202000003385,20,9,18,19:15,5,2,1,1,7,97415,R," -21,0481670","55,3024720",974
202000003386,20,9,19,10:20,1,1,1,1,6,26301,M,"45,1278950","4,9825140",26
202000003387,20,9,18,18:10,1,1,1,1,3,86128,M,"46,8021620","0,2741230",86
202000003388,20,9,11,15:55,1,2,1,1,-1,06044,M,"43,6846740","7,1019620",06
202000003389,20,9,19,09:55,1,2,2,1,1,97412,R," -21,3711340","55,6729820",974
202000003390,20,9,19,12:00,1,2,1,1,7,97212,A,"14,7079280"," -61,0120200",972
202000003391,20,9,18,16:00,1,1,1,1,4,52469,M,"48,0428360","5,0592900",52
202000003392,20,9,17,11:50,1,2,2,1,1,51388,M,"49,1388154","4,3599106",51
202000003393,20,9,19,11:25,1,1,1,1,2,38118,M,"45,3714430","5,4502490",38
202000003394,20,9,18,15:15,1,1,2,1,3,22391,M,"48,3417390"," -2,1547260",22
202000003395,20,9,19,13:57,1,1,1,1,2,37159,M,"47,2771525","0,6778626",37
202000003396,20,9,19,00:00,4,2,1,1,6,89326,M,"48,1508374","3,3093504",89
202000003397,20,9,18,18:35,1,1,1,1,6,74173,M,"45,8397770","6,5982770",74
202000003398,20,9,19,03:10,4,1,9,1,6,2B050,M,"42,5546930","8,7907360",2B
202000003399,20,9,19,17:30,1,1,1,1,7,12286,M,"43,9153770","2,8294520",12
202000003400,20,9,18,14:37,1,1,1,1,5,42224,M,"45,3380929","4,3963491",42
202000003401,20,9,19,16:00,1,2,3,1,2,34114,M,"43,6537570","3,5521620",34
202000003402,20,8,15,09:35,1,1,1,1,1,68105,M,"47,6901070","7,1510630",68
202000003403,20,9,19,11:45,1,1,6,2,7,29241,M,"47,9693280"," -3,8310470",29
202000003404,20,9,19,11:50,1,2,1,1,6,31232,M,"43,7707100","1,2953250",31
202000003405,20,7,12,01:45,3,1,1,1,1,02804,M,"49,3005580","3,3391570",02
202000003406,20,9,19,10:30,1,2,1,1,6,15265,M,"45,3456230","2,4375810",15
202000003407,20,8,23,13:20,1,1,1,1,7,06125,M,"44,1627200","6,7115740",06
202000003408,20,9,19,16:11,1,1,1,1,5,83082,M,"43,6054459","6,4797500",83
202000003409,20,9,18,18:20,1,1,9,1,4,60223,M,"49,4329570","2,6726390",60
202000003410,20,9,19,08:55,1,1,1,1,1,60104,M,"49,6291945","2,3257418",60
202000003411,20,9,18,11:45,1,1,1,1,1,64547,M,"43,4140030"," -1,4744320",64
202000003412,20,9,18,07:30,2,2,1,1,6,18271,M,"47,1505420","2,3756650",18
202000003413,20,9,19,05:30,3,1,1,2,6,16210,M,"45,7362310","0,0616370",16
202000003414,20,9,19,05:00,3,1,1,2,6,16132,M,"45,8679970","0,7846390",16
202000003415,20,9,19,08:55,1,1,1,1,4,07349,M,"44,7975200","4,7629170",07
202000003416,20,9,19,11:10,1,1,3,1,3,24388,M,"44,8619570","0,9009110",24
202000003417,20,9,18,18:30,1,2,1,2,6,24115,M,"45,2453360","0,6841350",24
202000003418,20,9,19,17:30,1,2,1,1,6,27480,M,"49,3452100","1,5365200",27
202000003419,20,9,18,11:40,1,1,2,1,3,30249,M,"43,8087460","4,2265260",30
202000003420,20,9,18,20:45,5,2,1,1,2,38352,M,"45,5922790","5,2382040",38
202000003421,20,9,16,10:30,1,1,6,1,3,13051,M,"43,5976220","5,0918930",13
202000003422,20,9,19,01:20,3,1,1,2,2,44028,M,"47,3381830"," -1,3857360",44
202000003423,20,9,16,03:50,3,1,6,1,6,33199,M,"44,6148500"," -1,0724760",33
202000003424,20,9,18,14:45,1,1,1,1,6,06161,M,"43,6255140","7,1161370",06
202000003425,20,9,14,21:20,5,2,1,1,7,69268,M,"45,6538000","4,7510140",69
202000003426,20,9,18,08:15,1,2,3,7,6,69027,M,"45,6704440","4,7622510",69
202000003427,20,9,19,18:22,3,1,1,1,6,98829,C," -21,6349910","166,2827110",988
202000003428,20,9,17,09:30,1,2,1,7,3,37073,M,"47,3311828","1,0937587",37
202000003429,20,9,18,20:35,3,1,1,1,6,45049,M,"47,8665010","2,3818870",45
202000003430,20,9,18,20:00,2,1,1,1,6,89111,M,"48,2384150","3,4568530",89
202000003431,20,9,19,11:40,1,2,9,1,6,88321,M,"48,3483670","5,6863530",88
202000003432,20,9,15,16:00,1,1,1,1,2,88460,M,"48,3969480","5,7413970",88
202000003433,20,9,18,12:30,1,1,9,1,-1,69236,M,"45,5660060","4,7030820",69
202000003434,20,9,19,18:30,1,2,1,2,1,33146,M,"45,1074730"," -0,7291850",33
202000003435,20,9,19,00:20,3,2,1,2,6,72110,M,"47,7471760"," -0,1513540",72
202000003436,20,9,19,12:35,1,1,1,1,6,29247,M,"47,9566074"," -3,9883448",29
202000003437,20,9,19,07:00,2,1,1,1,1,76057,M,"49,5457730","0,9731220",76
202000003438,20,9,18,17:45,1,1,2,1,1,60360,M,"49,3371100","2,4549620",60
202000003439,20,9,19,10:50,1,2,1,1,2,62014,M,"50,6296583","2,3903391",62
202000003440,20,9,18,14:20,1,1,1,1,4,13215,M,"43,3599700","5,3620800",13
202000003441,20,9,13,12:28,1,1,1,1,2,13005,M,"43,2806000","5,5847500",13
202000003442,20,9,15,08:20,1,1,1,1,2,13071,M,"43,4066000","5,3618000",13
202000003443,20,9,18,09:00,1,2,1,1,2,13055,M,"43,3157465","5,4224686",13
202000003444,20,9,16,17:22,1,1,1,1,2,13015,M,"43,4543000","5,3980000",13
202000003445,20,9,15,17:30,1,1,1,1,7,13056,M,"43,3945000","5,0520000",13
202000003446,20,9,18,20:40,5,1,1,1,4,33249,M,"44,8853000"," -0,5097000",33
202000003447,20,8,11,11:33,1,1,1,1,7,59449,M,"50,4642930","3,2481170",59
202000003448,20,9,18,16:00,1,1,1,1,2,91064,M,"48,7542000","2,2235000",91
202000003449,20,9,18,14:30,1,1,1,1,3,92072,M,"48,8260941","2,2225280",92
202000003450,20,9,18,11:30,1,1,1,1,2,94042,M,"48,8283680","2,4755836",94
202000003451,20,9,18,09:30,1,1,1,1,2,94018,M,"48,8205076","2,4018322",94
202000003452,20,9,16,18:55,5,2,3,1,6,98818,C," -22,2955000","166,4581000",988
202000003453,20,9,17,11:20,1,2,1,1,2,97411,R," -20,8931000","55,4880000",974
202000003454,20,6,21,20:20,1,2,3,1,6,19031,M,"45,1709494","1,5303612",19
202000003455,20,6,20,15:50,1,2,3,1,3,14366,M,"49,1417900","0,2439670",14
202000003456,20,6,22,17:30,1,2,2,1,1,14118,M,"49,2103368"," -0,3675232",14
202000003457,20,6,20,06:20,1,2,1,1,3,13056,M,"43,4057800","5,0472400",13
202000003458,20,6,22,22:55,5,2,6,1,7,13208,M,"43,2473010","5,3825510",13
202000003459,20,6,22,16:15,1,1,1,1,2,13213,M,"43,3283100","5,4286700",13
202000003460,20,6,22,14:05,1,2,2,1,3,13203,M,"43,3179400","5,3788500",13
202000003461,20,6,21,18:40,1,1,1,1,7,13098,M,"43,4614700","4,9967200",13
202000003462,20,6,21,15:25,1,2,1,1,6,13047,M,"43,5027626","4,9943205",13
202000003463,20,6,21,18:39,1,2,1,1,2,10362,M,"48,2910800","4,0270700",10
202000003464,20,6,17,16:15,1,2,1,1,-1,10362,M,"48,2975400","4,0585700",10
202000003465,20,6,22,11:46,1,2,2,1,6,06088,M,"43,7094400","7,2559400",06
202000003466,20,6,21,01:00,5,2,1,1,5,06088,M,"43,7029900","7,2590300",06
202000003467,20,7,4,12:20,1,2,6,1,3,06069,M,"43,6538400","6,9279600",06
202000003468,20,6,21,11:15,1,2,1,1,4,06027,M,"43,6577600","7,1692300",06
202000003469,20,6,21,08:45,1,2,6,1,-1,05061,M,"44,5639600","6,0937200",05
202000003470,20,6,22,16:09,1,1,1,1,2,05023,M,"44,8800381","6,6197437",05
202000003471,20,6,22,13:10,1,2,1,1,3,75117,M,"48,8890100","2,2946760",75
202000003472,20,6,22,08:45,1,2,1,1,4,75115,M,"48,8273430","2,2931980",75
202000003473,20,6,22,07:30,1,2,4,1,5,75119,M,"48,8996100","2,3920840",75
202000003474,20,6,20,04:20,5,2,1,1,2,75117,M,"48,8902450","2,2984650",75
202000003475,20,6,19,20:23,5,2,1,1,-1,75108,M,"48,8645060","2,3032700",75
202000003476,20,6,22,23:10,5,2,7,1,6,75118,M,"48,8956410","2,3462970",75
202000003477,20,6,22,20:30,2,2,2,1,6,75118,M,"48,8883510","2,3495850",75
202000003478,20,6,22,20:10,1,2,3,1,6,75117,M,"48,8923240","2,3171940",75
202000003479,20,6,21,22:00,5,2,1,1,6,75117,M,"48,8801790","2,2831540",75
202000003480,20,6,22,09:00,1,2,1,1,3,75116,M,"48,8592460","2,2432090",75
202000003481,20,6,22,09:30,1,2,1,1,7,75115,M,"48,8353850","2,3075750",75
202000003482,20,6,22,02:55,5,2,2,1,6,75107,M,"48,8599580","2,3148450",75
202000003483,20,6,22,07:40,1,2,5,1,3,75112,M,"48,8337800","2,4451650",75
202000003484,20,6,22,18:30,1,2,1,1,3,75111,M,"48,8672970","2,3792680",75
202000003485,20,6,21,03:05,5,2,1,1,4,75110,M,"48,8779960","2,3545280",75
202000003486,20,6,22,10:45,1,2,7,1,6,75109,M,"48,8711190","2,3323190",75
202000003487,20,6,22,19:55,1,2,3,1,1,75101,M,"48,8595320","2,3479280",75
202000003488,20,6,22,12:20,1,2,2,1,7,75103,M,"48,8572430","2,3617600",75
202000003489,20,6,22,19:20,1,2,1,1,2,94044,M,"48,7456030","2,4892060",94
202000003490,20,6,22,12:45,1,2,1,1,2,94044,M,"48,7530000","2,4760000",94
202000003491,20,6,22,06:00,2,2,2,1,3,94041,M,"48,8130100","2,3701800",94
202000003492,20,6,21,16:25,1,2,3,1,3,94033,M,"48,8528100","2,4680900",94
202000003493,20,6,22,17:10,1,2,6,1,-1,94017,M,"48,8161610","2,5123280",94
202000003494,20,6,21,17:05,1,2,1,1,6,93066,M,"48,9385375","2,3745509",93
202000003495,20,6,22,04:40,5,2,2,1,3,93046,M,"48,9200800","2,5392600",93
202000003496,20,6,21,16:30,1,2,1,1,3,93045,M,"48,8788100","2,4122000",93
202000003497,20,6,20,22:38,5,2,1,1,6,93006,M,"48,8759400","2,4289000",93
202000003498,20,6,22,06:35,2,2,1,1,2,93057,M,"48,9111900","2,5168200",93
202000003499,20,6,22,18:05,1,2,1,1,2,93008,M,"48,9080766","2,4266387",93
202000003500,20,6,22,17:55,1,2,1,1,3,93007,M,"48,9290651","2,4785922",93
202000003501,20,6,22,00:05,5,2,1,1,4,93005,M,"48,9519640","2,5127046",93
202000003502,20,6,22,15:30,1,2,1,1,4,93001,M,"48,9109273","2,3803195",93
202000003503,20,6,22,17:45,1,2,9,1,6,92046,M,"48,8192080","2,3000881",92
202000003504,20,6,21,16:15,1,2,6,1,3,92063,M,"48,8581200","2,1940500",92
202000003505,20,6,19,19:00,1,2,1,1,6,92063,M,"48,8888058","2,1766641",92
202000003506,20,6,21,19:45,1,2,4,1,3,92050,M,"48,8876312","2,1972495",92
202000003507,20,6,22,16:10,1,2,3,1,1,92060,M,"48,7823547","2,2589539",92
202000003508,20,6,22,17:50,1,2,1,1,2,92012,M,"48,8327700","2,2482200",92
202000003509,20,6,20,13:45,1,2,1,1,3,01054,M,"45,8887500","5,1507530",01
202000003510,20,6,23,09:40,1,1,1,1,1,07191,M,"44,5767412","4,7000822",07
202000003511,20,6,23,06:50,1,1,3,1,3,64254,M,"43,5105650"," -0,6142260",64
202000003512,20,6,22,23:25,2,1,1,1,3,22206,M,"48,5323790"," -3,0059620",22
202000003513,20,6,23,13:00,1,1,1,1,1,38188,M,"45,1491840","5,7831590",38
202000003514,20,6,23,17:25,1,1,1,1,6,54112,M,"49,0298210","5,9047220",54
202000003515,20,6,23,08:20,1,1,1,1,1,83019,M,"43,1169770","6,3216980",83
202000003516,20,6,23,13:00,1,1,1,1,1,04033,M,"44,4464120","6,3700960",04
202000003517,20,6,23,11:35,1,2,3,1,5,56097,M,"47,7629910"," -3,1103110",56
202000003518,20,6,22,17:12,1,1,1,1,5,74269,M,"45,9550190","5,8458910",74
202000003519,20,6,22,19:15,1,1,2,1,3,80190,M,"50,0855370","1,6609950",80
202000003520,20,6,23,07:45,1,1,2,1,3,80799,M,"49,8700440","2,4904100",80
202000003521,20,6,23,13:31,1,1,1,1,6,82151,M,"44,3055010","0,9349970",82
202000003522,20,6,22,12:20,1,1,1,1,7,82131,M,"44,2219530","1,4492080",82
202000003523,20,6,23,18:30,1,1,1,1,1,71027,M,"46,6575492","5,3979027",71
202000003524,20,6,23,16:30,1,1,6,1,2,71230,M,"46,5851629","4,0631408",71
202000003525,20,6,22,20:00,1,1,1,1,7,61373,M,"48,5749890","0,5225370",61
202000003526,20,6,23,10:24,1,1,1,1,7,42153,M,"45,9628063","4,1708222",42
202000003527,20,6,21,17:30,1,1,3,1,3,25240,M,"47,0962210","6,6278080",25
202000003528,20,6,22,07:30,2,2,4,1,1,84057,M,"43,9242650","5,2496840",84
202000003529,20,6,23,08:20,1,2,1,1,6,01370,M,"46,3048520","4,8395110",01
202000003530,20,6,22,15:13,1,1,1,1,7,70447,M,"47,4326130","6,0559180",70
202000003531,20,6,22,17:30,1,1,1,7,6,50109,M,"48,9088420"," -1,4636120",50
202000003532,20,6,23,09:15,1,2,1,1,3,64493,M,"43,3263360"," -1,0376600",64
202000003533,20,6,21,16:15,1,1,6,1,3,18237,M,"47,0777790","2,1807650",18
202000003534,20,6,22,17:50,1,2,3,1,3,36046,M,"46,5725580","1,9815780",36
202000003535,20,6,22,13:15,1,1,1,1,2,40134,M,"44,2296180"," -0,9125750",40
202000003536,20,6,22,12:00,1,1,1,1,6,18096,M,"47,1826020","2,1725050",18
202000003537,20,6,20,21:40,2,1,1,1,7,28187,M,"48,9105700","1,4647440",28
202000003538,20,6,23,14:15,1,2,1,7,7,78683,M,"48,8139290","1,8734430",78
202000003539,20,6,23,08:40,1,2,1,1,3,83099,M,"43,4587090","6,6682180",83
202000003540,20,6,22,21:00,1,1,1,1,3,83064,M,"43,3224430","6,0497410",83
202000003541,20,6,23,14:15,1,2,1,1,6,83023,M,"43,4088090","6,0645390",83
202000003542,20,6,23,11:30,1,2,2,1,3,13041,M,"43,4550740","5,4734850",13
202000003543,20,6,23,12:50,1,2,1,1,6,89085,M,"47,9459770","3,4943010",89
202000003544,20,6,23,16:00,1,2,2,1,6,89257,M,"47,9639622","3,5232608",89
202000003545,20,6,21,14:20,1,1,1,1,1,67303,M,"48,9103720","7,7435160",67
202000003546,20,6,20,13:30,1,2,1,2,1,67130,M,"48,4168970","7,6960460",67
202000003547,20,6,23,10:00,1,2,1,1,6,88196,M,"48,0727490","6,8771290",88
202000003548,20,6,19,11:15,1,1,3,1,3,57582,M,"49,2921470","6,1675040",57
202000003549,20,6,22,13:30,1,1,1,1,6,38067,M,"45,7219860","5,1878860",38
202000003550,20,6,22,21:50,3,1,1,1,7,17100,M,"45,6821990"," -0,4594520",17
202000003551,20,5,24,22:45,3,1,1,1,3,17044,M,"45,6697550"," -0,5998280",17
202000003552,20,6,23,10:35,1,2,1,1,2,33393,M,"44,9922600"," -0,1979580",33
202000003553,20,6,2,20:20,1,2,1,1,7,33211,M,"45,0061380"," -0,6433020",33
202000003554,20,6,23,14:40,1,2,6,1,3,85243,M,"46,5986640"," -1,8312570",85
202000003555,20,6,22,04:40,3,1,1,1,6,14719,M,"49,0244180"," -0,2695940",14
202000003556,20,6,20,20:25,2,1,1,1,2,83126,M,"43,1195615","5,8591783",83
202000003557,20,6,20,11:20,1,1,1,1,2,83144,M,"43,1360050","5,9928489",83
202000003558,20,6,19,18:00,1,1,1,1,4,83129,M,"43,1208900","5,8449200",83
202000003559,20,6,19,15:20,1,1,1,1,4,83137,M,"43,1209300","5,9435000",83
202000003560,20,6,22,17:50,1,1,1,1,5,33063,M,"44,8829600"," -0,5532000",33
202000003561,20,6,20,12:00,1,1,1,1,2,91521,M,"48,6354000","2,4011000",91
202000003562,20,6,21,07:00,2,1,1,1,2,95028,M,"49,0650100","2,3710100",95
202000003563,20,6,21,00:50,3,1,1,1,4,93066,M,"48,9193700","2,3575400",93
202000003564,20,1,15,07:45,2,1,1,1,4,67482,M,"48,5889250","7,7305309",67
202000003565,20,6,21,09:29,1,1,1,1,3,97416,R," -21,3250200","55,4911400",974
202000003566,20,6,22,00:10,5,2,3,1,3,69383,M,"45,7626000","4,8577400",69
202000003567,20,6,21,23:45,5,2,2,1,3,69383,M,"45,7570300","4,8528000",69
202000003568,20,6,21,12:00,1,2,9,1,2,69276,M,"45,6731200","4,8602500",69
202000003569,20,6,21,05:45,2,2,1,1,6,69387,M,"45,7519171","4,8527849",69
202000003570,20,6,21,03:05,5,2,2,1,3,69388,M,"45,7314928","4,8738526",69
202000003571,20,6,21,20:20,5,2,9,1,3,97209,A,"14,6091300"," -61,0667200",972
202000003572,20,6,21,17:10,5,2,2,1,3,69389,M,"45,7694200","4,8009300",69
202000003573,20,6,21,19:15,1,2,1,2,6,95018,M,"48,9561780","2,2490610",95
202000003574,20,6,21,15:40,1,2,3,1,3,91201,M,"48,6817700","2,4050400",91
202000003575,20,6,21,18:45,1,1,1,1,1,82121,M,"44,0153400","1,3123500",82
202000003576,20,6,20,19:20,1,2,6,1,3,80001,M,"50,1105800","1,8189100",80
202000003577,20,6,15,17:45,1,2,1,1,6,80001,M,"50,1092160","1,8394050",80
202000003578,20,6,16,19:25,1,2,1,1,6,69266,M,"45,7590600","4,8775900",69
202000003579,20,6,21,18:00,1,2,1,1,4,42071,M,"46,0271660","4,0898595",42
202000003580,20,6,21,22:25,5,2,1,1,6,42044,M,"45,3980599","4,3466205",42
202000003581,20,6,20,12:15,1,2,2,1,6,37261,M,"47,3860970","0,6766602",37
202000003582,20,6,20,09:20,1,2,1,1,7,34172,M,"43,6064631","3,8778140",34
202000003583,20,6,21,16:40,1,2,4,1,2,33281,M,"44,8433106"," -0,6724950",33
202000003584,20,6,20,11:39,1,2,6,1,2,29232,M,"47,9827500"," -4,0750200",29
202000003585,20,6,21,23:30,5,1,1,1,6,26198,M,"44,5678100","4,7366000",26
202000003586,20,6,21,02:40,5,2,9,1,6,17300,M,"46,1647300"," -1,1555700",17
202000003587,20,6,20,11:50,1,1,1,1,2,17300,M,"46,1756100"," -1,2127100",17
202000003588,20,6,21,22:20,5,2,2,1,3,13208,M,"43,2784400","5,3939150",13
202000003589,20,6,21,20:40,1,2,4,1,2,13215,M,"43,3751700","5,3557900",13
202000003590,20,6,21,06:45,1,2,1,1,4,13208,M,"43,2515400","5,3778400",13
202000003591,20,6,21,05:50,2,2,1,1,6,13215,M,"43,3397000","5,3481000",13
202000003592,20,6,21,04:47,5,2,1,1,6,13208,M,"43,2258300","5,3484390",13
202000003593,20,6,20,15:30,1,2,2,1,3,13205,M,"43,2972674","5,3940788",13
202000003594,20,6,18,11:07,1,2,1,1,6,12145,M,"44,1029400","3,0796300",12
202000003595,20,6,21,23:30,5,2,1,1,6,06027,M,"43,6523779","7,1545270",06
202000003596,20,6,21,17:10,1,2,1,1,6,06027,M,"43,6581600","7,1629000",06
202000003597,20,6,20,04:04,5,2,1,1,4,75117,M,"48,8893710","2,2960980",75
202000003598,20,6,20,23:05,5,2,7,1,2,75119,M,"48,8863910","2,3940190",75
202000003599,20,6,20,20:45,1,2,3,1,3,75118,M,"48,8921590","2,3463410",75
202000003600,20,6,20,23:40,5,2,2,1,3,75117,M,"48,8822120","2,3203450",75
202000003601,20,6,21,21:00,1,2,1,2,3,75111,M,"48,8619760","2,3731270",75
202000003602,20,6,20,13:45,1,2,7,1,7,75111,M,"48,8486120","2,3943570",75
202000003603,20,6,21,02:50,5,2,2,1,6,75111,M,"48,8656390","2,3773330",75
202000003604,20,6,21,00:55,5,2,3,1,6,75108,M,"48,8801120","2,3134530",75
202000003605,20,6,21,00:05,5,2,2,1,2,75108,M,"48,8718690","2,3008550",75
202000003606,20,6,21,19:10,1,2,3,2,3,94043,M,"48,8121300","2,3564000",94
202000003607,20,6,21,00:50,5,2,1,1,3,94070,M,"48,7348800","2,5805300",94
202000003608,20,6,20,23:45,5,2,2,1,-1,92050,M,"48,8888000","2,2032000",92
202000003609,20,6,21,19:48,1,2,1,1,7,92048,M,"48,8221637","2,2321612",92
202000003610,20,6,20,20:40,1,2,3,1,3,92036,M,"48,9327960","2,2927290",92
202000003611,20,6,21,17:50,1,2,2,1,3,92026,M,"48,9004163","2,2607726",92
202000003612,20,6,21,17:45,1,1,1,1,1,54552,M,"48,4187020","6,0526460",54
202000003613,20,6,21,19:00,1,2,1,1,2,51262,M,"48,6926939","4,5975317",51
202000003614,20,6,21,12:36,1,1,1,1,7,68188,M,"47,9375530","7,0619750",68
202000003615,20,6,21,21:35,5,2,1,1,-1,68173,M,"48,1090520","7,1919140",68
202000003616,20,6,22,19:45,1,1,1,1,7,28127,M,"48,1700500","1,2674240",28
202000003617,20,6,22,15:45,1,1,1,1,7,67003,M,"48,3512940","7,3118360",67
202000003618,20,6,21,22:00,1,2,3,1,6,97414,R," -21,2893544","55,4043531",974
202000003619,20,6,21,20:40,2,1,1,8,6,48140,M,"44,8248300","3,2658360",48
202000003620,20,6,21,08:45,1,1,1,1,7,19121,M,"45,4667021","1,3895729",19
202000003621,20,6,20,09:00,1,2,1,1,6,19063,M,"45,1347222","1,5843372",19
202000003622,20,6,21,18:05,1,2,1,1,4,56169,M,"47,6781170"," -3,2053690",56
202000003623,20,6,22,02:30,3,1,1,1,6,2A269,M,"41,8180148","9,4022451",2A
202000003624,20,6,19,15:35,1,1,1,1,7,2A269,M,"41,8182773","9,4022962",2A
202000003625,20,6,22,11:45,1,1,1,1,6,2B286,M,"42,4863240","9,5228510",2B
202000003626,20,6,21,11:30,1,1,1,1,1,80686,M,"50,0077993","2,3820725",80
202000003627,20,6,21,10:05,1,2,1,1,6,32147,M,"43,6196250","0,8821970",32
202000003628,20,6,21,22:45,5,2,2,1,3,49218,M,"47,2666015"," -1,0253784",49
202000003629,20,6,21,13:10,1,1,1,1,1,12215,M,"44,4823150","2,4023200",12
202000003630,20,6,22,09:20,1,1,4,1,3,22203,M,"48,3449120"," -2,8388710",22
202000003631,20,6,21,18:00,1,1,4,1,3,35078,M,"48,6043850"," -1,7192280",35
202000003632,20,6,21,23:00,5,2,1,1,7,29061,M,"48,4509904"," -4,4520707",29
202000003633,20,6,22,10:20,1,1,1,1,7,38006,M,"45,4111120","6,0814800",38
202000003634,20,6,22,10:15,1,1,3,1,-1,14239,M,"49,3878130"," -0,9489230",14
202000003635,20,6,22,07:35,1,1,1,1,1,60405,M,"49,6897980","1,8064360",60
202000003636,20,6,21,19:50,1,1,1,1,3,60557,M,"49,5965293","1,9337466",60
202000003637,20,6,20,19:25,1,1,1,1,7,18226,M,"47,1390010","2,4832320",18
202000003638,20,6,19,13:10,2,2,1,1,3,36018,M,"46,6307630","1,0580890",36
202000003639,20,6,22,16:25,1,1,1,1,3,36005,M,"46,7581210","1,8109850",36
202000003640,20,6,22,02:40,3,1,1,1,7,04007,M,"43,9359013","6,5316715",04
202000003641,20,6,22,18:15,1,2,2,1,1,85039,M,"47,0197400"," -1,2005500",85
202000003642,20,6,20,19:00,1,1,1,1,7,48097,M,"44,1624270","3,7956910",48
202000003643,20,6,21,17:30,1,1,1,1,6,48130,M,"44,2057580","3,5819400",48
202000003644,20,6,21,19:55,1,1,1,1,7,08490,M,"49,4327820","4,6726920",08
202000003645,20,6,22,14:25,1,2,2,1,1,69244,M,"45,7566640","4,7821350",69
202000003646,20,2,2,15:05,1,2,3,2,3,75118,M,"48,8871710","2,3494820",75
202000003647,20,2,1,15:15,1,2,2,1,6,75118,M,"48,8972190","2,3422920",75
202000003648,20,2,1,13:20,1,2,1,2,3,75115,M,"48,8450910","2,2791530",75
202000003649,20,2,2,03:00,5,2,2,2,6,75114,M,"48,8375140","2,3229090",75
202000003650,20,2,2,10:30,1,2,2,2,-1,75113,M,"48,8337670","2,3650310",75
202000003651,20,2,2,09:50,1,2,1,8,3,75111,M,"48,8563480","2,3702720",75
202000003652,20,2,1,16:30,1,2,5,1,6,75109,M,"48,8767770","2,3392270",75
202000003653,20,2,2,13:33,1,2,2,1,3,75108,M,"48,8811310","2,3153330",75
202000003654,20,2,2,05:55,5,2,1,3,6,94065,M,"48,7576200","2,3478800",94
202000003655,20,2,1,20:00,5,2,7,2,3,94033,M,"48,8537700","2,4702100",94
202000003656,20,2,2,19:20,5,2,1,2,1,94017,M,"48,8180500","2,4934400",94
202000003657,20,2,2,11:10,1,2,1,2,3,93071,M,"48,9348520","2,5168699",93
202000003658,20,2,2,18:45,5,2,1,2,6,93055,M,"48,8915642","2,4153519",93
202000003659,20,2,2,15:15,1,2,9,2,3,93008,M,"48,9072400","2,4567400",93
202000003660,20,2,2,00:45,5,2,2,2,3,93007,M,"48,9501100","2,4667300",93
202000003661,20,2,2,03:40,5,2,2,2,3,93001,M,"48,9194800","2,3826700",93
202000003662,20,2,2,17:30,2,2,2,2,3,92040,M,"48,8148244","2,2720768",92
202000003663,20,2,2,20:09,5,2,1,2,3,92004,M,"48,9098800","2,2949600",92
202000003664,20,2,2,14:40,1,2,1,2,2,92004,M,"48,9044158","2,2865979",92
202000003665,20,2,1,11:45,1,1,9,1,1,65296,M,"43,5310869"," -0,0403213",65
202000003666,20,1,31,15:30,1,1,1,8,5,12259,M,"44,3060770","2,0392250",12
202000003667,20,2,1,19:52,5,2,6,2,3,74011,M,"45,9232030","6,1365620",74
202000003668,20,2,3,07:45,1,1,2,2,3,80092,M,"49,9605280","2,2739500",80
202000003669,20,2,2,16:30,1,1,9,1,-1,11024,M,"43,1325990","2,9645810",11
202000003670,20,2,3,11:20,1,1,2,2,3,89167,M,"47,8709350","3,4361460",89
202000003671,20,2,3,13:20,1,1,2,1,2,63109,M,"45,5648300","3,1605430",63