Num_Acc,an,mois,jour,hrmn,lum,agg,int,atm,col,com,gps,lat,long,dep
202000003672,20,2,3,10:05,1,1,1,2,1,61195,M,"48,6468890"," -0,3192900",61
202000003673,20,1,31,08:30,1,2,1,1,3,42323,M,"45,5600600","4,2775440",42
202000003674,20,2,2,20:00,5,2,3,8,6,22325,M,"48,6465071"," -2,8275975",22
202000003675,20,2,2,17:00,1,1,1,2,7,25036,M,"47,1909560","5,9664340",25
202000003676,20,2,2,23:00,3,1,1,2,7,29172,M,"48,1869996"," -4,2582020",29
202000003677,20,2,1,17:00,1,1,1,8,1,29196,M,"48,5085306"," -4,5855657",29
202000003678,20,2,2,16:20,1,2,1,7,6,31174,M,"43,0288470","0,8450250",31
202000003679,20,2,2,00:05,3,1,1,2,3,02012,M,"49,3390009","3,3868630",02
202000003680,20,1,31,16:30,1,1,1,1,1,66053,M,"42,5317410","3,0673050",66
202000003681,20,2,3,07:40,3,2,1,1,6,14514,M,"49,2888450","0,1949910",14
202000003682,20,2,3,08:30,3,1,1,2,7,50127,M,"49,3823170"," -1,3316850",50
202000003683,20,1,30,11:59,1,2,1,3,7,60584,M,"49,2097480","2,4050620",60
202000003684,20,2,3,00:00,3,1,1,2,6,10438,M,"48,1319050","4,6006610",10
202000003685,20,2,2,03:30,5,2,1,1,7,24255,M,"44,9384870","1,1324590",24
202000003686,20,2,2,22:00,3,1,1,1,7,04004,M,"43,8059080","6,0545610",04
202000003687,20,1,17,09:00,1,2,1,3,6,04145,M,"44,1388850","5,9677930",04
202000003688,20,2,3,15:47,1,1,1,8,1,28284,M,"48,2423240","1,9568380",28
202000003689,20,1,31,12:30,1,1,1,2,1,37021,M,"47,5444346","0,6907439",37
202000003690,20,2,3,09:00,1,1,1,3,7,01296,M,"46,3844530","5,2702670",01
202000003691,20,2,2,18:05,1,2,1,1,7,97309,G,"4,8844030"," -52,2815750",973
202000003692,20,2,2,11:10,1,1,1,1,3,83061,M,"43,5201507","6,7729824",83
202000003693,20,2,1,01:15,3,1,1,1,2,64502,M,"43,5307543"," -1,1818225",64
202000003694,20,2,3,15:50,1,2,1,1,1,38133,M,"45,3572500","5,6000700",38
202000003695,20,2,2,19:15,3,1,1,1,6,98723,P," -9,7813552"," -139,0114689",987
202000003696,20,1,25,14:15,1,1,1,1,3,97129,A,"16,3421144"," -61,7381753",971
202000003697,20,2,2,18:30,3,2,1,1,-1,97701,,"17,9120460"," -62,8537860",977
202000003698,20,2,2,12:00,1,2,3,1,6,33234,M,"44,8040600"," -0,5005400",33
202000003699,20,2,3,06:00,3,1,1,1,6,13067,M,"43,7720850","5,0566080",13
202000003700,20,2,3,07:54,1,1,1,1,7,13100,M,"43,7844640","4,8820070",13
202000003701,20,2,2,10:33,1,2,2,2,3,68063,M,"47,8090510","7,1723790",68
202000003702,20,2,3,14:15,1,1,1,1,1,31458,M,"43,5081920","1,3575010",31
202000003703,20,2,2,22:00,3,1,1,2,5,80288,M,"49,8702170","2,8354170",80
202000003704,20,2,2,19:15,2,1,1,1,4,13106,M,"43,4054500","5,3602000",13
202000003705,20,2,2,16:10,1,1,1,1,3,13071,M,"43,4061003","5,3226376",13
202000003706,20,1,31,07:40,2,1,1,1,2,13215,M,"43,3771600","5,3580100",13
202000003707,20,1,31,08:55,1,1,1,1,3,13210,M,"43,2848050","5,4074782",13
202000003708,20,1,31,18:25,5,1,1,1,2,13210,M,"43,2846333","5,4074005",13
202000003709,20,1,31,18:05,2,1,1,1,2,13215,M,"43,3476670","5,3713060",13
202000003710,20,2,2,22:15,3,1,1,1,5,33474,M,"44,6720600"," -0,4751500",33
202000003711,20,2,2,19:15,5,1,2,2,1,91377,M,"48,7300900","2,3005100",91
202000003712,20,2,2,18:37,3,1,1,2,2,91216,M,"48,6844400","2,3279500",91
202000003713,20,2,2,16:40,1,1,1,2,2,94034,M,"48,7590958","2,3239201",94
202000003714,20,2,2,17:45,2,1,1,2,6,91064,M,"48,7499100","2,2213800",91
202000003715,20,2,2,05:25,3,1,1,3,7,91589,M,"48,6785000","2,3353000",91
202000003716,20,2,2,18:00,3,1,1,3,-1,77514,M,"48,9479140","2,6286830",77
202000003717,20,2,2,10:15,1,1,1,2,7,77249,M,"48,7403031","2,6124683",77
202000003718,20,2,2,09:35,1,1,1,2,7,77373,M,"48,7669680","2,6135680",77
202000003719,20,1,31,09:05,1,1,1,1,2,77146,M,"48,8321615","2,6537775",77
202000003720,20,2,1,04:20,4,2,2,1,-1,69199,M,"45,7084500","4,8552100",69
202000003721,20,1,31,11:45,1,2,1,1,6,69388,M,"45,7387100","4,8673000",69
202000003722,20,1,27,19:30,5,2,1,1,2,69389,M,"45,7737300","4,8094000",69
202000003723,20,1,31,05:20,5,2,1,1,2,2B120,M,"42,6483300","9,4400300",2B
202000003724,20,1,31,23:10,5,1,1,1,6,97101,A,"16,2489637"," -61,5375996",971
202000003725,20,2,1,18:45,5,1,1,2,5,91223,M,"48,4370200","2,1707000",91
202000003726,20,2,1,04:00,3,2,5,2,2,78311,M,"48,9319400","2,1826600",78
202000003727,20,1,30,18:35,5,2,3,9,6,78517,M,"48,6504200","1,8310500",78
202000003728,20,1,31,20:35,5,2,1,1,2,76410,M,"49,4760100","1,0429000",76
202000003729,20,1,31,17:30,1,2,2,1,3,71153,M,"46,7984467","4,4470590",71
202000003730,20,2,1,04:30,3,1,1,2,3,71445,M,"46,7744202","4,8752609",71
202000003731,20,2,1,18:10,5,2,1,1,3,64348,M,"43,3138400"," -0,4282800",64
202000003732,20,2,1,13:45,1,2,1,1,6,64445,M,"43,3169100"," -0,3369100",64
202000003733,20,2,1,02:45,5,2,5,1,3,64445,M,"43,3191700"," -0,3675100",64
202000003734,20,1,31,15:56,1,2,1,1,6,63113,M,"45,7665399","3,0957063",63
202000003735,20,2,1,04:48,5,2,2,1,1,63113,M,"45,7641800","3,1259500",63
202000003736,20,1,30,10:13,1,2,3,1,5,63032,M,"45,7511500","3,0798600",63
202000003737,20,1,30,07:20,2,2,2,1,1,63113,M,"45,7871500","3,0845300",63
202000003738,20,1,29,17:00,1,2,9,1,3,59350,M,"50,6090900","3,0413700",59
202000003739,20,2,1,16:30,1,1,1,2,2,54025,M,"48,6617843","6,2511684",54
202000003740,20,2,1,17:51,2,2,3,2,6,54159,M,"48,6255090","6,3463660",54
202000003741,20,2,1,15:40,1,2,1,1,4,51454,M,"49,2572626","4,0236155",51
202000003742,20,2,1,11:40,1,1,1,1,6,45302,M,"47,9453220","1,8926200",45
202000003743,20,2,1,14:10,1,2,1,1,3,37122,M,"47,3534994","0,6659097",37
202000003744,20,2,1,20:45,5,2,1,1,6,35238,M,"48,1200000"," -1,6720300",35
202000003745,20,2,1,15:20,1,2,3,1,3,35238,M,"48,0971600"," -1,6770100",35
202000003746,20,2,1,11:30,1,2,3,8,3,35238,M,"48,1050200"," -1,6959200",35
202000003747,20,2,1,11:40,1,1,1,1,2,35238,M,"48,0828400"," -1,6975600",35
202000003748,20,2,1,09:40,1,1,9,7,6,35278,M,"48,1393100"," -1,6986800",35
202000003749,20,2,1,08:30,1,2,1,5,1,34198,M,"43,5606650","3,9545820",34
202000003750,20,2,1,16:05,1,1,1,1,3,34003,M,"43,3091400","3,5125600",34
202000003751,20,2,2,02:10,5,2,2,3,1,29019,M,"48,4096400"," -4,4564300",29
202000003752,20,1,27,16:05,1,2,7,8,1,28085,M,"48,4379000","1,4936000",28
202000003753,20,1,31,13:25,1,2,1,2,6,19272,M,"45,2744248","1,7870687",19
202000003754,20,2,1,08:40,1,2,6,7,3,13208,M,"43,2460860","5,3945760",13
202000003755,20,2,1,02:25,4,2,1,1,7,13209,M,"43,2461100","5,4457600",13
202000003756,20,1,27,17:30,1,2,1,1,6,13004,M,"43,6948400","4,6344500",13
202000003757,20,2,1,16:16,1,2,1,1,3,11069,M,"43,2209600","2,3527000",11
202000003758,20,2,1,20:10,5,2,1,2,2,75112,M,"48,8302760","2,4020370",75
202000003759,20,2,1,14:20,1,2,4,2,2,75119,M,"48,9003340","2,3771970",75
202000003760,20,1,31,06:20,5,2,4,1,7,75112,M,"48,8271950","2,3927950",75
202000003761,20,1,29,15:25,1,2,4,1,3,75118,M,"48,9009059","2,3557410",75
202000003762,20,2,1,19:30,5,2,3,2,6,75119,M,"48,8988530","2,3781280",75
202000003763,20,2,1,20:30,5,2,2,1,6,75119,M,"48,8905640","2,3768440",75
202000003764,20,2,1,14:05,1,2,3,1,6,75119,M,"48,8866820","2,3745420",75
202000003765,20,2,1,01:30,5,2,1,1,7,75116,M,"48,8516640","2,2800920",75
202000003766,20,1,31,20:50,5,2,1,1,6,75116,M,"48,8769140","2,2678620",75
202000003767,20,1,31,10:28,1,2,3,1,3,75116,M,"48,8719470","2,2825490",75
202000003768,20,2,1,01:55,5,2,7,1,3,75114,M,"48,8278110","2,3266620",75
202000003769,20,2,1,18:50,5,2,6,2,-1,75112,M,"48,8340630","2,4448200",75
202000003770,20,2,1,12:00,1,2,7,1,2,75112,M,"48,8448850","2,4019770",75
202000003771,20,2,1,00:20,5,2,1,1,-1,75112,M,"48,8424890","2,3718410",75
202000003772,20,2,1,01:40,5,2,1,1,6,75109,M,"48,8827080","2,3357530",75
202000003773,20,2,1,02:24,5,2,4,1,3,75108,M,"48,8646630","2,3074020",75
202000003774,20,1,30,12:45,1,2,7,2,3,75108,M,"48,8748506","2,3198769",75
202000003775,20,2,1,01:45,5,2,2,1,3,75104,M,"48,8566990","2,3489180",75
202000003776,20,2,1,06:55,5,2,2,2,2,94081,M,"48,7781600","2,3967900",94
202000003777,20,1,31,16:30,1,2,1,1,7,94068,M,"48,8082900","2,5062900",94
202000003778,20,1,31,19:10,5,2,3,1,6,94015,M,"48,8289315","2,5257733",94
202000003779,20,2,3,19:15,5,2,1,7,6,94076,M,"48,7829000","2,3670400",94
202000003780,20,2,1,19:30,5,2,9,2,6,94034,M,"48,7549000","2,3195500",94
202000003781,20,2,1,15:25,1,2,1,2,2,94017,M,"48,8151400","2,5163200",94
202000003782,20,2,1,13:45,1,2,1,2,3,94017,M,"48,8242700","2,5206200",94
202000003783,20,2,1,01:35,5,2,6,1,3,94017,M,"48,8297300","2,4898700",94
202000003784,20,2,1,01:40,5,2,1,2,6,94004,M,"48,7592511","2,5006571",94
202000003785,20,2,1,22:10,5,2,1,2,2,93055,M,"48,8972400","2,3997400",93
202000003786,20,2,1,19:07,5,2,1,2,7,92072,M,"48,8248100","2,2073800",92
202000003787,20,2,1,19:15,5,2,1,2,3,92020,M,"48,8091000","2,2971900",92
202000003788,20,1,30,19:30,2,2,3,1,4,92025,M,"48,9240050","2,2525940",92
202000003789,20,1,31,16:05,1,2,1,1,1,14656,M,"48,9373108"," -0,5064867",14
202000003790,20,2,2,17:30,2,1,1,2,6,01378,M,"45,8317780","5,1899730",01
202000003791,20,2,1,19:40,3,1,1,1,1,97214,A,"14,8432160"," -61,0890480",972
202000003792,20,2,1,19:00,3,1,1,1,6,34114,M,"43,6459050","3,5498500",34
202000003793,20,2,2,16:10,1,1,1,1,6,2B229,M,"42,1376440","9,2780180",2B
202000003794,20,1,26,03:30,5,1,1,1,7,57611,M,"48,6572810","6,9249110",57
202000003795,20,2,1,19:45,3,1,1,3,3,51527,M,"49,2605735","3,7914097",51
202000003796,20,2,2,11:10,1,1,1,1,6,19150,M,"45,0760602","1,6065751",19
202000003797,20,2,2,19:30,3,1,3,2,3,76594,M,"49,4909970","1,0151730",76
202000003798,20,2,1,23:10,5,1,1,1,6,76648,M,"49,6686830","1,2719040",76
202000003799,20,2,1,14:25,1,1,2,1,3,11255,M,"43,1692860","2,9148750",11
202000003800,20,2,2,16:55,1,1,1,1,3,34028,M,"43,6152110","3,1868770",34
202000003801,20,2,1,23:15,3,1,1,2,7,68065,M,"47,6438150","7,0361420",68
202000003802,20,2,1,15:40,1,2,1,1,6,22222,M,"48,6894000"," -2,9318770",22
202000003803,20,1,31,16:30,1,2,2,1,3,38389,M,"45,5551800","5,0817700",38
202000003804,20,1,31,20:05,3,1,1,1,1,38503,M,"45,3160040","5,9450140",38
202000003805,20,2,1,04:00,3,1,1,1,6,38042,M,"45,3705100","5,4053200",38
202000003806,20,2,1,15:45,1,1,1,8,6,01320,M,"46,3127310","4,8590900",01
202000003807,20,2,1,20:52,3,1,1,1,7,01445,M,"46,3260920","5,3099120",01
202000003808,20,1,31,10:30,1,2,1,2,6,54054,M,"48,4757320","6,3139140",54
202000003809,20,2,2,08:10,2,1,1,2,6,72186,M,"48,2091740","0,1302050",72
202000003810,20,2,2,11:05,1,2,1,1,7,06138,M,"43,5134720","6,9371470",06
202000003811,20,2,1,03:00,3,1,1,1,6,90069,M,"47,5252940","6,9173100",90
202000003812,20,2,2,15:30,1,2,9,2,7,60531,M,"49,4416695","2,7025871",60
202000003813,20,2,2,12:15,1,1,1,2,7,24038,M,"45,2977960","0,3576780",24
202000003814,20,2,1,22:00,3,1,1,2,6,88486,M,"48,0139880","6,7091660",88
202000003815,20,2,2,01:45,3,1,1,1,6,03256,M,"46,3363894","2,8864546",03
202000003816,20,2,2,12:00,1,1,1,3,1,01254,M,"46,1686200","5,3015439",01
202000003817,20,2,1,18:30,5,2,1,1,6,97121,A,"16,2245106"," -61,7746739",971
202000003818,20,2,2,17:20,2,1,1,1,3,34329,M,"43,2518800","3,2509930",34
202000003819,20,1,6,17:50,5,2,1,2,3,83023,M,"43,4058710","6,0730080",83
202000003820,20,2,1,11:57,1,1,1,3,1,67400,M,"48,9859219","7,9584208",67
202000003821,20,2,2,01:45,3,1,1,1,6,38412,M,"45,3794000","5,7434600",38
202000003822,20,2,2,14:45,1,1,1,1,7,26206,M,"44,8226940","5,0099830",26
202000003823,20,2,2,15:47,1,1,1,2,7,23081,M,"45,7552550","2,3550440",23
202000003824,20,2,2,18:00,1,1,1,1,5,64230,M,"43,1697550"," -0,4413360",64
202000003825,20,1,31,13:45,1,2,3,2,3,44103,M,"47,3285909"," -2,1773642",44
202000003826,20,1,23,13:15,1,2,3,1,1,59310,M,"50,3250430","3,8266750",59
202000003827,20,1,31,20:40,3,1,1,1,4,13015,M,"43,4586550","5,4027540",13
202000003828,20,1,28,17:25,1,1,1,1,2,13055,M,"43,2962660","5,4245940",13
202000003829,20,1,31,08:25,3,1,1,8,7,67309,M,"48,6414859","7,7309619",67
202000003830,20,2,1,15:43,1,1,1,8,4,78640,M,"48,7786890","2,2065840",78
202000003831,20,1,31,20:59,5,1,1,2,2,78640,M,"48,7783380","2,2224160",78
202000003832,20,2,1,12:20,1,1,1,2,3,93066,M,"48,9281300","2,3579900",93
202000003833,20,2,1,10:20,1,1,1,2,6,92078,M,"48,9311319","2,3235238",92
202000003834,20,2,1,05:55,3,1,1,3,6,95277,M,"48,9799900","2,4966200",95
202000003835,20,7,22,19:55,1,1,1,1,4,92050,M,"48,9057399","2,2099512",92
202000003836,20,7,22,18:00,1,1,1,1,2,78402,M,"48,9638900","1,7920380",78
202000003837,20,7,23,19:00,1,1,1,1,7,95424,M,"48,9893000","2,1978000",95
202000003838,20,7,22,18:30,1,1,1,1,2,93066,M,"48,9085200","2,3584600",93
202000003839,20,7,23,19:45,1,1,1,1,5,93051,M,"48,8359199","2,5613794",93
202000003840,20,7,23,08:40,1,1,1,1,2,94017,M,"48,8278800","2,5043200",94
202000003841,20,7,22,16:15,1,1,1,1,2,94017,M,"48,8287167","2,4781208",94
202000003842,20,7,22,09:52,1,2,1,1,6,97416,R," -21,3406700","55,4690600",974
202000003843,20,6,30,18:50,5,2,2,1,3,97416,R," -21,2986600","55,4538500",974
202000003844,20,7,22,19:15,5,2,4,1,3,97411,R," -20,8986700","55,4964900",974
202000003845,20,7,23,02:00,5,2,1,1,2,69259,M,"45,6993300","4,8820300",69
202000003846,20,7,22,19:15,1,2,3,1,3,69383,M,"45,7613000","4,8638000",69
202000003847,20,7,22,18:45,1,2,1,1,6,69387,M,"45,7525800","4,8367500",69
202000003848,20,7,22,16:05,1,2,1,2,3,69387,M,"45,7481000","4,8521400",69
202000003849,20,7,22,16:50,1,2,3,3,7,69387,M,"45,7541400","4,8462700",69
202000003850,20,7,21,07:00,1,1,1,1,3,97209,A,"14,6182300"," -61,0347800",972
202000003851,20,7,21,08:10,1,2,1,1,1,97209,A,"14,6018500"," -61,0513500",972
202000003852,20,7,21,23:20,5,2,3,1,7,69034,M,"45,7972000","4,8529000",69
202000003853,20,7,22,15:30,1,1,9,2,2,97113,A,"16,2136400"," -61,4777600",971
202000003854,20,7,21,15:40,1,1,1,1,3,97113,A,"16,2187400"," -61,5021300",971
202000003855,20,7,20,18:43,3,1,2,1,3,97113,A,"16,2060893"," -61,4867234",971
202000003856,20,7,20,10:16,1,1,2,1,3,97101,A,"16,2515600"," -61,5132500",971
202000003857,20,7,22,14:30,1,1,3,1,1,97105,A,"16,0059700"," -61,7325100",971
202000003858,20,7,17,23:30,5,2,1,1,-1,95555,M,"48,9669387","2,2750463",95
202000003859,20,7,21,17:45,1,2,1,1,6,91223,M,"48,4278600","2,1433900",91
202000003860,20,7,22,07:30,1,2,1,7,3,91027,M,"48,7058000","2,3689000",91
202000003861,20,7,21,17:10,1,2,1,1,3,91347,M,"48,6353300","2,2854400",91
202000003862,20,7,20,18:35,1,2,2,1,3,91103,M,"48,6074500","2,3094100",91
202000003863,20,7,22,12:50,1,2,1,1,4,83137,M,"43,1247990","5,9332080",83
202000003864,20,7,21,18:50,1,1,1,1,4,83129,M,"43,1079500","5,8156000",83
202000003865,20,7,21,10:55,1,2,1,1,6,80021,M,"49,9091500","2,3160700",80
202000003866,20,7,20,19:36,1,2,1,1,1,78646,M,"48,8068100","2,1574500",78
202000003867,20,7,22,13:50,1,2,1,1,3,78440,M,"48,9703650","1,9196030",78
202000003868,20,7,22,16:40,1,2,1,1,6,77108,M,"48,8970000","2,5903000",77
202000003869,20,7,21,17:00,1,2,1,1,2,76351,M,"49,5017200","0,1312400",76
202000003870,20,7,22,02:25,5,2,1,1,6,76351,M,"49,5046700","0,1392200",76
202000003871,20,7,19,16:55,1,2,3,1,3,73222,M,"45,5748600","5,9565600",73
202000003872,20,7,1,18:30,1,2,1,1,-1,69266,M,"45,7737100","4,8673200",69
202000003873,20,7,20,18:06,1,2,1,1,4,67365,M,"48,5515300","7,7061700",67
202000003874,20,7,21,23:49,5,2,1,1,2,66136,M,"42,6980400","2,8973700",66
202000003875,20,7,22,14:00,1,2,1,1,3,64445,M,"43,2971184"," -0,3877455",64
202000003876,20,7,22,08:55,1,2,2,1,2,64445,M,"43,3024450"," -0,3793570",64
202000003877,20,7,5,17:10,1,2,1,1,3,62065,M,"50,4138540","2,8412100",62
202000003878,20,7,22,16:25,1,2,3,1,-1,59360,M,"50,6206432","3,0163579",59
202000003879,20,7,21,10:55,1,2,1,1,6,54578,M,"48,6750014","6,1619085",54
202000003880,20,7,22,07:50,1,2,6,1,6,45338,M,"47,9971500","2,7149960",45
202000003881,20,7,20,16:45,1,2,1,1,2,38421,M,"45,1665600","5,7576490",38
202000003882,20,7,21,10:20,1,2,1,1,1,37208,M,"47,3671438","0,7208960",37
202000003883,20,7,22,12:50,1,2,1,1,6,34172,M,"43,6105500","3,9124500",34
202000003884,20,7,17,19:30,1,2,6,1,3,34032,M,"43,3600500","3,2247700",34
202000003885,20,7,22,15:50,1,2,1,1,2,33009,M,"44,6540900"," -1,1478700",33
202000003886,20,7,22,09:40,1,1,1,1,6,31555,M,"43,6250100","1,4129700",31
202000003887,20,7,22,08:34,1,1,1,1,2,31555,M,"43,5604200","1,4892500",31
202000003888,20,7,21,20:05,1,2,1,1,3,31555,M,"43,5924300","1,4013200",31
202000003889,20,7,21,17:10,1,2,1,1,3,31555,M,"43,6205900","1,4401300",31
202000003890,20,7,21,13:10,1,2,1,1,3,31555,M,"43,6018900","1,4821200",31
202000003891,20,7,21,10:05,1,1,6,1,3,31555,M,"43,5587900","1,4959700",31
202000003892,20,7,21,16:30,1,2,1,1,6,30189,M,"43,8203000","4,3865000",30
202000003893,20,7,21,19:50,1,2,1,1,6,29232,M,"47,9954814"," -4,0970598",29
202000003894,20,7,22,07:40,1,2,6,1,2,29232,M,"47,9950700"," -4,0740800",29
202000003895,20,7,22,15:45,1,2,6,1,6,17300,M,"46,1689700"," -1,1497200",17
202000003896,20,6,25,20:15,1,2,1,1,3,14338,M,"49,2990025"," -0,0847008",14
202000003897,20,7,19,20:30,2,2,9,1,3,13054,M,"43,4084600","5,2300000",13
202000003898,20,7,22,20:30,2,2,1,1,2,13208,M,"43,2597400","5,3757200",13
202000003899,20,7,22,19:20,1,2,2,1,1,13213,M,"43,3442600","5,4433400",13
202000003900,20,7,22,18:10,1,2,1,1,2,13208,M,"43,2624400","5,3741600",13
202000003901,20,7,22,18:05,1,2,1,1,6,13203,M,"43,3095500","5,3737300",13
202000003902,20,7,22,08:35,1,2,3,1,3,13212,M,"43,3040000","5,4225280",13
202000003903,20,7,21,07:05,1,2,2,1,3,13206,M,"43,2905200","5,3833800",13
202000003904,20,7,22,01:40,3,2,1,1,6,13001,M,"43,4752923","5,3980568",13
202000003905,20,7,21,13:30,1,2,6,1,3,10387,M,"48,2926000","4,0742000",10
202000003906,20,7,21,18:10,1,2,9,1,6,09122,M,"42,9399301","1,6241897",09
202000003907,20,7,22,08:43,1,2,2,1,3,06088,M,"43,6813900","7,2312800",06
202000003908,20,7,20,08:35,1,2,3,1,6,06083,M,"43,7758810","7,4954920",06
202000003909,20,7,22,14:00,1,1,1,1,3,06069,M,"43,6606200","6,9493500",06
202000003910,20,7,21,19:30,1,2,1,1,2,06123,M,"43,6600400","7,1881600",06
202000003911,20,7,22,13:41,1,2,1,1,3,06004,M,"43,5730800","7,1009700",06
202000003912,20,7,21,15:20,1,2,1,1,2,05061,M,"44,5497800","6,0683500",05
202000003913,20,7,22,17:35,1,2,1,1,7,75115,M,"48,8310530","2,2841260",75
202000003914,20,7,22,17:10,1,2,1,1,4,75120,M,"48,8714280","2,4130020",75
202000003915,20,7,21,19:50,1,2,1,1,3,75112,M,"48,8287680","2,3987160",75
202000003916,20,7,22,03:49,5,2,7,1,3,75105,M,"48,8530640","2,3468200",75
202000003917,20,7,22,12:20,1,2,1,1,6,75120,M,"48,8765100","2,4063100",75
202000003918,20,7,22,14:30,1,2,1,1,6,75118,M,"48,8899550","2,3599250",75
202000003919,20,7,22,14:30,1,2,7,1,6,75118,M,"48,8933120","2,3428630",75
202000003920,20,7,21,23:00,5,2,2,1,3,75117,M,"48,8975340","2,3241930",75
202000003921,20,7,22,16:50,1,2,1,1,6,75116,M,"48,8670150","2,2650900",75
202000003922,20,7,21,23:00,5,2,2,1,2,75101,M,"48,8609200","2,3408660",75
202000003923,20,7,21,02:40,5,2,5,1,3,75113,M,"48,8367930","2,3518740",75
202000003924,20,7,22,03:10,5,2,1,1,6,75112,M,"48,8441090","2,3694730",75
202000003925,20,7,21,20:20,1,2,4,1,3,75112,M,"48,8506400","2,3788050",75
202000003926,20,7,22,14:00,1,2,2,1,6,75111,M,"48,8669930","2,3828200",75
202000003927,20,7,22,09:20,1,2,7,1,3,75109,M,"48,8710460","2,3319070",75
202000003928,20,7,22,20:15,1,2,1,1,7,75108,M,"48,8668250","2,3169190",75
202000003929,20,7,22,02:05,5,2,3,1,6,75108,M,"48,8710880","2,3034910",75
202000003930,20,7,21,12:28,1,2,3,1,3,75107,M,"48,8515710","2,3268170",75
202000003931,20,7,22,16:54,1,2,2,1,3,94046,M,"48,8100200","2,4400900",94
202000003932,20,7,22,08:26,1,2,1,1,-1,94016,M,"48,7977000","2,3226900",94
202000003933,20,7,22,20:00,1,2,1,1,2,94041,M,"48,8092200","2,3734900",94
202000003934,20,7,21,08:00,1,2,1,1,2,94041,M,"48,8144400","2,4020600",94
202000003935,20,7,22,21:40,2,2,1,1,6,94017,M,"48,8113400","2,5228300",94
202000003936,20,7,22,13:20,1,2,3,1,6,93048,M,"48,8663000","2,4695000",93
202000003937,20,7,22,20:30,1,2,2,1,3,93045,M,"48,8793600","2,4148800",93
202000003938,20,7,29,16:25,1,2,3,1,3,93032,M,"48,8800220","2,5339730",93
202000003939,20,7,22,13:22,1,2,1,1,2,93031,M,"48,9494000","2,3295900",93
202000003940,20,7,22,15:15,1,2,9,1,3,93027,M,"48,9181000","2,4077000",93
202000003941,20,7,22,18:45,1,2,1,1,6,93001,M,"48,9185080","2,3929520",93
202000003942,20,7,21,14:30,1,1,1,1,6,92063,M,"48,8511108","2,1582945",92
202000003943,20,7,22,08:35,1,2,1,1,3,92024,M,"48,8979498","2,3113269",92
202000003944,20,7,22,22:00,1,2,1,1,7,92040,M,"48,8186150","2,2577150",92
202000003945,20,7,22,19:25,1,2,3,1,3,92040,M,"48,8315440","2,2671990",92
202000003946,20,7,21,14:30,1,2,9,1,3,92035,M,"48,9036724","2,2415891",92
202000003947,20,7,22,22:55,5,2,9,1,3,92012,M,"48,8324364","2,2433460",92
202000003948,20,7,22,18:50,1,2,1,1,2,92012,M,"48,8301776","2,2327493",92
202000003949,20,10,3,07:50,5,2,2,1,-1,92012,M,"48,8255679","2,2418980",92
202000003950,20,7,23,17:13,1,1,2,1,3,60269,M,"49,6181270","1,9489470",60
202000003951,20,7,22,12:30,1,2,9,1,7,62596,M,"50,3402835","1,9448016",62
202000003952,20,7,22,19:15,2,2,1,1,1,83072,M,"43,4947680","6,3545070",83
202000003953,20,7,23,12:45,1,1,3,1,1,91390,M,"48,3187420","2,0768340",91
202000003954,20,7,23,11:30,1,1,1,1,3,22368,M,"48,5682020"," -2,0597330",22
202000003955,20,7,22,23:15,5,2,2,1,6,41194,M,"47,3593980","1,7523250",41
202000003956,20,7,23,09:30,1,2,9,1,3,97229,A,"14,6089070"," -61,0923420",972
202000003957,20,7,6,00:05,3,1,1,8,6,57622,M,"49,1801960","6,0365580",57
202000003958,20,7,22,11:30,1,2,3,1,6,12098,M,"44,5535550","2,6721940",12
202000003959,20,7,23,08:45,1,1,1,1,-1,74112,M,"45,9233940","6,0851600",74
202000003960,20,7,22,17:45,1,1,1,1,6,58270,M,"47,4759900","3,0343570",58
202000003961,20,7,22,14:30,1,1,3,1,3,38194,M,"45,3418900","5,4329100",38
202000003962,20,7,22,18:30,1,1,1,1,1,84091,M,"44,1651980","4,7353010",84
202000003963,20,7,21,23:45,3,1,1,1,7,41200,M,"47,7595040","1,0753510",41
202000003964,20,7,22,13:15,1,1,5,1,4,76734,M,"49,6041150","0,2790460",76
202000003965,20,7,19,09:00,1,2,3,1,3,41106,M,"47,5959920","2,0227450",41
202000003966,20,7,23,10:30,1,1,1,1,7,34051,M,"43,5920090","3,4846150",34
202000003967,20,7,22,23:08,3,2,3,1,7,22025,M,"48,4055210"," -3,4287000",22
202000003968,20,7,23,09:33,1,2,3,1,3,44194,M,"47,2600500"," -1,6579500",44
202000003969,20,7,22,23:45,3,1,1,1,6,26105,M,"44,4583240","5,3698720",26
202000003970,20,7,23,08:55,1,2,6,1,3,26324,M,"44,3458490","4,7550150",26
202000003971,20,7,23,14:20,1,1,1,1,6,72007,M,"47,9971140","0,4406410",72
202000003972,20,7,23,03:30,3,1,1,1,6,72217,M,"48,0905560","0,2077860",72
202000003973,20,7,23,15:40,1,1,1,1,3,06071,M,"44,0445760","6,8412810",06
202000003974,20,7,20,13:30,1,1,1,1,3,14527,M,"49,1297981"," -0,0442856",14
202000003975,20,7,22,20:35,2,1,1,3,6,05032,M,"44,7146900","6,2609300",05
202000003976,20,7,23,15:03,1,2,1,1,3,60405,M,"49,6674470","1,8092470",60
202000003977,20,7,23,10:00,1,2,2,1,3,60098,M,"49,6518760","1,7539720",60
202000003978,20,7,22,19:45,1,1,3,1,1,73011,M,"45,6866103","6,4027537",73