Num_Acc,an,mois,jour,hrmn,lum,agg,int,atm,col,com,gps,lat,long,dep
202000003979,20,7,23,08:00,1,1,1,1,1,04111,M,"43,9201840","5,7569650",04
202000003980,20,7,22,10:40,1,2,2,1,2,04116,M,"44,0291350","5,9734510",04
202000003981,20,7,23,08:40,1,1,3,1,3,04036,M,"44,1558000","6,2986210",04
202000003982,20,7,23,15:58,1,1,2,1,3,85133,M,"46,3675860"," -0,7336700",85
202000003983,20,6,24,07:10,2,1,1,1,6,27679,M,"48,8074570","0,8546000",27
202000003984,20,7,20,21:30,1,2,1,1,7,17337,M,"45,9662640"," -1,2415300",17
202000003985,20,7,23,09:00,1,2,2,7,3,37109,M,"47,4078531","0,6068896",37
202000003986,20,7,23,14:30,1,2,4,1,7,48017,M,"44,4351660","3,2010500",48
202000003987,20,7,22,23:50,5,2,1,8,6,69244,M,"45,7576420","4,7489800",69
202000003988,20,7,23,09:25,1,1,1,1,3,06004,M,"43,6044950","7,0654750",06
202000003989,20,7,22,18:10,1,1,1,1,4,34172,M,"43,6040130","3,9278700",34
202000003990,20,7,23,07:15,1,1,1,1,1,17421,M,"45,6757970"," -0,9531460",17
202000003991,20,7,23,12:30,1,1,3,1,-1,69007,M,"45,5012790","4,8023210",69
202000003992,20,7,21,11:25,1,1,1,1,2,98729,P," -17,5330970"," -149,8386130",987
202000003993,20,7,23,07:10,1,1,1,1,2,45229,M,"47,8534610","2,7569840",45
202000003994,20,7,22,10:00,1,1,1,7,2,2B042,M,"42,5916370","9,4391660",2B
202000003995,20,7,22,14:05,1,2,1,1,1,05065,M,"44,6569430","6,6513740",05
202000003996,20,7,8,15:56,1,1,1,1,6,67351,M,"48,9521793","7,9952661",67
202000003997,20,7,12,19:30,1,1,1,1,7,67130,M,"48,4308660","7,7027030",67
202000003998,20,7,22,19:00,1,1,1,1,3,63470,M,"45,8645279","3,0404744",63
202000003999,20,7,23,15:10,1,2,1,1,3,38087,M,"45,5749730","4,8104020",38
202000004000,20,7,23,16:45,1,1,3,1,1,01390,M,"45,8009520","5,2639160",01
202000004001,20,7,22,15:40,1,1,1,1,7,22376,M,"48,2078050"," -2,7873300",22
202000004002,20,7,23,09:50,1,1,1,1,3,35240,M,"48,1120020"," -1,7750860",35
202000004003,20,7,22,18:40,1,2,3,1,3,59139,M,"50,1287050","3,4057700",59
202000004004,20,7,22,17:50,1,2,1,1,6,59034,M,"50,5364850","3,0838620",59
202000004005,20,7,22,17:45,1,1,1,1,-1,13106,M,"43,3913000","5,3510000",13
202000004006,20,7,22,08:00,1,1,1,1,2,13206,M,"43,2834580","5,3850030",13
202000004007,20,7,19,18:45,1,1,1,1,2,13106,M,"43,4043300","5,3586100",13
202000004008,20,7,22,17:15,1,1,1,1,5,33122,M,"44,7540600"," -0,6891300",33
202000004009,20,7,20,19:20,1,1,1,1,6,33550,M,"44,7754500"," -0,5570200",33
202000004010,20,7,22,07:09,1,1,1,1,7,91553,M,"48,6317000","2,4966000",91
202000004011,20,7,22,18:50,1,1,1,1,4,92048,M,"48,8277902","2,2248367",92
202000004012,20,7,22,08:30,1,1,1,1,5,78524,M,"48,8411320","2,1056320",78
202000004013,20,7,20,16:57,1,1,1,1,4,95678,M,"49,0643500","2,2140800",95
202000004014,20,7,22,12:00,1,1,1,1,4,94018,M,"48,8254583","2,3926834",94
202000004015,20,7,22,07:45,1,1,1,1,3,93051,M,"48,8370379","2,5481129",93
202000004016,20,7,22,07:00,1,1,1,1,3,94015,M,"48,8316637","2,5314351",94
202000004017,20,2,23,11:30,1,1,1,1,4,69382,M,"45,7339000","4,8180000",69
202000004018,20,7,21,12:15,1,2,1,1,3,97416,R," -21,3444500","55,4834100",974
202000004019,20,7,20,09:10,1,1,9,1,5,97416,R," -21,3297900","55,4706500",974
202000004020,20,7,21,06:30,2,2,6,1,7,97407,R," -20,9530200","55,2941800",974
202000004021,20,7,21,07:00,2,1,1,1,2,97407,R," -20,9558500","55,3142100",974
202000004022,20,7,21,19:55,5,2,9,1,3,97302,G,"4,9351375"," -52,3287606",973
202000004023,20,7,21,20:40,2,2,1,1,6,69387,M,"45,7498000","4,8522000",69
202000004024,20,7,21,17:45,1,2,1,1,1,69388,M,"45,7292500","4,8492200",69
202000004025,20,7,21,12:55,1,2,1,1,1,97209,A,"14,6144478"," -61,0724841",972
202000004026,20,7,21,06:10,1,2,1,1,7,97209,A,"14,6153000"," -61,0526700",972
202000004027,20,7,21,21:53,2,2,1,1,6,69384,M,"45,7788400","4,8420900",69
202000004028,20,7,20,19:20,5,2,1,1,6,97113,A,"16,2137300"," -61,4996700",971
202000004029,20,7,19,10:40,1,2,9,1,6,97107,A,"16,0417600"," -61,5662400",971
202000004030,20,7,20,18:30,1,1,1,1,3,2A004,M,"41,9520000","8,7759000",2A
202000004031,20,10,16,21:15,3,1,1,1,2,13215,M,"43,3731900","5,3551000",13
202000004032,20,10,16,18:10,1,1,1,1,4,13055,M,"43,3157000","5,4224000",13
202000004033,20,10,16,07:25,1,1,1,1,2,13055,M,"43,2977400","5,4249900",13
202000004034,20,10,9,16:50,1,1,1,1,3,69276,M,"45,6835400","4,8534200",69
202000004035,20,10,17,06:45,4,1,1,1,7,69286,M,"45,8221493","4,9183205",69
202000004036,20,10,8,08:35,1,1,1,1,4,01275,M,"45,8121700","4,9420300",01
202000004037,20,10,17,01:25,3,1,1,1,6,33162,M,"44,8578300"," -0,6620700",33
202000004038,20,10,17,10:30,1,1,1,1,2,91174,M,"48,6140000","2,4520000",91
202000004039,20,10,16,19:10,1,1,1,1,2,78297,M,"48,7925230","2,0542910",78
202000004040,20,10,17,19:10,3,1,1,1,6,95277,M,"48,9732400","2,4854200",95
202000004041,20,10,17,00:15,3,1,1,1,2,95306,M,"49,0078580","2,1606003",95
202000004042,20,10,16,07:20,2,1,1,1,2,93006,M,"48,8658600","2,4203200",93
202000004043,20,10,17,16:15,1,1,1,1,3,93051,M,"48,8347865","2,5801011",93
202000004044,20,10,16,16:00,1,1,1,1,4,93051,M,"48,8363400","2,5544600",93
202000004045,20,5,28,23:00,5,2,2,1,3,69256,M,"45,7864700","4,9240000",69
202000004046,20,10,16,03:40,5,2,3,1,6,98818,C," -22,2898400","166,4427600",988
202000004047,20,10,15,12:55,1,2,1,1,3,97411,R," -20,8729600","55,4520050",974
202000004048,20,10,15,18:00,1,2,1,2,6,97411,R," -20,9112900","55,4988350",974
202000004049,20,10,16,14:05,1,2,1,1,6,97302,G,"4,9343252"," -52,3230743",973
202000004050,20,10,16,07:20,1,2,1,1,2,97209,A,"14,6164700"," -61,0424800",972
202000004051,20,10,15,00:15,3,2,9,2,3,97209,A,"14,6181051"," -61,0459575",972
202000004052,20,9,30,07:40,1,2,1,1,7,83050,M,"43,5293000","6,4814000",83
202000004053,20,10,16,11:45,1,1,1,8,3,81065,M,"43,5896400","2,1974300",81
202000004054,20,10,15,14:21,1,2,2,1,5,78646,M,"48,8008400","2,1199700",78
202000004055,20,10,16,18:35,1,2,1,1,6,78190,M,"48,8786420","2,1314730",78
202000004056,20,10,13,16:40,1,2,1,1,2,77146,M,"48,8180200","2,6304200",77
202000004057,20,10,15,10:30,1,2,3,1,3,76351,M,"49,4957630","0,1313300",76
202000004058,20,10,16,13:30,1,1,1,8,7,74218,M,"46,3833421","6,5697943",74
202000004059,20,10,15,12:45,1,2,1,1,3,71040,M,"46,6957051","4,3913942",71
202000004060,20,10,16,10:20,1,2,1,1,1,69290,M,"45,7021400","4,9818100",69
202000004061,20,10,15,19:30,5,2,1,2,2,67043,M,"48,6146260","7,7327140",67
202000004062,20,10,15,18:20,5,2,1,1,5,67482,M,"48,5746362","7,7257218",67
202000004063,20,10,15,08:30,1,2,3,2,-1,67447,M,"48,6062400","7,7291300",67
202000004064,20,10,16,20:00,5,2,1,1,1,64102,M,"43,4935300"," -1,4668000",64
202000004065,20,10,16,17:20,1,2,3,1,1,64102,M,"43,5019700"," -1,4811100",64
202000004066,20,10,16,08:15,1,2,1,5,7,64102,M,"43,4867500"," -1,4860900",64
202000004067,20,10,15,18:05,1,2,3,1,3,64102,M,"43,4919800"," -1,4698600",64
202000004068,20,10,15,14:33,1,2,1,2,2,63075,M,"45,7779100","3,0618200",63
202000004069,20,10,13,16:15,1,2,1,2,1,59648,M,"50,5929700","3,0484000",59
202000004070,20,10,3,03:00,5,2,1,2,2,59350,M,"50,6427500","3,0533100",59
202000004071,20,10,13,19:35,5,2,2,1,3,59017,M,"50,6903100","2,8623800",59
202000004072,20,10,15,17:06,1,2,1,1,6,57672,M,"49,3556000","6,1434000",57
202000004073,20,10,15,14:10,1,2,3,1,3,56260,M,"47,6572100"," -2,7456500",56
202000004074,20,10,15,18:00,1,2,1,1,6,56098,M,"47,7628200"," -3,3589300",56
202000004075,20,10,15,17:12,1,2,3,2,6,54547,M,"48,6539346","6,1761510",54
202000004076,20,10,15,08:10,1,1,1,1,5,54184,M,"48,7189400","6,2403800",54
202000004077,20,10,10,00:04,5,2,3,2,3,54395,M,"48,6877341","6,1847303",54
202000004078,20,10,15,02:40,5,2,1,1,6,50602,M,"49,6376100"," -1,5939700",50
202000004079,20,10,5,14:18,1,2,4,2,6,47001,M,"44,2099800","0,6290700",47
202000004080,20,10,15,17:20,1,2,1,1,3,46042,M,"44,4365540","1,4419220",46
202000004081,20,8,22,20:25,1,2,3,1,6,75119,M,"48,8853300","2,3851640",75
202000004082,20,10,16,08:00,5,2,1,1,2,45285,M,"47,9148444","1,8688678",45
202000004083,20,10,16,23:10,1,2,1,2,2,44109,M,"47,1962850"," -1,6148820",44
202000004084,20,8,22,06:50,1,2,5,1,6,75114,M,"48,8359910","2,3218650",75
202000004085,20,8,22,13:30,1,2,5,1,2,75112,M,"48,8501000","2,3846170",75
202000004086,20,10,16,22:20,5,1,1,1,6,44109,M,"47,2073600"," -1,5801800",44
202000004087,20,8,22,20:10,2,2,3,8,6,75111,M,"48,8559230","2,3923630",75
202000004088,20,8,22,18:30,1,2,2,1,6,75111,M,"48,8680820","2,3725210",75
202000004089,20,10,16,10:00,1,1,1,1,4,44162,M,"47,2044880"," -1,6235764",44
202000004090,20,9,29,10:30,1,2,3,1,3,42275,M,"45,4749300","4,3822400",42
202000004091,20,8,22,22:30,5,2,2,1,2,75107,M,"48,8469070","2,3168140",75
202000004092,20,9,24,05:25,5,2,1,1,3,42189,M,"45,4152315","4,3505695",42
202000004093,20,8,22,12:00,1,2,3,8,7,75107,M,"48,8624300","2,3116360",75
202000004094,20,9,4,20:35,5,2,1,1,1,42218,M,"45,4676722","4,3975672",42
202000004095,20,8,21,19:35,1,2,2,1,7,75107,M,"48,8605850","2,2955400",75
202000004096,20,9,5,22:35,3,2,1,1,6,42218,M,"45,4344360","4,3950590",42
202000004097,20,8,22,14:30,1,2,5,1,3,75102,M,"48,8673380","2,3439890",75
202000004098,20,10,10,20:05,5,1,1,1,2,41018,M,"47,5947100","1,3530500",41
202000004099,20,10,16,22:30,5,2,1,1,6,35238,M,"48,1033730"," -1,7225350",35
202000004100,20,8,22,15:15,1,2,3,1,7,75101,M,"48,8696190","2,3258890",75
202000004101,20,10,16,17:20,1,2,1,1,6,35055,M,"48,0851700"," -1,6107700",35
202000004102,20,8,21,19:55,2,2,1,1,2,94052,M,"48,8289680","2,4667160",94
202000004103,20,8,22,15:00,1,2,1,1,6,94017,M,"48,8101090","2,5391710",94
202000004104,20,10,16,09:00,1,1,6,1,3,35278,M,"48,1519400"," -1,6972300",35
202000004105,20,8,22,02:00,5,2,9,1,6,93073,M,"48,9499615","2,5771392",93
202000004106,20,10,16,23:52,5,2,2,1,5,34172,M,"43,5967100","3,8448800",34
202000004107,20,8,22,14:00,1,2,1,1,3,93071,M,"48,9270892","2,5198107",93
202000004108,20,8,22,20:50,5,2,1,1,6,93064,M,"48,8837802","2,4890903",93
202000004109,20,10,15,09:20,1,2,3,1,3,34172,M,"43,6112900","3,8984600",34
202000004110,20,8,22,23:05,5,2,3,1,6,93055,M,"48,8956900","2,4010400",93
202000004111,20,10,16,17:50,1,2,2,1,3,33063,M,"44,8257400"," -0,5697000",33
202000004112,20,8,21,11:47,1,2,1,1,3,93055,M,"48,8975649","2,4047658",93
202000004113,20,10,16,07:50,5,2,1,1,-1,33522,M,"44,7989900"," -0,5986900",33
202000004114,20,8,22,15:00,1,2,2,1,3,93045,M,"48,8794000","2,4149100",93
202000004115,20,10,15,21:00,5,2,1,8,3,33063,M,"44,8652700"," -0,5599000",33
202000004116,20,8,22,17:30,1,2,1,1,5,93031,M,"48,9504113","2,3262092",93
202000004117,20,10,15,16:50,1,2,1,1,3,31555,M,"43,5818400","1,4078200",31
202000004118,20,10,16,07:50,3,1,1,1,6,29039,M,"47,8865624"," -3,8847119",29
202000004119,20,10,14,08:05,4,2,3,3,1,29019,M,"48,4041700"," -4,4845300",29
202000004120,20,10,16,09:25,1,2,4,1,3,27375,M,"49,2048600","1,1678600",27
202000004121,20,10,15,17:10,1,2,1,1,2,26058,M,"44,9645000","4,8872300",26
202000004122,20,8,22,12:35,1,2,2,1,3,93047,M,"48,9064800","2,5878700",93
202000004123,20,10,15,12:00,1,2,1,1,3,25056,M,"47,2351200","6,0246200",25
202000004124,20,8,22,15:00,1,2,2,1,3,93001,M,"48,9080700","2,3946800",93
202000004125,20,10,15,18:50,5,2,6,2,2,25056,M,"47,2450790","5,9959870",25
202000004126,20,10,16,11:43,1,2,1,1,2,14118,M,"49,1858500"," -0,3591200",14
202000004127,20,8,22,13:45,1,2,3,1,3,92026,M,"48,8968897","2,2564794",92
202000004128,20,10,16,08:50,2,1,1,1,-1,14137,M,"49,1916300"," -0,4322100",14
202000004129,20,8,22,11:30,1,2,1,1,1,92078,M,"48,9292808","2,3318213",92
202000004130,20,10,16,23:20,5,2,1,1,1,13208,M,"43,2766970","5,3799050",13
202000004131,20,8,22,16:00,1,2,1,1,2,92012,M,"48,8443212","2,2262764",92
202000004132,20,10,16,17:20,1,2,1,1,3,13209,M,"43,2429200","5,4381700",13
202000004133,20,8,21,18:00,1,1,1,1,6,12256,M,"44,4726540","1,8572470",12
202000004134,20,10,16,16:15,1,2,1,1,3,13209,M,"43,2414669","5,4092485",13
202000004135,20,10,16,09:05,1,2,1,1,6,13215,M,"43,3684620","5,3446810",13
202000004136,20,8,22,17:10,1,1,1,1,3,35094,M,"48,3362330"," -1,7169410",35
202000004137,20,8,23,12:40,1,1,1,1,6,16045,M,"45,5633990"," -0,0561600",16
202000004138,20,10,16,18:40,1,2,1,1,2,13028,M,"43,2006820","5,6230590",13
202000004139,20,8,23,14:15,1,1,1,1,7,2A362,M,"41,7006980","9,2120580",2A
202000004140,20,10,16,12:00,1,2,2,1,3,13028,M,"43,1830200","5,6126600",13
202000004141,20,10,15,13:05,1,2,2,1,3,11262,M,"43,1871178","2,9906639",11
202000004142,20,8,23,16:41,1,1,1,1,7,63175,M,"45,7421460","2,5773670",63
202000004143,20,10,15,18:05,2,2,2,2,3,11069,M,"43,2163000","2,3561000",11
202000004144,20,8,22,17:20,1,1,1,1,1,17472,M,"46,2419900"," -1,0855540",17
202000004145,20,10,15,07:50,1,2,9,2,3,11069,M,"43,2262000","2,3312000",11
202000004146,20,8,16,11:32,1,1,1,1,1,38242,M,"44,9199320","5,6346450",38
202000004147,20,8,22,17:35,1,2,1,1,6,66050,M,"42,7733690","2,9156040",66
202000004148,20,10,15,08:05,1,2,2,2,3,11069,M,"43,2126100","2,3505200",11
202000004149,20,10,14,19:45,3,2,1,2,3,11069,M,"43,2262000","2,3311000",11
202000004150,20,8,22,19:10,1,1,1,1,5,34095,M,"43,5532450","3,7871290",34
202000004151,20,10,16,13:11,1,2,1,1,6,10387,M,"48,3059100","4,0655100",10
202000004152,20,8,23,01:00,5,2,1,1,1,57529,M,"49,4481590","6,0246520",57
202000004153,20,10,15,19:00,5,2,1,1,6,03310,M,"46,1369389","3,4158371",03
202000004154,20,8,22,17:50,1,2,1,1,1,57106,M,"49,2885190","6,5325520",57
202000004155,20,10,17,00:55,5,2,1,1,6,01344,M,"46,2003800","5,1952900",01
202000004156,20,8,22,17:15,1,1,1,1,1,59194,M,"50,1807350","3,6423060",59
202000004157,20,10,16,17:00,1,2,4,1,2,75117,M,"48,8846580","2,2861280",75
202000004158,20,8,23,05:30,3,2,2,2,7,59663,M,"50,8832900","2,4682400",59
202000004159,20,10,16,13:15,1,2,1,1,3,75119,M,"48,8891280","2,3962970",75
202000004160,20,8,22,22:40,5,2,1,1,5,2B207,M,"42,4504020","9,5063710",2B
202000004161,20,10,15,13:30,1,2,1,1,4,75116,M,"48,8351150","2,2599900",75
202000004162,20,8,21,19:30,1,2,2,7,1,80288,M,"49,8751790","2,8222080",80
202000004163,20,10,16,09:30,1,2,2,1,2,75118,M,"48,8949300","2,3280850",75
202000004164,20,8,23,15:25,1,1,2,1,3,71144,M,"47,0503400","4,3467407",71
202000004165,20,10,16,17:00,1,2,7,1,3,75117,M,"48,8840960","2,2890290",75
202000004166,20,8,21,16:15,1,1,1,1,7,63423,M,"45,5961730","3,4193550",63
202000004167,20,10,16,17:40,1,2,1,1,6,75115,M,"48,8357680","2,2792320",75
202000004168,20,8,23,15:45,1,1,1,1,7,47281,M,"44,1736630","0,8112720",47
202000004169,20,10,15,23:00,3,2,1,1,3,75112,M,"48,8272320","2,4506660",75
202000004170,20,8,18,10:00,1,1,1,1,1,39039,M,"47,1438350","5,6831470",39
202000004171,20,10,16,15:25,1,2,3,1,3,75107,M,"48,8509530","2,3060760",75
202000004172,20,8,22,11:20,1,1,1,1,1,25120,M,"47,0301500","6,1644030",25
202000004173,20,8,21,13:00,1,1,2,1,3,31553,M,"43,7153800","1,1682840",31
202000004174,20,10,16,08:15,1,2,2,1,1,75107,M,"48,8527040","2,3085580",75
202000004175,20,8,23,12:55,1,1,1,1,6,85302,M,"46,9446100"," -0,9544900",85
202000004176,20,10,16,17:50,1,2,1,1,7,75104,M,"48,8508840","2,3611110",75
202000004177,20,10,16,07:25,5,2,2,1,3,75102,M,"48,8688860","2,3366990",75
202000004178,20,8,22,09:15,1,2,1,1,6,70245,M,"47,8872060","6,4068450",70
202000004179,20,10,15,09:20,1,2,1,1,6,75104,M,"48,8539120","2,3553410",75
202000004180,20,10,16,20:30,5,2,2,1,3,94068,M,"48,7957060","2,4994810",94
202000004181,20,8,19,08:00,1,1,1,1,1,06163,M,"44,0344290","7,5801910",06
202000004182,20,10,15,15:45,1,2,1,1,3,94068,M,"48,8035630","2,4717420",94
202000004183,20,8,23,02:20,4,2,1,1,6,50341,M,"49,4850490"," -1,3770320",50
202000004184,20,10,14,17:00,1,2,2,1,3,94068,M,"48,7872000","2,4885000",94
202000004185,20,8,23,14:30,1,1,3,1,2,64317,M,"43,3696280"," -1,4639820",64
202000004186,20,10,16,08:30,2,2,1,1,2,94076,M,"48,7886000","2,3710000",94
202000004187,20,8,22,04:30,3,2,1,1,6,64317,M,"43,3556368"," -1,4312748",64
202000004188,20,8,23,17:45,1,1,1,1,7,53013,M,"48,3589300"," -0,2323870",53
202000004189,20,8,22,23:14,5,2,1,1,6,21124,M,"47,2034870","4,3544810",21
202000004190,20,10,15,11:50,1,2,1,8,5,94076,M,"48,7877000","2,3551900",94
202000004191,20,8,22,23:55,3,1,1,1,6,40012,M,"43,8507570"," -0,4058930",40
202000004192,20,10,15,09:15,1,2,1,8,3,94076,M,"48,8031800","2,3644000",94
202000004193,20,10,13,09:25,1,2,1,1,6,94034,M,"48,7605300","2,3260100",94
202000004194,20,8,22,14:30,1,1,1,1,7,17309,M,"45,1799040"," -0,0339000",17
202000004195,20,10,16,16:35,1,2,2,1,3,94033,M,"48,8523021","2,4628376",94
202000004196,20,8,23,15:45,1,1,1,1,3,03193,M,"46,5083184","2,6145727",03
202000004197,20,10,16,12:50,1,2,1,1,6,94028,M,"48,7835900","2,4527300",94
202000004198,20,8,23,18:00,1,1,1,1,1,95678,M,"49,0759180","2,2482920",95
202000004199,20,10,15,17:00,1,2,1,1,6,94028,M,"48,7852600","2,4601600",94
202000004200,20,10,14,22:47,5,2,1,1,7,94028,M,"48,7651000","2,4733900",94
202000004201,20,8,23,11:50,1,1,3,1,2,42256,M,"45,5000190","4,1475230",42
202000004202,20,10,14,15:15,1,2,9,1,3,94028,M,"48,7756630","2,4641080",94
202000004203,20,8,23,01:45,3,1,6,1,6,33199,M,"44,6147050"," -1,0728190",33
202000004204,20,10,16,11:30,1,2,1,1,3,94059,M,"48,8159700","2,5687300",94
202000004205,20,10,16,17:15,1,2,1,1,3,93066,M,"48,9300100","2,3620000",93
202000004206,20,8,22,08:00,1,1,1,1,2,31037,M,"43,3496522","1,8136816",31
202000004207,20,8,21,18:50,1,1,1,1,6,34032,M,"43,3464030","3,2805350",34
202000004208,20,10,16,08:24,1,2,1,1,5,93066,M,"48,9392475","2,3620284",93
202000004209,20,10,16,22:30,5,2,2,1,3,93064,M,"48,8774800","2,4796500",93
202000004210,20,10,16,10:50,1,2,1,1,4,93077,M,"48,8819820","2,5204070",93
202000004211,20,10,16,21:30,5,2,1,1,6,93051,M,"48,8432702","2,5466001",93
202000004212,20,10,15,08:15,1,2,1,1,2,93051,M,"48,8373460","2,5468713",93
202000004213,20,10,16,09:55,1,2,1,8,3,93048,M,"48,8783574","2,4576065",93
202000004214,20,10,15,22:30,5,2,1,1,6,93048,M,"48,8778000","2,4580000",93
202000004215,20,10,15,18:00,1,2,2,8,6,93045,M,"48,8793783","2,4148843",93
202000004216,20,8,23,01:13,3,1,1,1,6,45202,M,"47,8159500","1,6339800",45
202000004217,20,10,16,14:50,1,2,1,1,3,93027,M,"48,9320400","2,3983000",93
202000004218,20,8,23,01:00,5,2,1,1,2,97615,Y," -12,7957940","45,2738640",976
202000004219,20,10,16,19:25,5,2,1,1,3,93047,M,"48,9060093","2,5685450",93
202000004220,20,8,22,14:25,1,1,1,1,1,97305,G,"4,9519190"," -52,4259420",973
202000004221,20,10,16,15:10,1,2,3,1,3,92073,M,"48,8716458","2,2329885",92
202000004222,20,8,22,11:00,1,2,1,7,6,34146,M,"43,6771140","4,0863720",34
202000004223,20,10,16,16:30,1,2,2,1,3,92048,M,"48,8123238","2,2148915",92
202000004224,20,10,15,08:05,2,2,3,1,3,92063,M,"48,8589705","2,1856711",92
202000004225,20,10,16,14:30,1,2,1,1,6,92062,M,"48,8806997","2,2380862",92
202000004226,20,10,15,08:25,1,2,1,1,2,92051,M,"48,8813230","2,2714830",92
202000004227,20,10,15,15:15,1,2,1,1,3,92036,M,"48,9207540","2,2951720",92
202000004228,20,10,15,21:30,5,2,1,1,4,92025,M,"48,9178700","2,2245600",92
202000004229,20,10,14,19:10,5,2,1,1,2,92025,M,"48,9338000","2,2483500",92
202000004230,20,10,16,20:50,5,2,2,1,3,92024,M,"48,8988570","2,3099175",92
202000004231,20,10,16,08:00,2,2,1,1,3,92071,M,"48,7835209","2,3057234",92
202000004232,20,10,14,08:20,1,2,1,1,7,92012,M,"48,8305715","2,2340122",92
202000004233,20,8,23,03:00,5,1,1,1,6,83107,M,"43,4629650","6,6431240",83
202000004234,20,8,22,16:45,1,1,1,1,7,13082,M,"43,7051120","5,3524020",13
202000004235,20,8,16,18:03,1,1,1,1,1,13096,M,"43,5505150","4,3811850",13
202000004236,20,8,17,18:45,1,2,2,1,3,54115,M,"48,7314410","6,1641990",54
202000004237,20,8,22,19:10,1,1,4,1,7,33324,M,"44,8012900","0,2258800",33
202000004238,20,8,23,10:36,1,1,1,1,7,22389,M,"48,4631470"," -2,6509560",22
202000004239,20,10,16,07:55,2,2,1,8,6,92012,M,"48,8404176","2,2313847",92
202000004240,20,10,16,13:30,1,2,9,1,3,92002,M,"48,7389360","2,2989980",92
202000004241,20,10,17,05:40,3,1,1,1,6,01362,M,"45,9574050","4,8753980",01
202000004242,20,10,17,00:05,3,1,1,1,6,62265,M,"50,6098790","2,2170070",62
202000004243,20,8,21,19:42,2,1,1,1,2,13001,M,"43,4877000","5,4079000",13
202000004244,20,10,16,12:00,1,1,1,8,2,01004,M,"45,9725620","5,3381540",01
202000004245,20,10,16,19:20,2,2,2,1,3,41150,M,"47,5618000","1,4527630",41
202000004246,20,10,17,03:39,3,1,1,8,2,71150,M,"46,2382031","4,7967109",71
202000004247,20,10,17,00:05,3,1,1,1,1,10248,M,"48,3093170","3,9661500",10
202000004248,20,8,21,16:40,1,1,1,1,3,69256,M,"45,7959200","4,9341400",69
202000004249,20,10,16,16:45,1,1,1,1,1,97210,A,"14,6065320"," -60,9095980",972
202000004250,20,10,4,18:15,2,1,2,2,2,01143,M,"46,3599460","6,1212300",01
202000004251,20,8,16,22:30,3,1,1,1,2,54304,M,"48,6956500","6,1169300",54
202000004252,20,8,22,22:53,3,1,3,1,2,33013,M,"44,8684700"," -0,5026400",33
202000004253,20,8,22,17:30,1,1,1,1,3,91037,M,"48,5417000","2,4980000",91
202000004254,20,8,22,16:35,1,1,1,1,6,91363,M,"48,6587000","2,1832000",91
202000004255,20,8,22,07:40,1,1,1,1,6,91174,M,"48,6233400","2,4676800",91
202000004256,20,10,16,16:00,1,1,1,2,7,63404,M,"45,5716670","3,2491470",63
202000004257,20,8,21,06:45,2,1,1,2,7,91521,M,"48,6336000","2,4007000",91
202000004258,20,8,22,12:30,1,1,1,1,6,93053,M,"48,8885100","2,4722300",93
202000004259,20,8,21,23:45,3,1,1,1,4,95582,M,"48,9684800","2,2513600",95
202000004260,20,8,21,12:55,1,1,1,1,3,93064,M,"48,8814800","2,4739300",93
202000004261,20,8,22,22:00,3,1,1,1,6,77449,M,"48,8329500","2,7906200",77
202000004262,20,8,22,03:15,3,1,1,1,2,77294,M,"48,9699040","2,5983580",77
202000004263,20,4,26,14:20,1,2,1,1,2,97409,R," -20,9480701","55,6624522",974
202000004264,20,10,16,16:15,1,2,1,1,6,59418,M,"50,5041370","3,4545830",59
202000004265,20,2,23,04:57,4,2,7,1,6,75102,M,"48,8706570","2,3325500",75
202000004266,20,10,16,20:10,3,1,1,1,1,57186,M,"49,2684630","6,3849450",57
202000004267,20,8,21,10:30,1,2,3,1,1,98818,C," -22,2682100","166,4262100",988
202000004268,20,10,16,23:45,3,1,1,1,1,76222,M,"49,4895069","0,8876660",76
202000004269,20,10,17,10:00,1,1,1,1,6,82046,M,"43,9424830","0,9831050",82
202000004270,20,8,21,18:00,2,2,3,1,3,97416,R," -21,3449700","55,4808600",974
202000004271,20,10,17,10:30,1,1,1,1,6,71028,M,"46,8295520","5,4378870",71
202000004272,20,8,21,17:50,2,2,9,1,2,97411,R," -20,9007100","55,4968200",974
202000004273,20,10,16,21:30,3,1,3,1,3,86137,M,"47,0187990","0,0688360",86
202000004274,20,8,20,16:15,1,2,1,1,3,97411,R," -20,8863000","55,4813000",974
202000004275,20,10,16,21:35,3,1,1,1,2,86281,M,"46,6834960","0,3022960",86
202000004276,20,8,20,07:30,1,2,1,2,4,97411,R," -20,8960000","55,4480000",974
202000004277,20,8,20,05:35,2,1,1,2,6,97411,R," -20,8863400","55,4934800",974
202000004278,20,10,17,14:40,1,1,1,1,6,34338,M,"43,6084550","3,3805350",34
202000004279,20,8,21,18:20,1,2,2,1,1,69386,M,"45,7689400","4,8473100",69
202000004280,20,10,16,23:40,3,2,1,1,6,22004,M,"48,6328520"," -3,2974330",22
202000004281,20,8,21,14:45,1,2,1,1,7,69387,M,"45,7288200","4,8302613",69
202000004282,20,10,17,19:40,3,1,2,1,3,25172,M,"47,2587650","5,7427170",25