Num_Acc,an,mois,jour,hrmn,lum,agg,int,atm,col,com,gps,lat,long,dep
202000004283,20,8,21,12:15,1,2,2,1,3,69386,M,"45,7662974","4,8619943",69
202000004284,20,10,16,13:00,1,2,1,1,6,44002,M,"47,0754120"," -1,3978820",44
202000004285,20,8,21,16:25,1,1,1,2,1,97213,A,"14,6750000"," -60,9910000",972
202000004286,20,10,16,18:41,1,1,1,1,1,35109,M,"48,0895680"," -1,2276950",35
202000004287,20,8,21,00:21,3,1,1,2,6,97213,A,"14,6000000"," -60,9776020",972
202000004288,20,8,20,20:47,5,1,1,1,3,97213,A,"14,5964859"," -60,9942627",972
202000004289,20,10,16,17:55,1,1,6,1,4,29079,M,"48,6451320"," -3,9476940",29
202000004290,20,10,17,00:35,5,2,1,1,6,38006,M,"45,4031540","6,0826550",38
202000004291,20,8,21,17:05,1,2,3,1,1,69034,M,"45,7900900","4,8209700",69
202000004292,20,10,16,23:50,3,2,1,1,7,02085,M,"49,0907960","3,3977630",02
202000004293,20,8,20,08:20,1,2,1,1,3,69389,M,"45,7658200","4,7872900",69
202000004294,20,10,16,19:45,3,1,1,1,7,70111,M,"47,6447760","6,2912930",70
202000004295,20,8,21,12:20,1,2,2,1,3,2A004,M,"41,9351000","8,7509600",2A
202000004296,20,10,12,07:15,2,2,1,1,1,54077,M,"48,5927711","6,8415481",54
202000004297,20,8,21,09:15,1,2,4,1,3,91589,M,"48,6823010","2,3434730",91
202000004298,20,8,15,17:00,1,1,1,1,7,06016,M,"44,0927330","6,9915320",06
202000004299,20,8,21,11:05,1,2,3,1,6,91377,M,"48,7168540","2,2936680",91
202000004300,20,10,17,16:00,1,1,1,1,1,05061,M,"44,6253660","6,0833470",05
202000004301,20,8,20,22:41,3,2,1,1,6,87085,M,"45,8754400","1,2998500",87
202000004302,20,10,16,21:55,3,1,1,1,7,45081,M,"47,9356926","1,5807434",45
202000004303,20,8,7,22:08,5,2,1,1,1,84007,M,"43,9299000","4,8359000",84
202000004304,20,10,17,00:25,3,2,3,1,6,64152,M,"43,3435583"," -0,3005736",64
202000004305,20,10,17,03:50,5,2,1,1,7,10261,M,"47,9767930","4,4983450",10
202000004306,20,8,14,10:14,1,2,1,1,3,84007,M,"43,9376000","4,8114800",84
202000004307,20,10,16,18:45,2,1,2,1,3,53112,M,"48,3604620"," -0,3151170",53
202000004308,20,10,16,17:30,1,1,3,1,3,53134,M,"48,1212990"," -0,4615550",53
202000004309,20,8,7,01:00,5,2,3,1,3,83137,M,"43,1169000","5,9370000",83
202000004310,20,10,16,10:00,1,1,1,1,2,24133,M,"45,5315870","0,9668130",24
202000004311,20,8,20,11:00,1,2,1,1,6,83069,M,"43,1216900","6,1100300",83
202000004312,20,10,16,18:40,1,1,1,1,1,27317,M,"49,3833890","0,6846770",27
202000004313,20,8,21,16:50,1,2,1,1,6,77468,M,"48,8507900","2,6533700",77
202000004314,20,10,16,15:25,1,1,1,1,6,28191,M,"48,5812990","1,6776900",28
202000004315,20,10,16,10:00,1,2,4,1,3,37050,M,"47,3383577","0,7021158",37
202000004316,20,8,21,07:00,1,2,2,1,3,76540,M,"49,4345400","1,0760800",76
202000004317,20,8,20,12:15,1,2,1,1,3,74012,M,"46,1967100","6,2621100",74
202000004318,20,10,17,15:30,1,2,1,1,3,42279,M,"45,4981030","4,2612680",42
202000004319,20,8,19,21:30,5,2,6,1,3,74012,M,"46,1942598","6,2403578",74
202000004320,20,10,16,16:45,1,1,1,1,7,49321,M,"47,4242260"," -0,9396740",49
202000004321,20,8,21,16:15,1,2,1,1,6,69266,M,"45,7648000","4,9052000",69
202000004322,20,10,17,05:55,3,1,1,1,7,51588,M,"49,0759063","4,8051889",51
202000004323,20,8,20,18:20,1,2,8,1,3,67447,M,"48,6030970","7,7568870",67
202000004324,20,10,17,09:10,1,1,1,1,6,98803,C," -21,5842890","165,4923710",988
202000004325,20,8,20,17:33,1,2,8,1,6,67482,M,"48,5629700","7,7525800",67
202000004326,20,8,20,13:50,1,1,1,1,-1,67218,M,"48,5372500","7,7456600",67
202000004327,20,8,21,00:48,3,1,1,1,7,66141,M,"42,7491600","2,8944300",66
202000004328,20,10,15,21:50,4,2,6,9,3,97118,A,"16,2141120"," -61,6219510",971
202000004329,20,8,20,09:05,1,2,1,1,6,64373,M,"43,2799901"," -0,3613331",64
202000004330,20,8,20,09:10,1,2,9,1,3,64122,M,"43,4647710"," -1,5429354",64
202000004331,20,10,17,11:00,1,1,2,8,3,97114,A,"16,1284840"," -61,5793190",971
202000004332,20,10,17,15:47,1,1,1,1,6,33214,M,"45,0509070"," -1,1733910",33
202000004333,20,8,17,10:30,1,2,1,1,6,62427,M,"50,4211530","2,9486680",62
202000004334,20,8,20,15:45,1,1,1,1,3,60463,M,"49,2867400","2,4579300",60
202000004335,20,8,19,16:30,1,2,1,1,3,57672,M,"49,3566200","6,1560320",57
202000004336,20,10,15,18:45,1,1,1,1,7,45311,M,"47,8386830","2,2344730",45
202000004337,20,8,19,13:22,1,1,1,1,1,56162,M,"47,7092800"," -3,4424600",56
202000004338,20,8,21,17:20,1,1,1,1,1,54184,M,"48,7162300","6,2413600",54
202000004339,20,10,16,21:50,3,2,9,1,3,30257,M,"43,8795770","4,4830760",30
202000004340,20,10,16,10:00,1,1,1,1,7,34299,M,"43,2509080","3,2721020",34
202000004341,20,8,21,14:00,1,2,1,1,4,54395,M,"48,6960400","6,1915200",54
202000004342,20,8,20,10:25,5,2,1,1,3,49353,M,"47,4400385"," -0,4849101",49
202000004343,20,10,11,23:25,3,1,1,1,2,54043,M,"48,5854368","6,0805035",54
202000004344,20,8,21,17:35,1,2,1,1,6,44109,M,"47,2262700"," -1,5971300",44
202000004345,20,10,17,17:50,1,1,1,1,1,57230,M,"49,0982340","6,5155790",57
202000004346,20,8,21,10:35,1,2,1,1,6,44109,M,"47,2090000"," -1,5669700",44
202000004347,20,8,21,16:15,1,2,6,1,1,42207,M,"45,4900783","4,5217527",42
202000004348,20,10,16,17:50,1,2,1,1,6,74143,M,"45,8897610","6,7977780",74
202000004349,20,8,20,04:50,5,2,1,1,6,42184,M,"46,0381900","4,0457100",42
202000004350,20,10,16,07:55,1,2,2,8,3,69228,M,"45,5580296","4,6409973",69
202000004351,20,8,21,15:55,1,2,6,1,3,37261,M,"47,4257575","0,6970049",37
202000004352,20,10,17,12:20,1,2,1,8,6,69204,M,"45,7120870","4,7723820",69
202000004353,20,8,21,15:45,1,2,1,1,7,35238,M,"48,1018310"," -1,6495200",35
202000004354,20,10,16,08:45,1,1,1,1,6,09047,M,"42,8935260","1,9356810",09
202000004355,20,10,17,16:07,1,1,1,1,6,09293,M,"42,9720380","1,5208130",09
202000004356,20,8,21,01:50,5,2,3,1,3,34172,M,"43,6105280","3,8389300",34
202000004357,20,10,17,01:30,3,1,1,1,6,85208,M,"46,8524430"," -1,3991210",85
202000004358,20,8,22,00:05,5,1,4,1,3,33063,M,"44,8773600"," -0,5665400",33
202000004359,20,8,20,12:30,1,2,1,1,3,31149,M,"43,6115900","1,3520600",31
202000004360,20,8,21,17:40,1,2,1,1,6,27681,M,"49,0927700","1,4708700",27
202000004361,20,8,21,14:28,1,2,1,1,3,27681,M,"49,0976100","1,4760600",27
202000004362,20,8,21,07:45,1,2,2,1,-1,14118,M,"49,2059900"," -0,3593500",14
202000004363,20,8,21,23:40,5,2,1,1,1,13106,M,"43,3877000","5,3598000",13
202000004364,20,8,21,18:00,1,2,3,7,1,13205,M,"43,2932550","5,4041309",13
202000004365,20,8,21,15:30,1,2,1,1,3,13203,M,"43,3075800","5,3758800",13
202000004366,20,8,21,14:15,1,2,1,1,6,13208,M,"43,2582300","5,3942700",13
202000004367,20,8,21,10:30,1,2,1,1,6,13205,M,"43,2849800","5,3988100",13
202000004368,20,8,21,04:55,5,2,1,1,6,13216,M,"43,3603380","5,2946450",13
202000004369,20,8,20,19:05,1,2,1,1,2,13212,M,"43,2968400","5,4417910",13
202000004370,20,8,20,21:50,5,1,1,1,6,12174,M,"44,3334061","2,5554119",12
202000004371,20,8,21,02:10,3,1,1,1,6,11069,M,"43,1996286","2,3543388",11
202000004372,20,8,21,16:45,1,1,1,2,6,10081,M,"48,3092000","4,0222000",10
202000004373,20,8,20,22:18,5,2,1,1,2,10387,M,"48,2917600","4,0781100",10
202000004374,20,8,20,06:35,1,2,1,1,3,06123,M,"43,6719200","7,1928670",06
202000004375,20,8,20,08:00,1,2,1,1,5,06027,M,"43,6647000","7,1521210",06
202000004376,20,8,14,21:16,2,2,2,1,-1,75118,M,"48,8902460","2,3599170",75
202000004377,20,8,21,02:30,5,2,1,1,3,75105,M,"48,8489990","2,3540370",75
202000004378,20,8,21,18:53,1,2,1,1,6,75119,M,"48,8935630","2,3803970",75
202000004379,20,8,20,23:45,5,2,4,1,3,75119,M,"48,8958480","2,3835520",75
202000004380,20,8,21,19:20,1,2,3,1,3,75118,M,"48,8977660","2,3340530",75
202000004381,20,8,21,18:10,1,2,4,1,2,75117,M,"48,8822120","2,3011690",75
202000004382,20,8,19,20:45,5,2,1,1,6,75116,M,"48,8452900","2,2598000",75
202000004383,20,8,21,21:30,5,2,2,1,-1,75115,M,"48,8424200","2,2776140",75
202000004384,20,8,21,20:00,1,2,1,1,6,75115,M,"48,8424020","2,3028650",75
202000004385,20,8,21,16:25,1,2,2,1,3,75114,M,"48,8226420","2,3148370",75
202000004386,20,8,21,09:50,1,2,2,1,3,75114,M,"48,8368320","2,3232220",75
202000004387,20,8,21,07:40,1,2,1,1,6,75114,M,"48,8316230","2,3096110",75
202000004388,20,8,20,23:50,5,2,1,1,6,75107,M,"48,8501150","2,3147680",75
202000004389,20,8,21,17:40,1,2,1,1,-1,75112,M,"48,8292800","2,3875410",75
202000004390,20,8,21,13:00,1,2,3,1,3,75112,M,"48,8281320","2,4193520",75
202000004391,20,8,21,19:08,1,2,1,1,6,75111,M,"48,8608090","2,3750690",75
202000004392,20,8,21,18:30,1,2,1,1,3,75109,M,"48,8737530","2,3426750",75
202000004393,20,8,21,15:00,1,2,1,1,6,75104,M,"48,8483600","2,3661560",75
202000004394,20,8,20,20:09,1,2,2,1,7,75102,M,"48,8695440","2,3315130",75
202000004395,20,8,20,15:50,1,2,1,1,3,75103,M,"48,8688110","2,3566060",75
202000004396,20,8,21,17:50,1,2,9,1,3,94068,M,"48,7845410","2,4953330",94
202000004397,20,8,21,12:20,1,2,1,1,3,94068,M,"48,8015750","2,4721440",94
202000004398,20,8,20,22:40,5,2,1,1,2,94076,M,"48,7924700","2,3693500",94
202000004399,20,8,21,21:20,5,2,3,1,1,94041,M,"48,8090910","2,3736410",94
202000004400,20,8,21,19:24,1,2,1,1,6,94073,M,"48,7643100","2,3932800",94
202000004401,20,8,20,22:55,5,2,2,1,3,94033,M,"48,8522700","2,4565100",94
202000004402,20,8,21,14:15,1,2,1,1,3,93070,M,"48,9025000","2,3440900",93
202000004403,20,8,21,20:45,2,2,3,1,3,93066,M,"48,9330298","2,3422761",93
202000004404,20,8,21,09:55,1,2,2,1,2,93064,M,"48,8773500","2,4799600",93
202000004405,20,8,21,21:06,2,2,3,1,3,93031,M,"48,9515000","2,3389100",93
202000004406,20,8,21,19:50,1,2,1,1,2,93010,M,"48,9067269","2,4858947",93
202000004407,20,8,21,17:40,1,1,1,1,2,93005,M,"48,9526855","2,4918706",93
202000004408,20,8,2,13:45,1,2,1,1,3,92077,M,"48,8275000","2,1888500",92
202000004409,20,8,20,17:30,1,2,6,1,2,92050,M,"48,8960049","2,2157782",92
202000004410,20,8,21,15:40,1,2,1,1,7,92040,M,"48,8249014","2,2575057",92
202000004411,20,8,16,20:28,2,2,2,1,3,92012,M,"48,8377443","2,2403861",92
202000004412,20,8,22,11:10,1,2,7,1,6,22050,M,"48,4567470"," -2,0527910",22
202000004413,20,8,22,07:15,1,1,1,1,2,11261,M,"43,1734480","2,6297020",11
202000004414,20,8,18,16:45,1,1,1,1,2,71583,M,"46,2619593","4,7924377",71
202000004415,20,8,22,19:15,1,1,9,1,7,41232,M,"47,4229680","2,0191240",41
202000004416,20,8,21,22:00,3,1,1,1,7,22369,M,"48,3432720"," -2,2875170",22
202000004417,20,8,21,18:30,1,1,2,1,3,51476,M,"49,0268395","4,4142578",51
202000004418,20,8,21,23:30,3,1,1,1,7,59094,M,"50,9564940","2,2187450",59
202000004419,20,8,22,13:00,1,1,1,1,-1,36033,M,"46,5065290","1,5048594",36
202000004420,20,2,4,12:40,1,2,6,8,2,02408,M,"49,5627200","3,6006700",02
202000004421,20,2,26,13:05,1,2,1,2,6,92040,M,"48,8217793","2,2672074",92
202000004422,20,12,2,08:45,1,2,1,-1,2,93029,M,"48,9165720","2,4330650",93
202000004423,20,12,2,08:45,5,2,1,1,2,93029,M,"48,9173300","2,4336600",93
202000004424,20,11,29,11:35,1,2,6,1,1,38298,M,"45,3784940","4,8043460",38
202000004425,20,11,16,23:47,5,2,1,1,6,38451,M,"45,7572770","5,2186060",38
202000004426,20,12,1,13:00,1,2,1,1,6,76351,M,"49,4978990","0,0962580",76
202000004427,20,9,15,13:57,1,2,1,1,5,26198,M,"44,5563100","4,7248720",26
202000004428,20,12,4,11:30,1,2,1,3,7,07102,M,"44,9369600","4,8671200",07
202000004429,20,12,16,17:15,5,2,1,1,6,05061,M,"44,5679100","6,0952000",05
202000004430,20,11,24,08:14,1,2,9,1,6,78551,M,"48,8876330","2,0955580",78
202000004431,20,11,28,21:25,5,2,1,1,6,27229,M,"49,0145300","1,1700500",27
202000004432,20,12,13,17:00,2,1,1,1,7,70388,M,"47,6032700","6,1092200",70
202000004433,20,12,16,18:00,3,1,1,2,1,17010,M,"46,1131030"," -1,1168070",17
202000004434,20,12,18,18:46,3,1,1,1,6,69006,M,"45,9736730","4,2928860",69
202000004435,20,12,13,13:05,1,1,1,1,6,27547,M,"49,0536770","0,3994560",27
202000004436,20,12,18,08:15,1,2,4,1,2,77222,M,"48,6350430","2,8008440",77
202000004437,20,10,5,12:10,1,2,2,8,3,92025,M,"48,9156330","2,2349320",92
202000004438,20,9,10,12:20,1,2,2,1,6,92025,M,"48,9284375","2,2595988",92
202000004439,20,10,8,08:35,1,2,3,1,3,73065,M,"45,5702750","5,9167170",73
202000004440,20,10,1,09:50,1,1,1,3,6,60159,M,"49,3962000","2,8924200",60
202000004441,20,9,15,16:30,1,2,1,1,3,94028,M,"48,7854900","2,4602400",94
202000004442,20,1,4,12:05,1,2,2,1,3,92025,M,"48,9117714","2,2324508",92
202000004443,20,9,29,14:32,1,2,1,2,6,70550,M,"47,6341500","6,1582100",70
202000004444,20,3,13,14:40,1,2,9,1,6,97611,Y," -12,7800900","45,2238100",976
202000004445,20,11,13,09:30,1,2,6,2,6,78551,M,"48,8995100","2,0855570",78
202000004446,20,12,1,14:15,1,2,3,1,3,13202,M,"43,2960650","5,3740230",13
202000004447,20,11,30,10:50,1,2,6,1,7,11262,M,"43,1696800","2,9893600",11
202000004448,20,12,8,18:20,5,2,1,3,6,76351,M,"49,4980960","0,1163600",76
202000004449,20,12,15,20:48,5,2,1,2,1,60667,M,"49,3141630","2,7366260",60
202000004450,20,10,23,16:38,1,2,1,1,1,81105,M,"43,7629350","1,9913260",81
202000004451,20,10,19,11:00,1,2,1,1,2,95210,M,"48,9676400","2,3054900",95
202000004452,20,10,14,07:55,2,2,1,2,3,69142,M,"45,7259700","4,8117800",69
202000004453,20,10,12,13:20,1,2,1,1,3,45068,M,"48,0228900","2,7353900",45
202000004454,20,9,24,16:10,1,2,1,1,1,49007,M,"47,4736700"," -0,5828500",49
202000004455,20,6,13,15:50,1,2,2,1,1,92025,M,"48,9261200","2,2530200",92
202000004456,20,6,28,12:05,1,1,1,1,5,83069,M,"43,0997300","6,1324900",83
202000004457,20,9,13,05:45,5,2,1,1,7,06004,M,"43,5905710","7,1243340",06
202000004458,20,8,28,17:30,1,2,2,2,3,69382,M,"45,7397300","4,8183200",69
202000004459,20,8,27,22:39,5,2,9,1,7,35281,M,"48,0783600"," -1,7125700",35
202000004460,20,9,18,18:30,1,2,1,1,6,35238,M,"48,0888100"," -1,6717800",35
202000004461,20,11,30,16:35,1,2,1,1,6,02750,M,"49,5178920","3,2272160",02
202000004462,20,8,22,12:55,1,2,9,1,3,97611,Y," -12,7750000","45,2250000",976
202000004463,20,8,31,11:15,1,2,1,1,2,06069,M,"43,6392100","6,9337200",06
202000004464,20,1,15,12:50,1,2,1,1,6,94046,M,"48,7997000","2,4415000",94
202000004465,20,9,26,22:00,5,2,9,1,1,24145,M,"44,8525800","0,5504100",24
202000004466,20,9,13,09:57,1,2,9,1,3,24037,M,"44,8199000","0,4761000",24
202000004467,20,6,30,07:20,1,2,3,1,2,59350,M,"50,6118159","3,0656523",59
202000004468,20,6,25,13:15,1,2,2,1,3,59648,M,"50,6000300","3,0518200",59
202000004469,20,5,26,11:25,1,1,2,1,3,59663,M,"50,8821328","2,4711535",59
202000004470,20,5,20,19:25,1,1,1,1,6,59043,M,"50,7145200","2,7668900",59
202000004471,20,5,16,11:10,1,2,9,1,3,59043,M,"50,7302300","2,7468000",59
202000004472,20,7,29,09:20,1,2,2,7,6,14220,M,"49,3574002","0,0741746",14
202000004473,20,7,8,11:25,1,2,1,8,6,14715,M,"49,3669100","0,0797200",14
202000004474,20,12,28,18:15,5,2,1,1,6,42187,M,"46,0386200","4,0579900",42
202000004475,20,12,18,17:00,1,2,1,1,1,33448,M,"44,7144160"," -0,5021100",33
202000004476,20,12,4,16:30,1,2,1,1,6,65100,M,"43,2609010","0,0427010",65
202000004477,20,12,3,17:57,5,2,7,2,6,08105,M,"49,7735600","4,7206900",08
202000004478,20,11,25,17:45,3,1,1,1,3,91553,M,"48,6310000","2,4912600",91
202000004479,20,12,30,06:30,3,1,1,2,1,60196,M,"49,2900060","2,0902350",60
202000004480,20,9,30,16:00,1,2,1,1,6,69091,M,"45,5824900","4,7753100",69
202000004481,20,7,6,21:10,1,2,2,1,3,65440,M,"43,2357090","0,0698690",65
202000004482,20,2,11,16:30,1,2,1,1,2,36044,M,"46,8088576","1,6804036",36
202000004483,20,8,14,17:00,1,2,1,1,6,36044,M,"46,8025834","1,6721696",36
202000004484,20,8,21,18:35,1,2,1,1,7,36044,M,"46,8181138","1,7223269",36
202000004485,20,1,25,15:13,1,2,1,1,4,36202,M,"46,7906355","1,6616888",36
202000004486,20,2,15,16:04,1,2,1,1,7,36044,M,"46,8068435","1,7088227",36
202000004487,20,9,29,14:00,1,2,9,1,3,35238,M,"48,0974600"," -1,6572700",35
202000004488,20,8,22,15:05,1,2,1,1,3,17306,M,"45,6260410"," -0,9992650",17
202000004489,20,7,19,07:00,1,2,1,1,3,17306,M,"45,6318300"," -1,0321100",17
202000004490,20,7,15,18:25,1,2,1,1,2,17306,M,"45,6238500"," -1,0323300",17
202000004491,20,7,15,17:50,1,2,3,1,3,17461,M,"45,6421620"," -1,0658110",17
202000004492,20,5,29,06:45,1,2,2,1,3,02168,M,"49,0474700","3,3834160",02
202000004493,20,11,27,18:30,5,2,1,1,6,97302,G,"4,9151600"," -52,3209700",973
202000004494,20,11,30,13:03,1,2,3,1,3,97302,G,"4,9355777"," -52,3309476",973
202000004495,20,11,29,23:25,5,2,1,1,7,97302,G,"4,9393063"," -52,3264861",973
202000004496,20,11,29,09:40,1,2,1,1,6,97302,G,"4,9194300"," -52,3126700",973
202000004497,20,11,30,07:40,1,1,1,1,2,97213,A,"14,6170000"," -61,0170000",972
202000004498,20,11,29,17:27,1,2,1,1,2,91021,M,"48,5967700","2,2459200",91
202000004499,20,11,30,23:45,5,2,6,2,6,91161,M,"48,7080000","2,3106600",91
202000004500,20,11,30,17:30,5,2,1,1,6,91687,M,"48,6777130","2,3763300",91
202000004501,20,11,28,10:50,1,1,1,1,6,76351,M,"49,5165000","0,1194000",76
202000004502,20,11,29,13:22,1,1,1,1,1,74298,M,"46,1685000","6,2720000",74
202000004503,20,11,29,11:40,1,2,1,1,6,69290,M,"45,7064384","4,9327771",69
202000004504,20,11,30,12:25,1,2,2,1,3,65100,M,"43,2545510","0,0469630",65
202000004505,20,11,24,11:29,1,2,5,1,3,63113,M,"45,7654100","3,0823100",63
202000004506,20,11,28,17:10,5,2,2,1,3,59350,M,"50,6218700","3,0793600",59
202000004507,20,11,28,15:04,1,1,3,1,3,56162,M,"47,7500900"," -3,4344200",56
202000004508,20,11,27,09:39,1,2,3,1,6,54329,M,"48,5859400","6,4809000",54
202000004509,20,11,27,07:53,5,2,6,5,3,49007,M,"47,4577900"," -0,5443500",49
202000004510,20,11,29,16:15,1,2,1,1,6,49007,M,"47,4962500"," -0,5569600",49
202000004511,20,11,30,09:35,1,2,2,1,6,45285,M,"47,9213728","1,8831890",45
202000004512,20,11,30,09:35,2,2,1,7,1,29232,M,"47,9935299"," -4,1389070",29
202000004513,20,11,30,10:30,1,2,1,1,3,29232,M,"47,9852900"," -4,0611300",29
202000004514,20,11,28,09:25,1,2,1,1,7,25056,M,"47,2335800","6,0499300",25
202000004515,20,11,30,08:00,1,2,2,1,5,21166,M,"47,2987991","5,0197866",21
202000004516,20,11,30,15:00,1,2,1,1,3,17461,M,"45,6292610"," -1,0632600",17
202000004517,20,11,27,07:30,5,2,4,1,6,14118,M,"49,1781200"," -0,3638500",14
202000004518,20,11,24,10:30,1,2,7,1,6,14118,M,"49,1751900"," -0,3774300",14
202000004519,20,11,30,20:15,5,2,2,1,2,13203,M,"43,3057200","5,3839700",13
202000004520,20,11,28,09:34,1,2,6,1,7,11262,M,"43,1801609","3,0188828",11
202000004521,20,11,30,12:15,1,1,9,1,3,06069,M,"43,6507180","6,9487470",06
202000004522,20,8,29,18:50,3,2,1,1,6,97611,Y," -12,7931800","45,2081800",976
202000004523,20,7,7,18:55,3,2,1,1,6,97611,Y," -12,7825155","45,2336901",976
202000004524,20,7,2,09:20,1,2,1,2,6,93072,M,"48,9497300","2,3734000",93
202000004525,20,7,27,15:15,1,2,1,1,2,59122,M,"50,1806900","3,2203500",59
202000004526,20,1,30,21:00,5,2,2,2,6,59122,M,"50,1582248","3,2417710",59
202000004527,20,1,26,11:10,1,2,1,1,6,59122,M,"50,1734000","3,2330720",59
202000004528,20,11,26,12:55,1,1,6,1,3,59350,M,"50,6430019","3,0726154",59
202000004529,20,11,23,10:05,1,2,3,1,6,38185,M,"45,1886400","5,7094100",38
202000004530,20,11,18,18:24,5,2,9,1,6,38151,M,"45,1491900","5,7180400",38
202000004531,20,9,14,05:00,5,1,1,1,2,92050,M,"48,8960999","2,2250306",92
202000004532,20,8,22,09:30,1,1,1,1,7,97611,Y," -12,7930000","45,1930000",976
202000004533,20,12,5,15:45,1,2,1,1,6,58194,M,"46,9945900","3,1342200",58
202000004534,20,9,20,18:30,1,1,1,1,7,91247,M,"48,4772170","2,0511930",91
202000004535,20,6,17,18:45,1,1,9,1,3,73213,M,"45,5552470","5,9513820",73
202000004536,20,1,28,14:50,1,1,2,1,3,78158,M,"48,8337680","2,1428820",78
202000004537,20,2,6,18:30,2,1,1,1,2,41018,M,"47,5937300","1,3543200",41
202000004538,20,9,3,08:00,1,2,9,1,2,69034,M,"45,8078600","4,8560600",69
202000004539,20,8,9,20:56,5,1,1,1,1,2A004,M,"41,9284900","8,7707000",2A
202000004540,20,5,15,18:25,1,2,1,1,5,95585,M,"48,9844600","2,3867000",95
202000004541,20,10,17,11:30,1,2,1,1,6,84035,M,"43,8495100","5,0373700",84
202000004542,20,11,17,08:10,2,2,2,1,6,64445,M,"43,3092400"," -0,3442000",64
202000004543,20,11,24,10:15,1,2,1,1,7,11262,M,"43,1816000","3,0075900",11
202000004544,20,11,24,02:30,5,2,1,1,3,11262,M,"43,1769833","2,9942811",11
202000004545,20,12,28,16:33,1,2,2,1,6,86214,M,"46,5545870","0,3336430",86
202000004546,20,7,8,09:52,1,2,1,1,1,97611,Y," -12,7851700","45,2278600",976
202000004547,20,2,21,13:25,1,2,1,1,-1,97611,Y," -12,7747400","45,2228500",976
202000004548,20,12,5,16:45,1,2,1,2,1,33234,M,"44,7850730"," -0,4956350",33
202000004549,20,12,12,08:54,2,1,1,2,6,69275,M,"45,7630000","4,9850000",69
202000004550,20,12,14,19:20,5,2,1,1,6,58194,M,"46,9915000","3,1553000",58
202000004551,20,12,4,13:20,1,2,9,1,6,92051,M,"48,8826440","2,2768260",92
202000004552,20,12,22,00:35,3,1,1,2,6,38544,M,"45,5432900","4,8519700",38
202000004553,20,10,29,16:49,1,2,2,1,3,38152,M,"45,4986430","5,3009410",38
202000004554,20,8,23,07:00,2,2,9,1,6,13215,M,"43,3330770","5,3642570",13
202000004555,20,11,23,08:35,1,2,1,1,7,11262,M,"43,1839740","2,9957560",11
202000004556,20,8,1,10:38,1,2,1,1,3,97611,Y," -12,7936400","45,2192000",976
202000004557,20,7,6,18:00,1,1,1,1,6,93078,M,"48,9632500","2,5178600",93
202000004558,20,2,26,18:30,2,2,1,1,3,93048,M,"48,8770469","2,4510071",93
202000004559,20,2,5,10:10,1,2,2,8,6,93048,M,"48,8659981","2,4408710",93
202000004560,20,11,21,14:45,1,2,3,1,3,33063,M,"44,8372300"," -0,5812000",33
202000004561,20,6,9,08:25,1,2,1,1,6,97611,Y," -12,7756740","45,2241520",976
202000004562,20,11,12,08:40,1,2,1,1,6,95252,M,"48,9912100","2,2156600",95
202000004563,20,8,19,12:20,1,2,1,1,2,84007,M,"43,9288000","4,8208000",84
202000004564,20,8,23,10:45,1,2,2,1,3,68224,M,"47,7734000","7,3212000",68
202000004565,20,4,25,23:18,5,2,1,1,6,63113,M,"45,7671571","3,0820165",63
202000004566,20,6,1,06:20,1,2,1,1,6,29151,M,"48,5815600"," -3,8265200",29
202000004567,20,10,22,17:14,1,2,1,8,6,05061,M,"44,5687460","6,1001890",05
202000004568,20,8,29,05:04,5,2,7,1,2,75106,M,"48,8577670","2,3368360",75
202000004569,20,8,19,00:45,5,2,2,1,5,84007,M,"43,9340400","4,8315300",84
202000004570,20,11,29,10:15,1,2,2,7,6,44184,M,"47,2724000"," -2,2002000",44
202000004571,20,10,27,18:40,2,2,1,1,6,49007,M,"47,4671800"," -0,5449800",49
202000004572,20,3,2,06:20,3,2,2,2,3,93010,M,"48,9043000","2,4729000",93
202000004573,20,2,26,12:40,1,2,9,3,6,93010,M,"48,9018800","2,4850300",93
202000004574,20,10,27,18:30,2,2,1,1,3,69266,M,"45,7637100","4,9044400",69
202000004575,20,2,17,07:20,2,1,1,1,1,26057,M,"45,0029880","5,0358470",26
202000004576,20,8,27,21:25,5,2,1,2,6,27375,M,"49,2139100","1,1411300",27
202000004577,20,8,19,05:50,3,1,1,1,1,27701,M,"49,2402000","1,2309000",27
202000004578,20,8,15,01:10,3,1,1,1,7,27375,M,"49,2275600","1,1561600",27
202000004579,20,7,31,21:20,1,2,1,1,7,27375,M,"49,2127800","1,1555900",27
202000004580,20,7,26,07:38,1,1,1,8,6,67482,M,"48,5848808","7,7257705",67
202000004581,20,7,18,19:00,1,2,6,7,2,27375,M,"49,2090000","1,1803000",27
202000004582,20,7,18,01:55,5,2,1,1,6,27375,M,"49,2033500","1,1874100",27
202000004583,20,6,19,16:56,1,2,3,1,6,63113,M,"45,7880806","3,0956065",63
202000004584,20,12,19,09:10,1,2,3,1,6,08105,M,"49,7640200","4,6938800",08
202000004585,20,12,18,15:15,1,1,1,1,7,41046,M,"47,6187410","1,9204400",41
202000004586,20,12,18,15:45,1,1,9,1,2,86066,M,"46,8050860","0,5133680",86
202000004587,20,12,31,10:10,1,2,9,1,6,66037,M,"42,7045870","3,0197690",66