Num_Acc,an,mois,jour,hrmn,lum,agg,int,atm,col,com,gps,lat,long,dep
202000004588,20,6,9,09:05,1,2,2,1,2,27229,M,"49,0339300","1,1834900",27
202000004589,20,11,11,14:35,1,2,1,1,3,97611,Y," -12,7753800","45,2232800",976
202000004590,20,1,18,08:50,2,2,1,1,6,29254,M,"48,5703385"," -3,8473730",29
202000004591,20,11,17,17:40,5,2,9,1,6,27229,M,"49,0065200","1,1628900",27
202000004592,20,12,24,12:20,1,2,1,1,3,43157,M,"45,0412727","3,8884091",43
202000004593,20,12,15,17:57,4,2,1,2,6,05061,M,"44,5512300","6,0674600",05
202000004594,20,12,4,18:00,4,2,5,2,-1,92078,M,"48,9257470","2,3267400",92
202000004595,20,12,21,17:30,4,2,1,3,6,74010,M,"45,9336960","6,1297010",74
202000004596,20,11,17,06:30,2,1,1,1,3,69081,M,"45,7826300","4,7828500",69
202000004597,20,6,3,11:40,1,2,1,1,6,62291,M,"50,4196600","2,8143800",62
202000004598,20,9,29,20:40,5,2,2,1,3,84007,M,"43,9346800","4,8316400",84
202000004599,20,12,18,17:30,2,2,2,1,6,83061,M,"43,4324496","6,7491567",83
202000004600,20,12,30,14:30,1,1,1,1,2,72181,M,"47,9509300","0,2304500",72
202000004601,20,12,2,21:26,5,2,1,1,6,29019,M,"48,4043126"," -4,4759423",29
202000004602,20,11,27,15:45,1,2,1,1,2,95428,M,"48,9850500","2,3186500",95
202000004603,20,11,26,06:40,2,2,1,1,1,91161,M,"48,7135800","2,2980600",91
202000004604,20,11,27,15:45,1,1,1,1,7,91432,M,"48,7122000","2,3517000",91
202000004605,20,11,26,07:37,2,2,2,1,3,87085,M,"45,8326500","1,2665600",87
202000004606,20,11,27,15:20,1,2,3,1,6,82121,M,"44,0122822","1,3630520",82
202000004607,20,11,27,07:45,2,2,2,1,3,79191,M,"46,3241900"," -0,4352100",79
202000004608,20,11,26,08:24,1,2,2,1,3,78646,M,"48,7983600","2,1536700",78
202000004609,20,11,22,19:05,3,1,1,1,6,77337,M,"48,8456600","2,6303300",77
202000004610,20,11,25,18:45,2,2,2,1,1,77288,M,"48,5511330","2,6496340",77
202000004611,20,11,27,06:20,5,2,1,2,1,76305,M,"49,5011303","0,2189707",76
202000004612,20,11,26,15:30,1,2,3,1,3,76351,M,"49,5002070","0,1041340",76
202000004613,20,11,27,07:10,5,2,3,1,3,69256,M,"45,7738400","4,9323800",69
202000004614,20,11,27,15:10,2,2,2,1,6,69264,M,"45,9822000","4,7350100",69
202000004615,20,11,26,21:57,5,2,1,2,6,66136,M,"42,6784400","2,8805600",66
202000004616,20,11,27,17:10,1,2,5,1,3,64445,M,"43,3042900"," -0,3799000",64
202000004617,20,11,27,07:20,5,2,3,1,1,64445,M,"43,2990700"," -0,3551400",64
202000004618,20,11,26,14:22,1,2,1,1,7,64122,M,"43,4840300"," -1,5429800",64
202000004619,20,11,27,13:00,1,2,1,1,6,64102,M,"43,4842600"," -1,4998800",64
202000004620,20,11,27,08:30,1,2,1,1,4,64102,M,"43,4978700"," -1,4487600",64
202000004621,20,11,25,07:25,5,2,5,1,2,63113,M,"45,7678000","3,0818400",63
202000004622,20,11,24,18:45,3,1,1,1,6,56260,M,"47,6873000"," -2,7664600",56
202000004623,20,11,26,17:00,1,2,2,1,3,56121,M,"47,7522600"," -3,3630000",56
202000004624,20,11,26,13:10,1,2,1,1,6,54184,M,"48,7109800","6,2226500",54
202000004625,20,11,26,17:03,2,2,1,1,7,51108,M,"48,9546522","4,3526555",51
202000004626,20,11,26,18:40,5,2,2,1,3,50147,M,"49,0622900"," -1,4283500",50
202000004627,20,11,27,05:35,3,1,1,1,6,50416,M,"49,6492300"," -1,7178300",50
202000004628,20,11,26,08:45,1,2,1,1,3,49015,M,"47,5041600"," -0,6019000",49
202000004629,20,11,27,08:00,2,1,9,1,1,47323,M,"44,4460900","0,7392900",47
202000004630,20,11,27,15:00,1,2,3,1,6,45234,M,"47,9209100","1,9023200",45
202000004631,20,11,27,18:03,5,2,3,1,1,41018,M,"47,5781000","1,3211100",41
202000004632,20,11,27,16:15,1,2,1,1,2,37122,M,"47,3479954","0,6577455",37
202000004633,20,11,27,15:15,1,2,2,1,-1,37261,M,"47,3871506","0,6900138",37
202000004634,20,11,24,18:01,2,2,2,1,-1,37261,M,"47,4200957","0,6997246",37
202000004635,20,11,27,11:00,1,1,1,1,4,35238,M,"48,0803100"," -1,6778100",35
202000004636,20,11,27,08:10,4,2,2,1,3,35238,M,"48,1085900"," -1,6929700",35
202000004637,20,11,27,14:00,1,2,6,1,3,33550,M,"44,7726700"," -0,5768200",33
202000004638,20,11,11,02:53,4,2,1,1,6,33550,M,"44,7885700"," -0,5667600",33
202000004639,20,11,27,14:30,1,1,1,1,3,32013,M,"43,6694800","0,5998900",32
202000004640,20,11,26,17:45,4,1,1,1,4,31555,M,"43,6217700","1,4013500",31
202000004641,20,11,26,14:00,1,1,1,1,2,31555,M,"43,6386500","1,4215500",31
202000004642,20,11,27,13:20,1,1,1,1,6,31483,M,"43,1466200","0,7423500",31
202000004643,20,11,26,07:45,2,2,2,1,3,30189,M,"43,8168600","4,3530400",30
202000004644,20,11,27,04:50,5,2,2,1,3,26198,M,"44,5552200","4,7225700",26
202000004645,20,11,25,07:35,3,1,3,1,3,22187,M,"48,5441369"," -2,7844387",22
202000004646,20,11,27,11:40,1,2,6,1,2,17300,M,"46,1616000"," -1,1398500",17
202000004647,20,11,27,16:45,1,2,1,1,5,13213,M,"43,3262980","5,4390760",13
202000004648,20,11,26,12:00,1,2,1,1,2,13002,M,"43,3383900","5,4673700",13
202000004649,20,11,27,20:45,5,2,3,1,3,13047,M,"43,4966500","4,9810100",13
202000004650,20,11,27,08:00,2,2,5,1,5,13005,M,"43,3054600","5,5725700",13
202000004651,20,11,27,08:55,1,2,1,1,7,06088,M,"43,7144167","7,2821939",06
202000004652,20,11,25,12:00,1,2,1,1,3,06069,M,"43,6436540","6,9419490",06
202000004653,20,11,27,09:30,1,2,2,1,3,06155,M,"43,5726800","7,0790800",06
202000004654,20,11,27,21:15,5,2,4,1,6,75114,M,"48,8193130","2,3287300",75
202000004655,20,11,26,08:25,1,2,1,1,3,75119,M,"48,8835000","2,3999450",75
202000004656,20,11,26,11:54,1,2,2,1,3,75113,M,"48,8349410","2,3449850",75
202000004657,20,11,27,10:20,1,2,2,1,3,75114,M,"48,8250100","2,3021510",75
202000004658,20,11,27,17:20,5,2,3,1,6,75120,M,"48,8660400","2,3840070",75
202000004659,20,11,27,12:00,1,2,2,1,2,75119,M,"48,8987440","2,3711140",75
202000004660,20,11,27,10:53,1,2,1,1,3,75119,M,"48,8856190","2,3964950",75
202000004661,20,11,26,07:15,2,2,2,1,6,75118,M,"48,8990280","2,3294710",75
202000004662,20,11,27,11:10,1,2,1,1,4,75115,M,"48,8371030","2,2968460",75
202000004663,20,11,27,10:20,1,2,1,1,6,75113,M,"48,8431590","2,3662320",75
202000004664,20,11,27,22:30,5,2,1,1,7,75104,M,"48,8504840","2,3611380",75
202000004665,20,11,27,20:08,5,2,2,1,3,75102,M,"48,8688870","2,3385600",75
202000004666,20,11,27,16:00,1,2,2,1,6,94080,M,"48,8400000","2,4200000",94
202000004667,20,11,27,16:15,2,2,2,1,6,94068,M,"48,7919300","2,5128300",94
202000004668,20,11,27,10:20,1,2,5,1,2,94041,M,"48,8129400","2,3708200",94
202000004669,20,11,26,19:15,5,2,2,1,3,94033,M,"48,8525400","2,4652600",94
202000004670,20,11,25,13:00,1,2,1,1,6,94011,M,"48,7665000","2,4899000",94
202000004671,20,11,25,22:30,5,2,1,1,3,93066,M,"48,9253000","2,3421100",93
202000004672,20,11,27,10:41,1,2,2,1,3,93077,M,"48,8974200","2,5028500",93
202000004673,20,11,26,17:30,5,2,2,1,3,93032,M,"48,8894200","2,5483800",93
202000004674,20,11,27,17:10,2,2,3,1,3,93079,M,"48,9502259","2,3406438",93
202000004675,20,11,27,12:40,1,2,2,1,3,93027,M,"48,9291700","2,3965800",93
202000004676,20,11,27,06:50,5,2,9,1,2,93047,M,"48,9028900","2,5619300",93
202000004677,20,11,27,12:20,1,2,1,1,6,92033,M,"48,8383055","2,1836573",92
202000004678,20,11,27,17:10,3,2,1,1,7,92040,M,"48,8251350","2,2619410",92
202000004679,20,11,27,18:15,5,2,1,1,-1,92019,M,"48,7647537","2,2655131",92
202000004680,20,11,25,18:35,3,2,9,1,3,92012,M,"48,8398900","2,2378400",92
202000004681,20,11,25,15:05,1,2,9,1,6,92012,M,"48,8350125","2,2476033",92
202000004682,20,11,27,16:00,1,1,1,1,1,08145,M,"49,6429010","5,0506210",08
202000004683,20,11,27,19:15,3,1,1,2,1,34089,M,"43,3666660","3,0064720",34
202000004684,20,11,22,18:25,3,1,1,1,1,17310,M,"45,5801810"," -0,7418670",17
202000004685,20,11,28,23:40,3,2,1,1,6,97404,R," -21,2580460","55,3305660",974
202000004686,20,11,28,13:00,1,1,1,8,6,67489,M,"48,7004050","7,3507660",67
202000004687,20,11,27,01:15,3,2,1,1,7,51559,M,"49,1300126","4,5351922",51
202000004688,20,11,27,16:40,1,1,1,1,2,36200,M,"46,6151340","1,5367980",36
202000004689,20,11,27,20:39,3,1,1,1,2,51323,M,"48,7229300","3,8062058",51
202000004690,20,11,27,17:50,3,1,1,1,6,67040,M,"48,2829290","7,6362920",67
202000004691,20,11,28,14:55,1,1,1,1,7,76255,M,"50,0600800","1,4185450",76
202000004692,20,11,10,18:15,3,1,1,1,6,61100,M,"48,7142350","0,6193650",61
202000004693,20,11,28,13:15,1,2,2,1,5,61211,M,"48,4868640"," -0,5803120",61
202000004694,20,11,28,15:27,1,1,3,7,3,46307,M,"44,4986940","1,0481160",46
202000004695,20,11,27,12:30,1,1,1,1,1,46136,M,"44,5116240","1,2568510",46
202000004696,20,11,1,21:15,3,1,1,1,1,39013,M,"46,8981790","5,7843450",39
202000004697,20,11,28,09:30,1,2,2,1,6,29105,M,"48,5048180"," -4,0901230",29
202000004698,20,11,27,19:25,3,1,1,2,7,29056,M,"48,4445750"," -4,2965980",29
202000004699,20,11,28,13:10,1,1,1,1,7,03040,M,"46,5250656","3,2886446",03
202000004700,20,11,27,09:45,1,1,3,1,3,15142,M,"44,9285920","2,9980440",15
202000004701,20,11,25,14:30,1,2,3,1,1,26005,M,"44,4992260","4,7863810",26
202000004702,20,11,28,07:30,1,2,6,1,3,26166,M,"44,7493930","4,8188350",26
202000004703,20,10,9,16:00,1,2,9,1,1,06079,M,"43,5513050","6,9377370",06
202000004704,20,11,27,21:30,3,1,1,5,6,50425,M,"49,5244530"," -1,6407880",50
202000004705,20,11,28,15:50,1,1,1,1,7,83084,M,"43,6664130","6,0564280",83
202000004706,20,11,28,09:00,1,2,4,1,3,60292,M,"49,5697790","2,7989510",60
202000004707,20,11,27,19:00,3,1,1,1,1,64495,M,"43,3835930"," -1,5654660",64
202000004708,20,11,28,15:00,1,1,1,1,6,64086,M,"43,4061673"," -1,2660563",64
202000004709,20,11,27,12:22,1,2,1,1,6,21003,M,"47,3689470","5,0229940",21
202000004710,20,11,28,16:40,1,1,1,1,2,24067,M,"44,9070080","0,9435150",24
202000004711,20,11,28,03:30,3,1,1,5,7,28259,M,"48,2403490","1,4275040",28
202000004712,20,11,28,07:30,1,1,1,1,1,98734,P," -17,7233790"," -149,5057300",987
202000004713,20,11,28,10:45,1,2,6,8,3,67152,M,"48,5167390","7,6543330",67
202000004714,20,11,28,15:06,1,2,1,1,3,74010,M,"45,8843170","6,0994510",74
202000004715,20,11,28,17:10,3,1,1,1,7,51015,M,"49,0751065","4,8460074",51
202000004716,20,11,28,10:50,1,1,1,1,2,97415,R," -21,0447530","55,2298700",974
202000004717,20,11,28,19:30,3,1,1,1,-1,97408,R," -20,9389010","55,3299330",974
202000004718,20,11,28,08:15,1,2,1,1,6,91338,M,"48,6422250","2,0882180",91
202000004719,20,11,27,16:20,1,2,1,1,6,08328,M,"49,8132340","4,7439440",08
202000004720,20,11,26,07:15,2,1,1,9,1,88251,M,"48,3219460","6,7673850",88
202000004721,20,11,28,11:50,1,2,6,1,3,01043,M,"45,8332730","4,9932860",01
202000004722,20,11,27,22:00,3,1,1,1,7,33417,M,"44,9487800"," -0,9056370",33
202000004723,20,11,28,12:20,1,1,3,7,3,85189,M,"46,7683500"," -1,8740300",85
202000004724,20,11,27,07:30,3,1,6,1,6,14228,M,"49,2755150"," -0,3783950",14
202000004725,20,11,28,15:10,1,1,1,1,6,60395,M,"49,2515320","2,1170140",60
202000004726,20,11,27,17:00,3,1,1,1,4,13215,M,"43,3687056","5,3608211",13
202000004727,20,11,27,02:50,3,1,9,1,6,13071,M,"43,4065100","5,3306700",13
202000004728,20,11,25,10:27,1,1,1,8,2,13071,M,"43,4035900","5,2986900",13
202000004729,20,11,25,20:20,3,1,1,1,6,83027,M,"43,1645020","5,7669980",83
202000004730,20,11,26,18:45,5,1,1,1,2,69081,M,"45,7826000","4,7825000",69
202000004731,20,11,16,15:55,1,1,1,1,3,69009,M,"45,9427600","4,7197600",69
202000004732,20,11,27,20:55,5,1,1,1,2,33397,M,"44,9226400"," -0,4741900",33
202000004733,20,11,27,16:15,1,1,1,1,4,33013,M,"44,8479700"," -0,5030300",33
202000004734,20,11,25,09:10,1,1,1,1,5,33192,M,"44,7894400"," -0,6194100",33
202000004735,20,11,24,13:20,1,1,1,1,4,33192,M,"44,7899200"," -0,6063700",33
202000004736,20,11,27,10:41,1,1,1,1,7,92050,M,"48,8979361","2,2180957",92
202000004737,20,11,26,13:00,1,1,1,1,4,93066,M,"48,9217313","2,3573491",93
202000004738,20,11,26,08:10,2,1,1,1,2,93027,M,"48,9278605","2,4095752",93
202000004739,20,11,26,18:10,5,2,9,1,5,97302,G,"4,9292157"," -52,3024750",973
202000004740,20,11,26,17:20,1,1,1,1,2,97302,G,"4,9267786"," -52,3289108",973
202000004741,20,11,25,23:45,5,2,1,1,1,97302,G,"4,9227100"," -52,3235000",973
202000004742,20,11,25,11:40,1,2,1,1,2,69259,M,"45,7149400","4,9060400",69
202000004743,20,11,25,10:55,1,2,1,1,1,97209,A,"14,6331956"," -61,0359192",972
202000004744,20,11,25,12:15,1,2,1,1,6,69149,M,"45,7197733","4,8000587",69
202000004745,20,11,26,16:45,2,2,1,1,5,2B033,M,"42,6876600","9,4468900",2B
202000004746,20,11,26,09:19,1,1,1,1,2,97101,A,"16,2540600"," -61,5378500",971
202000004747,20,11,26,10:15,1,2,6,1,2,95585,M,"48,9826086","2,3704778",95
202000004748,20,11,24,14:50,1,2,3,1,1,91425,M,"48,6300700","2,2794100",91
202000004749,20,11,20,07:33,5,1,9,1,3,91339,M,"48,6288100","2,2627600",91
202000004750,20,11,19,10:20,1,2,1,1,3,91103,M,"48,6030100","2,3095900",91
202000004751,20,11,26,09:20,1,2,1,1,3,91161,M,"48,7001000","2,3075000",91
202000004752,20,11,21,14:33,1,2,3,1,3,91228,M,"48,6277100","2,4470300",91
202000004753,20,11,26,10:20,1,2,6,1,3,82121,M,"44,0342680","1,3533350",82
202000004754,20,11,17,10:30,1,2,3,1,2,78311,M,"48,9198620","2,1915750",78
202000004755,20,11,26,13:55,1,2,2,1,3,78440,M,"48,9935160","1,9015540",78
202000004756,20,11,26,08:40,1,2,1,5,-1,78638,M,"49,0092070","1,9563480",78
202000004757,20,11,22,16:25,1,2,6,1,1,77131,M,"48,7968460","3,0740580",77
202000004758,20,11,25,07:30,5,2,1,1,6,71270,M,"46,3182270","4,8329721",71
202000004759,20,11,25,18:00,5,2,2,1,6,69290,M,"45,6941752","4,9462209",69
202000004760,20,11,26,09:00,1,2,1,2,6,66136,M,"42,6869000","2,9064600",66
202000004761,20,11,24,19:40,5,2,1,1,3,66136,M,"42,6997000","2,8893500",66
202000004762,20,11,25,21:00,5,2,1,1,1,64024,M,"43,4827183"," -1,5029280",64
202000004763,20,11,26,21:00,5,2,1,1,6,62160,M,"50,7269200","1,6096900",62
202000004764,20,11,21,19:45,5,2,9,1,3,62764,M,"50,3049220","2,7904250",62
202000004765,20,11,26,02:10,5,1,1,1,6,59324,M,"50,3060800","4,0878800",59
202000004766,20,11,26,18:35,5,2,3,1,3,59378,M,"50,6662000","3,1034500",59
202000004767,20,11,24,17:35,5,2,2,1,3,56121,M,"47,7575400"," -3,3715700",56
202000004768,20,11,25,17:20,5,2,6,1,3,54304,M,"48,6946000","6,1378000",54
202000004769,20,11,26,09:10,1,2,1,1,2,51454,M,"49,2208932","4,0220267",51
202000004770,20,11,26,09:25,1,2,1,1,4,51573,M,"49,2538448","4,0112169",51
202000004771,20,11,25,05:12,3,1,1,2,-1,44055,M,"47,3008800"," -2,3031200",44
202000004772,20,11,19,14:20,1,2,1,1,7,44069,M,"47,2935600"," -2,3917600",44
202000004773,20,11,26,13:55,1,2,6,1,3,38151,M,"45,1599000","5,7210000",38
202000004774,20,11,26,16:41,1,2,3,1,7,37214,M,"47,4324680","0,6416967",37
202000004775,20,11,26,13:16,1,2,2,1,3,37261,M,"47,3975081","0,6994522",37
202000004776,20,11,6,18:40,5,1,1,1,6,36063,M,"46,8200100","1,7374000",36
202000004777,20,11,26,07:05,5,2,1,2,6,34172,M,"43,6166100","3,8741000",34
202000004778,20,11,26,10:30,1,2,9,1,6,31555,M,"43,5884000","1,4762700",31
202000004779,20,11,26,12:00,1,2,4,1,2,30028,M,"44,1638400","4,6176100",30
202000004780,20,11,25,19:25,3,1,2,2,2,29039,M,"47,8812200"," -3,9095800",29
202000004781,20,11,21,10:35,1,1,1,5,1,24037,M,"44,8744000","0,4552100",24
202000004782,20,11,13,13:50,1,2,6,1,6,22278,M,"48,4976300"," -2,7517900",22
202000004783,20,11,26,15:45,1,2,1,1,3,18279,M,"47,2387600","2,0900900",18
202000004784,20,11,26,08:00,2,2,9,1,3,18279,M,"47,2282000","2,0612500",18
202000004785,20,11,26,16:55,1,2,2,1,6,17300,M,"46,1597500"," -1,1658000",17
202000004786,20,11,26,08:55,1,1,1,5,7,14701,M,"49,3285300","0,0626100",14
202000004787,20,11,12,16:15,1,2,2,1,3,14117,M,"49,2893200"," -0,1130700",14
202000004788,20,11,26,11:15,1,2,1,1,6,13213,M,"43,3254370","5,4295250",13
202000004789,20,11,26,09:20,1,2,1,1,3,13208,M,"43,2458700","5,3906400",13
202000004790,20,11,25,20:15,5,2,1,1,3,13215,M,"43,3603100","5,3638800",13
202000004791,20,11,25,20:00,5,2,3,1,3,13205,M,"43,2939660","5,3957860",13
202000004792,20,11,25,19:30,5,2,3,1,3,13201,M,"43,2983340","5,3832130",13
202000004793,20,11,25,08:10,1,2,1,1,2,13205,M,"43,2971820","5,3678630",13
202000004794,20,11,24,18:50,5,2,2,1,-1,13202,M,"43,3053200","5,3694200",13
202000004795,20,11,25,19:20,5,2,2,1,3,13001,M,"43,5240300","5,4333900",13
202000004796,20,11,24,16:35,1,2,6,1,2,12202,M,"44,3567600","2,5809200",12
202000004797,20,5,15,02:44,3,1,1,1,6,25623,M,"47,2177170","6,4221100",25
202000004798,20,5,20,03:20,3,1,1,1,6,31034,M,"43,1721340","0,8977570",31
202000004799,20,5,19,19:00,1,1,9,6,3,26099,M,"44,3841820","4,8968300",26
202000004800,20,5,19,16:15,1,2,1,1,3,58095,M,"46,8181530","3,4506940",58
202000004801,20,5,19,22:00,3,1,1,1,7,72190,M,"47,9097840","0,7628630",72
202000004802,20,5,20,13:15,1,1,1,7,6,06071,M,"44,0445990","6,8412210",06
202000004803,20,5,20,07:05,1,1,1,1,3,06132,M,"43,9816820","7,5455970",06
202000004804,20,5,20,17:00,1,1,1,1,5,50178,M,"49,6792420"," -1,4690440",50
202000004805,20,5,13,16:30,1,1,1,1,6,50484,M,"48,5458010"," -1,2024930",50
202000004806,20,5,19,15:55,1,1,1,1,7,45146,M,"47,7414590","1,9515860",45
202000004807,20,5,17,19:45,1,1,1,1,7,21127,M,"47,4619750","5,0852110",21
202000004808,20,5,20,12:50,1,2,2,1,1,40284,M,"43,6602890"," -1,3011480",40
202000004809,20,5,20,02:45,5,2,1,1,7,27045,M,"49,3376910","1,7670170",27
202000004810,20,5,20,12:00,1,1,3,7,2,27383,M,"48,7441130","0,8427930",27
202000004811,20,5,18,18:40,1,1,1,1,6,87034,M,"45,7296640","0,9445550",87
202000004812,20,5,19,19:45,1,2,1,1,7,37179,M,"47,4345785","0,7375297",37
202000004813,20,5,19,18:30,1,2,1,1,6,48178,M,"44,2780620","3,8338850",48
202000004814,20,5,20,01:00,4,2,1,1,6,52194,M,"48,5822680","5,0453690",52
202000004815,20,5,19,18:35,1,2,1,1,2,52250,M,"48,4477990","5,1419500",52
202000004816,20,5,19,16:20,1,1,1,1,7,52092,M,"47,6713620","5,1396490",52
202000004817,20,5,12,16:25,1,2,2,1,3,34337,M,"43,5277470","3,8558580",34
202000004818,20,5,12,15:58,1,1,1,1,2,86100,M,"46,5490140","0,2895070",86
202000004819,20,5,20,09:30,1,1,2,1,3,13051,M,"43,5921590","5,2542030",13
202000004820,20,5,19,18:29,1,1,1,1,1,78128,M,"48,6755650","1,9641660",78
202000004821,20,5,19,16:30,1,2,1,2,6,83112,M,"43,1815230","5,7029720",83
202000004822,20,5,20,16:20,1,1,1,1,2,39344,M,"46,7289510","5,8336990",39
202000004823,20,5,19,10:20,1,2,1,1,6,25284,M,"47,5260070","6,8273110",25
202000004824,20,5,20,07:21,1,1,1,1,6,71268,M,"46,4000116","4,2248356",71
202000004825,20,5,14,17:10,1,2,3,1,3,68294,M,"48,2669970","7,2031430",68
202000004826,20,5,20,07:35,1,1,3,1,3,74038,M,"46,1946150","6,4384550",74
202000004827,20,5,19,19:10,1,1,1,1,2,69136,M,"45,6463700","4,7463190",69
202000004828,20,5,20,15:50,1,2,1,1,3,81225,M,"43,9100940","1,9834020",81
202000004829,20,5,20,03:30,3,1,1,1,3,14762,M,"48,8358130"," -0,8627000",14
202000004830,20,5,20,12:30,1,1,1,7,6,35047,M,"48,0395270"," -1,7264860",35
202000004831,20,5,20,07:30,1,1,9,1,3,02555,M,"48,9568899","3,3295105",02
202000004832,20,5,20,17:45,1,1,2,1,3,62810,M,"50,3556209","2,7894175",62
202000004833,20,5,19,16:20,1,1,1,1,2,13211,M,"43,2919500","5,4528200",13
202000004834,20,5,19,10:00,1,1,1,1,3,13056,M,"43,3937940","5,0549120",13
202000004835,20,5,19,16:15,1,1,1,1,2,69290,M,"45,6905610","4,9658736",69
202000004836,20,5,19,02:55,3,1,1,1,6,69091,M,"45,5900054","4,7718612",69
202000004837,20,5,16,17:35,1,1,1,1,3,62771,M,"50,4320670","2,8561230",62
202000004838,20,5,19,15:00,1,1,9,1,4,91339,M,"48,6262200","2,2611300",91
202000004839,20,5,19,08:35,1,1,1,1,3,91689,M,"48,7288300","2,3142400",91
202000004840,20,5,19,07:50,1,1,1,1,3,91363,M,"48,6367700","2,2070600",91
202000004841,20,5,19,06:55,1,1,1,1,7,91179,M,"48,5507100","2,4942400",91
202000004842,20,5,19,18:27,1,1,1,1,5,95018,M,"48,9532100","2,2794500",95
202000004843,20,5,19,09:30,1,1,1,1,6,95607,M,"49,0262800","2,2062900",95
202000004844,20,5,18,16:00,1,1,1,1,2,93064,M,"48,8612500","2,4838300",93
202000004845,20,5,17,23:30,3,1,1,1,2,95018,M,"48,9614100","2,2689900",95
202000004846,20,5,17,16:45,1,1,1,1,2,95572,M,"49,0495800","2,1407600",95
202000004847,20,5,17,09:20,1,1,1,1,2,92036,M,"48,9466000","2,2826400",92
202000004848,20,5,16,08:10,1,1,1,1,3,93007,M,"48,9430000","2,4777600",93
202000004849,20,5,19,20:00,1,1,1,1,2,94018,M,"48,8254583","2,3926834",94
202000004850,20,5,19,16:30,1,1,1,1,3,94022,M,"48,7766211","2,4180461",94
202000004851,20,2,25,17:20,1,2,1,2,6,91549,M,"48,6318760","2,3336570",91
202000004852,20,2,23,13:05,1,2,1,2,3,80021,M,"49,9269700","2,2856000",80
202000004853,20,3,5,18:45,5,2,3,2,6,73065,M,"45,5658597","5,9161748",73
202000004854,20,1,17,17:40,5,2,1,3,6,05061,M,"44,5658100","6,0869600",05
202000004855,20,3,13,16:50,1,2,9,1,3,93077,M,"48,8952020","2,5006325",93
202000004856,20,5,17,18:20,3,1,1,1,-1,97416,R," -21,3127800","55,4966400",974
202000004857,20,5,19,00:20,5,2,2,1,5,69387,M,"45,7267700","4,8269300",69
202000004858,20,5,18,04:40,5,1,9,1,6,97213,A,"14,6380000"," -60,9917000",972
202000004859,20,5,15,15:38,1,2,1,1,6,95018,M,"48,9406650","2,2344840",95
202000004860,20,5,16,17:25,1,2,1,1,3,91377,M,"48,7298900","2,2747700",91
202000004861,20,5,18,16:25,1,2,1,1,1,91174,M,"48,6226700","2,4725200",91
202000004862,20,5,14,02:33,4,2,1,1,3,91339,M,"48,6227500","2,2605200",91
202000004863,20,5,13,14:59,1,2,6,1,3,91103,M,"48,5873400","2,3068500",91
202000004864,20,5,15,16:31,1,2,1,1,6,87048,M,"45,8056700","1,2399800",87
202000004865,20,5,16,15:40,1,2,3,1,6,87085,M,"45,8285700","1,2561700",87
202000004866,20,5,16,18:51,1,2,1,1,6,87085,M,"45,8599900","1,2569300",87
202000004867,20,3,10,10:40,1,2,6,1,3,83118,M,"43,4300000","6,7982000",83
202000004868,20,5,18,19:34,1,2,1,1,1,81004,M,"43,9548300","2,1154000",81
202000004869,20,5,15,19:50,1,2,2,1,3,80021,M,"49,9136200","2,3026500",80
202000004870,20,5,14,16:30,1,2,1,1,3,80021,M,"49,8923800","2,3125100",80
202000004871,20,5,18,14:45,1,1,4,1,3,77307,M,"48,8712000","2,7293200",77
202000004872,20,5,14,18:50,1,2,1,1,7,76640,M,"49,2711400","1,0477300",76
202000004873,20,5,17,19:35,2,2,1,1,7,76305,M,"49,5095700","0,2332000",76
202000004874,20,4,24,13:21,1,2,1,1,3,76217,M,"49,9127800","1,0829600",76
202000004875,20,5,17,19:50,1,2,1,1,1,73222,M,"45,5732280","5,9567670",73
202000004876,20,5,18,17:50,1,2,2,1,3,72181,M,"48,0068900","0,1915800",72
202000004877,20,5,17,14:36,1,2,3,1,3,66136,M,"42,6878800","2,8984300",66
202000004878,20,5,17,10:16,1,2,1,1,6,63113,M,"45,7814361","3,0744987",63
202000004879,20,5,15,21:46,2,2,1,1,3,63113,M,"45,7644000","3,1275800",63
202000004880,20,4,25,21:00,5,2,1,1,7,62510,M,"50,4320581","2,7633673",62
202000004881,20,5,18,00:20,3,1,1,1,6,61117,M,"48,4414620","0,0117340",61
202000004882,20,5,17,08:37,1,2,2,1,3,56083,M,"47,8056000"," -3,2772600",56
202000004883,20,5,17,17:59,1,2,1,1,3,49007,M,"47,4593100"," -0,6147200",49
202000004884,20,5,16,15:38,1,2,1,1,7,49007,M,"47,4748800"," -0,5852100",49
202000004885,20,5,18,20:20,1,2,3,1,2,45234,M,"47,8768600","1,9117800",45
202000004886,20,5,18,19:30,1,2,5,1,3,44109,M,"47,1978200"," -1,5423200",44
202000004887,20,5,18,21:25,1,2,9,1,2,35206,M,"48,0804294"," -1,6796804",35
202000004888,20,5,18,08:05,2,2,6,7,-1,35278,M,"48,1634130"," -1,6760060",35
202000004889,20,5,16,14:05,1,2,4,1,3,31555,M,"43,6360420","1,4440370",31
202000004890,20,5,14,08:10,1,2,3,7,6,27229,M,"49,0200410","1,1595907",27