Num_Acc,an,mois,jour,hrmn,lum,agg,int,atm,col,com,gps,lat,long,dep
202000004891,20,5,18,15:20,1,2,1,1,3,13209,M,"43,2462100","5,4457300",13
202000004892,20,5,18,13:45,1,2,1,1,3,13208,M,"43,2649680","5,3733830",13
202000004893,20,5,18,07:45,1,2,6,1,3,13206,M,"43,2857400","5,3835700",13
202000004894,20,5,17,21:40,5,2,3,2,3,13210,M,"43,2759290","5,4174490",13
202000004895,20,5,17,17:15,1,2,4,1,3,75118,M,"48,9008980","2,3557390",75
202000004896,20,5,18,14:53,1,2,2,1,6,75111,M,"48,8640380","2,3859720",75
202000004897,20,5,17,00:30,5,2,2,1,3,75120,M,"48,8477970","2,4063660",75
202000004898,20,5,16,18:45,1,2,2,1,3,75106,M,"48,8513510","2,3268690",75
202000004899,20,5,18,22:52,5,2,1,1,6,75105,M,"48,8419910","2,3590900",75
202000004900,20,5,18,20:20,1,2,3,1,6,75120,M,"48,8490620","2,4112510",75
202000004901,20,5,17,23:25,5,2,1,1,3,75120,M,"48,8684220","2,3886240",75
202000004902,20,5,18,20:00,1,2,1,1,3,75116,M,"48,8583090","2,2716140",75
202000004903,20,5,18,12:20,1,2,2,1,6,75113,M,"48,8272780","2,3685180",75
202000004904,20,5,17,20:50,2,2,2,1,2,75113,M,"48,8284740","2,3729450",75
202000004905,20,5,18,17:55,1,2,2,1,3,75109,M,"48,8723780","2,3374130",75
202000004906,20,5,18,01:00,5,2,3,1,3,75107,M,"48,8574950","2,2910260",75
202000004907,20,5,18,09:15,1,2,2,1,1,75102,M,"48,8689220","2,3540410",75
202000004908,20,5,17,20:20,2,2,2,1,2,75101,M,"48,8652830","2,3430860",75
202000004909,20,5,18,18:25,1,2,1,1,6,94046,M,"48,8094001","2,4340081",94
202000004910,20,5,17,21:40,5,2,9,1,6,94028,M,"48,7687461","2,4643793",94
202000004911,20,5,18,19:45,1,2,9,1,6,94067,M,"48,8388090","2,4144700",94
202000004912,20,5,18,15:00,1,2,3,7,3,94002,M,"48,7963190","2,4289211",94
202000004913,20,5,18,10:40,1,2,1,1,6,93066,M,"48,9355000","2,3682900",93
202000004914,20,5,18,16:10,1,2,1,1,6,93077,M,"48,8740000","2,5294000",93
202000004915,20,5,18,19:15,1,2,1,1,1,93048,M,"48,8704000","2,4670000",93
202000004916,20,5,17,18:40,1,2,1,1,3,93006,M,"48,8584000","2,4171000",93
202000004917,20,5,18,19:05,1,2,1,1,6,93005,M,"48,9476400","2,4915300",93
202000004918,20,5,17,13:00,1,2,1,1,3,93005,M,"48,9479200","2,5020700",93
202000004919,20,5,17,18:50,1,2,1,1,3,92063,M,"48,8668778","2,2006271",92
202000004920,20,5,17,22:20,1,2,2,1,-1,92025,M,"48,9311600","2,2443460",92
202000004921,20,5,18,20:10,1,2,3,1,6,92007,M,"48,7885670","2,3011530",92
202000004922,20,5,18,11:00,1,1,1,1,6,41271,M,"47,4713860","1,6966580",41
202000004923,20,5,19,07:30,1,1,1,1,3,49127,M,"47,6484300"," -0,2673200",49
202000004924,20,5,19,05:50,1,1,1,1,1,97222,A,"14,6694350"," -60,9603880",972
202000004925,20,5,18,09:20,1,2,1,1,2,97207,A,"14,5746070"," -60,9664660",972
202000004926,20,5,19,13:56,1,1,3,1,1,67173,M,"48,6346070","7,6756990",67
202000004927,20,5,18,21:30,5,2,1,1,1,06095,M,"43,6407220","6,8777440",06
202000004928,20,5,7,19:30,1,1,1,1,1,50363,M,"48,9618770"," -1,1236100",50
202000004929,20,5,19,08:30,1,1,1,1,7,51282,M,"49,2573510","3,9103660",51
202000004930,20,5,19,08:15,1,1,1,7,2,77355,M,"48,4860140","3,2094350",77
202000004931,20,5,18,16:25,1,1,3,1,1,65366,M,"43,1284550"," -0,0791440",65
202000004932,20,5,18,19:20,2,1,1,1,6,11351,M,"43,0823860","2,6907510",11
202000004933,20,5,18,20:45,1,1,1,1,6,61483,M,"48,5611730"," -0,4334020",61
202000004934,20,5,19,10:30,1,1,1,1,7,12102,M,"44,3125180","2,6889900",12
202000004935,20,5,17,15:05,1,1,1,1,3,42027,M,"45,9207240","3,9933160",42
202000004936,20,5,18,18:30,1,2,1,1,3,41106,M,"47,6080190","2,0262180",41
202000004937,20,5,18,17:05,1,2,1,1,7,29212,M,"48,3611790"," -4,5573550",29
202000004938,20,5,17,11:10,1,2,1,1,3,29135,M,"47,8330330"," -4,1686250",29
202000004939,20,5,18,12:15,1,1,1,1,7,31160,M,"43,7080280","1,2443730",31
202000004940,20,5,18,18:20,1,1,1,1,1,84002,M,"43,7424140","5,5108670",84
202000004941,20,5,17,09:05,1,2,6,1,6,01034,M,"45,7557570","5,6838050",01
202000004942,20,5,18,18:05,1,1,1,7,1,70284,M,"47,8254380","6,2918450",70
202000004943,20,5,17,21:30,3,1,1,1,6,70258,M,"47,8367670","6,4392970",70
202000004944,20,5,19,08:10,1,1,1,1,6,58210,M,"47,1433500","3,9608610",58
202000004945,20,5,18,18:20,1,2,1,1,6,72029,M,"48,2241620","0,1299580",72
202000004946,20,5,19,19:45,1,2,1,1,6,90009,M,"47,4928220","6,9242920",90
202000004947,20,5,18,13:30,1,2,1,1,7,60509,M,"49,2919200","2,6084483",60
202000004948,20,5,19,09:20,1,1,1,1,3,60655,M,"49,5605497","3,0919430",60
202000004949,20,5,7,10:10,1,2,1,1,6,45067,M,"47,8819110","1,7702310",45
202000004950,20,5,19,12:00,1,1,1,1,2,73043,M,"45,7496697","5,9262892",73
202000004951,20,5,18,12:45,1,1,1,1,1,16004,M,"45,4471780","0,1386700",16
202000004952,20,5,18,19:00,1,2,1,1,6,53084,M,"47,8508980"," -0,9587290",53
202000004953,20,5,19,07:45,1,1,2,1,3,87103,M,"46,0177700","1,1636480",87
202000004954,20,5,19,18:20,1,2,4,1,3,52099,M,"48,6113540","5,0466820",52
202000004955,20,5,18,09:15,1,1,1,1,4,33199,M,"44,6146100"," -1,0916600",33
202000004956,20,5,19,13:30,1,2,3,1,3,69043,M,"45,7099270","4,7445513",69
202000004957,20,5,19,16:43,1,1,1,1,6,97408,R," -20,9117150","55,3522000",974
202000004958,20,5,19,00:01,3,1,1,1,7,18124,M,"47,0456510","2,0838400",18
202000004959,20,5,19,16:55,1,1,2,7,3,77274,M,"49,0330970","2,8966460",77
202000004960,20,5,19,17:30,1,2,2,1,1,77473,M,"48,2759390","2,8091310",77
202000004961,20,5,19,17:13,1,2,1,1,6,95429,M,"49,1724280","1,6809000",95
202000004962,20,5,18,14:40,1,1,6,7,3,91332,M,"48,5625210","2,3208690",91
202000004963,20,5,17,18:50,1,1,3,1,6,2A114,M,"41,5045360","9,1410220",2A
202000004964,20,5,12,19:20,1,2,1,1,3,34057,M,"43,6332030","3,9169770",34
202000004965,20,5,18,19:10,1,1,1,2,7,04148,M,"43,7973940","6,6316280",04
202000004966,20,5,17,15:45,1,1,1,1,7,10365,M,"48,6525600","4,0095810",10
202000004967,20,5,17,15:30,1,1,1,1,-1,68185,M,"48,2670270","7,2913170",68
202000004968,20,5,19,09:40,1,1,1,1,-1,03113,M,"46,0228949","3,6428352",03
202000004969,20,5,16,19:15,1,2,1,1,3,69272,M,"45,6059840","4,8285560",69
202000004970,20,5,18,21:30,3,1,1,1,5,81117,M,"43,8010840","2,0409040",81
202000004971,20,5,19,17:10,1,1,1,1,2,60369,M,"49,3249540","2,7048900",60
202000004972,20,5,18,09:45,1,1,1,1,3,13106,M,"43,4044000","5,3588000",13
202000004973,20,5,18,15:55,1,1,1,1,2,33281,M,"44,8408800"," -0,6742700",33
202000004974,20,5,17,21:00,2,1,1,1,3,92051,M,"48,8839000","2,2634000",92
202000004975,20,5,16,20:35,1,1,1,1,2,78217,M,"48,9657520","1,8132650",78
202000004976,20,5,17,04:20,3,1,1,1,6,93010,M,"48,9041200","2,4721700",93
202000004977,20,5,17,20:45,2,1,1,1,6,95277,M,"48,9709500","2,4830400",95
202000004978,20,5,16,19:44,1,1,1,1,3,93064,M,"48,8767600","2,4776500",93
202000004979,20,5,16,17:30,1,1,1,1,6,95572,M,"49,0484600","2,1345100",95
202000004980,20,5,15,15:30,1,1,1,1,3,93066,M,"48,9299100","2,3641900",93
202000004981,20,5,18,07:55,1,1,1,1,3,77294,M,"48,9612862","2,6181123",77
202000004982,20,2,25,15:25,1,2,1,1,6,26362,M,"44,9390900","4,9142700",26
202000004983,20,5,17,12:35,1,2,1,1,6,69387,M,"45,7498002","4,8549352",69
202000004984,20,5,17,00:50,5,2,2,1,3,69386,M,"45,7602100","4,8457000",69
202000004985,20,5,17,11:20,1,1,1,1,1,97213,A,"14,6309100"," -61,0042900",972
202000004986,20,5,17,18:15,1,2,2,1,3,69382,M,"45,7337379","4,8191336",69
202000004987,20,5,17,19:25,2,2,1,1,6,2A004,M,"41,9289975","8,7401548",2A
202000004988,20,5,17,02:08,5,2,1,1,6,95018,M,"48,9662980","2,2436600",95
202000004989,20,5,17,18:55,1,2,6,1,3,91114,M,"48,6947000","2,5024000",91
202000004990,20,5,17,05:00,5,2,2,1,3,86027,M,"46,5787710","0,3149417",86
202000004991,20,5,17,17:35,1,2,1,1,3,83137,M,"43,1247510","5,9333350",83
202000004992,20,3,4,08:00,2,1,1,1,6,13212,M,"43,3058184","5,4488862",13
202000004993,20,3,4,07:20,1,2,1,1,3,13214,M,"43,3267090","5,3877010",13
202000004994,20,1,11,21:50,5,2,6,1,7,13047,M,"43,4900369","4,9871874",13
202000004995,20,4,1,08:05,1,2,1,1,6,12202,M,"44,3564380","2,5846940",12
202000004996,20,3,4,13:00,1,2,1,1,2,06088,M,"43,7412000","7,3089000",06
202000004997,20,3,4,14:15,1,1,9,1,2,06069,M,"43,6401660","6,9791200",06
202000004998,20,3,4,14:25,1,2,1,1,3,06123,M,"43,6599800","7,1887500",06
202000004999,20,3,3,13:55,1,2,3,1,6,06027,M,"43,6615300","7,1501400",06
202000005000,20,3,4,16:50,1,1,2,1,3,03140,M,"46,3068442","2,6173322",03
202000005001,20,3,4,13:45,1,2,1,1,6,01053,M,"46,2097300","5,2320100",01
202000005002,20,3,4,15:10,1,2,1,1,7,75116,M,"48,8572460","2,2584890",75
202000005003,20,2,26,18:25,2,2,4,8,4,75116,M,"48,8439530","2,2548950",75
202000005004,20,3,4,19:35,5,2,3,2,6,75117,M,"48,8880350","2,3246180",75
202000005005,20,2,27,14:00,1,2,1,6,6,75116,M,"48,8454620","2,2536630",75
202000005006,20,3,4,10:00,1,2,2,1,3,75116,M,"48,8471306","2,2744113",75
202000005007,20,3,4,09:00,1,2,2,1,3,75116,M,"48,8573510","2,2646690",75
202000005008,20,2,28,21:00,5,2,2,1,3,75116,M,"48,8749260","2,2711070",75
202000005009,20,3,4,15:55,1,2,3,8,6,75115,M,"48,8446665","2,2905019",75
202000005010,20,3,4,09:50,1,2,2,1,3,75115,M,"48,8336510","2,2764530",75
202000005011,20,3,4,16:20,1,2,7,2,4,75113,M,"48,8164020","2,3600840",75
202000005012,20,3,4,09:45,1,2,4,1,6,75113,M,"48,8317430","2,3443870",75
202000005013,20,3,4,19:00,5,2,3,2,3,75111,M,"48,8606830","2,3753000",75
202000005014,20,3,4,09:30,1,2,3,1,2,75110,M,"48,8717020","2,3697640",75
202000005015,20,3,4,19:50,5,2,2,2,6,75108,M,"48,8808500","2,3125490",75
202000005016,20,3,1,20:50,5,2,1,1,6,94076,M,"48,7815720","2,3673410",94
202000005017,20,3,4,02:30,5,2,2,1,6,94041,M,"48,8158290","2,3682860",94
202000005018,20,3,4,03:40,5,2,3,1,3,94002,M,"48,8145000","2,4119000",94
202000005019,20,3,4,08:15,1,2,1,1,3,93064,M,"48,8860637","2,4839383",93
202000005020,20,3,4,13:30,1,2,3,1,1,93051,M,"48,8469900","2,5403432",93
202000005021,20,3,4,12:10,1,2,1,1,6,93049,M,"48,8632000","2,5091000",93
202000005022,20,3,4,12:50,1,2,9,8,6,93050,M,"48,8674500","2,5324000",93
202000005023,20,3,4,14:45,1,2,1,8,6,93048,M,"48,8603600","2,4391900",93
202000005024,20,3,4,13:40,1,2,2,1,3,93048,M,"48,8561355","2,4607153",93
202000005025,20,3,4,19:35,2,2,3,2,6,93029,M,"48,9165215","2,4580022",93
202000005026,20,3,4,09:10,1,2,1,1,1,92073,M,"48,8668763","2,2211429",92
202000005027,20,3,4,17:45,1,2,9,2,3,92025,M,"48,9102450","2,2349680",92
202000005028,20,3,4,04:08,5,2,1,1,7,92012,M,"48,8504715","2,2371393",92
202000005029,20,2,26,22:40,3,1,1,2,2,95529,M,"49,1686710","2,2290870",95
202000005030,20,3,3,21:00,5,2,1,1,6,95205,M,"49,0242790","2,3715860",95
202000005031,20,3,5,06:55,2,1,5,1,3,06161,M,"43,6471410","7,1365160",06
202000005032,20,3,4,10:00,1,2,9,1,6,06161,M,"43,6424280","7,1383930",06
202000005033,20,2,28,06:00,5,2,2,1,6,91665,M,"48,6647280","2,2776570",91
202000005034,20,3,3,17:10,1,2,6,1,2,83019,M,"43,1430230","6,3451190",83
202000005035,20,3,5,07:48,2,1,1,2,5,34095,M,"43,5267710","3,7412790",34
202000005036,20,3,5,07:30,2,2,1,2,2,74105,M,"46,3029330","6,2929020",74
202000005037,20,3,4,23:20,3,1,1,2,6,95682,M,"49,0717050","2,3964090",95
202000005038,20,2,26,17:40,1,1,1,1,1,19262,M,"45,5694870","1,7507530",19
202000005039,20,3,3,18:30,2,2,3,1,6,74236,M,"45,8824500","6,7162780",74
202000005040,20,3,4,18:10,2,1,1,3,5,76367,M,"49,4865280","1,0946740",76
202000005041,20,3,4,17:21,3,1,1,1,6,2B150,M,"42,5717690","8,8308510",2B
202000005042,20,3,5,08:30,1,1,3,1,1,42267,M,"46,1508440","4,1529290",42
202000005043,20,2,28,00:15,3,1,1,1,7,46335,M,"44,4033730","1,2829540",46
202000005044,20,3,4,11:20,1,2,1,1,6,22183,M,"48,1752150"," -2,6024090",22
202000005045,20,3,5,10:25,1,2,6,2,6,31499,M,"43,5115140","1,1894950",31
202000005046,20,3,4,07:00,3,1,1,2,2,31341,M,"43,7182310","1,3058760",31
202000005047,20,3,4,19:30,3,1,1,2,1,02775,M,"49,7263170","3,3476870",02
202000005048,20,3,5,11:44,1,2,1,3,3,03275,M,"46,5394035","3,1856458",03
202000005049,20,3,5,07:15,1,2,3,2,3,70104,M,"47,4264470","5,8389600",70
202000005050,20,3,3,14:45,1,2,9,1,3,26289,M,"44,6964400","5,1910620",26
202000005051,20,3,4,18:20,2,2,3,2,3,14278,M,"49,1690920"," -0,5766960",14
202000005052,20,3,5,04:38,3,1,1,8,7,64199,M,"43,5758360"," -0,1659750",64
202000005053,20,3,5,10:40,1,1,1,2,6,85047,M,"46,8321600"," -1,8166490",85
202000005054,20,3,5,18:45,1,1,2,1,3,30083,M,"43,7211800","4,2251440",30
202000005055,20,3,5,06:20,5,2,1,2,2,08067,M,"49,6256470","5,1783520",08
202000005056,20,3,5,07:11,2,2,1,2,1,33108,M,"44,8570500"," -0,0329300",33
202000005057,20,3,4,17:26,1,1,1,1,2,40261,M,"43,6830960"," -1,2669040",40
202000005058,20,3,5,09:00,1,1,1,2,6,69225,M,"45,8814655","4,4341573",69
202000005059,20,3,5,00:30,3,2,1,1,2,97103,A,"16,2541790"," -61,5661920",971
202000005060,20,3,4,19:10,5,2,1,1,6,98712,P," -17,5429770"," -149,5036460",987
202000005061,20,3,4,20:30,3,1,1,2,2,95008,M,"49,0625910","1,7728760",95
202000005062,20,3,4,07:30,1,2,1,1,-1,06147,M,"43,8058790","7,2686970",06
202000005063,20,3,4,15:10,1,1,1,4,2,08367,M,"49,9515100","4,5248650",08
202000005064,20,3,4,16:45,1,1,1,1,3,69296,M,"45,6330593","4,8217542",69
202000005065,20,3,2,14:55,1,1,1,3,1,69194,M,"45,8339460","4,7934720",69
202000005066,20,3,5,13:40,1,1,1,3,7,81138,M,"43,8221580","2,0450020",81
202000005067,20,3,4,09:30,1,1,1,8,3,76069,M,"49,3863910","1,1277710",76
202000005068,20,3,4,23:10,3,1,1,2,7,76464,M,"49,3528750","1,2634760",76
202000005069,20,3,5,00:50,3,1,1,2,-1,60504,M,"49,3428585","2,2018635",60
202000005070,20,3,4,11:00,1,1,1,1,3,13005,M,"43,2882100","5,5474700",13
202000005071,20,3,4,09:38,1,1,1,1,5,13005,M,"43,2897512","5,5563328",13
202000005072,20,3,4,08:40,1,1,1,1,2,13015,M,"43,4302400","5,3962700",13
202000005073,20,3,2,18:15,1,1,1,1,2,83137,M,"43,1213200","5,9533100",83
202000005074,20,3,3,20:10,3,1,1,1,6,59360,M,"50,6203790","3,0117990",59
202000005075,20,3,4,13:46,1,1,1,1,7,91645,M,"48,7592400","2,2669000",91
202000005076,20,3,4,11:25,1,1,1,1,2,94038,M,"48,7711200","2,3455300",94
202000005077,20,3,4,09:00,1,1,1,1,2,94003,M,"48,8116800","2,3370000",94
202000005078,20,3,4,07:50,1,1,1,1,2,91363,M,"48,6589700","2,1832400",91
202000005079,20,3,4,09:20,1,1,1,1,-1,92036,M,"48,9352235","2,2662619",92
202000005080,20,3,4,08:40,1,1,1,3,5,78043,M,"48,8412970","2,1002820",78
202000005081,20,3,4,07:45,1,1,1,1,3,78524,M,"48,8399500","2,1142800",78
202000005082,20,3,3,20:40,3,1,1,1,2,95203,M,"48,9774000","2,2861300",95
202000005083,20,3,3,18:20,2,1,1,1,4,95582,M,"48,9699400","2,2500100",95
202000005084,20,3,3,13:35,1,1,1,1,7,93064,M,"48,8742600","2,4792100",93
202000005085,20,3,3,13:00,1,1,1,1,3,95604,M,"49,1054800","2,5513100",95
202000005086,20,3,2,11:30,1,1,1,2,3,92078,M,"48,9293205","2,3292719",92
202000005087,20,3,1,19:15,3,1,1,2,6,95277,M,"48,9722800","2,4847600",95
202000005088,20,3,1,12:10,1,1,1,1,7,95394,M,"49,0521400","2,1834000",95
202000005089,20,3,4,06:35,3,1,1,1,6,94033,M,"48,8295000","2,4842000",94
202000005090,20,3,4,02:50,3,1,1,2,6,77146,M,"48,8323230","2,6603650",77
202000005091,20,3,1,22:10,3,1,1,1,6,77337,M,"48,8290275","2,6184630",77
202000005092,20,1,2,12:30,1,2,1,1,7,97113,A,"16,2081900"," -61,4998300",971
202000005093,20,1,2,15:20,1,2,3,1,1,13210,M,"43,2832000","5,4119300",13
202000005094,20,3,3,20:10,5,2,1,1,3,97611,Y," -12,8048500","45,2106000",976
202000005095,20,3,3,12:50,1,2,6,1,2,97416,R," -21,3471700","55,4908500",974
202000005096,20,3,2,06:40,1,1,1,1,3,97416,R," -21,3532000","55,5104700",974
202000005097,20,3,2,19:30,5,1,1,8,6,97411,R," -20,8928000","55,4829000",974
202000005098,20,3,2,08:50,1,2,1,1,5,97407,R," -20,9369420","55,3234900",974
202000005099,20,3,3,18:00,1,2,1,1,3,97302,G,"4,9291089"," -52,2964883",973
202000005100,20,3,3,08:02,1,2,1,1,3,97302,G,"4,9301564"," -52,3045778",973
202000005101,20,3,3,21:00,5,2,2,1,3,69383,M,"45,7621100","4,8518600",69
202000005102,20,3,3,11:00,1,2,1,1,2,69387,M,"45,7480584","4,8473271",69
202000005103,20,3,3,12:00,1,1,2,1,3,69199,M,"45,7115600","4,8443300",69
202000005104,20,3,1,14:42,1,2,1,1,4,69259,M,"45,7111661","4,9016969",69
202000005105,20,3,3,15:00,1,2,1,1,3,97213,A,"14,6125000"," -60,9979000",972
202000005106,20,3,2,20:30,5,1,1,2,3,97213,A,"14,6074400"," -61,0040800",972
202000005107,20,3,3,16:45,1,2,1,1,7,97209,A,"14,6219000"," -61,0580000",972
202000005108,20,3,3,18:31,2,2,1,1,3,69385,M,"45,7534000","4,8190000",69
202000005109,20,3,1,09:30,1,2,1,1,2,69381,M,"45,7665100","4,8294200",69
202000005110,20,2,29,12:30,1,2,1,1,2,69385,M,"45,7540000","4,7767000",69
202000005111,20,3,2,16:50,1,1,1,1,4,97113,A,"16,2177300"," -61,4901000",971
202000005112,20,3,2,13:00,1,2,1,1,5,95539,M,"49,0003191","2,3679626",95
202000005113,20,3,3,15:05,1,2,1,1,6,95051,M,"49,0097900","2,1960500",95
202000005114,20,3,2,20:50,5,2,9,2,6,95424,M,"48,9951916","2,1926104",95
202000005115,20,2,16,19:50,4,2,1,2,6,95210,M,"48,9698300","2,3036900",95
202000005116,20,3,2,14:20,1,2,9,2,6,91692,M,"48,6782000","2,1628100",91
202000005117,20,1,21,11:45,1,2,6,1,6,91645,M,"48,7474850","2,2678030",91
202000005118,20,3,2,07:15,2,2,2,2,6,91377,M,"48,7224000","2,2627000",91
202000005119,20,3,2,10:51,1,2,1,2,6,91339,M,"48,6153700","2,2455200",91
202000005120,20,2,28,21:10,5,2,1,2,6,87085,M,"45,8196800","1,2855000",87
202000005121,20,2,28,16:14,1,1,1,2,6,87065,M,"45,7944900","1,2973800",87
202000005122,20,3,1,18:45,2,2,1,1,6,85194,M,"46,5015300"," -1,7777100",85
202000005123,20,2,29,18:35,3,1,1,2,2,85194,M,"46,5279200"," -1,7354500",85
202000005124,20,3,1,18:15,1,1,1,1,2,85191,M,"46,6896400"," -1,3742000",85
202000005125,20,2,28,18:15,1,2,1,1,6,84007,M,"43,9528000","4,8309500",84
202000005126,20,2,26,12:18,1,2,1,6,6,83126,M,"43,1098552","5,8774334",83
202000005127,20,2,22,09:30,1,2,1,1,6,83126,M,"43,0942500","5,8594600",83
202000005128,20,2,28,08:56,1,2,1,1,3,80021,M,"49,8870600","2,3161600",80
202000005129,20,3,2,04:30,5,2,3,3,3,79300,M,"46,9991460"," -0,2062500",79
202000005130,20,2,29,23:00,4,2,1,1,3,78335,M,"48,9927960","1,7270440",78
202000005131,20,3,2,08:40,1,2,2,1,3,76540,M,"49,4446700","1,0920500",76
202000005132,20,2,28,23:00,3,2,1,2,3,76498,M,"49,4318760","1,0590277",76
202000005133,20,3,1,07:15,3,2,2,2,7,76351,M,"49,4921100","0,1236700",76
202000005134,20,2,29,14:20,1,2,2,1,2,76351,M,"49,5224000","0,1046700",76
202000005135,20,1,21,09:25,1,2,2,1,6,76351,M,"49,4928800","0,1231900",76
202000005136,20,2,28,12:25,1,2,1,1,6,74012,M,"46,1955724","6,2413942",74
202000005137,20,3,3,17:06,1,2,1,1,3,72181,M,"47,9974900","0,2289700",72
202000005138,20,3,1,11:39,1,2,1,1,6,69029,M,"45,7497000","4,9128000",69
202000005139,20,2,26,18:00,1,2,2,8,3,69290,M,"45,7084100","4,9087700",69
202000005140,20,3,3,14:20,1,1,3,1,1,69013,M,"46,0106000","4,7198000",69
202000005141,20,2,28,11:15,1,1,9,8,2,69013,M,"46,0248000","4,7061000",69
202000005142,20,2,15,09:35,1,2,6,1,3,69264,M,"45,9826000","4,7093000",69
202000005143,20,3,2,09:00,1,2,3,2,6,69264,M,"45,9897800","4,7155100",69
202000005144,20,1,27,12:15,1,2,1,1,3,68376,M,"47,8055300","7,3359000",68
202000005145,20,2,28,10:15,1,2,1,1,6,67482,M,"48,5773269","7,7660777",67
202000005146,20,2,26,04:45,5,2,1,2,6,67043,M,"48,6173853","7,7318858",67
202000005147,20,3,1,19:57,5,2,1,1,2,66136,M,"42,7042000","2,8973200",66
202000005148,20,3,2,17:15,1,2,1,2,5,64348,M,"43,3277450"," -0,3935960",64
202000005149,20,3,2,09:15,1,2,1,2,3,64445,M,"43,3251300"," -0,3250100",64
202000005150,20,2,28,19:10,5,2,1,1,6,64335,M,"43,3175700"," -0,4319000",64
202000005151,20,3,3,00:15,5,2,9,2,7,64024,M,"43,4853100"," -1,5015500",64
202000005152,20,2,29,21:05,5,2,2,1,3,63113,M,"45,7649400","3,0792000",63
202000005153,20,2,29,20:46,5,2,5,1,3,63113,M,"45,7641500","3,1259300",63
202000005154,20,2,8,20:50,5,2,2,2,3,62386,M,"50,4562100","2,7444300",62
202000005155,20,3,2,20:30,5,2,3,8,6,59599,M,"50,7374142","3,1829050",59
202000005156,20,3,3,21:00,5,2,2,1,3,59512,M,"50,7057100","3,1702600",59
202000005157,20,2,28,20:40,5,2,9,2,6,59350,M,"50,6477700","3,0687800",59
202000005158,20,2,7,10:30,1,2,7,1,3,59457,M,"50,6683400","2,9732200",59
202000005159,20,2,28,15:15,1,2,1,2,2,59486,M,"50,4164000","3,1430900",59
202000005160,20,3,2,18:15,1,2,6,1,3,56098,M,"47,7657200"," -3,3292400",56
202000005161,20,1,29,16:00,1,2,1,2,6,54184,M,"48,7012150","6,2251090",54
202000005162,20,3,4,01:06,5,2,2,1,3,51454,M,"49,2545747","4,0482399",51
202000005163,20,2,15,12:50,1,2,1,1,6,50647,M,"48,8385500"," -1,5604400",50
202000005164,20,3,2,07:35,2,1,1,2,3,50129,M,"49,6129600"," -1,6505100",50
202000005165,20,2,28,12:25,2,2,3,2,5,50129,M,"49,6451800"," -1,6367800",50
202000005166,20,2,29,20:30,5,2,6,2,3,49328,M,"47,2455900"," -0,0812300",49
202000005167,20,3,1,15:55,1,2,1,6,-1,49007,M,"47,4528100"," -0,5406100",49
202000005168,20,2,29,18:40,2,2,1,6,3,49007,M,"47,4743000"," -0,5305700",49
202000005169,20,2,28,19:10,5,2,1,2,3,49007,M,"47,4526500"," -0,5241600",49
202000005170,20,2,25,13:03,1,2,1,1,6,49007,M,"47,4791268"," -0,5373109",49
202000005171,20,2,22,02:05,3,2,1,1,6,49007,M,"47,4728175"," -0,5834404",49
202000005172,20,3,3,17:30,1,1,9,1,2,45147,M,"47,9413900","1,9092400",45
202000005173,20,3,3,11:10,1,2,1,1,6,45169,M,"47,9274848","1,8404197",45
202000005174,20,3,3,08:30,1,2,2,1,3,45234,M,"47,9084990","1,9382710",45
202000005175,20,2,28,19:30,5,2,3,1,3,45232,M,"47,8683370","1,9122080",45
202000005176,20,2,13,09:30,1,1,1,2,7,45075,M,"47,8836417","1,8208390",45
202000005177,20,3,2,15:40,1,2,1,2,6,45208,M,"48,0117000","2,7485800",45
202000005178,20,3,2,02:45,3,1,1,1,6,45004,M,"47,9928255","2,7787401",45
202000005179,20,2,29,23:00,5,2,2,1,6,45338,M,"47,9972155","2,7126329",45
202000005180,20,1,9,13:15,1,2,6,2,6,44109,M,"47,2525200"," -1,5533300",44
202000005181,20,2,22,23:38,5,1,1,1,1,42270,M,"45,3975043","4,2359155",42
202000005182,20,2,29,13:30,1,2,2,6,3,39198,M,"47,0970490","5,4946950",39
202000005183,20,9,17,12:40,1,2,1,1,6,97302,G,"4,9345176"," -52,3139763",973
202000005184,20,9,17,07:57,1,2,1,1,3,97302,G,"4,9174000"," -52,3127400",973
202000005185,20,9,16,12:31,1,2,2,1,5,97302,G,"4,9192600"," -52,3175800",973
202000005186,20,9,17,14:45,1,2,2,1,3,69386,M,"45,7666228","4,8508897",69
202000005187,20,9,17,06:05,5,2,1,1,7,69383,M,"45,7598104","4,8410164",69
202000005188,20,9,16,07:30,1,1,3,1,3,97209,A,"14,6153000"," -61,0620000",972
202000005189,20,9,17,18:30,1,2,3,1,3,69384,M,"45,7795900","4,8235600",69
202000005190,20,9,17,17:20,1,2,1,1,3,69389,M,"45,7654333","4,8006162",69
202000005191,20,9,17,10:00,1,2,1,1,3,69034,M,"45,7887500","4,8349900",69
202000005192,20,9,16,19:30,1,2,1,1,3,69389,M,"45,7729200","4,8012400",69
202000005193,20,9,17,13:55,1,2,1,1,2,2A004,M,"41,9534768","8,7839507",2A
202000005194,20,9,17,13:22,1,2,1,1,7,2A004,M,"41,9183870","8,7355589",2A
202000005195,20,9,16,10:40,1,2,1,1,3,95197,M,"48,9653210","2,3197980",95
202000005196,20,9,17,19:45,1,2,2,1,3,95257,M,"48,9826140","2,1751730",95
202000005197,20,9,17,23:00,3,1,1,1,7,91421,M,"48,6886800","2,4810900",91
202000005198,20,9,17,10:45,1,2,9,1,6,91421,M,"48,7112000","2,4423300",91