Num_Acc,an,mois,jour,hrmn,lum,agg,int,atm,col,com,gps,lat,long,dep
202000005199,20,9,17,10:45,1,2,2,7,3,91027,M,"48,6994300","2,3618100",91
202000005200,20,9,16,20:06,5,2,1,1,6,87085,M,"45,8269701","1,2855318",87
202000005201,20,9,15,20:05,5,2,3,1,3,84007,M,"43,9407800","4,8273000",84
202000005202,20,9,16,08:15,1,1,6,1,3,82121,M,"44,0273000","1,3257300",82
202000005203,20,9,14,13:40,1,2,1,1,3,80021,M,"49,9156800","2,2472700",80
202000005204,20,9,16,08:50,1,2,3,1,3,78396,M,"48,9424300","2,1233300",78
202000005205,20,9,16,17:40,1,2,1,1,6,77053,M,"48,6926300","2,6080000",77
202000005206,20,9,17,21:00,5,2,6,1,6,77445,M,"48,5949500","2,5655100",77
202000005207,20,9,17,08:10,1,2,1,1,4,77468,M,"48,8566006","2,6385748",77
202000005208,20,9,17,17:15,1,1,2,1,3,77186,M,"48,4811958","2,6692174",77
202000005209,20,8,11,17:20,1,2,1,1,4,77186,M,"48,4114800","2,6950900",77
202000005210,20,9,17,17:35,1,2,9,1,6,74012,M,"46,1941100","6,2352200",74
202000005211,20,9,17,18:00,1,2,3,1,6,72181,M,"47,9803000","0,2165900",72
202000005212,20,9,11,16:00,1,2,1,1,4,69091,M,"45,5917900","4,7703600",69
202000005213,20,9,15,20:35,5,2,1,1,3,67482,M,"48,5840708","7,6934642",67
202000005214,20,9,17,07:50,1,2,1,1,3,66136,M,"42,6953500","2,8888200",66
202000005215,20,9,10,09:35,1,2,1,1,6,65286,M,"43,0984900"," -0,0455430",65
202000005216,20,9,16,15:18,1,2,1,1,3,64445,M,"43,3029300"," -0,3623100",64
202000005217,20,9,16,11:40,1,2,1,1,1,64445,M,"43,2943300"," -0,3772400",64
202000005218,20,9,16,06:20,5,2,1,1,7,64122,M,"43,4548600"," -1,5528300",64
202000005219,20,9,17,19:20,2,2,6,1,6,59599,M,"50,7181000","3,1408000",59
202000005220,20,9,17,14:55,1,2,1,1,6,59295,M,"50,7314400","2,5290600",59
202000005221,20,9,17,01:30,3,1,1,1,-1,54451,M,"49,5148000","5,7490000",54
202000005222,20,9,17,17:30,1,1,1,1,1,45234,M,"47,8625183","1,9366908",45
202000005223,20,9,17,15:40,1,2,2,1,3,45234,M,"47,9128590","1,9125130",45
202000005224,20,9,13,09:50,1,2,1,7,3,44109,M,"47,2661500"," -1,5138900",44
202000005225,20,9,17,13:40,1,2,1,1,6,35281,M,"48,0936100"," -1,7009400",35
202000005226,20,9,17,18:05,1,2,3,1,3,34172,M,"43,6163000","3,8468000",34
202000005227,20,9,17,08:45,1,2,1,1,3,34172,M,"43,6409500","3,8375200",34
202000005228,20,9,16,16:48,1,2,1,1,3,31555,M,"43,5907300","1,4176700",31
202000005229,20,9,16,20:56,5,2,2,1,3,30189,M,"43,8305000","4,3539000",30
202000005230,20,9,16,17:10,1,2,1,1,2,28134,M,"48,7423800","1,3466500",28
202000005231,20,9,16,20:45,3,2,1,1,-1,27375,M,"49,2097000","1,1631000",27
202000005232,20,9,14,15:50,1,2,1,1,3,22278,M,"48,5052300"," -2,7695600",22
202000005233,20,9,16,21:00,3,1,1,1,2,18255,M,"47,0327800","2,3130600",18
202000005234,20,9,17,20:20,5,2,1,1,2,17300,M,"46,1734000"," -1,1504900",17
202000005235,20,9,15,10:13,1,1,1,1,4,17274,M,"46,1605700"," -1,0819500",17
202000005236,20,9,17,19:30,2,2,1,1,7,13209,M,"43,2398000","5,4517000",13
202000005237,20,9,17,15:30,1,2,2,1,3,13205,M,"43,2924200","5,4011800",13
202000005238,20,9,17,15:20,1,2,2,1,3,13210,M,"43,2793550","5,3992380",13
202000005239,20,9,17,15:05,1,2,1,1,2,13209,M,"43,2466800","5,4130200",13
202000005240,20,9,17,08:00,1,2,4,1,7,13203,M,"43,3044599","5,3759287",13
202000005241,20,9,16,00:00,5,2,1,1,-1,13208,M,"43,2756410","5,3962690",13
202000005242,20,9,17,11:50,1,2,9,1,3,13005,M,"43,2929300","5,5896600",13
202000005243,20,9,16,16:25,1,2,1,1,3,13005,M,"43,2847500","5,5506000",13
202000005244,20,9,17,13:45,1,2,6,1,3,12145,M,"44,1163200","3,0670200",12
202000005245,20,9,17,06:15,5,2,1,1,7,06027,M,"43,6570000","7,1526500",06
202000005246,20,9,16,06:55,2,2,6,1,3,05061,M,"44,5344900","6,0509500",05
202000005247,20,9,15,12:00,1,2,3,1,3,04070,M,"44,0883963","6,2316238",04
202000005248,20,9,16,17:00,1,1,6,1,6,03211,M,"46,3249625","2,5592563",03
202000005249,20,9,16,12:40,1,2,2,1,6,01289,M,"46,1918500","5,2123800",01
202000005250,20,9,17,08:35,1,2,1,1,4,75116,M,"48,8674120","2,2691630",75
202000005251,20,9,16,08:40,1,2,1,1,2,75113,M,"48,8266350","2,3889950",75
202000005252,20,9,17,11:33,1,2,2,1,6,75116,M,"48,8453470","2,2575470",75
202000005253,20,9,17,13:35,1,2,2,1,3,75105,M,"48,8460910","2,3411520",75
202000005254,20,9,17,18:15,1,2,1,1,2,75119,M,"48,8899340","2,3756950",75
202000005255,20,9,17,16:45,1,2,1,1,7,75119,M,"48,8948430","2,3807580",75
202000005256,20,9,16,22:32,5,2,1,1,1,75119,M,"48,8988210","2,3868110",75
202000005257,20,9,17,08:45,1,2,1,1,7,75117,M,"48,8849730","2,3075090",75
202000005258,20,9,16,12:00,1,2,7,1,3,75117,M,"48,8845800","2,2976510",75
202000005259,20,9,17,10:30,1,2,2,1,2,75116,M,"48,8695480","2,2957400",75
202000005260,20,9,15,22:40,3,2,3,1,2,75116,M,"48,8588160","2,2890030",75
202000005261,20,9,17,18:50,1,2,1,1,7,75115,M,"48,8538860","2,2895620",75
202000005262,20,9,17,16:40,1,2,1,1,2,75115,M,"48,8357900","2,2868160",75
202000005263,20,9,16,19:15,2,2,1,1,6,75115,M,"48,8329840","2,2781130",75
202000005264,20,9,16,15:45,1,2,2,1,6,75114,M,"48,8355300","2,3154280",75
202000005265,20,9,16,09:40,1,2,4,1,6,75114,M,"48,8340830","2,3243210",75
202000005266,20,9,17,17:10,1,2,2,1,3,75113,M,"48,8221980","2,3585340",75
202000005267,20,9,17,16:15,1,2,2,1,3,75111,M,"48,8663480","2,3688550",75
202000005268,20,9,16,23:10,5,2,1,1,3,75109,M,"48,8770950","2,3393250",75
202000005269,20,9,17,18:00,1,2,3,1,6,75108,M,"48,8801310","2,3199650",75
202000005270,20,9,17,13:59,1,2,7,1,3,75108,M,"48,8666670","2,3220230",75
202000005271,20,9,17,09:50,1,2,1,1,2,75108,M,"48,8716090","2,3120970",75
202000005272,20,9,16,13:15,1,2,3,1,6,75108,M,"48,8714820","2,3025020",75
202000005273,20,9,17,11:45,1,2,2,1,3,75107,M,"48,8628280","2,3134610",75
202000005274,20,9,17,18:20,1,2,3,1,3,75104,M,"48,8587330","2,3483470",75
202000005275,20,9,17,10:00,1,2,3,1,6,75104,M,"48,8550620","2,3616800",75
202000005276,20,9,17,12:20,1,2,1,1,6,94081,M,"48,8018400","2,4029200",94
202000005277,20,9,17,18:30,1,2,3,1,6,94068,M,"48,7979260","2,4960220",94
202000005278,20,9,17,13:50,1,2,1,1,6,94046,M,"48,8029350","2,4421620",94
202000005279,20,9,16,10:50,1,2,2,1,3,94041,M,"48,8106100","2,3800000",94
202000005280,20,9,17,17:45,1,2,1,1,5,94028,M,"48,7837400","2,4474400",94
202000005281,20,9,17,10:20,1,2,2,1,3,94001,M,"48,7254800","2,4232700",94
202000005282,20,9,17,08:30,1,2,2,1,3,94077,M,"48,7320900","2,4098500",94
202000005283,20,9,17,22:02,5,2,1,1,7,94060,M,"48,7929700","2,5673200",94
202000005284,20,9,17,08:25,1,2,2,1,1,94053,M,"48,7772680","2,5451040",94
202000005285,20,9,16,10:25,1,2,1,1,3,94019,M,"48,8028000","2,5524000",94
202000005286,20,9,17,12:40,1,2,1,1,1,94004,M,"48,7562100","2,5045300",94
202000005287,20,9,17,16:10,1,2,1,1,4,93073,M,"48,9644300","2,5659700",93
202000005288,20,9,17,18:50,1,2,1,1,6,93059,M,"48,9606317","2,3587883",93
202000005289,20,9,15,21:50,5,2,1,1,3,93070,M,"48,9152205","2,3314315",93
202000005290,20,9,17,17:30,1,2,2,1,3,93066,M,"48,9152600","2,3377300",93
202000005291,20,9,17,04:20,5,2,9,1,6,93077,M,"48,8894700","2,5112200",93
202000005292,20,9,17,21:25,5,2,1,1,6,93051,M,"48,8417500","2,5572900",93
202000005293,20,9,17,15:55,1,2,1,1,6,93031,M,"48,9538300","2,3110900",93
202000005294,20,9,16,18:10,1,2,1,1,-1,93029,M,"48,9183200","2,4482000",93
202000005295,20,9,17,05:10,5,2,2,1,3,93014,M,"48,9145700","2,5458100",93
202000005296,20,9,16,23:08,5,2,1,1,6,93057,M,"48,9096700","2,5061100",93
202000005297,20,9,17,10:00,1,2,1,1,6,93001,M,"48,9186143","2,3921135",93
202000005298,20,8,28,17:00,1,2,9,1,5,92062,M,"48,8774000","2,2440000",92
202000005299,20,9,17,16:15,1,2,1,1,6,92035,M,"48,9096769","2,2526184",92
202000005300,20,9,17,15:45,1,2,1,1,7,92062,M,"48,8881124","2,2426921",92
202000005301,20,9,16,18:55,1,2,2,1,3,92025,M,"48,9273800","2,2470200",92
202000005302,20,9,17,11:10,1,2,2,1,3,92024,M,"48,9013219","2,3152349",92
202000005303,20,6,10,12:50,1,2,1,1,3,92004,M,"48,9154700","2,3089200",92
202000005304,20,9,17,07:15,1,1,1,1,6,01381,M,"46,0396080","5,1320100",01
202000005305,20,9,18,14:35,1,1,1,1,3,62229,M,"50,6628530","2,1873630",62
202000005306,20,9,15,11:55,1,2,1,1,6,67061,M,"48,8244357","7,4802247",67
202000005307,20,9,17,16:45,1,2,1,1,3,97353,G,"3,6442931"," -54,0330577",973
202000005308,20,8,15,03:25,5,2,1,1,6,40065,M,"43,6539860"," -1,4348420",40
202000005309,20,9,18,09:15,1,2,3,1,6,97401,R," -21,2402490","55,3334610",974
202000005310,20,9,18,07:35,1,2,1,1,6,83086,M,"43,4689880","6,5545520",83
202000005311,20,9,18,13:42,1,1,1,1,6,63020,M,"45,6908007","2,9251226",63
202000005312,20,9,17,08:24,2,2,2,1,3,01166,M,"45,9915200","4,7733770",01
202000005313,20,9,18,08:05,1,2,1,1,3,83019,M,"43,1376049","6,3505425",83
202000005314,20,9,17,11:35,1,1,1,1,-1,50523,M,"49,3914100"," -1,3044760",50
202000005315,20,9,18,17:20,1,2,1,1,3,62465,M,"50,1856990","2,5705000",62
202000005316,20,9,18,17:15,1,1,1,1,6,67434,M,"48,9444873","7,1174096",67
202000005317,20,9,18,13:50,1,2,6,1,3,81063,M,"43,9389141","2,0779455",81
202000005318,20,9,18,09:20,1,2,1,1,6,42278,M,"45,7953010","3,8159760",42
202000005319,20,9,12,09:50,1,2,6,1,3,44154,M,"47,2447930"," -2,1621820",44
202000005320,20,8,18,02:35,3,2,4,1,6,29215,M,"47,9780427"," -4,4478377",29
202000005321,20,9,16,19:30,2,2,1,1,2,31390,M,"43,0879000","0,5659680",31
202000005322,20,9,18,18:35,1,1,6,1,3,38384,M,"45,3553720","5,3359060",38
202000005323,20,9,17,11:40,1,2,1,1,6,38457,M,"45,3300070","5,2447840",38
202000005324,20,9,17,18:45,1,2,1,1,1,15187,M,"45,0413640","3,0826740",15
202000005325,20,9,18,17:20,1,1,1,1,5,15175,M,"45,0274590","2,4495970",15
202000005326,20,9,17,22:00,3,1,2,1,1,01428,M,"46,1108350","4,8608710",01
202000005327,20,9,17,14:00,1,2,1,1,6,72006,M,"48,3981890","0,0877410",72
202000005328,20,9,18,09:15,1,1,3,1,3,60062,M,"49,6608080","3,0715160",60
202000005329,20,9,17,06:55,2,1,1,1,3,60641,M,"49,4723070","2,9754500",60
202000005330,20,9,18,00:03,3,1,1,1,7,64451,M,"43,3369390"," -0,0574420",64
202000005331,20,9,17,15:57,1,2,1,1,3,43039,M,"44,9457340","3,8476180",43
202000005332,20,9,18,09:00,1,2,1,1,6,10033,M,"48,2341310","4,7101760",10
202000005333,20,9,17,18:15,2,1,1,1,7,16393,M,"45,7423110","0,1113440",16
202000005334,20,9,10,15:45,1,2,2,1,3,37281,M,"47,4119763","0,7990997",37
202000005335,20,8,30,22:55,5,2,3,2,3,08327,M,"49,7044300","4,7944490",08
202000005336,20,9,11,11:55,1,1,1,1,1,24274,M,"44,7730630","0,4715650",24
202000005337,20,9,18,08:15,1,2,1,1,6,95392,M,"49,0776306","2,2047329",95
202000005338,20,9,18,10:15,1,1,1,1,1,31341,M,"43,7455260","1,3074430",31
202000005339,20,9,18,10:30,1,1,3,7,1,74010,M,"45,8743350","6,0844300",74
202000005340,20,8,14,21:45,5,2,1,1,1,97601,Y," -12,7221340","45,0557560",976
202000005341,20,9,17,19:30,3,2,1,1,6,13068,M,"43,7204950","4,7855020",13
202000005342,20,8,18,07:19,1,1,1,1,6,28392,M,"48,2288470","1,8482780",28
202000005343,20,9,17,22:45,3,1,3,1,6,98829,C," -21,6353400","166,2018500",988
202000005344,20,9,17,22:30,5,1,1,1,1,97119,A,"16,3696290"," -61,4536890",971
202000005345,20,9,17,09:55,1,2,1,1,6,97801,,"18,0721250"," -63,0811090",978
202000005346,20,9,17,09:25,1,1,3,1,3,91249,M,"48,6293880","2,0668780",91
202000005347,20,9,18,08:00,1,2,1,1,5,78120,M,"48,6234880","1,9884500",78
202000005348,20,9,16,17:30,1,1,1,1,5,84147,M,"43,6980070","5,4477170",84
202000005349,20,9,17,17:00,1,1,1,1,1,83143,M,"43,4539550","6,0944940",83
202000005350,20,9,18,15:00,1,1,1,1,7,04148,M,"43,8151429","6,5929695",04
202000005351,20,9,18,17:00,1,1,1,1,7,39210,M,"46,7596820","5,9531570",39
202000005352,20,9,18,15:55,1,1,1,1,5,54364,M,"48,6006933","6,1262512",54
202000005353,20,9,18,12:19,1,1,3,1,2,38344,M,"45,3924218","4,8294143",38
202000005354,20,9,18,19:45,2,2,9,1,3,69019,M,"46,1042780","4,7477350",69
202000005355,20,9,18,08:00,2,2,1,1,4,69089,M,"45,7360920","4,7654590",69
202000005356,20,9,17,21:30,3,1,1,1,7,09150,M,"43,0557890","1,9236480",09
202000005357,20,8,30,07:13,2,1,9,1,6,19203,M,"45,1848730","1,7620180",19
202000005358,20,9,15,17:10,1,1,1,1,3,53001,M,"48,0199770"," -0,8768680",53
202000005359,20,9,17,11:00,1,2,3,1,3,49332,M,"47,0622000"," -0,9351040",49
202000005360,20,9,18,10:55,1,1,2,1,6,22173,M,"48,5453500"," -2,5957670",22
202000005361,20,8,16,05:50,3,1,9,9,6,35037,M,"48,0659760"," -1,8569060",35
202000005362,20,9,16,13:00,1,2,1,1,6,60325,M,"49,3785380","2,7705420",60
202000005363,20,8,16,11:30,1,2,8,3,7,60041,M,"49,3927519","2,2073582",60
202000005364,20,9,18,10:40,1,2,1,1,6,80561,M,"49,6482780","2,5808000",80
202000005365,20,9,17,16:10,1,1,1,1,2,59053,M,"50,2969984","3,8203340",59
202000005366,20,9,15,22:10,3,1,9,1,7,59618,M,"50,3201760","4,0521100",59
202000005367,20,9,16,19:12,5,2,1,1,4,13202,M,"43,3066200","5,3658300",13
202000005368,20,9,17,09:40,1,1,1,1,2,13207,M,"43,2964870","5,3628490",13
202000005369,20,9,17,06:00,3,1,1,1,7,13071,M,"43,4046300","5,3036000",13
202000005370,20,9,12,04:30,3,1,9,1,4,69297,M,"45,6209703","4,8132045",69
202000005371,20,9,17,08:10,1,1,1,1,3,67218,M,"48,5471547","7,7268015",67
202000005372,20,9,17,19:40,1,1,1,1,2,91340,M,"48,6088900","2,4387800",91
202000005373,20,9,17,16:00,1,1,1,1,2,91340,M,"48,6082600","2,4455000",91
202000005374,20,9,17,15:55,1,1,1,1,4,94034,M,"48,7442800","2,3242900",94
202000005375,20,9,17,15:55,1,1,1,1,6,92050,M,"48,9011300","2,2021270",92
202000005376,20,9,17,08:50,1,1,1,1,2,78423,M,"48,7947600","2,0484710",78
202000005377,20,6,17,19:30,1,1,1,1,6,27065,M,"49,3196460","0,3164150",27
202000005378,20,6,22,07:40,1,1,1,1,2,51212,M,"48,7776744","4,2592645",51
202000005379,20,6,21,00:00,3,1,1,1,1,98739,P," -23,8689980"," -147,6752720",987
202000005380,20,6,20,17:20,1,1,1,1,2,98729,P," -17,5331890"," -149,8386110",987
202000005381,20,6,22,13:50,5,2,1,1,1,97408,R," -20,9592755","55,3277117",974
202000005382,20,6,21,19:50,1,2,2,1,3,77168,M,"48,1768820","2,8731070",77
202000005383,20,6,22,16:30,1,2,1,1,6,77388,M,"48,9635180","3,1549630",77
202000005384,20,6,21,14:00,1,1,1,1,2,2B265,M,"42,5946380","9,3689350",2B
202000005385,20,6,22,17:29,1,2,9,1,3,34157,M,"43,4368650","3,5899170",34
202000005386,20,6,21,18:00,1,2,2,1,3,34023,M,"43,4434010","3,6967060",34
202000005387,20,6,21,14:20,1,1,1,1,1,06057,M,"43,8295930","7,3506370",06
202000005388,20,6,21,18:20,1,1,3,1,3,13041,M,"43,4453600","5,4576520",13
202000005389,20,6,21,17:45,1,2,1,1,6,71074,M,"46,2543035","4,7654536",71
202000005390,20,6,19,18:25,1,2,1,1,3,21370,M,"47,2764792","5,1723965",21
202000005391,20,6,22,11:15,1,1,1,1,2,68116,M,"47,9296830","7,2727720",68
202000005392,20,6,22,18:50,1,2,6,1,3,03286,M,"46,5252275","3,3529685",03
202000005393,20,6,21,02:30,3,1,1,1,7,38197,M,"45,7648544","5,1218416",38
202000005394,20,6,22,10:00,1,1,1,1,7,38135,M,"45,7181700","5,4192690",38
202000005395,20,6,22,00:05,3,1,1,1,5,38071,M,"45,0834600","5,7393690",38
202000005396,20,6,21,18:20,1,1,2,1,3,26004,M,"44,9838410","5,0028350",26
202000005397,20,6,20,17:45,1,1,1,1,7,26081,M,"44,8893840","5,1419450",26
202000005398,20,6,19,16:45,1,1,2,1,3,26206,M,"44,8246340","4,9906090",26
202000005399,20,6,22,17:00,1,1,1,1,5,81120,M,"43,5279227","2,2923761",81
202000005400,20,6,20,17:30,1,1,1,1,-1,31458,M,"43,5078650","1,3505780",31
202000005401,20,6,21,13:40,1,1,1,1,6,17444,M,"45,6525980"," -0,6527420",17
202000005402,20,6,20,05:15,3,1,1,1,7,44210,M,"47,3077100"," -2,1941110",44
202000005403,20,6,19,12:50,1,2,2,1,3,44052,M,"47,3182980"," -2,0753480",44
202000005404,20,6,17,22:10,3,1,1,1,6,35004,M,"48,4449600"," -1,4110030",35
202000005405,20,5,23,16:53,1,2,1,1,2,35004,M,"48,4604370"," -1,4868930",35
202000005406,20,6,22,17:00,1,2,1,1,2,60462,M,"49,3279570","2,1952650",60
202000005407,20,6,21,18:05,1,1,1,1,4,13071,M,"43,4049720","5,3394210",13
202000005408,20,6,19,11:55,1,1,1,1,4,13210,M,"43,2849000","5,4186000",13
202000005409,20,6,20,19:05,1,1,1,1,4,13055,M,"43,2934540","5,4732191",13
202000005410,20,6,20,14:04,1,1,1,1,3,13055,M,"43,3042801","5,4255447",13
202000005411,20,6,19,05:15,2,1,1,1,2,01249,M,"45,8149800","4,9582260",01
202000005412,20,6,21,18:49,1,1,1,1,5,91339,M,"48,6339700","2,2211300",91
202000005413,20,6,21,08:00,1,1,1,1,2,91216,M,"48,6831730","2,3290770",91
202000005414,20,6,20,14:46,1,1,1,1,4,94038,M,"48,7778300","2,3464400",94
202000005415,20,6,21,20:15,1,1,1,2,6,92036,M,"48,9458400","2,2837000",92
202000005416,20,6,21,10:10,1,1,1,1,2,77373,M,"48,7915860","2,6186104",77
202000005417,20,6,21,10:25,1,1,1,1,3,77018,M,"48,8349683","2,8054598",77
202000005418,20,6,21,06:30,1,1,1,1,7,94028,M,"48,7864900","2,4403200",94
202000005419,20,6,20,16:45,1,1,1,1,4,93051,M,"48,8347944","2,5827458",93
202000005420,20,6,20,14:10,1,2,1,1,2,97302,G,"4,9402202"," -52,3017723",973
202000005421,20,6,20,03:35,3,1,1,2,6,97302,G,"4,9024923"," -52,3151994",973
202000005422,20,6,20,06:20,1,2,1,1,7,97213,A,"14,6087200"," -60,9972200",972
202000005423,20,6,13,03:20,3,1,9,1,7,97213,A,"14,6005000"," -60,9974000",972
202000005424,20,6,19,15:20,1,2,2,1,6,69385,M,"45,7574400","4,8110500",69
202000005425,20,6,20,17:40,1,2,1,1,-1,2B120,M,"42,6433400","9,4568100",2B
202000005426,20,6,20,11:25,1,2,9,8,3,97120,A,"16,2221600"," -61,5266400",971
202000005427,20,6,20,17:00,1,2,6,1,2,91174,M,"48,6110900","2,4532800",91
202000005428,20,6,27,00:15,5,2,9,1,3,91103,M,"48,5955000","2,3035000",91
202000005429,20,6,18,18:33,1,2,1,1,2,83129,M,"43,1097900","5,8129300",83
202000005430,20,6,20,18:25,1,2,3,1,3,81163,M,"43,4902000","2,3752900",81
202000005431,20,6,20,02:52,4,2,3,1,3,73008,M,"45,6794564","5,9104639",73
202000005432,20,6,20,18:50,1,2,2,1,3,59346,M,"50,6134700","3,1246800",59
202000005433,20,6,20,20:15,1,2,1,1,3,51454,M,"49,2665820","4,0245419",51
202000005434,20,6,20,09:40,1,2,1,1,-1,51454,M,"49,2717152","4,0263394",51
202000005435,20,6,20,06:40,1,1,9,1,3,50532,M,"48,8201700"," -1,5518600",50
202000005436,20,6,24,18:15,1,1,1,1,3,44125,M,"47,3676190"," -2,5377850",44
202000005437,20,6,20,17:47,1,2,1,1,3,35238,M,"48,0922270"," -1,6909760",35
202000005438,20,6,20,03:20,4,2,1,1,3,35281,M,"48,0784000"," -1,7140000",35
202000005439,20,6,20,17:00,1,2,1,1,2,33200,M,"44,8599500"," -0,6958300",33
202000005440,20,6,17,19:50,1,2,2,1,3,33039,M,"44,7968967"," -0,5559626",33
202000005441,20,6,19,16:05,1,2,6,1,3,26198,M,"44,5559900","4,7487500",26
202000005442,20,6,19,17:45,1,1,1,1,4,26198,M,"44,5373800","4,7295200",26
202000005443,20,6,19,12:15,1,2,1,1,2,26198,M,"44,5332800","4,7459500",26
202000005444,20,6,20,11:45,1,1,1,1,4,17415,M,"45,7323300"," -0,6140900",17
202000005445,20,6,20,14:26,1,2,1,1,6,17291,M,"46,1772700"," -1,1073000",17
202000005446,20,6,21,01:25,5,2,1,1,6,13213,M,"43,3304340","5,4122294",13
202000005447,20,6,20,18:30,1,2,9,1,7,13208,M,"43,2700210","5,3870820",13
202000005448,20,6,20,07:25,1,2,1,1,2,13210,M,"43,2741850","5,4268513",13
202000005449,20,6,20,05:30,2,2,1,1,6,13213,M,"43,3265000","5,4253000",13
202000005450,20,6,20,12:55,1,2,2,1,1,11069,M,"43,2088000","2,3774500",11
202000005451,20,6,20,19:41,1,2,2,1,3,10387,M,"48,3073900","4,0819600",10
202000005452,20,6,20,09:36,1,2,1,1,6,06088,M,"43,6754930","7,2067590",06
202000005453,20,6,20,06:50,1,2,1,1,2,06088,M,"43,6925300","7,2512900",06
202000005454,20,5,20,11:25,1,2,3,1,6,06104,M,"43,7650000","7,4812000",06
202000005455,20,6,20,00:09,4,1,1,1,7,03101,M,"46,3583378","2,5531322",03
202000005456,20,6,20,20:25,1,2,1,1,2,75118,M,"48,9007440","2,3616040",75
202000005457,20,6,20,07:15,1,2,1,1,6,75120,M,"48,8637310","2,4138980",75
202000005458,20,6,20,16:14,1,2,2,1,3,75119,M,"48,8812600","2,3732460",75
202000005459,20,6,19,13:25,1,2,2,1,6,75117,M,"48,8878670","2,3070230",75
202000005460,20,6,20,23:00,5,2,7,1,3,75116,M,"48,8527680","2,2758670",75
202000005461,20,6,20,15:20,1,2,1,1,3,75112,M,"48,8487040","2,3937270",75
202000005462,20,6,20,06:45,2,2,3,1,3,75111,M,"48,8647130","2,3701210",75
202000005463,20,6,19,13:35,1,2,2,1,3,75111,M,"48,8624740","2,3668910",75
202000005464,20,6,20,10:20,1,2,3,1,6,75110,M,"48,8761820","2,3560470",75
202000005465,20,6,20,15:13,1,2,7,1,5,75104,M,"48,8535680","2,3690410",75
202000005466,20,6,20,15:50,1,2,9,1,3,94028,M,"48,7766900","2,4413100",94
202000005467,20,6,19,23:09,5,2,1,1,2,94022,M,"48,7624100","2,4108800",94
202000005468,20,6,20,14:00,1,2,3,1,3,94002,M,"48,7790000","2,4285000",94
202000005469,20,6,19,17:00,1,2,6,2,3,93078,M,"48,9743130","2,5090317",93
202000005470,20,6,20,18:40,1,2,1,1,1,93070,M,"48,9051500","2,3226700",93
202000005471,20,1,31,23:20,4,1,1,1,6,95572,M,"49,0314700","2,1187700",95
202000005472,20,6,20,08:45,1,2,2,1,3,93050,M,"48,8724293","2,5536759",93
202000005473,20,2,1,21:17,3,1,1,2,7,93051,M,"48,8360481","2,5559507",93
202000005474,20,2,1,18:31,3,1,1,2,2,77294,M,"48,9559122","2,6264859",77
202000005475,20,1,30,16:45,1,2,2,2,3,92049,M,"48,8162840","2,3059870",92
202000005476,20,6,20,03:00,5,2,1,1,6,93050,M,"48,8700052","2,5287640",93
202000005477,20,1,31,01:30,3,1,1,1,6,97416,R," -21,3538000","55,5109300",974
202000005478,20,6,20,18:20,1,2,3,1,3,92072,M,"48,8263800","2,2192400",92
202000005479,20,1,29,16:00,1,2,4,8,5,97407,R," -20,9437100","55,2974300",974
202000005480,20,6,20,09:50,1,1,3,1,3,2A189,M,"41,6881639","8,9314285",2A
202000005481,20,1,30,21:10,5,2,1,2,3,97302,G,"4,9402041"," -52,3258316",973
202000005482,20,6,20,14:10,1,1,1,1,6,83058,M,"43,5255610","6,3388700",83
202000005483,20,1,31,14:30,1,1,1,8,3,69383,M,"45,7455407","4,8795790",69
202000005484,20,6,21,01:10,4,1,1,1,6,86279,M,"46,9176940","0,5787380",86
202000005485,20,1,31,12:30,1,2,1,1,6,69386,M,"45,7686800","4,8437100",69
202000005486,20,6,21,01:45,3,1,1,1,6,01379,M,"45,9648400","5,2746550",01
202000005487,20,1,30,20:15,5,2,1,1,6,69387,M,"45,7484500","4,8316400",69
202000005488,20,6,21,02:15,5,2,3,1,6,49355,M,"47,1210160"," -0,7895350",49
202000005489,20,1,27,18:42,4,1,1,1,3,97213,A,"14,6563600"," -60,9723100",972
202000005490,20,6,21,01:30,3,1,1,1,6,81098,M,"43,6185400","2,1567540",81
202000005491,20,1,31,17:00,1,2,2,1,1,69152,M,"45,6948749","4,8213098",69
202000005492,20,1,31,11:30,1,2,1,1,4,69389,M,"45,7874800","4,8086000",69
202000005493,20,6,20,16:50,1,1,1,1,6,81174,M,"43,7750680","2,0774780",81
202000005494,20,6,21,11:40,1,1,1,1,7,68044,M,"48,1387570","7,0631200",68
202000005495,20,1,30,18:40,5,2,1,2,6,69286,M,"45,8129905","4,8809928",69
202000005496,20,6,20,23:45,3,1,1,1,6,97405,R," -21,3674880","55,5477120",974
202000005497,20,1,29,08:05,2,2,2,1,3,95598,M,"48,9786900","2,2990900",95
202000005498,20,6,20,17:30,1,1,1,1,1,97212,A,"14,7129400"," -61,0253300",972
202000005499,20,1,31,15:25,1,2,1,1,3,95500,M,"49,0389229","2,0882177",95
202000005500,20,6,21,11:55,1,1,1,1,6,97220,A,"14,5240590"," -60,8792780",972
202000005501,20,1,30,19:45,5,2,1,2,6,91223,M,"48,4378600","2,1639000",91
202000005502,20,6,21,16:30,1,1,1,1,6,63248,M,"45,7331450","2,9159050",63
202000005503,20,1,30,22:41,5,2,3,2,6,87085,M,"45,8319700","1,2510000",87
202000005504,20,6,20,16:30,1,2,1,1,5,54069,M,"49,3839230","5,9147860",54