Num_Acc,an,mois,jour,hrmn,lum,agg,int,atm,col,com,gps,lat,long,dep
202000005505,20,1,30,22:00,5,2,1,2,3,87085,M,"45,8460100","1,2606600",87
202000005506,20,6,20,20:10,1,2,1,1,3,62506,M,"50,8183810","1,9269850",62
202000005507,20,1,30,18:30,1,1,1,2,6,87114,M,"45,8552800","1,3220700",87
202000005508,20,1,30,17:01,1,1,1,2,-1,87085,M,"45,8488500","1,2763600",87
202000005509,20,6,16,14:30,1,2,1,1,4,83092,M,"43,3028120","6,2375900",83
202000005510,20,1,29,12:35,1,2,3,2,3,87085,M,"45,8233000","1,2695200",87
202000005511,20,6,20,22:50,3,1,9,1,7,83116,M,"43,4706820","5,8911070",83
202000005512,20,1,29,16:10,1,2,1,1,6,84087,M,"44,1249100","4,8403900",84
202000005513,20,1,31,16:30,1,2,1,7,6,83137,M,"43,1409000","5,9109000",83
202000005514,20,6,20,18:50,1,2,2,1,-1,74256,M,"45,9378570","6,6306670",74
202000005515,20,1,30,18:50,5,2,3,1,3,83050,M,"43,5334230","6,4682280",83
202000005516,20,6,21,16:50,1,1,1,1,1,77456,M,"48,5137400","3,2842680",77
202000005517,20,6,19,17:50,1,1,7,1,7,79062,M,"46,8096650"," -0,6654020",79
202000005518,20,1,31,12:50,1,1,1,1,2,82121,M,"43,9834390","1,2975800",82
202000005519,20,6,19,17:15,1,1,1,1,6,82008,M,"44,0576390","0,8651890",82
202000005520,20,6,21,14:55,1,1,1,1,7,71056,M,"46,6447526","5,2012868",71
202000005521,20,1,31,08:50,1,2,2,1,1,78646,M,"48,8138600","2,1410400",78
202000005522,20,6,21,02:35,3,2,1,1,6,63085,M,"45,9121680","2,8619380",63
202000005523,20,1,30,15:05,1,2,2,1,3,78646,M,"48,7992800","2,1279100",78
202000005524,20,6,20,20:45,1,2,1,1,6,61208,M,"48,6506460","0,6732770",61
202000005525,20,6,21,19:23,1,2,4,1,7,55433,M,"48,6207580","5,7031110",55
202000005526,20,1,29,17:28,5,2,1,1,6,77114,M,"48,7259400","2,6656600",77
202000005527,20,6,18,23:15,2,1,1,1,7,49259,M,"47,3424772"," -0,6578671",49
202000005528,20,6,20,19:15,1,1,2,1,6,12272,M,"44,5474130","2,1255740",12
202000005529,20,1,30,17:00,1,2,3,1,6,76540,M,"49,4400600","1,1020300",76
202000005530,20,6,20,17:55,1,1,2,1,3,42266,M,"45,4213470","4,0536980",42
202000005531,20,1,30,09:55,1,2,1,1,7,71306,M,"46,6734058","4,3613935",71
202000005532,20,1,30,17:15,1,2,1,2,6,71153,M,"46,7945916","4,4235660",71
202000005533,20,6,20,16:50,1,1,1,1,6,42219,M,"45,7380280","4,1154960",42
202000005534,20,1,31,18:55,5,2,1,1,2,69266,M,"45,7865328","4,8997306",69
202000005535,20,6,17,10:00,1,1,1,1,7,46231,M,"44,5001940","1,1178160",46
202000005536,20,1,29,11:45,1,2,6,2,1,69290,M,"45,7017157","4,9004892",69
202000005537,20,6,20,17:22,1,1,1,1,7,22005,M,"48,5241300"," -3,3873670",22
202000005538,20,1,29,12:00,1,2,1,8,1,69091,M,"45,5859900","4,7541800",69
202000005539,20,1,23,10:20,1,2,9,1,6,68066,M,"48,0703180","7,3605790",68
202000005540,20,6,21,07:40,1,1,1,1,1,39167,M,"46,7442480","5,4174840",39
202000005541,20,1,30,15:00,1,2,1,1,6,67447,M,"48,6128230","7,7398830",67
202000005542,20,6,20,17:40,1,2,1,1,6,44211,M,"47,3531440"," -2,5115990",44
202000005543,20,1,31,14:20,1,1,1,1,3,67180,M,"48,8760010","7,7607134",67
202000005544,20,6,20,09:30,1,2,1,1,6,31187,M,"43,5364660","1,2303680",31
202000005545,20,1,31,19:30,2,2,1,1,6,65440,M,"43,2306920","0,0815020",65
202000005546,20,6,20,22:30,3,2,1,1,7,02355,M,"49,8839580","3,2472970",02
202000005547,20,6,21,02:30,3,1,1,1,6,03119,M,"46,7315858","3,6199307",03
202000005548,20,1,31,11:10,1,2,2,1,3,64445,M,"43,3032000"," -0,3708900",64
202000005549,20,6,20,02:20,3,1,1,1,7,01196,M,"46,3941720","5,1146780",01
202000005550,20,6,21,12:15,1,1,1,1,6,70085,M,"47,3745560","5,9990560",70
202000005551,20,1,30,08:17,1,2,2,2,3,64024,M,"43,4636600"," -1,5048400",64
202000005552,20,1,31,13:20,1,1,1,1,7,62540,M,"50,4557170","2,5736160",62
202000005553,20,6,21,16:30,1,1,1,1,7,60166,M,"49,4703944","2,8012964",60
202000005554,20,6,20,14:30,1,1,2,1,3,45129,M,"47,9779117","3,0529100",45
202000005555,20,1,30,17:10,2,2,3,8,5,59178,M,"50,3963900","3,0861000",59
202000005556,20,6,21,10:10,1,1,1,1,7,64353,M,"43,0890940"," -0,4115260",64
202000005557,20,1,16,11:12,1,2,3,1,6,57019,M,"49,2594500","6,1504700",57
202000005558,20,6,21,09:15,1,1,1,1,3,64259,M,"43,2933880"," -1,2417340",64
202000005559,20,6,20,06:40,2,2,1,1,6,36129,M,"46,6682580","1,9026630",36
202000005560,20,1,31,16:38,2,2,1,2,2,54395,M,"48,6896183","6,1596756",54
202000005561,20,6,19,22:30,3,1,1,1,6,85046,M,"46,6184300"," -1,3091000",85
202000005562,20,1,23,14:05,1,1,2,1,3,51431,M,"49,0146184","3,9421941",51
202000005563,20,6,21,16:15,1,1,2,1,1,37223,M,"47,5138274","0,2856074",37
202000005564,20,1,31,08:20,1,2,1,2,6,45285,M,"47,9128527","1,8747437",45
202000005565,20,6,21,17:44,1,2,1,1,3,88408,M,"47,9082450","6,6885390",88
202000005566,20,1,31,23:30,5,2,1,2,2,44109,M,"47,2138000"," -1,5604000",44
202000005567,20,6,20,18:45,3,1,1,2,6,97603,Y," -12,9179860","45,1841070",976
202000005568,20,6,19,19:45,1,1,4,1,6,34270,M,"43,5593210","3,8269280",34
202000005569,20,1,31,19:30,5,2,1,2,2,44109,M,"47,1989760"," -1,6165000",44
202000005570,20,6,21,14:50,1,1,1,1,6,69013,M,"46,0100930","4,7300330",69
202000005571,20,1,30,12:40,1,2,2,2,3,42044,M,"45,3960219","4,3220715",42
202000005572,20,6,20,15:05,1,2,1,1,3,97129,A,"16,3344100"," -61,6981620",971
202000005573,20,1,31,20:43,5,2,9,1,3,37214,M,"47,4309350","0,6679577",37
202000005574,20,1,30,21:45,5,2,6,2,6,37261,M,"47,3747353","0,6713758",37
202000005575,20,6,20,23:15,3,1,1,1,2,33333,M,"44,8755100"," -1,0725300",33
202000005576,20,6,21,07:10,1,1,1,1,6,18198,M,"46,9256970","2,1363930",18
202000005577,20,1,31,08:15,1,2,9,2,2,35281,M,"48,0924700"," -1,7080500",35
202000005578,20,6,21,17:00,1,2,9,1,1,77078,M,"48,9679880","3,1388180",77
202000005579,20,1,31,07:12,5,2,9,1,6,34172,M,"43,6178485","3,9126622",34
202000005580,20,6,21,00:00,3,1,1,1,3,77142,M,"48,8536367","2,9311195",77
202000005581,20,1,31,13:00,1,2,6,2,3,33013,M,"44,8490900"," -0,4969000",33
202000005582,20,1,31,01:55,5,2,1,2,6,31555,M,"43,5888000","1,4400700",31
202000005583,20,6,21,06:40,2,2,9,1,3,95355,M,"49,1526850","1,7806700",95
202000005584,20,1,30,17:50,2,1,1,1,3,31555,M,"43,5544070","1,4970000",31
202000005585,20,6,21,08:40,1,2,1,1,3,34143,M,"43,4509910","3,6124260",34
202000005586,20,1,31,21:35,5,2,1,1,5,30189,M,"43,8317600","4,3517600",30
202000005587,20,6,9,22:15,3,2,1,1,7,34113,M,"43,5061510","3,7086110",34
202000005588,20,6,20,12:35,1,1,1,1,1,13023,M,"43,2253180","5,6480830",13
202000005589,20,1,31,13:23,1,2,2,3,3,29019,M,"48,3880996"," -4,4903719",29
202000005590,20,1,28,14:14,1,2,6,2,6,29019,M,"48,3889760"," -4,4838300",29
202000005591,20,6,21,13:15,1,2,1,1,1,13095,M,"43,5377150","5,4842910",13
202000005592,20,1,31,17:45,2,2,1,1,6,26362,M,"44,9411666","4,9174550",26
202000005593,20,1,31,23:47,5,2,1,1,6,25056,M,"47,2304100","6,0403800",25
202000005594,20,6,21,16:45,1,1,3,1,1,67101,M,"48,5227980","7,5059850",67
202000005595,20,1,29,00:04,5,1,1,1,6,22278,M,"48,5212700"," -2,7485100",22
202000005596,20,6,21,15:30,1,2,3,1,3,01187,M,"46,0344460","5,6742190",01
202000005597,20,1,31,14:00,1,2,1,1,7,14341,M,"49,1382700"," -0,3355600",14
202000005598,20,6,21,18:30,1,1,1,1,5,69254,M,"45,9404744","4,4354905",69
202000005599,20,1,31,16:45,1,2,1,1,3,13212,M,"43,3055540","5,4705330",13
202000005600,20,6,21,06:30,2,2,1,1,6,81140,M,"43,6934480","1,8198430",81
202000005601,20,6,20,15:30,1,1,1,1,6,65123,M,"42,9361290","0,2087400",65
202000005602,20,1,29,17:40,2,2,8,1,3,13202,M,"43,2992680","5,3740960",13
202000005603,20,6,21,14:20,1,1,3,1,3,46055,M,"44,5718860","2,1090260",46
202000005604,20,6,20,23:15,3,1,1,1,6,27180,M,"49,1894030","1,3671220",27
202000005605,20,1,31,16:35,1,2,1,1,6,13001,M,"43,5225780","5,4310390",13
202000005606,20,1,30,17:40,2,2,1,1,6,11069,M,"43,2044207","2,3332910",11
202000005607,20,6,21,16:30,1,1,1,1,3,80124,M,"50,1039550","1,5429780",80
202000005608,20,1,28,07:20,2,2,6,2,3,11069,M,"43,2335160","2,3674250",11
202000005609,20,6,18,15:30,1,1,1,1,-1,59250,M,"50,5830320","2,9030940",59
202000005610,20,1,31,15:00,1,2,1,1,6,10387,M,"48,2836350","4,0787190",10
202000005611,20,6,20,19:00,1,1,1,1,2,13070,M,"43,2869600","5,5065900",13
202000005612,20,1,31,22:08,5,2,1,1,6,09225,M,"43,1252442","1,6106290",09
202000005613,20,6,19,23:15,3,1,1,1,2,13071,M,"43,4051060","5,3395100",13
202000005614,20,1,30,14:20,1,1,1,2,3,07316,M,"44,8804540","4,8491200",07
202000005615,20,6,19,22:05,3,1,1,1,3,13117,M,"43,4464456","5,2423769",13
202000005616,20,6,15,00:15,5,1,1,1,2,69266,M,"45,7585000","4,9092400",69
202000005617,20,1,27,17:50,5,2,1,1,6,06083,M,"43,7846700","7,4946200",06
202000005618,20,6,20,12:17,1,1,1,1,2,33096,M,"44,8972600"," -0,4958800",33
202000005619,20,1,31,15:15,1,2,1,1,2,06069,M,"43,6378000","6,9508000",06
202000005620,20,6,19,14:26,1,1,1,1,1,91312,M,"48,7381100","2,2278300",91
202000005621,20,1,31,10:35,1,2,9,1,3,06069,M,"43,6484600","6,9239200",06
202000005622,20,6,19,07:50,1,1,1,1,2,91182,M,"48,6115200","2,4313600",91
202000005623,20,1,31,14:00,1,2,1,1,3,06027,M,"43,6583000","7,1416000",06
202000005624,20,6,20,06:45,2,1,1,1,6,95277,M,"48,9758120","2,4824950",95
202000005625,20,1,31,17:30,2,2,9,1,2,06027,M,"43,6540000","7,1564000",06
202000005626,20,6,20,04:20,3,1,1,1,6,95678,M,"49,0717100","2,2235800",95
202000005627,20,6,18,19:25,5,2,1,1,2,97411,R," -20,8804400","55,4576100",974
202000005628,20,1,30,08:00,1,2,2,1,6,06123,M,"43,6707500","7,1908100",06
202000005629,20,6,19,12:55,1,2,9,1,3,97302,G,"4,9203009"," -52,3205853",973
202000005630,20,2,1,00:15,5,2,2,1,3,06004,M,"43,5805570","7,1186410",06
202000005631,20,6,19,12:35,1,2,2,1,3,69386,M,"45,7667700","4,8443000",69
202000005632,20,1,29,21:45,5,2,1,1,7,03101,M,"46,3582322","2,5359349",03
202000005633,20,6,18,12:10,1,2,9,1,3,69259,M,"45,7279730","4,8538400",69
202000005634,20,1,31,19:30,5,2,1,1,2,01053,M,"46,2023400","5,2323600",01
202000005635,20,1,31,20:15,5,2,1,1,7,75117,M,"48,8946510","2,3061920",75
202000005636,20,6,18,08:20,1,1,1,1,2,97209,A,"14,6151400"," -61,0759400",972
202000005637,20,6,19,15:15,1,2,2,1,3,69381,M,"45,7679000","4,8359000",69
202000005638,20,1,31,17:30,1,2,1,1,6,75117,M,"48,9009700","2,3272630",75
202000005639,20,6,14,20:10,1,2,1,1,3,69202,M,"45,7352800","4,7962300",69
202000005640,20,1,31,18:20,5,2,1,1,6,75115,M,"48,8338620","2,3044510",75
202000005641,20,1,30,02:20,5,2,4,1,6,75114,M,"48,8385536","2,3226109",75
202000005642,20,6,6,22:20,5,2,1,2,6,97101,A,"16,2728500"," -61,5049900",971
202000005643,20,1,30,17:15,1,2,1,1,-1,75112,M,"48,8382369","2,3764302",75
202000005644,20,6,18,08:26,1,2,1,1,3,97120,A,"16,2501200"," -61,5285700",971
202000005645,20,1,31,18:00,5,2,1,8,6,75111,M,"48,8547370","2,3919800",75
202000005646,20,6,17,21:00,5,1,1,1,6,97113,A,"16,2200230"," -61,4973235",971
202000005647,20,1,31,09:55,1,2,5,2,6,75109,M,"48,8804510","2,3350720",75
202000005648,20,6,19,20:25,1,2,1,8,2,91687,M,"48,6567200","2,3719400",91
202000005649,20,6,19,13:00,1,2,1,1,6,91174,M,"48,5998500","2,4629400",91
202000005650,20,1,31,15:45,1,2,1,8,3,75108,M,"48,8730080","2,3211830",75
202000005651,20,6,18,16:45,1,2,1,2,1,87085,M,"45,8533200","1,2659000",87
202000005652,20,6,18,18:21,1,2,1,1,2,87085,M,"45,8266500","1,2582900",87
202000005653,20,6,19,18:50,1,2,1,1,4,81065,M,"43,5922190","2,2414280",81
202000005654,20,1,31,10:10,1,2,2,1,6,75108,M,"48,8783910","2,3155450",75
202000005655,20,6,19,01:15,5,2,1,1,7,80021,M,"49,9143100","2,2548800",80
202000005656,20,1,30,23:00,5,2,2,2,7,75108,M,"48,8799830","2,3154330",75
202000005657,20,6,19,12:00,1,2,3,1,3,79191,M,"46,3236500"," -0,4676100",79
202000005658,20,6,16,19:25,1,2,1,1,6,77514,M,"48,9523346","2,6070499",77
202000005659,20,6,19,16:10,1,1,1,1,3,77186,M,"48,4473490","2,6700050",77
202000005660,20,6,20,00:25,5,2,1,2,6,72181,M,"47,9790000","0,2147800",72
202000005661,20,6,19,20:55,1,2,2,8,3,72181,M,"47,9674700","0,2066700",72
202000005662,20,6,18,14:10,1,2,3,1,4,69282,M,"45,7719308","5,0161422",69
202000005663,20,1,31,00:28,5,2,2,2,7,75107,M,"48,8603370","2,3236110",75
202000005664,20,1,31,20:20,5,2,2,1,6,75104,M,"48,8578840","2,3502010",75
202000005665,20,1,31,07:00,5,2,1,1,6,94081,M,"48,7956500","2,4089100",94
202000005666,20,1,31,17:40,2,2,9,1,3,94080,M,"48,8491290","2,4228480",94
202000005667,20,1,29,14:30,1,2,1,1,1,94042,M,"48,8147041","2,4627732",94
202000005668,20,1,29,07:35,1,2,1,1,4,94042,M,"48,8201700","2,4689200",94
202000005669,20,1,31,06:00,5,2,3,2,3,94046,M,"48,7904320","2,4350880",94
202000005670,20,1,31,10:20,1,2,1,2,1,94076,M,"48,7914300","2,3607500",94
202000005671,20,1,31,13:40,1,2,2,1,3,94033,M,"48,8521800","2,4537000",94
202000005672,20,1,31,11:10,1,2,2,1,3,94022,M,"48,7715000","2,4091000",94
202000005673,20,1,31,11:25,1,2,1,1,2,94022,M,"48,7615300","2,4112000",94
202000005674,20,1,30,16:10,1,2,1,2,6,94019,M,"48,8025400","2,5551200",94
202000005675,20,1,31,14:55,1,2,2,1,3,94018,M,"48,8224500","2,3976300",94
202000005676,20,1,31,17:20,1,2,1,1,3,93073,M,"48,9642000","2,5653000",93
202000005677,20,1,31,14:00,1,2,9,1,3,93005,M,"48,9503288","2,5238487",93
202000005678,20,1,31,11:30,1,2,1,8,6,93078,M,"48,9547000","2,5476600",93
202000005679,20,1,31,18:15,5,2,3,1,3,93066,M,"48,9255173","2,3507502",93
202000005680,20,1,31,17:30,2,2,1,1,6,93066,M,"48,9346838","2,3719996",93
202000005681,20,1,31,20:00,5,2,6,1,6,93055,M,"48,8991100","2,3967600",93
202000005682,20,1,31,18:15,5,2,1,1,6,93050,M,"48,8584062","2,5345186",93
202000005683,20,1,31,17:15,5,2,1,1,6,93050,M,"48,8579482","2,5295162",93
202000005684,20,1,31,17:00,1,2,1,1,6,93074,M,"48,9329200","2,5670700",93
202000005685,20,1,31,18:00,5,2,2,1,3,93006,M,"48,8604000","2,4204000",93
202000005686,20,1,31,17:00,1,2,1,1,6,93066,M,"48,9358268","2,3584794",93
202000005687,20,1,31,12:00,1,2,2,1,3,93005,M,"48,9431834","2,4999055",93
202000005688,20,1,31,10:05,1,2,9,2,3,92073,M,"48,8683000","2,2239000",92
202000005689,20,1,30,17:20,5,2,6,2,6,92063,M,"48,8594241","2,1832891",92
202000005690,20,1,31,13:32,1,2,1,1,3,92050,M,"48,8848290","2,1985810",92
202000005691,20,1,30,18:00,5,2,2,2,6,92050,M,"48,8893855","2,2040632",92
202000005692,20,1,31,10:50,1,2,2,1,7,92049,M,"48,8174980","2,3254570",92
202000005693,20,1,31,07:40,2,2,2,1,3,92036,M,"48,9210700","2,3252400",92
202000005694,20,1,30,09:15,1,2,2,3,3,92023,M,"48,8070200","2,2577800",92
202000005695,20,1,31,14:30,1,2,3,1,3,92036,M,"48,9204610","2,2884380",92
202000005696,20,1,30,17:45,2,2,1,2,-1,92002,M,"48,7635960","2,3045590",92
202000005697,20,2,1,07:20,1,2,6,1,6,38336,M,"45,4737500","4,8291400",38
202000005698,20,1,31,20:15,3,1,1,1,1,85126,M,"46,4584370"," -0,8378360",85
202000005699,20,1,27,12:25,1,1,3,1,4,68019,M,"48,0952470","7,5334350",68
202000005700,20,1,31,19:15,3,1,1,1,6,01157,M,"46,0078270","4,7510020",01
202000005701,20,1,28,12:42,1,1,1,8,2,68300,M,"47,7851050","7,3882730",68
202000005702,20,1,31,08:30,1,1,1,8,6,29142,M,"48,1624640"," -4,0441060",29
202000005703,20,1,31,17:55,1,1,1,1,2,22093,M,"48,4704740"," -2,5537200",22
202000005704,20,1,30,12:00,1,2,2,1,3,06095,M,"43,6385030","6,8839110",06
202000005705,20,1,31,17:20,1,1,1,1,7,50512,M,"49,0598490"," -1,1761000",50
202000005706,20,2,1,09:00,1,2,1,1,1,83054,M,"43,1608460","6,0420300",83
202000005707,20,1,31,18:45,5,2,3,8,3,62595,M,"50,7899872","2,1761747",62
202000005708,20,2,1,08:15,1,2,1,1,1,74173,M,"45,8389430","6,5979280",74
202000005709,20,2,1,18:10,5,2,3,2,1,67463,M,"48,8959250","8,1081110",67
202000005710,20,1,31,13:57,1,1,1,1,6,31150,M,"43,6613520","1,3530780",31
202000005711,20,2,1,18:45,3,1,1,2,7,55088,M,"48,5526147","5,6675202",55
202000005712,20,1,31,18:15,3,1,1,1,7,68258,M,"47,8303280","7,2950080",68
202000005713,20,2,1,01:40,3,1,1,2,7,22164,M,"48,5972340"," -3,2901800",22
202000005714,20,1,31,21:10,5,2,1,2,6,44069,M,"47,3313230"," -2,4232790",44
202000005715,20,2,1,18:50,3,1,6,2,2,13010,M,"43,8963460","4,7855330",13
202000005716,20,2,1,01:00,3,1,1,1,6,05072,M,"44,6587940","6,0846130",05
202000005717,20,2,1,14:10,1,1,9,1,3,60155,M,"49,2438974","2,3240690",60
202000005718,20,1,31,14:15,1,1,2,2,3,18004,M,"47,2257220","2,2661820",18
202000005719,20,1,30,14:30,1,2,1,1,3,43137,M,"45,2872860","4,1679010",43
202000005720,20,2,1,01:20,3,2,2,3,1,53147,M,"48,3042390"," -0,6141980",53
202000005721,20,2,1,09:40,1,2,1,1,2,40001,M,"43,7320960"," -0,2668150",40
202000005722,20,1,31,23:40,3,1,1,1,6,40272,M,"43,5708930"," -1,2748650",40
202000005723,20,1,31,17:33,2,1,3,2,3,17218,M,"46,2834060"," -0,9943910",17
202000005724,20,2,1,02:35,3,1,1,1,1,30123,M,"43,6984880","4,1763280",30
202000005725,20,1,31,17:08,1,1,1,8,1,33352,M,"44,5785700"," -0,0228080",33
202000005726,20,1,31,16:30,1,1,1,1,5,76684,M,"49,4737710","0,4635930",76
202000005727,20,1,25,19:00,3,1,1,1,2,13044,M,"43,6118750","5,0503420",13
202000005728,20,2,1,15:45,1,1,1,1,1,34337,M,"43,5392700","3,8833560",34
202000005729,20,1,31,18:45,2,2,2,1,7,69244,M,"45,7640450","4,7602670",69
202000005730,20,1,31,17:20,2,1,1,1,2,69027,M,"45,6847620","4,7664570",69
202000005731,20,2,1,08:30,1,1,1,3,7,91441,M,"48,5075390","2,5109880",91
202000005732,20,1,31,18:50,5,2,1,1,6,97107,A,"16,0019460"," -61,5993550",971
202000005733,20,1,31,21:30,5,1,6,1,1,97107,A,"16,0871070"," -61,5630270",971
202000005734,20,2,1,10:10,1,1,2,2,1,37003,M,"47,3893681","1,0470395",37
202000005735,20,1,31,10:20,1,1,1,8,7,45297,M,"47,7758050","2,3915000",45
202000005736,20,1,31,18:37,3,1,1,8,1,77099,M,"48,1607790","2,6739320",77
202000005737,20,1,31,16:45,1,1,2,8,1,91338,M,"48,6347700","2,0636590",91
202000005738,20,1,31,12:00,1,1,1,1,-1,34058,M,"43,6908640","4,0153340",34
202000005739,20,1,29,19:00,3,1,1,2,6,74224,M,"46,0551500","6,2908050",74
202000005740,20,2,1,11:00,1,1,1,2,2,17444,M,"45,6544730"," -0,6527640",17
202000005741,20,1,22,19:50,5,2,1,8,6,33019,M,"44,6836900"," -1,0157400",33
202000005742,20,2,1,09:08,1,1,1,1,6,27321,M,"49,1977470","1,1301110",27
202000005743,20,1,31,08:34,1,1,1,1,4,13071,M,"43,3775500","5,3177000",13
202000005744,20,1,29,09:45,1,1,1,1,4,83137,M,"43,1250600","5,9062500",83
202000005745,20,1,31,11:00,1,1,1,1,6,33448,M,"44,7191800"," -0,5215600",33
202000005746,20,1,31,08:55,1,1,1,8,7,92048,M,"48,8045487","2,2135654",92
202000005747,20,1,31,15:00,1,1,1,1,5,95277,M,"48,9722600","2,4860100",95
202000005748,20,1,31,07:00,3,1,1,2,3,95252,M,"48,9771500","2,2339200",95
202000005749,20,1,31,08:45,1,1,1,1,6,95277,M,"48,9731100","2,4852700",95
202000005750,20,1,31,06:30,4,1,1,1,6,95572,M,"49,0325300","2,1121700",95
202000005751,20,1,30,20:30,3,1,1,2,6,95582,M,"48,9750000","2,2415000",95
202000005752,20,1,30,16:30,1,1,1,2,6,93027,M,"48,9266400","2,4022400",93
202000005753,20,1,30,08:15,2,1,1,1,3,92036,M,"48,9423900","2,2894800",92
202000005754,20,1,29,16:20,1,1,1,1,4,93007,M,"48,9326600","2,4807200",93
202000005755,20,1,31,17:30,1,1,1,1,3,93051,M,"48,8349003","2,5774734",93
202000005756,20,1,31,10:40,1,1,1,8,3,94069,M,"48,8174400","2,4290300",94
202000005757,20,1,30,07:00,1,1,1,1,4,97416,R," -21,3149500","55,5416000",974
202000005758,20,1,29,05:45,2,1,9,1,3,97409,R," -20,9588100","55,6573300",974
202000005759,20,1,29,09:45,1,2,1,1,2,97302,G,"4,9373000"," -52,3253900",973
202000005760,20,1,30,18:00,5,2,1,2,6,69259,M,"45,7285220","4,8611766",69
202000005761,20,1,29,22:45,3,1,1,1,6,97213,A,"14,6527900"," -61,0059000",972
202000005762,20,1,30,09:51,1,2,1,1,2,2A004,M,"41,9341677","8,7473923",2A
202000005763,20,1,29,19:00,5,2,1,1,2,2A004,M,"41,9331744","8,7554318",2A
202000005764,20,1,29,18:50,5,2,3,8,3,91514,M,"48,6727000","2,5372000",91
202000005765,20,1,30,08:00,1,2,3,3,3,87065,M,"45,8161900","1,3086000",87
202000005766,20,7,21,14:45,1,1,1,1,7,95127,M,"49,0474550","2,0719860",95
202000005767,20,7,20,16:13,1,2,2,7,6,91570,M,"48,6343350","2,3022340",91
202000005768,20,7,20,09:17,1,2,1,1,7,91223,M,"48,4286000","2,1521000",91
202000005769,20,7,21,16:00,1,2,1,1,7,91657,M,"48,6905180","2,4397150",91
202000005770,20,7,21,06:50,2,2,1,1,2,91174,M,"48,6184000","2,4699700",91
202000005771,20,7,19,22:42,5,2,2,1,2,91339,M,"48,6352000","2,2661000",91
202000005772,20,7,18,12:25,1,2,6,1,2,91425,M,"48,6475300","2,2749800",91
202000005773,20,7,21,09:25,1,2,1,1,6,88160,M,"48,1765000","6,4462000",88
202000005774,20,7,21,12:14,1,2,2,1,-1,87085,M,"45,8308400","1,2447600",87
202000005775,20,7,13,12:20,1,2,2,1,1,81144,M,"43,9629440","2,1904230",81
202000005776,20,7,13,15:00,1,2,1,1,6,81004,M,"43,9315390","2,1651080",81
202000005777,20,7,16,15:00,1,2,1,1,2,80021,M,"49,9082500","2,2630500",80
202000005778,20,7,20,12:15,1,2,1,1,6,77258,M,"48,8339600","2,6426900",77
202000005779,20,7,21,15:30,1,2,1,7,6,77305,M,"48,3982370","2,9549360",77
202000005780,20,7,21,12:50,1,1,1,1,2,77517,M,"48,9061700","2,6620000",77
202000005781,20,7,20,00:20,5,2,2,1,2,76540,M,"49,4318800","1,0739400",76
202000005782,20,7,21,01:20,5,2,1,1,7,76108,M,"49,4605429","1,1101652",76
202000005783,20,7,18,23:20,5,2,3,1,6,76351,M,"49,5005000","0,1669200",76
202000005784,20,7,21,17:35,1,2,1,2,3,69266,M,"45,7794300","4,8815800",69
202000005785,20,7,20,07:20,1,2,1,1,-1,69115,M,"45,9728200","4,7223600",69
202000005786,20,7,18,14:00,1,2,2,1,3,67482,M,"48,5795440","7,7156357",67
202000005787,20,7,21,23:10,5,2,1,1,-1,64445,M,"43,3055000"," -0,3677400",64
202000005788,20,7,21,11:47,1,1,1,1,2,64348,M,"43,3116500"," -0,4137400",64
202000005789,20,7,21,10:30,1,2,1,1,7,64445,M,"43,3184900"," -0,3450000",64
202000005790,20,7,20,18:00,1,1,1,1,7,64269,M,"43,3011200"," -0,3138100",64
202000005791,20,7,21,14:55,1,2,1,1,2,64102,M,"43,4859700"," -1,4661300",64
202000005792,20,7,21,09:15,1,2,7,1,6,64024,M,"43,4949700"," -1,5295300",64
202000005793,20,7,20,15:32,1,2,3,1,2,63164,M,"45,8367400","3,1582400",63
202000005794,20,7,20,16:30,1,2,1,1,7,62178,M,"50,4856270","2,5465540",62
202000005795,20,7,20,14:20,1,2,2,1,3,62400,M,"50,4721477","2,5775383",62
202000005796,20,7,21,19:20,1,2,3,1,1,59599,M,"50,7224700","3,1533540",59
202000005797,20,7,21,16:30,1,2,9,1,5,59128,M,"50,6457630","2,9624301",59
202000005798,20,7,21,21:25,1,2,7,1,1,54300,M,"48,6563200","6,2312800",54
202000005799,20,7,21,14:40,1,2,6,1,1,51573,M,"49,2473844","3,9991922",51
202000005800,20,7,21,17:15,1,1,9,1,6,50002,M,"49,1108900"," -1,1389000",50
202000005801,20,7,21,21:30,1,2,1,1,6,50218,M,"48,8430650"," -1,5939520",50
202000005802,20,7,18,21:24,1,2,1,1,3,49353,M,"47,4437700"," -0,4981600",49
202000005803,20,7,18,18:09,1,2,1,1,2,49007,M,"47,4668200"," -0,5546400",49
202000005804,20,7,17,14:21,1,2,1,1,2,49267,M,"47,4668900"," -0,4963400",49
202000005805,20,7,20,19:43,1,1,1,1,7,48095,M,"44,5309600","3,5257000",48
202000005806,20,7,21,19:10,1,2,6,1,3,45234,M,"47,9243000","1,9412000",45
202000005807,20,7,11,19:50,1,2,3,1,3,44184,M,"47,2898500"," -2,1934900",44
202000005808,20,7,20,17:15,1,2,1,1,6,44109,M,"47,2102400"," -1,6037300",44
202000005809,20,7,21,19:15,1,2,2,1,7,37261,M,"47,4036257","0,7240247",37
202000005810,20,7,21,17:20,1,2,6,1,-1,37261,M,"47,4317587","0,6975205",37