Num_Acc,an,mois,jour,hrmn,lum,agg,int,atm,col,com,gps,lat,long,dep
202000005811,20,7,20,19:12,1,2,1,1,4,37122,M,"47,3622009","0,6475578",37
202000005812,20,7,21,08:00,1,2,6,1,7,37261,M,"47,3737970","0,6784434",37
202000005813,20,7,21,21:45,2,1,1,1,6,35278,M,"48,1431000"," -1,6713000",35
202000005814,20,7,21,20:35,2,2,6,1,3,35051,M,"48,1143000"," -1,6152000",35
202000005815,20,7,21,19:25,1,2,6,1,3,35238,M,"48,1115300"," -1,6461100",35
202000005816,20,7,20,19:00,1,2,2,1,3,33063,M,"44,8531600"," -0,5766900",33
202000005817,20,7,11,02:00,3,2,1,1,6,33162,M,"44,8619400"," -0,6660200",33
202000005818,20,7,21,06:03,2,2,1,1,3,31555,M,"43,6430790","1,4677160",31
202000005819,20,7,21,23:40,5,2,9,1,6,29232,M,"47,9935112"," -4,1048760",29
202000005820,20,7,21,14:07,1,2,1,1,2,27681,M,"49,0791900","1,4880900",27
202000005821,20,7,20,11:10,1,2,2,1,3,27229,M,"49,0339930","1,1293090",27
202000005822,20,7,21,13:40,1,2,4,1,1,26281,M,"45,0411300","5,0755000",26
202000005823,20,7,7,09:40,1,2,6,1,2,22113,M,"48,7220622"," -3,4817255",22
202000005824,20,7,21,18:15,1,2,1,1,6,17300,M,"46,1523201"," -1,1423636",17
202000005825,20,7,20,16:50,1,2,1,1,3,17028,M,"46,1290359"," -1,1189449",17
202000005826,20,7,21,18:55,1,2,6,1,7,14333,M,"49,4178043","0,2401757",14
202000005827,20,7,21,19:20,1,2,9,1,4,06088,M,"43,7089722","7,2842967",06
202000005828,20,7,21,12:45,1,2,1,1,3,06069,M,"43,6300000","6,9400000",06
202000005829,20,7,21,12:30,1,1,1,1,3,06029,M,"43,5490000","6,9901000",06
202000005830,20,7,18,01:36,5,2,1,1,6,03094,M,"46,1556210","3,4107318",03
202000005831,20,7,21,12:42,1,2,1,1,2,75113,M,"48,8215800","2,3791310",75
202000005832,20,7,21,20:30,1,2,4,1,3,75119,M,"48,8898750","2,3966290",75
202000005833,20,7,21,20:15,1,2,7,1,3,75119,M,"48,8832870","2,3693530",75
202000005834,20,7,20,19:00,1,2,1,1,3,75116,M,"48,8666110","2,2950270",75
202000005835,20,7,21,19:35,1,2,1,1,6,75113,M,"48,8352830","2,3747090",75
202000005836,20,7,21,13:00,1,2,3,1,3,75111,M,"48,8648360","2,3850710",75
202000005837,20,7,20,22:25,5,2,5,1,3,75111,M,"48,8504010","2,3925060",75
202000005838,20,10,7,19:15,2,2,1,1,3,75110,M,"48,8709430","2,3660480",75
202000005839,20,7,21,22:30,5,2,7,1,3,75108,M,"48,8666530","2,3220160",75
202000005840,20,7,21,14:32,1,2,2,1,3,75108,M,"48,8737800","2,3206370",75
202000005841,20,7,20,23:25,5,2,2,1,3,75108,M,"48,8683820","2,3011150",75
202000005842,20,7,15,18:25,2,2,1,1,3,75104,M,"48,8550060","2,3613510",75
202000005843,20,7,21,11:26,1,2,3,1,7,75104,M,"48,8534200","2,3671910",75
202000005844,20,7,21,10:10,1,2,2,1,1,94068,M,"48,7970620","2,5048780",94
202000005845,20,7,21,09:50,1,2,5,1,3,94068,M,"48,7963400","2,5067300",94
202000005846,20,7,20,19:15,1,2,3,1,1,94073,M,"48,7664600","2,3864800",94
202000005847,20,7,21,21:40,2,2,9,1,2,94022,M,"48,7654000","2,4085000",94
202000005848,20,7,21,18:30,1,2,3,1,6,94054,M,"48,7444000","2,4009000",94
202000005849,20,7,21,06:50,1,2,1,7,6,94022,M,"48,7643000","2,4059000",94
202000005850,20,7,21,18:30,1,2,9,1,1,94019,M,"48,8009300","2,5278700",94
202000005851,20,7,21,07:05,2,2,6,1,3,94017,M,"48,8117200","2,5364900",94
202000005852,20,7,20,08:15,1,2,1,1,6,94017,M,"48,8043500","2,5531200",94
202000005853,20,7,21,19:50,1,2,3,1,3,94075,M,"48,7287000","2,5232000",94
202000005854,20,7,21,14:57,1,2,2,1,-1,93078,M,"48,9582100","2,5585500",93
202000005855,20,7,21,17:49,1,2,1,1,3,93070,M,"48,9134547","2,3356653",93
202000005856,20,7,21,21:10,1,2,1,1,6,93066,M,"48,9280747","2,3413216",93
202000005857,20,7,21,09:10,1,2,3,1,3,93077,M,"48,8918915","2,5058543",93
202000005858,20,7,21,17:40,1,2,1,1,3,93048,M,"48,8662720","2,4361747",93
202000005859,20,7,21,17:19,1,2,1,1,6,93046,M,"48,9152130","2,5341090",93
202000005860,20,7,21,07:00,2,2,2,1,5,93010,M,"48,9036627","2,4770432",93
202000005861,20,7,21,19:30,2,2,5,1,6,93071,M,"48,9353000","2,5341000",93
202000005862,20,7,21,22:53,5,2,1,1,3,92075,M,"48,8230069","2,2957698",92
202000005863,20,7,15,21:00,2,2,3,1,7,92050,M,"48,8937599","2,1966369",92
202000005864,20,7,21,12:17,1,2,1,1,3,92049,M,"48,8111742","2,3263979",92
202000005865,20,7,20,22:35,5,2,1,1,7,92049,M,"48,8122072","2,3028454",92
202000005866,20,7,21,14:30,1,2,9,1,2,92040,M,"48,8279579","2,2675277",92
202000005867,20,7,21,19:40,1,2,2,1,6,92024,M,"48,9000100","2,3062100",92
202000005868,20,7,21,09:10,1,2,1,7,-1,17245,M,"46,1556120"," -1,0120140",17
202000005869,20,7,22,09:15,1,1,1,1,5,84142,M,"43,9597970","5,0265510",84
202000005870,20,7,22,08:50,1,2,2,1,3,71047,M,"46,6216670","3,7675298",71
202000005871,20,7,22,17:00,1,2,1,1,3,31273,M,"43,6999161","1,5065455",31
202000005872,20,7,20,10:20,1,1,1,1,1,84094,M,"44,2787990","5,1401050",84
202000005873,20,7,21,22:25,2,1,1,1,7,63264,M,"45,6230650","2,8228180",63
202000005874,20,7,21,18:04,1,1,1,7,2,57224,M,"49,0619760","6,6754120",57
202000005875,20,7,19,11:16,1,2,3,1,3,01194,M,"45,9855900","4,7543980",01
202000005876,20,7,22,12:55,1,1,1,1,6,06130,M,"43,7179600","6,8354090",06
202000005877,20,7,21,17:00,1,2,2,1,3,58086,M,"47,4117390","2,9271540",58
202000005878,20,7,21,07:00,1,2,2,1,3,59016,M,"50,9653530","2,3464230",59
202000005879,20,7,15,16:00,1,2,1,1,3,97413,R," -21,1580990","55,2852680",974
202000005880,20,7,22,17:00,1,1,1,1,6,30202,M,"44,2572410","4,6253730",30
202000005881,20,7,22,20:00,1,1,1,1,7,62430,M,"50,1530670","2,5255040",62
202000005882,20,7,21,20:30,2,1,2,7,3,56248,M,"47,5708220"," -2,6010130",56
202000005883,20,7,21,10:35,1,2,6,1,6,56184,M,"47,6681510"," -2,4503210",56
202000005884,20,7,21,09:25,1,1,1,1,7,56123,M,"47,6677570"," -2,2995110",56
202000005885,20,7,21,06:40,1,1,1,1,6,76463,M,"49,4263560","1,6885470",76
202000005886,20,7,21,18:15,1,2,3,1,3,76179,M,"49,6010480","1,1156650",76
202000005887,20,7,22,09:50,1,2,1,1,4,2B343,M,"42,4980940","9,4683160",2B
202000005888,20,7,18,18:35,1,1,1,1,7,80649,M,"50,3440230","1,6450520",80
202000005889,20,7,21,18:30,1,1,3,1,3,82154,M,"44,2307290","1,1374820",82
202000005890,20,7,22,12:26,1,1,1,1,5,33437,M,"44,8550400"," -0,0899290",33
202000005891,20,7,1,16:00,1,1,2,1,3,61153,M,"48,7277140"," -0,0524780",61
202000005892,20,7,21,18:00,1,1,2,7,3,49135,M,"47,5624970"," -0,5854080",49
202000005893,20,7,21,11:45,1,1,6,1,6,49378,M,"47,3081638"," -0,0310587",49
202000005894,20,7,21,20:45,1,1,1,1,7,49228,M,"47,4075680","0,1500320",49
202000005895,20,7,22,15:40,1,1,3,1,3,29220,M,"47,8837400"," -4,2051140",29
202000005896,20,7,21,09:44,1,1,1,1,6,84020,M,"43,8145720","5,3285620",84
202000005897,20,7,22,16:41,1,1,2,3,3,01113,M,"46,1777580","5,0731460",01
202000005898,20,7,21,14:25,1,1,1,1,6,50417,M,"49,5894110"," -1,3163320",50
202000005899,20,7,22,09:40,1,1,1,1,7,83095,M,"43,5558650","6,1167560",83
202000005900,20,7,22,07:30,1,1,2,1,1,60485,M,"49,6126560","2,1708300",60
202000005901,20,7,22,11:30,1,1,1,1,6,18110,M,"47,2616630","2,9382370",18
202000005902,20,7,21,17:10,1,2,1,1,2,07010,M,"45,2498840","4,6804520",07
202000005903,20,7,22,18:30,1,1,2,1,3,53126,M,"48,3648030"," -0,9723440",53
202000005904,20,7,21,20:20,1,1,1,1,7,53039,M,"48,1561090"," -0,9593300",53
202000005905,20,7,20,12:15,1,1,1,1,2,04013,M,"44,1270120","5,9790637",04
202000005906,20,7,19,04:15,3,1,1,1,6,17253,M,"46,0262600"," -0,8359270",17
202000005907,20,7,19,06:10,3,1,1,1,7,24126,M,"44,8012810","0,5182350",24
202000005908,20,7,21,20:55,3,2,1,1,6,97307,G,"4,8884620"," -52,3181930",973
202000005909,20,7,21,14:15,1,1,1,1,2,65062,M,"43,2085710","0,1362870",65
202000005910,20,7,21,13:10,1,2,1,1,2,74264,M,"46,0563030","6,5670110",74
202000005911,20,7,18,23:00,5,2,1,1,4,97612,Y," -12,6894530","45,0749300",976
202000005912,20,7,22,10:25,1,2,1,1,2,69044,M,"45,7757320","4,7342870",69
202000005913,20,2,26,14:45,1,1,1,1,2,21173,M,"47,0433777","4,8893795",21
202000005914,20,7,12,16:30,1,2,2,1,3,97125,A,"16,2561410"," -61,2897150",971
202000005915,20,7,21,18:25,1,1,1,1,7,34135,M,"43,3007730","3,1536180",34
202000005916,20,7,21,04:45,3,1,1,1,1,67336,M,"48,4508170","7,6569600",67
202000005917,20,7,21,17:00,1,2,1,1,3,69190,M,"45,7682110","4,6992300",69
202000005918,20,7,21,12:00,1,2,1,1,6,81099,M,"43,9023840","1,8914590",81
202000005919,20,7,21,13:50,1,1,1,1,6,09306,M,"42,8329890","1,6079740",09
202000005920,20,7,21,13:20,1,2,1,1,2,16018,M,"45,6428730"," -0,3833760",16
202000005921,20,7,21,15:00,1,1,1,1,2,13028,M,"43,2050448","5,5902389",13
202000005922,20,7,21,13:15,1,1,1,1,7,13005,M,"43,2885670","5,5606820",13
202000005923,20,7,20,19:45,1,1,1,1,5,13055,M,"43,3299700","5,3966580",13
202000005924,20,7,20,17:01,1,1,1,1,5,83137,M,"43,1265500","5,8913100",83
202000005925,20,7,20,23:12,3,1,1,1,-1,69272,M,"45,5941400","4,8471800",69
202000005926,20,7,21,18:45,1,1,1,1,2,92050,M,"48,9088703","2,2144267",92
202000005927,20,7,20,08:30,1,1,1,1,-1,92048,M,"48,7955155","2,2178484",92
202000005928,20,7,21,21:20,2,1,1,1,3,93053,M,"48,8834300","2,4585600",93
202000005929,20,7,21,17:30,1,1,1,1,7,93063,M,"48,8794400","2,4494700",93
202000005930,20,7,21,07:55,1,1,1,1,3,93066,M,"48,9338000","2,3806900",93
202000005931,20,7,21,07:25,1,1,1,1,3,94017,M,"48,8296743","2,4982711",94
202000005932,20,7,21,07:15,1,1,1,1,2,77169,M,"48,8124700","2,6287800",77
202000005933,20,7,20,18:30,1,1,1,1,3,77337,M,"48,8303864","2,6112166",77
202000005934,20,7,17,23:10,5,1,1,1,2,94065,M,"48,7552210","2,3439100",94
202000005935,20,7,20,22:55,5,2,2,1,3,69387,M,"45,7481800","4,8436800",69
202000005936,20,7,20,16:50,1,2,1,1,6,69388,M,"45,7261000","4,8700000",69
202000005937,20,7,20,13:50,1,2,3,1,-1,69259,M,"45,7158800","4,8714400",69
202000005938,20,7,20,11:50,1,2,1,1,2,69383,M,"45,7635900","4,8502100",69
202000005939,20,7,20,19:09,1,2,3,1,3,2A004,M,"41,9341287","8,7506722",2A
202000005940,20,7,19,15:43,1,2,1,1,1,95539,M,"48,9947000","2,3653000",95
202000005941,20,7,18,12:17,1,2,2,1,3,91477,M,"48,7238800","2,2383200",91
202000005942,20,7,20,17:50,1,2,1,1,6,91377,M,"48,7335000","2,2623000",91
202000005943,20,7,16,09:52,1,2,3,1,3,91552,M,"48,5911700","2,2579400",91
202000005944,20,7,13,10:00,1,2,2,1,5,91425,M,"48,6340800","2,2661100",91
202000005945,20,7,20,01:10,5,2,5,1,3,83137,M,"43,1241000","5,9363000",83
202000005946,20,7,20,08:15,1,2,1,1,1,83069,M,"43,1149774","6,1554819",83
202000005947,20,7,19,22:20,2,2,1,1,4,76231,M,"49,2786690","1,0059340",76
202000005948,20,7,17,16:30,1,1,6,1,7,76705,M,"49,3289200","1,1020700",76
202000005949,20,7,20,12:30,1,2,1,1,2,74119,M,"46,3998100","6,5978600",74
202000005950,20,7,19,20:30,1,2,1,1,1,71306,M,"46,6740158","4,3435180",71
202000005951,20,7,20,18:40,1,2,3,1,3,69266,M,"45,7637802","4,8699254",69
202000005952,20,7,19,14:00,1,2,1,1,3,67482,M,"48,5760200","7,7321200",67
202000005953,20,7,18,19:00,1,2,1,1,3,67482,M,"48,5418500","7,7763600",67
202000005954,20,7,19,12:40,1,2,1,1,-1,64445,M,"43,3045000"," -0,3490300",64
202000005955,20,7,20,14:45,1,2,6,1,7,64024,M,"43,4961000"," -1,5288000",64
202000005956,20,7,13,07:25,1,2,2,1,6,63124,M,"45,7300664","3,1908015",63
202000005957,20,7,7,09:45,1,2,3,1,6,59350,M,"50,6243142","3,0711561",59
202000005958,20,7,17,23:00,3,1,1,1,2,56121,M,"47,7693600"," -3,3784300",56
202000005959,20,9,3,19:10,1,2,6,1,3,44172,M,"47,2749710"," -1,4683060",44
202000005960,20,10,16,20:18,5,2,3,1,3,60313,M,"49,3555313","2,2531677",60
202000005961,20,10,17,11:50,1,1,1,1,2,80383,M,"49,7246180","2,7790260",80
202000005962,20,10,16,18:30,1,1,1,1,2,13055,M,"43,3298600","5,4030070",13
202000005963,20,10,16,16:00,1,1,1,1,2,13211,M,"43,2912300","5,4850400",13
202000005964,20,10,16,09:10,1,1,1,1,4,13071,M,"43,4029440","5,3454330",13
202000005965,20,10,14,08:45,1,1,1,1,2,69283,M,"45,6741000","4,9503000",69
202000005966,20,10,16,08:30,1,1,1,1,3,33080,M,"44,7597400"," -0,5463300",33
202000005967,20,10,14,08:15,1,1,1,1,3,33249,M,"44,8847300"," -0,5161300",33
202000005968,20,10,16,07:30,1,1,1,1,2,78362,M,"48,9770090","1,7168730",78
202000005969,20,10,15,15:10,1,2,1,1,6,95277,M,"48,9727710","2,4866840",95
202000005970,20,10,16,07:15,3,1,1,1,5,93051,M,"48,8365570","2,5482720",93
202000005971,20,10,15,07:20,1,2,1,1,6,97611,Y," -12,8159800","45,1992500",976
202000005972,20,10,14,20:15,3,1,1,1,3,97416,R," -21,2222300","55,4449200",974
202000005973,20,10,14,19:50,1,1,1,1,6,97416,R," -21,3312300","55,4903800",974
202000005974,20,10,14,15:40,1,2,3,1,3,97409,R," -20,9330910","55,6521140",974
202000005975,20,10,14,18:00,1,2,9,1,3,97407,R," -20,9302700","55,3014900",974
202000005976,20,10,15,17:15,1,2,1,1,3,97302,G,"4,9374700"," -52,3258000",973
202000005977,20,10,15,20:00,5,2,2,1,1,69387,M,"45,7521000","4,8522000",69
202000005978,20,10,15,17:30,2,2,2,1,1,69387,M,"45,7479400","4,8562000",69
202000005979,20,10,15,13:55,1,2,1,1,-1,69383,M,"45,7592600","4,8409400",69
202000005980,20,10,15,13:30,1,2,1,8,6,69202,M,"45,7466772","4,8011967",69
202000005981,20,10,14,12:15,1,1,1,2,6,97101,A,"16,2681900"," -61,5117100",971
202000005982,20,10,13,08:25,1,2,1,1,6,95585,M,"48,9981100","2,3826300",95
202000005983,20,10,13,08:30,1,2,1,3,5,91552,M,"48,6028000","2,2569800",91
202000005984,20,10,11,17:49,1,2,1,1,2,91549,M,"48,6401700","2,3331700",91
202000005985,20,10,11,00:25,5,1,1,1,2,91552,M,"48,5772300","2,2866700",91
202000005986,20,10,10,11:20,1,2,1,1,6,91549,M,"48,6526600","2,3153800",91
202000005987,20,10,6,13:30,1,2,9,1,3,91570,M,"48,6258000","2,3138200",91
202000005988,20,10,14,17:28,1,2,1,2,4,87085,M,"45,8199000","1,2647900",87
202000005989,20,10,14,20:15,5,2,3,2,7,87065,M,"45,8159600","1,3086000",87
202000005990,20,10,14,16:07,1,1,1,2,6,87065,M,"45,7987800","1,2962800",87
202000005991,20,10,15,13:45,1,2,1,1,3,83090,M,"43,1327345","5,8648999",83
202000005992,20,10,14,08:00,1,2,1,1,2,76540,M,"49,4462000","1,0883900",76
202000005993,20,10,14,18:30,1,2,1,1,6,76575,M,"49,3868400","1,0660300",76
202000005994,20,10,14,15:15,1,2,3,1,3,76165,M,"49,2871400","1,0229400",76
202000005995,20,10,15,18:30,1,2,3,1,3,76349,M,"49,8930900","1,0313800",76
202000005996,20,8,31,09:40,1,2,1,1,3,69264,M,"45,9799000","4,7162000",69
202000005997,20,10,15,08:30,1,2,1,1,3,69264,M,"45,9908798","4,7150969",69
202000005998,20,10,14,18:00,2,2,1,2,1,67482,M,"48,5718000","7,7800000",67
202000005999,20,10,15,10:32,1,2,1,1,3,66136,M,"42,7224500","2,8865300",66
202000006000,20,10,15,09:55,1,2,6,1,3,64445,M,"43,3130600"," -0,3689600",64
202000006001,20,10,15,15:20,1,2,6,8,3,64102,M,"43,4979200"," -1,4937000",64
202000006002,20,10,15,08:00,2,2,3,3,6,64024,M,"43,4835000"," -1,5108800",64
202000006003,20,10,15,16:25,1,2,1,1,6,59599,M,"50,7326500","3,1431200",59
202000006004,20,10,15,18:25,2,2,9,1,3,59346,M,"50,6040700","3,1337400",59
202000006005,20,10,14,11:50,1,2,9,1,2,59346,M,"50,6180700","3,1097000",59
202000006006,20,10,15,06:55,2,2,3,1,3,58194,M,"46,9888100","3,1720500",58
202000006007,20,10,12,03:25,4,2,1,2,6,57672,M,"49,3679885","6,1084413",57
202000006008,20,10,15,07:50,2,2,1,1,1,56260,M,"47,6613800"," -2,7564900",56
202000006009,20,10,14,17:15,1,2,3,1,3,56121,M,"47,7597600"," -3,3815200",56
202000006010,20,10,14,19:40,5,2,3,2,3,54395,M,"48,6849367","6,1753904",54
202000006011,20,10,14,19:40,5,2,1,2,6,54395,M,"48,6904960","6,1812960",54
202000006012,20,10,14,18:35,5,2,2,2,3,54395,M,"48,6718000","6,1613000",54
202000006013,20,10,13,07:30,2,2,1,1,5,54395,M,"48,6863000","6,1936500",54
202000006014,20,10,15,17:30,1,2,2,1,7,51454,M,"49,2401435","4,0414660",51
202000006015,20,10,13,15:30,1,2,1,1,6,50129,M,"49,6428100"," -1,6240700",50
202000006016,20,10,14,11:45,1,2,1,8,3,50129,M,"49,6405500"," -1,6121200",50
202000006017,20,10,14,16:25,1,2,3,1,3,49099,M,"47,0744720"," -0,8438935",49
202000006018,20,10,13,20:00,2,1,1,2,4,49007,M,"47,4695100"," -0,5921100",49
202000006019,20,10,13,17:27,2,2,1,1,3,49007,M,"47,4764200"," -0,5475470",49
202000006020,20,10,14,15:04,5,2,1,5,6,49007,M,"47,4597000"," -0,5605000",49
202000006021,20,10,9,11:55,1,2,1,2,1,44109,M,"47,2276400"," -1,5744500",44
202000006022,20,10,10,16:20,1,2,1,1,3,41269,M,"47,8033700","1,0663600",41
202000006023,20,10,16,01:25,3,2,1,1,7,37208,M,"47,3539855","0,7517663",37
202000006024,20,10,15,07:30,1,2,1,1,3,37261,M,"47,4261004","0,6969158",37
202000006025,20,10,15,07:10,4,2,1,8,6,35238,M,"48,1102000"," -1,6787100",35
202000006026,20,10,14,17:40,1,2,9,1,3,35238,M,"48,1191600"," -1,6492600",35
202000006027,20,10,15,07:20,5,2,4,1,3,33039,M,"44,8094100"," -0,5373400",33
202000006028,20,10,15,10:55,1,2,1,1,3,31555,M,"43,5783200","1,4578300",31
202000006029,20,10,14,18:30,2,2,1,1,1,31555,M,"43,5766100","1,4362600",31
202000006030,20,10,14,17:00,1,1,1,2,4,31555,M,"43,6171300","1,3938400",31
202000006031,20,10,14,12:10,1,2,1,3,3,31555,M,"43,5980200","1,4558900",31
202000006032,20,10,13,20:09,5,2,1,2,3,31555,M,"43,6097900","1,4327600",31
202000006033,20,10,14,15:00,1,2,3,1,3,29019,M,"48,3788746"," -4,5203934",29
202000006034,20,10,14,12:05,1,2,1,2,2,29019,M,"48,4150638"," -4,4797467",29
202000006035,20,10,15,08:05,1,2,6,1,3,27229,M,"48,9985600","1,1548900",27
202000006036,20,10,15,18:45,1,2,3,2,3,26198,M,"44,5637400","4,7398500",26
202000006037,20,10,14,12:15,1,2,1,1,2,22113,M,"48,7387080"," -3,4778970",22
202000006038,20,10,14,06:58,5,2,1,2,5,21054,M,"47,0261670","4,8425610",21
202000006039,20,10,15,22:55,5,2,1,1,6,17306,M,"45,6250310"," -1,0477420",17
202000006040,20,10,15,20:45,5,2,1,1,3,13207,M,"43,2921000","5,3590000",13
202000006041,20,10,15,19:45,5,2,2,1,3,13211,M,"43,2886080","5,4548040",13
202000006042,20,10,15,14:40,1,2,1,1,3,13207,M,"43,2902100","5,3685820",13
202000006043,20,10,15,08:10,1,2,1,1,3,13206,M,"43,2865320","5,3773940",13
202000006044,20,10,14,10:51,1,2,6,1,3,10387,M,"48,2948800","4,0818900",10
202000006045,20,10,9,09:10,1,2,1,2,7,08174,M,"49,7306200","4,9258100",08
202000006046,20,10,15,15:55,1,2,1,1,5,06088,M,"43,6696100","7,2220500",06
202000006047,20,10,15,15:30,1,2,3,1,3,06027,M,"43,6616000","7,1658000",06
202000006048,20,10,15,08:25,1,2,1,1,6,06027,M,"43,6597070","7,1582260",06
202000006049,20,10,15,21:02,5,2,2,2,3,03185,M,"46,3281896","2,6086831",03
202000006050,20,10,13,08:40,1,2,4,2,2,75116,M,"48,8439220","2,2548740",75
202000006051,20,10,15,15:40,1,2,3,1,6,75120,M,"48,8675330","2,3850940",75
202000006052,20,10,14,09:10,1,2,2,8,3,75120,M,"48,8686470","2,3895750",75
202000006053,20,10,15,17:30,1,2,1,1,7,75118,M,"48,8983290","2,3616580",75
202000006054,20,10,15,09:30,1,2,3,1,6,75118,M,"48,8868470","2,3596650",75
202000006055,20,10,15,08:25,1,2,1,1,6,75116,M,"48,8436060","2,2698990",75
202000006056,20,10,14,22:36,5,2,2,1,7,75116,M,"48,8537260","2,2774340",75
202000006057,20,10,15,19:30,5,2,1,1,6,75114,M,"48,8337960","2,3244710",75
202000006058,20,10,15,09:50,1,2,1,1,2,75114,M,"48,8312750","2,3333990",75
202000006059,20,10,15,19:00,5,2,5,1,3,75113,M,"48,8368330","2,3518020",75
202000006060,20,10,15,11:05,1,2,1,1,3,75112,M,"48,8405200","2,3916810",75
202000006061,20,10,15,08:45,1,2,1,8,3,75112,M,"48,8451210","2,3663700",75
202000006062,20,10,15,19:30,5,2,7,1,2,75111,M,"48,8582540","2,3793600",75
202000006063,20,10,15,14:25,1,2,2,1,3,75111,M,"48,8662540","2,3695930",75
202000006064,20,10,15,07:45,5,2,1,1,6,75111,M,"48,8552200","2,3878010",75
202000006065,20,10,15,14:30,1,2,1,1,6,75110,M,"48,8789280","2,3569020",75
202000006066,20,10,15,11:35,1,2,1,1,7,75110,M,"48,8745870","2,3507220",75
202000006067,20,10,15,17:30,1,2,3,1,6,75108,M,"48,8772070","2,3230730",75
202000006068,20,10,15,12:59,1,2,3,1,6,75108,M,"48,8743870","2,3186420",75
202000006069,20,10,15,10:30,1,2,1,1,3,75108,M,"48,8715110","2,3020540",75
202000006070,20,10,15,09:10,1,2,1,1,3,75108,M,"48,8754490","2,3254150",75
202000006071,20,10,14,18:00,1,2,3,1,1,75108,M,"48,8766930","2,3193100",75
202000006072,20,10,15,15:05,1,2,5,1,6,75115,M,"48,8386270","2,2894810",75
202000006073,20,10,14,08:50,1,2,2,2,7,75101,M,"48,8595270","2,3487970",75
202000006074,20,10,14,09:00,1,2,1,2,2,75101,M,"48,8606310","2,3417740",75
202000006075,20,10,15,13:30,1,2,1,1,3,94081,M,"48,7979200","2,3803200",94
202000006076,20,10,15,08:20,1,2,1,1,3,94081,M,"48,7877600","2,3875100",94
202000006077,20,10,14,07:50,2,2,2,2,3,94068,M,"48,7945415","2,5115111",94
202000006078,20,10,13,07:00,5,2,1,2,6,94068,M,"48,8092690","2,4662690",94
202000006079,20,10,15,03:10,5,2,1,1,1,94052,M,"48,8321000","2,4930000",94
202000006080,20,10,15,19:45,5,2,3,1,7,94046,M,"48,7997890","2,4429800",94
202000006081,20,10,14,08:30,1,2,3,2,3,94003,M,"48,8037100","2,3381900",94
202000006082,20,10,15,13:15,1,2,1,1,2,94041,M,"48,8074100","2,3845900",94
202000006083,20,10,15,13:30,1,2,1,1,7,94034,M,"48,7580900","2,3204500",94
202000006084,20,10,14,12:20,1,2,2,1,3,94019,M,"48,7905000","2,5319700",94
202000006085,20,10,14,08:05,2,2,3,2,3,93070,M,"48,9078300","2,3323800",93
202000006086,20,10,15,15:00,1,2,1,1,3,93014,M,"48,9087212","2,5543801",93
202000006087,20,10,15,19:35,5,2,1,1,4,93010,M,"48,9065878","2,4858460",93
202000006088,20,10,15,13:55,1,2,1,1,-1,93010,M,"48,9152642","2,4789839",93
202000006089,20,10,15,08:05,1,2,9,1,3,93010,M,"48,8905044","2,4954990",93
202000006090,20,10,13,08:40,1,2,6,2,3,92063,M,"48,8901000","2,1673500",92
202000006091,20,10,11,15:55,1,2,2,1,3,92063,M,"48,8867500","2,1743600",92
202000006092,20,10,15,09:10,1,2,9,1,6,92062,M,"48,8867457","2,2306259",92
202000006093,20,10,15,13:45,1,2,3,1,6,92024,M,"48,9093153","2,3078335",92
202000006094,20,10,15,08:26,1,2,1,8,6,92024,M,"48,9035000","2,3166000",92
202000006095,20,10,14,13:40,1,2,6,8,3,92060,M,"48,7762885","2,2497095",92
202000006096,20,10,14,22:30,3,1,1,1,6,62704,M,"50,5679069","2,0960453",62
202000006097,20,10,15,18:45,1,1,1,1,1,22209,M,"48,5758800"," -2,1747240",22
202000006098,20,10,15,16:45,1,1,1,1,1,06033,M,"43,7754980","7,2121170",06
202000006099,20,10,16,11:00,1,2,1,1,6,60176,M,"49,2368556","2,8878884",60
202000006100,20,10,16,03:35,3,1,1,1,6,36200,M,"46,6137571","1,5329877",36
202000006101,20,10,16,18:30,3,1,1,8,3,57244,M,"48,7138590","7,2191980",57
202000006102,20,10,16,08:15,1,2,1,1,6,51492,M,"48,5533050","3,7814470",51
202000006103,20,10,13,17:40,1,1,6,2,7,19093,M,"45,1011461","1,5722658",19
202000006104,20,9,16,16:30,1,1,3,1,1,19093,M,"45,0858137","1,5423970",19
202000006105,20,10,16,01:15,5,2,1,1,6,80732,M,"49,8824360","1,7249550",80
202000006106,20,10,16,06:00,2,1,1,2,6,42274,M,"45,9164120","3,9797860",42
202000006107,20,10,15,21:30,3,1,1,2,6,42235,M,"45,3639290","4,0366170",42
202000006108,20,10,16,16:50,1,1,1,1,1,46145,M,"44,9101460","1,4996980",46
202000006109,20,10,15,12:15,1,2,1,1,6,34142,M,"43,7307900","3,3240350",34
202000006110,20,10,16,07:15,4,2,2,1,6,68055,M,"47,6936794","7,3613447",68
202000006111,20,10,15,15:10,1,1,1,1,2,44069,M,"47,2873810"," -2,4107270",44
202000006112,20,10,15,11:40,1,1,3,1,1,38001,M,"45,5534310","5,5625940",38
202000006113,20,10,15,19:40,5,2,1,9,2,38182,M,"45,3939900","5,4257700",38
202000006114,20,10,15,17:45,1,1,9,7,1,02257,M,"49,8263770","3,2406770",02