Num_Acc,an,mois,jour,hrmn,lum,agg,int,atm,col,com,gps,lat,long,dep
202000006115,20,10,15,16:00,1,1,1,1,1,58273,M,"46,9991780","3,2802610",58
202000006116,20,10,16,05:50,3,1,1,1,6,72007,M,"47,9956190","0,4477520",72
202000006117,20,10,15,21:45,3,1,1,2,6,90085,M,"47,7646610","6,8694860",90
202000006118,20,10,16,07:35,2,1,1,1,1,45264,M,"47,9283480","1,7031320",45
202000006119,20,10,16,05:45,3,1,1,1,7,07110,M,"44,4722450","4,2366030",07
202000006120,20,10,16,06:55,3,2,1,1,6,04166,M,"43,8087580","6,1087100",04
202000006121,20,10,15,08:00,2,1,1,1,3,30075,M,"43,8194800","4,2946240",30
202000006122,20,10,15,15:50,1,1,1,4,4,65010,M,"43,1993052","0,1647121",65
202000006123,20,10,16,13:35,1,1,1,1,3,95678,M,"49,0762586","2,2466490",95
202000006124,20,10,15,04:30,3,1,1,1,2,98821,C," -22,1496500","166,3699100",988
202000006125,20,10,15,15:30,1,1,4,1,3,97305,G,"4,9417860"," -52,4134110",973
202000006126,20,10,15,18:45,5,2,1,1,6,21171,M,"47,2997510","5,1349280",21
202000006127,20,10,15,18:35,3,1,2,1,3,77145,M,"48,5918810","2,7260470",77
202000006128,20,10,15,18:00,1,1,2,1,1,91243,M,"48,6250660","2,1733830",91
202000006129,20,10,15,14:30,1,1,1,1,5,91156,M,"48,5615490","2,2640660",91
202000006130,20,10,16,01:50,3,1,1,1,7,30130,M,"44,3386940","3,9524710",30
202000006131,20,10,16,14:55,1,1,1,1,3,83047,M,"43,1396690","6,0801600",83
202000006132,20,10,13,16:06,1,2,3,1,3,06048,M,"43,7842450","7,3412070",06
202000006133,20,10,14,19:30,3,1,3,1,3,13014,M,"43,5281870","5,1830900",13
202000006134,20,10,16,14:00,1,1,1,8,1,54418,M,"48,6788127","6,5781605",54
202000006135,20,10,12,18:45,3,1,1,1,6,42073,M,"45,7806372","4,2804116",42
202000006136,20,10,16,17:30,1,2,6,1,1,09261,M,"42,9812580","1,1505070",09
202000006137,20,10,16,14:45,1,1,1,1,3,14106,M,"49,2257410"," -0,2320320",14
202000006138,20,10,16,02:00,3,2,1,1,7,60141,M,"49,1748553","2,5001607",60
202000006139,20,10,14,10:30,2,1,1,8,3,60579,M,"49,3471930","2,9141440",60
202000006140,20,10,16,18:00,1,2,1,1,7,59409,M,"50,3064480","3,2186000",59
202000006141,20,10,16,14:40,1,1,1,1,6,59254,M,"50,2774800","3,1844580",59
202000006142,20,9,21,19:40,1,1,4,1,3,59581,M,"50,6792610","2,7644720",59
202000006143,20,10,14,17:50,1,1,1,1,4,13081,M,"43,4867000","5,2409200",13
202000006144,20,10,10,10:15,1,1,1,1,6,13215,M,"43,3595500","5,3620200",13
202000006145,20,10,15,07:50,1,1,1,1,6,13056,M,"43,3979100","5,0790700",13
202000006146,20,10,15,07:45,1,1,1,1,3,13088,M,"43,3799400","5,2191000",13
202000006147,20,10,14,14:03,1,1,1,1,2,13005,M,"43,2866500","5,5853800",13
202000006148,20,10,10,18:14,1,1,1,1,2,83137,M,"43,1213200","5,9533100",83
202000006149,20,10,15,18:05,1,1,1,1,2,33249,M,"44,8817800"," -0,5226900",33
202000006150,20,10,15,00:10,3,1,1,2,6,33080,M,"44,7293600"," -0,5289700",33
202000006151,20,10,15,18:58,3,1,1,1,4,94038,M,"48,7755300","2,3463700",94
202000006152,20,10,15,15:40,1,1,1,1,2,92036,M,"48,9345036","2,2581631",92
202000006153,20,8,22,00:45,3,1,1,1,6,30191,M,"44,1248749","4,6790533",30
202000006154,20,8,21,20:05,2,2,4,1,6,77006,M,"48,4127960","2,5657470",77
202000006155,20,8,18,10:39,1,1,9,1,3,51514,M,"48,7205096","3,7730930",51
202000006156,20,8,21,17:15,1,1,9,1,6,19114,M,"45,6117134","2,2955060",19
202000006157,20,8,21,10:45,1,2,1,1,6,19062,M,"45,3708169","1,8735584",19
202000006158,20,8,21,18:45,1,1,1,1,-1,79293,M,"46,3725910"," -0,5353260",79
202000006159,20,8,21,13:15,1,1,6,1,3,31056,M,"43,6697340","1,3580130",31
202000006160,20,8,15,21:15,2,1,1,2,2,65291,M,"43,0638240"," -0,0419070",65
202000006161,20,8,21,15:20,1,1,3,1,2,33540,M,"45,3760710"," -1,1379160",33
202000006162,20,8,21,18:20,1,2,3,1,6,63178,M,"45,5432377","3,2416741",63
202000006163,20,8,22,10:05,1,1,1,1,3,55344,M,"48,5261713","5,6902541",55
202000006164,20,8,22,13:00,1,1,1,1,6,12246,M,"44,6277189","2,2472243",12
202000006165,20,8,18,11:00,1,1,2,1,3,12241,M,"44,3213300","2,6463750",12
202000006166,20,8,21,18:28,1,1,1,1,6,34031,M,"43,3476990","3,4372400",34
202000006167,20,8,22,06:37,2,1,1,1,7,34268,M,"43,7138670","3,4329700",34
202000006168,20,8,21,22:20,5,2,1,1,1,34119,M,"43,5933120","3,1124850",34
202000006169,20,8,21,15:10,1,1,2,6,3,22158,M,"48,2030910"," -2,9654180",22
202000006170,20,8,9,10:30,1,1,2,1,3,22325,M,"48,6514923"," -2,8533427",22
202000006171,20,8,21,11:30,1,1,1,1,6,44069,M,"47,3047460"," -2,4554980",44
202000006172,20,8,21,19:40,1,1,3,1,-1,29026,M,"48,1925920"," -4,1093230",29
202000006173,20,8,21,19:40,1,2,6,1,2,29075,M,"48,4367750"," -4,4073410",29
202000006174,20,8,22,13:55,1,1,3,1,2,03290,M,"46,6504321","3,2717360",03
202000006175,20,8,22,12:05,1,1,1,1,6,26069,M,"44,8364630","5,3920390",26
202000006176,20,8,22,15:00,1,1,3,1,3,58198,M,"47,4571270","3,4619270",58
202000006177,20,8,21,18:50,2,1,1,1,6,45111,M,"48,0612149","2,2352173",45
202000006178,20,8,4,19:00,1,2,1,1,1,64558,M,"43,4444780"," -1,4462470",64
202000006179,20,8,21,17:50,1,2,1,1,3,73114,M,"45,8164548","6,5122200",73
202000006180,20,8,22,11:30,1,1,1,1,5,16247,M,"45,5219100"," -0,0924880",16
202000006181,20,8,22,10:00,1,1,1,1,6,16382,M,"45,5616000","0,2316030",16
202000006182,20,8,21,17:30,1,1,1,1,7,21378,M,"47,8546535","4,4199398",21
202000006183,20,8,17,19:45,1,1,1,1,6,40031,M,"43,8180710"," -0,8559250",40
202000006184,20,8,22,17:10,1,1,1,1,1,40077,M,"43,5474670"," -1,0513620",40
202000006185,20,8,22,13:15,1,2,1,1,1,04108,M,"44,0503670","6,0248050",04
202000006186,20,8,21,21:10,3,1,1,1,7,27011,M,"49,2341500","0,9166500",27
202000006187,20,8,21,17:50,1,2,2,1,3,17127,M,"46,2407930"," -0,8178990",17
202000006188,20,8,22,05:00,3,2,1,1,6,23055,M,"45,9661670","2,4691990",23
202000006189,20,8,11,23:55,3,1,1,1,7,08362,M,"49,5214930","4,3492720",08
202000006190,20,8,22,04:30,3,1,1,1,7,76593,M,"49,5850000","0,4446000",76
202000006191,20,8,18,23:00,3,1,1,1,2,17116,M,"45,4053770"," -0,6017270",17
202000006192,20,8,22,12:10,1,1,1,1,5,33042,M,"44,5161300"," -0,8401300",33
202000006193,20,8,21,16:30,1,1,3,1,1,13032,M,"43,5762750","5,3439740",13
202000006194,20,8,21,06:12,2,1,1,1,2,69242,M,"46,1264970","4,7644190",69
202000006195,20,8,21,20:00,2,1,1,1,6,45036,M,"47,7700800","2,6842260",45
202000006196,20,8,20,14:40,1,1,1,1,1,77486,M,"48,7013280","3,0638980",77
202000006197,20,8,22,08:30,1,1,1,1,3,77238,M,"48,8950120","3,0990560",77
202000006198,20,8,22,16:38,1,1,1,1,7,2B314,M,"42,6609470","9,2296740",2B
202000006199,20,8,21,18:00,1,1,1,7,1,83127,M,"43,2746900","5,9151940",83
202000006200,20,8,22,16:35,1,1,1,1,6,13084,M,"43,7155500","5,3399990",13
202000006201,20,8,21,19:21,1,1,1,1,7,13041,M,"43,4520340","5,4952440",13
202000006202,20,8,21,18:25,1,2,1,1,6,67364,M,"48,4012360","7,6378320",67
202000006203,20,8,22,01:10,3,2,1,1,1,88177,M,"48,0746870","6,7334640",88
202000006204,20,8,15,18:40,1,2,2,1,3,57663,M,"49,2371490","6,1725780",57
202000006205,20,8,22,17:45,1,2,2,1,7,07086,M,"45,1006730","4,7235790",07
202000006206,20,8,21,19:45,1,1,1,1,7,17164,M,"45,7737490"," -0,5680060",17
202000006207,20,8,21,18:00,1,1,4,8,1,22300,M,"48,2685140"," -2,8315860",22
202000006208,20,8,21,15:10,1,1,1,1,6,13215,M,"43,3482000","5,3710000",13
202000006209,20,8,19,23:50,3,1,1,8,6,57303,M,"49,2024300","6,1754000",57
202000006210,20,8,21,18:30,1,1,1,2,6,33122,M,"44,7208300"," -0,7384500",33
202000006211,20,8,21,13:55,1,1,1,2,3,33063,M,"44,8840800"," -0,5592700",33
202000006212,20,8,21,16:15,1,1,1,1,3,91661,M,"48,6999000","2,2458000",91
202000006213,20,8,21,13:00,1,1,1,1,2,78043,M,"48,8422400","2,0930010",78
202000006214,20,8,20,23:00,3,1,1,1,2,78524,M,"48,8412000","2,1050000",78
202000006215,20,5,28,19:20,1,2,1,7,6,93078,M,"48,9646998","2,5315790",93
202000006216,20,8,19,14:35,1,2,9,1,3,97411,R," -20,8991600","55,4961300",974
202000006217,20,8,20,20:30,4,2,1,1,1,97302,G,"4,9340045"," -52,3136330",973
202000006218,20,8,20,17:20,1,2,6,1,3,69383,M,"45,7550000","4,8572000",69
202000006219,20,8,10,12:45,1,2,1,1,2,84007,M,"43,9273800","4,7887400",84
202000006220,20,8,20,21:00,1,2,9,1,3,77243,M,"48,8752300","2,7224100",77
202000006221,20,8,19,13:50,1,2,1,1,3,76575,M,"49,3924700","1,0730100",76
202000006222,20,8,19,15:30,1,2,1,1,6,76540,M,"49,4395600","1,0860900",76
202000006223,20,8,19,17:20,1,2,2,1,3,76351,M,"49,5093000","0,1631000",76
202000006224,20,8,20,09:05,1,2,1,1,2,71153,M,"46,8061177","4,4216558",71
202000006225,20,8,20,22:05,5,2,1,1,6,69266,M,"45,7823503","4,8777518",69
202000006226,20,8,20,19:35,1,2,2,1,3,69290,M,"45,6944200","4,9411600",69
202000006227,20,6,9,11:27,1,2,3,1,2,69290,M,"45,6915760","4,9073902",69
202000006228,20,8,13,23:04,1,2,2,1,3,68126,M,"47,5637680","7,5265740",68
202000006229,20,8,19,09:00,1,2,1,1,2,67447,M,"48,6001641","7,7542571",67
202000006230,20,8,20,17:38,1,2,2,1,3,65440,M,"43,2336000","0,0756700",65
202000006231,20,8,1,22:00,2,2,3,1,1,62510,M,"50,4313560","2,7794770",62
202000006232,20,8,2,12:10,1,1,1,1,7,62516,M,"50,5396000","2,4928000",62
202000006233,20,8,19,19:15,1,2,1,1,3,56121,M,"47,7653800"," -3,3995700",56
202000006234,20,8,20,20:39,2,2,7,1,6,51454,M,"49,2573767","4,0394897",51
202000006235,20,8,20,17:00,1,2,3,1,2,51454,M,"49,2504313","4,0286457",51
202000006236,20,8,19,07:45,1,2,7,1,3,51454,M,"49,2439734","4,0454732",51
202000006237,20,8,19,17:00,1,2,2,1,3,50129,M,"49,6334300"," -1,6173500",50
202000006238,20,8,18,09:55,1,2,1,1,2,50129,M,"49,6401500"," -1,6214500",50
202000006239,20,8,19,17:19,1,2,1,1,6,49007,M,"47,4636200"," -0,5539400",49
202000006240,20,8,19,13:10,1,2,1,1,7,49267,M,"47,4691600"," -0,5162900",49
202000006241,20,8,20,12:57,1,2,3,1,3,37261,M,"47,4254176","0,6778036",37
202000006242,20,7,24,16:55,1,1,1,1,3,36044,M,"46,7789180","1,6885260",36
202000006243,20,3,16,17:59,1,2,1,2,5,36044,M,"46,8081450","1,7061022",36
202000006244,20,8,20,19:00,1,1,2,1,3,34129,M,"43,5911516","3,9087027",34
202000006245,20,8,20,22:00,3,2,2,1,3,33281,M,"44,8366900"," -0,6939700",33
202000006246,20,8,13,12:20,1,2,5,2,6,33318,M,"44,7994700"," -0,6633700",33
202000006247,20,8,13,07:30,2,2,8,3,6,33063,M,"44,8427326"," -0,5558449",33
202000006248,20,8,19,19:40,1,2,4,1,3,31555,M,"43,6180000","1,4366500",31
202000006249,20,8,19,09:30,1,1,1,2,7,22360,M,"48,4758802"," -2,7209580",22
202000006250,20,8,19,20:00,2,2,1,7,6,19031,M,"45,1657201","1,5284032",19
202000006251,20,8,18,09:20,1,2,2,1,-1,14327,M,"49,2140200"," -0,3525700",14
202000006252,20,8,20,18:45,1,2,1,1,7,13213,M,"43,3265000","5,4219000",13
202000006253,20,8,20,00:15,5,2,2,1,3,13211,M,"43,2930900","5,4949700",13
202000006254,20,8,19,17:20,1,2,3,1,6,13203,M,"43,3110730","5,3727670",13
202000006255,20,8,20,21:15,3,2,1,1,3,13028,M,"43,1925970","5,6050950",13
202000006256,20,8,20,18:40,1,1,1,1,3,13001,M,"43,5613104","5,4105823",13
202000006257,20,8,19,18:20,1,1,1,1,2,12145,M,"44,0928800","3,1115500",12
202000006258,20,8,20,10:50,1,1,2,1,3,01289,M,"46,1648780","5,2207300",01
202000006259,20,8,19,17:30,1,2,1,2,5,75115,M,"48,8275960","2,2918880",75
202000006260,20,8,18,22:40,5,2,7,1,6,75111,M,"48,8486240","2,3943440",75
202000006261,20,8,20,18:10,1,2,3,1,6,75120,M,"48,8693690","2,3926960",75
202000006262,20,8,20,11:15,1,2,7,1,3,75117,M,"48,8743160","2,2954350",75
202000006263,20,8,20,07:30,1,2,7,1,3,75117,M,"48,8825890","2,3105920",75
202000006264,20,8,19,21:35,5,2,1,1,6,75117,M,"48,8956820","2,3259890",75
202000006265,20,8,19,19:45,1,2,1,1,3,75116,M,"48,8564710","2,2375390",75
202000006266,20,8,20,11:38,5,2,1,1,4,75115,M,"48,8410000","2,2725280",75
202000006267,20,8,20,20:30,1,2,4,1,5,75114,M,"48,8248130","2,3259160",75
202000006268,20,8,20,17:30,1,2,1,1,6,75113,M,"48,8325880","2,3780680",75
202000006269,20,8,19,10:45,1,2,2,1,6,75111,M,"48,8546990","2,3853240",75
202000006270,20,8,20,19:25,1,2,2,1,7,75108,M,"48,8778880","2,3181530",75
202000006271,20,8,20,18:25,1,2,3,1,7,75104,M,"48,8539320","2,3648560",75
202000006272,20,8,20,18:55,1,2,9,1,3,94046,M,"48,8107350","2,4254020",94
202000006273,20,8,20,10:55,1,2,1,1,-1,94046,M,"48,8071200","2,4404400",94
202000006274,20,8,20,15:00,1,2,3,1,3,94076,M,"48,8021880","2,3625700",94
202000006275,20,8,20,14:40,1,2,1,1,3,94041,M,"48,8129400","2,3869200",94
202000006276,20,8,20,10:20,1,2,3,1,2,94073,M,"48,7726000","2,3966000",94
202000006277,20,8,19,23:43,5,2,2,1,1,93073,M,"48,9495400","2,5653300",93
202000006278,20,8,20,02:45,5,2,2,1,3,93066,M,"48,9140600","2,3443436",93
202000006279,20,8,20,18:32,1,2,5,1,3,93053,M,"48,8985000","2,4421000",93
202000006280,20,8,19,19:00,1,2,1,2,2,93051,M,"48,8349915","2,5479565",93
202000006281,20,8,20,16:20,1,2,3,1,3,93048,M,"48,8775650","2,4607250",93
202000006282,20,8,20,16:10,1,2,1,1,-1,93057,M,"48,9110700","2,5166900",93
202000006283,20,8,20,20:10,1,2,2,1,2,93029,M,"48,9160200","2,4435500",93
202000006284,20,8,20,02:20,5,1,1,1,7,93005,M,"48,9507900","2,4797100",93
202000006285,20,8,20,06:50,1,2,3,1,3,92078,M,"48,9378130","2,3243420",92
202000006286,20,8,19,14:02,1,2,3,1,3,92078,M,"48,9356383","2,3338866",92
202000006287,20,8,20,15:50,1,2,4,1,3,92026,M,"48,8888934","2,2507777",92
202000006288,20,8,20,17:30,1,1,1,7,3,01074,M,"45,9996670","5,2091230",01
202000006289,20,8,20,20:15,1,1,9,1,6,91086,M,"48,6261010","2,3884960",91
202000006290,20,8,20,16:25,5,2,1,1,-1,06161,M,"43,6580480","7,1239000",06
202000006291,20,8,20,17:30,1,1,1,1,1,84044,M,"44,2270120","5,1287270",84
202000006292,20,8,20,23:15,4,1,6,1,6,28006,M,"48,4519690","1,4304540",28
202000006293,20,8,21,15:30,1,1,1,7,1,84083,M,"44,2095030","4,7266420",84
202000006294,20,8,21,02:15,3,1,1,1,2,36006,M,"46,5533230","1,5061780",36
202000006295,20,8,21,10:45,1,2,1,1,6,62448,M,"50,6651140","1,6790310",62
202000006296,20,8,19,18:15,1,1,1,1,7,51605,M,"49,0783060","3,8494610",51
202000006297,20,8,20,08:10,1,1,1,1,2,51434,M,"49,0137683","4,0713728",51
202000006298,20,8,20,17:45,1,1,1,1,1,51196,M,"48,9930960","4,0132426",51
202000006299,20,8,18,16:00,1,1,3,1,-1,19002,M,"45,6000470","2,4030020",19
202000006300,20,8,21,17:00,1,2,1,1,1,67191,M,"49,0189980","7,0869380",67
202000006301,20,8,20,17:20,1,1,3,1,4,80527,M,"50,0649910","1,4972310",80
202000006302,20,8,20,18:55,1,1,1,1,7,80649,M,"50,3076790","1,6358520",80
202000006303,20,8,17,12:55,1,1,1,1,6,32152,M,"43,4080580","0,1512630",32
202000006304,20,8,21,18:20,1,2,7,1,3,71263,M,"46,6270667","5,2215743",71
202000006305,20,8,20,13:50,1,1,1,1,1,83068,M,"43,2844150","6,5903220",83
202000006306,20,8,20,08:30,1,1,1,7,1,63180,M,"45,8878280","3,3215620",63
202000006307,20,8,16,07:00,2,1,1,2,6,46330,M,"44,9361990","1,6878660",46
202000006308,20,8,20,23:36,3,1,1,1,4,68234,M,"47,9555020","7,3523000",68
202000006309,20,8,20,16:45,5,2,2,1,3,68297,M,"47,6090200","7,5334000",68
202000006310,20,8,21,05:05,3,1,1,1,5,39219,M,"47,1703280","5,7772880",39
202000006311,20,8,20,19:30,2,1,1,1,1,39331,M,"46,7559970","6,1845020",39
202000006312,20,8,11,08:30,1,1,4,1,2,44192,M,"47,2741094"," -2,0086849",44
202000006313,20,8,20,13:00,1,2,1,1,7,29183,M,"48,5725820"," -3,6100250",29
202000006314,20,8,5,18:30,1,1,1,1,6,38041,M,"45,2025700","5,2497600",38
202000006315,20,8,14,17:30,1,1,1,1,2,38001,M,"45,5361590","5,5691480",38
202000006316,20,8,20,17:20,1,2,2,1,3,15187,M,"45,0316460","3,0860900",15
202000006317,20,8,19,14:10,1,2,1,1,6,70477,M,"47,5618730","6,6285570",70
202000006318,20,8,20,12:20,1,1,2,1,3,70152,M,"47,3827910","5,7766310",70
202000006319,20,8,21,18:40,1,2,1,1,1,50551,M,"49,3867730"," -1,5292670",50
202000006320,20,8,21,18:10,1,1,3,1,3,90090,M,"47,4598320","6,9436020",90
202000006321,20,8,21,18:10,1,1,1,1,1,45333,M,"47,9417551","2,0542429",45
202000006322,20,8,20,16:20,3,1,2,1,-1,36193,M,"46,8704460","1,3211380",36
202000006323,20,8,20,09:27,1,1,1,1,6,07262,M,"44,5987520","3,9815870",07
202000006324,20,7,18,08:30,1,1,1,1,6,07237,M,"44,8575116","4,7121048",07
202000006325,20,8,13,12:00,1,2,1,1,6,27206,M,"48,7967250","1,1134500",27
202000006326,20,8,20,16:25,1,1,1,1,7,87187,M,"45,4978800","1,1803220",87
202000006327,20,8,21,10:20,1,2,1,1,6,88408,M,"47,9227610","6,6601330",88
202000006328,20,8,20,23:15,3,1,1,1,6,24045,M,"44,7246000","0,6491000",24
202000006329,20,8,21,10:00,1,2,6,1,2,01427,M,"45,9385640","4,7799220",01
202000006330,20,8,21,09:55,1,1,1,1,2,13004,M,"43,6872390","4,5483400",13
202000006331,20,8,18,09:20,1,2,1,1,6,11202,M,"42,8581490","3,0406590",11
202000006332,20,8,19,15:30,1,1,1,2,1,37171,M,"47,4044910","0,8926820",37
202000006333,20,8,21,15:35,1,2,1,1,1,77315,M,"48,8815100","2,8232290",77
202000006334,20,8,21,07:50,1,1,1,8,5,77531,M,"48,2824930","2,9826590",77
202000006335,20,8,20,19:00,1,1,1,1,1,77267,M,"48,2175130","2,7049730",77
202000006336,20,8,19,17:00,1,1,1,1,7,2B007,M,"42,2878500","8,8895700",2B
202000006337,20,8,20,19:25,1,1,1,1,6,66208,M,"42,6303360","2,9536380",66
202000006338,20,8,20,14:45,1,1,1,1,4,13041,M,"43,4577970","5,4636960",13
202000006339,20,8,5,16:55,1,1,3,1,5,70262,M,"47,6731290","6,3856740",70
202000006340,20,8,20,19:45,2,1,9,1,2,89198,M,"47,8562373","3,5662413",89
202000006341,20,8,19,10:00,1,2,3,1,3,67067,M,"48,7315400","7,7112220",67
202000006342,20,8,16,17:15,1,1,1,1,7,67397,M,"48,2987550","7,6800660",67
202000006343,20,8,21,08:30,1,2,1,1,-1,69197,M,"46,0694330","4,6485510",69
202000006344,20,8,21,14:40,1,1,6,1,3,69086,M,"45,8471570","4,6705410",69
202000006345,20,6,24,15:35,1,2,3,7,3,02691,M,"49,8592900","3,2655300",02
202000006346,20,9,21,17:00,1,2,2,1,1,77023,M,"49,0164260","2,8826240",77
202000006347,20,10,20,19:15,2,2,1,1,2,11262,M,"43,1868400","2,9728500",11
202000006348,20,10,10,23:45,5,2,1,1,7,97611,Y," -12,7757400","45,2241500",976
202000006349,20,1,13,17:50,5,2,3,1,1,06088,M,"43,7217800","7,2495900",06
202000006350,20,12,11,23:45,5,2,1,1,6,44028,M,"47,3217970"," -1,3444820",44
202000006351,20,12,31,19:30,5,2,6,2,3,03180,M,"46,5284477","3,4926719",03
202000006352,20,12,24,11:10,1,2,7,2,6,72176,M,"47,6469650","0,1567210",72
202000006353,20,12,23,19:00,2,1,1,1,7,27116,M,"49,2140510","0,7077060",27
202000006354,20,7,22,16:15,1,2,1,1,3,64122,M,"43,4845700"," -1,5587400",64
202000006355,20,7,10,18:45,1,2,3,2,3,64102,M,"43,4956200"," -1,4660700",64
202000006356,20,7,10,09:25,1,2,1,1,2,64102,M,"43,4888000"," -1,4785500",64
202000006357,20,7,9,17:00,1,2,6,1,3,64024,M,"43,4605472"," -1,4962046",64
202000006358,20,7,7,18:53,1,1,1,1,2,67218,M,"48,5480934","7,7295148",67
202000006359,20,3,14,03:40,3,1,1,1,2,67482,M,"48,5644654","7,7332259",67
202000006360,20,8,6,01:10,3,1,1,1,6,14100,M,"49,0541970"," -0,3291990",14
202000006361,20,10,8,07:00,5,2,1,1,5,30351,M,"43,9716200","4,7918400",30
202000006362,20,11,14,21:30,3,2,3,2,3,62274,M,"50,4329600","2,9991800",62
202000006363,20,12,29,13:48,1,2,1,7,6,68066,M,"48,0713200","7,3497600",68
202000006364,20,12,10,18:20,5,2,1,1,3,62351,M,"50,4231570","2,9008300",62
202000006365,20,11,30,13:38,1,2,2,1,3,01053,M,"46,1963975","5,2656421",01
202000006366,20,7,14,19:08,1,1,1,1,7,85019,M,"46,7826800"," -1,3775800",85
202000006367,20,11,11,12:10,1,2,1,1,7,19272,M,"45,2730900","1,7838800",19
202000006368,20,11,30,14:40,1,2,1,1,6,69034,M,"45,7919566","4,8438823",69
202000006369,20,12,30,13:50,1,1,1,7,1,97113,A,"16,2183500"," -61,4775300",971
202000006370,20,9,3,02:30,5,2,9,1,1,84007,M,"43,9305500","4,8320500",84
202000006371,20,12,21,18:08,3,1,1,1,2,33039,M,"44,8122900"," -0,5337900",33
202000006372,20,12,10,17:55,1,2,3,2,6,29019,M,"48,4031700"," -4,5041700",29
202000006373,20,12,2,00:10,5,2,1,2,6,17300,M,"46,1721900"," -1,1557800",17
202000006374,20,12,24,14:20,1,1,2,1,3,13047,M,"43,5852750","4,9451318",13
202000006375,20,4,21,22:45,3,1,6,1,6,59447,M,"50,4091500","3,5844200",59
202000006376,20,8,26,17:55,1,2,9,1,2,15014,M,"44,9213300","2,4396800",15
202000006377,20,6,23,14:00,1,2,1,1,2,97611,Y," -12,7715400","45,2234600",976
202000006378,20,10,3,14:00,1,2,1,1,3,97611,Y," -12,7880300","45,2253000",976
202000006379,20,5,16,10:05,1,2,1,1,7,97611,Y," -12,7861100","45,2256000",976
202000006380,20,5,18,16:15,1,1,1,1,1,97611,Y," -12,8193400","45,1960600",976
202000006381,20,9,9,18:25,5,2,1,1,3,97611,Y," -12,8061700","45,2085900",976
202000006382,20,5,16,13:00,1,2,1,1,2,97611,Y," -12,7963800","45,1995800",976
202000006383,20,3,1,18:00,3,2,1,1,6,97611,Y," -12,8066300","45,2080500",976
202000006384,20,5,4,12:05,1,1,1,1,2,97611,Y," -12,7934900","45,1961400",976
202000006385,20,5,1,16:30,1,2,1,1,3,97611,Y," -12,7952400","45,2133800",976
202000006386,20,7,27,12:48,1,2,1,1,6,97611,Y," -12,7798100","45,2279800",976
202000006387,20,6,3,09:44,1,1,9,1,3,97611,Y," -12,7831800","45,2346800",976
202000006388,20,8,3,08:15,1,2,1,1,1,97611,Y," -12,8063045","45,2049987",976
202000006389,20,7,29,17:35,1,2,1,1,3,97611,Y," -12,7810045","45,2303743",976
202000006390,20,9,25,15:46,1,2,1,1,6,97611,Y," -12,7886000","45,2248300",976
202000006391,20,4,5,06:50,1,1,1,1,6,97611,Y," -12,7951300","45,1961500",976
202000006392,20,12,10,07:30,1,2,1,1,5,97611,Y," -12,8018500","45,2118600",976
202000006393,20,5,26,08:15,1,2,1,1,7,97611,Y," -12,7717850","45,2256080",976
202000006394,20,5,2,13:00,1,2,1,1,7,97611,Y," -12,7718800","45,2206640",976
202000006395,20,12,30,04:40,3,2,6,1,3,79191,M,"46,3365300"," -0,4039100",79
202000006396,20,12,18,18:20,3,1,2,1,3,62587,M,"50,4318420","2,9221660",62
202000006397,20,12,10,11:26,1,2,1,1,6,07102,M,"44,9383100","4,8688100",07
202000006398,20,12,27,13:35,1,2,3,1,3,31080,M,"43,2913690","0,6473670",31
202000006399,20,3,11,18:50,2,2,1,1,1,91461,M,"48,6005350","2,2334950",91
202000006400,20,6,2,06:20,1,2,1,1,3,97611,Y," -12,7850110","45,1996840",976
202000006401,20,12,10,11:42,1,2,1,1,3,97611,Y," -12,7593900","45,2299200",976
202000006402,20,5,23,17:35,1,2,1,1,1,97611,Y," -12,7712600","45,2235900",976
202000006403,20,8,25,08:20,1,2,1,1,3,97611,Y," -12,7758400","45,2259700",976
202000006404,20,7,21,17:45,1,2,1,1,6,97611,Y," -12,7873300","45,1756300",976
202000006405,20,9,26,17:06,1,2,1,1,3,97611,Y," -12,8082600","45,2042300",976
202000006406,20,11,5,16:20,1,1,1,1,6,97101,A,"16,2740510"," -61,4981330",971
202000006407,20,11,9,15:50,1,1,1,1,2,76351,M,"49,5129900","0,1128960",76
202000006408,20,10,29,18:00,2,2,9,8,6,52448,M,"48,6491100","4,9598900",52
202000006409,20,2,12,22:00,5,2,1,1,2,97611,Y," -12,7892200","45,1782900",976
202000006410,20,12,26,11:45,1,2,1,1,3,69386,M,"45,7674800","4,8413000",69
202000006411,20,11,28,18:57,3,2,9,1,7,84080,M,"44,0457900","4,9988800",84
202000006412,20,12,20,15:55,1,2,1,1,6,64445,M,"43,2954000"," -0,3681000",64
202000006413,20,12,30,18:00,2,2,1,1,2,29019,M,"48,4154593"," -4,4793231",29
202000006414,20,1,8,20:15,5,2,9,1,2,13054,M,"43,4117100","5,2190700",13
202000006415,20,12,30,13:30,1,1,9,1,6,06027,M,"43,6606200","7,1402300",06
202000006416,20,12,22,10:00,1,2,6,1,3,44131,M,"47,1248520"," -2,1271690",44
202000006417,20,12,12,10:30,1,2,9,1,6,34276,M,"43,7605020","3,8664690",34
202000006418,20,12,11,19:52,5,2,3,2,6,67118,M,"48,5837410","7,6870390",67