Num_Acc,an,mois,jour,hrmn,lum,agg,int,atm,col,com,gps,lat,long,dep
202000006419,20,12,22,20:50,3,1,1,1,1,33004,M,"44,9941910"," -0,5203680",33
202000006420,20,12,28,19:15,3,1,1,8,2,13202,M,"43,3126300","5,3681800",13
202000006421,20,7,24,21:25,2,2,1,1,1,26281,M,"45,0453000","5,0340200",26
202000006422,20,8,8,13:00,1,2,1,1,3,97611,Y," -12,7924400","45,2207900",976
202000006423,20,4,1,18:00,1,2,1,1,3,97611,Y," -12,7576400","45,2300700",976
202000006424,20,2,17,08:55,1,2,1,1,3,97611,Y," -12,7721000","45,2251200",976
202000006425,20,4,12,19:20,5,2,3,1,3,97611,Y," -12,7845900","45,2198400",976
202000006426,20,6,16,07:00,1,2,1,1,7,97611,Y," -12,7907300","45,1996410",976
202000006427,20,10,1,09:40,1,2,9,1,3,97611,Y," -12,7725800","45,2231900",976
202000006428,20,12,21,15:45,1,2,9,1,-1,2A004,M,"41,9270334","8,7393716",2A
202000006429,20,12,12,10:10,1,1,1,1,1,84007,M,"43,8924400","4,9165000",84
202000006430,20,11,12,10:50,1,1,1,1,6,84007,M,"43,9293300","4,8009800",84
202000006431,20,12,22,21:35,5,2,4,1,7,33063,M,"44,8526100"," -0,5399500",33
202000006432,20,12,26,15:15,1,2,1,1,6,14220,M,"49,3592144","0,0857063",14
202000006433,20,12,9,16:18,1,2,1,7,6,05061,M,"44,5692000","6,1026900",05
202000006434,20,12,17,20:08,3,1,6,1,7,01354,M,"46,2524160","6,0447010",01
202000006435,20,12,28,16:32,1,2,1,1,3,69244,M,"45,7662690","4,7841540",69
202000006436,20,12,22,09:40,1,1,1,1,6,24028,M,"44,7538380","0,7730130",24
202000006437,20,12,6,03:07,5,2,9,1,3,97105,A,"16,0080567"," -61,7398971",971
202000006438,20,10,28,08:20,1,1,1,8,1,38445,M,"45,0513320","5,7534890",38
202000006439,20,10,15,13:00,1,1,3,1,3,38455,M,"45,6335100","5,2951500",38
202000006440,20,10,4,15:10,1,1,9,8,2,38455,M,"45,6517320","5,3069380",38
202000006441,20,2,4,12:15,1,2,1,1,6,94081,M,"48,7868360","2,3965130",94
202000006442,20,11,6,08:35,1,2,9,1,3,97611,Y," -12,7602600","45,2265000",976
202000006443,20,3,7,19:05,3,2,1,1,7,97611,Y," -12,7651200","45,2253100",976
202000006444,20,9,25,06:17,1,2,1,1,6,97611,Y," -12,8034800","45,2125900",976
202000006445,20,3,5,08:50,1,2,1,1,7,97611,Y," -12,7637000","45,2256600",976
202000006446,20,2,25,15:15,1,2,1,1,1,97611,Y," -12,7694300","45,2240300",976
202000006447,20,2,7,19:05,3,2,1,1,7,97611,Y," -12,7624600","45,2261800",976
202000006448,20,12,31,16:15,1,2,1,8,6,78640,M,"48,7792000","2,2069800",78
202000006449,20,12,23,17:30,5,2,4,3,6,59648,M,"50,5819000","3,0451000",59
202000006450,20,12,25,21:55,5,2,3,1,3,34301,M,"43,4110257","3,6790037",34
202000006451,20,5,31,08:00,1,2,6,1,6,93001,M,"48,9211367","2,3754446",93
202000006452,20,12,28,14:40,1,1,1,1,6,11261,M,"43,1741680","2,6608370",11
202000006453,20,11,25,14:00,1,1,1,1,1,07348,M,"44,5462960","4,4116770",07
202000006454,20,12,23,17:30,3,1,1,3,4,67152,M,"48,5216100","7,6663000",67
202000006455,20,5,29,16:36,1,2,2,1,1,76681,M,"49,4162600","1,0962000",76
202000006456,20,10,22,11:20,1,2,1,2,6,38544,M,"45,5225800","4,8742600",38
202000006457,20,11,12,07:52,1,2,1,1,7,97611,Y," -12,7793900","45,2274900",976
202000006458,20,12,7,12:20,1,2,1,1,6,97611,Y," -12,7793900","45,2274900",976
202000006459,20,2,13,19:30,5,2,1,1,7,97611,Y," -12,7892200","45,1754500",976
202000006460,20,3,6,06:00,2,2,1,1,7,97611,Y," -12,7930700","45,2173500",976
202000006461,20,7,16,11:45,1,2,1,1,3,97611,Y," -12,7808500","45,2337600",976
202000006462,20,9,21,14:40,1,2,1,1,7,97611,Y," -12,7829700","45,2234800",976
202000006463,20,4,21,19:58,5,2,1,1,3,97611,Y," -12,7813900","45,2344500",976
202000006464,20,12,29,19:30,5,2,1,2,6,80021,M,"49,8921093","2,2875541",80
202000006465,20,12,25,20:30,5,2,3,1,2,80021,M,"49,8874000","2,2889100",80
202000006466,20,12,24,15:00,1,2,2,1,3,80021,M,"49,8752900","2,2819800",80
202000006467,20,12,23,17:50,5,1,6,1,2,80261,M,"49,8620500","2,2690800",80
202000006468,20,11,30,11:16,1,2,1,1,1,79191,M,"46,3120300"," -0,5174700",79
202000006469,20,12,29,20:30,5,2,3,1,6,78586,M,"48,9437700","2,1729000",78
202000006470,20,11,24,20:30,5,2,1,2,6,59350,M,"50,6180680","3,0495603",59
202000006471,20,12,21,09:15,1,2,9,2,6,59560,M,"50,5676057","3,0435093",59
202000006472,20,12,23,08:30,1,2,1,1,7,49007,M,"47,4620300"," -0,5412900",49
202000006473,20,12,11,08:15,2,2,1,1,6,39198,M,"47,0979000","5,4885100",39
202000006474,20,12,20,16:45,1,2,1,1,1,34301,M,"43,4174317","3,7089523",34
202000006475,20,12,23,18:20,5,2,1,2,6,33063,M,"44,8760900"," -0,5594700",33
202000006476,20,11,27,15:40,1,2,1,1,2,33281,M,"44,8563500"," -0,6517300",33
202000006477,20,12,18,08:45,2,2,4,5,3,33281,M,"44,8317900"," -0,6551900",33
202000006478,20,12,19,18:20,5,2,1,2,6,29019,M,"48,4138200"," -4,4823300",29
202000006479,20,8,14,00:45,3,2,1,1,6,27701,M,"49,2500950","1,1802920",27
202000006480,20,12,18,18:00,5,2,3,1,6,25031,M,"47,4889500","6,8256000",25
202000006481,20,12,31,14:10,1,2,3,2,6,13204,M,"43,3125280","5,4015400",13
202000006482,20,1,5,08:40,1,2,1,2,3,92036,M,"48,9243098","2,3239410",92
202000006483,20,12,30,08:30,1,1,1,1,1,97404,R," -21,2495420","55,3580960",974
202000006484,20,12,18,20:00,3,1,1,1,6,72364,M,"47,6545340","0,3279910",72
202000006485,20,12,17,16:05,1,1,1,2,2,69091,M,"45,5896600","4,7765200",69
202000006486,20,10,29,14:55,1,2,2,8,3,35238,M,"48,1235760"," -1,6595160",35
202000006487,20,12,31,17:44,1,2,1,1,1,87085,M,"45,8365700","1,2735400",87
202000006488,20,12,31,09:07,1,2,1,1,6,87085,M,"45,8247919","1,2447663",87
202000006489,20,12,30,14:26,1,2,1,1,6,87085,M,"45,8505900","1,2448000",87
202000006490,20,12,3,15:45,1,2,9,1,1,83050,M,"43,5307100","6,4701700",83
202000006491,20,12,31,18:05,5,2,1,1,2,76212,M,"49,4422300","1,1498400",76
202000006492,20,12,31,09:50,1,2,6,1,3,76575,M,"49,3974900","1,0807700",76
202000006493,20,12,31,19:52,5,2,2,3,3,69290,M,"45,7083900","4,9087800",69
202000006494,20,11,20,18:40,3,1,1,8,-1,62274,M,"50,4420400","2,9877900",62
202000006495,20,12,29,20:00,5,2,1,2,1,59650,M,"50,7170460","3,1966360",59
202000006496,20,12,31,21:20,3,2,1,1,6,59574,M,"50,3681900","3,2694300",59
202000006497,20,12,31,16:45,1,1,1,1,2,31555,M,"43,5733100","1,4102600",31
202000006498,20,12,28,15:19,1,2,1,1,3,02168,M,"49,0411990","3,3889040",02
202000006499,20,12,30,10:20,1,2,1,1,3,94068,M,"48,7894200","2,5027500",94
202000006500,20,11,19,18:40,2,2,1,1,3,92062,M,"48,8786850","2,2422450",92
202000006501,20,11,7,11:59,1,2,3,1,6,92004,M,"48,9190926","2,2805670",92
202000006502,20,12,31,12:20,1,1,1,1,2,56243,M,"47,6496590"," -2,7166320",56
202000006503,20,1,5,16:40,1,2,3,1,6,29024,M,"48,2770351"," -3,5604328",29
202000006504,20,8,29,17:24,1,1,1,1,6,18042,M,"46,7472350","2,4648320",18
202000006505,20,12,26,10:00,1,2,1,1,1,97116,A,"16,3067840"," -61,4908380",971
202000006506,20,12,10,20:55,5,2,1,1,1,06147,M,"43,8014450","7,2711850",06
202000006507,20,12,24,16:55,2,1,3,2,1,69298,M,"45,6751331","4,9705406",69
202000006508,20,12,31,18:34,3,1,1,8,3,13215,M,"43,3336900","5,3543400",13
202000006509,20,10,30,14:30,1,2,1,1,1,02134,M,"49,9105730","4,0693350",02
202000006510,20,6,7,09:10,1,1,1,1,7,49092,M,"47,1735170"," -0,6688460",49
202000006511,20,12,21,18:15,3,1,1,2,1,41223,M,"47,6141630","1,2253830",41
202000006512,20,12,22,09:00,1,1,1,8,2,24030,M,"45,1636310","1,2276500",24
202000006513,20,12,6,02:30,3,2,1,1,7,80746,M,"50,0255783","2,3187160",80
202000006514,20,12,30,19:05,3,1,2,1,3,39471,M,"46,7558430","5,4964740",39
202000006515,20,12,31,15:55,1,1,1,1,1,98729,P," -17,5331890"," -149,8386110",987
202000006516,20,9,7,18:00,1,2,1,1,6,25056,M,"47,2171155","5,9495000",25
202000006517,20,10,1,10:40,1,2,1,1,2,97611,Y," -12,7935300","45,2163410",976
202000006518,20,12,31,11:55,1,1,1,1,3,97209,A,"14,6161200"," -61,0606400",972
202000006519,20,12,29,14:45,1,2,2,1,3,69381,M,"45,7672444","4,8309508",69
202000006520,20,12,31,19:25,5,2,1,1,6,77449,M,"48,8513197","2,7844687",77
202000006521,20,12,31,17:30,3,1,1,2,3,71445,M,"46,7599393","4,8650658",71
202000006522,20,12,28,17:25,5,2,4,2,6,69256,M,"45,7851300","4,9104300",69
202000006523,20,12,29,06:02,5,2,1,1,6,63113,M,"45,8078300","3,1257800",63
202000006524,20,12,21,17:45,5,2,1,1,6,59350,M,"50,6390200","3,0763900",59
202000006525,20,12,29,12:15,1,2,1,1,6,42186,M,"45,5310750","4,6223080",42
202000006526,20,12,29,09:15,1,2,6,1,3,35238,M,"48,1323500"," -1,6911000",35
202000006527,20,12,31,17:45,5,2,2,1,3,75120,M,"48,8606100","2,4094930",75
202000006528,20,12,31,16:15,1,2,1,1,3,75120,M,"48,8518820","2,4110260",75
202000006529,20,12,31,16:40,2,2,2,1,2,75115,M,"48,8459050","2,2773920",75
202000006530,20,12,31,20:30,4,2,1,8,6,94076,M,"48,7958800","2,3522000",94
202000006531,20,12,31,13:52,1,2,1,2,6,94033,M,"48,8528900","2,4832700",94
202000006532,20,12,31,17:25,5,2,2,1,6,93005,M,"48,9530300","2,4991000",93
202000006533,20,12,31,14:12,1,2,3,1,3,92048,M,"48,8157715","2,2248935",92
202000006534,20,12,30,19:50,3,1,1,1,5,11005,M,"43,2044410","2,2477560",11
202000006535,20,11,25,05:25,2,1,1,1,1,97217,A,"14,4503090"," -60,8979380",972
202000006536,20,12,30,16:00,1,1,3,1,3,54581,M,"49,1118640","5,8807160",54
202000006537,20,12,31,14:45,1,2,1,1,6,59278,M,"50,6049900","2,9515400",59
202000006538,20,12,31,16:15,1,1,3,1,1,44097,M,"47,3955570"," -2,4672780",44
202000006539,20,12,31,15:00,1,2,1,1,6,66003,M,"42,4810270","2,6785450",66
202000006540,20,12,31,22:50,3,2,1,1,6,17335,M,"45,3743720"," -0,6442830",17
202000006541,20,12,30,18:59,3,1,4,1,3,04112,M,"43,8020250","5,8149380",04
202000006542,20,12,31,22:43,5,2,1,1,6,98715,P," -17,5845220"," -149,5685780",987
202000006543,20,11,26,18:00,5,2,1,1,3,75114,M,"48,8240040","2,3076690",75
202000006544,20,11,26,17:00,1,2,4,1,4,75114,M,"48,8195750","2,3281010",75
202000006545,20,11,25,15:10,1,2,4,1,6,75120,M,"48,8685370","2,4132370",75
202000006546,20,11,26,17:50,5,2,1,1,6,75120,M,"48,8697780","2,3938140",75
202000006547,20,11,26,15:50,1,2,3,1,3,75119,M,"48,8851750","2,3793690",75
202000006548,20,11,26,07:50,2,2,1,1,3,75118,M,"48,8842080","2,3545110",75
202000006549,20,11,26,21:40,5,2,2,1,7,75117,M,"48,8814960","2,2818000",75
202000006550,20,11,26,08:12,1,2,2,1,2,75117,M,"48,8915480","2,3184430",75
202000006551,20,11,26,06:47,5,2,2,1,2,75117,M,"48,8943150","2,3137680",75
202000006552,20,11,26,18:05,5,2,5,1,6,75115,M,"48,8450790","2,3201290",75
202000006553,20,11,26,20:05,5,2,1,1,6,75113,M,"48,8287830","2,3701420",75
202000006554,20,11,26,07:55,1,2,4,1,3,75113,M,"48,8202700","2,3718150",75
202000006555,20,11,26,15:20,1,2,7,7,2,75108,M,"48,8666610","2,3220200",75
202000006556,20,11,26,22:05,5,2,1,1,2,75107,M,"48,8602830","2,3269280",75
202000006557,20,11,26,14:40,1,2,1,1,6,75104,M,"48,8583140","2,3568120",75
202000006558,20,11,26,22:10,5,2,6,1,3,94081,M,"48,7960700","2,4169900",94
202000006559,20,11,26,19:15,5,2,1,1,6,94078,M,"48,7290000","2,4460000",94
202000006560,20,11,26,09:10,1,2,1,1,2,94042,M,"48,8144100","2,4637900",94
202000006561,20,11,26,17:45,3,2,1,1,6,94046,M,"48,7900600","2,4385530",94
202000006562,20,11,26,12:10,1,2,1,1,6,94076,M,"48,7845250","2,3606070",94
202000006563,20,11,26,13:55,1,2,3,1,2,94079,M,"48,8216900","2,5404800",94
202000006564,20,11,26,16:15,1,2,1,1,3,93078,M,"48,9615220","2,5110267",93
202000006565,20,11,26,13:45,1,2,1,1,6,93064,M,"48,8774501","2,4783000",93
202000006566,20,11,25,17:30,2,2,1,1,1,93032,M,"48,8765163","2,5614912",93
202000006567,20,11,26,06:05,5,2,3,1,3,93013,M,"48,9330500","2,4281800",93
202000006568,20,11,26,16:40,1,2,1,1,3,93057,M,"48,9067850","2,5122626",93
202000006569,20,11,26,16:57,2,2,1,1,6,93008,M,"48,9169322","2,4171121",93
202000006570,20,11,26,08:50,1,2,1,1,6,93005,M,"48,9374600","2,4947600",93
202000006571,20,11,26,16:00,1,2,3,1,3,92073,M,"48,8614430","2,2229330",92
202000006572,20,11,26,19:15,5,2,1,1,2,92022,M,"48,8053401","2,1835032",92
202000006573,20,11,26,08:25,2,2,2,1,6,92049,M,"48,8160945","2,3111884",92
202000006574,20,11,25,08:45,1,2,2,1,6,92026,M,"48,8995020","2,2617030",92
202000006575,20,11,25,17:40,2,2,1,1,2,92002,M,"48,7391867","2,2992459",92
202000006576,20,11,27,14:30,1,1,1,1,1,12210,M,"44,1713740","2,0058630",12
202000006577,20,11,26,18:35,3,1,2,1,5,14411,M,"48,9668360"," -0,4022460",14
202000006578,20,11,27,19:20,3,1,1,1,1,47108,M,"44,4893990","0,1325230",47
202000006579,20,11,26,09:45,1,2,1,1,6,30117,M,"43,7090010","4,5720130",30
202000006580,20,11,27,00:15,3,1,1,1,6,76355,M,"49,7081910","0,7196040",76
202000006581,20,11,27,07:45,2,1,4,1,3,79322,M,"46,6348960"," -0,2696370",79
202000006582,20,11,26,12:00,1,2,3,7,3,33506,M,"44,6882170"," -0,0909910",33
202000006583,20,11,26,16:30,1,1,2,1,3,33036,M,"44,4498660"," -0,2058650",33
202000006584,20,10,29,21:30,3,1,1,1,2,72290,M,"48,1633300","0,1240360",72
202000006585,20,11,27,13:20,1,1,1,1,6,14011,M,"49,1395970"," -0,6925840",14
202000006586,20,11,27,07:45,3,1,1,8,6,14098,M,"49,1500010"," -0,5447780",14
202000006587,20,11,27,07:30,2,2,3,2,6,60233,M,"49,6509699","1,8365972",60
202000006588,20,11,27,16:15,1,2,1,1,6,18096,M,"47,1790450","2,1595340",18
202000006589,20,11,26,19:00,3,1,1,8,6,18062,M,"46,9828400","2,9670060",18
202000006590,20,11,26,09:20,1,2,1,1,3,40312,M,"43,5433810"," -1,4824170",40
202000006591,20,11,27,14:00,1,2,1,1,1,87165,M,"46,3629240","1,2179110",87
202000006592,20,11,26,09:20,1,2,1,1,6,88468,M,"47,8812450","6,7623440",88
202000006593,20,11,26,17:15,2,1,1,1,3,88530,M,"48,0581480","6,3703860",88
202000006594,20,11,27,07:30,2,1,1,1,1,30169,M,"43,7861140","4,3152450",30
202000006595,20,11,26,19:15,5,2,2,1,3,13069,M,"43,6327590","5,1533870",13
202000006596,20,11,21,18:20,2,1,1,1,6,13073,M,"43,3968200","5,5787800",13
202000006597,20,11,26,13:30,1,2,1,1,2,97311,G,"5,4956830"," -54,0302790",973
202000006598,20,11,24,19:00,4,2,2,1,1,97122,A,"16,4166350"," -61,5286360",971
202000006599,20,11,27,11:20,1,1,1,1,2,28074,M,"48,4233270","1,8276790",28
202000006600,20,11,25,13:30,1,2,1,1,2,13097,M,"43,6493680","4,8023400",13
202000006601,20,11,26,07:50,1,2,9,1,2,13103,M,"43,6421714","5,1027976",13
202000006602,20,11,27,08:50,2,1,1,8,1,10257,M,"48,5025020","4,3245790",10
202000006603,20,11,26,09:10,1,2,1,7,6,54115,M,"48,7289300","6,1703800",54
202000006604,20,11,26,21:50,3,1,1,1,6,24195,M,"44,6696910","0,8822000",24
202000006605,20,11,16,10:30,1,1,1,1,4,13211,M,"43,2926700","5,4541900",13
202000006606,20,11,25,17:00,2,1,1,1,7,13214,M,"43,3199704","5,3777838",13
202000006607,20,11,26,08:15,2,1,1,1,2,77251,M,"48,6294900","2,5370000",77
202000006608,20,11,26,20:50,3,1,1,1,6,78490,M,"48,8002120","1,9814440",78
202000006609,20,11,26,18:50,3,1,1,1,2,78133,M,"48,8940990","2,0079030",78
202000006610,20,11,26,14:50,1,1,1,1,2,92036,M,"48,9371304","2,2931028",92
202000006611,20,11,26,18:00,5,1,1,1,4,94028,M,"48,8085629","2,4490579",94
202000006612,20,11,26,16:00,1,1,1,1,-1,94073,M,"48,7688460","2,3791999",94
202000006613,20,11,26,07:30,2,1,1,1,3,94017,M,"48,8294536","2,5282723",94
202000006614,20,8,19,02:18,5,2,1,1,7,24322,M,"45,1938000","0,7291300",24
202000006615,20,6,15,16:40,1,2,5,8,3,14225,M,"49,2876000"," -0,1000000",14
202000006616,20,9,15,07:45,1,2,1,1,7,93050,M,"48,8658497","2,5290123",93
202000006617,20,11,24,12:30,1,1,9,1,2,97416,R," -21,3080320","55,4312830",974
202000006618,20,11,25,06:55,1,1,3,1,7,97411,R," -20,8887900","55,4488040",974
202000006619,20,11,25,09:20,1,2,3,1,6,97411,R," -20,8807800","55,4506900",974
202000006620,20,11,25,10:13,1,2,1,1,6,97302,G,"4,9354100"," -52,3334000",973
202000006621,20,11,25,17:45,5,2,1,1,6,69388,M,"45,7305000","4,8668800",69
202000006622,20,11,24,22:50,5,2,2,1,3,69199,M,"45,7081379","4,8571955",69
202000006623,20,11,25,14:10,1,2,4,1,3,69286,M,"45,8149556","4,8848424",69
202000006624,20,11,22,15:10,1,2,1,1,7,69202,M,"45,7450600","4,8067000",69
202000006625,20,11,15,17:30,1,2,1,2,6,69381,M,"45,7729079","4,8355520",69
202000006626,20,11,25,16:45,5,2,1,1,6,2B037,M,"42,6227700","9,4369300",2B
202000006627,20,11,25,21:20,5,2,1,1,6,95680,M,"49,0007500","2,3924900",95
202000006628,20,11,25,17:00,1,1,1,1,6,91552,M,"48,5756300","2,2725900",91
202000006629,20,11,25,12:55,1,2,1,1,6,91326,M,"48,6934600","2,3685000",91
202000006630,20,11,24,15:35,1,1,1,1,2,87085,M,"45,8665900","1,1683800",87
202000006631,20,11,24,12:25,1,1,1,1,6,87113,M,"45,8544600","1,3064900",87
202000006632,20,11,24,14:35,1,2,3,1,3,77407,M,"48,5316968","2,5398130",77
202000006633,20,11,24,09:55,1,2,1,1,6,71306,M,"46,6598000","4,3521000",71
202000006634,20,11,24,13:00,1,2,3,1,-1,69013,M,"46,0002800","4,7309800",69
202000006635,20,11,25,07:45,2,2,1,8,6,60159,M,"49,4221900","2,8242600",60
202000006636,20,11,25,17:35,5,2,1,1,2,59350,M,"50,6102100","3,0387000",59
202000006637,20,11,24,15:45,1,2,1,1,6,59350,M,"50,6062763","3,0486430",59
202000006638,20,11,24,07:50,2,2,1,1,3,58194,M,"47,0024300","3,1594000",58
202000006639,20,11,25,11:15,1,2,1,1,6,54395,M,"48,6887100","6,1826900",54
202000006640,20,11,22,12:02,1,2,2,1,3,54395,M,"48,7022600","6,1516800",54
202000006641,20,11,24,17:45,5,2,1,1,7,51454,M,"49,2618615","4,0197207",51
202000006642,20,11,24,09:56,1,2,1,1,3,49267,M,"47,4666500"," -0,4686000",49
202000006643,20,11,25,15:00,1,2,4,1,3,33032,M,"44,9096100"," -0,5089000",33
202000006644,20,11,25,09:20,1,2,1,1,2,33281,M,"44,8433200"," -0,6705600",33
202000006645,20,11,26,00:50,5,2,1,1,7,33529,M,"44,6333800"," -1,1630800",33
202000006646,20,11,25,08:15,1,2,1,1,3,33529,M,"44,6371300"," -1,1276000",33
202000006647,20,11,25,23:20,3,2,1,1,7,32013,M,"43,6540800","0,6102200",32
202000006648,20,11,25,07:50,2,2,1,1,3,31555,M,"43,5789300","1,4369800",31
202000006649,20,11,25,07:48,1,2,1,1,2,31555,M,"43,6233800","1,4343600",31
202000006650,20,11,24,19:16,5,2,1,1,7,31555,M,"43,6148300","1,4559800",31
202000006651,20,11,23,19:50,5,2,1,1,3,31149,M,"43,5983200","1,3501600",31
202000006652,20,11,25,10:52,1,2,1,1,6,25056,M,"47,2611000","6,0414000",25
202000006653,20,11,25,08:00,5,2,1,8,3,22278,M,"48,5121200"," -2,7451000",22
202000006654,20,11,25,18:23,5,2,1,1,-1,17300,M,"46,1529500"," -1,1500500",17
202000006655,20,11,25,20:20,5,2,1,1,3,13215,M,"43,3472000","5,3685300",13
202000006656,20,11,25,12:45,1,2,1,1,3,13209,M,"43,2459080","5,4173130",13
202000006657,20,11,25,08:30,1,2,1,1,2,13209,M,"43,2614582","5,4168793",13
202000006658,20,11,24,08:45,1,2,1,1,3,13209,M,"43,2278960","5,4026940",13
202000006659,20,11,25,09:33,1,1,1,1,5,13001,M,"43,4889580","5,3644280",13
202000006660,20,11,25,08:45,1,1,1,1,-1,09122,M,"42,9758520","1,6223760",09
202000006661,20,11,23,15:40,1,2,1,1,3,06027,M,"43,6497000","7,1508000",06
202000006662,20,11,25,08:50,1,2,1,1,2,75113,M,"48,8256750","2,3866930",75
202000006663,20,11,24,18:10,5,2,1,1,2,75117,M,"48,9004880","2,3220650",75
202000006664,20,11,24,09:00,1,2,4,1,3,75116,M,"48,8741040","2,2755750",75
202000006665,20,11,23,08:20,1,2,1,2,3,75113,M,"48,8248380","2,3842860",75
202000006666,20,11,25,15:15,1,2,1,1,3,75105,M,"48,8501020","2,3506650",75
202000006667,20,11,24,20:47,5,2,5,1,3,75105,M,"48,8503440","2,3426360",75
202000006668,20,11,23,01:15,5,2,7,2,3,75120,M,"48,8471880","2,4112720",75
202000006669,20,11,25,19:00,3,2,3,1,3,75119,M,"48,8964020","2,3841440",75
202000006670,20,11,25,21:00,5,2,2,1,1,75117,M,"48,8790670","2,2909620",75
202000006671,20,11,25,15:30,1,2,5,1,2,75116,M,"48,8643320","2,2729670",75
202000006672,20,11,25,08:20,1,2,2,1,3,75116,M,"48,8487200","2,2750620",75
202000006673,20,11,25,13:00,1,2,3,8,3,75112,M,"48,8457310","2,3934250",75
202000006674,20,11,25,08:00,1,2,2,1,6,75111,M,"48,8642160","2,3711980",75
202000006675,20,11,25,17:20,5,2,2,1,3,94042,M,"48,8201790","2,4672760",94
202000006676,20,11,23,14:45,3,2,1,1,6,94046,M,"48,7979400","2,4365800",94
202000006677,20,11,23,09:15,1,2,5,2,1,94041,M,"48,8105900","2,3800200",94
202000006678,20,11,25,20:40,5,2,9,1,1,93078,M,"48,9538064","2,5478840",93
202000006679,20,11,25,10:20,1,2,6,1,6,93008,M,"48,9058336","2,4699636",93
202000006680,20,11,25,17:40,5,2,1,1,6,93005,M,"48,9505754","2,4975386",93
202000006681,20,11,25,19:45,4,2,9,1,3,92044,M,"48,8956220","2,2891290",92
202000006682,20,11,25,17:50,5,2,1,1,1,92044,M,"48,8865837","2,2842546",92
202000006683,20,11,25,12:52,1,2,1,1,-1,92036,M,"48,9288412","2,3120266",92
202000006684,20,11,25,11:00,1,2,1,1,2,92025,M,"48,9319805","2,2687224",92
202000006685,20,11,25,14:00,1,2,1,1,3,92007,M,"48,8047504","2,3128964",92
202000006686,20,11,26,13:40,1,2,1,1,2,26031,M,"44,5544660","4,8601040",26
202000006687,20,11,26,08:45,2,1,1,1,-1,68177,M,"47,9370540","7,1723880",68
202000006688,20,11,26,16:00,1,2,1,1,6,95529,M,"49,1708285","2,2112292",95
202000006689,20,11,25,19:15,5,1,1,2,2,22389,M,"48,4808870"," -2,6475330",22
202000006690,20,11,25,11:50,1,1,1,1,7,26133,M,"45,2131110","4,9055740",26
202000006691,20,11,26,15:30,1,2,1,1,1,83070,M,"43,1353799","6,3513166",83
202000006692,20,11,25,20:50,3,1,1,1,6,62199,M,"50,3653460","2,6500440",62
202000006693,20,11,24,10:25,1,2,1,1,3,62180,M,"50,4135220","2,3664810",62
202000006694,20,11,26,11:58,1,1,3,1,3,74029,M,"45,9896610","5,8214290",74
202000006695,20,11,26,17:45,2,1,1,1,3,77446,M,"48,5123540","3,2135810",77
202000006696,20,11,26,15:45,1,1,1,1,1,76653,M,"49,7734490","0,7184030",76
202000006697,20,11,25,08:16,2,1,1,5,7,82005,M,"43,7985020","1,2651180",82
202000006698,20,11,25,18:20,2,2,2,1,3,65258,M,"43,1287000","0,3865330",65
202000006699,20,11,26,12:40,1,1,1,1,6,61398,M,"48,6035880","0,3073810",61
202000006700,20,11,18,15:00,1,1,1,1,3,34221,M,"43,7280380","3,6330680",34
202000006701,20,11,26,08:30,3,1,1,1,6,39043,M,"46,6103170","5,4114530",39
202000006702,20,11,24,16:15,1,1,1,1,1,35179,M,"48,5195540"," -1,8843590",35
202000006703,20,11,25,18:35,3,1,1,1,7,38069,M,"45,4436930","5,2918050",38
202000006704,20,11,26,07:00,3,2,1,5,6,50030,M,"49,6652880"," -1,2707960",50
202000006705,20,11,25,17:50,5,2,1,1,6,45146,M,"47,7212320","1,9320920",45
202000006706,20,11,14,14:00,1,2,9,1,6,53062,M,"47,8281840"," -0,6895560",53
202000006707,20,11,25,21:55,3,1,1,1,6,85190,M,"46,9570140"," -1,4652260",85
202000006708,20,11,26,07:20,5,2,2,5,3,67343,M,"48,6036940","7,6909180",67
202000006709,20,11,25,18:15,5,1,1,1,6,84081,M,"43,9229620","4,9132540",84
202000006710,20,11,23,19:10,3,1,1,1,6,98826,C," -20,2633240","164,0911100",988
202000006711,20,11,26,08:00,1,1,1,1,3,97115,A,"16,2606680"," -61,6318950",971
202000006712,20,11,25,06:45,2,1,1,1,2,84078,M,"44,2287030","4,7128770",84
202000006713,20,11,26,12:30,1,2,1,1,1,83099,M,"43,4565330","6,6835770",83
202000006714,20,11,24,09:05,1,1,4,5,1,67130,M,"48,4102250","7,7071560",67
202000006715,20,11,4,16:35,1,2,1,1,6,88090,M,"48,3607260","6,3040070",88
202000006716,20,11,19,18:00,3,1,1,1,2,26271,M,"45,0182450","4,8520890",26
202000006717,20,11,25,15:55,1,1,1,1,7,26084,M,"44,9921120","4,9173400",26
202000006718,20,11,25,19:20,3,1,4,1,1,14289,M,"48,8908780"," -0,1327800",14
202000006719,20,11,25,21:00,3,1,1,1,6,60138,M,"49,2191670","2,6333710",60
202000006720,20,1,6,17:00,1,2,1,1,4,84007,M,"43,9475100","4,8180700",84