Num_Acc,an,mois,jour,hrmn,lum,agg,int,atm,col,com,gps,lat,long,dep
202000006721,20,1,29,07:50,4,2,3,2,3,36044,M,"46,8209538","1,7181480",36
202000006722,20,11,23,18:30,2,2,1,7,6,97407,R," -20,9451000","55,3228200",974
202000006723,20,11,24,13:10,1,2,1,1,6,97302,G,"4,9386238"," -52,3316915",973
202000006724,20,11,24,10:10,1,2,2,1,3,97302,G,"4,9257300"," -52,3157700",973
202000006725,20,11,24,06:50,2,2,1,3,3,97302,G,"4,9196800"," -52,3188100",973
202000006726,20,11,24,17:25,5,2,1,1,6,69388,M,"45,7324791","4,8826277",69
202000006727,20,11,24,15:05,1,2,2,1,6,69386,M,"45,7701400","4,8597100",69
202000006728,20,9,20,01:08,3,1,1,1,6,97213,A,"14,5966600"," -60,9952100",972
202000006729,20,11,23,09:35,1,2,1,1,3,91223,M,"48,4336700","2,1721100",91
202000006730,20,11,23,08:45,3,2,2,1,-1,83098,M,"43,1103826","6,0165489",83
202000006731,20,11,23,08:00,2,2,1,8,6,80001,M,"50,1040100","1,8244400",80
202000006732,20,11,24,17:45,5,2,2,1,3,79329,M,"46,9774940"," -0,2079100",79
202000006733,20,11,20,18:40,5,2,2,1,3,78158,M,"48,8200730","2,1284950",78
202000006734,20,9,23,11:00,1,2,9,1,6,78640,M,"48,7813180","2,2182700",78
202000006735,20,11,2,18:10,5,2,1,1,6,77288,M,"48,5518800","2,6493500",77
202000006736,20,5,15,14:45,1,1,1,1,6,77048,M,"48,3262000","2,6998000",77
202000006737,20,5,16,16:50,1,2,2,1,5,69290,M,"45,7084452","4,9088538",69
202000006738,20,5,18,01:35,5,2,1,1,6,64024,M,"43,4943939"," -1,5439975",64
202000006739,20,5,16,20:00,1,2,1,1,1,64140,M,"43,5277500"," -1,4716000",64
202000006740,20,5,16,10:40,1,2,1,1,6,62193,M,"50,9518000","1,9036000",62
202000006741,20,5,17,14:45,1,2,1,1,3,56260,M,"47,6586900"," -2,7482900",56
202000006742,20,5,17,13:55,1,2,4,1,3,53201,M,"48,0601260"," -0,8111040",53
202000006743,20,5,16,20:30,2,2,1,1,7,50129,M,"49,6374800"," -1,6307100",50
202000006744,20,5,16,14:30,1,2,1,1,7,50129,M,"49,6441890"," -1,6444490",50
202000006745,20,5,15,15:10,1,2,3,1,3,50129,M,"49,6284600"," -1,6396200",50
202000006746,20,5,17,17:00,1,2,2,1,1,38185,M,"45,1717500","5,7242200",38
202000006747,20,5,18,00:25,5,1,6,1,6,35051,M,"48,1035700"," -1,6041020",35
202000006748,20,5,17,19:50,1,2,1,1,3,26252,M,"44,8768980","4,8774040",26
202000006749,20,5,17,03:35,5,2,9,2,6,13204,M,"43,3110000","5,4033300",13
202000006750,20,5,17,19:00,1,2,1,1,7,11069,M,"43,2134000","2,3487000",11
202000006751,20,5,17,16:00,1,2,1,1,7,07102,M,"44,9349880","4,8759880",07
202000006752,20,5,17,21:15,5,2,1,8,3,06088,M,"43,6799869","7,2095257",06
202000006753,20,5,17,18:50,1,2,1,1,6,06088,M,"43,7201920","7,2516950",06
202000006754,20,5,17,13:58,1,2,8,2,3,06088,M,"43,7130500","7,2616900",06
202000006755,20,5,17,07:00,1,1,1,2,7,06069,M,"43,6312610","6,9312290",06
202000006756,20,5,17,18:50,1,2,3,1,3,75119,M,"48,8845840","2,3771180",75
202000006757,20,5,17,18:10,1,2,3,1,6,75118,M,"48,8834900","2,3466770",75
202000006758,20,5,17,02:20,5,2,5,1,3,75118,M,"48,9006900","2,3442200",75
202000006759,20,5,17,19:40,1,2,2,1,3,75117,M,"48,8803090","2,2998190",75
202000006760,20,5,17,12:10,1,2,2,1,3,75115,M,"48,8347140","2,3051840",75
202000006761,20,5,17,15:00,1,2,7,1,3,75112,M,"48,8271500","2,4646300",75
202000006762,20,5,17,01:55,5,2,1,1,3,94080,M,"48,8452110","2,4319115",94
202000006763,20,5,16,22:10,4,2,1,1,6,93048,M,"48,8626000","2,4571000",93
202000006764,20,5,17,17:35,1,2,1,1,2,93079,M,"48,9519281","2,3383769",93
202000006765,20,5,17,15:00,1,2,1,1,2,93010,M,"48,9125200","2,4787500",93
202000006766,20,5,16,22:50,5,2,1,1,7,92036,M,"48,9187180","2,2908710",92
202000006767,20,5,17,05:45,2,1,1,1,6,49244,M,"47,3156940"," -0,9118650",49
202000006768,20,5,16,17:26,1,1,1,1,1,47069,M,"44,2189310","0,5361250",47
202000006769,20,5,15,19:45,1,1,9,7,3,86258,M,"46,8129840","0,4006580",86
202000006770,20,5,18,17:25,1,1,1,1,4,95487,M,"49,1514820","2,2470900",95
202000006771,20,5,18,17:20,1,2,2,1,3,18039,M,"47,3022830","2,7957520",18
202000006772,20,5,17,17:55,1,1,9,1,4,97421,R," -21,0341290","55,5365510",974
202000006773,20,5,17,17:10,1,1,3,1,3,97410,R," -21,0689330","55,7046640",974
202000006774,20,5,18,11:15,1,2,1,1,6,59478,M,"50,9547230","2,4344480",59
202000006775,20,5,18,14:00,1,1,1,1,6,62079,M,"50,0999539","2,8850187",62
202000006776,20,5,15,19:20,1,1,1,1,6,19287,M,"45,3833058","1,9429647",19
202000006777,20,5,18,16:20,1,1,1,1,7,56105,M,"48,0194500"," -3,5166600",56
202000006778,20,5,17,07:00,1,1,1,1,7,56030,M,"47,4907900"," -2,3884110",56
202000006779,20,5,14,17:15,1,2,3,1,3,74006,M,"45,9934400","6,1215950",74
202000006780,20,5,16,19:30,1,1,1,1,7,76196,M,"49,6269440","0,2617680",76
202000006781,20,5,17,17:40,1,1,1,1,1,76123,M,"49,5439940","1,1513970",76
202000006782,20,5,17,19:15,1,1,1,7,7,79013,M,"46,9919200"," -0,4464000",79
202000006783,20,5,17,17:15,1,2,1,1,6,2B096,M,"42,3137010","9,1520077",2B
202000006784,20,5,16,15:15,1,1,1,1,7,82176,M,"43,9655310","1,5455530",82
202000006785,20,5,17,20:55,1,2,1,1,6,32283,M,"43,3752570","0,2129030",32
202000006786,20,5,18,00:55,3,1,1,1,6,89072,M,"47,7432413","2,9568967",89
202000006787,20,5,17,17:00,1,1,1,1,7,63319,M,"45,5163990","3,8851800",63
202000006788,20,5,17,19:15,1,1,1,1,6,61079,M,"48,2032420","0,7802050",61
202000006789,20,5,17,18:25,1,2,2,7,3,61092,M,"48,7530620","0,7402950",61
202000006790,20,5,17,16:30,1,2,1,1,6,61140,M,"48,7080650","0,6673470",61
202000006791,20,5,18,00:30,3,1,1,1,6,61407,M,"48,8268420"," -0,4625040",61
202000006792,20,5,16,02:00,3,1,1,1,7,61232,M,"48,6797690"," -0,7049200",61
202000006793,20,5,17,23:15,3,1,1,1,6,55522,M,"48,6310383","5,6988892",55
202000006794,20,5,16,18:20,1,1,1,1,3,49329,M,"47,3818430"," -0,6539490",49
202000006795,20,5,15,10:00,1,2,1,1,7,42323,M,"45,5614270","4,2769430",42
202000006796,20,5,15,15:45,1,2,1,1,7,42043,M,"45,5764940","4,3166830",42
202000006797,20,5,17,17:35,1,2,2,1,3,42059,M,"45,6346170","4,4033240",42
202000006798,20,5,15,18:45,1,1,1,7,7,22164,M,"48,5763800"," -3,3053400",22
202000006799,20,5,16,16:05,1,1,1,1,5,25147,M,"47,2060710","5,8942720",25
202000006800,20,5,17,16:55,1,1,1,1,6,25223,M,"46,9918460","6,0048870",25
202000006801,20,5,17,13:30,1,1,3,1,6,29205,M,"48,2915047"," -3,6074976",29
202000006802,20,5,18,10:10,1,2,9,7,3,31212,M,"43,7124100","1,5609330",31
202000006803,20,5,17,11:02,1,1,1,1,2,02014,M,"49,6025060","3,2795690",02
202000006804,20,5,17,11:40,1,1,1,1,7,26060,M,"44,5391970","5,1960360",26
202000006805,20,5,16,05:40,2,1,3,1,3,26305,M,"44,5964200","4,8888580",26
202000006806,20,5,18,11:30,1,1,2,1,3,14104,M,"49,2380040","0,2858050",14
202000006807,20,5,17,20:55,1,1,1,1,6,50120,M,"48,8892010"," -1,4514610",50
202000006808,20,5,18,17:04,1,1,3,1,1,90044,M,"47,7019500","6,9948170",90
202000006809,20,5,17,13:50,1,1,1,7,7,16405,M,"45,5209050"," -0,0986890",16
202000006810,20,5,18,16:05,1,1,1,1,3,16236,M,"45,5859820","0,1320290",16
202000006811,20,5,18,13:20,1,1,3,7,3,21317,M,"47,5470160","5,1220110",21
202000006812,20,5,17,11:10,1,2,1,1,6,40195,M,"43,7423170"," -0,4835040",40
202000006813,20,5,18,08:25,1,2,1,1,2,24354,M,"45,1467820","0,0053910",24
202000006814,20,5,17,17:00,1,1,1,1,1,24354,M,"45,0941560","0,1035550",24
202000006815,20,5,18,12:05,1,1,3,1,1,27116,M,"49,1789120","0,7033500",27
202000006816,20,5,18,10:35,1,2,1,1,6,28089,M,"48,5890140","1,2353610",28
202000006817,20,5,17,17:25,1,1,3,1,3,87140,M,"45,9031240","0,9734000",87
202000006818,20,5,17,10:45,1,2,1,1,2,37263,M,"47,2748863","0,8365154",37
202000006819,20,5,18,07:45,1,1,1,1,1,30138,M,"43,8084870","4,2397360",30
202000006820,20,5,15,15:45,1,1,1,1,7,95042,M,"49,0683130","2,2826240",95
202000006821,20,5,17,19:40,1,1,1,1,4,95535,M,"49,0639130","1,9822810",95
202000006822,20,5,18,19:10,2,1,1,3,3,2B355,M,"42,5187700","9,3950700",2B
202000006823,20,5,17,16:35,1,1,1,1,5,68171,M,"47,9708010","6,9887090",68
202000006824,20,5,17,10:30,1,1,3,1,3,68252,M,"48,1642250","7,3666870",68
202000006825,20,5,16,20:25,2,1,1,1,7,67464,M,"48,3419530","7,5658040",67
202000006826,20,5,16,17:25,1,1,2,7,3,67464,M,"48,3241537","7,5716773",67
202000006827,20,5,17,16:00,1,1,1,1,3,88531,M,"48,0487460","7,0093200",88
202000006828,20,5,16,16:30,1,1,1,1,3,57550,M,"49,1522260","6,6319230",57
202000006829,20,5,18,17:55,1,1,1,7,3,74073,M,"46,3345060","6,6527690",74
202000006830,20,5,17,17:30,1,1,1,1,-1,42201,M,"45,3483830","4,6609010",42
202000006831,20,5,18,10:08,1,1,1,1,1,64376,M,"43,2787560"," -0,3144730",64
202000006832,20,5,16,12:15,1,2,1,1,2,33042,M,"44,5140310"," -0,7930000",33
202000006833,20,5,17,01:44,5,1,1,1,2,60612,M,"49,2213821","2,5883512",60
202000006834,20,5,18,17:50,1,1,1,1,7,62106,M,"50,3017520","3,0387870",62
202000006835,20,5,17,16:50,1,1,1,3,6,13005,M,"43,2803000","5,5832000",13
202000006836,20,5,16,19:30,1,1,1,2,7,13026,M,"43,3773380","5,1718210",13
202000006837,20,5,17,09:40,1,1,1,1,7,94037,M,"48,8157905","2,3367697",94
202000006838,20,5,15,18:20,1,1,9,1,4,91228,M,"48,6196200","2,4261100",91
202000006839,20,5,16,13:15,1,2,1,1,7,97416,R," -21,2907400","55,4664400",974
202000006840,20,5,16,09:45,1,1,2,1,3,97416,R," -21,3399100","55,5094800",974
202000006841,20,5,16,16:25,1,2,9,1,3,97302,G,"4,9319308"," -52,3283744",973
202000006842,20,5,16,14:30,1,2,1,1,3,97302,G,"4,9220326"," -52,3194158",973
202000006843,20,5,16,10:40,1,1,1,1,2,97302,G,"4,9053400"," -52,3232100",973
202000006844,20,5,16,17:50,1,2,1,1,6,69388,M,"45,7394000","4,8660100",69
202000006845,20,5,16,18:55,3,2,1,2,7,97209,A,"14,6219400"," -61,0368600",972
202000006846,20,5,16,14:38,1,2,1,1,2,69382,M,"45,7656729","4,8380948",69
202000006847,20,5,16,03:00,5,2,5,1,3,69034,M,"45,7908821","4,8424221",69
202000006848,20,5,16,19:42,1,2,9,1,3,91570,M,"48,6338800","2,3052280",91
202000006849,20,5,15,19:50,1,2,1,1,6,91174,M,"48,6138300","2,4720200",91
202000006850,20,5,15,19:14,1,2,1,1,6,83126,M,"43,1149140","5,8714480",83
202000006851,20,5,15,16:37,1,2,1,1,7,79329,M,"46,9819600"," -0,2191600",79
202000006852,20,5,16,17:00,1,1,1,1,4,77118,M,"48,9430500","2,6593800",77
202000006853,20,5,17,00:45,5,2,3,1,-1,77407,M,"48,5304600","2,5517900",77
202000006854,20,5,15,18:30,1,2,3,1,3,77186,M,"48,4053100","2,6898300",77
202000006855,20,5,15,17:20,1,2,3,1,1,77186,M,"48,4055848","2,7789559",77
202000006856,20,5,16,00:50,5,2,2,1,3,76540,M,"49,4482100","1,0667500",76
202000006857,20,5,16,15:00,1,2,1,1,6,72181,M,"48,0185800","0,1911100",72
202000006858,20,5,16,09:20,1,2,1,1,6,71270,M,"46,2993486","4,8275028",71
202000006859,20,5,15,13:50,1,2,1,1,3,71270,M,"46,2927336","4,8157504",71
202000006860,20,5,16,19:11,1,2,3,1,3,69275,M,"45,7697000","4,9493000",69
202000006861,20,4,24,21:20,5,2,1,1,-1,59350,M,"50,6205000","3,0672000",59
202000006862,20,5,16,09:50,1,2,1,1,6,42044,M,"45,3943100","4,3053800",42
202000006863,20,5,16,17:56,1,2,6,1,7,37261,M,"47,3738729","0,6788172",37
202000006864,20,5,16,15:30,1,2,1,1,7,37261,M,"47,3744416","0,7248585",37
202000006865,20,5,15,20:04,1,2,3,1,-1,37261,M,"47,3717137","0,6776768",37
202000006866,20,5,16,18:40,1,2,1,1,4,35238,M,"48,1139948"," -1,6986960",35
202000006867,20,5,16,20:41,1,2,2,1,3,33162,M,"44,8771400"," -0,6424700",33
202000006868,20,5,16,16:15,1,1,1,1,7,33529,M,"44,5722800"," -1,2201200",33
202000006869,20,5,12,19:25,1,2,1,1,1,26362,M,"44,9419400","4,9153500",26
202000006870,20,5,16,04:10,5,2,1,1,4,13075,M,"43,3427740","5,4574970",13
202000006871,20,5,16,23:50,5,2,3,2,3,13028,M,"43,1841390","5,6064930",13
202000006872,20,5,13,02:28,5,2,1,1,6,07231,M,"44,5929500","4,3775000",07
202000006873,20,5,15,16:57,1,2,1,1,6,06027,M,"43,6647534","7,1517354",06
202000006874,20,5,16,09:45,1,1,2,1,3,01289,M,"46,1648695","5,2207030",01
202000006875,20,5,16,17:00,1,2,1,1,4,75115,M,"48,8323730","2,2805420",75
202000006876,20,5,16,17:51,1,2,2,1,3,75106,M,"48,8514680","2,3370600",75
202000006877,20,5,16,13:00,1,2,2,1,6,75105,M,"48,8471220","2,3512390",75
202000006878,20,5,16,04:38,5,2,1,1,3,75105,M,"48,8369810","2,3522960",75
202000006879,20,5,16,00:30,5,2,5,1,6,75105,M,"48,8508370","2,3455960",75
202000006880,20,5,16,17:50,1,2,2,1,3,75119,M,"48,8943030","2,3817260",75
202000006881,20,5,16,16:30,1,2,1,1,3,75118,M,"48,8841970","2,3543150",75
202000006882,20,5,16,14:00,1,2,2,1,3,75117,M,"48,8975800","2,3241530",75
202000006883,20,5,16,18:00,1,2,1,1,3,75116,M,"48,8577420","2,2372610",75
202000006884,20,5,16,11:30,1,2,1,1,6,75115,M,"48,8539200","2,2873610",75
202000006885,20,5,16,15:40,1,2,1,1,6,75114,M,"48,8344700","2,3338510",75
202000006886,20,5,15,10:40,1,2,2,1,6,75114,M,"48,8261720","2,3195830",75
202000006887,20,5,16,17:50,1,2,1,1,2,75112,M,"48,8371460","2,3904787",75
202000006888,20,5,16,21:50,4,2,1,1,6,75111,M,"48,8535960","2,3964500",75
202000006889,20,5,16,18:05,1,2,1,1,2,75111,M,"48,8659590","2,3837790",75
202000006890,20,5,16,11:15,1,2,2,1,3,75101,M,"48,8590870","2,3464500",75
202000006891,20,5,16,13:25,1,2,3,1,7,94068,M,"48,7991110","2,4997470",94
202000006892,20,5,16,14:15,1,2,1,1,2,94068,M,"48,7999846","2,4975703",94
202000006893,20,5,16,15:15,1,2,1,1,3,94076,M,"48,7937940","2,3690760",94
202000006894,20,5,16,12:45,1,2,1,1,3,94076,M,"48,7918400","2,3699600",94
202000006895,20,5,15,18:07,1,2,4,1,3,94076,M,"48,8010000","2,3651000",94
202000006896,20,5,15,21:00,2,2,1,1,1,94041,M,"48,8125000","2,3796000",94
202000006897,20,5,16,14:30,1,2,1,1,2,94028,M,"48,7993987","2,4505436",94
202000006898,20,5,16,13:50,1,2,9,1,3,94054,M,"48,7476440","2,3801400",94
202000006899,20,5,16,03:19,5,2,1,1,7,94060,M,"48,7815749","2,5714617",94
202000006900,20,5,16,16:00,1,1,1,1,1,94004,M,"48,7490980","2,5073410",94
202000006901,20,5,16,15:50,1,2,9,1,2,93070,M,"48,9059200","2,3317800",93
202000006902,20,5,15,21:10,5,2,2,1,3,93066,M,"48,9091666","2,3635729",93
202000006903,20,5,16,21:25,1,2,1,1,5,93048,M,"48,8771000","2,4638000",93
202000006904,20,5,16,13:30,1,2,1,1,3,92049,M,"48,8183910","2,3226370",92
202000006905,20,5,15,20:10,2,2,1,1,1,95487,M,"49,1508870","2,2743050",95
202000006906,20,5,17,16:45,1,2,1,1,6,62672,M,"50,1162730","2,6986540",62
202000006907,20,5,16,20:15,1,2,1,1,6,91553,M,"48,6181900","2,4837260",91
202000006908,20,5,16,20:55,1,1,1,1,7,59157,M,"50,2505394","4,1261021",59
202000006909,20,5,16,21:15,2,2,1,1,1,59231,M,"50,2387280","4,0234420",59
202000006910,20,5,17,15:50,1,1,1,1,2,67325,M,"48,5345530","7,3465920",67
202000006911,20,5,17,00:50,3,1,1,1,6,82135,M,"43,8779430","1,4423100",82
202000006912,20,5,16,14:15,1,1,1,1,6,65456,M,"43,1337916","0,4447743",65
202000006913,20,5,15,18:45,1,1,1,1,6,33394,M,"44,9133600"," -0,1888280",33
202000006914,20,5,17,11:30,1,1,1,1,7,11332,M,"43,1270480","2,8365760",11
202000006915,20,5,17,14:40,1,1,1,1,1,11262,M,"43,1734483","3,0767512",11
202000006916,20,5,16,20:00,1,2,1,1,7,71528,M,"46,6238394","5,1783210",71
202000006917,20,5,17,19:00,1,1,1,1,7,63414,M,"45,7078525","3,5850267",63
202000006918,20,5,16,21:05,2,1,1,1,7,55215,M,"48,5100398","5,5688338",55
202000006919,20,5,17,18:50,1,1,1,1,7,42293,M,"45,9975060","4,2497890",42
202000006920,20,5,16,20:15,1,1,1,1,6,41095,M,"47,8961720","1,2223440",41
202000006921,20,5,16,18:00,1,1,9,1,3,35360,M,"48,1249660"," -1,2325290",35
202000006922,20,5,16,16:20,1,2,1,1,7,29130,M,"48,3559210"," -4,6593830",29
202000006923,20,5,17,17:10,1,1,2,7,3,29037,M,"47,8812953"," -4,1272247",29
202000006924,20,5,17,11:45,1,1,1,1,6,02106,M,"49,4085300","3,6656460",02
202000006925,20,5,16,12:00,1,1,2,1,3,84020,M,"43,8567200","5,2881430",84
202000006926,20,5,17,15:00,1,2,4,1,3,15138,M,"45,1094282","2,8717496",15
202000006927,20,5,16,16:20,1,1,1,1,6,01068,M,"46,0710385","5,4837252",01
202000006928,20,5,16,15:30,1,1,1,1,2,01068,M,"46,0840290","5,4764810",01
202000006929,20,5,16,19:10,1,1,1,2,6,66057,M,"42,5791400","2,3748770",66
202000006930,20,3,3,13:55,1,2,1,2,3,37261,M,"47,3898412","0,6946306",37
202000006931,20,3,2,14:15,1,2,1,1,4,37233,M,"47,3792841","0,7223206",37
202000006932,20,3,2,08:33,2,2,1,2,6,37195,M,"47,3859791","0,6536175",37
202000006933,20,2,26,16:40,1,2,1,1,3,37214,M,"47,4131808","0,6719974",37
202000006934,20,2,25,16:20,1,2,1,1,3,37261,M,"47,3816138","0,6821822",37
202000006935,20,3,3,18:40,2,1,1,1,4,35238,M,"48,0861000"," -1,6379500",35
202000006936,20,2,3,17:40,1,2,1,1,2,35238,M,"48,1138400"," -1,6982400",35
202000006937,20,3,3,10:35,1,1,1,1,7,35281,M,"48,0927201"," -1,7082748",35
202000006938,20,2,29,15:10,1,1,1,2,7,35238,M,"48,0816100"," -1,6765200",35
202000006939,20,3,2,19:15,5,2,1,1,6,35238,M,"48,1153554"," -1,7028913",35
202000006940,20,3,3,09:50,1,2,1,1,4,34172,M,"43,6076700","3,9240900",34
202000006941,20,3,3,08:30,1,2,1,1,3,34172,M,"43,6231000","3,8632600",34
202000006942,20,3,2,21:45,5,2,9,1,3,34172,M,"43,6183287","3,8594023",34
202000006943,20,3,2,08:00,1,2,1,8,6,34172,M,"43,6325204","3,8215063",34
202000006944,20,3,1,00:30,4,1,9,1,6,34336,M,"43,3363000","3,2811100",34
202000006945,20,3,4,00:35,5,2,2,8,6,33063,M,"44,8330500"," -0,5798800",33
202000006946,20,3,2,17:05,1,2,3,2,3,33075,M,"44,8808148"," -0,5847299",33
202000006947,20,3,2,15:50,1,2,1,3,3,33318,M,"44,7867500"," -0,6680900",33
202000006948,20,3,2,07:40,2,2,1,3,4,33529,M,"44,6342300"," -1,1691600",33
202000006949,20,3,3,11:20,1,2,1,2,6,31149,M,"43,6058500","1,3358820",31
202000006950,20,3,2,16:10,1,2,1,1,3,31555,M,"43,5962600","1,4622400",31
202000006951,20,3,2,11:45,1,2,1,2,3,31555,M,"43,5892400","1,4564600",31
202000006952,20,3,1,21:00,5,2,6,1,3,31555,M,"43,6424900","1,4282200",31
202000006953,20,2,29,10:00,1,2,1,1,3,31555,M,"43,6202000","1,4573300",31
202000006954,20,2,29,23:25,5,2,1,1,3,31555,M,"43,6637200","1,4308100",31
202000006955,20,2,28,17:10,1,2,1,1,6,31555,M,"43,6418300","1,4334100",31
202000006956,20,2,28,12:00,1,2,1,2,1,31149,M,"43,5970500","1,3641000",31
202000006957,20,2,28,09:15,1,2,1,1,1,31555,M,"43,6041453","1,4123936",31
202000006958,20,3,1,13:30,1,2,1,1,1,30189,M,"43,8148200","4,3298600",30
202000006959,20,3,3,15:28,1,1,1,1,2,29039,M,"47,9277745"," -3,8994628",29
202000006960,20,3,3,21:46,5,2,3,1,6,29019,M,"48,3937202"," -4,4959081",29
202000006961,20,3,3,17:00,1,2,6,1,3,29019,M,"48,4335359"," -4,4994485",29
202000006962,20,3,2,12:47,1,2,1,2,2,29019,M,"48,3963248"," -4,5158785",29
202000006963,20,2,29,00:45,5,2,1,6,2,29019,M,"48,3899500"," -4,4710100",29
202000006964,20,2,25,07:53,1,2,1,1,2,29019,M,"48,3972211"," -4,4896522",29
202000006965,20,2,23,06:20,5,2,6,1,6,29019,M,"48,4026620"," -4,4668710",29
202000006966,20,3,3,15:45,1,2,2,1,6,27681,M,"49,0924600","1,4863900",27
202000006967,20,3,1,17:11,1,2,1,1,2,26252,M,"44,8634700","4,8732800",26
202000006968,20,3,3,13:55,1,2,9,1,6,25056,M,"47,2629000","6,0493000",25
202000006969,20,2,27,13:25,1,2,1,1,7,22187,M,"48,5311120"," -2,7319260",22
202000006970,20,2,19,12:00,1,2,1,1,6,22215,M,"48,4909820"," -2,7940100",22
202000006971,20,2,26,13:30,1,2,1,2,6,22278,M,"48,5107300"," -2,7588100",22
202000006972,20,2,27,12:40,1,2,1,3,6,19031,M,"45,1624912","1,5381216",19
202000006973,20,3,1,04:50,5,2,1,1,6,14536,M,"49,4092200","0,2529400",14
202000006974,20,2,21,09:40,1,1,1,1,3,14117,M,"49,2741059"," -0,1200314",14
202000006975,20,3,3,20:35,5,2,2,1,3,13205,M,"43,2969378","5,3887439",13
202000006976,20,3,3,19:30,2,2,2,1,3,13206,M,"43,2849700","5,3853200",13
202000006977,20,3,2,08:45,1,2,9,2,3,13210,M,"43,2749100","5,4264200",13
202000006978,20,3,2,08:30,1,2,1,2,2,13205,M,"43,2960649","5,4057059",13
202000006979,20,3,2,06:45,2,2,1,3,6,13212,M,"43,3059464","5,4191390",13
202000006980,20,3,3,00:35,3,1,1,1,6,13063,M,"43,5881100","4,9981400",13
202000006981,20,3,2,17:00,1,2,1,1,3,13001,M,"43,5891750","5,4322120",13
202000006982,20,3,2,18:05,5,2,1,3,7,10343,M,"48,2707520","4,0884640",10
202000006983,20,3,1,06:15,5,1,1,1,2,09225,M,"43,1159230","1,6216580",09
202000006984,20,3,3,17:00,1,2,3,1,3,06069,M,"43,6439610","6,9136990",06
202000006985,20,3,1,15:45,1,2,9,1,3,06027,M,"43,6604150","7,1765590",06
202000006986,20,3,3,15:30,1,1,1,1,3,06004,M,"43,6130160","7,1274140",06
202000006987,20,3,1,10:40,1,1,1,1,7,05061,M,"44,5100300","6,0688800",05
202000006988,20,1,1,15:45,1,2,3,2,3,93073,M,"48,9399900","2,5893300",93
202000006989,20,1,3,19:35,5,1,1,1,4,94018,M,"48,8173919","2,4147525",94
202000006990,20,1,1,16:50,1,1,1,1,2,94017,M,"48,8267841","2,5141683",94
202000006991,20,2,29,17:46,1,2,1,2,6,98818,C," -22,3102400","166,4532600",988
202000006992,20,2,28,18:40,2,2,1,1,7,98818,C," -22,3031900","166,4366400",988
202000006993,20,2,28,16:05,1,2,1,1,6,98818,C," -22,2633600","166,4441800",988
202000006994,20,2,28,16:15,1,2,2,1,3,98818,C," -22,2760000","166,4491500",988
202000006995,20,2,28,07:50,1,2,1,1,2,98818,C," -22,3027600","166,4432100",988
202000006996,20,2,28,06:00,1,2,1,1,3,98818,C," -22,2671800","166,4126200",988
202000006997,20,2,26,07:10,1,2,3,1,3,98818,C," -22,2677100","166,4559100",988
202000006998,20,2,25,14:00,1,2,1,1,2,98818,C," -22,2499000","166,4507000",988
202000006999,20,2,24,16:30,1,2,3,1,6,98818,C," -22,2965800","166,4451600",988
202000007000,20,3,1,14:25,1,1,1,3,7,97416,R," -21,3054500","55,4989000",974
202000007001,20,2,29,01:05,5,2,1,1,6,97416,R," -21,3435792","55,4685629",974
202000007002,20,2,28,22:49,5,2,1,1,7,97416,R," -21,2888000","55,4665000",974
202000007003,20,2,29,07:30,1,1,1,1,2,97411,R," -20,8873856","55,4413301",974
202000007004,20,2,29,02:45,5,2,2,1,3,97411,R," -20,8766200","55,4478200",974
202000007005,20,2,26,15:46,1,2,1,1,-1,97411,R," -20,8821770","55,4636920",974
202000007006,20,2,26,07:45,1,1,1,2,3,97411,R," -20,8903200","55,5010900",974
202000007007,20,2,24,18:10,1,2,1,1,2,97411,R," -20,8858847","55,4549584",974
202000007008,20,2,27,06:43,1,2,1,1,3,97408,R," -20,9573200","55,3228300",974
202000007009,20,2,28,20:45,3,2,1,1,6,97302,G,"4,9143042"," -52,3208964",973
202000007010,20,2,25,11:46,1,2,1,1,3,97302,G,"4,9310556"," -52,3263157",973
202000007011,20,3,1,13:10,1,2,4,1,3,69387,M,"45,7483817","4,8549558",69
202000007012,20,2,29,16:05,1,2,2,2,3,69383,M,"45,7545531","4,8517443",69
202000007013,20,2,29,08:30,1,2,2,1,6,69259,M,"45,6968000","4,8865000",69
202000007014,20,2,27,15:45,1,2,2,2,6,69383,M,"45,7424000","4,8805000",69
202000007015,20,2,25,19:15,5,2,2,1,3,69388,M,"45,7422000","4,8776000",69
202000007016,20,2,25,10:20,1,2,2,2,6,69387,M,"45,7312400","4,8337300",69
202000007017,20,2,29,23:10,5,2,1,2,7,97209,A,"14,6388250"," -61,0409150",972
202000007018,20,2,25,21:45,5,2,2,1,3,97209,A,"14,6050150"," -61,0710290",972
202000007019,20,2,24,21:40,5,2,1,1,1,97209,A,"14,6030000"," -61,0614900",972
202000007020,20,2,24,23:00,4,2,1,1,7,97209,A,"14,6106200"," -61,0634600",972
202000007021,20,2,23,22:50,5,2,1,1,7,97209,A,"14,6102400"," -61,0602300",972
202000007022,20,2,25,20:45,5,2,2,1,6,69382,M,"45,7445900","4,8195200",69
202000007023,20,2,28,18:50,3,2,1,1,7,69382,M,"45,7558000","4,8358000",69
202000007024,20,2,27,19:45,5,2,4,2,3,69149,M,"45,7179400","4,8085600",69
202000007025,20,2,28,07:00,2,2,1,1,3,69389,M,"45,7773100","4,8076700",69