Num_Acc,an,mois,jour,hrmn,lum,agg,int,atm,col,com,gps,lat,long,dep
202000007026,20,2,27,20:10,5,2,1,1,1,69202,M,"45,7336300","4,7796500",69
202000007027,20,2,27,18:45,5,2,1,1,6,69034,M,"45,7877052","4,8302136",69
202000007028,20,2,24,09:20,1,2,1,1,6,69385,M,"45,7562000","4,7959000",69
202000007029,20,2,28,12:10,1,1,1,1,3,2B033,M,"42,6641000","9,4424900",2B
202000007030,20,2,28,14:20,1,1,1,1,1,97113,A,"16,2171200"," -61,5167000",971
202000007031,20,2,24,14:20,1,1,1,7,6,97113,A,"16,2181800"," -61,5161900",971
202000007032,20,2,28,06:30,2,2,9,1,6,97107,A,"16,0462780"," -61,5665200",971
202000007033,20,2,14,15:20,1,2,1,1,3,95427,M,"48,9647200","2,3365600",95
202000007034,20,2,25,18:46,5,2,1,2,3,95210,M,"48,9780500","2,3060000",95
202000007035,20,2,26,17:20,1,2,9,2,-1,95427,M,"48,9558000","2,3329400",95
202000007036,20,2,25,19:07,5,2,1,1,6,91216,M,"48,6762210","2,3248920",91
202000007037,20,2,26,16:48,1,2,1,2,6,91570,M,"48,6343790","2,3221920",91
202000007038,20,2,29,12:45,1,1,9,8,6,91064,M,"48,7730600","2,2289700",91
202000007039,20,2,28,08:30,1,2,1,1,6,91345,M,"48,6899720","2,2972330",91
202000007040,20,2,27,23:35,5,1,1,1,7,91433,M,"48,4519300","2,1740000",91
202000007041,20,2,28,09:20,1,2,1,8,6,91174,M,"48,6073900","2,4650300",91
202000007042,20,2,27,12:55,1,2,2,2,3,91174,M,"48,6130700","2,4834700",91
202000007043,20,2,27,15:30,1,2,1,6,2,91457,M,"48,5830570","2,2660520",91
202000007044,20,2,27,14:00,1,2,1,6,6,91339,M,"48,6217150","2,2596790",91
202000007045,20,2,27,08:10,1,2,9,3,3,91103,M,"48,6225730","2,3140290",91
202000007046,20,2,24,12:10,1,2,3,1,2,91103,M,"48,6150360","2,3043770",91
202000007047,20,2,24,11:40,1,2,3,1,3,91021,M,"48,5841500","2,2443500",91
202000007048,20,2,24,22:40,3,1,1,1,6,89024,M,"47,8180021","3,5638013",89
202000007049,20,2,25,11:11,1,2,2,1,6,87085,M,"45,8316100","1,2535000",87
202000007050,20,2,22,16:35,1,1,2,1,2,87065,M,"45,7844200","1,3115200",87
202000007051,20,1,24,19:30,3,2,1,1,6,86194,M,"46,5685126","0,3739268",86
202000007052,20,2,12,12:45,1,2,1,1,1,84007,M,"43,9268066","4,8362288",84
202000007053,20,3,1,21:35,5,2,1,1,7,83137,M,"43,1266300","5,9125100",83
202000007054,20,2,29,19:15,5,2,1,8,6,83137,M,"43,1238350","5,9525320",83
202000007055,20,3,1,16:00,1,2,1,1,3,83069,M,"43,0907780","6,1293460",83
202000007056,20,2,29,09:35,1,2,2,1,3,83069,M,"43,1113201","6,1240100",83
202000007057,20,2,27,14:15,1,1,9,2,6,83069,M,"43,1074000","6,1780000",83
202000007058,20,2,27,16:53,1,2,1,2,3,82121,M,"44,0032970","1,3409150",82
202000007059,20,2,25,20:00,5,2,3,1,3,80021,M,"49,8715300","2,2844700",80
202000007060,20,2,26,08:52,1,2,1,1,3,80021,M,"49,8892500","2,3103000",80
202000007061,20,2,29,19:10,5,2,1,8,6,78158,M,"48,8218040","2,1165990",78
202000007062,20,2,25,08:40,2,1,1,2,5,78586,M,"48,9316560","2,1692460",78
202000007063,20,2,25,18:55,5,2,2,3,2,78299,M,"49,0049700","1,9010500",78
202000007064,20,2,28,14:20,1,1,1,1,3,78123,M,"48,9513490","2,0230630",78
202000007065,20,2,11,11:10,1,2,2,1,6,77368,M,"48,5459630","3,2870932",77
202000007066,20,2,26,14:20,1,2,1,1,6,77312,M,"48,3439400","2,7726500",77
202000007067,20,2,20,21:05,3,2,6,2,5,77053,M,"48,6912406","2,6072020",77
202000007068,20,3,1,16:15,1,1,1,8,1,77369,M,"48,9757700","2,9209000",77
202000007069,20,2,28,14:45,1,2,3,1,3,77243,M,"48,8764300","2,7214220",77
202000007070,20,2,25,17:30,1,2,1,9,6,77058,M,"48,8449800","2,7276600",77
202000007071,20,2,24,18:20,2,2,1,1,3,76540,M,"49,4380300","1,0964300",76
202000007072,20,2,25,14:00,1,2,9,1,1,76351,M,"49,5157300","0,1470500",76
202000007073,20,2,27,16:05,1,2,2,2,3,73065,M,"45,5759100","5,9069200",73
202000007074,20,2,25,20:17,5,2,4,2,6,72181,M,"48,0177000","0,1993000",72
202000007075,20,2,26,17:20,1,2,1,1,6,71270,M,"46,3025098","4,8198784",71
202000007076,20,2,28,07:05,2,2,1,8,6,71153,M,"46,8034215","4,4395964",71
202000007077,20,2,24,17:20,1,2,9,1,3,71153,M,"46,8030922","4,4540092",71
202000007078,20,3,1,08:00,1,2,1,7,6,69266,M,"45,7661900","4,8975400",69
202000007079,20,2,29,13:40,1,2,8,8,3,69266,M,"45,7726000","4,8632000",69
202000007080,20,2,27,11:30,1,1,1,1,2,69013,M,"46,0181000","4,7205800",69
202000007081,20,2,17,11:40,1,2,7,2,3,69264,M,"45,9961000","4,7298000",69
202000007082,20,2,24,10:10,1,1,1,1,4,69115,M,"45,9732800","4,7170800",69
202000007083,20,2,27,16:15,1,2,3,2,3,67482,M,"48,5548500","7,7664600",67
202000007084,20,2,26,12:40,1,1,8,1,3,67482,M,"48,5775746","7,7336131",67
202000007085,20,2,26,12:30,1,2,1,2,3,67447,M,"48,6111423","7,7129450",67
202000007086,20,2,24,20:30,5,2,2,1,6,67218,M,"48,5463711","7,7391922",67
202000007087,20,2,22,13:45,1,2,1,1,6,67218,M,"48,5255630","7,7212010",67
202000007088,20,2,25,23:25,3,1,1,2,1,67462,M,"48,2429320","7,4693690",67
202000007089,20,2,27,18:20,1,2,1,1,6,66136,M,"42,7215400","2,8855000",66
202000007090,20,2,27,11:18,1,1,6,1,3,66136,M,"42,6785220","2,8807530",66
202000007091,20,2,26,15:30,1,2,1,1,1,66136,M,"42,6959200","2,8769100",66
202000007092,20,2,25,10:40,1,2,1,1,3,66136,M,"42,6870700","2,8702600",66
202000007093,20,2,24,20:00,5,1,1,1,2,66172,M,"42,7006400","2,8652600",66
202000007094,20,2,24,18:30,1,2,1,1,2,66136,M,"42,6960400","2,8906600",66
202000007095,20,2,24,19:48,5,2,3,1,-1,66136,M,"42,6881400","2,9108600",66
202000007096,20,2,28,19:00,5,2,3,1,3,65440,M,"43,2442780","0,0704160",65
202000007097,20,2,28,14:20,1,1,6,1,3,64335,M,"43,3447500"," -0,4307200",64
202000007098,20,2,28,11:40,1,2,1,1,4,64129,M,"43,3045000"," -0,4006000",64
202000007099,20,2,26,17:15,1,2,3,2,3,64445,M,"43,3065000"," -0,3566100",64
202000007100,20,2,25,15:40,1,2,1,2,6,64445,M,"43,2932916"," -0,3754617",64
202000007101,20,2,25,13:00,1,2,1,1,2,64445,M,"43,2873700"," -0,3806000",64
202000007102,20,2,28,14:05,1,2,1,1,2,64102,M,"43,5062300"," -1,4672300",64
202000007103,20,2,27,17:45,1,2,3,2,3,64024,M,"43,4893400"," -1,5005300",64
202000007104,20,2,27,12:35,1,2,1,2,3,64102,M,"43,4780700"," -1,4920800",64
202000007105,20,2,22,19:55,5,2,3,1,3,64024,M,"43,4970500"," -1,5067300",64
202000007106,20,1,29,07:30,4,2,1,1,1,62637,M,"50,4675718","2,9794906",62
202000007107,20,2,24,13:45,1,2,1,8,1,62400,M,"50,4811000","2,5751900",62
202000007108,20,2,28,00:35,5,2,1,9,3,62004,M,"50,2756300","2,7693000",62
202000007109,20,3,1,00:00,5,1,1,1,1,60325,M,"49,4021500","2,7771000",60
202000007110,20,2,19,18:50,5,2,1,3,6,59616,M,"50,4754478","3,5742527",59
202000007111,20,2,28,13:55,1,2,3,2,6,59350,M,"50,6336800","3,0584300",59
202000007112,20,2,27,19:30,5,2,5,1,3,59350,M,"50,6204600","3,0562700",59
202000007113,20,2,28,02:55,5,2,1,1,6,59183,M,"51,0466183","2,4109250",59
202000007114,20,2,16,14:20,1,2,2,2,3,59183,M,"51,0267900","2,3598100",59
202000007115,20,2,28,01:05,5,1,1,1,7,57751,M,"49,1676900","6,1629700",57
202000007116,20,2,22,17:56,1,1,1,1,1,57019,M,"49,2493800","6,1234700",57
202000007117,20,2,23,20:10,5,2,1,2,6,57019,M,"49,2545600","6,1408900",57
202000007118,20,2,29,22:20,5,2,1,2,6,56260,M,"47,6660300"," -2,7532000",56
202000007119,20,2,29,10:15,1,1,1,1,6,56083,M,"47,7881100"," -3,2787600",56
202000007120,20,3,1,09:40,1,2,4,1,1,54339,M,"48,7090000","6,1811000",54
202000007121,20,9,17,18:55,1,1,1,1,3,92036,M,"48,9389200","2,3079000",92
202000007122,20,9,17,10:10,1,1,1,1,4,93008,M,"48,9090000","2,4482600",93
202000007123,20,9,17,09:00,1,1,1,1,4,95351,M,"49,0384700","2,4843000",95
202000007124,20,9,16,19:30,1,1,1,1,3,93066,M,"48,9112100","2,3579100",93
202000007125,20,9,16,16:50,1,1,1,1,6,95154,M,"49,0345300","2,5407100",95
202000007126,20,9,16,13:45,1,1,1,1,2,93010,M,"48,8889500","2,4737800",93
202000007127,20,9,17,20:15,3,1,1,1,2,77410,M,"48,5876879","2,7053251",77
202000007128,20,9,17,13:50,1,1,1,1,5,94065,M,"48,7559000","2,3379000",94
202000007129,20,9,17,13:30,1,1,1,1,2,94033,M,"48,8605912","2,4849125",94
202000007130,20,9,12,10:00,1,1,1,1,2,77249,M,"48,7458100","2,6137100",77
202000007131,20,9,17,09:00,1,1,1,1,2,94074,M,"48,7687100","2,4505600",94
202000007132,20,9,17,08:00,1,1,1,1,2,94018,M,"48,8190900","2,4071800",94
202000007133,20,9,16,15:00,1,1,1,1,3,94017,M,"48,8283362","2,5023593",94
202000007134,20,2,27,15:00,1,2,1,1,3,78165,M,"48,8233400","1,9917600",78
202000007135,20,9,16,05:50,2,2,1,1,3,97611,Y," -12,7783300","45,2244800",976
202000007136,20,9,16,13:55,1,1,1,1,6,97411,R," -20,8971810","55,4806850",974
202000007137,20,9,16,16:00,1,1,1,3,3,97302,G,"4,9113433"," -52,3264647",973
202000007138,20,9,16,20:30,2,2,2,1,3,69386,M,"45,7670685","4,8476478",69
202000007139,20,9,15,09:00,1,1,1,1,1,97101,A,"16,2572696"," -61,5120398",971
202000007140,20,9,14,11:35,1,2,1,1,7,97101,A,"16,2737584"," -61,5109706",971
202000007141,20,9,14,08:20,1,2,1,1,3,95598,M,"48,9751327","2,2982669",95
202000007142,20,9,15,09:10,1,2,9,1,3,91312,M,"48,7375760","2,2256270",91
202000007143,20,9,16,20:05,5,2,3,1,5,91657,M,"48,7047740","2,4271530",91
202000007144,20,9,15,22:05,5,2,4,1,3,83062,M,"43,1374000","6,0257000",83
202000007145,20,9,16,07:15,2,1,1,1,7,78551,M,"48,9644900","2,0912000",78
202000007146,20,9,16,08:00,1,2,6,1,3,77479,M,"48,8659160","2,6425690",77
202000007147,20,9,15,18:01,1,1,1,1,3,76498,M,"49,4308000","1,0577700",76
202000007148,20,9,15,07:29,2,2,1,1,3,76366,M,"49,5002300","1,0459300",76
202000007149,20,9,15,17:55,1,2,2,1,3,76351,M,"49,4976000","0,1361000",76
202000007150,20,9,15,23:00,5,1,1,1,6,76447,M,"49,5472900","0,2075000",76
202000007151,20,9,16,17:08,1,2,1,1,2,74012,M,"46,1879600","6,2324400",74
202000007152,20,9,16,19:10,1,2,6,1,3,71475,M,"46,7649847","4,8424172",71
202000007153,20,9,16,16:30,1,2,3,1,3,69264,M,"45,9885446","4,7184873",69
202000007154,20,9,15,16:10,1,2,3,1,3,67447,M,"48,6102200","7,7396600",67
202000007155,20,9,15,17:11,1,1,9,1,6,66136,M,"42,7255900","2,8779400",66
202000007156,20,9,16,11:55,1,1,1,1,2,66136,M,"42,6655200","2,9187800",66
202000007157,20,9,14,09:50,1,2,1,1,6,64122,M,"43,4717920"," -1,5572560",64
202000007158,20,9,15,16:30,1,2,3,1,3,64024,M,"43,4806759"," -1,5089947",64
202000007159,20,9,14,15:55,1,2,1,1,3,64102,M,"43,4954200"," -1,4605000",64
202000007160,20,9,16,18:35,1,2,3,7,3,62774,M,"50,9496564","1,7662641",62
202000007161,20,9,11,11:55,1,2,9,1,6,59122,M,"50,1718190","3,2277320",59
202000007162,20,9,8,11:00,1,2,3,1,3,57240,M,"49,1431000","6,8141300",57
202000007163,20,9,16,14:45,1,2,1,1,2,51454,M,"49,2473889","4,0512357",51
202000007164,20,9,15,21:20,5,2,2,1,3,51454,M,"49,2616445","4,0510181",51
202000007165,20,9,16,15:20,1,2,2,1,-1,45285,M,"47,9076357","1,8795415",45
202000007166,20,9,16,16:20,1,2,2,1,3,42044,M,"45,3967900","4,2964600",42
202000007167,20,9,16,14:40,1,2,2,1,2,38185,M,"45,1893400","5,7421500",38
202000007168,20,9,16,14:10,1,2,2,1,1,38185,M,"45,1744400","5,7143200",38
202000007169,20,9,14,16:30,1,2,6,1,2,37261,M,"47,3638523","0,6995000",37
202000007170,20,9,16,20:00,2,2,9,1,3,35238,M,"48,1296432"," -1,6792866",35
202000007171,20,9,16,17:20,1,2,1,1,6,35281,M,"48,0937602"," -1,6933030",35
202000007172,20,9,16,14:40,1,2,1,1,6,35238,M,"48,1069000"," -1,6811500",35
202000007173,20,9,27,15:10,1,2,3,1,3,33063,M,"44,8375300"," -0,5487000",33
202000007174,20,9,16,11:00,1,2,2,1,3,33063,M,"44,8528000"," -0,5422000",33
202000007175,20,9,16,03:30,5,2,2,1,3,33069,M,"44,8581600"," -0,6052000",33
202000007176,20,9,16,18:50,2,2,6,1,3,33009,M,"44,6626600"," -1,1642100",33
202000007177,20,9,16,06:40,5,2,6,1,3,31149,M,"43,6085800","1,3267900",31
202000007178,20,9,15,17:40,1,2,1,7,3,31555,M,"43,6153900","1,4441900",31
202000007179,20,9,15,18:00,1,2,4,1,3,31069,M,"43,6262600","1,3915900",31
202000007180,20,8,26,16:25,1,1,1,1,1,30189,M,"43,7856000","4,3584000",30
202000007181,20,9,16,10:02,1,2,1,1,6,28220,M,"48,4275300","1,4627500",28
202000007182,20,9,16,07:45,1,2,3,1,1,27701,M,"49,2753700","1,2095800",27
202000007183,20,9,16,20:45,5,2,6,1,1,27229,M,"49,0345600","1,1560800",27
202000007184,20,9,13,19:30,1,2,1,1,2,25056,M,"47,2431270","6,0214950",25
202000007185,20,9,15,07:11,1,1,1,1,1,21054,M,"47,0089100","4,8203200",21
202000007186,20,9,16,10:20,1,1,2,1,3,17380,M,"45,6571600"," -1,1207100",17
202000007187,20,9,16,09:55,1,2,3,1,6,17300,M,"46,1691779"," -1,1290641",17
202000007188,20,9,13,17:25,1,2,2,1,3,15014,M,"44,9128200","2,4417200",15
202000007189,20,9,16,21:54,5,2,1,1,1,13204,M,"43,3011500","5,3916600",13
202000007190,20,9,16,20:30,5,2,1,1,3,13211,M,"43,2893700","5,4416300",13
202000007191,20,9,16,17:30,1,2,1,1,3,13210,M,"43,2705931","5,4322087",13
202000007192,20,9,16,13:30,1,2,1,1,1,13211,M,"43,3033384","5,5008167",13
202000007193,20,9,16,07:40,1,2,1,1,6,13205,M,"43,2954400","5,3966000",13
202000007194,20,9,16,01:00,5,2,1,1,7,13209,M,"43,2726000","5,4146700",13
202000007195,20,9,16,00:00,5,2,2,1,1,13201,M,"43,3034000","5,3860000",13
202000007196,20,9,15,18:00,1,2,1,1,4,13205,M,"43,2886238","5,3938883",13
202000007197,20,9,13,00:30,5,2,4,1,3,11069,M,"43,1993090","2,3272440",11
202000007198,20,9,16,13:00,1,2,1,1,6,06029,M,"43,5524100","7,0235077",06
202000007199,20,9,16,18:33,1,2,1,1,3,06027,M,"43,6630840","7,1457210",06
202000007200,20,9,15,09:35,1,2,6,1,6,06027,M,"43,6629000","7,1317000",06
202000007201,20,9,16,08:20,1,2,1,1,2,03321,M,"46,5384819","3,3662897",03
202000007202,20,9,16,10:00,1,2,1,1,4,75120,M,"48,8617120","2,4136970",75
202000007203,20,9,16,01:00,5,2,1,1,3,75117,M,"48,8793790","2,2813450",75
202000007204,20,9,15,09:45,1,2,3,1,3,75106,M,"48,8513820","2,3319200",75
202000007205,20,9,16,14:15,1,2,3,1,6,75120,M,"48,8637490","2,4076960",75
202000007206,20,9,16,02:15,5,2,2,1,6,75120,M,"48,8512810","2,4119180",75
202000007207,20,9,16,13:30,1,2,1,1,3,75119,M,"48,8774820","2,4075760",75
202000007208,20,9,16,10:35,1,2,3,1,6,75119,M,"48,8884760","2,3919320",75
202000007209,20,9,16,08:20,1,2,3,1,3,75118,M,"48,8934990","2,3294250",75
202000007210,20,9,16,20:10,5,2,4,1,2,75117,M,"48,8804420","2,2863720",75
202000007211,20,9,16,19:05,1,2,4,1,-1,75117,M,"48,8752240","2,2909130",75
202000007212,20,9,16,12:00,1,2,2,1,3,75117,M,"48,8815600","2,3007090",75
202000007213,20,9,16,10:30,1,2,2,1,6,75117,M,"48,8937390","2,3221390",75
202000007214,20,9,16,10:00,1,2,1,1,3,75117,M,"48,8820430","2,3131650",75
202000007215,20,9,15,20:00,5,2,5,1,2,75116,M,"48,8627980","2,2763420",75
202000007216,20,9,15,17:10,1,2,3,1,3,75116,M,"48,8636620","2,2877040",75
202000007217,20,9,16,08:05,1,2,3,1,6,75114,M,"48,8212110","2,3343120",75
202000007218,20,9,16,08:40,1,2,1,1,3,75112,M,"48,8331250","2,4011960",75
202000007219,20,9,16,18:10,1,2,3,1,3,75111,M,"48,8677580","2,3643920",75
202000007220,20,9,16,18:00,1,2,3,1,6,75111,M,"48,8630630","2,3712730",75
202000007221,20,9,16,14:55,1,2,3,1,3,75111,M,"48,8567020","2,3819590",75
202000007222,20,9,16,23:00,5,2,2,1,3,75107,M,"48,8599510","2,3131170",75
202000007223,20,9,16,20:25,5,2,3,1,3,75107,M,"48,8460040","2,3138630",75
202000007224,20,9,16,19:15,2,2,1,1,2,94080,M,"48,8400000","2,4200000",94
202000007225,20,9,16,18:05,1,2,1,1,6,94074,M,"48,7458000","2,4686000",94
202000007226,20,9,16,16:20,1,2,9,1,2,94044,M,"48,7495030","2,4786470",94
202000007227,20,9,16,18:00,1,1,1,1,3,94068,M,"48,7922100","2,5178100",94
202000007228,20,9,16,16:20,1,2,1,1,3,94076,M,"48,7927200","2,3692500",94
202000007229,20,9,16,09:00,1,2,1,1,7,94076,M,"48,7861750","2,3702570",94
202000007230,20,9,15,19:30,1,2,9,1,6,93066,M,"48,9321453","2,3651052",93
202000007231,20,9,15,14:08,1,2,3,1,3,93066,M,"48,9473363","2,3734471",93
202000007232,20,9,16,12:30,1,2,1,1,6,93048,M,"48,8684108","2,4338632",93
202000007233,20,9,16,08:15,1,2,9,7,3,93048,M,"48,8782859","2,4611791",93
202000007234,20,9,16,17:00,1,2,2,1,7,93079,M,"48,9540600","2,3352100",93
202000007235,20,9,16,14:18,1,2,1,1,2,93010,M,"48,8926500","2,4864000",93
202000007236,20,9,16,10:00,1,2,1,1,3,93010,M,"48,8987451","2,4780210",93
202000007237,20,9,16,07:20,1,2,9,1,3,93010,M,"48,9114383","2,4747635",93
202000007238,20,9,16,19:50,1,1,1,1,7,92078,M,"48,9390960","2,3265130",92
202000007239,20,9,16,13:20,1,2,3,1,3,92078,M,"48,9297250","2,3259960",92
202000007240,20,9,16,11:10,1,2,1,1,7,92046,M,"48,8245100","2,3011400",92
202000007241,20,9,16,19:00,1,2,4,1,1,92050,M,"48,8774817","2,2088997",92
202000007242,20,9,16,19:35,2,2,3,1,3,92023,M,"48,8138553","2,2721589",92
202000007243,20,9,16,09:05,1,2,1,1,3,92023,M,"48,7846500","2,2357300",92
202000007244,20,9,16,14:00,1,1,1,1,6,86015,M,"46,1165160","0,6270512",86
202000007245,20,9,16,13:15,1,1,2,1,5,38536,M,"45,4279580","4,8752740",38
202000007246,20,9,17,19:00,1,1,2,1,3,54463,M,"48,7956030","6,0148860",54
202000007247,20,8,16,12:50,1,1,1,1,5,83086,M,"43,4678870","6,5990390",83
202000007248,20,9,16,19:00,1,1,1,3,1,23206,M,"46,1732710","1,9417580",23
202000007249,20,8,18,11:40,1,1,1,1,1,60196,M,"49,2966950","2,0891190",60
202000007250,20,9,16,11:45,1,1,1,1,3,91363,M,"48,6536360","2,2120550",91
202000007251,20,9,16,14:17,1,2,3,1,3,25370,M,"47,4372410","6,7798630",25
202000007252,20,9,17,09:10,1,2,1,1,1,06095,M,"43,6390200","6,8687010",06
202000007253,20,9,14,17:55,1,2,4,1,3,62261,M,"50,4745400","1,6188530",62
202000007254,20,9,16,18:30,1,1,1,1,2,38419,M,"44,8550250","5,6144540",38
202000007255,20,9,16,14:45,1,1,1,1,1,30191,M,"44,1373810","4,6676120",30
202000007256,20,8,17,08:00,1,1,9,2,6,91553,M,"48,6319970","2,4948840",91
202000007257,20,9,17,12:25,1,1,3,1,3,74006,M,"46,0102190","6,1123950",74
202000007258,20,9,17,10:45,1,1,3,1,3,2B343,M,"42,4969690","9,4670870",2B
202000007259,20,9,16,17:55,1,1,1,1,6,80106,M,"49,7675680","2,0046620",80
202000007260,20,9,16,19:30,1,2,1,1,1,65375,M,"43,3929500","0,1534260",65
202000007261,20,9,16,13:53,1,1,1,1,3,71321,M,"46,8032929","4,5726405",71
202000007262,20,9,17,08:55,1,2,2,1,1,89418,M,"47,8583030","3,9735160",89
202000007263,20,9,16,12:30,1,1,1,1,5,61479,M,"48,6684340"," -0,0736210",61
202000007264,20,9,16,18:40,1,1,1,1,6,61474,M,"48,7892240"," -0,0022320",61
202000007265,20,9,17,11:30,1,1,1,1,2,42228,M,"45,5633730","4,0938230",42
202000007266,20,9,16,21:50,3,1,1,1,1,44140,M,"47,1667021"," -1,1980716",44
202000007267,20,9,17,04:20,3,1,1,1,6,31188,M,"43,5465880","1,1890130",31
202000007268,20,9,17,14:30,1,2,1,1,1,31324,M,"43,1955560","1,0315880",31
202000007269,20,8,11,10:48,1,2,1,1,1,38408,M,"45,5724800","4,9749400",38
202000007270,20,9,17,11:00,1,2,9,7,3,02420,M,"49,8979220","3,3199610",02
202000007271,20,9,17,19:20,1,1,4,1,1,15092,M,"45,4225870","2,5035900",15
202000007272,20,9,17,15:15,1,1,1,1,6,15162,M,"45,2787400","2,6226780",15
202000007273,20,9,11,19:05,1,1,2,1,3,01337,M,"46,4398530","4,9671290",01
202000007274,20,9,15,18:00,1,1,1,1,-1,72349,M,"48,1833000","0,1520920",72
202000007275,20,9,17,17:00,1,1,3,1,2,50431,M,"49,1648200"," -1,2752720",50
202000007276,20,8,29,01:35,3,2,9,1,6,45154,M,"47,9831820","1,8324850",45
202000007277,20,9,11,18:20,1,2,1,1,3,07010,M,"45,2528820","4,6828580",07
202000007278,20,9,17,09:15,1,1,1,1,3,17292,M,"45,9651120"," -0,7271580",17
202000007279,20,9,16,12:00,1,1,2,1,3,37001,M,"46,9131681","0,7212426",37
202000007280,20,9,17,11:53,1,2,2,1,3,52140,M,"48,2223890","4,8861160",52
202000007281,20,9,16,21:12,3,1,1,1,2,68296,M,"48,2160380","7,4012230",68
202000007282,20,9,17,07:30,2,1,1,1,3,31395,M,"43,4585110","1,3088750",31
202000007283,20,9,17,12:45,1,1,3,1,3,35210,M,"48,1228380"," -1,7796150",35
202000007284,20,9,17,15:30,1,1,1,1,6,01007,M,"46,0247850","5,3147860",01
202000007285,20,9,2,12:20,1,2,3,1,-1,74010,M,"45,8852730","6,0885560",74
202000007286,20,9,15,20:15,5,2,3,1,3,33122,M,"44,7382300"," -0,6564900",33
202000007287,20,9,17,11:30,1,2,9,1,3,13032,M,"43,5733330","5,3623040",13
202000007288,20,9,16,17:22,1,1,1,1,1,21540,M,"47,3483240","5,0989120",21
202000007289,20,9,17,06:50,3,1,4,1,7,37197,M,"47,2677634","0,3097989",37
202000007290,20,9,17,08:05,1,1,3,1,2,45042,M,"47,8175750","2,3943760",45
202000007291,20,9,17,17:45,1,1,1,1,1,95024,M,"49,0887570","1,7894840",95
202000007292,20,9,17,09:30,1,1,1,1,7,05166,M,"44,4209390","5,7042970",05
202000007293,20,9,16,15:40,1,1,1,1,2,13060,M,"43,4724340","5,4979060",13
202000007294,20,9,16,22:30,3,1,1,1,7,89055,M,"48,0205300","3,6071630",89
202000007295,20,9,17,09:50,1,1,1,1,2,68348,M,"47,7981950","7,1464240",68
202000007296,20,9,17,18:15,1,2,3,1,3,74185,M,"46,1676310","6,2416770",74
202000007297,20,9,17,17:30,1,1,1,1,-1,69200,M,"45,8407670","4,4494310",69
202000007298,20,9,17,17:10,1,1,3,1,2,69094,M,"45,7558840","4,6988870",69
202000007299,20,9,16,20:20,5,2,6,1,6,69205,M,"45,7592410","4,7243140",69
202000007300,20,9,16,06:30,2,1,2,1,3,69155,M,"45,6303910","4,4137140",69
202000007301,20,6,29,13:10,1,2,1,1,3,69233,M,"45,8339710","4,8297170",69
202000007302,20,9,16,20:35,2,2,1,1,3,60141,M,"49,1922950","2,4645480",60
202000007303,20,9,17,17:30,1,2,2,1,3,60088,M,"49,1978100","2,2098930",60
202000007304,20,8,15,14:55,1,1,1,1,6,02555,M,"48,9647480","3,3007120",02
202000007305,20,9,17,11:50,1,1,1,1,3,80393,M,"49,7382580","2,8083420",80
202000007306,20,9,16,07:20,1,1,1,1,6,80428,M,"49,9603420","2,8554150",80
202000007307,20,9,16,18:10,1,2,1,1,6,59212,M,"50,6484670","2,7045040",59
202000007308,20,9,13,12:05,1,1,1,1,2,13033,M,"43,3781000","5,2036000",13
202000007309,20,9,16,03:15,3,1,1,1,4,13211,M,"43,2877000","5,5027000",13
202000007310,20,9,15,08:05,1,1,1,1,5,83137,M,"43,1213200","5,9533100",83
202000007311,20,9,12,13:23,1,1,1,1,1,83137,M,"43,1265500","5,8913100",83
202000007312,20,9,16,15:00,1,1,1,1,4,69029,M,"45,7472400","4,9069200",69
202000007313,20,9,15,06:50,2,1,4,1,3,33397,M,"44,9104800"," -0,4872600",33
202000007314,20,9,16,18:55,1,1,1,1,6,91661,M,"48,7112900","2,2525100",91
202000007315,20,9,16,17:35,1,1,1,1,4,94034,M,"48,7594200","2,3237900",94
202000007316,20,9,16,04:10,3,1,1,1,6,91363,M,"48,6529700","2,1811500",91
202000007317,20,9,16,17:20,1,1,1,1,5,78545,M,"48,8201990","2,0681350",78
202000007318,20,9,16,15:55,1,1,1,1,5,92050,M,"48,9106174","2,2161359",92
202000007319,20,1,24,16:35,1,2,1,1,3,78498,M,"48,9297700","2,0475600",78
202000007320,20,1,28,12:05,1,2,6,1,3,76447,M,"49,5304400","0,1898600",76
202000007321,20,1,29,08:10,1,2,6,2,3,73065,M,"45,5722000","5,9102280",73
202000007322,20,1,23,10:55,1,2,1,1,7,70388,M,"47,6160800","6,1386480",70
202000007323,20,1,30,14:20,1,2,1,2,2,69266,M,"45,7683295","4,8859927",69
202000007324,20,1,26,20:00,5,2,6,2,6,69264,M,"45,9952000","4,7208000",69
202000007325,20,1,29,18:00,5,2,3,2,3,67482,M,"48,5892780","7,7356370",67
202000007326,20,1,29,05:00,5,2,2,2,3,67218,M,"48,5431210","7,7365270",67
202000007327,20,1,30,16:55,1,2,1,1,6,64445,M,"43,3018900"," -0,3608600",64
202000007328,20,1,29,16:40,1,2,1,1,6,64284,M,"43,2772798"," -0,3880914",64
202000007329,20,1,29,18:55,2,2,1,2,6,64122,M,"43,4776500"," -1,5571400",64
202000007330,20,1,30,20:00,5,2,3,8,2,60057,M,"49,4238400","2,1053500",60
202000007331,20,1,30,17:30,2,2,1,2,6,59599,M,"50,7246130","3,1531940",59
202000007332,20,1,29,14:00,1,2,3,1,3,59220,M,"50,6100470","3,0642640",59