Num_Acc,an,mois,jour,hrmn,lum,agg,int,atm,col,com,gps,lat,long,dep
202000007333,20,1,30,16:01,2,2,1,-1,6,57412,M,"49,1110600","6,1616900",57
202000007334,20,1,30,10:10,1,2,6,2,3,56121,M,"47,7516300"," -3,3695300",56
202000007335,20,1,29,07:55,5,2,7,1,5,56121,M,"47,7541200"," -3,3669500",56
202000007336,20,1,30,12:00,1,2,1,1,2,54300,M,"48,6588660","6,2286705",54
202000007337,20,1,30,08:10,1,2,2,1,3,54304,M,"48,6808900","6,1571490",54
202000007338,20,1,27,18:10,5,2,1,3,6,54274,M,"48,6646879","6,1982997",54
202000007339,20,1,30,18:50,5,2,1,2,7,51454,M,"49,2505022","4,0527469",51
202000007340,20,1,29,19:45,5,2,1,2,3,49007,M,"47,4618600"," -0,5415900",49
202000007341,20,1,30,16:20,1,2,1,2,6,45234,M,"47,9127657","1,9135566",45
202000007342,20,1,29,17:49,3,1,2,2,3,44184,M,"47,2826950"," -2,2230370",44
202000007343,20,1,29,19:10,5,2,1,2,6,39300,M,"46,6727600","5,5531240",39
202000007344,20,1,30,08:22,1,2,1,2,6,37122,M,"47,3452402","0,6386346",37
202000007345,20,1,29,15:50,1,2,1,1,7,37214,M,"47,4275248","0,6381794",37
202000007346,20,1,30,20:15,5,2,2,8,3,35051,M,"48,1023700"," -1,6226300",35
202000007347,20,1,30,16:45,1,1,6,1,2,35055,M,"48,0782800"," -1,6327900",35
202000007348,20,1,30,07:33,5,2,4,2,6,35238,M,"48,1019000"," -1,6598000",35
202000007349,20,1,30,19:40,5,2,1,8,4,34172,M,"43,6150300","3,8824500",34
202000007350,20,1,30,18:25,3,1,1,1,2,34198,M,"43,5755300","3,9503900",34
202000007351,20,1,30,14:40,1,2,3,1,3,34129,M,"43,5716500","3,9056300",34
202000007352,20,1,30,18:45,2,2,2,2,6,33063,M,"44,8281800"," -0,5607600",33
202000007353,20,1,30,13:35,1,2,6,9,3,33032,M,"44,9096100"," -0,5353900",33
202000007354,20,1,30,08:00,1,2,3,2,2,33063,M,"44,8279500"," -0,5396200",33
202000007355,20,1,27,16:40,1,2,1,2,-1,31069,M,"43,6288148","1,3920198",31
202000007356,20,1,27,08:30,5,1,1,1,1,30189,M,"43,8845500","4,3022800",30
202000007357,20,1,30,08:10,2,2,6,2,3,29019,M,"48,3852500"," -4,5282200",29
202000007358,20,1,30,07:05,5,2,1,2,-1,29019,M,"48,3832421"," -4,4986044",29
202000007359,20,1,29,07:56,1,2,6,1,3,26198,M,"44,5663650","4,7351430",26
202000007360,20,1,30,08:45,2,2,1,2,3,18205,M,"47,1235700","2,3709100",18
202000007361,20,1,30,20:00,5,2,2,1,3,17415,M,"45,7427893"," -0,6212023",17
202000007362,20,1,30,17:00,2,2,1,1,6,13215,M,"43,3508090","5,3542430",13
202000007363,20,1,30,13:10,1,2,1,1,3,13211,M,"43,2840607","5,4355976",13
202000007364,20,1,30,14:45,1,2,2,1,3,13206,M,"43,2892700","5,3884100",13
202000007365,20,1,30,13:45,1,2,9,1,3,13209,M,"43,2744757","5,4086697",13
202000007366,20,1,30,13:00,1,2,9,1,3,13215,M,"43,3603700","5,3638600",13
202000007367,20,1,30,13:45,1,2,2,1,2,13063,M,"43,5791937","5,0028979",13
202000007368,20,1,30,10:22,1,2,1,8,2,10387,M,"48,3033500","4,0733400",10
202000007369,20,1,30,18:32,5,2,9,1,3,06088,M,"43,7305300","7,2865400",06
202000007370,20,1,28,10:30,1,2,9,1,3,05023,M,"44,9048000","6,6295500",05
202000007371,20,1,24,18:30,5,2,6,1,3,05023,M,"44,8871045","6,6336458",05
202000007372,20,1,30,20:00,5,2,1,2,2,75115,M,"48,8347620","2,2654180",75
202000007373,20,1,30,17:45,4,2,1,2,7,75117,M,"48,8969120","2,3112430",75
202000007374,20,1,30,12:30,1,2,1,2,4,75112,M,"48,8296164","2,4010233",75
202000007375,20,1,28,18:52,5,2,2,3,6,75116,M,"48,8381260","2,2542100",75
202000007376,20,1,30,13:50,1,2,2,2,6,75118,M,"48,8902550","2,3599133",75
202000007377,20,1,30,20:00,5,2,2,2,3,75117,M,"48,8859670","2,3095750",75
202000007378,20,1,30,18:20,5,2,4,2,3,75117,M,"48,8753286","2,2961801",75
202000007379,20,1,30,09:50,1,2,2,2,2,75117,M,"48,8865820","2,2900660",75
202000007380,20,1,30,14:45,1,2,1,8,2,75116,M,"48,8563770","2,2859971",75
202000007381,20,1,30,12:45,1,2,7,2,3,75116,M,"48,8625090","2,2868210",75
202000007382,20,1,30,07:30,5,2,7,1,-1,75116,M,"48,8741501","2,2553821",75
202000007383,20,1,30,10:30,1,2,2,2,6,75114,M,"48,8250140","2,3021471",75
202000007384,20,1,30,17:30,5,2,3,2,6,75114,M,"48,8298377","2,3211765",75
202000007385,20,1,30,18:00,5,2,2,2,3,75113,M,"48,8322321","2,3797659",75
202000007386,20,1,30,16:15,1,2,1,8,3,75113,M,"48,8326359","2,3792179",75
202000007387,20,1,30,19:20,5,2,3,1,6,75112,M,"48,8494957","2,3709427",75
202000007388,20,1,30,16:15,1,2,1,2,2,75112,M,"48,8337985","2,4030949",75
202000007389,20,1,30,09:30,1,2,1,2,-1,75112,M,"48,8296250","2,3872290",75
202000007390,20,1,30,13:55,1,2,1,2,2,75111,M,"48,8539495","2,3865731",75
202000007391,20,1,30,14:42,1,2,1,1,-1,75110,M,"48,8735023","2,3632893",75
202000007392,20,1,30,14:30,1,2,7,2,3,75110,M,"48,8779022","2,3516094",75
202000007393,20,1,30,14:30,1,2,2,1,3,75110,M,"48,8731690","2,3614680",75
202000007394,20,1,30,08:25,1,2,1,2,2,75109,M,"48,8731075","2,3320250",75
202000007395,20,1,30,20:10,5,2,1,2,6,75102,M,"48,8654629","2,3520412",75
202000007396,20,1,30,09:55,1,2,1,2,3,75103,M,"48,8617513","2,3537828",75
202000007397,20,1,29,13:20,1,2,2,1,3,94067,M,"48,8350322","2,4197588",94
202000007398,20,1,29,14:30,1,2,1,1,6,94046,M,"48,7938900","2,4343600",94
202000007399,20,1,28,19:50,5,2,2,2,6,94046,M,"48,8011647","2,4316196",94
202000007400,20,1,30,07:45,1,2,1,1,3,94011,M,"48,7799000","2,4800000",94
202000007401,20,1,30,16:30,1,2,1,8,2,94069,M,"48,8181229","2,4334743",94
202000007402,20,1,30,08:15,1,2,1,1,6,94044,M,"48,7508600","2,4994500",94
202000007403,20,1,29,08:15,1,2,1,1,1,94002,M,"48,8048000","2,4245400",94
202000007404,20,1,30,09:20,1,2,1,1,6,93053,M,"48,8942700","2,4578600",93
202000007405,20,1,30,22:00,5,2,1,9,2,93027,M,"48,9262000","2,3968000",93
202000007406,20,1,30,09:10,1,2,1,2,3,92077,M,"48,8231600","2,1928500",92
202000007407,20,1,29,10:10,1,2,3,1,3,92063,M,"48,8873081","2,1681375",92
202000007408,20,1,29,07:45,1,2,9,1,1,92050,M,"48,8893300","2,2135000",92
202000007409,20,1,29,17:20,1,2,3,1,5,92036,M,"48,9226600","2,3206100",92
202000007410,20,1,30,18:50,5,2,1,2,6,92026,M,"48,9001100","2,2688949",92
202000007411,20,1,30,12:36,1,2,1,2,6,92026,M,"48,8935400","2,2521700",92
202000007412,20,1,30,20:38,5,2,1,8,3,92024,M,"48,8983900","2,3120100",92
202000007413,20,1,30,16:35,1,2,3,1,7,92012,M,"48,8360324","2,2450076",92
202000007414,20,1,30,18:45,3,1,1,2,7,47170,M,"44,5414640","0,5445530",47
202000007415,20,1,28,06:45,3,1,1,2,2,35245,M,"48,2387120"," -1,8675470",35
202000007416,20,1,31,05:30,3,1,1,2,1,25532,M,"47,2121060","6,0951380",25
202000007417,20,1,31,14:05,1,1,1,1,2,66141,M,"42,7524010","2,8927730",66
202000007418,20,1,29,20:50,5,2,6,1,6,95487,M,"49,1509291","2,2671994",95
202000007419,20,1,30,21:55,3,1,1,2,5,71576,M,"46,5283100","4,9194930",71
202000007420,20,1,30,15:10,1,2,1,3,1,67073,M,"48,2800447","7,3896409",67
202000007421,20,1,31,18:08,2,1,2,1,2,11111,M,"43,2104460","2,8270050",11
202000007422,20,1,30,17:15,2,1,6,1,3,60010,M,"49,2144684","2,1264412",60
202000007423,20,1,30,10:00,1,2,1,7,6,06130,M,"43,6940700","6,8488570",06
202000007424,20,1,30,19:40,5,1,1,3,6,38239,M,"45,3294200","5,5691560",38
202000007425,20,1,31,11:50,1,1,1,2,1,44187,M,"47,1948740"," -2,0280930",44
202000007426,20,1,30,17:00,1,1,2,2,3,62086,M,"50,2181200","2,5783650",62
202000007427,20,1,30,17:35,2,2,1,2,6,77402,M,"48,8134240","3,3585920",77
202000007428,20,1,31,08:25,1,2,1,1,1,69260,M,"45,6474650","4,8126720",69
202000007429,20,1,30,23:55,5,2,4,3,6,74263,M,"46,3360470","6,3807980",74
202000007430,20,1,30,06:50,2,1,1,8,1,57488,M,"48,6726000","6,7888640",57
202000007431,20,1,26,16:05,1,1,1,1,5,51569,M,"49,2500367","3,9445119",51
202000007432,20,1,30,08:00,2,1,2,8,3,51563,M,"48,8287298","3,7551948",51
202000007433,20,1,27,07:00,2,2,9,1,1,59037,M,"50,1894460","3,3846740",59
202000007434,20,1,31,17:10,1,1,1,1,5,80546,M,"50,1006560","1,7252880",80
202000007435,20,1,30,15:47,1,2,1,2,6,80587,M,"49,9236370","1,6682210",80
202000007436,20,1,31,17:00,1,2,1,1,6,71263,M,"46,6242801","5,2301382",71
202000007437,20,1,30,18:30,3,1,1,2,1,63366,M,"45,5198780","3,3899990",63
202000007438,20,1,30,03:15,3,1,3,1,6,12154,M,"43,8735810","2,8217270",12
202000007439,20,1,9,15:30,1,1,3,1,4,29069,M,"48,4367530"," -4,5757900",29
202000007440,20,1,30,11:40,1,2,3,1,6,29160,M,"48,5027314"," -4,4282464",29
202000007441,20,1,29,17:45,1,1,1,1,1,31553,M,"43,7196760","1,1351540",31
202000007442,20,1,30,16:05,1,1,1,2,6,15087,M,"44,7705481","2,4602509",15
202000007443,20,1,22,06:45,3,1,1,2,7,01024,M,"46,2995980","5,1519870",01
202000007444,20,1,25,15:50,1,1,1,5,7,60235,M,"49,3259122","1,8124920",60
202000007445,20,1,30,20:45,3,1,1,2,7,16405,M,"45,5214410"," -0,0969350",16
202000007446,20,1,30,13:30,1,1,1,1,1,40273,M,"43,5020050"," -1,3454870",40
202000007447,20,1,30,21:45,3,1,1,2,7,24291,M,"45,0538180","1,2061570",24
202000007448,20,1,30,23:45,3,1,1,2,6,85101,M,"46,4450700"," -1,4090700",85
202000007449,20,1,31,05:15,3,1,1,1,7,28227,M,"48,5755780","1,5595760",28
202000007450,20,1,30,08:55,1,1,1,2,3,37099,M,"47,2904571","0,5282419",37
202000007451,20,1,28,13:25,1,2,1,7,6,08190,M,"50,1379720","4,8215340",08
202000007452,20,1,27,15:30,1,1,1,2,-1,69086,M,"45,8452263","4,6737713",69
202000007453,20,1,30,08:50,1,2,2,1,1,38486,M,"45,1669700","5,6943100",38
202000007454,20,1,29,07:35,2,1,1,1,5,91085,M,"48,5429780","2,2128870",91
202000007455,20,1,30,23:45,3,1,1,1,3,97420,R," -20,9044720","55,5985990",974
202000007456,20,1,31,07:10,5,2,1,2,6,45244,M,"47,7673630","2,4786190",45
202000007457,20,1,31,20:30,5,2,6,1,3,2B042,M,"42,5621370","9,4410750",2B
202000007458,20,1,31,03:30,3,1,1,1,6,2B350,M,"42,5205888","9,4273639",2B
202000007459,20,1,30,07:45,2,1,1,9,1,88432,M,"48,4389660","6,5847240",88
202000007460,20,1,30,07:55,1,1,9,8,2,54145,M,"48,6475930","6,3876920",54
202000007461,20,1,30,18:15,5,2,1,1,1,42147,M,"45,6097970","4,0590670",42
202000007462,20,1,12,02:40,5,2,6,1,6,42299,M,"45,6127800","4,0752410",42
202000007463,20,1,31,14:05,1,1,1,2,6,86078,M,"46,1335677","0,3117133",86
202000007464,20,1,30,15:10,1,2,1,2,6,49020,M,"47,4737070"," -0,6244610",49
202000007465,20,1,31,17:05,1,1,1,1,1,80002,M,"49,8497550","2,8135250",80
202000007466,20,1,29,05:51,5,1,1,2,2,69290,M,"45,7070000","4,9673200",69
202000007467,20,1,30,10:10,1,1,1,2,2,94034,M,"48,7578133","2,3277063",94
202000007468,20,1,29,19:10,5,1,1,1,2,78640,M,"48,7789570","2,2224350",78
202000007469,20,1,29,18:30,5,1,1,1,5,92064,M,"48,8377401","2,1898582",92
202000007470,20,1,29,18:30,5,1,1,2,2,78640,M,"48,7844420","2,2230310",78
202000007471,20,1,29,19:00,3,1,1,1,5,93064,M,"48,8636900","2,4824900",93
202000007472,20,1,29,09:30,1,1,1,1,3,93066,M,"48,9249500","2,3407400",93
202000007473,20,1,29,05:50,3,1,1,2,6,95572,M,"49,0322400","2,1086600",95
202000007474,20,1,29,05:30,3,1,1,1,2,95582,M,"48,9742300","2,2451700",95
202000007475,20,1,28,10:00,1,1,1,1,2,92036,M,"48,9435500","2,2873800",92
202000007476,20,1,30,17:15,3,1,1,1,5,77450,M,"48,7219148","2,5981593",77
202000007477,20,1,30,14:00,1,1,1,2,2,77373,M,"48,7773637","2,6140391",77
202000007478,20,1,30,10:15,1,1,1,2,-1,77258,M,"48,8301308","2,6260938",77
202000007479,20,1,28,11:00,1,2,1,1,2,97409,R," -20,9595687","55,6751708",974
202000007480,20,1,29,20:00,5,2,1,1,3,69388,M,"45,7352500","4,8730300",69
202000007481,20,1,24,07:35,1,2,6,1,1,97209,A,"14,6300100"," -61,0413700",972
202000007482,20,1,27,21:30,5,2,2,1,3,97209,A,"14,6274460"," -61,0591030",972
202000007483,20,1,29,07:30,1,2,3,2,6,69034,M,"45,7852600","4,8471700",69
202000007484,20,1,29,07:00,5,2,6,2,6,69286,M,"45,8164888","4,8878354",69
202000007485,20,1,29,17:20,1,2,3,1,1,2B033,M,"42,6811000","9,4405000",2B
202000007486,20,1,29,09:30,1,2,1,1,7,97120,A,"16,2447749"," -61,5341663",971
202000007487,20,1,29,12:10,1,2,1,1,3,2A004,M,"41,9376700","8,7509600",2A
202000007488,20,1,29,10:44,1,2,1,1,7,2A004,M,"41,9418600","8,7483300",2A
202000007489,20,1,27,01:20,3,1,1,3,7,95280,M,"49,0184500","2,4948000",95
202000007490,20,1,29,13:35,1,2,1,1,6,95063,M,"48,9230000","2,2141600",95
202000007491,20,1,29,21:15,5,2,1,1,7,91589,M,"48,6825200","2,3437900",91
202000007492,20,1,28,18:00,5,2,9,2,3,91377,M,"48,7181000","2,2963600",91
202000007493,20,1,29,12:11,1,2,1,2,2,87085,M,"45,8349200","1,2264700",87
202000007494,20,1,29,07:10,5,2,9,1,-1,83137,M,"43,1354200","5,9068440",83
202000007495,20,1,29,19:30,-1,2,1,-1,6,83069,M,"43,1246900","6,1503900",83
202000007496,20,1,28,18:15,2,2,1,1,3,83069,M,"43,1099800","6,1104900",83
202000007497,20,1,29,17:15,1,1,1,1,1,82121,M,"44,0478570","1,2921260",82
202000007498,20,1,28,09:00,1,2,9,1,3,78423,M,"48,7802800","2,0282100",78
202000007499,20,1,26,11:40,1,2,1,2,3,78005,M,"48,9730000","2,0702000",78
202000007500,20,1,29,10:00,1,1,1,1,4,77118,M,"48,9433300","2,6666600",77
202000007501,20,1,28,19:05,5,2,1,2,3,73011,M,"45,6680370","6,3955510",73
202000007502,20,1,28,20:25,5,2,1,1,3,72181,M,"48,0040500","0,2011400",72
202000007503,20,1,29,07:55,1,2,2,1,6,71306,M,"46,6749655","4,3686177",71
202000007504,20,1,29,16:00,1,2,5,2,2,69256,M,"45,7739915","4,9229991",69
202000007505,20,1,28,13:40,1,2,4,8,4,67482,M,"48,5611520","7,6942250",67
202000007506,20,1,28,11:15,1,2,1,2,6,67482,M,"48,5804491","7,7058175",67
202000007507,20,1,27,17:00,2,2,1,8,6,67482,M,"48,6136346","7,7910660",67
202000007508,20,1,27,18:15,5,2,3,2,3,63245,M,"45,8899210","3,0765530",63
202000007509,20,1,28,23:10,5,2,1,1,6,63113,M,"45,7634300","3,1259100",63
202000007510,20,1,29,13:40,1,2,2,1,6,59599,M,"50,7257350","3,1665120",59
202000007511,20,1,29,13:30,1,2,3,1,3,59527,M,"50,6597400","3,0458400",59
202000007512,20,6,18,18:19,1,2,2,1,1,68224,M,"47,7523970","7,3317970",68
202000007513,20,6,18,18:00,1,2,9,1,6,68066,M,"48,0788510","7,3590020",68
202000007514,20,6,18,18:30,1,2,1,8,6,67482,M,"48,5839200","7,7496200",67
202000007515,20,6,16,15:30,1,2,3,1,6,67180,M,"48,8167800","7,7871800",67
202000007516,20,6,18,15:55,1,2,3,1,3,66136,M,"42,6763200","2,8806600",66
202000007517,20,6,18,13:49,1,2,1,1,6,66136,M,"42,6915900","2,8932700",66
202000007518,20,6,16,22:20,3,2,1,1,6,66136,M,"42,6959500","2,8997200",66
202000007519,20,6,19,15:10,1,1,1,1,3,64483,M,"43,4067030"," -1,6277910",64
202000007520,20,6,18,16:35,1,2,1,1,6,64445,M,"43,3206800"," -0,3464300",64
202000007521,20,6,17,16:25,1,2,6,1,6,64445,M,"43,3040700"," -0,3669600",64
202000007522,20,6,19,14:05,1,2,1,1,7,64102,M,"43,5025000"," -1,4565000",64
202000007523,20,6,18,21:00,1,2,1,1,7,64024,M,"43,4938800"," -1,5202400",64
202000007524,20,6,19,15:30,1,2,1,1,6,59599,M,"50,7313000","3,1843000",59
202000007525,20,6,18,19:10,1,2,2,1,-1,59009,M,"50,6190770","3,1422490",59
202000007526,20,6,19,10:15,1,2,6,1,2,56260,M,"47,6595300"," -2,7811800",56
202000007527,20,6,18,18:00,1,1,1,1,4,56083,M,"47,7892034"," -3,2902718",56
202000007528,20,6,18,17:05,1,2,1,1,5,56083,M,"47,8006700"," -3,2850500",56
202000007529,20,6,18,13:00,1,2,3,1,3,54526,M,"48,6880247","6,2074283",54
202000007530,20,6,18,14:45,1,2,1,1,3,51454,M,"49,2527287","4,0398722",51
202000007531,20,6,16,18:05,1,2,2,1,3,50129,M,"49,6335400"," -1,6173900",50
202000007532,20,6,19,09:10,1,2,1,1,6,45208,M,"47,9949492","2,7405918",45
202000007533,20,6,19,21:10,5,2,2,1,3,38185,M,"45,1878400","5,7234500",38
202000007534,20,6,19,09:30,1,2,1,1,6,38185,M,"45,1681200","5,7353400",38
202000007535,20,6,18,18:55,1,2,9,1,3,34172,M,"43,6199500","3,8589200",34
202000007536,20,6,18,13:09,1,1,1,1,7,32013,M,"43,6584900","0,6127500",32
202000007537,20,6,20,00:53,5,2,1,1,6,29019,M,"48,3980542"," -4,4893067",29
202000007538,20,6,18,12:05,1,2,1,1,6,25056,M,"47,2176000","5,9665100",25
202000007539,20,6,19,17:38,1,2,1,1,6,17028,M,"46,1402700"," -1,1350200",17
202000007540,20,6,19,11:00,1,2,1,1,6,16015,M,"45,6349270","0,1541820",16
202000007541,20,6,20,00:00,3,1,1,1,6,14574,M,"49,1573000","0,1850900",14
202000007542,20,6,19,17:45,1,2,6,1,3,14327,M,"49,2119000"," -0,3560200",14
202000007543,20,6,19,08:15,1,2,3,2,5,14118,M,"49,1895300"," -0,4034700",14
202000007544,20,6,19,18:50,1,2,1,1,7,13075,M,"43,3560112","5,4665694",13
202000007545,20,6,18,19:50,1,2,9,1,6,13202,M,"43,3470850","5,3443510",13
202000007546,20,6,19,08:10,1,2,3,1,3,13201,M,"43,2963800","5,3776900",13
202000007547,20,6,18,16:16,1,2,1,1,3,13202,M,"43,3323177","5,3547472",13
202000007548,20,6,19,02:55,5,2,1,1,7,11262,M,"43,1819700","2,9890600",11
202000007549,20,6,13,03:20,5,2,3,1,6,11262,M,"43,1916318","3,0151800",11
202000007550,20,7,11,02:25,5,2,1,1,3,54395,M,"48,7016606","6,1831623",54
202000007551,20,6,17,15:15,1,2,3,1,3,11262,M,"43,1850600","3,0005300",11
202000007552,20,7,20,19:15,1,2,2,1,3,51454,M,"49,2522465","4,0320437",51
202000007553,20,7,20,04:00,5,2,1,1,3,51454,M,"49,2371336","4,0349388",51
202000007554,20,6,18,16:10,1,2,1,1,3,06088,M,"43,6717000","7,2246000",06
202000007555,20,6,19,17:15,1,2,3,1,3,06155,M,"43,5791470","7,0498860",06
202000007556,20,7,19,04:50,5,2,2,1,3,45208,M,"47,9983000","2,7464000",45
202000007557,20,7,20,13:45,1,2,1,1,6,42186,M,"45,5320448","4,6199941",42
202000007558,20,6,19,21:00,2,2,1,1,2,75115,M,"48,8263760","2,2970130",75
202000007559,20,7,19,22:20,5,2,1,1,1,39300,M,"46,6766000","5,5725000",39
202000007560,20,7,20,15:17,1,2,1,1,2,37261,M,"47,3731276","0,6956984",37
202000007561,20,6,19,11:55,1,2,4,1,4,75116,M,"48,8410680","2,2541870",75
202000007562,20,7,20,09:15,1,2,2,1,6,37261,M,"47,3771454","0,6882322",37
202000007563,20,7,20,10:00,1,1,6,1,7,35055,M,"48,0782000"," -1,6327810",35
202000007564,20,7,20,15:27,1,2,1,1,3,34003,M,"43,2791314","3,4811445",34
202000007565,20,6,19,08:45,1,2,1,1,3,75114,M,"48,8206780","2,3231450",75
202000007566,20,7,20,04:38,5,2,1,1,3,33069,M,"44,8628700"," -0,5933900",33
202000007567,20,6,18,18:00,1,2,1,1,3,75117,M,"48,8839810","2,2852790",75
202000007568,20,6,17,19:45,1,2,1,1,3,75117,M,"48,9003480","2,3221740",75
202000007569,20,7,18,16:30,1,2,4,1,3,31555,M,"43,6282373","1,4331847",31
202000007570,20,7,20,08:15,1,2,6,1,2,29232,M,"47,9953200"," -4,0730900",29
202000007571,20,7,14,15:55,1,2,3,1,6,29019,M,"48,3897361"," -4,5011061",29
202000007572,20,6,19,10:06,1,2,1,1,3,75111,M,"48,8552710","2,3686200",75
202000007573,20,7,20,14:00,1,2,1,1,3,17306,M,"45,6488800"," -1,0244100",17
202000007574,20,6,19,09:20,1,2,2,1,3,75120,M,"48,8540360","2,3999440",75
202000007575,20,7,20,17:05,1,2,1,1,6,16374,M,"45,6363000","0,2075910",16
202000007576,20,7,20,10:30,1,2,1,1,6,13117,M,"43,4419500","5,2531000",13
202000007577,20,6,19,14:10,1,2,1,1,3,75119,M,"48,8836910","2,3896200",75
202000007578,20,7,20,18:30,1,2,1,1,2,13215,M,"43,3365800","5,3549728",13
202000007579,20,6,19,14:50,1,2,4,1,6,75120,M,"48,8768070","2,4052460",75
202000007580,20,7,20,02:42,5,2,1,1,2,13208,M,"43,2537600","5,3760400",13
202000007581,20,6,19,12:30,1,2,1,1,3,75119,M,"48,8769180","2,3743490",75
202000007582,20,7,18,22:30,5,2,1,1,-1,13207,M,"43,2883400","5,3530700",13
202000007583,20,7,19,05:30,2,1,1,1,7,13005,M,"43,3302273","5,5732387",13
202000007584,20,7,20,01:35,5,2,9,1,6,06088,M,"43,6966000","7,2706000",06
202000007585,20,6,19,07:40,1,2,2,1,3,75118,M,"48,8936380","2,3363750",75
202000007586,20,7,17,11:47,1,2,3,1,3,05061,M,"44,5590300","6,0751500",05
202000007587,20,6,19,19:40,1,2,7,1,3,75117,M,"48,8879180","2,2887890",75
202000007588,20,7,19,06:25,1,2,1,1,6,75120,M,"48,8755560","2,4099530",75
202000007589,20,6,19,15:00,1,2,2,1,6,75117,M,"48,8812060","2,3155720",75
202000007590,20,7,20,22:50,5,2,2,1,4,75119,M,"48,8847790","2,3812610",75
202000007591,20,6,19,00:25,5,2,1,1,2,75116,M,"48,8644370","2,2418700",75
202000007592,20,7,19,23:00,4,2,1,1,7,75117,M,"48,8902310","2,3215120",75
202000007593,20,6,19,01:35,5,2,2,1,3,75116,M,"48,8676550","2,2508820",75
202000007594,20,7,20,05:40,1,2,2,1,7,75115,M,"48,8493290","2,2816260",75
202000007595,20,7,20,22:05,2,2,5,1,3,75114,M,"48,8305350","2,3192670",75
202000007596,20,6,19,20:30,1,2,1,1,3,75115,M,"48,8464460","2,2760690",75
202000007597,20,6,18,11:55,1,2,4,1,-1,75115,M,"48,8527970","2,2983470",75
202000007598,20,7,20,06:00,1,2,2,1,3,75113,M,"48,8201240","2,3646490",75
202000007599,20,7,20,10:10,1,2,1,1,3,75110,M,"48,8819570","2,3687580",75
202000007600,20,6,19,16:55,1,2,1,1,3,75114,M,"48,8325400","2,3329370",75
202000007601,20,7,20,14:55,1,2,2,1,3,75109,M,"48,8712760","2,3359300",75
202000007602,20,6,19,09:24,1,2,3,1,3,75113,M,"48,8275700","2,3624540",75
202000007603,20,7,20,22:15,5,2,4,1,3,75103,M,"48,8671620","2,3629090",75
202000007604,20,6,18,21:40,2,2,3,1,3,75111,M,"48,8652550","2,3845720",75
202000007605,20,7,20,20:30,1,2,7,1,6,75101,M,"48,8670860","2,3290430",75
202000007606,20,6,19,08:19,1,2,4,1,6,75111,M,"48,8686880","2,3681280",75
202000007607,20,7,20,17:40,1,2,3,1,6,75104,M,"48,8554560","2,3600900",75
202000007608,20,6,19,14:25,1,2,7,1,7,75108,M,"48,8699890","2,3252480",75
202000007609,20,7,20,18:25,1,2,2,1,6,75104,M,"48,8578960","2,3502000",75
202000007610,20,6,19,00:15,5,2,1,1,7,75104,M,"48,8514130","2,3632610",75
202000007611,20,7,20,13:35,1,2,2,1,3,75102,M,"48,8667490","2,3438370",75
202000007612,20,6,19,07:20,1,2,2,1,3,75103,M,"48,8679050","2,3550070",75
202000007613,20,7,19,01:55,5,2,2,1,3,94081,M,"48,7874400","2,4015400",94
202000007614,20,6,19,19:30,1,2,1,1,2,94042,M,"48,8200000","2,4680000",94
202000007615,20,7,19,21:42,2,2,4,1,3,94068,M,"48,8097900","2,4711300",94
202000007616,20,6,18,21:10,2,2,1,1,3,94042,M,"48,8200800","2,4771300",94
202000007617,20,7,20,18:45,1,2,2,1,3,94042,M,"48,8149200","2,4632100",94
202000007618,20,7,20,18:20,1,2,1,1,6,94046,M,"48,8080000","2,4497000",94
202000007619,20,6,19,08:40,1,2,1,1,7,94076,M,"48,8058100","2,3642000",94
202000007620,20,6,18,12:32,1,2,1,1,3,94076,M,"48,7933600","2,3691200",94
202000007621,20,7,19,23:30,5,2,1,1,4,94028,M,"48,7734000","2,4357000",94
202000007622,20,7,20,20:10,1,2,1,1,7,94076,M,"48,7941010","2,3690030",94
202000007623,20,6,17,22:00,5,2,1,1,2,94016,M,"48,7858700","2,3278400",94
202000007624,20,7,19,17:54,1,2,2,1,3,94016,M,"48,7937610","2,3337290",94
202000007625,20,7,18,20:45,1,2,9,1,2,94076,M,"48,7981100","2,3673200",94
202000007626,20,7,17,23:00,3,2,1,1,3,94028,M,"48,7680203","2,4554749",94
202000007627,20,6,19,10:05,1,2,1,1,3,93066,M,"48,9451264","2,3808570",93
202000007628,20,7,19,12:30,1,2,1,1,2,93073,M,"48,9547883","2,5810900",93
202000007629,20,6,19,15:10,1,2,6,1,6,93077,M,"48,8888600","2,5111000",93
202000007630,20,7,19,20:50,1,2,3,1,6,93066,M,"48,9386547","2,3458908",93
202000007631,20,6,19,14:40,1,2,1,1,3,93014,M,"48,9117300","2,5500800",93
202000007632,20,7,20,18:15,1,2,1,1,3,93049,M,"48,8534054","2,5160171",93
202000007633,20,6,18,23:00,5,2,2,1,3,92020,M,"48,8099597","2,2825454",92
202000007634,20,6,19,17:40,1,2,2,2,3,92024,M,"48,9024000","2,3139000",92
202000007635,20,7,20,19:30,1,2,1,1,6,93001,M,"48,9185654","2,3925636",93
202000007636,20,6,19,11:05,1,2,3,1,6,92002,M,"48,7386368","2,2903632",92
202000007637,20,7,19,10:50,1,2,1,1,3,93027,M,"48,9251800","2,3987600",93
202000007638,20,6,19,17:15,1,1,1,1,3,83003,M,"43,6060640","6,3704290",83
202000007639,20,7,20,21:00,1,2,3,1,3,93047,M,"48,9030648","2,5621743",93