Num_Acc,an,mois,jour,hrmn,lum,agg,int,atm,col,com,gps,lat,long,dep
202000007640,20,6,20,12:24,1,1,1,1,1,74238,M,"46,2471330","6,6365310",74
202000007641,20,6,20,05:30,5,2,1,1,7,97229,A,"14,6110140"," -61,0924170",972
202000007642,20,7,20,19:00,1,2,1,1,6,93005,M,"48,9590033","2,4860566",93
202000007643,20,6,20,09:20,1,1,2,1,3,83004,M,"43,4702220","6,4848520",83
202000007644,20,6,19,14:25,1,2,1,1,6,27478,M,"48,9679490","1,2075410",27
202000007645,20,7,20,08:15,1,2,1,1,2,93005,M,"48,9241772","2,4901748",93
202000007646,20,6,19,20:00,1,1,1,1,1,42194,M,"46,2510580","3,8420340",42
202000007647,20,7,20,18:40,1,2,2,1,6,93001,M,"48,9113628","2,4003266",93
202000007648,20,6,19,17:10,1,2,1,1,-1,79307,M,"46,1337500","0,1084520",79
202000007649,20,6,19,17:22,1,1,6,1,3,68043,M,"47,8731836","7,2479008",68
202000007650,20,6,20,04:13,5,2,6,1,1,44036,M,"47,7005630"," -1,4042540",44
202000007651,20,7,20,14:50,1,2,1,1,3,93001,M,"48,9095889","2,3983984",93
202000007652,20,6,19,18:00,1,1,9,1,1,87143,M,"45,9130860","1,1415800",87
202000007653,20,6,9,18:55,1,2,1,1,6,51508,M,"48,6071505","4,4052480",51
202000007654,20,6,19,15:15,1,1,1,1,2,51535,M,"48,7197348","3,7625386",51
202000007655,20,7,20,20:50,1,2,1,1,2,92048,M,"48,8125990","2,2447140",92
202000007656,20,6,20,01:35,3,1,1,1,6,56063,M,"47,8177010"," -3,4353410",56
202000007657,20,6,20,10:45,1,2,3,1,3,74071,M,"46,0274740","5,8903560",74
202000007658,20,6,20,04:50,2,2,1,1,7,76258,M,"49,6733600","0,6131860",76
202000007659,20,7,19,14:00,1,2,1,1,3,92004,M,"48,9162900","2,2900100",92
202000007660,20,7,21,06:45,1,2,2,1,1,26177,M,"45,1179330","4,9414870",26
202000007661,20,7,18,12:55,1,2,6,1,7,95229,M,"49,0341805","2,3419283",95
202000007662,20,7,19,16:00,1,2,1,1,-1,52331,M,"48,4875540","4,7592790",52
202000007663,20,6,18,15:45,1,1,1,1,2,2A228,M,"41,8397930","8,7701530",2A
202000007664,20,6,19,19:15,1,2,1,1,3,2A271,M,"41,9628230","8,8117282",2A
202000007665,20,6,19,23:15,3,2,1,1,7,2B096,M,"42,3068560","9,1633380",2B
202000007666,20,6,21,14:58,1,1,3,1,3,73180,M,"45,9319460","5,8357470",73
202000007667,20,6,20,03:00,3,1,1,1,6,82155,M,"44,1406960","1,7947790",82
202000007668,20,7,20,21:30,1,2,1,1,6,31044,M,"43,6036070","1,5094650",31
202000007669,20,6,19,18:05,1,1,1,1,2,32180,M,"43,9059320","0,2035050",32
202000007670,20,7,21,18:23,1,1,1,1,5,21138,M,"47,1891000","5,3244540",21
202000007671,20,6,20,09:13,1,2,1,1,6,11251,M,"43,1268130","2,5543430",11
202000007672,20,7,21,12:35,1,1,6,1,3,67490,M,"48,3193380","7,3486630",67
202000007673,20,6,20,10:00,1,1,1,1,7,89405,M,"47,6288239","3,4853533",89
202000007674,20,7,21,14:00,1,1,1,1,3,11203,M,"43,2072090","2,7999690",11
202000007675,20,6,20,04:30,3,1,1,1,7,63179,M,"45,5969020","3,7233730",63
202000007676,20,7,21,13:15,1,1,1,1,6,85215,M,"46,8549200"," -1,1531800",85
202000007677,20,6,18,17:15,1,1,1,1,7,68065,M,"47,6444220","7,0368610",68
202000007678,20,7,19,17:30,1,1,1,7,6,63352,M,"45,4458010","3,2695700",63
202000007679,20,7,21,13:20,1,1,1,1,7,50512,M,"49,0399220"," -1,1581620",50
202000007680,20,7,19,09:20,1,1,9,1,2,83131,M,"43,2130570","6,0259460",83
202000007681,20,6,19,15:05,1,1,1,1,1,26299,M,"44,7620890","5,2896930",26
202000007682,20,7,12,11:45,1,2,1,1,6,57089,M,"49,0547420","7,4467620",57
202000007683,20,6,19,16:35,1,1,1,1,6,54131,M,"48,8825080","6,1913430",54
202000007684,20,6,28,10:26,1,1,2,1,3,76191,M,"49,7226286","1,1453594",76
202000007685,20,7,10,14:30,1,1,3,1,3,76395,M,"49,8798970","0,9670760",76
202000007686,20,6,20,16:20,1,1,3,1,4,61203,M,"48,3963250","0,0594270",61
202000007687,20,7,20,14:00,1,2,6,1,3,79202,M,"46,6444500"," -0,2428260",79
202000007688,20,6,20,18:25,1,1,2,1,6,14371,M,"49,0519260","0,2014230",14
202000007689,20,7,21,13:45,1,2,1,1,6,80791,M,"49,8531100","2,2379120",80
202000007690,20,6,20,18:00,1,1,1,1,7,05152,M,"44,8049810","6,1181400",05
202000007691,20,7,21,10:50,1,1,1,1,7,81177,M,"43,6995590","2,2129240",81
202000007692,20,6,20,13:15,1,1,1,1,6,50267,M,"49,2502290"," -1,5433320",50
202000007693,20,7,18,19:40,1,1,1,1,7,47038,M,"44,3453350","0,3916450",47
202000007694,20,6,20,16:50,1,1,1,1,7,60193,M,"49,6962249","1,9235730",60
202000007695,20,7,11,18:29,1,1,2,1,3,38130,M,"45,4156580","5,2613490",38
202000007696,20,7,21,17:30,1,2,1,1,6,38416,M,"45,1527400","5,3192700",38
202000007697,20,6,13,16:44,1,2,1,2,-1,45182,M,"47,6742167","1,7983917",45
202000007698,20,6,20,10:45,1,1,2,1,3,73183,M,"45,5098637","5,9858643",73
202000007699,20,7,21,10:25,1,1,3,1,2,03210,M,"46,7035810","3,0089199",03
202000007700,20,6,20,04:00,3,1,1,1,2,10209,M,"48,2439390","4,2819640",10
202000007701,20,7,20,22:48,5,2,3,1,6,01195,M,"46,2121430","5,3254240",01
202000007702,20,7,21,21:05,1,1,1,1,7,54200,M,"48,8825260","5,8459280",54
202000007703,20,6,19,18:20,1,1,3,1,3,16192,M,"45,8841155","0,5962469",16
202000007704,20,7,21,04:10,3,1,1,1,6,16400,M,"45,9543840","0,2012700",16
202000007705,20,6,19,20:08,1,1,1,1,6,16064,M,"45,9666370","0,8695360",16
202000007706,20,7,20,17:45,1,1,1,1,6,16249,M,"46,1247250","0,7561290",16
202000007707,20,6,19,19:45,1,1,1,1,3,07339,M,"44,6723150","4,4580460",07
202000007708,20,7,20,19:45,1,1,1,1,5,85103,M,"46,5362590"," -1,6265670",85
202000007709,20,6,20,17:50,1,1,1,1,3,53040,M,"48,1368670"," -1,0545910",53
202000007710,20,7,20,19:59,1,2,8,1,3,27028,M,"49,2217040","0,6976530",27
202000007711,20,7,19,15:41,1,1,1,1,6,27680,M,"48,9141530","0,4228540",27
202000007712,20,6,19,17:50,1,1,1,1,7,87012,M,"46,0605020","1,1172370",87
202000007713,20,7,19,20:30,1,1,1,1,1,17459,M,"45,9123490"," -0,4234630",17
202000007714,20,6,20,07:35,1,1,1,1,1,87012,M,"46,0570170","1,1213030",87
202000007715,20,7,21,12:40,1,1,1,1,6,30339,M,"44,0984960","3,5561800",30
202000007716,20,7,21,07:40,1,2,1,1,2,97309,G,"4,8923640"," -52,2853460",973
202000007717,20,7,21,13:20,1,1,1,1,6,51572,M,"49,0359472","4,6148220",51
202000007718,20,6,19,20:30,1,1,1,1,2,30030,M,"44,0354730","4,2784590",30
202000007719,20,7,20,19:10,1,1,1,1,4,76391,M,"49,3387700","0,9544160",76
202000007720,20,6,11,06:45,1,1,1,1,6,30077,M,"44,1544760","4,0336450",30
202000007721,20,6,19,13:23,1,2,1,1,6,30284,M,"44,1725860","4,0826120",30
202000007722,20,6,20,10:25,1,2,3,8,3,08460,M,"49,8468940","4,5011650",08
202000007723,20,7,20,11:23,1,1,1,1,5,13051,M,"43,5939360","5,1749900",13
202000007724,20,7,19,20:30,5,2,3,2,6,98817,C," -22,2428880","166,5761230",988
202000007725,20,6,20,11:50,1,2,3,1,3,88468,M,"47,8813680","6,7621390",88
202000007726,20,7,21,23:00,3,1,1,1,7,98804,C," -21,5274420","165,8708740",988
202000007727,20,7,17,11:30,1,1,1,1,7,97313,G,"4,7822880"," -52,4184540",973
202000007728,20,6,20,00:30,3,1,1,1,7,49092,M,"47,2383800"," -0,7304190",49
202000007729,20,7,20,16:00,1,2,1,1,1,97116,A,"16,3271310"," -61,4661780",971
202000007730,20,6,19,18:55,1,1,1,1,4,11225,M,"43,3102060","1,9013320",11
202000007731,20,7,20,15:10,1,1,1,1,1,78193,M,"48,7100150","1,9897540",78
202000007732,20,6,19,02:30,5,2,1,1,6,98813,C," -21,7122110","165,8405430",988
202000007733,20,7,20,18:40,1,1,1,1,3,83068,M,"43,2663810","6,5569450",83
202000007734,20,5,27,17:25,1,1,2,1,3,98613,W," -13,2750225"," -176,1901910",986
202000007735,20,6,19,18:50,3,2,1,2,2,97608,Y," -12,7853790","45,2602490",976
202000007736,20,7,18,18:45,1,1,4,1,1,13097,M,"43,6302380","4,8063550",13
202000007737,20,6,20,16:40,1,1,2,1,3,77029,M,"48,6376020","2,8624960",77
202000007738,20,7,20,18:58,1,1,1,1,7,26002,M,"45,2551930","4,8357440",26
202000007739,20,6,19,21:50,5,2,1,1,1,2B307,M,"42,3818520","9,5284990",2B
202000007740,20,6,9,22:30,3,1,1,1,7,83035,M,"43,2026340","5,7695980",83
202000007741,20,6,20,14:00,1,1,3,1,3,05136,M,"44,7005500","6,6092900",05
202000007742,20,6,20,12:30,1,1,3,1,2,13041,M,"43,4520430","5,4951650",13
202000007743,20,6,20,14:35,1,2,2,1,6,89257,M,"47,9607810","3,5047330",89
202000007744,20,7,20,10:15,1,1,1,1,4,26002,M,"45,2374870","4,8462580",26
202000007745,20,6,20,16:30,1,1,1,1,1,71238,M,"46,2194594","4,0572411",71
202000007746,20,7,16,11:55,1,2,4,1,3,52312,M,"47,8875460","5,2066080",52
202000007747,20,7,19,15:25,1,2,1,1,6,38341,M,"45,5867890","5,4092750",38
202000007748,20,7,21,03:50,3,1,1,1,6,38153,M,"45,1820100","5,6202500",38
202000007749,20,7,20,06:50,2,1,1,1,6,26168,M,"44,6638060","5,6958200",26
202000007750,20,7,21,09:15,1,1,2,1,1,26064,M,"44,8984130","4,9832220",26
202000007751,20,7,20,04:00,5,2,1,1,6,65059,M,"43,0599720","0,1543610",65
202000007752,20,7,20,23:30,5,1,1,1,6,17119,M,"45,6130760"," -0,8824250",17
202000007753,20,7,12,19:30,1,1,1,1,3,86210,M,"47,1334370","0,0555990",86
202000007754,20,6,20,12:40,1,2,3,1,3,74042,M,"46,0728210","6,4062200",74
202000007755,20,7,21,15:30,1,2,6,1,6,33227,M,"44,5569430"," -0,2528250",33
202000007756,20,6,19,18:15,1,1,1,1,2,74003,M,"45,8922410","6,2578300",74
202000007757,20,7,20,08:24,1,1,1,1,6,85106,M,"46,9679980"," -2,2456630",85
202000007758,20,7,20,18:15,1,2,3,1,1,76321,M,"49,7898840","1,2223440",76
202000007759,20,6,20,01:00,5,2,1,1,6,81099,M,"43,9037520","1,9065790",81
202000007760,20,7,7,03:10,5,1,9,1,7,80033,M,"49,8888080","2,8388230",80
202000007761,20,6,20,20:15,2,1,1,1,3,81173,M,"43,6111950","1,7404690",81
202000007762,20,7,16,11:40,1,1,1,2,6,67152,M,"48,5313920","7,6933560",67
202000007763,20,7,20,16:00,1,1,1,1,3,94037,M,"48,8159951","2,3568556",94
202000007764,20,6,19,08:45,1,2,1,1,3,31433,M,"43,5404630","1,4140620",31
202000007765,20,7,20,12:15,1,1,1,1,7,91340,M,"48,6078000","2,4338000",91
202000007766,20,6,11,07:30,1,2,9,1,3,50612,M,"48,6817420"," -1,4127950",50
202000007767,20,7,20,11:10,1,1,1,1,2,91434,M,"48,6687000","2,3577000",91
202000007768,20,7,20,07:30,1,1,1,1,2,95582,M,"48,9719817","2,2482850",95
202000007769,20,7,20,06:15,1,1,1,1,2,95365,M,"49,0633600","2,4123300",95
202000007770,20,7,20,08:40,1,1,1,1,-1,77337,M,"48,8303864","2,6112166",77
202000007771,20,6,20,11:15,1,2,9,1,3,27448,M,"49,0093990","1,4009450",27
202000007772,20,7,18,23:57,5,2,1,2,6,98818,C," -22,2665600","166,4374600",988
202000007773,20,7,10,09:15,1,2,1,1,6,98818,C," -22,2446400","166,4513200",988
202000007774,20,6,20,18:45,1,2,1,1,2,60575,M,"49,2885930","2,2010210",60
202000007775,20,7,19,22:20,5,2,1,1,3,97416,R," -21,3451100","55,4851800",974
202000007776,20,7,19,21:30,1,2,1,1,6,69259,M,"45,6995543","4,8616287",69
202000007777,20,6,20,00:30,5,1,6,1,6,59051,M,"50,5421810","2,8137450",59
202000007778,20,7,19,21:00,2,2,1,1,6,69199,M,"45,7073203","4,8590098",69
202000007779,20,6,16,14:40,1,1,1,1,2,13001,M,"43,5168200","5,4284910",13
202000007780,20,7,19,09:35,1,2,1,1,6,69388,M,"45,7367500","4,8449600",69
202000007781,20,6,18,11:45,1,1,1,1,2,13026,M,"43,3749000","5,1775000",13
202000007782,20,7,19,08:20,1,2,2,1,3,69387,M,"45,7467101","4,8371364",69
202000007783,20,6,19,17:00,1,1,1,1,4,93007,M,"48,9468300","2,4425800",93
202000007784,20,7,18,15:55,1,1,2,1,3,97213,A,"14,6436000"," -61,0103300",972
202000007785,20,6,19,16:10,1,1,1,1,3,93008,M,"48,9132600","2,4347600",93
202000007786,20,7,18,13:10,1,2,1,1,3,91549,M,"48,6483950","2,3359740",91
202000007787,20,6,19,07:15,2,1,1,1,3,95018,M,"48,9496700","2,2802100",95
202000007788,20,7,18,18:30,1,2,1,1,6,91345,M,"48,6943800","2,2937300",91
202000007789,20,6,18,14:20,1,1,1,1,2,92036,M,"48,9388300","2,3068600",92
202000007790,20,7,19,13:55,1,2,1,1,3,83129,M,"43,0871600","5,8122200",83
202000007791,20,6,18,14:30,1,1,1,1,2,93066,M,"48,9198900","2,3572500",93
202000007792,20,7,18,22:40,3,2,1,1,6,83129,M,"43,1019700","5,8412900",83
202000007793,20,7,20,00:27,5,2,1,1,6,83061,M,"43,4239400","6,7481400",83
202000007794,20,6,19,07:00,1,1,1,1,7,94017,M,"48,8301200","2,4923900",94
202000007795,20,7,19,17:10,1,2,1,1,7,83118,M,"43,4356540","6,8925120",83
202000007796,20,4,12,18:05,1,2,2,1,3,33318,M,"44,8024300"," -0,6455000",33
202000007797,20,7,18,10:10,1,2,1,1,6,69290,M,"45,6937951","4,9363524",69
202000007798,20,7,13,15:44,1,2,6,1,6,68297,M,"47,5912400","7,5573300",68
202000007799,20,6,18,00:00,3,2,1,1,7,98818,C," -22,2666300","166,4113400",988
202000007800,20,7,19,18:05,1,2,1,1,6,60463,M,"49,2775548","2,4627049",60
202000007801,20,6,18,11:00,1,2,1,1,6,98818,C," -22,2334300","166,4955450",988
202000007802,20,7,19,21:30,2,1,1,1,6,57606,M,"49,1388900","6,6785000",57
202000007803,20,6,18,08:40,1,2,1,1,3,97416,R," -21,3509500","55,5090800",974
202000007804,20,7,17,19:18,1,2,3,1,3,51108,M,"48,9532800","4,3460300",51
202000007805,20,7,19,11:00,1,2,1,1,7,45234,M,"47,9163213","1,9282208",45
202000007806,20,7,19,19:30,1,2,1,1,-1,37261,M,"47,3732283","0,6785342",37
202000007807,20,6,18,14:00,1,2,2,1,2,69388,M,"45,7349034","4,8634163",69
202000007808,20,7,19,23:10,5,2,1,1,6,35238,M,"48,1193300"," -1,6747900",35
202000007809,20,6,18,09:25,1,2,1,1,6,69383,M,"45,7432695","4,8796906",69
202000007810,20,7,19,20:05,1,2,1,1,6,34172,M,"43,6037000","3,8899600",34
202000007811,20,6,17,10:00,1,1,1,1,7,97209,A,"14,6140000"," -61,0460000",972
202000007812,20,7,18,17:00,1,2,2,1,3,30189,M,"43,8322100","4,3607700",30
202000007813,20,6,18,18:10,1,2,1,1,-1,69385,M,"45,7624900","4,8288900",69
202000007814,20,7,19,18:12,1,2,1,1,4,26058,M,"44,9536400","4,8878600",26
202000007815,20,6,18,18:00,1,2,1,1,6,69202,M,"45,7341657","4,8038733",69
202000007816,20,7,19,23:48,5,2,2,1,3,17300,M,"46,1563100"," -1,1573100",17
202000007817,20,6,17,21:30,2,2,6,1,3,69152,M,"45,6934000","4,8280300",69
202000007818,20,7,18,11:55,1,2,1,1,4,13208,M,"43,2647890","5,3938425",13
202000007819,20,7,19,14:15,1,2,4,1,6,13002,M,"43,3452500","5,4871700",13
202000007820,20,6,17,18:15,1,1,1,1,6,91223,M,"48,3906100","2,1081300",91
202000007821,20,7,19,11:10,1,2,2,1,3,13209,M,"43,2634000","5,4049100",13
202000007822,20,6,18,17:30,1,2,9,2,7,91201,M,"48,6872000","2,3991400",91
202000007823,20,7,17,23:15,5,2,1,1,5,13208,M,"43,2657300","5,3808300",13
202000007824,20,6,13,07:20,2,2,9,1,6,86194,M,"46,5870050","0,3400150",86
202000007825,20,5,6,18:30,1,2,1,1,6,30351,M,"43,9764200","4,7956900",30
202000007826,20,7,19,18:00,1,2,1,1,5,06088,M,"43,6713200","7,2243100",06
202000007827,20,7,19,17:00,2,2,1,1,6,06069,M,"43,6558710","6,9222440",06
202000007828,20,7,19,07:12,1,2,2,1,3,75110,M,"48,8811020","2,3651610",75
202000007829,20,7,18,10:08,1,2,5,1,3,75110,M,"48,8843180","2,3591340",75
202000007830,20,7,19,14:10,1,2,1,1,3,75106,M,"48,8583010","2,3335440",75
202000007831,20,7,19,07:18,1,2,4,1,3,75105,M,"48,8432140","2,3641050",75
202000007832,20,7,19,01:43,5,2,1,1,1,75105,M,"48,8490850","2,3576710",75
202000007833,20,7,19,01:00,5,2,1,1,3,75120,M,"48,8727540","2,3908330",75
202000007834,20,7,8,02:25,5,2,1,1,6,75111,M,"48,8520490","2,3739490",75
202000007835,20,7,19,16:45,1,2,5,1,5,75118,M,"48,8977390","2,3290640",75
202000007836,20,7,19,11:30,1,2,1,1,6,75117,M,"48,8838960","2,3044000",75
202000007837,20,7,19,21:00,1,2,2,1,3,75112,M,"48,8366910","2,4035180",75
202000007838,20,7,19,10:30,1,2,1,1,7,75112,M,"48,8468660","2,4119930",75
202000007839,20,7,19,14:45,1,2,1,1,6,75110,M,"48,8823730","2,3504890",75
202000007840,20,7,19,01:35,5,2,1,1,6,75110,M,"48,8767040","2,3715120",75
202000007841,20,7,19,23:10,5,2,4,1,4,94078,M,"48,7553000","2,4444000",94
202000007842,20,6,15,11:15,1,1,1,1,6,83126,M,"43,0796600","5,8990200",83
202000007843,20,6,12,15:10,1,2,3,2,6,83126,M,"43,1050600","5,8560400",83
202000007844,20,6,18,08:40,1,1,1,1,2,78172,M,"48,9906800","2,0815400",78
202000007845,20,6,17,20:30,1,2,3,1,6,77372,M,"48,8818860","2,6975260",77
202000007846,20,7,19,11:10,1,2,2,7,6,94077,M,"48,7352600","2,4242600",94
202000007847,20,6,3,13:15,1,1,1,1,1,77132,M,"48,8812300","2,7863800",77
202000007848,20,6,17,22:15,5,2,1,1,6,72181,M,"47,9825700","0,2065200",72
202000007849,20,7,18,19:20,1,2,1,1,3,94022,M,"48,7652852","2,4106783",94
202000007850,20,6,18,11:40,1,2,1,1,6,69290,M,"45,6914200","4,9375800",69
202000007851,20,6,17,11:56,1,2,1,2,6,67482,M,"48,5797300","7,7168300",67
202000007852,20,6,18,09:15,1,2,1,1,6,64445,M,"43,3212200"," -0,3521000",64
202000007853,20,6,18,12:35,1,2,9,8,6,59350,M,"50,6410200","3,0535300",59
202000007854,20,6,17,15:10,1,2,2,3,3,54395,M,"48,7001698","6,1725891",54
202000007855,20,6,16,16:30,1,2,1,1,2,54197,M,"48,6384000","6,1877000",54
202000007856,20,6,18,12:12,1,2,2,1,4,51172,M,"49,2156078","4,0639379",51
202000007857,20,7,19,19:00,1,2,1,1,6,93048,M,"48,8760248","2,4679920",93
202000007858,20,6,17,14:48,1,2,1,1,3,49267,M,"47,4787543"," -0,5047213",49
202000007859,20,6,18,19:05,1,1,7,1,1,45147,M,"47,9365767","1,9122121",45
202000007860,20,6,17,12:10,1,2,1,1,-1,45234,M,"47,9250579","1,9376109",45
202000007861,20,6,17,18:10,1,1,1,1,7,45338,M,"47,9727065","2,7151732",45
202000007862,20,6,18,08:55,1,2,2,1,-1,37261,M,"47,3942422","0,6847261",37
202000007863,20,6,19,00:10,5,2,1,1,3,34172,M,"43,6032200","3,8834400",34
202000007864,20,6,18,19:40,1,2,1,1,5,34172,M,"43,6190500","3,8659200",34
202000007865,20,6,18,14:13,1,2,1,2,6,33318,M,"44,7939100"," -0,6699700",33
202000007866,20,7,19,07:30,1,2,9,1,2,93010,M,"48,9049081","2,4754540",93
202000007867,20,6,18,08:10,1,2,2,3,3,33318,M,"44,8114400"," -0,6246100",33
202000007868,20,6,18,11:15,1,2,1,1,6,31555,M,"43,6086400","1,4512100",31
202000007869,20,6,18,08:00,1,2,4,1,3,31555,M,"43,5734700","1,4637500",31
202000007870,20,6,17,13:45,1,2,3,1,3,31149,M,"43,6181300","1,3342900",31
202000007871,20,6,18,20:50,1,2,1,2,7,29254,M,"48,5863756"," -3,8402659",29
202000007872,20,7,19,21:00,1,2,2,1,3,93005,M,"48,9181500","2,4922940",93
202000007873,20,7,18,22:50,5,2,3,1,6,92024,M,"48,9028404","2,3039527",92
202000007874,20,7,19,18:20,1,1,1,1,6,47241,M,"44,5846750","0,7139400",47
202000007875,20,7,16,16:50,1,1,6,1,2,51649,M,"48,7404700","4,5926500",51
202000007876,20,7,18,09:35,1,1,1,1,2,01052,M,"46,0037140","5,0019760",01
202000007877,20,7,20,15:35,1,1,1,1,5,66136,M,"42,7454360","2,8911210",66
202000007878,20,7,20,20:05,1,2,1,1,6,60157,M,"49,3832480","2,4120770",60
202000007879,20,7,19,02:00,3,1,1,1,6,41246,M,"47,5119540","1,3486150",41
202000007880,20,7,20,07:30,1,1,1,1,3,69062,M,"45,6242314","4,4808765",69
202000007881,20,7,19,00:30,3,1,3,1,3,33002,M,"44,5160170"," -0,0499530",33
202000007882,20,7,19,12:45,1,2,1,1,1,97210,A,"14,6199730"," -60,8999790",972
202000007883,20,7,19,11:50,1,1,1,1,1,11203,M,"43,1985910","2,7479290",11
202000007884,20,7,20,00:25,3,1,1,1,6,35239,M,"47,8972830"," -1,3720360",35
202000007885,20,7,18,17:45,1,2,3,1,3,59570,M,"50,9627990","2,4328170",59
202000007886,20,7,14,19:50,1,2,1,1,-1,62361,M,"50,2676800","2,3005680",62
202000007887,20,7,12,20:00,1,1,1,1,3,62633,M,"50,3535770","2,2192420",62
202000007888,20,7,19,16:20,1,2,1,1,7,62452,M,"50,6965860","2,2833170",62
202000007889,20,7,12,10:25,1,1,1,1,7,56040,M,"47,8463440"," -3,3849910",56
202000007890,20,7,18,19:35,1,1,1,1,7,59282,M,"50,8243460","2,5003340",59
202000007891,20,7,20,13:15,1,2,1,1,6,76146,M,"49,5842640","1,3511570",76
202000007892,20,7,20,10:00,1,1,1,1,3,2B319,M,"42,4176710","9,5291320",2B
202000007893,20,7,20,17:00,1,1,1,1,7,82141,M,"44,0956990","0,9268050",82
202000007894,20,7,20,13:50,1,1,1,1,7,65281,M,"43,1184810","0,0796080",65
202000007895,20,7,20,11:55,1,1,1,1,5,81171,M,"43,8399360","1,8412990",81
202000007896,20,10,15,20:45,3,1,1,1,4,95018,M,"48,9584170","2,2747390",95
202000007897,20,10,15,18:00,1,1,1,1,4,95212,M,"49,0261570","2,5367220",95
202000007898,20,10,15,08:15,1,1,1,1,4,95394,M,"49,0530540","2,1976730",95
202000007899,20,10,15,06:30,3,1,1,1,4,95582,M,"48,9806300","2,2409340",95
202000007900,20,10,14,16:30,1,1,1,1,2,93007,M,"48,9538000","2,4554000",93
202000007901,20,10,14,14:30,1,1,1,1,2,93066,M,"48,9058000","2,3586000",93
202000007902,20,10,15,07:50,1,1,1,1,4,93051,M,"48,8362788","2,5545923",93
202000007903,20,7,17,15:30,1,1,9,6,6,66050,M,"42,7770060","2,9435760",66
202000007904,20,10,14,17:50,1,2,3,1,3,97411,R," -20,8907800","55,4562000",974
202000007905,20,10,13,12:25,1,2,1,1,2,97302,G,"4,9203651"," -52,3207247",973
202000007906,20,10,14,07:25,2,2,1,2,6,69386,M,"45,7724200","4,8426500",69
202000007907,20,10,14,07:30,2,2,1,8,6,69259,M,"45,6984524","4,8837395",69
202000007908,20,10,14,03:30,5,2,2,1,3,69387,M,"45,7315900","4,8241500",69
202000007909,20,10,14,13:25,1,2,2,2,1,97213,A,"14,6175300"," -60,9951800",972
202000007910,20,10,14,16:25,1,2,2,8,3,69382,M,"45,7538000","4,8260000",69
202000007911,20,10,14,18:45,2,2,1,1,6,95268,M,"48,9740300","2,3977000",95
202000007912,20,10,5,07:50,1,2,1,2,7,91552,M,"48,5913220","2,2581620",91
202000007913,20,10,3,22:50,5,2,1,1,1,91425,M,"48,6372320","2,2711530",91
202000007914,20,10,2,19:15,1,2,1,1,3,91425,M,"48,6378190","2,2672660",91
202000007915,20,10,1,20:28,5,2,2,1,6,91103,M,"48,6077300","2,3058300",91
202000007916,20,10,2,07:50,1,2,1,3,6,91691,M,"48,7090000","2,4941500",91
202000007917,20,10,14,18:00,2,2,4,2,6,91286,M,"48,6443810","2,3792930",91
202000007918,20,10,14,16:00,1,2,9,1,5,91286,M,"48,6659954","2,3981931",91
202000007919,20,10,14,12:45,1,2,1,1,6,91434,M,"48,6668410","2,3539390",91
202000007920,20,10,14,08:40,1,2,2,2,3,87085,M,"45,8252900","1,2419500",87
202000007921,20,10,13,15:25,1,1,1,1,2,83123,M,"43,1287300","5,7985100",83
202000007922,20,10,9,17:35,-1,2,1,-1,6,83069,M,"43,1237950","6,0962410",83
202000007923,20,10,14,15:25,1,2,1,1,6,81065,M,"43,6190680","2,2409530",81
202000007924,20,10,14,17:50,1,2,1,1,2,78029,M,"48,9635120","1,8512610",78
202000007925,20,10,14,18:45,1,2,6,2,7,77337,M,"48,8511800","2,6210390",77
202000007926,20,10,13,21:15,5,2,1,1,2,76575,M,"49,3720300","1,1036600",76
202000007927,20,10,13,17:05,1,2,1,1,6,76351,M,"49,5052700","0,1818100",76
202000007928,20,10,13,07:20,5,2,1,8,6,71076,M,"46,7803836","4,8567644",71
202000007929,20,10,13,12:20,1,2,8,1,3,67365,M,"48,5499400","7,7027400",67
202000007930,20,10,14,08:50,2,2,1,8,6,62737,M,"50,4465480","2,6881530",62
202000007931,20,6,1,14:00,1,2,1,1,3,62895,M,"50,4969736","2,8752127",62
202000007932,20,9,23,19:15,2,2,1,2,6,62624,M,"50,4260500","2,9955600",62
202000007933,20,10,9,22:45,5,2,1,1,2,59378,M,"50,6612000","3,0948000",59
202000007934,20,10,14,23:25,5,2,2,1,3,59220,M,"50,5892100","3,0785500",59
202000007935,20,8,4,16:05,1,2,3,1,6,58194,M,"47,0041300","3,1539500",58
202000007936,20,10,14,07:30,1,2,9,1,1,57344,M,"48,7078400","7,0200000",57
202000007937,20,10,11,09:42,1,2,1,1,6,57597,M,"49,2543100","6,0693700",57
202000007938,20,10,10,17:02,1,2,6,1,6,57597,M,"49,2567500","6,0717600",57
202000007939,20,10,13,14:50,1,2,1,1,3,56107,M,"47,7181600"," -3,3695100",56
202000007940,20,10,14,17:30,1,2,3,1,4,51454,M,"49,2682507","4,0263960",51
202000007941,20,10,13,18:00,2,2,3,2,3,51454,M,"49,2159832","4,0283106",51
202000007942,20,10,13,08:05,1,2,1,2,7,51454,M,"49,2337457","4,0458733",51
202000007943,20,10,13,08:07,2,2,3,2,4,51454,M,"49,2565747","4,0456536",51
202000007944,20,10,13,07:30,5,1,6,1,3,51454,M,"49,2365355","4,0713448",51