Num_Acc,an,mois,jour,hrmn,lum,agg,int,atm,col,com,gps,lat,long,dep
202000007945,20,10,14,08:10,1,2,1,1,6,50218,M,"48,8346100"," -1,5777700",50
202000007946,20,10,2,07:50,2,2,1,1,6,49099,M,"47,0676100"," -0,8596800",49
202000007947,20,10,13,13:22,1,2,3,2,3,47001,M,"44,2035700","0,6282400",47
202000007948,20,10,12,12:20,1,2,4,1,3,42127,M,"46,0594600","4,0602900",42
202000007949,20,10,13,09:40,1,2,1,2,7,37214,M,"47,4004919","0,6801231",37
202000007950,20,10,14,19:55,5,2,1,1,6,35238,M,"48,1300500"," -1,6405900",35
202000007951,20,10,14,10:20,1,2,3,1,3,35238,M,"48,1284000"," -1,6642000",35
202000007952,20,10,14,08:00,2,2,1,5,3,35238,M,"48,1132800"," -1,6616400",35
202000007953,20,10,11,14:40,1,2,2,1,3,34003,M,"43,2869100","3,4470300",34
202000007954,20,10,14,19:50,1,2,3,1,2,33318,M,"44,7926800"," -0,6148400",33
202000007955,20,10,13,08:15,1,2,1,2,3,31557,M,"43,5795400","1,2905100",31
202000007956,20,10,10,11:10,1,2,1,1,6,27229,M,"49,0037400","1,1484000",27
202000007957,20,10,12,16:25,1,1,1,1,3,26198,M,"44,5533100","4,7098800",26
202000007958,20,10,14,12:15,1,2,1,1,3,17306,M,"45,6344200"," -1,0223200",17
202000007959,20,10,14,08:35,1,2,3,1,3,16015,M,"45,6371900","0,1285240",16
202000007960,20,10,13,12:25,1,2,2,1,3,14059,M,"49,3504300","0,0507500",14
202000007961,20,10,14,16:50,1,1,1,1,6,14437,M,"49,1799700"," -0,3299100",14
202000007962,20,10,14,20:00,5,2,1,1,2,13075,M,"43,3432000","5,4620000",13
202000007963,20,10,14,12:15,1,2,3,1,3,13212,M,"43,3041830","5,4348750",13
202000007964,20,10,13,14:45,1,2,1,1,6,13202,M,"43,2978360","5,3705830",13
202000007965,20,10,12,13:15,1,2,2,1,1,13205,M,"43,2936900","5,4014600",13
202000007966,20,10,13,09:10,1,2,9,1,6,13001,M,"43,4890200","5,3762780",13
202000007967,20,10,2,12:25,1,2,1,3,7,10387,M,"48,2956400","4,0771100",10
202000007968,20,10,13,17:55,1,2,2,2,3,10297,M,"48,3213900","4,1067300",10
202000007969,20,10,14,18:05,2,2,1,3,6,06088,M,"43,6874790","7,2337440",06
202000007970,20,10,13,10:09,1,2,3,1,1,06083,M,"43,7864000","7,5131000",06
202000007971,20,10,10,12:30,1,2,9,1,7,02691,M,"49,8406630","3,3124250",02
202000007972,20,10,14,19:25,3,2,1,1,3,75115,M,"48,8257930","2,2995930",75
202000007973,20,10,14,17:40,1,2,1,1,3,75116,M,"48,8619340","2,2646000",75
202000007974,20,10,13,14:20,1,2,4,1,6,75120,M,"48,8672880","2,4132160",75
202000007975,20,10,14,16:50,1,2,1,1,3,75107,M,"48,8532080","2,3038570",75
202000007976,20,10,14,08:20,1,2,1,2,3,75119,M,"48,8995560","2,3876550",75
202000007977,20,10,14,07:05,5,2,1,1,6,75119,M,"48,8766230","2,3812340",75
202000007978,20,10,14,20:08,5,2,1,1,3,75118,M,"48,8898720","2,3599330",75
202000007979,20,10,14,19:35,5,2,2,1,3,75118,M,"48,8855600","2,3495340",75
202000007980,20,10,14,17:21,1,2,1,1,6,75118,M,"48,8961730","2,3592870",75
202000007981,20,10,14,19:15,5,2,2,1,6,75117,M,"48,8815580","2,3007070",75
202000007982,20,10,14,14:40,1,2,3,1,3,75117,M,"48,8762710","2,2872430",75
202000007983,20,10,13,13:15,1,2,2,1,3,75116,M,"48,8650320","2,2344480",75
202000007984,20,10,14,19:45,3,2,5,1,3,75115,M,"48,8450970","2,3201170",75
202000007985,20,10,14,13:25,1,2,4,2,3,75114,M,"48,8196900","2,3263050",75
202000007986,20,10,14,15:00,1,2,1,1,3,75113,M,"48,8330850","2,3446340",75
202000007987,20,10,13,08:15,1,2,1,2,6,75113,M,"48,8231440","2,3743030",75
202000007988,20,10,14,13:00,1,2,2,1,3,75111,M,"48,8652450","2,3747730",75
202000007989,20,10,14,08:55,1,2,1,2,3,75111,M,"48,8536430","2,3871100",75
202000007990,20,10,14,20:10,5,2,2,1,3,75110,M,"48,8717610","2,3572020",75
202000007991,20,10,14,09:45,1,2,2,2,3,75110,M,"48,8693340","2,3633780",75
202000007992,20,10,14,14:05,1,2,3,1,3,75107,M,"48,8569710","2,3246050",75
202000007993,20,10,14,13:55,1,2,1,1,6,75107,M,"48,8599470","2,3109230",75
202000007994,20,10,14,09:40,1,2,4,2,3,75101,M,"48,8578860","2,3439190",75
202000007995,20,10,14,08:47,1,2,2,2,7,75104,M,"48,8556630","2,3483270",75
202000007996,20,10,14,00:30,5,2,2,1,6,75101,M,"48,8577260","2,3477870",75
202000007997,20,10,14,10:40,1,2,1,2,6,94074,M,"48,7460000","2,4686000",94
202000007998,20,10,14,09:15,1,2,2,2,6,94046,M,"48,8058080","2,4410130",94
202000007999,20,10,13,13:00,1,2,1,2,1,94043,M,"48,8100900","2,3609700",94
202000008000,20,10,14,08:15,1,2,9,2,6,94018,M,"48,8211180","2,4076670",94
202000008001,20,10,14,12:20,1,2,9,1,6,94017,M,"48,8051100","2,5513900",94
202000008002,20,10,14,10:20,1,2,1,8,6,93078,M,"48,9637100","2,5377100",93
202000008003,20,10,14,17:20,1,2,3,1,3,93071,M,"48,9332100","2,5326300",93
202000008004,20,10,14,08:50,1,2,1,2,6,93045,M,"48,8807951","2,4151249",93
202000008005,20,10,14,07:45,5,2,3,2,3,93079,M,"48,9516200","2,3388700",93
202000008006,20,10,14,11:45,1,2,2,1,3,93007,M,"48,9459814","2,4458492",93
202000008007,20,10,14,22:00,5,1,1,1,7,93005,M,"48,9437315","2,4814268",93
202000008008,20,10,14,08:40,1,2,9,2,5,93001,M,"48,9103312","2,3854567",93
202000008009,20,10,14,10:00,1,2,1,8,3,92062,M,"48,8780500","2,2395600",92
202000008010,20,10,12,19:35,5,2,3,1,3,92050,M,"48,8864490","2,2259730",92
202000008011,20,10,12,17:10,1,1,1,8,6,92050,M,"48,8862820","2,2121380",92
202000008012,20,10,13,10:40,1,2,1,2,6,92049,M,"48,8168390","2,3117030",92
202000008013,20,10,13,18:30,2,2,3,1,3,92036,M,"48,9226588","2,3205949",92
202000008014,20,10,13,01:30,5,2,6,2,7,92036,M,"48,9396589","2,2867616",92
202000008015,20,10,12,20:20,5,2,3,2,2,92025,M,"48,9311500","2,2443200",92
202000008016,20,10,13,20:40,5,2,1,1,2,92025,M,"48,9156250","2,2277990",92
202000008017,20,10,13,06:25,5,2,2,2,3,92025,M,"48,9179380","2,2239830",92
202000008018,20,10,15,15:50,1,2,1,2,3,97415,R," -21,0122490","55,2720300",974
202000008019,20,10,14,21:45,3,1,1,1,6,97415,R," -21,0308090","55,2966680",974
202000008020,20,10,14,18:00,1,1,2,7,3,54513,M,"48,4568430","6,1277960",54
202000008021,20,10,14,11:25,1,1,1,1,-1,51066,M,"48,6606020","4,5795200",51
202000008022,20,10,14,19:50,3,1,1,1,1,01105,M,"45,9346920","4,9042640",01
202000008023,20,10,14,20:30,3,1,1,1,2,86174,M,"46,7678920","0,5018540",86
202000008024,20,10,15,01:10,5,2,4,1,6,74188,M,"46,1933530","6,6976800",74
202000008025,20,10,14,20:50,5,2,4,2,6,63464,M,"45,9689040","2,8768890",63
202000008026,20,10,15,14:35,1,1,1,1,6,48005,M,"44,5867190","3,2508860",48
202000008027,20,10,15,05:45,3,1,3,2,3,19002,M,"45,6001220","2,4030020",19
202000008028,20,10,15,08:30,1,1,3,8,2,2B150,M,"42,5990610","8,8394450",2B
202000008029,20,10,15,18:00,1,1,1,1,1,33541,M,"45,3854080"," -1,0324470",33
202000008030,20,10,15,03:30,5,2,1,1,6,69063,M,"45,8139910","4,8451580",69
202000008031,20,10,14,14:30,1,1,1,1,5,29045,M,"48,3872980"," -4,2516370",29
202000008032,20,10,14,14:25,1,2,1,1,2,68201,M,"47,7687960","7,0053610",68
202000008033,20,10,14,16:15,1,1,1,1,1,35270,M,"48,5745490"," -1,5551660",35
202000008034,20,10,14,12:45,1,2,2,1,1,35070,M,"48,5598810"," -1,9307450",35
202000008035,20,10,14,19:45,3,1,1,2,7,29191,M,"48,5336580"," -3,7556930",29
202000008036,20,10,15,07:40,5,1,1,1,7,29061,M,"48,4390020"," -4,4658440",29
202000008037,20,10,15,16:45,1,1,1,1,3,31270,M,"43,1365710","0,7551030",31
202000008038,20,10,14,08:00,1,1,1,1,3,84030,M,"44,0819210","5,1084490",84
202000008039,20,10,7,18:00,1,1,1,1,1,72064,M,"47,8494330","0,7267930",72
202000008040,20,10,15,12:30,1,2,2,1,3,14726,M,"48,8986370"," -0,7378860",14
202000008041,20,10,14,15:30,1,1,2,1,3,14299,M,"49,3396790","0,2638860",14
202000008042,20,10,13,08:29,1,1,1,3,1,18180,M,"47,0355940","2,4018990",18
202000008043,20,10,14,15:55,1,2,6,1,2,21425,M,"47,6227980","4,3237960",21
202000008044,20,10,14,20:30,3,1,1,1,6,04116,M,"44,0462730","6,0193330",04
202000008045,20,10,14,17:50,1,2,1,2,7,28214,M,"48,4774020","1,0232760",28
202000008046,20,10,13,21:10,3,1,1,1,2,28259,M,"48,2369650","1,4075370",28
202000008047,20,10,15,16:00,1,2,2,1,6,37097,M,"47,1646507","0,8938281",37
202000008048,20,10,15,18:30,1,2,3,1,3,37273,M,"47,3961660","0,7638178",37
202000008049,20,10,14,16:35,1,2,1,1,3,37050,M,"47,3402523","0,7035620",37
202000008050,20,10,15,16:00,1,1,1,1,6,48178,M,"44,2846140","3,8166650",48
202000008051,20,10,14,16:45,1,2,1,1,6,88465,M,"48,2516050","6,4196250",88
202000008052,20,10,14,02:15,3,1,6,5,7,35352,M,"48,0494380"," -1,6090460",35
202000008053,20,10,13,20:50,5,2,1,1,6,35189,M,"48,1533200"," -1,7067480",35
202000008054,20,10,14,18:05,1,1,1,1,4,33122,M,"44,7049200"," -0,7541700",33
202000008055,20,10,15,09:05,1,1,1,1,7,06088,M,"43,6683880","7,1983360",06
202000008056,20,10,14,14:00,1,1,1,1,3,97118,A,"16,1573870"," -61,5870380",971
202000008057,20,10,15,07:25,1,2,1,1,6,2B307,M,"42,3808020","9,5301250",2B
202000008058,20,10,15,06:50,5,1,6,2,3,11076,M,"43,3026370","1,9747550",11
202000008059,20,8,27,07:00,2,1,6,1,3,11076,M,"43,3026720","1,9745400",11
202000008060,20,10,15,00:05,3,1,1,1,7,34135,M,"43,3039250","3,1583440",34
202000008061,20,10,15,13:10,1,1,3,8,3,84019,M,"44,2883869","4,7523042",84
202000008062,20,10,14,18:10,1,1,8,1,3,83023,M,"43,3650910","6,0955400",83
202000008063,20,10,15,07:05,2,1,3,1,3,71491,M,"46,4182669","4,0565317",71
202000008064,20,10,6,13:00,1,2,3,1,2,67348,M,"48,4734160","7,4961840",67
202000008065,20,10,13,12:15,1,2,1,1,1,73097,M,"45,5518680","6,0143600",73
202000008066,20,10,13,16:50,1,2,1,1,6,38158,M,"45,1605530","5,7414830",38
202000008067,20,10,14,16:00,1,2,3,1,6,50025,M,"48,6792780"," -1,3436280",50
202000008068,20,10,15,17:10,1,2,1,1,6,60141,M,"49,2025210","2,4677720",60
202000008069,20,10,10,21:25,5,2,2,1,1,60587,M,"49,3423210","2,6063780",60
202000008070,20,10,14,19:00,3,1,1,1,1,60644,M,"49,2804320","1,8067470",60
202000008071,20,10,15,13:15,1,1,1,1,7,60628,M,"49,4228073","2,1504839",60
202000008072,20,10,13,18:05,1,1,1,1,4,83062,M,"43,1436071","6,0199150",83
202000008073,20,10,12,07:35,2,1,1,1,7,83144,M,"43,1334900","5,9847600",83
202000008074,20,10,14,09:10,1,1,1,1,6,33550,M,"44,7791800"," -0,5517700",33
202000008075,20,10,11,20:00,3,1,1,1,-1,62498,M,"50,4236950","2,8300090",62
202000008076,20,10,11,11:10,1,1,1,1,6,59343,M,"50,6008990","3,1207980",59
202000008077,20,10,14,18:16,1,1,1,1,2,91689,M,"48,7439500","2,3221900",91
202000008078,20,10,14,13:23,1,1,1,1,2,94021,M,"48,7614000","2,3449000",94
202000008079,20,10,11,09:20,1,2,1,1,7,91377,M,"48,7207180","2,2991940",91
202000008080,20,10,14,17:50,1,1,1,1,2,92050,M,"48,9011605","2,2056742",92
202000008081,20,10,14,14:25,1,1,1,1,2,92072,M,"48,8187290","2,2172610",92
202000008082,20,10,14,08:35,1,1,1,2,7,92048,M,"48,8076789","2,2120924",92
202000008083,20,10,14,19:10,1,1,1,2,3,77337,M,"48,8264058","2,6166977",77
202000008084,20,10,14,17:30,1,2,1,1,3,94042,M,"48,8285000","2,4755000",94
202000008085,20,10,14,14:00,1,1,1,1,-1,77373,M,"48,7812715","2,6160281",77
202000008086,20,10,14,13:20,1,1,1,1,3,77053,M,"48,7011003","2,5945369",77
202000008087,20,10,14,05:35,3,1,1,1,2,94017,M,"48,8302009","2,4957670",94
202000008088,20,6,12,23:40,5,2,1,1,6,87085,M,"45,8287200","1,2633900",87
202000008089,20,4,26,02:15,5,2,1,1,6,55545,M,"49,1516200","5,4058000",55
202000008090,20,7,7,15:30,1,1,1,1,4,42330,M,"45,4745700","4,3455600",42
202000008091,20,8,21,08:30,1,1,1,1,7,24382,M,"44,8408570","0,6691790",24
202000008092,20,8,21,10:20,1,1,1,1,3,27132,M,"49,0334510","1,0296680",27
202000008093,20,8,19,20:30,2,2,1,1,1,27165,M,"48,9693300","0,9429570",27
202000008094,20,8,21,16:15,1,1,2,1,3,59581,M,"50,6980610","2,7609160",59
202000008095,20,8,15,12:46,1,1,1,1,7,13071,M,"43,4069400","5,3307700",13
202000008096,20,8,19,14:00,1,1,1,1,2,13117,M,"43,4738800","5,2356700",13
202000008097,20,8,18,22:15,5,1,1,1,3,69142,M,"45,7262100","4,8169500",69
202000008098,20,8,19,20:35,2,2,1,1,6,38544,M,"45,5347700","4,8719700",38
202000008099,20,8,20,14:20,1,1,1,1,7,33281,M,"44,8552200"," -0,6638600",33
202000008100,20,8,20,00:45,3,1,1,1,6,92036,M,"48,9354233","2,2644945",92
202000008101,20,8,20,15:30,1,1,1,1,4,93008,M,"48,9106300","2,4428700",93
202000008102,20,8,19,15:00,1,1,1,2,6,95572,M,"49,0345600","2,1136290",95
202000008103,20,8,20,09:15,1,1,1,1,4,92036,M,"48,9378800","2,2976600",92
202000008104,20,8,20,06:15,3,1,1,1,6,93064,M,"48,8880100","2,4743900",93
202000008105,20,8,19,18:45,1,1,1,1,2,93005,M,"48,9464600","2,4761900",93
202000008106,20,8,19,06:30,3,1,1,1,3,92078,M,"48,9284900","2,3313400",92
202000008107,20,8,20,20:30,1,1,1,1,2,94017,M,"48,8294403","2,4821309",94
202000008108,20,2,20,22:12,4,2,9,1,6,13213,M,"43,3513970","5,4723430",13
202000008109,20,7,9,14:45,1,1,1,1,7,13002,M,"43,3703300","5,5323300",13
202000008110,20,6,14,01:00,5,2,1,1,3,76545,M,"49,9085400","1,0874900",76
202000008111,20,8,19,18:00,5,2,3,1,3,98818,C," -22,3096600","166,4526100",988
202000008112,20,8,15,04:20,5,2,1,1,6,98818,C," -22,2990700","166,4384700",988
202000008113,20,8,18,10:45,1,2,3,1,3,97416,R," -21,2967100","55,4602100",974
202000008114,20,8,19,15:56,1,2,3,1,3,97302,G,"4,9224652"," -52,3125713",973
202000008115,20,8,19,12:35,1,2,3,1,3,69387,M,"45,7368100","4,8369000",69
202000008116,20,8,19,00:58,5,1,1,1,2,97213,A,"14,6000000"," -60,9990000",972
202000008117,20,8,19,12:40,1,2,1,1,7,69152,M,"45,7026900","4,8211700",69
202000008118,20,8,18,16:42,1,1,1,1,1,87038,M,"45,9000800","1,2360200",87
202000008119,20,8,18,17:35,1,2,1,1,2,87085,M,"45,8612100","1,2816400",87
202000008120,20,8,18,10:36,1,2,1,1,2,87085,M,"45,8331300","1,2484700",87
202000008121,20,8,20,01:00,5,1,1,1,4,83137,M,"43,1268383","5,9103194",83
202000008122,20,8,19,20:20,2,1,1,1,-1,83034,M,"43,0990000","6,0620000",83
202000008123,20,8,19,13:55,1,2,6,2,3,78238,M,"48,9685100","1,8721600",78
202000008124,20,8,19,06:12,3,2,6,1,6,78440,M,"48,9752300","1,9162500",78
202000008125,20,8,18,16:20,1,2,3,1,3,76540,M,"49,4380700","1,0927800",76
202000008126,20,8,19,13:50,1,2,5,1,3,74012,M,"46,1928000","6,2445000",74
202000008127,20,8,18,08:28,1,2,2,1,3,71497,M,"46,3408599","4,8281254",71
202000008128,20,8,19,00:50,5,2,3,1,3,69029,M,"45,7500500","4,9115600",69
202000008129,20,8,19,12:38,1,2,1,1,2,67482,M,"48,5719506","7,7136614",67
202000008130,20,8,18,10:01,1,2,6,1,1,64483,M,"43,3863000"," -1,6618000",64
202000008131,20,8,18,08:20,1,2,6,1,3,64483,M,"43,3971800"," -1,6446600",64
202000008132,20,8,18,18:50,1,2,1,1,6,64125,M,"43,4301192"," -1,5723587",64
202000008133,20,8,16,16:45,1,2,3,1,-1,64122,M,"43,4868891"," -1,5548950",64
202000008134,20,8,14,23:45,3,1,1,1,7,61169,M,"48,7244000"," -0,5730500",61
202000008135,20,8,18,23:05,5,2,1,1,1,60159,M,"49,4188462","2,8176392",60
202000008136,20,8,14,03:50,5,2,1,1,2,59350,M,"50,6484500","3,0682200",59
202000008137,20,8,19,13:35,1,2,3,1,2,59328,M,"50,6427006","3,0164377",59
202000008138,20,8,18,22:30,5,2,8,1,6,59286,M,"50,6117000","2,9980000",59
202000008139,20,8,19,19:50,2,1,2,2,3,59317,M,"50,6918700","2,9223200",59
202000008140,20,8,18,19:20,1,2,1,2,7,56098,M,"47,7688900"," -3,3456900",56
202000008141,20,8,18,13:15,1,1,1,1,7,56083,M,"47,7972100"," -3,3015200",56
202000008142,20,8,8,19:30,1,1,6,1,3,54571,M,"48,6177100","6,2732900",54
202000008143,20,8,19,15:20,1,2,4,1,3,38185,M,"45,1889000","5,7227000",38
202000008144,20,8,18,20:40,2,2,6,1,6,38053,M,"45,5942500","5,2698200",38
202000008145,20,8,19,14:05,1,2,1,1,7,37195,M,"47,3795160","0,6492687",37
202000008146,20,8,19,12:37,1,2,2,2,3,37261,M,"47,3866129","0,6745534",37
202000008147,20,8,19,11:20,1,2,1,8,2,37122,M,"47,3476456","0,6552909",37
202000008148,20,8,19,16:00,1,2,1,8,6,35238,M,"48,1045519"," -1,6773029",35
202000008149,20,8,10,14:45,1,2,3,1,6,33063,M,"44,8305500"," -0,5711800",33
202000008150,20,8,19,16:55,1,2,1,1,6,30189,M,"43,8419000","4,3676000",30
202000008151,20,8,19,17:20,1,2,2,1,3,26362,M,"44,9208000","4,9082000",26
202000008152,20,8,19,09:40,1,2,1,1,7,24322,M,"45,1943100","0,7303400",24
202000008153,20,8,19,21:49,5,2,2,1,3,13204,M,"43,3053970","5,4016000",13
202000008154,20,8,19,13:25,1,2,1,1,1,13214,M,"43,3264100","5,3748300",13
202000008155,20,8,18,19:50,1,1,9,1,2,13047,M,"43,5522145","4,9743739",13
202000008156,20,8,18,18:55,1,2,6,7,2,13047,M,"43,4982900","4,9864900",13
202000008157,20,8,19,03:55,5,2,3,1,3,11069,M,"43,2099700","2,3791900",11
202000008158,20,8,19,16:15,1,2,2,1,3,10387,M,"48,2905000","4,0821000",10
202000008159,20,8,19,17:40,1,1,1,1,2,06069,M,"43,6438630","6,9028840",06
202000008160,20,8,13,11:30,1,2,4,1,6,06069,M,"43,6546440","6,9187110",06
202000008161,20,8,19,19:20,1,2,2,1,6,75120,M,"48,8492640","2,4162070",75
202000008162,20,8,19,08:05,1,2,2,1,2,75120,M,"48,8598910","2,3889920",75
202000008163,20,8,19,14:00,1,2,2,1,3,75119,M,"48,8819960","2,4025000",75
202000008164,20,8,19,08:45,1,2,3,1,3,75119,M,"48,8885170","2,3979480",75
202000008165,20,8,18,23:05,4,2,1,1,2,75119,M,"48,8838770","2,3744020",75
202000008166,20,8,19,09:40,1,2,1,1,3,75116,M,"48,8761620","2,2820180",75
202000008167,20,8,19,17:15,1,2,2,2,3,75111,M,"48,8688400","2,3763070",75
202000008168,20,8,19,22:30,5,2,2,8,3,75110,M,"48,8715060","2,3603440",75
202000008169,20,8,19,16:45,1,2,2,8,6,75110,M,"48,8810990","2,3651540",75
202000008170,20,8,19,14:36,1,2,2,2,3,75109,M,"48,8709750","2,3341700",75
202000008171,20,8,19,13:20,1,2,1,1,7,75103,M,"48,8623640","2,3503820",75
202000008172,20,8,18,17:00,1,2,3,1,7,75103,M,"48,8632320","2,3516650",75
202000008173,20,8,17,15:15,1,2,1,2,2,94081,M,"48,7804200","2,3735800",94
202000008174,20,8,19,13:40,1,2,9,1,3,94044,M,"48,7559060","2,4838010",94
202000008175,20,8,19,19:05,1,2,2,1,2,94052,M,"48,8354100","2,4941000",94
202000008176,20,8,19,19:20,1,2,2,1,3,94043,M,"48,8136300","2,3572610",94
202000008177,20,8,19,16:40,1,2,1,1,6,94038,M,"48,7762600","2,3399800",94
202000008178,20,8,17,15:20,1,2,2,8,3,94033,M,"48,8589300","2,4757800",94
202000008179,20,8,18,18:30,1,2,1,1,3,94054,M,"48,7488840","2,4148300",94
202000008180,20,8,18,09:05,1,2,1,1,3,94079,M,"48,8364000","2,5473000",94
202000008181,20,8,19,11:36,1,2,3,1,3,94017,M,"48,8143700","2,5377700",94
202000008182,20,8,19,10:35,1,2,1,1,2,93057,M,"48,9103595","2,5106189",93
202000008183,20,8,19,10:05,1,2,2,1,3,92046,M,"48,8248000","2,3021000",92
202000008184,20,8,19,17:21,1,2,1,2,3,92062,M,"48,8922470","2,2458090",92
202000008185,20,8,18,14:43,1,2,1,1,3,92025,M,"48,9263850","2,2436820",92
202000008186,20,8,20,13:20,1,1,1,1,6,35176,M,"47,7709590"," -1,8454080",35
202000008187,20,8,20,10:44,1,1,2,1,5,38344,M,"45,3604000","4,8313400",38
202000008188,20,8,18,16:45,1,2,1,1,6,43040,M,"45,2895510","3,3867340",43
202000008189,20,8,20,09:45,1,2,6,1,2,95052,M,"49,1379972","2,2721469",95
202000008190,20,8,19,16:30,1,1,1,1,1,45187,M,"47,8785668","2,4910261",45
202000008191,20,8,20,07:25,1,1,1,1,7,49192,M,"47,0143857"," -0,7392107",49
202000008192,20,8,10,18:14,1,2,9,1,2,31044,M,"43,5877793","1,5185417",31
202000008193,20,8,18,04:00,3,1,1,1,6,31439,M,"43,5152730","1,6199250",31
202000008194,20,8,5,18:14,1,1,1,1,6,28018,M,"48,2035330","0,8954820",28
202000008195,20,8,20,11:49,1,1,1,1,6,83023,M,"43,4158650","6,1286160",83
202000008196,20,8,16,10:30,1,1,1,1,6,83049,M,"43,2438650","6,0716110",83
202000008197,20,8,17,19:45,2,1,3,1,3,10030,M,"48,3125690","3,9910380",10
202000008198,20,8,17,15:15,1,1,1,3,7,51320,M,"49,0526140","3,7878423",51
202000008199,20,8,18,18:10,1,1,2,1,3,27429,M,"48,9180720","1,4041790",27
202000008200,20,8,18,21:00,2,1,1,1,3,26005,M,"44,5246460","4,7951030",26
202000008201,20,8,18,19:54,2,2,6,1,6,01399,M,"46,2941940","6,0773490",01
202000008202,20,6,28,14:15,1,1,1,1,2,21559,M,"47,2979760","4,8036860",21
202000008203,20,8,18,08:35,1,1,1,1,3,06130,M,"43,7057040","6,8295060",06
202000008204,20,8,19,07:35,2,2,1,1,3,06033,M,"43,7823810","7,2113820",06
202000008205,20,8,16,12:45,1,1,1,3,-1,34259,M,"43,6310940","3,7644480",34
202000008206,20,8,20,08:38,1,1,1,1,6,15108,M,"44,9323770","3,2033830",15
202000008207,20,8,20,08:05,1,1,1,1,2,12270,M,"44,3515340","3,1069850",12
202000008208,20,8,19,14:00,1,1,1,1,7,87107,M,"45,9160940","1,1691430",87
202000008209,20,8,20,06:45,2,1,1,1,7,62650,M,"50,2785620","2,9043390",62
202000008210,20,8,18,17:20,1,1,1,7,1,83026,M,"43,4222630","6,2042180",83
202000008211,20,8,11,15:30,1,1,1,7,3,51507,M,"49,1033334","4,9021969",51
202000008212,20,8,11,15:15,1,1,1,1,7,51569,M,"49,2725953","3,9306064",51
202000008213,20,8,20,14:40,1,1,1,1,7,51617,M,"49,0209397","4,3281479",51
202000008214,20,8,18,23:30,3,2,1,1,6,79252,M,"46,8841700"," -0,1604500",79
202000008215,20,8,17,12:40,1,1,3,1,2,2A362,M,"41,6609395","9,3600036",2A
202000008216,20,8,20,18:30,1,1,1,1,2,2B242,M,"42,4116710","9,5304890",2B
202000008217,20,8,19,17:40,1,1,9,3,7,80396,M,"50,2438430","2,0399590",80
202000008218,20,8,15,23:30,3,1,1,2,7,65444,M,"43,0583290","0,5468810",65
202000008219,20,8,19,11:50,1,1,1,7,1,65138,M,"42,9271110"," -0,0885770",65
202000008220,20,8,13,20:10,3,1,1,3,-1,69012,M,"46,1908581","4,5439555",69
202000008221,20,8,20,00:00,5,2,1,1,2,69088,M,"45,8156200","4,8628610",69
202000008222,20,8,19,10:10,1,1,4,1,5,11262,M,"43,1692640","3,0369790",11
202000008223,20,8,19,19:00,1,1,1,1,3,11035,M,"42,8431850","2,2033380",11
202000008224,20,8,18,11:45,1,1,1,1,1,71079,M,"46,4851835","5,3711206",71
202000008225,20,8,19,18:45,1,1,1,1,3,83068,M,"43,2896710","6,6055940",83
202000008226,20,8,19,11:45,1,2,4,1,6,63419,M,"46,1388650","2,9285000",63
202000008227,20,8,18,14:55,1,2,1,2,2,61257,M,"48,5043150"," -0,3865390",61
202000008228,20,8,15,06:00,3,1,1,1,6,61324,M,"48,5284000"," -0,7464370",61
202000008229,20,8,19,23:15,3,1,2,1,3,12258,M,"44,2590620","2,1854640",12
202000008230,20,8,19,21:33,3,1,3,1,7,47276,M,"44,3288090","0,4975003",47
202000008231,20,8,19,23:50,3,1,1,8,6,41186,M,"47,8607680","1,0406700",41
202000008232,20,8,18,17:55,1,1,2,1,3,29140,M,"48,3793794"," -4,3106913",29
202000008233,20,8,18,10:42,1,2,1,1,3,29137,M,"48,3207230"," -4,2986980",29
202000008234,20,8,18,17:28,1,1,1,1,3,86271,M,"46,7716810","0,2292270",86
202000008235,20,8,19,07:46,1,1,4,1,3,68338,M,"48,0761900","7,2576820",68
202000008236,20,8,15,20:17,1,2,1,1,7,22135,M,"48,5793150"," -3,3284870",22
202000008237,20,8,19,00:50,3,1,1,1,6,25258,M,"47,2131550","5,9280680",25
202000008238,20,8,17,18:20,1,1,1,1,2,35204,M,"48,0445710"," -1,5635030",35
202000008239,20,8,17,18:15,1,2,1,1,6,35068,M,"48,1050170"," -1,4114270",35
202000008240,20,8,20,11:45,1,1,6,1,3,29148,M,"48,6181440"," -4,0545510",29
202000008241,20,8,16,09:45,1,2,3,1,-1,38310,M,"45,2587270","5,4764810",38
202000008242,20,8,13,11:20,1,2,1,1,2,38409,M,"45,0747100","5,2834100",38
202000008243,20,7,7,21:50,5,2,1,1,1,02423,M,"49,4781880","3,3583670",02
202000008244,20,8,20,01:20,3,1,1,1,7,03071,M,"46,3621560","3,6156927",03
202000008245,20,8,15,12:00,1,1,1,1,7,03269,M,"46,4285136","2,7891749",03
202000008246,20,8,10,18:00,1,1,1,1,1,06020,M,"43,9950070","7,3390600",06
202000008247,20,8,19,17:00,1,1,1,1,7,06073,M,"44,1970550","7,0657000",06
202000008248,20,8,18,12:38,1,1,1,1,6,06023,M,"43,9544600","7,5142300",06
202000008249,20,8,20,16:05,1,1,1,1,6,14431,M,"49,0950380","0,0159970",14