Num_Acc,an,mois,jour,hrmn,lum,agg,int,atm,col,com,gps,lat,long,dep
202000008250,20,8,20,12:00,1,2,1,1,-1,05145,M,"44,6678480","6,2305190",05
202000008251,20,8,19,11:05,1,1,1,8,3,50349,M,"48,9884270"," -1,5111990",50
202000008252,20,8,18,01:00,3,1,1,1,6,45314,M,"47,9669336","2,1687811",45
202000008253,20,8,20,18:45,1,2,1,1,2,45182,M,"47,6830430","1,7830410",45
202000008254,20,8,20,16:30,1,1,1,1,6,64066,M,"43,2043930"," -1,2737596",64
202000008255,20,8,19,13:25,1,1,1,1,1,64438,M,"43,3299070"," -0,2321750",64
202000008256,20,8,19,00:50,1,1,1,7,6,36065,M,"47,0475350","2,0252530",36
202000008257,20,8,13,17:10,1,2,1,1,6,21489,M,"47,5761380","4,8043780",21
202000008258,20,8,18,12:15,1,1,1,1,6,40083,M,"43,6234640"," -0,3792430",40
202000008259,20,8,19,11:54,1,1,3,1,3,40282,M,"43,7846350"," -0,5009080",40
202000008260,20,8,19,18:20,1,2,9,1,3,85305,M,"46,5716730"," -0,7615330",85
202000008261,20,8,18,17:45,1,1,1,1,2,85289,M,"46,6495800"," -0,7088000",85
202000008262,20,8,20,18:00,1,1,2,1,1,27198,M,"48,8498800","1,1367630",27
202000008263,20,8,20,19:45,1,2,1,1,6,37273,M,"47,3876107","0,7859624",37
202000008264,20,8,19,10:35,1,1,4,1,3,30161,M,"44,0224970","4,1089730",30
202000008265,20,8,20,00:00,3,1,1,1,7,48104,M,"44,6281070","3,0622240",48
202000008266,20,7,21,06:45,1,2,4,1,7,08139,M,"49,8733700","4,6999060",08
202000008267,20,8,19,01:50,5,2,6,1,6,95256,M,"49,0464620","2,1975390",95
202000008268,20,8,20,06:40,2,1,1,1,6,01232,M,"46,3179240","5,2663560",01
202000008269,20,8,19,18:48,1,2,2,7,3,69244,M,"45,7641550","4,7691070",69
202000008270,20,8,20,08:00,1,2,1,1,6,74010,M,"45,8593520","6,0891190",74
202000008271,20,8,17,19:35,3,1,1,1,1,98738,P," -17,6184160"," -149,5708030",987
202000008272,20,8,19,05:20,3,1,1,1,3,34143,M,"43,4563970","3,6090430",34
202000008273,20,8,18,13:50,1,2,4,1,2,13011,M,"43,7418170","4,7908120",13
202000008274,20,8,18,21:15,2,1,1,1,6,22298,M,"48,2084810"," -2,9310430",22
202000008275,20,8,18,17:55,1,1,1,1,2,45154,M,"47,9973310","1,8528270",45
202000008276,20,8,18,15:30,1,1,1,1,4,45203,M,"47,8487350","1,6855860",45
202000008277,20,8,19,12:15,1,2,1,7,6,97103,A,"16,2405930"," -61,6127660",971
202000008278,20,12,31,11:45,1,2,3,2,3,97129,A,"16,2833880"," -61,6702350",971
202000008279,20,12,30,07:35,5,2,1,9,7,29233,M,"47,8684090"," -3,5370240",29
202000008280,20,9,16,12:20,1,2,1,1,3,33366,M,"44,9936300"," -0,4529600",33
202000008281,20,12,31,17:40,2,2,6,2,6,29046,M,"48,0806280"," -4,3255960",29
202000008282,20,12,29,17:10,2,1,1,1,2,13211,M,"43,2862600","5,4330000",13
202000008283,20,11,30,06:40,3,2,1,1,6,59560,M,"50,5450900","3,0584000",59
202000008284,20,7,4,21:10,1,2,1,1,6,64102,M,"43,4840400"," -1,4489500",64
202000008285,20,12,25,15:50,1,1,1,1,3,98735,P," -17,5553600"," -149,5472600",987
202000008286,20,11,13,11:50,1,2,1,1,6,97611,Y," -12,7673699","45,2245814",976
202000008287,20,8,4,06:35,1,2,1,1,6,97611,Y," -12,7987084","45,2019989",976
202000008288,20,12,30,15:55,1,2,3,1,3,97411,R," -20,8836000","55,4602600",974
202000008289,20,12,31,19:50,5,2,2,1,3,97302,G,"4,9343104"," -52,3319364",973
202000008290,20,12,30,14:30,1,2,2,1,3,69386,M,"45,7682289","4,8474323",69
202000008291,20,12,31,15:00,1,1,1,1,2,97209,A,"14,6140300"," -61,0634000",972
202000008292,20,12,29,06:20,2,2,1,1,3,97209,A,"14,6105900"," -61,0547400",972
202000008293,20,12,31,14:05,1,2,9,1,6,69389,M,"45,7615156","4,8036631",69
202000008294,20,12,30,15:50,1,1,1,1,-1,97113,A,"16,2179800"," -61,4980200",971
202000008295,20,11,20,08:18,1,2,1,1,6,95219,M,"48,9832700","2,2463500",95
202000008296,20,12,22,06:35,2,1,6,1,3,91457,M,"48,5742300","2,2588700",91
202000008297,20,12,28,16:13,2,1,1,3,2,91339,M,"48,6320000","2,2640000",91
202000008298,20,12,31,15:50,1,2,2,1,3,91687,M,"48,6780100","2,3709900",91
202000008299,20,12,31,11:00,1,2,2,2,3,91687,M,"48,6546000","2,3641000",91
202000008300,20,12,30,08:25,1,2,1,9,6,85194,M,"46,5239300"," -1,7549100",85
202000008301,20,12,31,11:35,1,2,1,1,6,83137,M,"43,1286000","5,9106300",83
202000008302,20,12,30,16:50,1,2,1,1,3,83129,M,"43,0977600","5,8512900",83
202000008303,20,12,30,11:30,1,2,1,1,3,82121,M,"44,0256320","1,3656266",82
202000008304,20,12,31,13:00,1,2,9,1,4,78440,M,"48,9780070","1,9140170",78
202000008305,20,11,30,18:45,5,2,4,1,3,77284,M,"48,9552900","2,8906900",77
202000008306,20,12,27,15:40,1,2,1,1,2,73008,M,"45,6925100","5,9119700",73
202000008307,20,12,31,19:45,5,2,1,3,6,71270,M,"46,3054300","4,8359500",71
202000008308,20,12,30,10:30,1,2,1,3,3,69290,M,"45,7067879","4,9067477",69
202000008309,20,12,28,17:40,5,2,1,2,6,69290,M,"45,6935800","4,9308500",69
202000008310,20,12,28,13:30,1,2,1,8,6,67482,M,"48,5656531","7,7784757",67
202000008311,20,12,31,18:00,2,2,6,1,3,64445,M,"43,3190400"," -0,3601800",64
202000008312,20,12,31,13:45,1,2,6,1,3,64335,M,"43,3232100"," -0,4204300",64
202000008313,20,12,31,13:15,1,2,1,1,6,64024,M,"43,5039100"," -1,5028000",64
202000008314,20,12,31,18:00,5,2,1,1,6,60159,M,"49,4227900","2,8208400",60
202000008315,20,12,31,14:05,1,2,2,2,3,59220,M,"50,5946700","3,0758000",59
202000008316,20,12,30,17:10,5,2,2,2,3,57672,M,"49,3611100","6,1577100",57
202000008317,20,12,31,13:16,1,2,6,2,3,56107,M,"47,7271000"," -3,3821300",56
202000008318,20,12,31,10:37,1,2,3,1,3,56121,M,"47,7380000"," -3,3819000",56
202000008319,20,12,30,09:45,1,1,1,1,1,47031,M,"44,1719600","0,6655200",47
202000008320,20,12,30,17:53,3,1,1,3,4,44184,M,"47,2901200"," -2,2376700",44
202000008321,20,12,30,21:40,5,2,1,2,6,37261,M,"47,4104677","0,7065327",37
202000008322,20,12,22,18:13,5,2,1,1,6,36202,M,"46,7808100","1,6532100",36
202000008323,20,12,24,16:26,1,2,1,1,6,36044,M,"46,8061500","1,6964100",36
202000008324,20,12,13,19:00,5,2,4,1,1,36044,M,"46,7917649","1,7191419",36
202000008325,20,12,31,14:05,1,2,1,2,3,35238,M,"48,1213600"," -1,6636700",35
202000008326,20,12,16,08:15,1,1,1,2,2,33039,M,"44,8072800"," -0,5318900",33
202000008327,20,12,9,13:25,1,2,2,1,3,33063,M,"44,8783800"," -0,5436700",33
202000008328,20,12,8,18:45,3,2,6,1,3,33281,M,"44,8372600"," -0,6469900",33
202000008329,20,12,20,03:30,3,1,6,8,3,33318,M,"44,8129400"," -0,6352300",33
202000008330,20,12,31,10:15,1,2,1,1,3,32013,M,"43,6451000","0,5876800",32
202000008331,20,12,30,17:15,2,2,1,1,2,31555,M,"43,6156300","1,4415400",31
202000008332,20,12,30,15:25,1,2,1,2,3,31555,M,"43,5978200","1,4304500",31
202000008333,20,12,31,08:10,2,2,1,1,6,22360,M,"48,4890580"," -2,7376127",22
202000008334,20,12,31,14:10,1,2,1,1,7,14566,M,"49,2008900"," -0,3957900",14
202000008335,20,12,31,14:55,1,2,3,2,3,13213,M,"43,3286274","5,4044741",13
202000008336,20,12,31,00:55,5,2,1,1,6,13204,M,"43,3165400","5,3979700",13
202000008337,20,12,30,17:50,5,2,1,1,6,13212,M,"43,2980000","5,4160000",13
202000008338,20,12,30,08:45,1,2,1,1,6,13206,M,"43,2828890","5,3892300",13
202000008339,20,12,31,11:20,1,2,1,8,2,13028,M,"43,1814200","5,6052700",13
202000008340,20,12,30,20:45,5,1,3,1,3,11262,M,"43,1899000","3,0160500",11
202000008341,20,12,31,13:35,1,2,1,1,3,06123,M,"43,6942000","7,1848200",06
202000008342,20,12,30,12:15,1,2,3,2,3,01451,M,"46,2129000","5,2182000",01
202000008343,20,12,31,06:25,4,2,1,2,6,75118,M,"48,9001390","2,3601820",75
202000008344,20,12,31,18:50,5,2,1,1,3,75120,M,"48,8707240","2,3935410",75
202000008345,20,12,31,12:50,1,2,3,1,3,75113,M,"48,8339760","2,3647410",75
202000008346,20,12,31,08:20,2,2,1,2,3,75111,M,"48,8579200","2,3686530",75
202000008347,20,12,31,13:30,1,2,1,8,7,75108,M,"48,8644570","2,3044480",75
202000008348,20,12,31,16:15,1,2,1,2,6,94081,M,"48,7958300","2,3979900",94
202000008349,20,12,31,10:35,1,2,1,2,5,94081,M,"48,7820600","2,4023600",94
202000008350,20,12,30,20:50,5,2,1,2,1,94081,M,"48,8037769","2,4045483",94
202000008351,20,12,31,19:00,5,2,9,1,5,93074,M,"48,9361128","2,5782623",93
202000008352,20,12,31,04:09,5,2,3,2,3,93006,M,"48,8672068","2,4188679",93
202000008353,20,12,30,20:30,4,2,1,2,3,92036,M,"48,9211256","2,2950053",92
202000008354,20,12,31,17:15,2,2,4,2,6,67437,M,"48,7416940","7,3585170",67
202000008355,20,12,31,19:00,3,1,2,1,3,56140,M,"47,9383870"," -2,8274880",56
202000008356,20,12,31,14:34,1,1,1,2,6,22221,M,"48,7911960"," -3,2705780",22
202000008357,20,12,30,17:15,4,2,3,1,6,27679,M,"48,7387600","0,9267730",27
202000008358,20,12,31,20:15,5,2,1,1,3,97309,G,"4,9120490"," -52,2848420",973
202000008359,20,12,31,17:15,2,1,1,1,1,45051,M,"47,8331080","2,3641630",45
202000008360,20,12,31,18:44,3,1,1,1,4,80646,M,"49,7943280","2,8048610",80
202000008361,20,12,31,12:15,1,1,1,2,6,13055,M,"43,3385800","5,3764800",13
202000008362,20,12,22,11:45,1,1,1,8,2,42207,M,"45,4573800","4,4838600",42
202000008363,20,12,31,08:37,1,1,1,3,4,33487,M,"44,9519720"," -0,4605150",33
202000008364,20,12,31,18:00,5,1,1,1,4,94034,M,"48,7558158","2,3386478",94
202000008365,20,12,31,10:20,1,1,1,2,6,94043,M,"48,8144000","2,3557000",94
202000008366,20,12,31,04:30,5,1,1,2,6,94037,M,"48,8152800","2,3560300",94
202000008367,20,12,31,18:45,5,1,1,1,4,78090,M,"48,9701390","1,9093640",78
202000008368,20,12,31,18:05,3,1,1,1,2,92060,M,"48,7764017","2,2356829",92
202000008369,20,12,31,03:10,5,1,1,2,6,92025,M,"48,9344000","2,2569000",92
202000008370,20,12,31,17:40,2,1,1,1,4,95678,M,"49,0626100","2,2127300",95
202000008371,20,12,31,16:15,1,1,1,1,2,95394,M,"49,0546200","2,2006100",95
202000008372,20,12,31,13:10,1,1,1,1,6,93005,M,"48,9641600","2,4736400",93
202000008373,20,12,31,10:40,1,1,1,2,6,93027,M,"48,9287100","2,4146900",93
202000008374,20,12,31,08:40,2,1,1,8,6,92078,M,"48,9298303","2,3273213",92
202000008375,20,12,30,20:15,3,1,1,2,2,95582,M,"48,9671800","2,2547300",95
202000008376,20,12,30,07:00,3,1,1,1,2,95212,M,"49,0295460","2,5383478",95
202000008377,20,12,30,05:30,3,1,1,1,6,95582,M,"48,9747055","2,2446227",95
202000008378,20,12,30,19:30,3,1,1,2,2,94052,M,"48,8265629","2,4667862",94
202000008379,20,12,31,05:00,3,2,1,2,6,98818,C," -22,2240200","166,4746300",988
202000008380,20,12,30,07:05,1,2,2,1,3,98735,P," -17,5348700"," -149,5634700",987
202000008381,20,6,18,09:45,1,2,1,1,-1,97611,Y," -12,7794000","45,2272000",976
202000008382,20,6,27,11:20,1,2,1,1,3,97611,Y," -12,7794000","45,2272000",976
202000008383,20,8,17,15:35,1,2,1,1,3,97611,Y," -12,7794000","45,2272000",976
202000008384,20,11,14,15:25,1,2,1,3,1,97611,Y," -12,7794000","45,2272000",976
202000008385,20,9,2,13:40,1,2,1,1,3,97611,Y," -12,7794000","45,2272000",976
202000008386,20,12,30,10:43,1,2,1,2,6,97413,R," -21,1627620","55,3082660",974
202000008387,20,12,30,08:45,1,2,1,1,6,97411,R," -20,9004800","55,4624500",974
202000008388,20,12,30,12:10,1,2,1,1,2,97302,G,"4,9340900"," -52,3330700",973
202000008389,20,12,29,20:10,5,2,1,1,7,69387,M,"45,7482941","4,8543608",69
202000008390,20,12,30,09:05,1,2,1,3,2,69388,M,"45,7278752","4,8688961",69
202000008391,20,12,30,17:58,3,1,1,1,2,97213,A,"14,6189388"," -61,0042906",972
202000008392,20,12,29,12:40,1,2,2,2,3,91377,M,"48,7204500","2,2797800",91
202000008393,20,12,30,11:35,1,2,1,1,6,91027,M,"48,7018300","2,3718700",91
202000008394,20,12,26,20:40,5,2,2,1,3,89354,M,"48,2168827","3,2616562",89
202000008395,20,12,29,16:55,1,2,6,1,3,86194,M,"46,5942960","0,3227990",86
202000008396,20,12,30,07:10,5,2,6,1,3,78440,M,"48,9966240","1,9132560",78
202000008397,20,12,30,13:00,1,1,1,2,3,69282,M,"45,7900138","5,0301521",69
202000008398,20,12,30,16:05,1,2,2,1,3,69013,M,"46,0094143","4,7119650",69
202000008399,20,12,29,15:15,1,2,1,8,7,69264,M,"45,9980000","4,7393000",69
202000008400,20,12,30,14:20,1,2,3,2,2,64445,M,"43,3102300"," -0,3598200",64
202000008401,20,12,30,10:50,1,2,6,2,3,64445,M,"43,3065400"," -0,3330400",64
202000008402,20,12,29,12:08,1,2,3,1,6,63113,M,"45,7833100","3,1023700",63
202000008403,20,12,29,14:24,1,2,1,1,3,63113,M,"45,7617190","3,1307752",63
202000008404,20,12,30,09:00,1,2,1,1,3,59350,M,"50,6302660","3,0235260",59
202000008405,20,12,30,10:15,1,2,1,1,1,54257,M,"48,6477100","6,1823900",54
202000008406,20,12,30,16:32,3,1,1,2,4,53054,M,"48,0906720"," -0,7731560",53
202000008407,20,12,29,20:25,5,2,2,1,3,50129,M,"49,6390400"," -1,6190400",50
202000008408,20,12,25,01:40,5,2,1,1,1,50173,M,"49,6523100"," -1,6605000",50
202000008409,20,12,17,17:00,1,2,1,1,6,44132,M,"47,2600000"," -2,3410000",44
202000008410,20,12,30,11:50,1,2,3,2,3,38151,M,"45,1580700","5,7087600",38
202000008411,20,12,29,17:59,3,2,1,1,2,37195,M,"47,3880092","0,6490575",37
202000008412,20,12,30,17:20,5,1,1,2,6,35278,M,"48,1333210"," -1,6913730",35
202000008413,20,11,30,11:15,1,1,1,1,7,35278,M,"48,1564300"," -1,7032500",35
202000008414,20,12,30,21:50,5,1,1,2,6,33075,M,"44,8992100"," -0,5793100",33
202000008415,20,12,23,19:50,3,2,2,2,3,33063,M,"44,8412000"," -0,5619200",33
202000008416,20,12,30,10:40,1,2,6,2,2,29232,M,"48,0036000"," -4,0888600",29
202000008417,20,12,30,11:35,1,2,1,1,3,17300,M,"46,1626000"," -1,1494000",17
202000008418,20,11,30,09:30,1,2,1,7,6,13103,M,"43,6543600","5,0983000",13
202000008419,20,12,30,21:20,5,2,1,1,5,13213,M,"43,3328670","5,4300812",13
202000008420,20,12,30,20:10,5,2,1,1,2,13202,M,"43,3088900","5,3707700",13
202000008421,20,12,30,15:00,1,2,1,1,2,13202,M,"43,3223300","5,3621800",13
202000008422,20,12,30,14:15,1,2,1,1,6,13206,M,"43,2839000","5,3857200",13
202000008423,20,12,30,14:10,1,2,9,1,2,13208,M,"43,2543470","5,3793320",13
202000008424,20,12,29,22:20,5,2,1,1,-1,13201,M,"43,3009100","5,3911600",13
202000008425,20,12,29,07:35,1,2,2,1,6,13206,M,"43,2964800","5,3697800",13
202000008426,20,12,27,02:55,5,2,1,6,6,11262,M,"43,1968800","3,0130200",11
202000008427,20,12,29,18:03,5,2,6,2,3,10357,M,"48,2962100","4,1329300",10
202000008428,20,12,30,19:20,5,2,1,1,7,06069,M,"43,6560400","6,9244100",06
202000008429,20,12,30,20:15,5,2,2,1,3,75116,M,"48,8408560","2,2653050",75
202000008430,20,12,30,11:40,1,2,7,1,3,75108,M,"48,8644970","2,3017120",75
202000008431,20,12,30,17:05,2,2,3,1,-1,75101,M,"48,8657400","2,3260290",75
202000008432,20,12,29,20:50,5,2,1,2,3,94081,M,"48,7873500","2,3864200",94
202000008433,20,12,30,10:30,1,2,1,1,1,94068,M,"48,7992600","2,4897700",94
202000008434,20,12,28,13:25,1,2,3,1,3,94068,M,"48,8104140","2,4805940",94
202000008435,20,12,30,15:00,1,2,2,1,3,93073,M,"49,0026300","2,5369300",93
202000008436,20,12,26,21:10,5,2,3,1,6,93066,M,"48,9153666","2,3549168",93
202000008437,20,12,30,15:40,1,2,1,2,6,93077,M,"48,8915060","2,5067516",93
202000008438,20,12,26,01:12,5,1,1,3,6,93053,M,"48,8995021","2,4479835",93
202000008439,20,12,30,10:05,1,2,2,1,3,93051,M,"48,8384400","2,5457400",93
202000008440,20,12,30,09:31,1,2,9,1,6,93050,M,"48,8600500","2,5216300",93
202000008441,20,12,30,14:25,1,2,3,1,3,93010,M,"48,8897753","2,4940465",93
202000008442,20,12,30,20:30,5,2,1,2,7,92072,M,"48,8227582","2,2016698",92
202000008443,20,12,30,10:40,1,2,1,1,3,92064,M,"48,8504935","2,2133837",92
202000008444,20,12,24,21:40,5,2,2,2,3,92063,M,"48,8812700","2,1842600",92
202000008445,20,12,18,20:50,5,2,2,1,3,92063,M,"48,8682700","2,2055100",92
202000008446,20,12,30,10:05,1,2,1,8,3,92048,M,"48,8139981","2,2466129",92
202000008447,20,12,30,09:40,2,2,1,1,-1,92026,M,"48,8972290","2,2444450",92
202000008448,20,12,30,19:40,5,2,1,1,6,92025,M,"48,9300590","2,2550040",92
202000008449,20,12,30,08:00,5,2,6,2,3,92060,M,"48,7793306","2,2515348",92
202000008450,20,12,28,18:52,5,2,2,2,6,92023,M,"48,7853610","2,2514679",92
202000008451,20,12,30,12:00,1,1,1,1,1,97610,Y," -12,7288470","45,1747940",976
202000008452,20,12,31,15:20,1,1,1,1,7,45321,M,"47,9293700","2,5748780",45
202000008453,20,12,30,12:00,1,1,1,2,7,22223,M,"48,5721920"," -3,2115810",22
202000008454,20,12,30,19:10,3,1,1,8,6,82190,M,"43,8321550","1,2410800",82
202000008455,20,12,30,16:20,1,1,1,1,6,89086,M,"47,8846070","3,0696490",89
202000008456,20,12,30,18:40,3,1,1,1,7,63162,M,"45,5339800","3,5831310",63
202000008457,20,12,30,15:48,1,1,1,2,7,55025,M,"49,4987766","5,2601230",55
202000008458,20,12,31,17:25,3,1,1,3,1,42026,M,"46,1457670","4,0777300",42
202000008459,20,12,22,14:00,1,1,1,2,6,41181,M,"47,3130770","1,3016170",41
202000008460,20,12,31,09:00,1,1,1,3,4,45245,M,"47,6570020","2,7942820",45
202000008461,20,12,30,16:40,3,2,1,1,7,10220,M,"48,5011660","3,7857960",10
202000008462,20,12,30,16:40,2,2,1,2,7,53161,M,"48,1351630"," -0,5579210",53
202000008463,20,12,30,15:10,1,1,2,2,3,40053,M,"44,1759870"," -0,1932480",40
202000008464,20,12,31,16:05,2,1,1,1,6,01373,M,"46,1439070","5,5426100",01
202000008465,20,12,31,14:15,1,1,1,2,1,98827,C," -21,2961020","165,0212250",988
202000008466,20,12,30,13:30,1,2,1,1,6,98612,W," -14,3000720"," -178,1580900",986
202000008467,20,12,30,18:45,4,2,1,1,1,97304,G,"5,1656600"," -52,6415650",973
202000008468,20,12,30,17:15,2,2,1,8,6,77222,M,"48,6321750","2,7961930",77
202000008469,20,12,30,19:40,3,2,9,3,6,91587,M,"48,6961690","2,2699370",91
202000008470,20,12,30,16:50,1,2,1,1,3,83047,M,"43,1361890","6,0763620",83
202000008471,20,12,30,11:50,1,1,2,8,3,71360,M,"46,3283910","4,7423120",71
202000008472,20,12,31,16:15,1,1,1,1,5,38487,M,"45,5690740","4,8193610",38
202000008473,20,12,31,11:00,1,1,2,8,3,01424,M,"45,8748320","4,9759910",01
202000008474,20,11,24,07:35,5,2,1,5,3,77333,M,"48,2643300","2,7086000",77
202000008475,20,11,23,18:15,5,2,1,1,6,76497,M,"49,3935700","1,0236800",76
202000008476,20,11,24,18:10,3,1,9,5,3,71540,M,"46,7676935","4,4530850",71
202000008477,20,11,21,15:40,1,2,1,8,6,67447,M,"48,5994700","7,7447100",67
202000008478,20,11,23,15:40,1,2,3,1,3,66136,M,"42,6872500","2,9081400",66
202000008479,20,11,22,17:20,2,2,1,1,5,66136,M,"42,7002000","2,8658200",66
202000008480,20,11,24,07:30,2,2,1,1,6,64445,M,"43,2961900"," -0,3829800",64
202000008481,20,11,22,16:50,1,1,1,1,1,63164,M,"45,8416126","3,1576851",63
202000008482,20,11,21,14:27,1,2,2,1,3,63113,M,"45,7840100","3,0761400",63
202000008483,20,11,17,16:25,1,2,1,1,6,62119,M,"50,5246600","2,6391900",62
202000008484,20,11,13,20:30,3,1,1,1,6,61169,M,"48,7650000"," -0,5305500",61
202000008485,20,11,23,07:00,4,2,1,1,6,59642,M,"50,4107500","3,3152600",59
202000008486,20,11,24,20:10,5,2,6,1,3,59122,M,"50,1702942","3,2314282",59
202000008487,20,11,19,06:50,5,2,3,1,6,54304,M,"48,6846324","6,1539534",54
202000008488,20,11,24,19:00,5,2,1,1,3,51454,M,"49,2430400","4,0433081",51
202000008489,20,11,23,12:00,1,2,6,2,3,51454,M,"49,2323469","4,0332478",51
202000008490,20,11,23,20:25,5,2,1,1,6,49007,M,"47,4752300"," -0,5623600",49
202000008491,20,11,5,16:17,1,2,6,1,3,49353,M,"47,4408400"," -0,4983700",49
202000008492,20,11,23,07:50,1,2,6,9,5,46042,M,"44,4262780","1,4416840",46
202000008493,20,11,24,18:20,5,2,6,1,2,45068,M,"48,0024590","2,7168240",45
202000008494,20,11,22,06:30,5,2,1,1,7,45004,M,"47,9721700","2,7693000",45
202000008495,20,11,22,18:35,5,2,3,1,3,44055,M,"47,2866000"," -2,3928600",44
202000008496,20,11,24,18:50,5,2,6,1,1,34172,M,"43,6062092","3,8980265",34
202000008497,20,11,23,16:40,1,2,1,1,6,31557,M,"43,5870000","1,3540900",31
202000008498,20,11,19,16:25,1,2,3,1,3,30028,M,"44,1597000","4,6161000",30
202000008499,20,11,23,08:20,1,2,1,7,1,17306,M,"45,6428300"," -1,0388600",17
202000008500,20,11,24,19:45,5,2,1,1,7,17300,M,"46,1585300"," -1,1564000",17
202000008501,20,11,20,18:25,5,2,1,1,-1,17300,M,"46,1570000"," -1,1426000",17
202000008502,20,11,24,16:35,1,1,1,1,6,14383,M,"49,1555100"," -0,4147800",14
202000008503,20,11,23,18:00,1,2,9,1,3,13214,M,"43,3472990","5,3784440",13
202000008504,20,11,24,15:20,1,2,9,1,3,13210,M,"43,2815800","5,4274800",13
202000008505,20,11,24,07:50,1,1,1,1,3,13063,M,"43,5909380","4,9893880",13
202000008506,20,11,24,06:30,3,1,1,1,1,13063,M,"43,5861600","4,9865330",13
202000008507,20,11,23,14:18,1,2,1,1,3,13005,M,"43,2878800","5,5781100",13
202000008508,20,11,24,18:10,3,2,1,1,1,11069,M,"43,2088998","2,3114585",11
202000008509,20,11,24,14:12,1,2,1,1,3,10387,M,"48,3073100","4,0700300",10
202000008510,20,11,24,11:55,1,2,1,1,7,06069,M,"43,6578670","6,9287230",06
202000008511,20,11,23,18:20,2,2,4,1,4,75112,M,"48,8305090","2,4023430",75
202000008512,20,11,24,07:25,1,2,1,1,3,75120,M,"48,8584330","2,4146370",75
202000008513,20,11,24,06:25,3,2,2,1,3,75120,M,"48,8739460","2,3853490",75
202000008514,20,11,24,18:15,5,2,1,1,6,75119,M,"48,8987960","2,3758360",75
202000008515,20,11,24,09:43,1,2,3,8,3,75119,M,"48,8875640","2,3803340",75
202000008516,20,11,23,16:30,1,2,1,1,2,75116,M,"48,8558530","2,2707020",75
202000008517,20,11,23,08:20,1,2,5,2,3,75116,M,"48,8583020","2,2726410",75
202000008518,20,11,24,13:45,1,2,2,1,3,75114,M,"48,8274780","2,3348360",75
202000008519,20,11,24,15:20,1,2,1,1,3,75113,M,"48,8277850","2,3567710",75
202000008520,20,11,24,14:35,1,2,1,1,6,75111,M,"48,8699930","2,3734110",75
202000008521,20,11,24,19:05,5,2,3,1,6,75110,M,"48,8703510","2,3495640",75
202000008522,20,11,23,14:18,1,2,2,1,6,75101,M,"48,8585260","2,3482290",75
202000008523,20,11,24,16:15,1,2,9,1,2,94078,M,"48,7369200","2,4523100",94
202000008524,20,11,23,09:40,1,2,1,2,7,94028,M,"48,7995400","2,4492400",94
202000008525,20,11,24,18:33,5,2,1,1,3,94071,M,"48,7833200","2,5151300",94
202000008526,20,11,24,16:00,1,2,1,1,2,94019,M,"48,8048400","2,5351000",94
202000008527,20,11,24,16:00,1,2,1,1,3,93077,M,"48,8852000","2,5031800",93
202000008528,20,11,24,07:40,2,2,1,2,3,93051,M,"48,8492695","2,5371452",93
202000008529,20,11,24,12:40,1,2,1,1,6,93048,M,"48,8736120","2,4540139",93
202000008530,20,11,24,15:20,1,2,9,1,6,93029,M,"48,9174549","2,4562647",93
202000008531,20,11,24,17:00,1,2,1,1,7,92048,M,"48,7863958","2,2209227",92
202000008532,20,11,24,07:55,1,2,3,1,3,92036,M,"48,9241600","2,3198030",92
202000008533,20,11,24,20:16,5,2,1,1,1,92026,M,"48,8904912","2,2557358",92
202000008534,20,11,24,08:35,1,2,3,1,3,97415,R," -20,9846730","55,3339450",974
202000008535,20,11,24,19:09,3,1,1,1,6,14710,M,"48,8965990"," -0,3390960",14
202000008536,20,11,25,12:00,1,1,1,2,6,22116,M,"48,4918520"," -3,0385780",22
202000008537,20,11,24,17:45,3,1,1,1,2,10245,M,"48,2523800","4,1700630",10
202000008538,20,11,25,09:30,1,1,1,1,6,97212,A,"14,7082190"," -60,9936900",972
202000008539,20,11,25,17:48,5,2,1,1,6,60176,M,"49,2287327","2,8865636",60
202000008540,20,11,24,20:30,5,2,1,5,6,57742,M,"48,6403780","7,1346870",57
202000008541,20,11,25,11:00,1,1,1,1,1,59472,M,"50,1628930","3,6496930",59
202000008542,20,11,24,20:00,3,1,6,1,6,41185,M,"47,3376080","1,6645470",41
202000008543,20,11,25,14:00,1,1,3,1,3,63210,M,"45,9292850","3,3385940",63
202000008544,20,11,25,12:30,1,1,3,1,3,61207,M,"48,3182220","0,5066370",61
202000008545,20,11,24,09:35,1,1,1,1,7,46031,M,"44,5918420","1,7663740",46
202000008546,20,11,25,06:45,3,1,1,1,4,86075,M,"46,8146950","0,1721660",86
202000008547,20,11,25,06:55,2,2,1,9,7,68126,M,"47,5616590","7,5245700",68
202000008548,20,11,24,12:40,1,1,1,1,6,68096,M,"47,6107200","7,3498960",68
202000008549,20,11,20,23:10,5,1,1,1,6,39470,M,"46,4772060","6,0858890",39
202000008550,20,11,25,12:40,1,1,1,1,6,25011,M,"47,5263300","6,8951230",25