Num_Acc,an,mois,jour,hrmn,lum,agg,int,atm,col,com,gps,lat,long,dep
202000008551,20,11,24,22:45,3,1,1,9,6,25287,M,"47,2016100","5,9068250",25
202000008552,20,11,25,09:30,1,1,2,1,3,44084,M,"47,2539490"," -1,2768360",44
202000008553,20,11,23,12:55,1,2,4,1,3,44021,M,"47,0244650"," -1,8736510",44
202000008554,20,11,24,13:50,1,2,1,1,3,31499,M,"43,5150690","1,1778160",31
202000008555,20,11,25,08:00,1,1,1,1,3,31324,M,"43,1907380","0,9912590",31
202000008556,20,11,24,13:25,1,1,1,1,2,38324,M,"45,3821000","5,0147870",38
202000008557,20,11,25,10:04,1,1,3,1,6,01133,M,"45,7770940","5,7657950",01
202000008558,20,11,24,07:15,3,1,1,5,1,54399,M,"48,5024780","6,2826030",54
202000008559,20,11,25,07:45,2,2,1,8,7,14355,M,"49,2762290"," -0,5060520",14
202000008560,20,11,24,15:30,1,1,1,1,7,09173,M,"43,0320000","1,5384190",09
202000008561,20,11,25,11:45,1,1,1,1,7,60347,M,"49,7020253","1,7409577",60
202000008562,20,11,25,08:10,1,2,1,1,6,18197,M,"46,7181460","2,5059520",18
202000008563,20,11,25,09:30,1,2,1,7,6,10328,M,"48,3443000","4,2649870",10
202000008564,20,11,20,22:00,3,1,1,1,6,40210,M,"44,0691870"," -1,0766820",40
202000008565,20,11,24,22:15,3,1,1,1,7,27693,M,"48,8753500","1,1012250",27
202000008566,20,11,25,08:50,1,1,9,1,1,87017,M,"46,1239760","1,1220480",87
202000008567,20,11,22,04:30,4,2,1,1,6,37020,M,"47,1244084","1,0167498",37
202000008568,20,11,24,17:45,3,1,1,1,1,37213,M,"47,6458546","0,4968669",37
202000008569,20,11,21,12:15,1,1,1,1,1,30325,M,"43,9633220","3,7087870",30
202000008570,20,11,24,22:50,3,1,1,1,6,52414,M,"48,5211950","5,0793530",52
202000008571,20,11,24,21:30,3,1,2,1,6,97307,G,"4,7782679"," -52,3428154",973
202000008572,20,11,24,20:20,3,1,1,1,6,31467,M,"43,6913670","1,4106700",31
202000008573,20,11,25,11:25,1,1,1,1,2,06152,M,"43,6143490","7,0433750",06
202000008574,20,11,25,19:30,5,2,1,1,7,06085,M,"43,6116500","6,9773690",06
202000008575,20,11,24,11:32,1,1,1,1,-1,64545,M,"43,3512250"," -1,7176650",64
202000008576,20,11,24,08:40,1,1,1,1,6,06070,M,"43,8089510","6,8776130",06
202000008577,20,11,19,09:20,1,1,6,1,3,89295,M,"47,8340370","3,5492380",89
202000008578,20,11,25,16:45,1,2,9,1,2,42299,M,"45,6124400","4,0797490",42
202000008579,20,11,25,10:15,1,1,6,1,3,38138,M,"45,7331150","5,2348570",38
202000008580,20,11,24,21:20,5,2,2,1,6,17121,M,"46,1979830"," -1,4272570",17
202000008581,20,11,17,15:30,1,2,3,1,3,33165,M,"44,8246400"," -0,4488200",33
202000008582,20,11,25,07:00,5,2,1,1,3,85250,M,"46,5671150"," -1,7121510",85
202000008583,20,11,25,07:57,2,1,3,1,3,85019,M,"46,7780510"," -1,4417840",85
202000008584,20,11,22,20:30,3,1,1,1,1,49301,M,"47,1278080"," -1,0430360",49
202000008585,20,11,24,20:30,3,2,1,2,7,29247,M,"47,9385350"," -4,0246980",29
202000008586,20,11,23,11:00,1,1,1,1,5,13071,M,"43,4058000","5,3215000",13
202000008587,20,11,23,06:10,3,1,1,1,7,13071,M,"43,4048994","5,3395861",13
202000008588,20,11,24,09:15,1,1,1,1,2,92002,M,"48,7616684","2,3155706",92
202000008589,20,11,23,20:35,3,1,1,1,2,91136,M,"48,7128600","2,2812200",91
202000008590,20,11,24,05:15,5,1,1,5,2,78362,M,"48,9763030","1,7209190",78
202000008591,20,11,24,14:30,1,1,1,1,2,94018,M,"48,8173900","2,4236300",94
202000008592,20,6,21,13:15,1,2,1,1,2,75112,M,"48,8409650","2,3782200",75
202000008593,20,11,23,18:55,5,2,3,1,5,98818,C," -22,2506400","166,4636800",988
202000008594,20,11,23,15:35,1,1,9,1,2,97302,G,"4,8952234"," -52,3298121",973
202000008595,20,11,23,06:55,1,2,1,1,3,97302,G,"4,9281300"," -52,2928800",973
202000008596,20,11,23,08:00,2,2,2,1,3,69142,M,"45,7257300","4,8116000",69
202000008597,20,11,21,18:50,2,2,1,2,2,97101,A,"16,2879803"," -61,5114028",971
202000008598,20,11,23,07:51,5,2,1,2,2,91477,M,"48,7102300","2,2536700",91
202000008599,20,11,23,07:30,2,2,3,2,3,91687,M,"48,6858060","2,3789840",91
202000008600,20,11,20,20:27,5,2,2,1,3,87085,M,"45,8273200","1,2601100",87
202000008601,20,11,21,14:41,1,2,1,1,3,87085,M,"45,8291100","1,2785900",87
202000008602,20,11,23,07:50,1,2,1,1,6,86194,M,"46,5795750","0,3791890",86
202000008603,20,11,23,07:30,5,2,1,2,2,78481,M,"48,8978400","2,1114000",78
202000008604,20,11,13,11:55,1,2,3,1,6,74281,M,"46,3693800","6,4751200",74
202000008605,20,11,23,12:30,1,2,3,1,3,73029,M,"45,5705800","5,9487900",73
202000008606,20,11,23,13:15,1,2,1,1,7,71153,M,"46,7965660","4,4417999",71
202000008607,20,11,23,16:10,1,2,6,1,2,64102,M,"43,4968700"," -1,4828900",64
202000008608,20,11,22,07:15,5,2,1,1,7,64102,M,"43,4911700"," -1,4725400",64
202000008609,20,11,20,16:10,1,2,2,1,3,63113,M,"45,7921458","3,1176721",63
202000008610,20,11,19,11:35,1,2,1,1,6,63063,M,"45,8274800","3,1004500",63
202000008611,20,11,20,08:20,1,2,1,1,3,62250,M,"50,4605800","2,9488400",62
202000008612,20,11,23,17:00,5,2,6,2,6,59009,M,"50,6504241","3,1271206",59
202000008613,20,11,23,13:45,1,2,2,1,3,59378,M,"50,6648800","3,1023800",59
202000008614,20,11,12,13:15,1,2,3,1,6,59378,M,"50,6569800","3,1011200",59
202000008615,20,11,23,14:10,1,1,1,2,1,59206,M,"50,1866000","3,2817400",59
202000008616,20,11,23,08:10,2,2,6,1,3,56098,M,"47,7607700"," -3,3539700",56
202000008617,20,11,20,17:25,1,2,2,1,6,56121,M,"47,7497200"," -3,3635300",56
202000008618,20,11,23,17:05,2,2,3,1,6,54395,M,"48,7008600","6,1644100",54
202000008619,20,11,20,17:46,2,2,1,1,6,49007,M,"47,4923793"," -0,5774281",49
202000008620,20,11,20,12:24,1,2,1,1,3,49007,M,"47,4881100"," -0,5430100",49
202000008621,20,11,21,14:44,1,2,1,1,3,49007,M,"47,4669000"," -0,5265000",49
202000008622,20,11,19,13:50,1,2,3,1,1,44184,M,"47,2784500"," -2,2107800",44
202000008623,20,11,23,08:00,1,2,2,1,3,44109,M,"47,2120000"," -1,5591300",44
202000008624,20,11,23,16:00,1,2,3,1,-1,37261,M,"47,3780193","0,6937335",37
202000008625,20,11,23,21:10,5,2,1,1,7,35238,M,"48,1047000"," -1,6777000",35
202000008626,20,11,21,21:20,4,2,1,1,2,31555,M,"43,6125900","1,4164700",31
202000008627,20,11,20,13:46,1,2,1,1,6,31555,M,"43,5947490","1,4568430",31
202000008628,20,11,23,19:14,5,2,1,1,1,27229,M,"49,0220400","1,1432300",27
202000008629,20,11,23,09:20,1,2,2,1,3,27299,M,"49,0549000","1,1672100",27
202000008630,20,11,22,11:30,1,2,6,2,7,16089,M,"45,6814900"," -0,3285300",16
202000008631,20,11,21,15:45,1,2,1,1,3,14366,M,"49,1557900","0,2229800",14
202000008632,20,11,23,21:50,5,2,2,1,3,13208,M,"43,2840260","5,3848330",13
202000008633,20,11,23,19:50,5,2,9,1,3,13213,M,"43,3254100","5,4295200",13
202000008634,20,11,23,14:00,1,2,6,1,6,13208,M,"43,2505170","5,3890210",13
202000008635,20,11,18,12:10,1,2,1,1,6,13001,M,"43,5304010","5,4550750",13
202000008636,20,11,22,09:05,1,2,1,1,6,13001,M,"43,5137000","5,4585800",13
202000008637,20,11,18,14:45,1,2,1,7,6,07019,M,"44,6234200","4,3906700",07
202000008638,20,11,21,15:30,1,1,1,1,3,06069,M,"43,6341740","6,9572560",06
202000008639,20,11,20,17:35,5,2,1,1,6,02722,M,"49,3768500","3,3288300",02
202000008640,20,11,23,08:35,1,2,1,2,2,75118,M,"48,9007310","2,3358230",75
202000008641,20,11,23,19:15,5,2,7,1,6,75118,M,"48,8906950","2,3453970",75
202000008642,20,11,23,18:00,5,2,7,1,6,75117,M,"48,8795820","2,2808480",75
202000008643,20,11,22,12:35,1,2,1,1,3,75115,M,"48,8528610","2,2976370",75
202000008644,20,11,23,16:41,1,2,7,1,6,75113,M,"48,8303210","2,3676670",75
202000008645,20,11,23,16:15,1,2,1,1,3,75112,M,"48,8380070","2,3998980",75
202000008646,20,11,23,09:00,1,2,2,2,6,75109,M,"48,8762480","2,3318640",75
202000008647,20,11,22,12:40,1,2,1,1,3,75108,M,"48,8770390","2,3070780",75
202000008648,20,11,23,18:10,5,2,3,1,3,75104,M,"48,8549330","2,3535280",75
202000008649,20,11,20,19:05,5,2,1,1,6,94078,M,"48,7445500","2,4377300",94
202000008650,20,11,23,09:20,1,2,2,2,3,94068,M,"48,7934300","2,4786100",94
202000008651,20,11,23,11:50,1,2,1,2,6,94076,M,"48,7870920","2,3676200",94
202000008652,20,11,23,08:00,1,2,1,3,3,94043,M,"48,8136800","2,3612100",94
202000008653,20,11,23,13:40,1,2,1,1,7,94017,M,"48,8307300","2,4931100",94
202000008654,20,11,23,11:20,1,2,9,2,6,94017,M,"48,8067300","2,5500800",94
202000008655,20,11,22,23:20,5,2,1,1,3,94017,M,"48,8189800","2,4894100",94
202000008656,20,10,26,10:45,1,2,1,1,6,93070,M,"48,9028549","2,3464173",93
202000008657,20,11,23,19:00,5,2,6,1,3,93051,M,"48,8371500","2,5774700",93
202000008658,20,11,22,21:25,5,2,2,1,3,93032,M,"48,8851000","2,5322000",93
202000008659,20,11,23,17:35,5,2,6,1,3,93030,M,"48,9405600","2,4312500",93
202000008660,20,11,23,17:00,2,2,1,1,6,93013,M,"48,9363775","2,4333076",93
202000008661,20,11,23,12:40,1,2,3,1,3,93005,M,"48,9314000","2,5046000",93
202000008662,20,11,23,09:04,1,2,1,8,6,93005,M,"48,9456000","2,5097000",93
202000008663,20,11,20,12:50,1,2,6,1,2,92050,M,"48,8916361","2,2145691",92
202000008664,20,11,23,08:10,5,2,6,2,3,92050,M,"48,8873197","2,2005540",92
202000008665,20,11,23,09:00,1,2,1,8,7,92004,M,"48,9121811","2,3004180",92
202000008666,20,11,24,17:36,3,1,1,5,1,54109,M,"48,5274304","6,1873171",54
202000008667,20,11,23,16:15,1,1,1,1,1,24309,M,"45,0650270","0,4700250",24
202000008668,20,5,17,10:15,1,1,3,1,-1,54045,M,"48,5685920","6,3573930",54
202000008669,20,5,17,07:00,1,1,1,1,7,72132,M,"48,1652980","0,6060080",72
202000008670,20,5,17,14:30,1,1,2,1,5,14654,M,"49,0044710","0,1052460",14
202000008671,20,5,17,14:30,1,1,1,1,6,50407,M,"48,6320930"," -1,3401170",50
202000008672,20,5,17,16:30,1,1,1,1,1,90065,M,"47,8096200","6,8398640",90
202000008673,20,5,16,09:35,1,1,1,1,2,83149,M,"43,5581903","6,2757192",83
202000008674,20,5,17,17:20,1,1,1,1,7,09247,M,"42,9357840","1,3274470",09
202000008675,20,5,17,17:15,1,1,1,1,-1,07330,M,"44,3788400","4,4359870",07
202000008676,20,5,16,18:20,1,1,1,1,6,21674,M,"47,9404940","4,8061370",21
202000008677,20,5,17,00:50,3,1,1,1,6,85197,M,"46,9125500"," -1,4739600",85
202000008678,20,5,15,22:50,5,2,1,1,1,27056,M,"49,0846320","0,5854730",27
202000008679,20,5,15,17:35,1,2,1,1,6,28352,M,"48,6164860","1,6289460",28
202000008680,20,5,16,18:55,1,2,9,1,6,87103,M,"46,0073170","1,1626250",87
202000008681,20,5,16,15:20,1,2,3,1,7,48140,M,"44,8083290","3,2740170",48
202000008682,20,5,16,17:50,1,1,1,1,6,88283,M,"48,2201270","5,7515470",88
202000008683,20,5,17,17:00,1,2,2,7,1,42279,M,"45,4983310","4,2274640",42
202000008684,20,5,17,14:40,1,1,4,1,2,73296,M,"45,5140746","6,9172987",73
202000008685,20,5,16,18:00,1,2,6,1,1,95604,M,"49,0985730","2,5312570",95
202000008686,20,5,17,12:30,1,2,1,1,3,97615,Y," -12,7924730","45,2704420",976
202000008687,20,5,16,00:10,3,2,1,1,1,97701,,"17,9004030"," -62,8259500",977
202000008688,20,5,17,06:00,1,1,1,1,7,45335,M,"47,7526732","2,1270849",45
202000008689,20,5,17,17:00,1,1,1,1,5,95157,M,"49,0870681","1,6734500",95
202000008690,20,5,17,09:35,1,1,1,1,6,91599,M,"48,4814280","2,4719240",91
202000008691,20,5,17,11:30,1,1,1,1,6,05014,M,"44,2646071","5,7685646",05
202000008692,20,5,17,02:15,5,2,2,2,2,13076,M,"43,8074840","4,9954100",13
202000008693,20,5,17,12:00,1,1,2,1,3,13027,M,"43,8808510","4,8320960",13
202000008694,20,5,16,12:20,1,2,3,1,3,13041,M,"43,4330960","5,4665780",13
202000008695,20,5,17,10:10,1,1,1,1,7,67348,M,"48,4367000","7,4708860",67
202000008696,20,5,17,04:30,2,1,1,5,7,73187,M,"45,4697350","6,4036298",73
202000008697,20,5,16,12:15,1,1,2,1,1,73253,M,"45,5058790","6,5677747",73
202000008698,20,5,17,13:35,1,1,1,1,1,07152,M,"45,0425310","4,8221340",07
202000008699,20,5,15,21:10,1,1,1,1,7,22389,M,"48,4525460"," -2,6717380",22
202000008700,20,5,17,18:30,1,1,3,1,3,35019,M,"48,4316710"," -1,5783140",35
202000008701,20,5,16,14:40,1,1,1,1,1,62125,M,"50,8047580","1,6827000",62
202000008702,20,5,15,02:10,3,1,1,8,2,13088,M,"43,3803020","5,2172290",13
202000008703,20,5,15,11:03,1,1,1,1,2,69275,M,"45,7583300","4,9854400",69
202000008704,20,5,11,14:20,1,1,1,1,5,57672,M,"49,3485700","6,1584400",57
202000008705,20,5,15,22:59,3,1,1,1,3,91161,M,"48,7090900","2,3070600",91
202000008706,20,5,16,08:00,1,1,1,1,6,95277,M,"48,9777400","2,4588700",95
202000008707,20,5,16,09:10,1,1,1,1,2,93073,M,"48,9677100","2,5630800",93
202000008708,20,5,16,00:30,3,1,1,1,5,93066,M,"48,9216000","2,3573600",93
202000008709,20,5,15,10:10,1,1,1,1,5,93010,M,"48,9019100","2,4705500",93
202000008710,20,5,15,14:10,1,2,3,1,3,98818,C," -22,2310000","166,4496300",988
202000008711,20,5,14,16:45,1,2,2,1,3,97411,R," -20,8839100","55,4504200",974
202000008712,20,5,15,06:35,1,2,3,2,3,97302,G,"4,9322596"," -52,3300502",973
202000008713,20,5,15,18:50,5,1,1,1,3,97209,A,"14,6141000"," -61,0781100",972
202000008714,20,5,15,20:30,1,2,3,1,3,69142,M,"45,7259300","4,8142100",69
202000008715,20,5,15,16:13,1,2,9,1,7,69081,M,"45,7779962","4,7872836",69
202000008716,20,5,12,16:55,1,2,2,1,6,69382,M,"45,7601732","4,8340005",69
202000008717,20,5,14,13:25,1,2,1,1,3,69385,M,"45,7534000","4,8226000",69
202000008718,20,5,15,02:30,3,1,1,1,3,97101,A,"16,2354000"," -61,5232000",971
202000008719,20,5,15,19:00,1,2,2,1,3,91589,M,"48,6941000","2,3453900",91
202000008720,20,5,15,21:00,2,2,1,1,7,91687,M,"48,6688000","2,3766300",91
202000008721,20,5,15,09:15,1,2,1,1,4,87085,M,"45,8441100","1,2404600",87
202000008722,20,5,13,18:25,1,2,1,1,6,80021,M,"49,9111900","2,3098900",80
202000008723,20,5,15,21:10,1,2,1,1,6,78440,M,"48,9865470","1,9215690",78
202000008724,20,5,14,17:20,1,2,1,1,2,78403,M,"48,9943490","1,8690230",78
202000008725,20,5,15,12:35,1,2,1,1,6,77400,M,"48,7808890","3,0310680",77
202000008726,20,5,14,18:20,1,2,3,1,3,76322,M,"49,4114500","1,0529900",76
202000008727,20,5,14,15:00,1,2,1,1,6,76351,M,"49,5293000","0,0848300",76
202000008728,20,5,13,03:15,3,1,1,1,-1,71040,M,"46,7004054","4,4075349",71
202000008729,20,5,15,13:25,1,2,1,1,3,69266,M,"45,7678100","4,8887000",69
202000008730,20,5,15,10:50,1,2,3,8,6,69275,M,"45,7692000","4,9460500",69
202000008731,20,5,14,19:31,2,2,1,1,6,69029,M,"45,7355836","4,9175771",69
202000008732,20,5,15,16:40,1,2,9,1,7,64024,M,"43,4821600"," -1,5075000",64
202000008733,20,5,15,12:15,1,2,6,1,7,64024,M,"43,4743236"," -1,5002705",64
202000008734,20,5,5,15:30,1,2,9,1,7,62498,M,"50,4418400","2,8039900",62
202000008735,20,5,15,18:00,1,2,1,1,1,62193,M,"50,9393250","1,8513040",62
202000008736,20,5,14,15:50,1,1,2,1,3,59271,M,"51,0217600","2,2736500",59
202000008737,20,5,13,21:12,1,2,2,1,6,56260,M,"47,6613090"," -2,7553770",56
202000008738,20,5,14,17:40,1,2,1,1,3,56098,M,"47,7782200"," -3,3512500",56
202000008739,20,5,15,12:20,1,2,1,1,2,54578,M,"48,6781700","6,1620500",54
202000008740,20,5,15,12:00,1,2,1,1,6,54395,M,"48,6851120","6,1723120",54
202000008741,20,5,15,10:30,1,1,1,1,3,54257,M,"48,6475000","6,1824000",54
202000008742,20,5,14,19:13,1,2,1,1,7,49007,M,"47,4687400"," -0,5590700",49
202000008743,20,5,14,10:02,1,2,1,1,3,49007,M,"47,4427800"," -0,5349700",49
202000008744,20,5,15,15:30,1,1,6,1,2,45298,M,"47,8929700","1,8757600",45
202000008745,20,5,15,10:25,1,2,3,1,2,45068,M,"48,0142587","2,7172025",45
202000008746,20,5,14,15:40,1,2,1,1,6,45208,M,"48,0002000","2,7313000",45
202000008747,20,5,15,19:15,1,2,1,1,6,44109,M,"47,2352600"," -1,5495500",44
202000008748,20,5,15,16:20,1,2,2,1,3,44109,M,"47,1977900"," -1,5425300",44
202000008749,20,5,14,12:20,1,2,1,1,7,37122,M,"47,3593445","0,6732967",37
202000008750,20,5,15,13:10,1,2,2,1,3,35281,M,"48,0835000"," -1,7307000",35
202000008751,20,5,14,12:30,1,2,1,1,2,35238,M,"48,1061863"," -1,6507516",35
202000008752,20,5,15,08:50,1,2,2,1,3,33063,M,"44,8420460"," -0,6028410",33
202000008753,20,5,14,14:15,1,2,1,1,6,33529,M,"44,6017000"," -1,1176700",33
202000008754,20,5,14,16:27,1,2,3,2,3,31069,M,"43,6436500","1,3808400",31
202000008755,20,5,10,22:00,5,1,1,2,5,31044,M,"43,5956600","1,4934300",31
202000008756,20,5,12,16:20,1,2,6,1,7,28134,M,"48,7312000","1,3641000",28
202000008757,20,2,26,14:05,1,2,1,2,4,27554,M,"49,1142799","1,4483299",27
202000008758,20,5,15,16:39,1,2,1,1,4,11069,M,"43,2284500","2,3373200",11
202000008759,20,2,26,16:25,1,2,1,1,6,07281,M,"44,9412930","4,8432220",07
202000008760,20,5,15,12:59,1,2,1,1,1,06069,M,"43,6337610","6,9393710",06
202000008761,20,5,15,17:50,1,2,1,1,6,75120,M,"48,8584200","2,4095900",75
202000008762,20,5,15,19:30,1,2,2,1,3,75119,M,"48,8860290","2,3981270",75
202000008763,20,5,15,14:00,1,2,1,1,6,75119,M,"48,8818380","2,3718520",75
202000008764,20,5,15,15:30,1,2,4,1,3,75118,M,"48,8871800","2,3495690",75
202000008765,20,5,15,08:15,1,2,4,1,3,75116,M,"48,8385930","2,2522660",75
202000008766,20,5,15,19:10,1,2,2,1,6,75113,M,"48,8244110","2,3764110",75
202000008767,20,5,15,12:08,1,2,5,1,3,75113,M,"48,8261620","2,3599880",75
202000008768,20,5,10,21:35,4,2,1,2,6,75112,M,"48,8297230","2,3913250",75
202000008769,20,5,14,16:45,1,2,9,1,2,94068,M,"48,7874700","2,5094800",94
202000008770,20,5,14,12:20,1,2,2,1,6,94068,M,"48,8033103","2,4846643",94
202000008771,20,5,15,12:20,1,2,1,1,3,94046,M,"48,8040000","2,4329000",94
202000008772,20,5,15,09:20,1,2,1,1,3,94046,M,"48,8049100","2,4322800",94
202000008773,20,5,15,07:32,1,2,3,1,3,94046,M,"48,8057445","2,4315319",94
202000008774,20,5,15,11:45,1,2,9,1,3,94037,M,"48,8156430","2,3513920",94
202000008775,20,5,15,01:05,5,2,6,1,3,94043,M,"48,8104070","2,3498710",94
202000008776,20,5,14,15:05,1,2,3,1,2,94033,M,"48,8486900","2,4654300",94
202000008777,20,5,15,21:05,2,2,1,1,2,94053,M,"48,7677200","2,5416400",94
202000008778,20,5,15,15:05,1,2,1,1,2,94018,M,"48,8222000","2,4027000",94
202000008779,20,5,15,19:15,2,2,1,1,2,94017,M,"48,8167100","2,5008900",94
202000008780,20,5,15,15:15,1,2,2,1,3,94075,M,"48,7254800","2,5272600",94
202000008781,20,5,14,18:30,1,2,1,1,3,93066,M,"48,9250424","2,3749164",93
202000008782,20,5,14,21:30,5,2,2,1,3,93048,M,"48,8579000","2,4476000",93
202000008783,20,5,15,16:15,1,2,6,1,5,93046,M,"48,9272210","2,5506469",93
202000008784,20,5,14,16:26,1,2,9,1,6,92078,M,"48,9362462","2,3317704",92
202000008785,20,5,14,16:20,1,2,1,1,2,92075,M,"48,8267382","2,2843529",92
202000008786,20,5,15,17:30,1,1,1,1,2,92048,M,"48,7944116","2,2320901",92
202000008787,20,5,15,07:20,1,2,9,1,3,92023,M,"48,7847700","2,2496100",92
202000008788,20,5,15,18:05,1,2,1,1,3,92007,M,"48,8012206","2,3005548",92
202000008789,20,5,14,20:00,5,2,1,1,-1,92004,M,"48,9107573","2,2856780",92
202000008790,20,5,16,14:20,1,1,1,1,6,24436,M,"45,0389490","0,2330200",24
202000008791,20,5,16,14:50,1,1,2,1,1,38107,M,"45,4621210","4,8027310",38
202000008792,20,5,16,15:55,1,2,6,1,3,41194,M,"47,3421450","1,7492080",41
202000008793,20,5,13,14:33,1,1,1,1,1,33170,M,"44,5628800"," -0,0361200",33
202000008794,20,5,16,14:50,1,1,1,1,7,18256,M,"47,4126400","2,7655510",18
202000008795,20,5,13,17:40,1,1,1,2,1,68227,M,"48,1056190","7,4565950",68
202000008796,20,5,16,15:30,1,2,1,1,3,60395,M,"49,2453913","2,1299684",60
202000008797,20,5,9,12:05,1,1,4,1,6,42231,M,"46,0880630","3,9430940",42
202000008798,20,5,16,14:25,1,1,1,1,3,85082,M,"46,8886300"," -0,9349800",85
202000008799,20,5,16,11:40,1,1,5,1,1,30209,M,"43,9769300","4,7413520",30
202000008800,20,5,15,18:10,1,2,3,1,3,56131,M,"48,0096415"," -3,4359950",56
202000008801,20,5,15,16:45,1,2,1,1,3,31150,M,"43,6524840","1,3375750",31
202000008802,20,5,16,11:40,1,1,1,1,7,2B152,M,"42,9018705","9,3995373",2B
202000008803,20,5,16,13:40,1,2,9,1,2,33545,M,"45,2500610"," -0,8491540",33
202000008804,20,5,16,15:35,1,2,7,1,1,47179,M,"44,4912780","0,9391350",47
202000008805,20,5,15,21:10,3,1,1,2,7,34018,M,"43,4970170","3,1877520",34
202000008806,20,5,15,15:35,1,2,1,1,3,68135,M,"47,5780380","7,5355430",68
202000008807,20,5,16,15:45,1,1,2,1,3,35291,M,"48,5911618"," -1,6337816",35
202000008808,20,5,16,12:05,1,1,3,1,3,35112,M,"48,3516860"," -1,1257550",35
202000008809,20,5,16,17:55,1,1,1,1,7,02520,M,"49,2913500","3,5843110",02
202000008810,20,5,16,17:00,1,2,1,1,6,02306,M,"49,7386780","3,5588350",02
202000008811,20,5,16,12:00,1,1,3,1,7,15088,M,"44,9239898","2,2740488",15
202000008812,20,5,15,13:40,1,2,1,1,7,70245,M,"47,8839600","6,4487810",70
202000008813,20,5,16,14:00,1,1,1,1,6,58058,M,"47,4008910","3,3462440",58
202000008814,20,5,16,14:10,1,1,2,1,3,14031,M,"49,0654280","0,0710680",14
202000008815,20,5,15,17:35,1,2,2,7,3,14342,M,"49,3180600"," -1,1014500",14
202000008816,20,5,16,04:30,2,2,1,1,6,50400,M,"49,3789540"," -1,4144470",50
202000008817,20,5,15,16:45,1,1,1,1,7,50042,M,"48,5826550"," -1,5372920",50
202000008818,20,5,16,11:25,1,1,1,1,6,43039,M,"44,8907189","3,8626045",43
202000008819,20,5,16,18:15,1,2,1,1,6,16295,M,"45,8027770","0,1386170",16
202000008820,20,5,16,03:30,1,1,1,1,6,85008,M,"46,6329800"," -1,5194500",85
202000008821,20,5,15,17:05,1,2,1,1,1,85193,M,"46,5397650"," -1,3024380",85
202000008822,20,5,15,16:25,1,1,1,1,2,27105,M,"49,2978931","0,8937338",27
202000008823,20,5,15,08:00,1,1,1,1,7,87168,M,"45,6937410","0,7453270",87
202000008824,20,5,6,08:10,1,1,1,1,-1,37021,M,"47,5679352","0,6411890",37
202000008825,20,5,16,15:30,1,1,1,1,6,48166,M,"44,2845790","3,5972820",48
202000008826,20,5,15,16:10,1,1,1,1,2,67084,M,"48,3113720","7,4777840",67
202000008827,20,5,17,00:20,3,1,1,1,1,98802,C," -21,8402000","166,0538000",988
202000008828,20,5,15,16:56,1,2,1,1,2,97405,R," -21,3688660","55,5757140",974
202000008829,20,5,16,05:45,2,1,1,5,6,28247,M,"48,8799570","1,5277860",28
202000008830,20,5,14,22:40,5,2,1,2,6,11076,M,"43,3123424","1,9458675",11
202000008831,20,5,16,03:00,3,1,1,1,7,34057,M,"43,6316800","3,9352940",34
202000008832,20,5,15,23:00,5,2,1,1,7,83023,M,"43,4004630","6,0579790",83
202000008833,20,5,16,19:45,1,1,1,1,6,39364,M,"46,7924210","5,8270400",39
202000008834,20,5,15,17:15,1,2,6,1,1,68298,M,"48,2488690","7,1906220",68
202000008835,20,5,2,14:30,1,2,7,1,7,67046,M,"48,7602455","7,8589686",67
202000008836,20,5,15,19:10,1,1,3,1,3,01202,M,"45,8884400","5,3287980",01
202000008837,20,5,16,11:00,1,2,1,1,1,69163,M,"45,9216990","4,7564040",69
202000008838,20,5,15,23:25,3,1,6,1,3,79049,M,"46,8332020"," -0,4362770",79
202000008839,20,5,16,14:30,1,2,6,1,3,33177,M,"45,3217700"," -0,9572500",33
202000008840,20,5,15,22:35,3,1,1,1,6,60666,M,"49,1153083","2,6883012",60
202000008841,20,5,16,16:00,1,1,1,1,3,02378,M,"49,8951010","4,0458710",02
202000008842,20,3,1,01:55,3,1,1,1,1,42099,M,"45,3792940","4,2733490",42
202000008843,20,5,15,20:05,1,1,1,1,6,57474,M,"49,2647023","6,1768549",57
202000008844,20,5,14,17:00,1,1,1,1,2,93010,M,"48,8906900","2,4732200",93
202000008845,20,5,14,10:20,1,1,1,1,2,95572,M,"49,0363400","2,1196900",95
202000008846,20,5,14,08:50,1,1,1,1,2,93053,M,"48,8841800","2,4617900",93
202000008847,20,1,3,08:45,1,2,5,2,2,75109,M,"48,8719710","2,3400450",75
202000008848,20,5,15,09:16,1,2,3,2,6,98818,C," -22,2709400","166,4525800",988
202000008849,20,5,13,09:20,1,2,2,1,3,98818,C," -22,2487300","166,4637300",988
202000008850,20,5,14,14:30,1,2,1,1,3,97611,Y," -12,7639000","45,2256100",976
202000008851,20,5,12,11:20,1,2,1,1,3,97416,R," -21,3070700","55,4983600",974
202000008852,20,5,13,17:25,1,2,1,1,6,97407,R," -20,9335400","55,3085900",974
202000008853,20,5,4,13:10,1,2,1,1,6,69388,M,"45,7322300","4,8654700",69
202000008854,20,5,14,09:11,1,2,2,1,6,69386,M,"45,7685372","4,8439361",69