Num_Acc,an,mois,jour,hrmn,lum,agg,int,atm,col,com,gps,lat,long,dep
202000008855,20,5,13,17:18,1,2,1,1,3,97209,A,"14,6142100"," -61,0527000",972
202000008856,20,5,14,01:30,5,2,1,1,7,69385,M,"45,7523400","4,8189800",69
202000008857,20,5,13,19:05,1,1,1,1,1,2B037,M,"42,6274000","9,4236000",2B
202000008858,20,5,12,22:58,5,1,1,1,6,97101,A,"16,2428000"," -61,5226000",971
202000008859,20,5,14,04:50,5,2,9,1,3,91521,M,"48,6574700","2,4064900",91
202000008860,20,2,29,13:15,1,2,2,6,3,54304,M,"48,6932833","6,1281073",54
202000008861,20,2,26,20:20,5,2,2,3,1,54395,M,"48,6902885","6,1566299",54
202000008862,20,2,26,16:50,1,2,2,1,7,54395,M,"48,6922080","6,1683530",54
202000008863,20,2,26,13:20,1,2,2,1,1,54395,M,"48,6923330","6,1680030",54
202000008864,20,1,3,17:45,5,2,6,2,6,54099,M,"49,2540430","5,9466880",54
202000008865,20,2,29,15:50,1,2,1,1,3,51055,M,"49,2846968","4,0347502",51
202000008866,20,2,28,16:40,1,2,1,2,5,51454,M,"49,2199488","4,0333198",51
202000008867,20,2,27,19:01,5,2,3,1,3,51454,M,"49,2660107","4,0405452",51
202000008868,20,2,27,16:10,1,2,1,1,6,50218,M,"48,8381400"," -1,5714700",50
202000008869,20,2,27,18:35,1,2,1,1,2,50129,M,"49,6276690"," -1,6179300",50
202000008870,20,2,22,16:10,1,1,3,1,2,50173,M,"49,6489200"," -1,6442300",50
202000008871,20,2,26,15:47,1,2,1,1,6,49007,M,"47,4730200"," -0,5623200",49
202000008872,20,2,25,09:21,1,2,1,1,2,49007,M,"47,4673500"," -0,5359200",49
202000008873,20,2,24,16:05,1,2,1,7,6,48095,M,"44,5196770","3,4970840",48
202000008874,20,2,24,16:15,1,2,7,1,3,47323,M,"44,4082200","0,7072100",47
202000008875,20,2,28,20:35,5,2,1,2,4,45234,M,"47,8980700","1,9125500",45
202000008876,20,2,28,09:00,1,1,1,1,6,45169,M,"47,9298000","1,8173000",45
202000008877,20,2,25,17:50,1,1,1,8,3,45147,M,"47,9412200","1,9095900",45
202000008878,20,3,1,21:00,5,1,1,2,2,44215,M,"47,1865500"," -1,4956600",44
202000008879,20,3,1,02:30,5,2,1,2,6,44109,M,"47,1997000"," -1,5648000",44
202000008880,20,2,28,23:30,3,1,1,1,6,44114,M,"47,2610500"," -1,6144800",44
202000008881,20,2,28,01:15,3,1,1,1,6,44109,M,"47,2158237"," -1,5313210",44
202000008882,20,2,25,21:38,5,2,1,2,6,44109,M,"47,2151500"," -1,5629000",44
202000008883,20,2,23,17:09,1,2,3,1,3,42207,M,"45,4634600","4,5008700",42
202000008884,20,2,22,20:14,5,2,1,1,3,42218,M,"45,4405150","4,3788010",42
202000008885,20,2,29,20:15,5,2,1,2,3,38185,M,"45,1800700","5,7118200",38
202000008886,20,3,1,17:36,1,2,2,1,6,37261,M,"47,3814206","0,7029366",37
202000008887,20,3,1,06:15,5,2,3,2,3,37261,M,"47,3757633","0,6791269",37
202000008888,20,2,28,19:00,5,2,7,2,-1,37261,M,"47,3844262","0,6763303",37
202000008889,20,2,28,14:00,1,2,1,8,6,37261,M,"47,3877972","0,6764634",37
202000008890,20,2,25,17:40,1,2,3,3,6,35238,M,"48,0913100"," -1,6548700",35
202000008891,20,2,25,08:35,1,2,6,1,3,35238,M,"48,0876600"," -1,6450200",35
202000008892,20,3,1,02:05,5,2,1,2,6,34172,M,"43,6099900","3,8774000",34
202000008893,20,2,28,19:25,5,2,1,1,3,34172,M,"43,5838200","3,8878400",34
202000008894,20,2,28,19:00,5,2,1,8,2,34172,M,"43,6124400","3,8809500",34
202000008895,20,2,28,13:20,1,2,3,1,7,34172,M,"43,6213500","3,8644500",34
202000008896,20,2,22,18:20,2,2,1,1,3,34172,M,"43,6385443","3,8500321",34
202000008897,20,2,27,20:05,5,2,1,1,6,34172,M,"43,5918100","3,8502300",34
202000008898,20,2,27,08:05,1,2,2,2,2,34172,M,"43,6065700","3,9133700",34
202000008899,20,2,26,11:20,1,2,1,1,3,34172,M,"43,6024000","3,8702300",34
202000008900,20,2,25,10:45,1,2,1,1,6,34172,M,"43,5941346","3,8677198",34
202000008901,20,2,25,09:00,1,2,1,1,2,34172,M,"43,6256639","3,8498197",34
202000008902,20,2,25,04:06,3,2,1,1,6,34129,M,"43,5747900","3,8968400",34
202000008903,20,2,8,18:35,5,2,3,1,6,33063,M,"44,8521600"," -0,5681900",33
202000008904,20,2,26,15:30,1,2,8,1,6,33063,M,"44,8303300"," -0,5728500",33
202000008905,20,2,25,19:30,5,2,2,2,3,33281,M,"44,8622000"," -0,6451200",33
202000008906,20,2,14,13:15,1,2,3,1,1,33063,M,"44,8885200"," -0,5468000",33
202000008907,20,2,25,13:40,1,2,4,1,6,33063,M,"44,8305500"," -0,5723700",33
202000008908,20,2,24,16:35,1,2,1,1,4,33069,M,"44,8640300"," -0,5807500",33
202000008909,20,2,14,16:30,1,2,2,1,1,33063,M,"44,8316000"," -0,5673100",33
202000008910,20,2,24,18:00,2,2,3,1,2,33063,M,"44,8949100"," -0,5657000",33
202000008911,20,3,1,16:50,1,1,1,1,3,33529,M,"44,6170800"," -1,1594100",33
202000008912,20,2,29,08:40,1,2,1,2,6,33529,M,"44,6360300"," -1,1323400",33
202000008913,20,2,28,13:30,1,2,1,1,3,33009,M,"44,6601400"," -1,1539500",33
202000008914,20,2,24,18:15,1,2,6,1,3,33529,M,"44,6267400"," -1,1416400",33
202000008915,20,2,27,09:00,1,2,2,2,3,32013,M,"43,6437000","0,5869000",32
202000008916,20,2,28,12:25,1,2,4,1,3,31555,M,"43,5877200","1,4601900",31
202000008917,20,2,28,02:15,5,2,1,1,1,31555,M,"43,5573000","1,4413100",31
202000008918,20,2,26,18:35,5,2,3,2,3,31555,M,"43,5617400","1,3949300",31
202000008919,20,2,29,01:15,5,2,1,1,6,30007,M,"44,1277000","4,0849000",30
202000008920,20,2,24,09:30,1,2,1,2,6,29232,M,"47,9971650"," -4,1074213",29
202000008921,20,2,27,21:30,5,2,3,1,1,29019,M,"48,3970043"," -4,4705272",29
202000008922,20,2,6,08:25,1,2,2,5,3,27681,M,"49,0887000","1,4670000",27
202000008923,20,2,29,00:55,5,2,1,1,6,27229,M,"49,0234400","1,1357500",27
202000008924,20,2,27,13:45,1,2,1,1,1,22278,M,"48,5079900"," -2,7586700",22
202000008925,20,2,21,21:50,3,2,6,1,3,22187,M,"48,5337812"," -2,7592915",22
202000008926,20,2,21,22:15,5,2,2,1,3,21617,M,"47,3402040","5,0054080",21
202000008927,20,3,1,01:40,5,2,6,2,7,17300,M,"46,1520700"," -1,1480700",17
202000008928,20,2,25,09:30,1,2,6,2,7,17300,M,"46,1388170"," -1,1541010",17
202000008929,20,2,17,22:40,3,1,1,8,6,15012,M,"44,8694900","2,4449300",15
202000008930,20,2,21,10:20,1,2,6,1,6,14366,M,"49,1490800","0,2527390",14
202000008931,20,2,27,16:55,1,2,1,1,6,14536,M,"49,4076427","0,2683454",14
202000008932,20,2,28,16:30,1,2,1,8,6,14118,M,"49,1802500"," -0,3377000",14
202000008933,20,2,26,00:30,5,2,1,1,6,14242,M,"49,2226600"," -0,3683300",14
202000008934,20,2,25,13:15,1,2,3,1,3,13054,M,"43,4213320","5,2290400",13
202000008935,20,1,24,23:50,3,1,1,8,7,13117,M,"43,4685700","5,2340200",13
202000008936,20,2,26,19:45,3,1,9,1,3,30032,M,"43,7996700","4,6315800",30
202000008937,20,2,27,11:05,1,2,7,2,6,13056,M,"43,3995200","5,0561400",13
202000008938,20,2,28,23:05,5,2,1,1,3,13202,M,"43,3132100","5,3662800",13
202000008939,20,2,28,23:15,5,2,2,1,7,13208,M,"43,2754430","5,3959560",13
202000008940,20,2,28,20:15,5,2,1,1,7,13208,M,"43,2602780","5,3938610",13
202000008941,20,2,28,19:20,5,2,1,1,6,13207,M,"43,2913800","5,3698000",13
202000008942,20,2,28,15:30,1,1,1,1,1,13210,M,"43,2709328","5,4249287",13
202000008943,20,2,28,11:19,1,2,1,1,6,13208,M,"43,2789000","5,3875600",13
202000008944,20,2,28,11:00,1,2,1,1,6,13201,M,"43,2990400","5,3840200",13
202000008945,20,2,28,07:45,2,2,3,1,3,13214,M,"43,3390600","5,3921300",13
202000008946,20,2,27,20:05,5,2,1,1,3,13211,M,"43,2898700","5,4945200",13
202000008947,20,2,27,19:50,5,2,1,1,3,13208,M,"43,2763950","5,3974530",13
202000008948,20,2,27,15:15,1,2,1,2,1,13210,M,"43,2844870","5,4203730",13
202000008949,20,2,26,18:15,5,2,1,1,3,13212,M,"43,3135900","5,4317500",13
202000008950,20,2,25,15:45,1,2,1,1,6,13206,M,"43,2904100","5,3818300",13
202000008951,20,2,27,16:30,1,1,9,1,3,13047,M,"43,5277900","4,9612100",13
202000008952,20,2,29,10:05,1,2,4,1,1,12202,M,"44,3728100","2,5429200",12
202000008953,20,2,27,11:35,1,2,1,1,2,11262,M,"43,1822300","2,9790500",11
202000008954,20,2,24,12:20,1,1,1,1,2,11262,M,"43,1801420","2,9674780",11
202000008955,20,2,24,06:53,5,2,1,1,3,11262,M,"43,1826500","2,9977700",11
202000008956,20,2,29,04:00,5,2,1,1,1,11069,M,"43,2161600","2,3633400",11
202000008957,20,2,21,19:35,5,2,1,1,1,11069,M,"43,2276603","2,3447442",11
202000008958,20,2,26,14:30,1,2,1,1,1,10387,M,"48,3043300","4,0825200",10
202000008959,20,2,25,15:14,1,2,1,1,2,10387,M,"48,3025000","4,1016000",10
202000008960,20,3,1,19:40,5,2,1,1,6,06088,M,"43,7031200","7,2561500",06
202000008961,20,2,28,18:00,5,2,1,1,3,06088,M,"43,7054000","7,2691000",06
202000008962,20,2,28,16:00,1,2,1,1,3,06088,M,"43,7068050","7,2874750",06
202000008963,20,2,27,13:00,1,2,1,1,3,06029,M,"43,5512900","6,9761900",06
202000008964,20,3,1,19:17,5,2,1,1,6,06027,M,"43,6607000","7,1488000",06
202000008965,20,2,26,21:45,3,1,1,4,1,05061,M,"44,5529000","6,0347800",05
202000008966,20,2,24,17:50,1,2,1,1,2,05061,M,"44,5338800","6,0617100",05
202000008967,20,2,25,14:20,1,2,3,1,3,05023,M,"44,9034400","6,6301400",05
202000008968,20,2,14,16:10,1,1,1,1,3,04070,M,"44,0486800","6,2037400",04
202000008969,20,2,29,19:06,5,2,1,2,2,03185,M,"46,3318849","2,6019763",03
202000008970,20,3,3,10:00,1,2,1,1,2,75120,M,"48,8765340","2,4096450",75
202000008971,20,2,29,13:00,1,2,1,2,2,75112,M,"48,8271410","2,3910300",75
202000008972,20,2,28,16:40,1,2,4,2,4,75112,M,"48,8266880","2,3918250",75
202000008973,20,2,28,12:50,1,2,4,1,2,75116,M,"48,8776210","2,2802940",75
202000008974,20,2,28,09:20,1,2,1,1,4,75116,M,"48,8619340","2,2646000",75
202000008975,20,2,28,08:00,1,2,1,1,3,75113,M,"48,8183970","2,3693470",75
202000008976,20,2,28,08:10,1,2,1,1,4,75119,M,"48,8790320","2,4081160",75
202000008977,20,2,27,21:10,5,2,1,1,4,75116,M,"48,8620140","2,2643930",75
202000008978,20,2,27,20:40,5,2,1,1,6,75116,M,"48,8572460","2,2584890",75
202000008979,20,2,26,08:00,1,2,1,2,4,75119,M,"48,8953850","2,3948020",75
202000008980,20,2,26,09:20,1,2,1,7,7,75113,M,"48,8173560","2,3545660",75
202000008981,20,2,25,18:20,2,2,1,2,4,75116,M,"48,8763230","2,2785250",75
202000008982,20,2,25,09:20,1,2,1,1,4,75117,M,"48,8945610","2,3054090",75
202000008983,20,2,24,23:25,5,2,1,1,2,75117,M,"48,8931720","2,3035210",75
202000008984,20,2,23,20:15,5,2,1,2,2,75118,M,"48,9011040","2,3466460",75
202000008985,20,2,29,19:13,5,2,2,2,6,75104,M,"48,8533190","2,3578130",75
202000008986,20,2,27,13:35,1,2,1,6,6,75107,M,"48,8614590","2,2973130",75
202000008987,20,3,3,16:30,1,2,3,8,3,75113,M,"48,8311230","2,3811680",75
202000008988,20,2,28,17:15,1,2,3,1,6,75106,M,"48,8456570","2,3256100",75
202000008989,20,2,28,07:30,1,2,1,1,3,75106,M,"48,8580190","2,3343240",75
202000008990,20,2,26,18:00,2,2,2,1,-1,75106,M,"48,8473470","2,3279360",75
202000008991,20,3,3,09:30,1,2,3,1,1,75120,M,"48,8529450","2,4074730",75
202000008992,20,3,2,19:00,5,2,1,8,6,75120,M,"48,8677330","2,3858280",75
202000008993,20,3,2,09:00,1,2,4,2,6,75120,M,"48,8587210","2,4147120",75
202000008994,20,2,28,10:25,1,2,2,8,3,75120,M,"48,8647810","2,4101100",75
202000008995,20,2,27,18:15,1,2,1,1,6,75120,M,"48,8532740","2,4059720",75
202000008996,20,2,25,11:40,1,2,2,8,6,75120,M,"48,8641650","2,3861550",75
202000008997,20,2,25,07:20,5,2,1,2,-1,75120,M,"48,8767110","2,4049630",75
202000008998,20,3,3,17:30,1,2,3,1,3,75119,M,"48,8888239","2,3788924",75
202000008999,20,2,28,08:00,1,2,1,1,3,75119,M,"48,8786370","2,4022230",75
202000009000,20,2,27,19:14,5,2,3,8,3,75119,M,"48,8848630","2,3674060",75
202000009001,20,2,26,16:55,1,2,2,7,3,75119,M,"48,8772500","2,4067980",75
202000009002,20,2,25,19:50,5,2,2,2,6,75119,M,"48,8921520","2,3750970",75
202000009003,20,2,25,13:00,1,2,1,2,6,75119,M,"48,8866180","2,3719940",75
202000009004,20,3,3,19:20,5,2,1,8,6,75118,M,"48,8854390","2,3593640",75
202000009005,20,2,29,12:45,1,2,7,2,6,75118,M,"48,8838800","2,3328180",75
202000009006,20,2,29,12:30,1,2,1,8,3,75118,M,"48,8933760","2,3290310",75
202000009007,20,2,27,17:45,2,2,2,1,-1,75118,M,"48,8838510","2,3494600",75
202000009008,20,3,1,23:50,5,2,5,1,-1,75117,M,"48,8976170","2,3241390",75
202000009009,20,2,29,22:00,5,2,1,1,3,75117,M,"48,9009370","2,3277040",75
202000009010,20,2,28,14:05,1,2,1,2,-1,75117,M,"48,8863840","2,3174390",75
202000009011,20,2,27,18:30,4,2,1,2,6,75117,M,"48,8939390","2,3128400",75
202000009012,20,2,27,16:00,1,2,1,6,6,75116,M,"48,8581580","2,2750690",75
202000009013,20,2,27,12:45,1,2,3,2,2,75108,M,"48,8682400","2,3123640",75
202000009014,20,2,27,00:50,5,2,3,1,2,75108,M,"48,8719410","2,3008570",75
202000009015,20,2,26,18:45,5,2,1,1,6,75117,M,"48,8862420","2,3187730",75
202000009016,20,2,25,01:02,5,2,2,2,6,75117,M,"48,8901340","2,3038130",75
202000009017,20,3,2,22:45,5,2,2,1,3,75116,M,"48,8622790","2,2383210",75
202000009018,20,3,2,14:39,1,2,2,1,3,75116,M,"48,8595470","2,2752010",75
202000009019,20,2,28,15:00,1,2,1,2,6,75116,M,"48,8690620","2,2862880",75
202000009020,20,2,26,20:30,5,2,4,1,3,75116,M,"48,8485650","2,2620810",75
202000009021,20,2,28,09:45,1,2,7,1,6,75116,M,"48,8641920","2,2724050",75
202000009022,20,2,27,11:00,1,2,2,2,6,75116,M,"48,8639279","2,2905126",75
202000009023,20,2,25,10:05,1,2,5,1,3,75108,M,"48,8763830","2,3078660",75
202000009024,20,3,3,19:30,3,2,2,1,2,75115,M,"48,8347210","2,3051890",75
202000009025,20,2,29,21:25,5,2,2,1,3,75115,M,"48,8450790","2,3201240",75
202000009026,20,2,29,21:30,4,2,1,1,6,75115,M,"48,8367890","2,2956080",75
202000009027,20,2,27,09:45,1,2,1,2,3,75115,M,"48,8358800","2,2873630",75
202000009028,20,2,27,07:10,2,2,2,3,6,75115,M,"48,8421590","2,2855800",75
202000009029,20,2,25,20:45,5,2,2,1,5,75115,M,"48,8421600","2,2855810",75
202000009030,20,2,25,19:55,5,2,2,2,6,75115,M,"48,8426190","2,3027080",75
202000009031,20,2,24,08:45,1,2,5,1,6,75115,M,"48,8297230","2,2956970",75
202000009032,20,3,2,17:40,1,2,3,1,4,75114,M,"48,8213288","2,3338018",75
202000009033,20,3,2,09:45,1,2,2,2,6,75114,M,"48,8244759","2,3383337",75
202000009034,20,2,29,12:32,1,2,7,8,5,75114,M,"48,8335700","2,3363240",75
202000009035,20,2,28,11:05,1,2,3,1,6,75114,M,"48,8287130","2,3243020",75
202000009036,20,2,27,23:20,5,2,3,1,3,75114,M,"48,8405840","2,3301140",75
202000009037,20,3,3,23:20,5,2,2,1,7,75113,M,"48,8345722","2,3673847",75
202000009038,20,3,2,13:27,1,2,3,1,3,75113,M,"48,8256673","2,3610063",75
202000009039,20,2,28,00:48,5,2,7,1,3,75113,M,"48,8437160","2,3646350",75
202000009040,20,2,27,18:30,2,2,3,1,3,75113,M,"48,8233650","2,3750370",75
202000009041,20,3,3,15:15,1,2,1,1,3,75112,M,"48,8459260","2,3661720",75
202000009042,20,3,2,11:40,1,2,7,2,6,75112,M,"48,8397100","2,3961530",75
202000009043,20,3,1,03:25,5,2,1,1,6,75112,M,"48,8475500","2,3754970",75
202000009044,20,2,25,13:15,1,2,1,2,2,75112,M,"48,8388580","2,4041490",75
202000009045,20,3,2,09:55,1,2,3,3,3,75111,M,"48,8558330","2,3815920",75
202000009046,20,3,1,03:10,3,2,3,2,6,75111,M,"48,8559390","2,3923670",75
202000009047,20,2,29,17:45,1,2,1,2,3,75111,M,"48,8610170","2,3779550",75
202000009048,20,2,28,00:50,5,2,3,1,5,75111,M,"48,8555250","2,3744380",75
202000009049,20,2,27,11:05,1,2,1,2,3,75111,M,"48,8648420","2,3767990",75
202000009050,20,2,25,13:55,1,2,3,8,-1,75111,M,"48,8591220","2,3859280",75
202000009051,20,3,1,03:16,5,2,2,2,-1,75110,M,"48,8690500","2,3554330",75
202000009052,20,2,27,18:40,5,2,3,1,6,75110,M,"48,8701450","2,3505020",75
202000009053,20,3,2,15:00,1,2,3,2,3,75109,M,"48,8730564","2,3479253",75
202000009054,20,3,2,10:15,1,2,2,2,6,75109,M,"48,8740150","2,3478930",75
202000009055,20,9,16,07:45,1,1,1,1,2,78126,M,"48,8385540","2,1220310",78
202000009056,20,9,16,09:15,1,1,1,1,2,93078,M,"48,9672892","2,5119989",93
202000009057,20,9,16,07:30,1,1,1,1,3,93064,M,"48,8791700","2,4763100",93
202000009058,20,9,15,22:40,3,1,1,1,2,95582,M,"48,9649400","2,2607900",95
202000009059,20,9,16,19:30,1,1,1,1,4,94028,M,"48,7838384","2,4405909",94
202000009060,20,9,16,08:00,1,1,1,1,-1,77337,M,"48,8299600","2,6172100",77
202000009061,20,9,16,08:00,1,1,1,1,4,94042,M,"48,8282300","2,4738500",94
202000009062,20,7,10,22:15,5,2,1,1,2,64024,M,"43,4809300"," -1,5123300",64
202000009063,20,2,26,19:15,5,2,3,1,3,75111,M,"48,8683480","2,3722550",75
202000009064,20,2,26,13:20,1,2,7,2,7,75108,M,"48,8692450","2,3239030",75
202000009065,20,7,10,15:00,1,1,1,1,6,93027,M,"48,9268564","2,4053173",93
202000009066,20,9,15,13:20,1,2,1,1,6,97416,R," -21,3273900","55,4823300",974
202000009067,20,9,15,18:15,2,2,1,2,6,97302,G,"4,9122412"," -52,3082256",973
202000009068,20,9,16,00:10,5,2,2,1,3,69386,M,"45,7712000","4,8501000",69
202000009069,20,9,15,23:00,5,2,2,1,3,69388,M,"45,7294146","4,8677242",69
202000009070,20,9,15,17:20,1,2,3,1,3,69386,M,"45,7731500","4,8498100",69
202000009071,20,9,15,15:10,1,2,1,1,2,69387,M,"45,7258141","4,8440357",69
202000009072,20,9,15,15:40,1,2,6,1,6,69276,M,"45,6833900","4,8704500",69
202000009073,20,9,15,01:50,5,2,1,1,7,69387,M,"45,7565402","4,8392334",69
202000009074,20,9,15,23:00,5,2,1,1,3,69389,M,"45,7863069","4,7961605",69
202000009075,20,9,15,20:30,5,2,1,1,6,69389,M,"45,7867300","4,7914100",69
202000009076,20,9,15,08:00,2,2,2,1,3,69381,M,"45,7672354","4,8309503",69
202000009077,20,8,28,17:48,1,2,1,1,6,97107,A,"16,0409300"," -61,5666400",971
202000009078,20,9,15,17:30,1,2,1,1,6,95280,M,"49,0301500","2,4552640",95
202000009079,20,9,15,18:05,1,2,1,1,6,91549,M,"48,6373713","2,3436310",91
202000009080,20,9,15,13:05,1,2,1,1,2,91549,M,"48,6350730","2,3466660",91
202000009081,20,9,14,20:08,2,2,1,1,6,91223,M,"48,4410900","2,1466000",91
202000009082,20,9,15,17:10,1,2,1,1,6,91201,M,"48,6870350","2,4000780",91
202000009083,20,9,16,00:20,5,2,1,1,7,91174,M,"48,5955580","2,4712640",91
202000009084,20,9,15,06:40,5,2,1,1,4,91552,M,"48,6117000","2,2536200",91
202000009085,20,9,10,16:10,1,2,1,1,4,91021,M,"48,5770700","2,2383200",91
202000009086,20,9,11,23:40,5,2,2,1,1,86194,M,"46,5996190","0,3213550",86
202000009087,20,9,13,16:50,1,2,2,1,3,85194,M,"46,4953400"," -1,7768100",85
202000009088,20,9,15,09:15,1,2,1,1,2,83137,M,"43,1220000","5,9400000",83
202000009089,20,9,15,08:00,1,2,3,1,3,83137,M,"43,1280600","5,9644600",83
202000009090,20,9,14,17:10,1,2,9,1,5,83137,M,"43,1287054","5,8884282",83
202000009091,20,9,14,08:35,1,2,3,1,3,83137,M,"43,1259600","5,9590370",83
202000009092,20,9,14,09:00,1,2,1,1,3,83137,M,"43,1147500","5,9352300",83
202000009093,20,9,15,16:30,1,2,1,1,1,78481,M,"48,8931800","2,1046900",78
202000009094,20,9,15,01:15,5,2,1,1,7,76351,M,"49,4960900","0,0934750",76
202000009095,20,9,14,16:15,1,2,1,1,3,76341,M,"49,5057900","0,2003500",76
202000009096,20,9,14,19:16,2,2,8,1,6,67267,M,"48,5595920","7,6787130",67
202000009097,20,9,14,20:49,5,2,3,1,3,67482,M,"48,5518286","7,7660838",67
202000009098,20,9,14,14:10,1,2,3,1,2,67482,M,"48,6108253","7,7822296",67
202000009099,20,9,14,22:05,5,2,3,1,3,66136,M,"42,6978400","2,8858100",66
202000009100,20,9,14,04:50,5,2,1,1,6,66136,M,"42,6987200","2,8871500",66
202000009101,20,9,15,08:00,1,2,1,2,7,64024,M,"43,4882700"," -1,5127400",64
202000009102,20,8,18,12:00,1,2,1,1,4,63164,M,"45,8176901","3,1539807",63
202000009103,20,9,14,08:50,1,2,3,1,5,63124,M,"45,7386400","3,1838800",63
202000009104,20,9,6,22:25,5,2,2,1,3,63113,M,"45,7984769","3,1074210",63
202000009105,20,9,14,17:50,1,2,1,1,2,61006,M,"48,7500870"," -0,0136490",61
202000009106,20,9,14,17:10,1,2,1,1,3,59599,M,"50,7356400","3,1475810",59
202000009107,20,9,15,09:05,1,2,1,1,1,59009,M,"50,6293800","3,1705100",59
202000009108,20,9,11,10:10,1,2,1,1,6,57672,M,"49,3647500","6,1690600",57
202000009109,20,9,14,10:05,1,2,2,1,3,56121,M,"47,7525900"," -3,3772400",56
202000009110,20,9,14,09:53,1,2,1,1,3,53034,M,"48,0712800"," -0,7008200",53
202000009111,20,9,9,16:45,1,2,1,1,6,53130,M,"48,0638100"," -0,7514100",53
202000009112,20,9,15,13:25,1,2,1,1,7,51454,M,"49,2505415","4,0652043",51
202000009113,20,9,15,07:35,1,2,2,1,3,51454,M,"49,2489988","4,0152154",51
202000009114,20,9,15,08:01,1,2,2,1,3,51454,M,"49,2225493","4,0141563",51
202000009115,20,9,1,15:20,1,2,1,1,2,49328,M,"47,2682800"," -0,0699700",49
202000009116,20,9,12,19:30,1,2,1,1,1,49007,M,"47,4731200"," -0,5158300",49
202000009117,20,9,15,09:10,1,2,1,1,6,46042,M,"44,4400000","1,4400000",46
202000009118,20,9,15,17:15,1,2,2,1,3,45286,M,"47,8860831","1,9388496",45
202000009119,20,9,15,13:15,1,1,1,1,2,45302,M,"47,9296700","1,8768429",45
202000009120,20,9,14,17:37,1,2,3,1,2,45004,M,"47,9996700","2,7562200",45
202000009121,20,8,26,18:15,1,2,3,1,3,42218,M,"45,4618530","4,4144150",42
202000009122,20,9,15,14:25,1,2,3,1,3,41018,M,"47,5780850","1,3211150",41
202000009123,20,9,14,12:10,1,2,1,1,3,37261,M,"47,3914235","0,6965664",37
202000009124,20,9,14,17:05,1,2,1,7,2,37233,M,"47,3951444","0,7148855",37
202000009125,20,9,14,09:45,1,2,1,1,2,37208,M,"47,3596603","0,7445306",37
202000009126,20,9,15,08:30,1,2,1,1,4,35238,M,"48,1070800"," -1,7185400",35
202000009127,20,9,15,09:05,1,2,3,1,3,33063,M,"44,8529700"," -0,6092700",33
202000009128,20,9,15,08:05,1,2,3,1,5,33065,M,"44,8119200"," -0,5066200",33
202000009129,20,9,14,17:10,1,1,1,1,4,31555,M,"43,5983000","1,3642800",31
202000009130,20,9,14,16:30,1,2,6,1,2,30243,M,"44,0931000","4,0791000",30
202000009131,20,9,10,13:10,1,2,3,1,1,29151,M,"48,5878400"," -3,8370000",29
202000009132,20,9,15,18:35,1,2,4,1,1,29019,M,"48,4026200"," -4,4842500",29
202000009133,20,9,13,07:10,2,1,1,5,6,28332,M,"48,7318000","1,4022000",28
202000009134,20,9,15,11:00,1,2,3,1,2,26362,M,"44,9304300","4,8899620",26
202000009135,20,9,14,15:15,1,2,6,1,3,26198,M,"44,5583000","4,7454700",26
202000009136,20,9,16,01:00,5,2,1,1,4,25230,M,"47,5008600","6,8422200",25
202000009137,20,9,11,12:40,1,2,1,1,2,17306,M,"45,6378400"," -1,0197800",17
202000009138,20,9,15,13:15,1,2,7,1,6,17300,M,"46,1555700"," -1,1489000",17
202000009139,20,9,14,20:15,2,2,2,1,3,14118,M,"49,2085700"," -0,3766500",14
202000009140,20,9,14,17:26,1,2,1,1,3,14101,M,"49,1648833"," -0,4283500",14
202000009141,20,9,14,09:30,1,2,2,1,3,14118,M,"49,1858500"," -0,3903900",14
202000009142,20,9,15,16:45,1,2,1,1,1,13211,M,"43,2876460","5,4805130",13
202000009143,20,9,15,12:10,1,2,1,1,2,13212,M,"43,3118779","5,4294777",13
202000009144,20,9,14,14:00,1,2,2,1,2,13206,M,"43,2882480","5,3803440",13
202000009145,20,9,14,11:00,1,2,2,1,3,13205,M,"43,2893100","5,3891100",13
202000009146,20,9,15,21:30,5,2,3,1,7,13047,M,"43,5155682","4,9829596",13
202000009147,20,9,15,08:30,1,2,1,1,6,13028,M,"43,1902200","5,6041300",13
202000009148,20,9,15,08:40,1,1,1,1,5,11069,M,"43,2177020","2,3824740",11
202000009149,20,9,13,19:20,1,1,1,1,3,11069,M,"43,1981600","2,3488500",11
202000009150,20,9,13,18:30,1,1,6,1,3,07102,M,"44,9278200","4,8596900",07
202000009151,20,9,15,18:30,1,2,4,1,3,07019,M,"44,6087760","4,3923240",07
202000009152,20,9,14,21:42,5,2,1,1,3,06088,M,"43,7165130","7,2533630",06
202000009153,20,9,15,15:55,1,2,1,1,2,06069,M,"43,6407900","6,9101400",06
202000009154,20,9,15,07:10,2,2,1,1,3,06069,M,"43,6408090","6,9125350",06
202000009155,20,9,12,11:50,1,2,1,1,6,06029,M,"43,5516800","6,9714300",06
202000009156,20,9,15,17:40,1,2,1,1,6,06027,M,"43,6701000","7,1506000",06
202000009157,20,9,15,18:15,1,2,1,1,3,75116,M,"48,8735780","2,2752950",75
202000009158,20,9,15,02:48,5,2,1,1,6,75119,M,"48,9004250","2,3902070",75
202000009159,20,9,14,08:35,1,2,1,1,4,75120,M,"48,8572400","2,4140250",75
202000009160,20,9,15,10:15,1,2,3,1,3,75112,M,"48,8487800","2,3680240",75
202000009161,20,9,14,12:00,1,2,1,1,6,75105,M,"48,8429170","2,3427380",75