Num_Acc,an,mois,jour,hrmn,lum,agg,int,atm,col,com,gps,lat,long,dep
202000009162,20,9,15,18:25,1,2,1,1,6,75120,M,"48,8715790","2,3985600",75
202000009163,20,9,15,11:15,1,2,1,1,3,75120,M,"48,8722710","2,3914800",75
202000009164,20,9,15,11:10,1,2,2,1,3,75120,M,"48,8699440","2,3945350",75
202000009165,20,9,15,16:00,1,2,2,1,3,75119,M,"48,8884630","2,3738650",75
202000009166,20,9,15,12:30,1,2,1,1,2,75119,M,"48,8848220","2,3694090",75
202000009167,20,9,15,07:45,2,2,4,1,3,75119,M,"48,8778120","2,4055240",75
202000009168,20,9,15,10:40,1,2,3,1,3,75118,M,"48,8958080","2,3713080",75
202000009169,20,9,15,01:15,5,2,2,1,3,75118,M,"48,8910660","2,3495960",75
202000009170,20,9,14,23:25,5,2,3,1,3,75118,M,"48,8828640","2,3361960",75
202000009171,20,9,14,13:30,1,2,1,1,2,75117,M,"48,8828850","2,3016640",75
202000009172,20,9,15,09:20,1,2,1,1,-1,75116,M,"48,8473740","2,2586180",75
202000009173,20,9,15,20:20,5,2,1,1,3,75113,M,"48,8309770","2,3668010",75
202000009174,20,9,15,08:58,1,2,1,1,6,75113,M,"48,8217400","2,3586700",75
202000009175,20,9,15,01:15,3,2,1,1,2,75111,M,"48,8650650","2,3756640",75
202000009176,20,9,15,19:35,2,2,3,1,3,75110,M,"48,8751710","2,3671850",75
202000009177,20,9,15,11:30,1,2,4,1,3,75110,M,"48,8740570","2,3703290",75
202000009178,20,9,15,19:52,5,2,3,1,3,75116,M,"48,8641830","2,3015610",75
202000009179,20,9,15,18:50,1,2,7,1,1,75108,M,"48,8682830","2,3099960",75
202000009180,20,9,15,16:30,1,2,7,1,3,75108,M,"48,8666630","2,3220430",75
202000009181,20,9,14,09:45,1,2,7,1,2,75108,M,"48,8738159","2,2959058",75
202000009182,20,9,14,21:30,5,2,1,1,7,75101,M,"48,8645170","2,3299620",75
202000009183,20,9,15,12:01,1,2,1,1,6,94080,M,"48,8464800","2,4365900",94
202000009184,20,9,15,09:29,1,2,1,1,3,94046,M,"48,8041000","2,4371000",94
202000009185,20,9,15,07:40,1,2,1,1,6,94028,M,"48,7977000","2,4484800",94
202000009186,20,9,14,18:37,1,2,4,1,3,94019,M,"48,7875600","2,5205200",94
202000009187,20,9,14,14:05,1,2,1,1,4,94017,M,"48,8094100","2,5451800",94
202000009188,20,9,14,19:25,1,2,1,1,2,93066,M,"48,9267483","2,3378244",93
202000009189,20,9,13,14:30,1,2,1,1,2,93066,M,"48,9405500","2,3458700",93
202000009190,20,9,15,13:00,1,2,2,1,6,93064,M,"48,8742441","2,4824741",93
202000009191,20,9,15,17:10,1,2,1,1,3,93055,M,"48,8933200","2,4136900",93
202000009192,20,9,15,13:15,1,2,3,1,3,93055,M,"48,8875000","2,4103000",93
202000009193,20,9,15,16:50,1,2,9,1,3,93008,M,"48,9081647","2,4268276",93
202000009194,20,9,15,18:14,1,2,1,1,1,93048,M,"48,8619300","2,4619500",93
202000009195,20,9,14,16:00,1,2,1,1,2,93006,M,"48,8695000","2,4161000",93
202000009196,20,9,14,10:40,1,2,2,1,3,93006,M,"48,8672600","2,4181900",93
202000009197,20,9,15,15:50,1,2,9,1,-1,93031,M,"48,9479900","2,3387100",93
202000009198,20,9,15,09:25,1,2,3,1,3,93072,M,"48,9580540","2,3658400",93
202000009199,20,9,15,08:57,1,2,1,1,3,93029,M,"48,9222716","2,4211883",93
202000009200,20,9,14,19:10,2,2,7,7,6,93029,M,"48,9216000","2,4441100",93
202000009201,20,9,15,15:30,1,1,1,1,6,93010,M,"48,9126201","2,4817678",93
202000009202,20,9,15,18:30,1,2,3,1,2,93008,M,"48,9093331","2,4731653",93
202000009203,20,9,14,21:32,5,2,1,1,3,92022,M,"48,8054700","2,1845500",92
202000009204,20,9,15,08:15,1,2,2,1,2,92024,M,"48,9034623","2,2895532",92
202000009205,20,9,15,15:00,1,2,6,1,3,92002,M,"48,7612890","2,2909440",92
202000009206,20,9,15,18:55,1,1,1,2,1,22339,M,"48,5094120"," -2,0804500",22
202000009207,20,9,15,17:30,1,2,3,1,3,37175,M,"47,5466930","0,7502022",37
202000009208,20,8,6,18:20,1,1,2,7,4,87125,M,"45,9153550","1,3359440",87
202000009209,20,9,16,14:00,1,2,9,1,2,41194,M,"47,3400540","1,7494090",41
202000009210,20,9,15,16:30,1,1,1,1,1,43183,M,"45,1389729","3,6264620",43
202000009211,20,9,16,09:17,1,1,2,1,3,63143,M,"46,0284430","3,2484020",63
202000009212,20,9,15,08:45,1,1,2,1,3,28006,M,"48,4356750","1,4144680",28
202000009213,20,9,15,14:45,1,2,1,1,2,91665,M,"48,6525810","2,2730060",91
202000009214,20,9,16,04:00,3,1,1,1,7,65153,M,"43,2373710","0,2011010",65
202000009215,20,9,16,13:15,1,1,1,1,3,72008,M,"47,9135320","0,1760350",72
202000009216,20,9,16,07:45,1,1,1,1,7,50458,M,"49,3438170"," -1,2737060",50
202000009217,20,9,16,16:25,1,1,1,1,6,30232,M,"44,1752290","4,4832430",30
202000009218,20,9,13,17:25,1,1,1,1,1,74190,M,"46,0882110","6,6632880",74
202000009219,20,9,16,13:00,1,2,1,1,6,2A130,M,"41,8909770","8,8041040",2A
202000009220,20,9,16,13:00,1,1,1,1,1,82127,M,"44,1831930","1,0844060",82
202000009221,20,9,15,17:45,1,1,3,1,1,69162,M,"46,1121590","4,6419700",69
202000009222,20,9,14,18:05,1,1,2,1,3,61095,M,"48,7067180"," -0,6372820",61
202000009223,20,9,15,10:00,1,1,1,1,1,12142,M,"44,3970110","2,3702250",12
202000009224,20,9,15,16:15,1,1,1,1,5,25535,M,"47,1329290","6,2163090",25
202000009225,20,9,13,10:20,1,1,1,1,7,29206,M,"48,6211720"," -4,1934840",29
202000009226,20,9,16,15:59,1,1,1,1,1,02012,M,"49,3236540","3,4219190",02
202000009227,20,9,14,17:40,1,2,3,1,2,01034,M,"45,7568610","5,6737890",01
202000009228,20,9,15,17:15,1,1,1,1,6,70442,M,"47,6469990","5,7540590",70
202000009229,20,9,14,20:20,3,1,1,1,7,58223,M,"47,0214830","3,5269220",58
202000009230,20,9,16,20:00,1,2,1,1,3,72223,M,"47,8658770"," -0,1007460",72
202000009231,20,9,12,10:15,1,1,1,1,6,72046,M,"47,9842340","0,5016370",72
202000009232,20,9,16,16:25,1,1,2,1,5,50085,M,"48,9158230"," -1,5330000",50
202000009233,20,9,15,17:15,1,1,1,1,3,60173,M,"49,2589410","2,3889470",60
202000009234,20,9,15,20:45,3,1,1,1,7,27698,M,"49,1711410","0,8683060",27
202000009235,20,9,15,11:25,1,1,1,1,-1,17385,M,"45,9522840"," -1,2513260",17
202000009236,20,9,15,11:45,1,2,3,1,6,37281,M,"47,4213610","0,7824536",37
202000009237,20,9,9,22:15,3,1,1,1,6,37167,M,"47,5528686","0,5490840",37
202000009238,20,9,13,08:30,1,1,1,1,7,68375,M,"47,7734760","7,2220840",68
202000009239,20,9,16,09:40,1,1,6,1,6,78575,M,"48,7197590","2,0889150",78
202000009240,20,9,15,12:30,1,2,1,1,3,13044,M,"43,6067710","5,0640590",13
202000009241,20,9,16,14:59,1,1,9,1,2,82037,M,"44,1437172","1,5026285",82
202000009242,20,9,12,14:40,1,1,1,1,7,57413,M,"49,1354240","6,6467290",57
202000009243,20,9,16,01:20,3,2,1,1,3,97306,G,"5,6684946"," -53,7779743",973
202000009244,20,9,15,14:30,1,2,1,1,1,97228,A,"14,7445130"," -61,0214250",972
202000009245,20,9,15,11:40,1,2,1,1,1,97230,A,"14,7343420"," -60,9538870",972
202000009246,20,9,15,16:55,1,2,1,1,6,21452,M,"47,2793670","5,1077250",21
202000009247,20,9,13,12:20,1,2,1,1,2,84003,M,"43,8766440","5,4006330",84
202000009248,20,9,15,08:00,1,2,9,1,2,84092,M,"43,9751250","4,8579850",84
202000009249,20,1,29,08:25,1,2,1,1,6,59350,M,"50,6212304","3,0332372",59
202000009250,20,1,29,17:25,1,2,3,1,3,56260,M,"47,6546667"," -2,7566619",56
202000009251,20,1,29,14:45,1,2,1,1,7,51454,M,"49,2664269","4,0254319",51
202000009252,20,1,29,07:45,2,2,1,1,3,51454,M,"49,2321871","4,0233387",51
202000009253,20,1,25,14:10,1,2,2,1,7,51230,M,"49,0461025","3,9571292",51
202000009254,20,1,28,07:45,2,2,1,2,6,49353,M,"47,4435800"," -0,4884000",49
202000009255,20,1,28,16:52,1,1,1,1,1,47001,M,"44,1952200","0,6119000",47
202000009256,20,1,29,13:50,1,2,3,1,6,45302,M,"47,9349560","1,8895680",45
202000009257,20,1,29,08:05,1,2,3,1,3,45234,M,"47,8452100","1,9309300",45
202000009258,20,1,28,17:25,2,2,1,1,6,44184,M,"47,2708000"," -2,2422000",44
202000009259,20,1,29,16:50,1,1,1,1,2,44162,M,"47,2458460"," -1,6215670",44
202000009260,20,1,28,12:21,1,1,1,1,6,42031,M,"45,4141400","4,2363000",42
202000009261,20,1,29,10:20,1,2,3,1,3,35278,M,"48,1529800"," -1,6862300",35
202000009262,20,1,28,13:15,1,2,9,1,3,34172,M,"43,6023000","3,9064500",34
202000009263,20,1,29,15:10,1,2,2,1,3,33162,M,"44,8798000"," -0,6475500",33
202000009264,20,1,29,16:50,2,2,1,2,6,33075,M,"44,8771400"," -0,5781200",33
202000009265,20,1,29,07:25,5,2,3,1,6,33529,M,"44,6327200"," -1,1456200",33
202000009266,20,1,16,12:30,1,2,1,1,2,22113,M,"48,7319800"," -3,4651100",22
202000009267,20,1,28,19:05,5,2,1,3,6,19031,M,"45,1645501","1,4933252",19
202000009268,20,1,29,15:30,1,2,1,1,3,13205,M,"43,2888000","5,4002700",13
202000009269,20,1,29,12:12,1,2,1,1,6,13202,M,"43,3005920","5,3705630",13
202000009270,20,1,29,11:05,1,2,1,1,4,13212,M,"43,3039870","5,4407440",13
202000009271,20,1,29,16:30,1,1,1,1,3,13001,M,"43,4713864","5,4018580",13
202000009272,20,1,29,09:00,1,2,1,1,2,13001,M,"43,5211350","5,4358080",13
202000009273,20,1,28,18:30,5,2,1,1,6,12145,M,"44,0936500","3,0726300",12
202000009274,20,1,29,08:03,1,2,2,1,6,10297,M,"48,3218000","4,0949900",10
202000009275,20,1,28,12:00,1,2,1,3,6,10362,M,"48,2922000","4,0400000",10
202000009276,20,1,29,11:30,1,2,9,1,6,07281,M,"44,9450940","4,8455930",07
202000009277,20,1,27,16:55,1,2,2,1,3,06069,M,"43,6435000","6,9148300",06
202000009278,20,1,18,18:30,5,2,1,1,6,02691,M,"49,8589990","3,2896250",02
202000009279,20,1,29,08:50,1,2,1,1,2,75114,M,"48,8252250","2,3021900",75
202000009280,20,1,29,13:15,1,2,1,1,6,75119,M,"48,8903846","2,3728310",75
202000009281,20,1,29,09:00,1,2,1,1,3,75119,M,"48,8987570","2,3733080",75
202000009282,20,1,28,20:00,5,2,2,2,3,75117,M,"48,8832910","2,3192320",75
202000009283,20,1,28,19:43,5,2,2,2,1,75116,M,"48,8706850","2,2593220",75
202000009284,20,1,28,10:25,1,2,2,1,3,75116,M,"48,8573650","2,2646830",75
202000009285,20,1,29,18:00,2,2,1,1,6,75115,M,"48,8484781","2,2992479",75
202000009286,20,1,29,17:35,2,2,1,1,3,75112,M,"48,8464058","2,3836644",75
202000009287,20,1,29,13:10,1,2,2,1,2,75111,M,"48,8557010","2,3787040",75
202000009288,20,1,29,18:00,5,2,7,1,2,75110,M,"48,8804796","2,3525196",75
202000009289,20,1,29,18:40,5,2,2,1,6,75108,M,"48,8661167","2,2996589",75
202000009290,20,1,29,17:26,5,2,7,1,7,75101,M,"48,8627187","2,3352569",75
202000009291,20,1,29,16:15,1,2,4,1,3,75104,M,"48,8482919","2,3649721",75
202000009292,20,1,29,15:45,1,2,1,1,3,94046,M,"48,8103000","2,4236700",94
202000009293,20,1,29,14:30,1,2,1,1,1,94003,M,"48,8107900","2,3343000",94
202000009294,20,1,29,12:10,1,2,9,1,2,94073,M,"48,7533600","2,3584000",94
202000009295,20,1,28,15:00,1,2,1,1,3,94017,M,"48,8098900","2,5191800",94
202000009296,20,1,29,19:00,5,2,6,1,3,93073,M,"48,9893000","2,5197000",93
202000009297,20,1,28,23:00,5,2,1,2,3,93070,M,"48,9063900","2,3425900",93
202000009298,20,1,28,12:55,1,2,1,4,6,93066,M,"48,9273000","2,3642300",93
202000009299,20,1,29,09:15,1,2,2,1,3,93077,M,"48,8974298","2,5028928",93
202000009300,20,1,29,11:50,1,2,1,1,6,93051,M,"48,8481000","2,5487700",93
202000009301,20,1,29,08:00,2,2,1,2,2,93051,M,"48,8495500","2,5659500",93
202000009302,20,1,24,08:30,2,2,1,1,7,93029,M,"48,9179460","2,4592780",93
202000009303,20,1,8,10:10,1,2,1,1,2,93027,M,"48,9284100","2,3892000",93
202000009304,20,1,29,09:35,1,2,2,1,1,93010,M,"48,8903500","2,4964200",93
202000009305,20,1,29,04:15,5,2,1,1,3,93057,M,"48,9062463","2,5117068",93
202000009306,20,1,29,16:26,1,2,1,1,6,93007,M,"48,9407000","2,4332000",93
202000009307,20,1,28,11:45,1,2,2,8,3,92046,M,"48,8129460","2,2987190",92
202000009308,20,1,29,08:35,1,2,1,1,3,92064,M,"48,8436382","2,2223461",92
202000009309,20,1,28,14:00,1,2,1,2,7,92051,M,"48,8798673","2,2799131",92
202000009310,20,1,29,16:00,1,2,1,1,7,92048,M,"48,7863870","2,2232410",92
202000009311,20,1,29,15:40,1,1,1,1,7,92048,M,"48,7908100","2,2328200",92
202000009312,20,1,29,11:30,1,2,3,1,1,92048,M,"48,8062380","2,2383930",92
202000009313,20,1,29,17:45,2,2,1,8,6,92007,M,"48,7984200","2,3175900",92
202000009314,20,1,25,05:10,5,2,9,1,3,92014,M,"48,7874900","2,3126700",92
202000009315,20,1,30,16:00,1,2,2,3,3,80615,M,"50,0191150","2,6881420",80
202000009316,20,1,30,13:00,1,1,1,1,1,86111,M,"46,8918137","0,5691190",86
202000009317,20,1,29,19:20,3,1,1,1,6,09123,M,"43,1695667","1,2386817",09
202000009318,20,1,29,14:40,1,2,1,1,6,64061,M,"43,3890758"," -0,5562478",64
202000009319,20,1,28,21:15,3,1,1,1,6,62849,M,"50,4064624","1,6254826",62
202000009320,20,1,29,21:22,3,1,1,2,7,44196,M,"47,5414910"," -2,0573940",44
202000009321,20,1,29,18:30,3,1,1,1,5,2B009,M,"42,0913760","9,5106840",2B
202000009322,20,1,29,07:25,5,1,1,8,7,59666,M,"50,8832944","2,3855379",59
202000009323,20,1,30,09:00,1,1,1,9,7,55462,M,"49,0219840","5,6892340",55
202000009324,20,1,24,23:50,5,2,6,1,6,42149,M,"45,6381710","4,2363400",42
202000009325,20,1,30,11:30,1,1,1,3,3,46278,M,"44,4001690","1,1208840",46
202000009326,20,1,28,17:20,1,2,1,2,6,35360,M,"48,1178250"," -1,2050500",35
202000009327,20,1,28,13:20,1,2,6,2,3,29260,M,"48,4264530"," -4,6151590",29
202000009328,20,1,29,22:15,3,1,1,1,6,70323,M,"47,9492430","6,1465710",70
202000009329,20,1,30,05:30,3,1,1,1,3,05036,M,"44,6144940","6,5320840",05
202000009330,20,1,30,17:00,2,2,1,1,3,83012,M,"43,5548010","6,0094810",83
202000009331,20,1,30,12:10,1,1,1,2,1,36171,M,"47,0740380","2,0390800",36
202000009332,20,1,29,16:00,1,1,1,1,6,07302,M,"44,6467270","4,6943220",07
202000009333,20,1,29,11:00,1,1,1,1,6,40022,M,"43,6700100"," -0,3482690",40
202000009334,20,1,28,16:45,1,1,1,1,6,40122,M,"43,8329940"," -0,5323860",40
202000009335,20,1,30,18:25,5,2,9,2,7,48039,M,"44,4658752","3,3449372",48
202000009336,20,1,30,08:15,2,1,1,2,6,44048,M,"47,3626331"," -1,3155055",44
202000009337,20,1,30,08:50,1,1,1,1,6,68297,M,"47,6060430","7,5284640",68
202000009338,20,1,30,08:57,1,1,1,1,7,51242,M,"48,9423206","4,2882525",51
202000009339,20,1,29,09:30,1,2,1,1,6,98729,P," -17,5331890"," -149,8386110",987
202000009340,20,1,28,21:10,3,1,1,1,6,97305,G,"5,0026680"," -52,4599530",973
202000009341,20,1,30,08:00,1,2,1,1,7,97108,A,"15,9000580"," -61,2397460",971
202000009342,20,1,30,00:15,3,1,1,1,7,13110,M,"43,4779850","5,6871310",13
202000009343,20,1,30,06:20,3,1,1,9,1,57296,M,"49,2240190","6,5929470",57
202000009344,20,1,27,13:10,1,2,1,1,6,38344,M,"45,3665480","4,8061270",38
202000009345,20,1,29,18:00,2,2,2,1,3,17086,M,"45,7455380"," -0,5733490",17
202000009346,20,1,30,11:45,1,1,2,1,3,86095,M,"46,6995590","0,4455980",86
202000009347,20,1,12,18:30,5,2,1,1,3,33341,M,"45,0809300"," -0,5040840",33
202000009348,20,1,29,16:15,1,1,2,1,3,14289,M,"48,8954420"," -0,1118860",14
202000009349,20,1,28,07:55,2,1,9,8,6,29181,M,"48,4693290"," -4,2608070",29
202000009350,20,1,28,12:00,1,1,1,8,6,22002,M,"48,5028440"," -2,5857350",22
202000009351,20,1,30,16:15,1,1,1,2,2,80359,M,"49,7412900","2,7867310",80
202000009352,20,1,29,09:10,1,1,1,1,7,13210,M,"43,2859000","5,4278000",13
202000009353,20,1,29,21:25,3,1,1,1,3,94038,M,"48,7778900","2,3459900",94
202000009354,20,1,29,07:00,1,1,1,1,3,78498,M,"48,9044040","2,0050770",78
202000009355,20,1,28,18:00,3,1,1,3,2,95365,M,"49,0604100","2,4175800",95
202000009356,20,1,28,12:00,1,1,1,1,5,95060,M,"49,0400100","2,1908300",95
202000009357,20,1,28,14:30,1,1,1,1,2,93007,M,"48,9454600","2,4400400",93
202000009358,20,1,28,09:00,1,1,1,2,3,95018,M,"48,9586000","2,2740500",95
202000009359,20,1,28,09:20,1,1,1,1,5,93064,M,"48,8792500","2,4760400",93
202000009360,20,1,27,06:25,3,1,1,2,3,93005,M,"48,9508800","2,4745400",93
202000009361,20,1,21,19:50,3,1,1,1,2,94015,M,"48,8292886","2,5284163",94
202000009362,20,1,26,02:45,5,2,1,2,2,93053,M,"48,8907400","2,4710500",93
202000009363,20,1,28,21:10,5,2,4,1,6,98818,C," -22,2491100","166,4511800",988
202000009364,20,1,28,22:45,5,2,4,1,3,98818,C," -22,2911900","166,4452300",988
202000009365,20,1,28,16:40,1,2,1,1,3,97611,Y," -12,7703100","45,2237700",976
202000009366,20,1,28,01:19,5,2,1,1,6,97411,R," -20,8849565","55,4396296",974
202000009367,20,1,28,19:00,5,2,2,2,3,69386,M,"45,7691000","4,8605000",69
202000009368,20,1,28,17:30,1,2,2,2,3,69383,M,"45,7452700","4,8929900",69
202000009369,20,1,28,14:30,1,2,1,2,6,69383,M,"45,7606000","4,8505000",69
202000009370,20,1,28,16:50,1,2,3,1,3,97213,A,"14,6093000"," -60,9529000",972
202000009371,20,1,25,21:10,3,1,6,1,2,97213,A,"14,6260000"," -60,9788000",972
202000009372,20,1,28,07:55,1,2,1,1,6,69389,M,"45,7809400","4,7937500",69
202000009373,20,1,26,23:41,3,1,1,3,1,95127,M,"49,0514622","2,0515898",95
202000009374,20,1,28,15:20,1,2,1,1,6,91691,M,"48,7111000","2,4862000",91
202000009375,20,1,28,18:20,2,2,6,2,2,91286,M,"48,6496100","2,3834200",91
202000009376,20,1,20,08:20,1,2,1,1,6,84007,M,"43,9401400","4,8421700",84
202000009377,20,1,8,19:10,4,1,1,1,1,30351,M,"43,9904400","4,8088700",30
202000009378,20,1,28,17:00,1,2,1,1,1,83137,M,"43,1285490","5,9128090",83
202000009379,20,1,27,16:55,1,2,1,8,1,83137,M,"43,1271900","5,9251300",83
202000009380,20,1,27,19:45,5,2,1,1,1,80489,M,"49,8681400","2,3734500",80
202000009381,20,1,26,09:50,1,2,1,2,3,78005,M,"48,9740000","2,0803000",78
202000009382,20,1,27,08:10,5,2,1,1,6,76540,M,"49,4256700","1,0737700",76
202000009383,20,1,24,14:05,1,2,1,1,6,76351,M,"49,5102500","0,1304600",76
202000009384,20,1,25,18:10,5,1,4,1,7,73222,M,"45,5854221","5,9769448",73
202000009385,20,1,27,12:00,1,2,1,8,6,73065,M,"45,5708900","5,9207400",73
202000009386,20,1,27,08:50,1,2,3,1,1,67267,M,"48,5623661","7,6862656",67
202000009387,20,1,25,17:30,2,2,1,1,6,67267,M,"48,5576386","7,6835385",67
202000009388,20,1,25,19:10,5,2,1,1,7,64122,M,"43,4756600"," -1,5453200",64
202000009389,20,1,28,14:00,1,2,1,1,3,59378,M,"50,6786700","3,1145300",59
202000009390,20,1,28,11:00,1,1,1,1,6,59009,M,"50,6479900","3,1464200",59
202000009391,20,1,22,15:30,1,2,2,1,6,58194,M,"46,9960780","3,1242880",58
202000009392,20,1,27,17:25,1,2,3,1,3,56121,M,"47,7476300"," -3,3741700",56
202000009393,20,1,27,07:50,2,2,2,2,3,54395,M,"48,6793570","6,1894250",54
202000009394,20,1,27,20:10,5,2,2,2,3,51454,M,"49,2504468","4,0527172",51
202000009395,20,1,27,08:00,2,2,1,2,6,49015,M,"47,5015900"," -0,5871200",49
202000009396,20,1,28,08:09,2,2,1,2,2,37233,M,"47,3808014","0,7446490",37
202000009397,20,1,28,08:20,1,2,2,1,6,37261,M,"47,3885650","0,6760956",37
202000009398,20,1,28,20:00,3,1,1,1,2,35238,M,"48,0818300"," -1,6760400",35
202000009399,20,1,28,15:25,1,2,1,1,5,35238,M,"48,0940000"," -1,6773000",35
202000009400,20,1,28,14:50,1,2,6,1,6,35278,M,"48,1373470"," -1,6863880",35
202000009401,20,1,28,11:45,1,2,1,1,6,35238,M,"48,1239553"," -1,6847974",35
202000009402,20,1,28,12:25,1,2,1,1,3,33162,M,"44,8740800"," -0,6354400",33
202000009403,20,1,27,09:05,1,1,1,1,3,32013,M,"43,6816919","0,6189519",32
202000009404,20,1,22,09:55,1,2,1,3,6,31555,M,"43,5813000","1,3861100",31
202000009405,20,1,26,06:10,3,2,1,1,6,31555,M,"43,5570700","1,4870900",31
202000009406,20,1,26,18:33,5,2,1,1,3,31555,M,"43,5802700","1,3908200",31
202000009407,20,1,28,11:15,1,1,3,9,3,31565,M,"43,0943000","0,6875000",31
202000009408,20,1,27,17:50,3,2,1,2,4,27701,M,"49,2714300","1,2440000",27
202000009409,20,1,26,16:30,1,2,3,1,6,26362,M,"44,9226000","4,8842200",26
202000009410,20,1,24,16:15,1,2,6,1,3,22278,M,"48,5102600"," -2,7570200",22
202000009411,20,1,27,18:50,3,2,3,3,6,17306,M,"45,6429800"," -1,0248400",17
202000009412,20,1,28,10:00,1,1,1,8,6,17200,M,"46,1813800"," -1,1450000",17
202000009413,20,1,28,23:15,5,2,1,1,3,13213,M,"43,3307100","5,4080400",13
202000009414,20,1,28,21:07,5,2,2,1,-1,13209,M,"43,2706090","5,4074520",13
202000009415,20,1,28,18:30,3,1,1,1,5,13209,M,"43,2424200","5,4531300",13
202000009416,20,1,28,13:40,1,2,2,1,3,13201,M,"43,2995550","5,3787080",13
202000009417,20,1,27,07:30,1,2,1,1,5,13205,M,"43,2941632","5,4016010",13
202000009418,20,1,27,16:16,1,1,1,2,4,10333,M,"48,2737100","4,0473400",10
202000009419,20,1,27,10:15,1,2,2,2,3,10387,M,"48,2968000","4,0714000",10
202000009420,20,1,28,22:15,5,2,1,1,6,09122,M,"42,9592200","1,6168300",09
202000009421,20,1,22,10:05,1,2,1,1,6,08409,M,"49,7091000","4,9394200",08
202000009422,20,1,28,17:05,1,2,1,1,6,06027,M,"43,6681000","7,1602000",06
202000009423,20,1,28,18:35,5,2,1,1,3,06004,M,"43,6003700","7,1128900",06
202000009424,20,1,26,18:25,2,2,1,1,2,75120,M,"48,8543770","2,4140790",75
202000009425,20,1,10,20:55,5,2,1,1,4,75116,M,"48,8694718","2,2713430",75
202000009426,20,1,27,08:15,2,2,1,2,3,75105,M,"48,8483160","2,3588164",75
202000009427,20,1,27,10:00,1,2,2,2,3,75120,M,"48,8591610","2,4021300",75
202000009428,20,1,28,15:00,1,2,1,1,3,75119,M,"48,8809190","2,3737510",75
202000009429,20,1,28,07:09,5,2,2,1,3,75119,M,"48,8944100","2,3815030",75
202000009430,20,1,28,10:15,1,2,3,1,6,75118,M,"48,8902850","2,3583210",75
202000009431,20,1,28,18:15,5,2,4,2,6,75117,M,"48,8837810","2,3228090",75
202000009432,20,1,28,17:45,5,2,3,1,3,75117,M,"48,8866150","2,3260060",75
202000009433,20,1,28,09:48,1,2,2,1,3,75116,M,"48,8634580","2,2481250",75
202000009434,20,1,27,21:45,5,2,1,1,6,75116,M,"48,8374480","2,2581220",75
202000009435,20,1,28,14:45,1,2,3,1,3,75115,M,"48,8458740","2,3135140",75
202000009436,20,1,28,12:15,1,2,5,1,1,75115,M,"48,8436180","2,2957680",75
202000009437,20,1,28,08:50,1,2,2,1,6,75115,M,"48,8378730","2,2817920",75
202000009438,20,1,28,16:55,1,2,4,1,6,75114,M,"48,8306580","2,3313090",75
202000009439,20,1,27,23:23,5,2,5,2,3,75114,M,"48,8201990","2,3239990",75
202000009440,20,1,28,17:00,1,2,5,1,-1,75113,M,"48,8258250","2,3503710",75
202000009441,20,1,28,17:50,5,2,4,2,3,75112,M,"48,8328830","2,3835860",75
202000009442,20,7,19,13:30,1,1,1,1,7,32304,M,"43,3809100","0,5767820",32
202000009443,20,7,20,08:10,1,1,1,1,1,32253,M,"43,9732840","0,7902080",32
202000009444,20,7,19,16:25,1,1,1,1,7,11367,M,"43,3930740","2,1189880",11
202000009445,20,7,20,15:30,1,1,3,1,3,39126,M,"46,5931140","5,9563050",39
202000009446,20,7,18,10:40,1,2,3,1,3,44049,M,"47,2862600"," -2,5186960",44
202000009447,20,7,19,09:00,1,1,1,1,5,29056,M,"48,4434370"," -4,3020920",29
202000009448,20,7,7,12:26,1,2,1,1,4,38229,M,"45,2026670","5,7612290",38
202000009449,20,7,20,18:00,1,1,1,7,7,02223,M,"48,9841880","3,4959380",02
202000009450,20,7,20,13:06,1,1,3,1,3,01093,M,"46,1312960","4,9673650",01
202000009451,20,7,20,05:30,3,1,1,1,6,58273,M,"46,9787150","3,2351730",58
202000009452,20,6,30,18:20,1,2,1,1,6,58131,M,"47,0855860","3,1928690",58
202000009453,20,7,19,08:15,1,2,4,1,3,06079,M,"43,5316620","6,9481690",06
202000009454,20,7,20,19:40,1,2,1,1,7,50003,M,"49,0504630"," -1,5811730",50
202000009455,20,7,19,21:55,3,1,1,1,6,50111,M,"49,0275810"," -1,2678210",50
202000009456,20,7,19,11:30,1,2,1,1,7,64037,M,"43,3276750"," -0,4975710",64
202000009457,20,7,20,03:05,3,1,1,1,1,18166,M,"47,1061350","2,5575830",18
202000009458,20,7,19,22:30,3,1,1,1,7,43154,M,"44,7839060","3,8855020",43
202000009459,20,7,19,20:35,2,1,1,1,6,16100,M,"45,9302290","0,6476350",16
202000009460,20,7,19,20:40,2,2,4,1,3,21524,M,"47,9739450","4,6718370",21
202000009461,20,7,19,17:00,1,1,1,1,6,24081,M,"44,8875140","1,3861870",24
202000009462,20,7,20,16:15,1,1,1,1,7,04004,M,"43,7816910","6,0010140",04
202000009463,20,7,19,14:20,1,1,1,1,7,04135,M,"43,8127290","6,2535810",04
202000009464,20,6,20,12:10,1,1,1,1,7,04135,M,"43,8425130","6,2142060",04
202000009465,20,7,19,16:40,1,1,1,7,2,17323,M,"46,0409560"," -1,4095540",17
202000009466,20,7,16,07:30,1,2,3,1,1,17168,M,"45,9893590"," -1,0795780",17
202000009467,20,7,20,11:30,1,2,1,1,1,48064,M,"44,8169840","3,1156540",48