Num_Acc,an,mois,jour,hrmn,lum,agg,int,atm,col,com,gps,lat,long,dep
202000009468,20,7,20,10:35,1,2,3,1,3,52550,M,"48,4988020","4,9460260",52
202000009469,20,7,19,10:30,1,1,1,1,7,67259,M,"48,9693121","7,7027009",67
202000009470,20,7,19,07:00,1,2,3,1,6,98831,C," -20,9443000","164,6842500",988
202000009471,20,7,20,07:00,1,1,1,1,1,98821,C," -22,1233900","166,3306400",988
202000009472,20,7,19,21:55,5,1,6,1,6,97415,R," -21,0458390","55,2221290",974
202000009473,20,7,19,03:50,3,2,1,1,7,97420,R," -20,9476080","55,6313060",974
202000009474,20,7,19,09:25,1,1,1,1,-1,77110,M,"48,1684167","2,6507413",77
202000009475,20,7,20,08:55,1,2,1,1,3,77138,M,"48,6572550","2,9103090",77
202000009476,20,7,19,10:00,1,1,2,7,1,78601,M,"48,6120800","1,8728470",78
202000009477,20,7,19,11:10,1,1,3,1,2,78128,M,"48,6764960","1,9871840",78
202000009478,20,7,19,11:15,1,1,1,1,7,78108,M,"48,7252020","1,8439220",78
202000009479,20,7,19,05:50,2,2,6,1,6,66212,M,"42,7593020","2,9904270",66
202000009480,20,7,19,11:30,1,1,1,7,1,30080,M,"44,2848130","3,9765360",30
202000009481,20,7,19,13:00,1,1,1,1,3,05101,M,"44,8957990","6,4447260",05
202000009482,20,7,19,03:40,3,1,1,1,7,68036,M,"48,0534720","7,5147770",68
202000009483,20,7,19,19:20,1,1,1,1,6,67337,M,"48,3590637","7,4262535",67
202000009484,20,7,20,15:00,1,1,1,1,7,03290,M,"46,6356864","3,2779768",03
202000009485,20,7,19,16:00,1,1,6,1,6,63200,M,"45,8411510","3,2120068",63
202000009486,20,7,19,13:30,1,2,1,1,-1,74058,M,"46,2956390","6,7815710",74
202000009487,20,7,19,09:30,1,1,1,1,3,38494,M,"45,6884230","5,3568540",38
202000009488,20,7,20,11:45,1,1,1,1,7,38442,M,"45,3041120","5,8316800",38
202000009489,20,7,20,09:30,1,2,1,7,6,69203,M,"45,7108820","4,4949500",69
202000009490,20,7,19,14:53,1,1,9,7,3,19085,M,"45,3184770","1,8414130",19
202000009491,20,7,19,23:15,3,1,1,1,3,35343,M,"47,8782120"," -1,5648580",35
202000009492,20,7,19,22:50,5,2,1,1,2,02720,M,"49,5709660","3,8777020",02
202000009493,20,7,18,12:00,1,1,1,1,3,13215,M,"43,3473170","5,3448520",13
202000009494,20,7,19,03:26,3,1,1,1,3,13211,M,"43,2876930","5,4400650",13
202000009495,20,7,17,10:09,1,1,1,1,5,13028,M,"43,1929749","5,6519355",13
202000009496,20,7,18,11:25,1,1,1,1,3,69266,M,"45,7607400","4,9095100",69
202000009497,20,7,18,23:40,4,1,1,1,2,33550,M,"44,7643400"," -0,5487500",33
202000009498,20,7,19,12:45,1,1,1,1,6,92072,M,"48,8260196","2,2226045",92
202000009499,20,7,19,12:50,1,1,1,1,6,92064,M,"48,8382291","2,1910380",92
202000009500,20,7,18,15:00,1,1,1,1,7,93053,M,"48,8803200","2,4510700",93
202000009501,20,7,19,11:30,1,1,1,1,6,77450,M,"48,7262334","2,5990477",77
202000009502,20,7,19,05:00,3,1,1,1,2,75112,M,"48,8200610","2,4597670",75
202000009503,20,7,18,19:30,1,1,1,1,4,77083,M,"48,8334577","2,5932024",77
202000009504,20,7,17,18:40,1,1,1,1,6,94079,M,"48,8352511","2,5387158",94
202000009505,20,3,4,19:55,5,2,9,2,7,24037,M,"44,8518000","0,4852000",24
202000009506,20,1,14,18:00,5,2,1,1,6,24322,M,"45,1845000","0,7088000",24
202000009507,20,7,19,09:50,1,2,1,1,2,98818,C," -22,2701100","166,4540400",988
202000009508,20,7,19,03:28,5,2,1,2,6,98818,C," -22,2918200","166,4455000",988
202000009509,20,7,17,09:50,1,2,1,1,3,97409,R," -20,9514329","55,6743676",974
202000009510,20,7,18,12:20,1,1,1,1,7,97407,R," -20,9396000","55,3298000",974
202000009511,20,7,17,16:45,1,2,6,1,3,97407,R," -20,9423280","55,2918400",974
202000009512,20,7,16,11:56,1,1,6,1,3,97302,G,"4,8969658"," -52,3283851",973
202000009513,20,7,18,03:30,5,2,1,1,2,69387,M,"45,7225700","4,8423700",69
202000009514,20,7,18,13:00,1,2,1,1,3,97209,A,"14,6183800"," -61,0513300",972
202000009515,20,7,17,17:10,1,1,1,1,3,97209,A,"14,6428700"," -61,0434000",972
202000009516,20,7,18,19:00,1,2,1,1,6,69384,M,"45,7727900","4,8382700",69
202000009517,20,7,18,03:10,5,1,4,1,1,97113,A,"16,2175540"," -61,4944590",971
202000009518,20,7,14,11:10,1,2,1,1,6,97101,A,"16,2744803"," -61,5038157",971
202000009519,20,7,17,18:40,1,2,1,1,4,91589,M,"48,6769100","2,3376300",91
202000009520,20,7,18,18:00,1,2,3,1,6,91657,M,"48,7041250","2,4177210",91
202000009521,20,7,18,20:01,1,2,1,1,7,91174,M,"48,5984500","2,4762800",91
202000009522,20,7,18,22:45,5,2,7,1,5,83069,M,"43,0830900","6,1571800",83
202000009523,20,7,19,01:50,5,1,1,1,7,83118,M,"43,4202730","6,7874810",83
202000009524,20,7,17,17:30,1,2,1,1,3,78646,M,"48,7998800","2,1329200",78
202000009525,20,7,18,02:20,5,2,2,1,3,76108,M,"49,4621000","1,1224600",76
202000009526,20,7,18,22:15,5,2,1,1,2,74298,M,"46,1873006","6,2717718",74
202000009527,20,7,18,06:45,1,2,2,1,1,69266,M,"45,7666000","4,9026000",69
202000009528,20,7,18,19:10,1,2,3,1,3,64445,M,"43,3054400"," -0,3745000",64
202000009529,20,7,18,09:10,1,2,1,1,3,64024,M,"43,4928700"," -1,5041400",64
202000009530,20,7,18,12:39,1,2,1,1,6,54274,M,"48,6684844","6,2080662",54
202000009531,20,7,18,14:20,1,2,1,1,-1,42095,M,"45,3937062","4,2926393",42
202000009532,20,7,17,16:30,1,2,1,1,3,38169,M,"45,2005300","5,6906400",38
202000009533,20,7,19,00:05,5,2,1,1,-1,37261,M,"47,3755506","0,7089397",37
202000009534,20,7,19,01:40,5,2,1,1,6,34003,M,"43,2973400","3,4736600",34
202000009535,20,7,18,10:40,1,2,1,1,2,30189,M,"43,8121800","4,3383500",30
202000009536,20,7,18,20:45,1,2,2,1,1,29232,M,"47,9964524"," -4,1085957",29
202000009537,20,7,18,01:00,5,2,1,1,1,26362,M,"44,9009100","4,8820700",26
202000009538,20,7,16,18:07,1,2,1,1,3,14437,M,"49,1700700"," -0,3239800",14
202000009539,20,7,18,21:30,5,2,1,1,6,13075,M,"43,3428900","5,4674100",13
202000009540,20,7,18,03:30,5,2,3,1,2,13201,M,"43,2924800","5,3749570",13
202000009541,20,7,17,21:40,5,2,6,1,6,13216,M,"43,3532900","5,3370000",13
202000009542,20,7,18,12:00,1,1,1,1,-1,13028,M,"43,1971470","5,5930490",13
202000009543,20,7,18,08:20,1,2,1,1,3,13028,M,"43,1946020","5,5996260",13
202000009544,20,7,18,22:35,5,2,1,1,1,10081,M,"48,3132900","4,0387500",10
202000009545,20,7,18,14:33,1,2,1,1,6,10362,M,"48,2985400","4,0444600",10
202000009546,20,7,19,01:15,3,1,1,9,6,09225,M,"43,1169400","1,6336100",09
202000009547,20,7,18,18:50,1,2,1,1,2,06088,M,"43,7213840","7,2837960",06
202000009548,20,7,18,17:30,1,2,1,1,3,06088,M,"43,6962400","7,2417600",06
202000009549,20,7,18,02:35,5,2,1,1,4,75117,M,"48,8987260","2,3158770",75
202000009550,20,7,17,23:50,5,2,4,1,2,75113,M,"48,8247890","2,3845610",75
202000009551,20,7,16,14:30,1,2,1,1,3,75118,M,"48,9007010","2,3344520",75
202000009552,20,7,16,13:10,1,2,3,1,2,75118,M,"48,8905020","2,3552990",75
202000009553,20,7,18,17:50,1,2,3,1,6,75118,M,"48,8852640","2,3495260",75
202000009554,20,7,18,15:51,1,2,2,1,2,75118,M,"48,8913340","2,3268860",75
202000009555,20,7,18,03:25,5,2,2,1,3,75117,M,"48,8969210","2,3103200",75
202000009556,20,7,18,00:07,5,2,1,1,6,75117,M,"48,8843360","2,3270470",75
202000009557,20,7,18,16:40,1,2,1,1,6,75116,M,"48,8764190","2,2646080",75
202000009558,20,7,18,03:00,5,2,1,1,7,75114,M,"48,8270830","2,3078110",75
202000009559,20,7,18,16:27,1,2,2,1,3,75113,M,"48,8322350","2,3797680",75
202000009560,20,7,17,21:30,2,2,4,1,4,75113,M,"48,8210260","2,3773230",75
202000009561,20,7,18,18:05,1,2,5,1,7,75108,M,"48,8780280","2,3052990",75
202000009562,20,7,18,06:00,2,2,1,1,7,75104,M,"48,8545940","2,3544680",75
202000009563,20,7,18,20:00,1,2,9,1,6,94074,M,"48,7492970","2,4644280",94
202000009564,20,7,18,17:45,1,2,1,1,6,93078,M,"48,9589805","2,5427452",93
202000009565,20,7,17,17:35,1,2,1,1,6,93066,M,"48,9105700","2,3577800",93
202000009566,20,7,18,18:50,1,2,3,1,1,93077,M,"48,8900500","2,4925000",93
202000009567,20,7,18,17:45,1,2,1,1,6,93077,M,"48,8931800","2,5030300",93
202000009568,20,7,18,14:45,1,2,3,1,3,93053,M,"48,8945626","2,4437148",93
202000009569,20,7,18,01:00,5,2,1,1,1,93051,M,"48,8512000","2,5343200",93
202000009570,20,7,18,05:00,1,2,9,1,2,93008,M,"48,9124134","2,4463713",93
202000009571,20,7,18,18:54,1,2,2,1,1,92022,M,"48,8055449","2,1842717",92
202000009572,20,7,18,09:10,1,2,1,1,7,92049,M,"48,8167400","2,3256900",92
202000009573,20,7,17,16:30,1,2,1,1,2,22050,M,"48,4464760"," -2,0694850",22
202000009574,20,7,6,17:45,1,2,1,1,6,22050,M,"48,4546560"," -2,0487520",22
202000009575,20,7,19,01:30,3,1,1,1,2,02060,M,"49,8440300","3,0874590",02
202000009576,20,7,18,09:25,1,2,3,7,3,40304,M,"43,6631610"," -1,4200580",40
202000009577,20,7,19,10:10,1,1,1,1,7,77141,M,"48,8651611","2,8501556",77
202000009578,20,7,17,13:45,1,2,3,1,3,68162,M,"48,1353300","7,2659180",68
202000009579,20,7,16,13:00,1,1,1,1,7,97412,R," -21,3386880","55,5916190",974
202000009580,20,7,18,19:30,1,2,2,7,3,01347,M,"45,9614650","4,7724870",01
202000009581,20,7,19,10:00,1,1,1,1,5,74152,M,"45,9038590","6,0320410",74
202000009582,20,7,19,13:55,1,1,1,1,7,44210,M,"47,3143150"," -2,1990040",44
202000009583,20,7,17,19:10,1,1,9,1,7,44089,M,"47,3461580"," -1,8634700",44
202000009584,20,7,18,22:30,3,2,3,1,1,74048,M,"46,2771670","6,3997400",74
202000009585,20,7,19,16:35,1,1,1,1,3,57321,M,"48,7022160","7,0445220",57
202000009586,20,7,18,19:30,1,2,1,1,6,62566,M,"50,6782920","1,8671930",62
202000009587,20,7,18,12:45,1,1,1,1,7,82102,M,"44,0122930","0,8618900",82
202000009588,20,7,19,16:45,1,1,1,1,6,89235,M,"47,4782833","3,9526765",89
202000009589,20,7,19,12:03,1,1,3,1,3,61426,M,"48,3575040","0,5446820",61
202000009590,20,6,29,12:20,1,1,1,1,6,61432,M,"48,7589330","0,6740500",61
202000009591,20,7,19,11:00,1,1,1,1,6,61474,M,"48,7632050","0,1757810",61
202000009592,20,7,18,16:15,1,1,1,1,6,55008,M,"49,2434920","5,6671430",55
202000009593,20,7,19,16:19,1,2,1,1,6,55215,M,"48,5139580","5,5031770",55
202000009594,20,7,18,11:10,1,2,1,1,6,34150,M,"43,3193160","3,5468030",34
202000009595,20,7,18,18:45,1,2,4,7,1,22181,M,"48,2243029"," -3,1782572",22
202000009596,20,7,18,22:43,5,2,9,1,7,25228,M,"47,5154760","6,8694590",25
202000009597,20,7,19,11:15,1,1,2,7,3,35078,M,"48,6019210"," -1,7108790",35
202000009598,20,7,19,07:00,1,1,1,1,7,02294,M,"49,5206670","3,5868000",02
202000009599,20,7,18,10:20,1,1,6,1,3,03273,M,"46,2055257","3,4452380",03
202000009600,20,7,18,10:45,1,1,1,1,1,15248,M,"45,0612150","2,8731180",15
202000009601,20,7,18,12:30,1,1,1,1,6,26345,M,"44,3012820","4,8368380",26
202000009602,20,7,18,15:30,1,1,1,1,5,26069,M,"44,8255300","5,3863480",26
202000009603,20,7,19,03:00,3,1,1,1,6,58291,M,"46,9107940","3,5048480",58
202000009604,20,7,19,11:35,1,1,1,1,1,83007,M,"43,6576580","6,2220380",83
202000009605,20,7,17,12:40,1,1,1,1,7,09140,M,"42,7511130","1,8474300",09
202000009606,20,7,19,12:15,1,1,1,1,7,45193,M,"47,7658110","2,0847630",45
202000009607,20,7,19,05:00,3,1,1,1,1,45272,M,"47,8155100","1,9274250",45
202000009608,20,7,19,18:50,1,1,3,7,3,73151,M,"45,5095958","6,0048561",73
202000009609,20,7,18,16:15,1,1,1,1,5,43140,M,"45,0565240","3,9150600",43
202000009610,20,7,18,21:40,2,1,1,1,1,16135,M,"45,6515180","0,5288350",16
202000009611,20,7,17,16:50,1,1,1,6,6,07139,M,"44,7560330","4,3436280",07
202000009612,20,7,19,02:40,3,1,6,1,6,24237,M,"44,8886240","0,5511620",24
202000009613,20,6,17,17:45,1,1,2,1,3,37231,M,"47,5522225","0,4377567",37
202000009614,20,7,17,19:10,1,1,1,7,3,37231,M,"47,5971347","0,5268288",37
202000009615,20,7,19,11:15,1,1,1,1,1,30009,M,"43,9784870","3,4170060",30
202000009616,20,7,18,19:45,1,1,1,1,7,48075,M,"44,3825820","3,5208180",48
202000009617,20,7,18,18:00,1,1,1,1,7,18190,M,"47,1285820","2,1891040",18
202000009618,20,7,18,15:10,1,1,1,1,2,74064,M,"46,0821910","6,5797810",74
202000009619,20,7,19,11:10,1,1,1,1,-1,69264,M,"45,9981780","4,7357140",69
202000009620,20,7,18,10:00,1,1,1,1,4,13118,M,"43,5522960","5,2481170",13
202000009621,20,7,18,23:50,3,1,1,1,6,98833,C," -21,4382390","165,8244500",988
202000009622,20,7,19,08:30,1,1,1,1,6,78164,M,"48,5972920","1,9280220",78
202000009623,20,7,19,12:00,1,2,9,1,3,2B042,M,"42,5961860","9,4969080",2B
202000009624,20,7,19,18:15,1,1,1,1,1,30130,M,"44,3180990","3,9666280",30
202000009625,20,7,18,16:50,1,1,1,1,7,69239,M,"45,9093550","4,5141070",69
202000009626,20,7,19,04:30,3,1,1,1,7,85298,M,"46,5880500"," -1,7301500",85
202000009627,20,7,19,01:15,3,1,2,1,3,85003,M,"46,7015500"," -1,6573600",85
202000009628,20,7,19,08:20,1,2,1,7,3,72154,M,"47,6977380"," -0,0747020",72
202000009629,20,7,19,19:00,1,1,2,1,2,14289,M,"48,8895520"," -0,1155280",14
202000009630,20,7,18,17:20,1,1,1,1,5,29057,M,"47,9331190"," -3,9845020",29
202000009631,20,7,18,14:00,1,1,1,1,7,35098,M,"47,7548028"," -1,6819899",35
202000009632,20,6,18,18:00,1,1,1,2,7,19275,M,"45,5157700","2,3049300",19
202000009633,20,6,18,23:00,5,2,3,1,3,13206,M,"43,2697462","5,3868601",13
202000009634,20,6,18,11:50,1,2,1,1,3,13201,M,"43,2923000","5,3657000",13
202000009635,20,6,18,12:50,1,2,1,1,6,13203,M,"43,3089130","5,3805980",13
202000009636,20,6,18,10:30,1,2,1,1,2,13211,M,"43,2876580","5,4648160",13
202000009637,20,6,18,07:10,1,2,1,1,4,13202,M,"43,3357795","5,3543699",13
202000009638,20,6,17,19:10,1,2,1,1,5,13207,M,"43,2903430","5,3691250",13
202000009639,20,6,17,07:45,1,2,6,1,6,13208,M,"43,2459212","5,3946110",13
202000009640,20,6,16,08:40,1,2,2,1,3,13201,M,"43,2976400","5,3810400",13
202000009641,20,6,16,21:00,2,2,3,1,7,11262,M,"43,1882430","3,0121010",11
202000009642,20,6,18,08:55,1,2,6,1,3,10387,M,"48,3070180","4,0596280",10
202000009643,20,6,18,14:55,1,2,1,1,6,06088,M,"43,7105000","7,1896000",06
202000009644,20,6,18,14:15,1,2,1,1,2,06088,M,"43,7013000","7,2759210",06
202000009645,20,6,18,02:38,5,2,1,1,7,06088,M,"43,6973000","7,2737000",06
202000009646,20,6,19,00:10,5,2,1,1,1,06083,M,"43,7751990","7,4742910",06
202000009647,20,6,18,08:40,1,2,1,1,1,06069,M,"43,6666180","6,9364500",06
202000009648,20,6,17,15:30,1,2,6,1,3,05061,M,"44,5431000","6,0651300",05
202000009649,20,6,14,11:45,1,2,1,1,6,04112,M,"43,8244200","5,7844610",04
202000009650,20,6,18,16:35,1,2,1,1,5,01053,M,"46,2029400","5,2333400",01
202000009651,20,6,18,09:00,1,2,1,1,5,75118,M,"48,9010470","2,3440000",75
202000009652,20,6,18,07:20,1,2,1,1,3,75119,M,"48,8828090","2,4008190",75
202000009653,20,6,17,18:20,1,2,1,1,2,75117,M,"48,8895910","2,2974170",75
202000009654,20,6,15,13:55,1,2,4,1,2,75119,M,"48,8929240","2,3954450",75
202000009655,20,6,18,09:10,1,2,3,1,3,75101,M,"48,8652960","2,3272950",75
202000009656,20,6,18,05:01,2,2,2,1,3,75101,M,"48,8601110","2,3333480",75
202000009657,20,6,18,20:55,1,2,2,1,3,75120,M,"48,8516590","2,4070020",75
202000009658,20,6,18,16:50,1,2,4,1,6,75119,M,"48,8724170","2,3780970",75
202000009659,20,6,18,18:45,1,2,1,1,7,75119,M,"48,8952640","2,3941580",75
202000009660,20,6,18,02:38,5,2,3,1,6,75118,M,"48,8844200","2,3305520",75
202000009661,20,6,18,04:15,5,2,7,1,3,75116,M,"48,8481120","2,2590210",75
202000009662,20,6,17,18:50,1,2,1,1,2,75116,M,"48,8673380","2,2778740",75
202000009663,20,5,30,13:50,1,2,7,1,3,75116,M,"48,8634108","2,2869520",75
202000009664,20,6,18,07:50,1,2,3,1,3,75114,M,"48,8238550","2,3177160",75
202000009665,20,6,17,22:38,5,2,1,1,6,75114,M,"48,8345590","2,3357320",75
202000009666,20,6,17,19:10,1,2,1,1,3,75114,M,"48,8388210","2,3204640",75
202000009667,20,6,17,16:45,1,2,1,1,3,75114,M,"48,8270830","2,3078310",75
202000009668,20,6,18,19:35,1,2,2,1,3,75113,M,"48,8215970","2,3525500",75
202000009669,20,6,18,09:35,1,2,7,1,3,75112,M,"48,8478530","2,3958270",75
202000009670,20,6,18,10:57,1,2,7,1,-1,75111,M,"48,8582420","2,3793750",75
202000009671,20,6,18,08:50,1,2,2,1,6,75109,M,"48,8762520","2,3318660",75
202000009672,20,6,17,15:25,1,2,7,1,2,75109,M,"48,8711230","2,3322990",75
202000009673,20,6,18,20:20,1,2,2,1,3,75108,M,"48,8713960","2,2999850",75
202000009674,20,6,18,09:23,1,2,7,1,2,75107,M,"48,8622970","2,3019530",75
202000009675,20,6,18,18:00,1,2,3,1,7,75103,M,"48,8583470","2,3638450",75
202000009676,20,6,17,22:45,5,2,1,1,2,94081,M,"48,7764020","2,3676650",94
202000009677,20,6,18,22:45,5,2,1,1,2,94081,M,"48,7766370","2,3676500",94
202000009678,20,6,18,14:00,1,2,1,2,6,94028,M,"48,7990080","2,4538464",94
202000009679,20,6,16,14:00,1,2,1,1,2,93066,M,"48,9354327","2,3573085",93
202000009680,20,6,18,19:15,1,2,6,1,2,93051,M,"48,8403715","2,5590863",93
202000009681,20,6,18,11:05,1,2,1,1,7,93049,M,"48,8533000","2,5152000",93
202000009682,20,6,18,14:20,1,2,2,1,3,93048,M,"48,8684000","2,4415000",93
202000009683,20,6,18,11:50,1,2,3,1,3,93048,M,"48,8606422","2,4439377",93
202000009684,20,6,18,14:15,1,2,1,1,2,93031,M,"48,9472000","2,3341617",93
202000009685,20,6,18,18:30,1,2,1,1,3,92026,M,"48,9028000","2,2735000",92
202000009686,20,6,17,01:51,5,2,3,1,6,92060,M,"48,7755992","2,2631202",92
202000009687,20,6,18,16:20,1,2,4,1,1,60623,M,"49,5498301","1,8502810",60
202000009688,20,6,19,08:55,1,1,1,1,4,95134,M,"49,1353180","2,2553520",95
202000009689,20,6,19,08:20,1,1,1,7,3,83058,M,"43,5447730","6,3153310",83
202000009690,20,6,16,18:50,1,1,2,3,3,86260,M,"46,9102359","0,3526746",86
202000009691,20,6,17,14:00,1,2,3,1,3,06019,M,"43,7719550","7,3330360",06
202000009692,20,6,18,19:15,1,2,1,1,3,28173,M,"48,4699050","1,5378610",28
202000009693,20,6,19,14:45,1,1,1,1,5,60479,M,"49,2072310","2,8579580",60
202000009694,20,6,19,10:30,1,2,1,1,3,83070,M,"43,1385340","6,3738350",83
202000009695,20,6,16,15:15,1,2,1,1,-1,62631,M,"50,3067680","2,2948550",62
202000009696,20,6,18,22:05,5,1,1,1,2,83096,M,"43,4702556","5,7758657",83
202000009697,20,5,20,19:30,1,1,6,1,3,83087,M,"43,3952900","5,7999590",83
202000009698,20,6,18,23:45,3,1,1,1,6,56130,M,"47,7392700"," -3,2713770",56
202000009699,20,6,18,17:30,1,1,1,1,3,80811,M,"49,7614330","2,9945250",80
202000009700,20,6,19,13:25,1,2,1,1,3,63003,M,"45,5441440","3,7543150",63
202000009701,20,6,18,23:30,3,2,1,8,6,55263,M,"48,8594990","5,4853210",55
202000009702,20,6,18,23:45,5,2,4,1,6,47144,M,"44,5914950","0,3972780",47
202000009703,20,6,19,01:00,3,1,1,1,7,41074,M,"47,5775100","1,6701470",41
202000009704,20,6,18,16:30,1,2,1,1,2,25434,M,"47,1074330","6,1389540",25
202000009705,20,6,17,15:20,1,1,3,1,3,84133,M,"43,7273170","5,5086940",84
202000009706,20,6,19,12:10,1,1,1,1,3,03236,M,"46,1852679","3,4242035",03
202000009707,20,6,18,15:15,1,1,1,1,-1,15098,M,"45,2700540","3,0922440",15
202000009708,20,6,19,05:15,2,1,1,1,7,72062,M,"48,2271820","0,6035840",72
202000009709,20,6,18,12:28,1,1,3,1,1,06010,M,"43,6960460","6,9679480",06
202000009710,20,6,19,14:45,1,1,1,7,7,06007,M,"43,6197160","6,9184250",06
202000009711,20,6,19,13:30,1,1,1,1,7,06085,M,"43,5842820","6,9708360",06
202000009712,20,6,19,15:45,1,2,1,1,6,14726,M,"48,9104320"," -0,8010730",14
202000009713,20,6,18,22:30,5,2,1,1,3,60584,M,"49,2156590","2,4086341",60
202000009714,20,6,19,10:10,1,2,1,1,3,64256,M,"43,3827610"," -1,3207850",64
202000009715,20,6,18,16:15,1,2,3,1,3,73010,M,"45,7903617","5,9427541",73
202000009716,20,6,19,12:00,1,2,1,1,6,16300,M,"45,8478910","0,2886240",16
202000009717,20,6,19,16:30,1,2,3,1,1,53276,M,"48,1403790"," -0,2911810",53
202000009718,20,6,6,01:15,3,1,1,1,7,21562,M,"47,5580230","5,3784510",21
202000009719,20,6,19,20:00,1,2,1,1,6,27065,M,"49,3446110","0,3433360",27
202000009720,20,6,19,16:20,1,1,3,1,3,48013,M,"44,5633750","3,5267720",48
202000009721,20,6,18,19:30,1,1,1,2,1,52175,M,"48,3564340","5,1680590",52
202000009722,20,6,19,10:40,1,1,1,2,3,49373,M,"47,1566010"," -0,4196260",49
202000009723,20,6,5,22:30,3,1,1,1,2,06088,M,"43,7102460","7,1989630",06
202000009724,20,6,19,09:55,1,2,1,1,6,31254,M,"43,5428050","1,5205280",31
202000009725,20,6,19,16:35,1,1,1,1,6,34172,M,"43,5972230","3,9124200",34
202000009726,20,6,18,16:34,1,1,1,1,4,62121,M,"50,1271820","2,8718090",62
202000009727,20,5,24,07:30,1,1,1,7,7,97412,R," -21,2031780","55,6470390",974
202000009728,20,6,19,16:30,1,1,1,1,1,77437,M,"49,0433260","2,7946900",77
202000009729,20,6,19,11:40,1,2,1,1,6,84129,M,"44,0099920","4,8690600",84
202000009730,20,6,19,09:20,1,1,1,1,3,83047,M,"43,1405460","6,0450980",83
202000009731,20,6,19,09:40,1,2,1,1,6,83115,M,"43,3100740","6,6293140",83
202000009732,20,6,18,23:15,5,2,1,1,6,13086,M,"43,3367570","5,6008840",13
202000009733,20,6,18,19:15,1,1,6,7,3,13042,M,"43,2793490","5,6118890",13
202000009734,20,6,19,17:30,1,2,1,1,3,55435,M,"48,7449840","5,0319260",55
202000009735,20,6,19,10:00,1,1,3,1,1,01424,M,"45,8726510","4,9374100",01
202000009736,20,5,30,19:10,1,2,3,1,2,44215,M,"47,1749020"," -1,5140960",44
202000009737,20,6,19,11:30,1,2,2,1,6,14762,M,"48,8398010"," -0,8905360",14
202000009738,20,6,18,17:45,1,2,1,8,5,14712,M,"49,1818000"," -0,1812770",14
202000009739,20,6,18,15:55,1,1,1,1,2,13210,M,"43,2847000","5,4172200",13
202000009740,20,6,16,09:30,1,2,1,1,2,13001,M,"43,4911550","5,4073600",13
202000009741,20,6,18,08:50,1,1,1,1,7,13215,M,"43,3685297","5,3608088",13
202000009742,20,6,17,12:20,1,1,1,1,2,13215,M,"43,3660000","5,3606000",13
202000009743,20,6,17,14:46,1,1,1,1,2,13211,M,"43,2926600","5,4541800",13
202000009744,20,6,18,19:50,1,1,1,1,6,91553,M,"48,6299800","2,4852000",91
202000009745,20,6,18,11:20,1,1,1,1,2,94037,M,"48,8158000","2,3363000",94
202000009746,20,6,18,07:00,1,1,1,1,2,91064,M,"48,7487000","2,2169000",91
202000009747,20,6,18,17:10,1,1,1,1,6,92060,M,"48,7758070","2,2374290",92
202000009748,20,6,18,19:30,1,1,1,1,2,93010,M,"48,9065200","2,4724700",93
202000009749,20,6,18,17:00,1,1,1,1,3,93007,M,"48,9462700","2,4415300",93
202000009750,20,6,18,08:45,1,1,1,1,2,92036,M,"48,9380000","2,2974100",92
202000009751,20,6,17,15:20,1,1,1,1,3,93063,M,"48,8756900","2,4414600",93
202000009752,20,6,16,19:20,1,1,1,1,3,93066,M,"48,9225000","2,3585000",93
202000009753,20,6,18,16:20,1,1,1,1,7,77337,M,"48,8301789","2,6136965",77
202000009754,20,6,18,13:15,1,1,1,1,2,77373,M,"48,7893900","2,6180500",77
202000009755,20,6,17,19:45,1,1,1,1,4,75112,M,"48,8186970","2,4571230",75
202000009756,20,6,17,11:40,1,1,1,1,4,75112,M,"48,8252670","2,4638280",75
202000009757,20,1,5,15:50,1,1,3,1,2,12254,M,"44,4071870","2,4901800",12
202000009758,20,1,11,11:25,1,2,3,1,6,92025,M,"48,9300520","2,2677220",92
202000009759,20,6,17,20:45,5,2,1,1,6,98818,C," -22,2896100","166,4416300",988
202000009760,20,6,15,00:40,5,2,9,1,5,97411,R," -20,8863000","55,4936800",974
202000009761,20,6,17,08:00,1,1,1,1,5,97409,R," -20,9634100","55,6588700",974
202000009762,20,6,16,17:20,1,1,1,1,4,97407,R," -20,9523100","55,3168000",974
202000009763,20,6,17,19:45,1,2,1,1,3,69387,M,"45,7424727","4,8396157",69
202000009764,20,6,17,17:45,1,2,1,2,2,69259,M,"45,7111000","4,8751200",69
202000009765,20,6,17,12:52,1,1,1,1,2,97213,A,"14,6181000"," -61,0344000",972
202000009766,20,6,17,09:00,1,1,1,1,3,97213,A,"14,5981000"," -60,9990000",972
202000009767,20,6,17,02:20,5,2,1,1,3,69389,M,"45,7706314","4,8120764",69
202000009768,20,6,16,16:20,1,2,6,1,3,95288,M,"48,9832900","2,3428600",95
202000009769,20,6,17,19:00,1,2,1,1,6,95018,M,"48,9436676","2,2515543",95
202000009770,20,6,16,16:40,1,2,9,1,3,83118,M,"43,4170000","6,8376000",83
202000009771,20,6,17,09:25,1,2,1,1,7,81065,M,"43,5988544","2,2315121",81
202000009772,20,6,16,03:50,3,2,1,2,7,79191,M,"46,3584700"," -0,4831100",79
202000009773,20,6,16,18:48,1,2,9,1,6,77122,M,"48,6671194","2,5485987",77