Num_Acc,an,mois,jour,hrmn,lum,agg,int,atm,col,com,gps,lat,long,dep
202000009774,20,6,14,04:15,5,1,1,1,2,76497,M,"49,3696529","1,0419657",76
202000009775,20,6,16,13:14,1,2,1,2,3,72181,M,"47,9616900","0,2139800",72
202000009776,20,6,17,09:15,1,2,1,1,1,68224,M,"47,7545000","7,3383600",68
202000009777,20,6,17,03:55,2,2,1,1,6,67482,M,"48,5392900","7,7651400",67
202000009778,20,6,16,17:55,1,2,3,1,2,63300,M,"45,8846300","3,1228400",63
202000009779,20,6,16,09:47,1,2,1,1,-1,63113,M,"45,7778100","3,1054100",63
202000009780,20,6,11,09:48,1,2,1,1,-1,63075,M,"45,7814382","3,0691819",63
202000009781,20,6,8,14:13,1,1,3,1,3,63113,M,"45,7618800","3,1504800",63
202000009782,20,6,13,02:20,5,2,1,1,6,58194,M,"46,9915000","3,1791000",58
202000009783,20,6,13,02:15,5,2,1,1,2,58194,M,"46,9863200","3,1604700",58
202000009784,20,6,16,15:35,1,2,1,1,6,56121,M,"47,7504600"," -3,3674600",56
202000009785,20,6,16,14:30,1,2,1,1,3,54395,M,"48,6830480","6,1737371",54
202000009786,20,6,16,17:25,1,2,1,2,6,49328,M,"47,2764000"," -0,1130500",49
202000009787,20,1,24,18:30,1,2,1,1,6,49099,M,"47,0564300"," -0,8613600",49
202000009788,20,6,16,19:15,1,2,1,1,3,49007,M,"47,4716200"," -0,5643900",49
202000009789,20,6,16,19:04,1,2,1,1,3,49246,M,"47,4503500"," -0,5231900",49
202000009790,20,6,14,18:15,1,1,9,1,3,40192,M,"43,8746100"," -0,4687100",40
202000009791,20,6,17,17:55,1,1,1,1,5,38185,M,"45,1758300","5,7022600",38
202000009792,20,6,3,11:25,1,2,1,1,6,38053,M,"45,5797700","5,2744900",38
202000009793,20,6,17,07:55,1,2,2,1,2,37195,M,"47,3843833","0,6524293",37
202000009794,20,6,16,09:45,1,2,1,1,6,37233,M,"47,3918264","0,7225190",37
202000009795,20,6,17,20:50,1,2,1,1,3,35238,M,"48,0897700"," -1,6748700",35
202000009796,20,6,17,08:45,1,2,4,2,5,33281,M,"44,8170410"," -0,6341356",33
202000009797,20,6,10,15:05,1,2,3,1,6,33063,M,"44,8588387"," -0,5830655",33
202000009798,20,6,17,09:05,1,2,1,1,3,31555,M,"43,5727500","1,4393900",31
202000009799,20,6,16,08:35,1,2,1,1,6,31555,M,"43,6136800","1,4503000",31
202000009800,20,6,14,14:30,1,1,1,1,3,31555,M,"43,6452400","1,4691000",31
202000009801,20,6,6,13:25,1,2,1,1,6,27229,M,"49,0276567","1,1504940",27
202000009802,20,5,23,18:40,1,2,1,1,6,27229,M,"49,0087900","1,1588900",27
202000009803,20,6,15,21:15,1,1,6,1,6,22360,M,"48,4784397"," -2,7681427",22
202000009804,20,6,18,00:55,5,2,1,1,3,13210,M,"43,2808200","5,3994500",13
202000009805,20,6,17,17:00,1,2,1,1,1,13208,M,"43,2462980","5,3880130",13
202000009806,20,6,17,15:35,1,2,1,1,1,13216,M,"43,3535580","5,3409620",13
202000009807,20,6,17,15:30,1,2,1,1,6,13208,M,"43,2729380","5,3992510",13
202000009808,20,6,17,09:55,1,2,1,1,6,13205,M,"43,2935900","5,4021900",13
202000009809,20,6,17,06:00,2,2,1,1,3,13209,M,"43,2734330","5,4005470",13
202000009810,20,6,14,19:10,1,2,1,1,2,13211,M,"43,2839960","5,4354940",13
202000009811,20,6,17,14:30,1,1,3,1,1,12145,M,"44,1449580","3,0142680",12
202000009812,20,6,16,09:03,1,2,3,1,3,05061,M,"44,5500200","6,0685900",05
202000009813,20,6,17,09:35,1,2,1,1,3,75116,M,"48,8465460","2,2546820",75
202000009814,20,6,16,22:20,5,2,4,1,3,75120,M,"48,8682820","2,4135150",75
202000009815,20,6,17,17:00,1,2,3,1,6,75119,M,"48,8896720","2,3826320",75
202000009816,20,6,17,11:10,1,2,2,1,3,75119,M,"48,8932680","2,3731370",75
202000009817,20,6,17,11:45,1,2,4,1,3,75119,M,"48,8751730","2,3736100",75
202000009818,20,6,17,04:20,5,2,2,1,6,75119,M,"48,8879140","2,3799500",75
202000009819,20,6,16,16:30,1,2,4,8,3,75118,M,"48,8927070","2,3487530",75
202000009820,20,6,16,13:00,1,2,2,1,2,75117,M,"48,8869360","2,3126420",75
202000009821,20,6,17,20:45,1,2,3,1,3,75116,M,"48,8632190","2,2961810",75
202000009822,20,6,17,16:30,1,2,3,1,3,75116,M,"48,8630000","2,2952170",75
202000009823,20,6,17,10:30,1,2,1,1,3,75116,M,"48,8482220","2,2756780",75
202000009824,20,6,17,11:50,1,2,1,1,3,75116,M,"48,8648310","2,2966210",75
202000009825,20,6,17,11:20,1,2,1,1,3,75116,M,"48,8714810","2,2534410",75
202000009826,20,7,28,20:02,1,2,1,1,3,42218,M,"45,4444992","4,3976295",42
202000009827,20,7,26,14:00,1,1,1,1,6,02163,M,"48,9707430","3,2892490",02
202000009828,20,10,14,09:30,1,2,1,1,2,98818,C," -22,2743900","166,4459800",988
202000009829,20,10,12,15:40,1,2,2,1,3,69386,M,"45,7721000","4,8509000",69
202000009830,20,10,13,06:40,3,2,3,1,3,69383,M,"45,7561100","4,8727000",69
202000009831,20,9,28,15:00,1,1,3,2,2,2A004,M,"41,9211032","8,7872833",2A
202000009832,20,10,13,08:35,2,2,1,2,6,95607,M,"49,0222000","2,2185100",95
202000009833,20,10,13,14:00,1,2,3,8,3,91161,M,"48,7044870","2,3223120",91
202000009834,20,10,13,22:25,5,2,1,1,6,91201,M,"48,6630300","2,4236100",91
202000009835,20,10,10,10:48,1,1,1,1,4,87085,M,"45,8903100","1,2710500",87
202000009836,20,10,13,20:30,5,2,9,2,6,86194,M,"46,5893650","0,3580170",86
202000009837,20,10,11,19:15,2,2,9,1,4,86194,M,"46,5672300","0,3659900",86
202000009838,20,10,12,13:25,5,2,1,1,3,85194,M,"46,5453800"," -1,8100700",85
202000009839,20,10,13,10:20,1,2,3,1,6,85191,M,"46,6750500"," -1,4237300",85
202000009840,20,10,12,15:55,1,2,9,1,7,83141,M,"43,5061300","6,4964300",83
202000009841,20,10,13,18:26,1,1,4,2,4,79259,M,"46,9475700"," -0,2302100",79
202000009842,20,10,13,09:20,1,2,2,2,3,78190,M,"48,8789400","2,1266200",78
202000009843,20,9,6,00:40,3,1,1,1,6,78220,M,"48,7304750","1,8988840",78
202000009844,20,10,12,06:50,3,1,1,1,7,77384,M,"48,6085680","2,6134590",77
202000009845,20,10,12,10:10,1,2,1,1,3,71486,M,"46,6552260","4,3727742",71
202000009846,20,10,12,20:40,5,2,7,8,7,69029,M,"45,7519900","4,8996100",69
202000009847,20,10,13,12:45,1,1,1,1,6,69266,M,"45,7871000","4,8789000",69
202000009848,20,8,5,19:40,1,2,6,1,2,69266,M,"45,7637900","4,8742000",69
202000009849,20,10,12,08:30,1,2,2,1,3,69275,M,"45,7496700","4,9339900",69
202000009850,20,10,12,15:15,1,2,1,8,3,69290,M,"45,6960062","4,9416588",69
202000009851,20,10,12,18:45,1,2,3,1,3,65440,M,"43,2449136","0,0589389",65
202000009852,20,10,13,16:05,1,2,6,2,3,64545,M,"43,3723600"," -1,6815300",64
202000009853,20,10,13,08:25,1,2,1,2,3,64445,M,"43,2962500"," -0,3750600",64
202000009854,20,10,13,14:00,1,2,6,2,7,64024,M,"43,4907700"," -1,4968100",64
202000009855,20,10,8,13:15,1,2,1,1,6,60414,M,"49,2533700","2,4485300",60
202000009856,20,10,14,01:25,5,2,2,2,3,59009,M,"50,6170600","3,1353600",59
202000009857,20,10,9,18:00,1,1,2,1,5,59165,M,"50,3726100","3,0281400",59
202000009858,20,10,12,07:30,2,2,3,8,3,54395,M,"48,6897316","6,1664428",54
202000009859,20,10,12,08:50,1,2,1,1,6,49353,M,"47,4434600"," -0,4973600",49
202000009860,20,10,8,16:00,1,1,3,1,3,46042,M,"44,4918030","1,4061760",46
202000009861,20,10,13,14:30,1,1,1,2,2,45302,M,"47,9686800","1,8661000",45
202000009862,20,10,13,08:00,1,2,3,1,3,45169,M,"47,9208370","1,8374470",45
202000009863,20,10,13,07:55,1,2,6,2,2,45234,M,"47,9244400","1,9397100",45
202000009864,20,10,12,08:55,1,2,1,1,6,41018,M,"47,5850800","1,3178600",41
202000009865,20,10,13,00:10,5,2,2,1,2,38185,M,"45,1689000","5,7324700",38
202000009866,20,10,12,19:29,5,2,1,1,6,38151,M,"45,1591400","5,7263600",38
202000009867,20,10,13,08:30,1,2,1,2,7,37195,M,"47,3896042","0,6474027",37
202000009868,20,10,12,11:35,1,2,1,1,-1,37261,M,"47,4032072","0,7020752",37
202000009869,20,10,13,12:20,1,2,1,1,6,35281,M,"48,0937100"," -1,7049000",35
202000009870,20,10,13,08:25,1,1,1,1,1,35238,M,"48,1385594"," -1,7160747",35
202000009871,20,10,13,21:04,5,2,3,1,3,34172,M,"43,6243900","3,8627000",34
202000009872,20,10,11,18:10,1,2,1,1,6,34032,M,"43,3363100","3,2252300",34
202000009873,20,10,9,08:40,1,2,6,1,3,33167,M,"44,8258300"," -0,5277600",33
202000009874,20,10,13,08:25,2,2,1,2,3,33167,M,"44,8397900"," -0,5330700",33
202000009875,20,10,13,08:35,1,2,6,1,6,33069,M,"44,8700000"," -0,5925100",33
202000009876,20,10,4,11:55,1,2,6,3,6,33281,M,"44,8417000"," -0,6669400",33
202000009877,20,10,13,09:20,1,1,1,2,4,31555,M,"43,5758400","1,4417600",31
202000009878,20,10,12,13:10,1,2,1,1,3,31555,M,"43,6453000","1,4689900",31
202000009879,20,10,13,06:00,5,2,2,1,6,30189,M,"43,8109200","4,3395500",30
202000009880,20,10,12,12:25,1,2,6,2,1,29039,M,"47,8903082"," -3,9154267",29
202000009881,20,10,12,10:00,1,1,1,8,2,29039,M,"47,9011700"," -3,9111300",29
202000009882,20,10,13,17:00,1,2,1,1,3,27681,M,"49,0844500","1,4747400",27
202000009883,20,10,13,09:48,1,2,1,1,6,17306,M,"45,6238400"," -1,0323400",17
202000009884,20,10,14,00:10,5,2,1,1,6,13203,M,"43,3055900","5,3804700",13
202000009885,20,10,13,22:00,5,2,1,1,5,13211,M,"43,2889500","5,4346800",13
202000009886,20,10,13,14:50,1,2,1,1,2,13209,M,"43,2495100","5,4446300",13
202000009887,20,10,12,16:20,1,2,2,1,3,13206,M,"43,2840001","5,3848000",13
202000009888,20,10,12,16:20,1,2,1,1,6,10333,M,"48,2790800","4,0415900",10
202000009889,20,10,13,12:36,1,2,1,1,7,06069,M,"43,6498800","6,9309600",06
202000009890,20,10,13,10:17,1,2,1,1,6,06027,M,"43,6557000","7,1514000",06
202000009891,20,10,9,20:30,5,1,1,1,6,05061,M,"44,5399200","6,0906400",05
202000009892,20,10,12,12:30,1,1,1,1,3,03262,M,"46,3800053","2,5799726",03
202000009893,20,10,13,19:25,2,2,4,1,2,75114,M,"48,8192250","2,3290530",75
202000009894,20,10,12,16:30,1,2,4,1,5,75120,M,"48,8635020","2,4134080",75
202000009895,20,10,12,19:03,2,2,1,1,6,75114,M,"48,8294180","2,3223330",75
202000009896,20,10,13,18:57,5,2,1,1,3,75105,M,"48,8373270","2,3515000",75
202000009897,20,10,13,14:15,1,2,1,8,3,75119,M,"48,8775090","2,4023220",75
202000009898,20,10,13,07:40,2,2,1,2,3,75119,M,"48,8834170","2,3832480",75
202000009899,20,10,12,23:00,5,2,7,1,3,75108,M,"48,8777747","2,2980450",75
202000009900,20,10,13,14:45,1,2,5,1,2,75115,M,"48,8297770","2,2955350",75
202000009901,20,10,13,00:40,5,2,2,2,3,75114,M,"48,8327340","2,3115240",75
202000009902,20,10,9,17:10,1,2,1,1,2,75113,M,"48,8247980","2,3758260",75
202000009903,20,10,13,07:35,2,2,2,2,3,75112,M,"48,8316930","2,3978230",75
202000009904,20,10,13,16:40,1,2,3,1,-1,75111,M,"48,8641420","2,3802120",75
202000009905,20,10,13,21:00,5,2,3,1,6,75110,M,"48,8825430","2,3669300",75
202000009906,20,10,12,23:45,5,2,3,1,3,75109,M,"48,8709560","2,3467500",75
202000009907,20,10,13,08:30,1,2,1,2,3,75108,M,"48,8810710","2,3146300",75
202000009908,20,10,13,21:20,5,2,2,1,6,75104,M,"48,8569430","2,3538180",75
202000009909,20,10,13,11:00,1,2,2,2,6,75104,M,"48,8546050","2,3551660",75
202000009910,20,10,13,07:45,1,2,3,3,3,75101,M,"48,8629510","2,3506420",75
202000009911,20,10,12,12:06,1,2,1,1,7,94068,M,"48,7892050","2,4785570",94
202000009912,20,10,13,20:10,5,2,3,1,6,94046,M,"48,8043400","2,4434000",94
202000009913,20,10,13,07:35,2,2,3,2,3,94073,M,"48,7543900","2,3862200",94
202000009914,20,10,13,17:10,1,2,1,2,6,94001,M,"48,7228502","2,4206668",94
202000009915,20,10,13,18:15,1,2,1,1,3,94017,M,"48,8278200","2,4939300",94
202000009916,20,10,13,15:00,1,2,1,2,2,93066,M,"48,9352720","2,3673997",93
202000009917,20,10,13,12:10,1,2,1,2,6,93064,M,"48,8796266","2,4877585",93
202000009918,20,10,13,13:17,1,2,1,2,6,93053,M,"48,8905600","2,4477500",93
202000009919,20,10,13,07:45,2,2,7,2,6,93053,M,"48,8899163","2,4529850",93
202000009920,20,10,13,05:30,5,2,2,3,3,93047,M,"48,8985667","2,5504155",93
202000009921,20,10,13,16:45,1,2,3,1,1,93031,M,"48,9567924","2,2998303",93
202000009922,20,10,13,11:40,1,2,6,2,6,93005,M,"48,9444624","2,4878796",93
202000009923,20,10,12,14:05,1,2,1,1,7,92072,M,"48,8249000","2,2283000",92
202000009924,20,10,13,18:30,1,2,1,1,6,92048,M,"48,8086169","2,2432843",92
202000009925,20,10,13,09:10,1,2,2,2,6,92044,M,"48,8921900","2,2934700",92
202000009926,20,10,13,13:28,1,2,1,1,3,92025,M,"48,9356446","2,2507247",92
202000009927,20,10,13,05:40,5,2,3,2,3,92024,M,"48,9127494","2,3128033",92
202000009928,20,10,7,15:00,1,2,1,1,6,92024,M,"48,9035100","2,3057800",92
202000009929,20,10,13,11:40,1,2,1,2,6,92012,M,"48,8425000","2,2414900",92
202000009930,20,10,12,18:50,5,2,1,1,3,97415,R," -21,0700820","55,2685250",974
202000009931,20,10,8,11:00,1,2,1,1,1,83058,M,"43,5370850","6,3975190",83
202000009932,20,10,8,14:30,1,2,1,1,6,41167,M,"47,5000220","1,1744450",41
202000009933,20,9,21,18:45,3,1,1,1,1,97207,A,"14,5998840"," -60,9667830",972
202000009934,20,10,12,08:30,2,2,1,1,6,83134,M,"43,4515640","6,4301350",83
202000009935,20,10,14,12:15,1,2,3,1,-1,74010,M,"45,9432090","6,1280970",74
202000009936,20,10,14,08:40,1,1,1,1,1,62233,M,"50,3640660","1,6537860",62
202000009937,20,10,14,18:50,1,1,1,1,1,44038,M,"47,1886040"," -2,0143600",44
202000009938,20,10,13,17:50,1,2,1,1,3,79202,M,"46,6482580"," -0,2456800",79
202000009939,20,10,14,14:50,1,1,1,3,5,2A085,M,"41,9093600","8,8623940",2A
202000009940,20,10,14,08:00,1,1,1,1,6,42268,M,"45,8744384","4,0399922",42
202000009941,20,10,12,14:15,1,1,1,2,1,42130,M,"45,6669360","4,1734960",42
202000009942,20,10,14,08:30,1,1,1,1,3,35306,M,"48,5834810"," -1,9111610",35
202000009943,20,10,13,18:00,3,1,1,2,-1,02594,M,"49,1659640","3,1741480",02
202000009944,20,10,14,05:50,3,1,1,2,6,58237,M,"47,3592670","3,6195070",58
202000009945,20,10,14,14:30,1,1,1,1,3,72020,M,"48,2315050","0,6657350",72
202000009946,20,10,13,17:50,1,1,1,2,2,72344,M,"47,9405180","0,1738610",72
202000009947,20,10,13,16:50,1,1,1,1,1,83028,M,"43,5875990","6,5424870",83
202000009948,20,10,13,13:15,1,2,1,2,6,60612,M,"49,2059380","2,5867970",60
202000009949,20,10,14,17:55,1,2,1,1,3,85047,M,"46,8481460"," -1,8845260",85
202000009950,20,10,13,22:20,3,2,1,1,6,28386,M,"48,5541360","1,2963380",28
202000009951,20,10,13,17:40,1,2,1,2,6,87011,M,"46,1220650","1,0579490",87
202000009952,20,10,14,14:20,1,1,1,2,6,48128,M,"44,7754490","3,3160040",48
202000009953,20,10,12,15:15,1,1,1,1,7,48061,M,"44,2833690","3,5878520",48
202000009954,20,10,12,21:30,5,2,1,1,6,97311,G,"5,4682450"," -54,0294400",973
202000009955,20,10,13,11:35,1,2,1,2,2,91044,M,"48,6643540","2,2778270",91
202000009956,20,10,13,17:50,1,1,1,1,4,13067,M,"43,7706290","5,0578740",13
202000009957,20,10,13,09:45,1,2,2,1,3,13053,M,"43,7281020","5,1780610",13
202000009958,20,10,14,11:55,1,1,1,1,1,13100,M,"43,8145410","4,8110140",13
202000009959,20,10,14,09:43,1,2,1,1,6,88321,M,"48,3570120","5,6935360",88
202000009960,20,10,9,11:40,1,2,1,1,6,63470,M,"45,8668420","3,0392540",63
202000009961,20,10,13,19:00,5,2,1,8,6,38170,M,"45,2485530","5,6663000",38
202000009962,20,10,8,11:20,1,2,2,1,6,01027,M,"45,8329440","5,0957890",01
202000009963,20,10,9,17:40,1,2,1,1,3,14762,M,"48,8370620"," -0,8790460",14
202000009964,20,10,14,09:55,1,2,3,1,6,60409,M,"49,2938090","2,4598210",60
202000009965,20,10,14,11:12,1,2,1,8,6,60010,M,"49,2059060","2,1215200",60
202000009966,20,10,14,16:20,1,2,2,1,3,02381,M,"49,9209530","4,0804180",02
202000009967,20,10,13,11:10,1,2,3,2,6,62318,M,"50,5136030","1,6428390",62
202000009968,20,10,14,02:24,3,1,1,1,6,62156,M,"50,9066460","1,7765240",62
202000009969,20,10,13,09:11,1,1,1,1,2,13215,M,"43,3785619","5,3563734",13
202000009970,20,10,12,18:20,1,1,1,1,7,13216,M,"43,3661600","5,3319100",13
202000009971,20,10,13,00:40,3,1,1,1,2,69116,M,"45,8029500","4,7715400",69
202000009972,20,10,12,17:50,1,1,1,1,4,69029,M,"45,7491500","4,9073300",69
202000009973,20,10,13,11:25,1,1,2,2,5,33013,M,"44,8687500"," -0,5018900",33
202000009974,20,10,13,08:50,1,1,1,2,3,33281,M,"44,8173000"," -0,6730700",33
202000009975,20,10,12,13:30,1,1,1,1,2,59599,M,"50,7023022","3,1575990",59
202000009976,20,10,11,07:45,3,1,1,2,2,59599,M,"50,7278860","3,1247370",59
202000009977,20,10,11,07:30,3,1,1,1,6,62193,M,"50,9409680","1,8286660",62
202000009978,20,10,8,19:50,3,1,1,2,6,59665,M,"50,9088760","2,4862830",59
202000009979,20,10,13,21:14,3,1,1,1,3,92002,M,"48,7340585","2,3142113",92
202000009980,20,10,13,14:15,1,1,1,8,2,91340,M,"48,6087300","2,4356000",91
202000009981,20,10,13,13:00,1,1,1,1,6,91471,M,"48,6975500","2,1921000",91
202000009982,20,10,13,10:15,1,1,1,2,4,91235,M,"48,6241600","2,3715000",91
202000009983,20,10,13,08:50,1,1,1,2,4,91521,M,"48,6411270","2,3932050",91
202000009984,20,10,13,07:05,3,1,1,1,4,94038,M,"48,7721000","2,3452000",94
202000009985,20,10,13,16:10,1,1,1,1,2,92025,M,"48,9203092","2,2250283",92
202000009986,20,10,13,08:25,2,1,1,2,3,92036,M,"48,9348079","2,2815017",92
202000009987,20,10,13,12:05,1,1,1,2,2,93010,M,"48,9053100","2,4720000",93
202000009988,20,10,13,10:20,1,1,1,3,4,95256,M,"49,0567100","2,2054700",95
202000009989,20,10,13,09:45,1,1,9,2,-1,93007,M,"48,9206912","2,4796000",93
202000009990,20,10,13,09:55,1,1,1,2,4,93053,M,"48,8805159","2,4519443",93
202000009991,20,10,13,07:50,2,1,1,2,2,92036,M,"48,9386400","2,3014600",92
202000009992,20,10,13,07:35,3,1,1,2,2,95018,M,"48,9547500","2,2785600",95
202000009993,20,10,12,10:45,1,1,1,1,6,95061,M,"49,0681094","2,2540534",95
202000009994,20,10,12,10:40,1,1,1,1,2,95277,M,"48,9774500","2,4629400",95
202000009995,20,10,12,08:30,1,1,1,1,7,93064,M,"48,8786200","2,4763800",93
202000009996,20,10,12,05:50,2,1,1,1,3,95527,M,"49,0017800","2,5232900",95
202000009997,20,10,13,15:45,1,1,1,1,2,94028,M,"48,7762000","2,4435000",94
202000009998,20,10,13,15:20,1,1,1,8,6,77169,M,"48,8255293","2,6161130",77
202000009999,20,10,12,10:30,1,1,1,1,2,94028,M,"48,7898800","2,4402916",94
202000010000,20,2,7,15:20,1,2,1,1,6,52448,M,"48,6469100","4,9695300",52
202000010001,20,7,21,09:15,1,2,3,1,6,75110,M,"48,8796340","2,3678070",75
202000010002,20,6,18,04:19,3,1,1,1,1,19134,M,"45,6185550","2,4561150",19
202000010003,20,10,12,15:10,1,2,1,1,3,97416,R," -21,3235200","55,4451800",974
202000010004,20,10,12,19:55,5,2,1,1,6,97411,R," -20,8781400","55,4574700",974
202000010005,20,10,12,16:20,1,2,2,1,3,97411,R," -20,8766000","55,4478000",974
202000010006,20,10,12,08:08,1,1,1,1,2,97411,R," -20,8904600","55,4656700",974
202000010007,20,10,12,11:00,1,2,2,1,2,97302,G,"4,9364200"," -52,3324600",973
202000010008,20,10,12,10:00,1,2,1,1,3,97302,G,"4,9445800"," -52,3108300",973
202000010009,20,10,12,08:05,1,2,3,1,3,97302,G,"4,9375700"," -52,3159100",973
202000010010,20,10,12,13:15,1,2,3,8,3,69383,M,"45,7604000","4,8488700",69
202000010011,20,10,12,15:50,1,2,1,3,2,97213,A,"14,5962000"," -60,9925000",972
202000010012,20,10,10,14:00,1,1,1,1,3,97209,A,"14,6532000"," -61,0864000",972
202000010013,20,10,12,18:20,1,2,1,1,2,69034,M,"45,7943200","4,8719050",69
202000010014,20,10,11,07:50,1,2,9,1,3,69382,M,"45,7606894","4,8377967",69
202000010015,20,10,10,22:25,5,2,2,1,3,69385,M,"45,7546500","4,7885100",69
202000010016,20,10,12,06:20,1,2,3,1,3,97101,A,"16,2447900"," -61,5296300",971
202000010017,20,10,11,19:00,5,2,3,1,2,97120,A,"16,2566000"," -61,5207800",971
202000010018,20,10,12,19:10,5,2,1,1,5,91657,M,"48,7004030","2,4207210",91
202000010019,20,8,18,13:10,1,1,1,1,7,27005,M,"49,1693800","1,2517680",27
202000010020,20,8,20,13:20,1,1,1,1,7,98802,C," -21,8801180","166,0691860",988
202000010021,20,7,31,11:00,1,1,1,2,6,98816,C," -21,6961320","165,7372570",988
202000010022,20,8,19,07:10,1,2,1,1,3,97304,G,"5,1551960"," -52,6552740",973
202000010023,20,8,17,19:00,3,1,1,1,1,97119,A,"16,3735510"," -61,4526160",971
202000010024,20,8,15,17:20,1,2,1,1,1,97106,A,"16,1463090"," -61,7629590",971
202000010025,20,8,17,20:18,1,2,1,1,6,44020,M,"47,1577830"," -1,6030280",44
202000010026,20,8,19,17:30,1,1,3,1,3,33214,M,"44,9763160"," -1,0535720",33
202000010027,20,8,18,21:10,3,1,1,1,6,45278,M,"47,8098832","2,8362513",45
202000010028,20,8,17,18:15,1,2,3,2,3,77370,M,"48,2237430","2,7419850",77
202000010029,20,8,19,15:45,1,2,2,1,3,2A247,M,"41,6106035","9,2819587",2A
202000010030,20,8,19,02:30,3,2,1,1,6,66168,M,"42,5520630","2,9726490",66
202000010031,20,8,19,20:20,2,2,1,1,6,34157,M,"43,4281660","3,6036120",34
202000010032,20,8,19,11:20,1,2,1,1,6,34157,M,"43,4300790","3,6096310",34
202000010033,20,8,19,02:30,4,2,1,1,6,83077,M,"43,2714090","5,9750010",83
202000010034,20,8,20,13:00,1,2,1,1,7,06128,M,"43,7005300","7,1076980",06
202000010035,20,8,15,13:37,1,1,1,1,1,06147,M,"43,7995200","7,2754810",06
202000010036,20,8,18,16:00,1,1,1,1,4,04039,M,"43,8705780","6,5118030",04
202000010037,20,8,19,16:00,1,2,1,1,6,39097,M,"46,7480430","5,9177470",39
202000010038,20,8,16,10:30,1,2,3,1,1,67237,M,"48,6786980","7,8585240",67
202000010039,20,8,15,12:00,1,1,3,1,3,67098,M,"48,5419972","7,4140884",67
202000010040,20,8,17,18:15,1,1,6,1,3,67473,M,"48,5763300","7,4784280",67
202000010041,20,8,20,06:30,1,1,1,1,3,54020,M,"48,6040850","6,4171100",54
202000010042,20,8,20,13:00,1,2,1,1,6,54397,M,"48,6145870","6,1139770",54
202000010043,20,8,18,16:25,1,2,9,1,3,74056,M,"45,9138360","6,8604200",74
202000010044,20,8,19,16:25,1,2,1,1,3,74080,M,"45,9058130","6,4250750",74
202000010045,20,8,19,11:30,1,1,1,1,3,74079,M,"45,8574580","6,3293000",74
202000010046,20,8,20,18:30,1,2,3,1,6,73150,M,"45,5089856","6,6801016",73
202000010047,20,8,20,08:45,1,1,1,1,6,73197,M,"45,5368060","6,7686080",73
202000010048,20,8,19,11:30,1,1,2,1,3,26226,M,"44,4247700","5,0383370",26
202000010049,20,8,15,04:00,3,1,1,1,6,07348,M,"44,5502030","4,4098730",07
202000010050,20,8,19,17:30,1,1,1,1,3,01403,M,"45,8083940","5,4554950",01
202000010051,20,8,20,06:20,2,1,2,8,3,50601,M,"49,0187370"," -1,0347000",50
202000010052,20,8,18,14:20,1,2,1,1,6,56007,M,"47,6711900"," -2,9941000",56
202000010053,20,8,19,21:00,2,1,1,1,6,35106,M,"47,8375830"," -1,5784490",35
202000010054,20,8,17,03:50,4,2,1,1,6,27439,M,"49,0653610","1,1726510",27
202000010055,20,8,18,19:45,1,1,1,1,7,60148,M,"49,1160470","2,8510230",60
202000010056,20,8,19,14:45,1,2,1,1,4,60346,M,"49,1463571","2,4412670",60
202000010057,20,8,18,00:42,3,2,1,1,7,59303,M,"50,5754940","2,8518310",59
202000010058,20,8,19,17:15,1,1,1,1,2,13071,M,"43,4121600","5,2819200",13
202000010059,20,8,19,23:15,5,2,1,1,6,13202,M,"43,3078800","5,3662800",13
202000010060,20,8,19,07:01,2,1,1,1,1,83126,M,"43,1194989","5,8612275",83
202000010061,20,8,19,03:00,3,1,1,1,2,69029,M,"45,7354500","4,9019400",69
202000010062,20,8,19,00:55,5,1,1,1,2,33550,M,"44,7833600"," -0,5426100",33
202000010063,20,8,19,12:20,1,1,1,1,3,93048,M,"48,8637100","2,4827400",93
202000010064,20,8,19,10:00,1,1,1,1,6,75112,M,"48,8178140","2,4561420",75
202000010065,20,8,18,17:20,1,2,1,1,-1,69387,M,"45,7542200","4,8417600",69
202000010066,20,8,18,16:40,1,2,1,1,4,69386,M,"45,7824200","4,8474400",69
202000010067,20,8,18,09:20,1,2,1,1,7,69387,M,"45,7541100","4,8390200",69
202000010068,20,8,18,07:55,1,2,1,1,3,69259,M,"45,7195000","4,8638000",69
202000010069,20,8,18,04:15,5,2,1,1,6,69386,M,"45,7681700","4,8424000",69
202000010070,20,8,17,13:30,1,1,1,2,7,97209,A,"14,6389000"," -61,0409700",972
202000010071,20,8,18,22:40,5,2,7,1,3,69381,M,"45,7671400","4,8328400",69
202000010072,20,8,18,22:10,5,2,2,1,3,95582,M,"48,9778600","2,2500600",95
202000010073,20,8,17,18:30,1,2,9,1,3,91477,M,"48,7154400","2,1779000",91
202000010074,20,8,18,08:50,1,2,2,1,1,91421,M,"48,7037700","2,4433600",91
202000010075,20,8,17,14:46,1,1,1,1,6,87050,M,"45,8729600","1,2125100",87
202000010076,20,8,17,19:15,1,2,6,1,3,85194,M,"46,4970700"," -1,7823400",85
202000010077,20,8,18,01:35,5,2,1,1,3,83069,M,"43,1055800","6,1268900",83