Num_Acc,an,mois,jour,hrmn,lum,agg,int,atm,col,com,gps,lat,long,dep
202000010078,20,8,3,07:00,2,1,1,1,2,78643,M,"48,9644500","1,9797900",78
202000010079,20,8,17,12:05,1,2,6,1,3,74012,M,"46,1902000","6,2329000",74
202000010080,20,8,15,18:10,1,2,1,1,-1,68297,M,"47,5875600","7,5673900",68
202000010081,20,8,17,19:00,2,2,1,1,2,67365,M,"48,5588000","7,7119500",67
202000010082,20,8,18,23:20,5,2,3,1,3,64189,M,"43,3898700"," -1,6847400",64
202000010083,20,8,17,09:35,1,2,1,1,1,64483,M,"43,3943300"," -1,6172700",64
202000010084,20,8,17,10:25,1,2,6,1,3,64445,M,"43,3163500"," -0,3748300",64
202000010085,20,8,17,10:15,1,2,1,1,7,64122,M,"43,4790461"," -1,5551898",64
202000010086,20,8,14,20:15,1,2,1,1,3,64122,M,"43,4852735"," -1,5519864",64
202000010087,20,8,17,11:20,1,2,6,1,6,64102,M,"43,4935689"," -1,4605993",64
202000010088,20,8,16,22:40,5,2,2,1,3,62108,M,"50,4112800","1,5774600",62
202000010089,20,8,18,16:00,1,2,1,1,6,59350,M,"50,6265950","3,1102570",59
202000010090,20,8,15,01:25,3,1,6,1,6,59437,M,"50,5703600","3,0154900",59
202000010091,20,8,17,12:02,1,2,3,1,3,54159,M,"48,6026000","6,3616000",54
202000010092,20,8,18,18:00,1,1,1,1,3,51454,M,"49,2321142","4,0364602",51
202000010093,20,8,17,10:54,1,2,1,1,7,49007,M,"47,4779600"," -0,5477100",49
202000010094,20,8,18,18:15,1,2,1,1,6,44109,M,"47,2406900"," -1,5085500",44
202000010095,20,7,28,15:25,1,2,1,1,4,36063,M,"46,8255724","1,7001665",36
202000010096,20,8,18,09:10,1,2,1,1,3,31555,M,"43,6081700","1,4283200",31
202000010097,20,8,15,22:20,3,1,1,1,3,28021,M,"48,3721600","1,3384600",28
202000010098,20,8,17,17:30,1,2,2,1,3,25056,M,"47,2574600","6,0419100",25
202000010099,20,8,18,17:30,1,1,1,1,2,14699,M,"49,3472326","0,0925040",14
202000010100,20,8,17,12:05,1,1,3,1,-1,13071,M,"43,4156800","5,3675400",13
202000010101,20,8,18,18:59,1,2,1,1,-1,13208,M,"43,2562200","5,3938700",13
202000010102,20,8,18,02:00,5,2,1,1,3,13202,M,"43,2960349","5,3697771",13
202000010103,20,8,17,15:25,1,2,2,1,1,13201,M,"43,2976000","5,3810000",13
202000010104,20,8,18,12:45,1,2,2,1,3,13001,M,"43,5188400","5,4334800",13
202000010105,20,8,18,15:00,1,2,3,1,2,12145,M,"44,0998700","3,0733000",12
202000010106,20,8,13,15:45,1,1,1,1,1,12089,M,"44,5838000","2,2321400",12
202000010107,20,8,18,08:55,1,2,2,1,1,06088,M,"43,6845911","7,2478867",06
202000010108,20,8,18,13:30,1,2,1,1,3,06029,M,"43,5476100","6,9802400",06
202000010109,20,8,16,02:38,4,2,1,1,7,05061,M,"44,5582800","6,0744400",05
202000010110,20,8,15,15:31,1,2,1,1,7,05061,M,"44,5109928","6,0640240",05
202000010111,20,8,15,11:10,1,1,1,1,7,05061,M,"44,5501620","6,1058280",05
202000010112,20,8,14,16:25,1,2,1,1,4,05061,M,"44,5572900","6,0809500",05
202000010113,20,8,13,16:10,1,2,1,1,7,05061,M,"44,5560300","6,0656300",05
202000010114,20,8,12,09:00,1,2,3,1,3,05061,M,"44,5568000","6,0639800",05
202000010115,20,8,10,19:22,1,2,1,2,7,05061,M,"44,5614400","6,0814000",05
202000010116,20,8,8,11:45,1,2,1,1,2,05061,M,"44,5666900","6,0951700",05
202000010117,20,8,7,14:15,1,2,1,1,7,05061,M,"44,5232900","6,0596000",05
202000010118,20,8,4,07:30,1,2,1,1,7,05061,M,"44,5964700","6,0818200",05
202000010119,20,7,30,10:30,1,2,1,1,3,05061,M,"44,5438600","6,0611600",05
202000010120,20,7,25,08:02,1,2,1,1,2,05061,M,"44,6144800","6,0812700",05
202000010121,20,7,25,01:00,5,2,1,1,6,05061,M,"44,5579400","6,0707100",05
202000010122,20,8,18,01:50,3,2,9,1,3,01344,M,"46,2011000","5,2025000",01
202000010123,20,8,18,21:15,3,2,2,1,5,75105,M,"48,8394700","2,3375760",75
202000010124,20,8,18,18:59,1,2,2,1,4,75120,M,"48,8526990","2,4061230",75
202000010125,20,8,18,15:01,1,2,2,1,3,75119,M,"48,8959210","2,3795190",75
202000010126,20,8,17,13:00,1,2,7,8,3,75118,M,"48,8956400","2,3462970",75
202000010127,20,8,18,18:45,1,2,3,1,7,75117,M,"48,9004780","2,3206870",75
202000010128,20,8,16,14:00,1,2,2,1,3,75116,M,"48,8744240","2,2930070",75
202000010129,20,8,18,14:30,1,2,2,1,3,75115,M,"48,8396520","2,2965310",75
202000010130,20,8,16,17:40,1,2,1,2,7,75115,M,"48,8449600","2,3205450",75
202000010131,20,8,18,14:45,1,2,7,1,6,75113,M,"48,8274940","2,3520750",75
202000010132,20,8,17,15:15,1,2,2,1,3,75112,M,"48,8476050","2,3890700",75
202000010133,20,8,18,21:24,4,2,2,1,3,75111,M,"48,8611080","2,3811500",75
202000010134,20,8,18,18:00,1,2,2,1,6,75110,M,"48,8836950","2,3512490",75
202000010135,20,8,18,18:35,1,2,7,1,3,75107,M,"48,8624510","2,3019520",75
202000010136,20,8,18,10:45,1,2,9,1,4,93066,M,"48,9223100","2,3626800",93
202000010137,20,8,18,07:56,1,2,1,1,3,93077,M,"48,8827700","2,5147300",93
202000010138,20,8,18,09:45,1,2,9,1,3,93053,M,"48,8933110","2,4538402",93
202000010139,20,8,18,13:05,1,2,2,1,6,93048,M,"48,8556766","2,4395844",93
202000010140,20,8,18,10:20,1,2,1,1,3,93031,M,"48,9613577","2,2961281",93
202000010141,20,8,17,11:45,1,2,1,1,3,93027,M,"48,9269200","2,3966900",93
202000010142,20,8,17,23:00,5,2,3,1,3,92022,M,"48,8055760","2,1842000",92
202000010143,20,8,18,12:45,1,2,1,1,3,92025,M,"48,9307647","2,2672901",92
202000010144,20,8,15,15:00,1,2,2,1,3,92025,M,"48,9339160","2,2557890",92
202000010145,20,8,18,15:00,1,2,1,1,3,92012,M,"48,8445156","2,2337363",92
202000010146,20,8,18,18:00,1,2,1,1,6,92007,M,"48,7900920","2,3110970",92
202000010147,20,8,18,19:35,1,1,1,1,2,13214,M,"43,3374790","5,3769710",13
202000010148,20,8,18,18:40,1,1,1,1,3,13215,M,"43,3588450","5,3624780",13
202000010149,20,8,18,14:35,1,1,1,1,3,13026,M,"43,3810520","5,1588830",13
202000010150,20,8,17,19:50,1,1,1,1,5,69266,M,"45,7751900","4,8986700",69
202000010151,20,8,14,15:15,1,1,1,1,4,54232,M,"48,6907100","6,0337800",54
202000010152,20,8,18,16:38,1,1,1,1,6,91471,M,"48,7140000","2,1763000",91
202000010153,20,8,18,17:00,1,1,1,1,2,92025,M,"48,9334931","2,2533023",92
202000010154,20,8,18,15:25,1,1,1,1,3,78423,M,"48,7949370","2,0417840",78
202000010155,20,8,17,18:20,1,1,1,8,4,78571,M,"48,8741960","2,0239530",78
202000010156,20,8,17,11:25,1,1,1,2,3,78043,M,"48,8463740","2,0817200",78
202000010157,20,8,18,17:30,1,1,1,1,4,93066,M,"48,9210600","2,3574300",93
202000010158,20,8,18,09:45,1,1,1,1,2,93010,M,"48,9015000","2,4701100",93
202000010159,20,8,18,10:40,1,1,1,1,5,93010,M,"48,8986300","2,4694900",93
202000010160,20,8,17,13:40,1,1,1,3,6,93027,M,"48,9285100","2,4135900",93
202000010161,20,8,17,17:00,1,1,1,1,4,95500,M,"49,0413700","2,0809600",95
202000010162,20,8,17,13:10,1,1,1,2,6,93027,M,"48,9273200","2,4034500",93
202000010163,20,8,17,21:00,1,1,1,2,7,94073,M,"48,7628607","2,3813598",94
202000010164,20,8,17,19:00,1,1,1,1,2,94017,M,"48,8267620","2,5125234",94
202000010165,20,8,16,09:25,1,2,2,1,3,97411,R," -20,8803691","55,4573777",974
202000010166,20,8,17,08:50,1,2,2,1,3,69383,M,"45,7464000","4,8857000",69
202000010167,20,8,17,11:10,1,2,1,1,3,69259,M,"45,7066500","4,8650900",69
202000010168,20,8,17,10:15,1,2,2,1,1,69383,M,"45,7635500","4,8449400",69
202000010169,20,8,14,18:35,1,2,3,1,3,69383,M,"45,7566300","4,8683900",69
202000010170,20,8,15,21:03,4,1,1,1,3,97213,A,"14,6181530"," -61,0355100",972
202000010171,20,8,17,17:50,1,2,9,1,7,69149,M,"45,7116100","4,8194000",69
202000010172,20,8,17,14:20,1,2,3,1,3,69389,M,"45,7660300","4,8054000",69
202000010173,20,8,17,16:25,1,1,1,1,1,97101,A,"16,2658600"," -61,5099500",971
202000010174,20,8,17,15:15,1,1,9,1,2,97101,A,"16,2515645"," -61,5294510",971
202000010175,20,8,17,11:00,1,2,2,2,6,95018,M,"48,9402280","2,2453060",95
202000010176,20,8,17,13:20,1,2,6,2,-1,91174,M,"48,5805900","2,4762410",91
202000010177,20,8,15,09:50,1,1,1,1,6,91552,M,"48,5968700","2,2443900",91
202000010178,20,8,14,05:00,5,2,1,1,6,91103,M,"48,5981200","2,2883800",91
202000010179,20,8,14,03:50,5,1,6,2,6,91425,M,"48,6473800","2,2760000",91
202000010180,20,8,17,08:40,1,2,1,1,3,87085,M,"45,8427600","1,2308900",87
202000010181,20,8,16,12:14,1,2,1,1,3,87085,M,"45,8284600","1,2584700",87
202000010182,20,8,15,11:11,1,2,1,1,6,87085,M,"45,8406700","1,1933800",87
202000010183,20,8,14,19:38,1,2,3,1,3,87085,M,"45,8259000","1,2577400",87
202000010184,20,8,16,07:50,1,2,2,1,3,86194,M,"46,5765460","0,3451129",86
202000010185,20,8,15,00:15,3,2,1,1,3,85194,M,"46,5222700"," -1,7753000",85
202000010186,20,8,15,01:55,5,2,1,1,1,83129,M,"43,0794210","5,8053740",83
202000010187,20,8,16,08:05,1,1,1,1,6,83069,M,"43,1288100","6,1872700",83
202000010188,20,7,19,22:00,1,2,7,1,6,79191,M,"46,3213900"," -0,4644700",79
202000010189,20,8,15,08:10,2,2,1,1,6,76540,M,"49,4360200","1,0957000",76
202000010190,20,8,14,02:15,5,2,2,2,3,73065,M,"45,5867800","5,8838800",73
202000010191,20,8,16,20:40,2,2,1,2,7,71153,M,"46,8042700","4,4546769",71
202000010192,20,8,17,18:30,1,2,9,1,-1,69256,M,"45,7762400","4,9142300",69
202000010193,20,8,16,20:40,5,2,1,1,1,67482,M,"48,5479876","7,7690763",67
202000010194,20,8,14,22:50,5,2,3,1,3,67447,M,"48,6039106","7,7469226",67
202000010195,20,8,14,19:42,1,2,1,1,2,66136,M,"42,6737300","2,8884400",66
202000010196,20,8,16,16:10,1,2,3,1,2,64237,M,"43,2820100"," -0,3621400",64
202000010197,20,8,16,16:40,1,2,3,1,7,64122,M,"43,4646654"," -1,5683064",64
202000010198,20,8,17,08:50,1,2,1,1,1,64140,M,"43,5270916"," -1,4959517",64
202000010199,20,8,16,04:13,5,2,9,1,6,64024,M,"43,4810000"," -1,5338000",64
202000010200,20,8,16,13:15,1,2,2,1,3,63113,M,"45,7679000","3,0841000",63
202000010201,20,8,15,14:40,1,2,3,1,3,59178,M,"50,3720800","3,0547900",59
202000010202,20,8,14,23:05,3,1,1,2,-1,59165,M,"50,3877900","3,0493100",59
202000010203,20,8,1,22:41,5,2,1,1,7,57631,M,"49,1001987","7,0511218",57
202000010204,20,8,15,17:25,1,2,1,1,7,56121,M,"47,7434000"," -3,3936300",56
202000010205,20,8,17,18:20,1,2,1,7,1,51454,M,"49,2453387","4,0566632",51
202000010206,20,8,15,15:40,1,2,2,1,3,50502,M,"49,1100700"," -1,0551500",50
202000010207,20,8,14,14:50,1,1,1,2,3,50602,M,"49,6285500"," -1,5914400",50
202000010208,20,8,7,22:40,5,2,1,1,7,49328,M,"47,2563100"," -0,0763900",49
202000010209,20,8,15,14:50,1,2,1,1,6,49267,M,"47,4653600"," -0,5164900",49
202000010210,20,8,15,19:55,1,2,1,1,6,49007,M,"47,4414000"," -0,5511500",49
202000010211,20,8,16,20:00,1,2,1,1,6,49007,M,"47,4844500"," -0,5177200",49
202000010212,20,8,16,12:30,1,1,1,1,5,47031,M,"44,1679500","0,6422000",47
202000010213,20,8,17,03:45,5,2,1,1,6,45285,M,"47,9166510","1,8746280",45
202000010214,20,8,16,18:00,1,2,1,1,-1,44109,M,"47,2401000"," -1,5432300",44
202000010215,20,12,30,20:15,5,2,6,5,6,69094,M,"45,7499220","4,6889395",69
202000010216,20,12,30,14:15,1,1,1,1,3,81038,M,"43,8769220","1,9056990",81
202000010217,20,12,29,17:05,2,2,1,1,2,79184,M,"46,3670870"," -0,1166490",79
202000010218,20,12,31,11:41,1,1,1,1,1,16415,M,"45,7075470","0,0832240",16
202000010219,20,12,15,13:30,1,2,6,7,3,56007,M,"47,6704760"," -2,9903860",56
202000010220,20,12,31,20:40,3,1,6,1,6,80176,M,"49,7104110","2,8148600",80
202000010221,20,12,31,10:20,1,1,1,8,2,80090,M,"49,8685570","2,8352880",80
202000010222,20,12,30,18:45,3,1,1,1,6,13019,M,"43,4104900","5,3641900",13
202000010223,20,12,24,23:30,3,1,1,3,4,69266,M,"45,7628600","4,9095500",69
202000010224,20,12,30,12:20,1,1,1,2,6,33249,M,"44,8811610"," -0,5108580",33
202000010225,20,12,30,04:20,3,2,9,2,6,91645,M,"48,7598840","2,2680860",91
202000010226,20,12,30,15:25,1,1,1,1,2,78362,M,"48,9759340","1,7220710",78
202000010227,20,12,30,02:30,3,1,1,1,6,78043,M,"48,8401800","2,0929000",78
202000010228,20,12,29,23:35,3,1,1,1,6,92036,M,"48,9337136","2,2741573",92
202000010229,20,12,29,21:10,3,1,1,9,2,93053,M,"48,8834500","2,4584900",93
202000010230,20,12,29,20:20,3,1,1,1,6,93078,M,"48,9628500","2,5221600",93
202000010231,20,12,29,19:30,3,1,1,2,6,95394,M,"49,0493730","2,1817033",95
202000010232,20,12,29,15:30,1,1,1,3,6,93027,M,"48,9352200","2,4037100",93
202000010233,20,12,29,10:15,1,1,1,1,6,95018,M,"48,9497100","2,2802000",95
202000010234,20,6,2,22:10,5,2,1,1,6,26362,M,"44,9264430","4,8921350",26
202000010235,20,12,29,11:05,1,2,1,1,2,97411,R," -20,8860300","55,4644600",974
202000010236,20,12,29,18:41,5,2,3,1,3,97302,G,"4,9358820"," -52,3356116",973
202000010237,20,12,29,19:30,5,2,1,1,6,97209,A,"14,6040700"," -61,0738700",972
202000010238,20,12,28,12:10,1,1,1,1,1,97113,A,"16,2389900"," -61,4982200",971
202000010239,20,12,20,02:14,5,2,1,1,6,91333,M,"48,6133300","2,2609200",91
202000010240,20,12,28,17:55,5,2,2,1,3,86027,M,"46,5787680","0,3148670",86
202000010241,20,12,27,09:40,1,1,1,1,6,83034,M,"43,1120000","6,0530000",83
202000010242,20,12,29,09:17,1,2,1,2,7,74267,M,"45,8831100","6,1418400",74
202000010243,20,12,29,19:45,5,2,1,1,3,69266,M,"45,7672100","4,8920400",69
202000010244,20,12,29,12:45,1,2,2,7,6,69266,M,"45,7682928","4,8802216",69
202000010245,20,12,28,10:50,1,2,4,1,3,69290,M,"45,6979700","4,9568700",69
202000010246,20,12,28,16:30,1,1,1,1,7,69092,M,"45,9842200","4,7007800",69
202000010247,20,12,28,15:40,1,2,1,6,6,66136,M,"42,7014700","2,8907900",66
202000010248,20,12,29,10:00,1,2,3,1,2,64189,M,"43,3813818"," -1,6678890",64
202000010249,20,12,23,07:20,3,1,1,2,3,62528,M,"50,4517800","2,7866650",62
202000010250,20,12,29,15:40,1,2,3,1,1,59350,M,"50,6256810","3,0506770",59
202000010251,20,12,27,21:10,5,2,1,8,6,59345,M,"50,3410200","3,1667200",59
202000010252,20,12,29,17:15,2,2,1,-1,7,57751,M,"49,1361400","6,1689670",57
202000010253,20,12,28,17:10,1,2,1,2,3,56121,M,"47,7477500"," -3,3754700",56
202000010254,20,12,20,17:15,2,2,1,1,3,49007,M,"47,4726700"," -0,5764900",49
202000010255,20,12,28,17:18,5,2,1,3,6,45234,M,"47,9275790","1,8962040",45
202000010256,20,12,28,10:25,1,2,2,2,3,44132,M,"47,2785000"," -2,2959200",44
202000010257,20,12,28,15:45,1,2,2,8,3,42187,M,"46,0377800","4,0566900",42
202000010258,20,12,28,11:35,1,2,2,3,3,40192,M,"43,8921000"," -0,5146000",40
202000010259,20,12,29,14:15,1,2,1,2,2,35238,M,"48,0835200"," -1,6617900",35
202000010260,20,12,29,11:50,1,1,1,1,7,35278,M,"48,1437300"," -1,6608300",35
202000010261,20,12,29,13:10,1,2,2,2,3,33063,M,"44,8459300"," -0,5849800",33
202000010262,20,11,20,08:10,1,2,2,1,3,33522,M,"44,8171600"," -0,5886200",33
202000010263,20,11,30,19:10,5,2,1,1,7,30007,M,"44,1250000","4,1078500",30
202000010264,20,12,26,17:42,2,2,1,8,2,29019,M,"48,3929914"," -4,4878416",29
202000010265,20,12,2,12:25,1,2,1,1,6,26198,M,"44,5705400","4,7505300",26
202000010266,20,12,24,10:30,1,2,3,1,6,22278,M,"48,5192066"," -2,7862197",22
202000010267,20,12,17,18:20,4,2,3,1,6,22360,M,"48,4892098"," -2,7362102",22
202000010268,20,12,28,21:10,5,2,6,2,3,22360,M,"48,4844400"," -2,7453200",22
202000010269,20,12,28,12:55,1,2,1,1,-1,07229,M,"44,6055850","4,4174650",07
202000010270,20,12,29,19:00,2,2,1,2,3,75120,M,"48,8581330","2,4142200",75
202000010271,20,12,29,12:29,1,2,4,1,3,75117,M,"48,8912580","2,3190750",75
202000010272,20,12,28,16:50,3,2,1,3,6,75116,M,"48,8581170","2,2754040",75
202000010273,20,12,29,19:20,5,2,2,2,6,75112,M,"48,8389440","2,3881150",75
202000010274,20,12,29,20:08,5,2,4,2,6,75102,M,"48,8684680","2,3422400",75
202000010275,20,12,29,21:30,5,2,1,8,3,94041,M,"48,8110500","2,3781400",94
202000010276,20,12,29,10:00,1,2,3,8,3,94034,M,"48,7610720","2,3184220",94
202000010277,20,12,28,18:30,5,2,1,3,6,94011,M,"48,7640000","2,4880000",94
202000010278,20,12,28,16:00,1,2,1,3,3,94028,M,"48,7978400","2,4647200",94
202000010279,20,12,28,11:30,1,2,9,8,3,94002,M,"48,7994100","2,4251900",94
202000010280,20,12,29,20:45,5,2,1,2,6,93046,M,"48,9123300","2,5223900",93
202000010281,20,12,28,19:20,5,2,3,2,-1,93006,M,"48,8673678","2,4182453",93
202000010282,20,12,29,10:40,1,2,1,1,6,93029,M,"48,9202086","2,4206096",93
202000010283,20,12,29,17:15,3,2,1,2,2,93027,M,"48,9382700","2,3884400",93
202000010284,20,12,29,09:00,1,2,1,1,6,93001,M,"48,9099443","2,3858410",93
202000010285,20,12,28,16:00,2,2,3,3,4,92064,M,"48,8502800","2,2217760",92
202000010286,20,12,26,18:35,5,2,3,1,3,92050,M,"48,8853291","2,2243886",92
202000010287,20,12,29,09:40,1,2,1,1,3,92036,M,"48,9362481","2,2600991",92
202000010288,20,12,29,09:50,1,2,1,2,6,92023,M,"48,7777752","2,2296489",92
202000010289,20,12,28,17:40,5,2,1,3,1,92023,M,"48,7864435","2,2454267",92
202000010290,20,12,29,12:15,1,1,1,7,6,14656,M,"48,9519300"," -0,5021950",14
202000010291,20,12,22,15:35,1,1,1,1,6,01248,M,"45,9024310","4,9341090",01
202000010292,20,12,29,16:45,1,1,1,1,6,41271,M,"47,5061280","1,6779040",41
202000010293,20,12,29,10:45,1,2,1,2,2,81311,M,"43,7282684","2,1908658",81
202000010294,20,12,30,06:30,2,2,1,1,1,97201,A,"14,8299260"," -61,1076580",972
202000010295,20,12,30,14:25,1,1,1,1,7,12073,M,"44,2218910","2,5651790",12
202000010296,20,12,30,10:30,1,2,1,1,1,83048,M,"43,2060200","6,5654900",83
202000010297,20,12,30,08:00,4,2,1,8,6,72200,M,"47,8945430","0,1946030",72
202000010298,20,12,30,09:30,1,1,1,1,1,51439,M,"49,3484278","4,1442436",51
202000010299,20,12,30,10:30,1,1,1,9,6,79103,M,"46,7608040"," -0,5706330",79
202000010300,20,12,29,15:20,1,1,1,2,7,80167,M,"50,1954265","1,8795766",80
202000010301,20,12,29,12:00,1,2,2,2,3,11434,M,"43,2815950","2,0856210",11
202000010302,20,12,29,10:30,1,1,2,8,3,89311,M,"47,7838360","3,3923510",89
202000010303,20,12,28,13:59,1,1,1,4,5,86082,M,"46,2860650","0,1750090",86
202000010304,20,12,29,15:30,1,1,1,1,7,34074,M,"43,4615170","3,0248450",34
202000010305,20,12,29,15:30,1,1,3,2,4,44151,M,"47,3259670"," -2,3377170",44
202000010306,20,12,29,10:30,1,1,1,1,6,44182,M,"47,1923010"," -2,1067360",44
202000010307,20,12,22,14:15,1,1,1,1,3,15215,M,"44,9684110","2,5003120",15
202000010308,20,12,30,11:40,1,1,1,1,6,24564,M,"45,2016950","0,3036690",24
202000010309,20,12,30,06:00,3,1,1,8,6,24098,M,"45,2114690","0,7014080",24
202000010310,20,12,30,15:30,1,1,1,2,6,27520,M,"49,2345850","0,6119940",27
202000010311,20,12,30,08:45,1,1,1,9,1,17465,M,"45,9629790"," -0,5549600",17
202000010312,20,12,30,18:15,3,1,1,1,2,03311,M,"46,1549141","3,1206536",03
202000010313,20,12,30,00:45,3,1,1,1,6,44094,M,"47,3289045"," -1,4019392",44
202000010314,20,12,29,12:20,1,1,1,1,6,57630,M,"48,7150840","7,0418930",57
202000010315,20,12,30,09:50,1,2,1,1,6,38191,M,"45,0808600","6,0587600",38
202000010316,20,12,29,13:35,1,1,1,1,3,34240,M,"43,6426659","3,9750150",34
202000010317,20,12,29,15:50,1,1,1,1,-1,69013,M,"46,0008670","4,7345500",69
202000010318,20,12,30,06:00,3,1,1,2,4,91587,M,"48,6867180","2,2861220",91
202000010319,20,12,27,17:00,2,2,1,9,7,2A247,M,"41,5875390","9,2825970",2A
202000010320,20,12,29,15:30,1,1,1,2,6,73075,M,"45,4429290","6,0578540",73
202000010321,20,12,30,18:10,3,1,1,1,4,27684,M,"49,0153670","1,1887120",27
202000010322,20,12,29,07:30,2,2,1,1,6,62560,M,"50,8094600","1,7122320",62
202000010323,20,12,29,09:10,1,1,1,1,6,62089,M,"50,8248880","1,6629720",62
202000010324,20,12,28,15:16,1,2,1,1,6,13055,M,"43,2939186","5,4246202",13
202000010325,20,12,12,22:40,5,1,1,1,-1,69256,M,"45,7978600","4,9289000",69
202000010326,20,12,29,00:10,3,1,1,1,6,01275,M,"45,8086979","4,9312252",01
202000010327,20,12,29,07:35,2,1,1,1,7,91340,M,"48,6090000","2,4359000",91
202000010328,20,12,28,16:30,2,1,4,3,3,91339,M,"48,6280700","2,2577900",91
202000010329,20,12,29,02:20,3,1,1,1,6,92036,M,"48,9357600","2,2624000",92
202000010330,20,12,28,23:25,3,1,1,2,2,78672,M,"48,9297000","1,9841000",78
202000010331,20,12,28,23:35,3,1,1,2,6,78233,M,"48,8827750","2,0148200",78
202000010332,20,12,29,12:15,1,1,1,2,3,95256,M,"49,0453900","2,1859900",95
202000010333,20,12,29,09:30,1,1,1,1,6,95582,M,"48,9634333","2,2664750",95
202000010334,20,12,29,09:00,1,1,1,1,2,95582,M,"48,9736200","2,2451900",95
202000010335,20,12,28,10:30,1,1,1,2,6,92036,M,"48,9380181","2,2940383",92
202000010336,20,12,28,10:15,1,1,1,1,2,93078,M,"48,9656900","2,5168400",93
202000010337,20,12,28,06:50,3,1,1,2,5,93027,M,"48,9282900","2,4122000",93
202000010338,20,12,28,06:15,3,1,1,1,6,93078,M,"48,9656900","2,5168400",93
202000010339,20,12,27,22:40,4,1,1,1,2,93027,M,"48,9286200","2,4140700",93
202000010340,20,12,29,22:15,3,1,1,1,7,77121,M,"48,8340800","2,6655800",77
202000010341,20,12,29,16:20,1,1,1,3,-1,77121,M,"48,8319630","2,6729180",77
202000010342,20,11,23,13:00,1,2,6,1,6,47201,M,"44,1698460","0,6088400",47
202000010343,20,3,13,11:50,1,2,6,1,6,47031,M,"44,1787530","0,6301260",47
202000010344,20,12,29,02:30,5,2,1,1,6,98818,C," -22,2482700","166,4672000",988
202000010345,20,12,26,21:00,3,2,1,1,6,98818,C," -22,2623000","166,3967000",988
202000010346,20,12,28,13:05,1,2,1,1,3,97302,G,"4,9180548"," -52,3127731",973
202000010347,20,12,28,13:50,1,2,2,1,3,69199,M,"45,6945400","4,8441600",69
202000010348,20,12,28,12:24,1,2,1,1,1,97213,A,"14,6471100"," -61,0104100",972
202000010349,20,12,28,11:00,1,2,1,1,2,97213,A,"14,6185235"," -61,0206091",972
202000010350,20,12,26,16:14,1,2,6,1,5,2A004,M,"41,9452600","8,7586400",2A
202000010351,20,12,21,19:20,4,2,5,2,3,91103,M,"48,6125330","2,2781680",91
202000010352,20,12,19,17:45,5,2,1,1,3,91103,M,"48,6022400","2,3074100",91
202000010353,20,12,18,12:18,1,2,1,1,6,91570,M,"48,6271000","2,2909900",91
202000010354,20,12,28,17:10,5,2,1,2,3,91471,M,"48,6960000","2,1765300",91
202000010355,20,12,28,08:25,2,2,9,2,6,91377,M,"48,7155500","2,2975100",91
202000010356,20,12,28,17:30,5,2,1,2,6,91514,M,"48,6839400","2,5368300",91
202000010357,20,12,26,06:32,5,2,1,1,7,87085,M,"45,8340400","1,2472200",87
202000010358,20,12,24,15:53,1,2,1,2,3,87085,M,"45,8369900","1,2598800",87
202000010359,20,12,26,10:35,1,2,1,1,6,86158,M,"46,6180070","0,3156110",86
202000010360,20,12,27,23:20,3,1,1,2,6,82121,M,"43,9953000","1,3522500",82
202000010361,20,12,28,13:05,1,1,1,8,1,71270,M,"46,2785426","4,7906540",71
202000010362,20,12,24,23:15,4,2,3,2,6,67482,M,"48,5461500","7,7655600",67
202000010363,20,12,24,17:05,5,2,1,2,6,67267,M,"48,5598610","7,6914906",67
202000010364,20,12,18,16:35,1,2,1,1,6,64483,M,"43,3875700"," -1,6588400",64
202000010365,20,12,24,14:15,1,2,3,2,6,63113,M,"45,8130900","3,1093100",63
202000010366,20,12,26,10:40,1,2,1,1,6,60159,M,"49,4185400","2,8248400",60
202000010367,20,12,27,19:30,5,2,3,1,6,59350,M,"50,6422900","3,0887400",59
202000010368,20,12,25,01:04,4,2,1,1,6,57757,M,"49,3564700","6,1823300",57
202000010369,20,12,26,18:10,5,2,6,2,6,56107,M,"47,7268600"," -3,3837600",56
202000010370,20,12,23,15:10,1,2,1,3,7,55545,M,"49,1482400","5,4020100",55
202000010371,20,12,21,17:00,1,2,3,1,6,54580,M,"49,4557200","5,9241200",54
202000010372,20,12,28,17:36,2,2,1,1,3,49267,M,"47,4666200"," -0,5161000",49
202000010373,20,12,24,15:40,1,1,1,1,2,44184,M,"47,2891200"," -2,2415800",44
202000010374,20,12,26,14:13,1,2,1,2,2,44184,M,"47,2868100"," -2,2509600",44
202000010375,20,11,30,14:55,1,2,1,1,2,42123,M,"45,5184357","4,5939317",42
202000010376,20,12,28,19:30,5,2,3,2,3,37122,M,"47,3406421","0,6484173",37
202000010377,20,12,28,15:00,1,1,1,3,5,37122,M,"47,3422441","0,6475586",37
202000010378,20,12,28,13:10,1,2,2,1,-1,34172,M,"43,6208300","3,8576100",34
202000010379,20,12,28,21:15,5,2,2,2,3,33063,M,"44,8553070"," -0,6140470",33
202000010380,20,12,27,20:00,5,2,1,1,3,31555,M,"43,5600200","1,3948900",31
202000010381,20,12,26,18:15,5,2,1,1,2,31555,M,"43,6077000","1,4465100",31