Num_Acc,an,mois,jour,hrmn,lum,agg,int,atm,col,com,gps,lat,long,dep
202000010382,20,12,28,04:20,3,1,1,1,7,27681,M,"49,1182600","1,4953100",27
202000010383,20,12,23,19:00,3,1,1,1,2,22278,M,"48,5086600"," -2,7376500",22
202000010384,20,12,28,09:30,1,2,1,2,6,14118,M,"49,2051300"," -0,3758500",14
202000010385,20,12,28,10:45,1,2,1,2,6,13028,M,"43,1844000","5,6050000",13
202000010386,20,12,6,19:25,5,2,1,1,2,11262,M,"43,1898400","3,0057400",11
202000010387,20,12,8,18:15,2,2,9,1,6,11262,M,"43,1887000","3,0088700",11
202000010388,20,12,23,18:25,5,2,3,1,7,11262,M,"43,1803417","3,0041881",11
202000010389,20,12,23,12:10,1,2,1,1,2,11262,M,"43,1822400","2,9947930",11
202000010390,20,12,24,15:30,1,1,1,1,6,07102,M,"44,9229010","4,8522880",07
202000010391,20,12,28,18:24,5,2,3,1,3,06088,M,"43,6896400","7,2060600",06
202000010392,20,12,27,17:00,5,2,1,1,3,06029,M,"43,5539700","7,0229500",06
202000010393,20,12,19,11:00,1,2,1,2,6,06030,M,"43,5693000","7,0108000",06
202000010394,20,12,28,18:20,5,2,1,2,6,75120,M,"48,8521400","2,4029680",75
202000010395,20,12,28,10:45,1,2,1,1,3,75120,M,"48,8659620","2,4125920",75
202000010396,20,12,28,19:10,5,2,1,2,7,75117,M,"48,8842390","2,2892460",75
202000010397,20,12,28,14:15,1,2,1,2,2,75116,M,"48,8749370","2,2837010",75
202000010398,20,12,28,08:30,1,2,2,2,2,75116,M,"48,8685320","2,2989040",75
202000010399,20,12,28,10:10,1,2,3,8,7,75115,M,"48,8408880","2,3058880",75
202000010400,20,12,28,10:45,1,2,7,1,6,75113,M,"48,8358610","2,3598560",75
202000010401,20,12,28,19:30,5,2,2,2,6,75108,M,"48,8682940","2,3101650",75
202000010402,20,12,28,20:10,5,2,3,2,6,75104,M,"48,8529050","2,3589840",75
202000010403,20,12,28,17:25,5,2,1,3,6,94067,M,"48,8451548","2,4175769",94
202000010404,20,12,27,20:50,5,2,3,2,2,94019,M,"48,8006300","2,5422700",94
202000010405,20,12,28,12:50,1,2,1,1,3,94017,M,"48,8199600","2,4830900",94
202000010406,20,12,28,12:00,1,2,1,2,6,93051,M,"48,8442451","2,5784034",93
202000010407,20,11,24,08:10,2,1,1,1,3,16090,M,"45,5786420"," -0,0592880",16
202000010408,20,8,14,19:00,1,1,6,1,2,72058,M,"47,9735480","0,2454760",72
202000010409,20,11,24,05:30,3,1,1,1,6,15259,M,"45,1441220","3,1432060",15
202000010410,20,11,24,11:05,1,2,1,1,6,91573,M,"48,6156590","2,4866570",91
202000010411,20,11,23,17:40,5,2,1,1,6,61464,M,"48,5977700","0,1708350",61
202000010412,20,11,21,09:00,1,1,3,1,3,44223,M,"47,0653280"," -1,5082380",44
202000010413,20,11,19,12:30,1,2,1,1,2,44003,M,"47,3903220"," -1,1802810",44
202000010414,20,11,23,18:30,3,1,2,1,3,29024,M,"48,2594130"," -3,5855070",29
202000010415,20,11,24,17:00,2,1,1,1,1,38144,M,"45,5868340","5,0672940",38
202000010416,20,11,24,06:20,3,1,2,1,1,38399,M,"45,5071290","5,1508820",38
202000010417,20,11,23,06:40,2,1,2,1,3,38042,M,"45,3903510","5,3714240",38
202000010418,20,11,24,13:16,1,2,1,1,7,10164,M,"48,4827148","3,6721641",10
202000010419,20,11,23,17:05,2,1,3,1,2,16350,M,"45,3124650","0,2637360",16
202000010420,20,11,23,20:30,3,1,1,1,6,77295,M,"48,5766500","2,7446210",77
202000010421,20,11,24,15:30,1,1,9,1,1,13044,M,"43,6132660","5,0476880",13
202000010422,20,11,23,07:30,1,2,1,1,6,69244,M,"45,7621795","4,7793590",69
202000010423,20,11,23,11:00,1,2,2,1,6,74081,M,"46,0592960","6,5787720",74
202000010424,20,11,24,02:20,3,1,1,1,6,97415,R," -21,0310640","55,2251060",974
202000010425,20,11,19,19:00,5,1,1,1,6,97128,A,"16,2614510"," -61,3970090",971
202000010426,20,11,20,12:15,1,2,1,1,6,97224,A,"14,6563420"," -61,0424530",972
202000010427,20,11,24,19:05,3,1,1,1,6,77329,M,"48,2414240","2,8095390",77
202000010428,20,11,24,13:10,1,2,2,1,3,66210,M,"42,6297530","2,7526220",66
202000010429,20,11,24,08:45,1,1,1,1,3,83119,M,"43,2532853","6,6405772",83
202000010430,20,11,13,17:30,5,2,1,1,6,67286,M,"48,4481537","7,5387533",67
202000010431,20,11,24,17:15,3,1,1,1,6,38562,M,"45,0911600","5,7787440",38
202000010432,20,10,21,15:30,1,1,3,3,1,26084,M,"45,0108230","4,9538420",26
202000010433,20,11,22,19:30,3,1,1,1,3,33425,M,"45,0562810"," -0,4774280",33
202000010434,20,11,23,16:15,1,2,2,8,6,62865,M,"50,3275700","2,9769030",62
202000010435,20,11,23,14:15,1,1,1,1,3,13216,M,"43,3663000","5,3317900",13
202000010436,20,11,10,06:40,3,1,1,1,6,59569,M,"50,3811570","3,1390170",59
202000010437,20,11,19,16:30,1,1,1,1,6,62193,M,"50,9413780","1,8251900",62
202000010438,20,11,23,10:45,1,1,1,8,6,92063,M,"48,8902705","2,1712620",92
202000010439,20,11,23,06:50,3,1,1,3,4,78007,M,"48,8950710","2,0074540",78
202000010440,20,11,22,19:50,5,1,1,1,2,95582,M,"48,9759700","2,2388700",95
202000010441,20,11,20,17:00,1,2,1,1,3,98818,C," -22,2239700","166,4736700",988
202000010442,20,11,22,06:30,1,1,6,1,7,97302,G,"4,9021233"," -52,3129374",973
202000010443,20,11,22,02:56,5,2,2,1,3,69383,M,"45,7562200","4,8403100",69
202000010444,20,11,22,03:10,5,1,1,9,2,97213,A,"14,6185400"," -61,0221000",972
202000010445,20,11,21,19:10,5,2,2,1,3,91432,M,"48,6967400","2,3327700",91
202000010446,20,11,20,12:35,1,2,1,1,6,78440,M,"48,9864310","1,9209260",78
202000010447,20,11,22,13:56,1,2,1,2,1,59360,M,"50,6145100","3,0092600",59
202000010448,20,11,22,17:00,1,2,3,1,6,35238,M,"48,0890600"," -1,6772700",35
202000010449,20,11,22,01:30,5,2,2,1,3,27229,M,"49,0185570","1,1424987",27
202000010450,20,11,21,08:30,1,2,2,1,1,25056,M,"47,2426390","6,0465280",25
202000010451,20,11,21,17:10,2,2,3,1,3,13117,M,"43,4440000","5,2516900",13
202000010452,20,11,22,19:15,3,2,3,1,2,13206,M,"43,2899619","5,3725658",13
202000010453,20,11,21,09:50,1,2,6,1,3,13208,M,"43,2537830","5,3844580",13
202000010454,20,11,21,11:20,1,2,1,1,1,06123,M,"43,6617100","7,1936100",06
202000010455,20,11,22,13:30,1,2,2,1,3,75112,M,"48,8480000","2,3714240",75
202000010456,20,11,21,17:57,2,2,1,1,6,75120,M,"48,8553070","2,4080640",75
202000010457,20,11,22,21:45,5,2,1,1,2,75118,M,"48,8840100","2,3272070",75
202000010458,20,11,22,00:26,5,2,4,1,3,75118,M,"48,9006900","2,3442390",75
202000010459,20,11,22,21:40,5,2,5,1,3,75117,M,"48,8930120","2,3274330",75
202000010460,20,11,22,13:00,1,2,3,1,3,75110,M,"48,8792400","2,3667350",75
202000010461,20,11,21,23:35,5,2,2,1,7,75109,M,"48,8819190","2,3396940",75
202000010462,20,11,22,17:05,2,2,3,1,1,75101,M,"48,8590110","2,3398730",75
202000010463,20,11,21,13:35,1,2,7,1,6,94042,M,"48,8201820","2,4674240",94
202000010464,20,11,22,17:55,5,2,9,1,3,94059,M,"48,8126200","2,5743400",94
202000010465,20,11,22,17:50,5,2,2,1,6,94053,M,"48,7756100","2,5486000",94
202000010466,20,11,21,23:50,5,2,3,1,3,93057,M,"48,8995900","2,4986900",93
202000010467,20,11,21,13:45,1,2,1,1,6,92073,M,"48,8630536","2,2012554",92
202000010468,20,11,23,07:40,2,2,1,1,1,44180,M,"47,5197870"," -1,1924350",44
202000010469,20,11,18,16:40,1,1,1,1,1,08239,M,"49,3895800","4,3801550",08
202000010470,20,11,22,16:30,1,1,1,2,6,76122,M,"49,8252000","1,5216000",76
202000010471,20,11,23,13:50,1,1,2,1,3,44137,M,"47,3815850"," -2,0259050",44
202000010472,20,11,22,18:00,5,2,1,2,2,62162,M,"50,5701110","2,4359500",62
202000010473,20,11,23,07:05,2,2,1,1,6,31157,M,"43,5317650","1,3564040",31
202000010474,20,11,22,00:30,5,2,1,2,6,63195,M,"45,8180220","3,3769710",63
202000010475,20,11,23,11:00,1,1,1,1,6,61508,M,"48,9367090","0,2275590",61
202000010476,20,11,22,10:40,1,1,1,1,7,49125,M,"47,1655880"," -0,3801440",49
202000010477,20,11,16,08:35,1,1,4,1,3,31193,M,"43,2742683","1,0568762",31
202000010478,20,11,23,05:35,5,2,1,1,6,02173,M,"49,6203360","3,2180570",02
202000010479,20,11,23,06:48,2,1,1,5,1,01246,M,"46,2617510","5,0275650",01
202000010480,20,11,22,16:30,1,1,1,1,1,07216,M,"44,9613970","4,6492120",07
202000010481,20,11,23,17:50,3,1,2,1,3,27210,M,"49,1146600","0,8499100",27
202000010482,20,11,22,03:15,3,1,1,1,6,37143,M,"47,1301411","0,7807692",37
202000010483,20,11,23,11:30,1,1,6,1,6,48138,M,"44,4967960","3,2634330",48
202000010484,20,11,21,19:58,5,2,1,1,7,48051,M,"44,2455410","3,9209930",48
202000010485,20,11,20,08:15,1,1,2,1,3,13051,M,"43,5464800","5,1486770",13
202000010486,20,11,22,16:50,5,2,1,1,1,78571,M,"48,8582720","2,0219110",78
202000010487,20,11,23,20:00,3,1,1,1,2,68309,M,"47,6616930","7,4825910",68
202000010488,20,11,19,16:20,1,1,1,1,5,97601,Y," -12,7298100","45,0599100",976
202000010489,20,11,9,14:00,1,1,9,1,6,34166,M,"43,3559990","3,3383200",34
202000010490,20,8,11,01:30,3,1,1,1,-1,34101,M,"43,3919010","3,4621200",34
202000010491,20,11,20,21:20,3,2,6,1,7,98712,P," -17,5429770"," -149,5036460",987
202000010492,20,11,22,19:07,3,2,3,1,6,34123,M,"43,6314445","3,7651509",34
202000010493,20,11,22,00:30,3,2,1,1,6,97420,R," -20,9292910","55,5771570",974
202000010494,20,11,23,05:15,3,1,1,1,7,97304,G,"5,1521540"," -52,8696440",973
202000010495,20,11,6,17:20,1,1,1,1,3,97118,A,"16,1667440"," -61,5875800",971
202000010496,20,11,18,18:05,3,1,9,1,6,97118,A,"16,1978200"," -61,6059420",971
202000010497,20,10,20,07:30,1,1,6,1,2,30156,M,"43,8661370","4,4439000",30
202000010498,20,11,22,19:05,3,1,1,1,6,54063,M,"48,8402890","5,8413150",54
202000010499,20,11,23,14:42,1,2,4,1,3,69273,M,"45,6796950","4,9213390",69
202000010500,20,11,23,07:00,5,2,6,1,1,69204,M,"45,6954187","4,8201846",69
202000010501,20,11,23,11:10,1,1,3,1,1,81215,M,"43,7619710","1,8817570",81
202000010502,20,11,23,08:45,1,2,1,1,3,33238,M,"44,7311180"," -0,6002090",33
202000010503,20,11,20,19:00,3,1,1,1,2,14554,M,"49,0744910"," -0,2980470",14
202000010504,20,11,22,15:25,1,1,1,1,7,60251,M,"49,4600736","2,2214512",60
202000010505,20,11,22,09:15,1,1,1,1,3,91136,M,"48,7161000","2,2666300",91
202000010506,20,11,22,01:40,3,1,1,1,6,91347,M,"48,6246000","2,3011500",91
202000010507,20,11,21,20:50,3,1,1,1,2,91174,M,"48,6197000","2,4593000",91
202000010508,20,11,22,16:20,1,1,1,8,2,92064,M,"48,8273768","2,2246216",92
202000010509,20,11,21,13:50,1,1,1,1,6,92050,M,"48,9028000","2,2045400",92
202000010510,20,7,23,12:20,1,1,1,1,7,67482,M,"48,5725689","7,7297694",67
202000010511,20,7,17,08:02,1,1,1,1,3,67218,M,"48,5318900","7,6964000",67
202000010512,20,6,24,18:10,1,1,1,1,5,67482,M,"48,5872649","7,7126089",67
202000010513,20,1,19,20:45,5,2,1,1,6,74012,M,"46,1930120","6,2266850",74
202000010514,20,6,12,08:00,1,2,2,1,3,33349,M,"44,7438200"," -0,4857700",33
202000010515,20,11,21,23:32,5,2,1,1,6,97416,R," -21,3235500","55,4813300",974
202000010516,20,11,20,21:30,5,2,2,1,3,97407,R," -20,9455600","55,2982900",974
202000010517,20,11,20,22:10,5,2,2,8,2,97302,G,"4,9269200"," -52,3034800",973
202000010518,20,11,21,21:20,5,2,2,1,5,69388,M,"45,7344227","4,8661146",69
202000010519,20,11,21,11:35,1,2,1,1,6,69259,M,"45,7164800","4,8765200",69
202000010520,20,11,21,06:10,1,1,1,1,7,97209,A,"14,6154000"," -61,0409000",972
202000010521,20,11,20,11:20,1,2,2,1,3,69381,M,"45,7661000","4,8359500",69
202000010522,20,11,21,19:00,5,2,2,1,3,97120,A,"16,2399900"," -61,5319700",971
202000010523,20,11,21,21:55,5,2,1,1,6,2A004,M,"41,9075993","8,6792978",2A
202000010524,20,11,21,22:00,5,2,2,1,3,83069,M,"43,1191677","6,1310831",83
202000010525,20,11,21,18:10,2,2,3,1,3,81004,M,"43,9216000","2,1663900",81
202000010526,20,11,20,23:30,5,1,6,1,1,77518,M,"48,5056160","2,6071500",77
202000010527,20,11,20,08:15,1,2,3,1,6,76212,M,"49,4379800","1,1474000",76
202000010528,20,11,21,17:24,2,2,1,1,6,69275,M,"45,7709800","4,9624900",69
202000010529,20,11,21,11:42,1,2,2,1,3,69266,M,"45,7638100","4,8831800",69
202000010530,20,11,20,19:00,5,2,1,1,7,59512,M,"50,6835800","3,2021500",59
202000010531,20,11,21,14:27,1,2,6,7,3,57119,M,"48,7369400","7,0768100",57
202000010532,20,11,21,10:45,1,2,3,1,3,54395,M,"48,6835517","6,1812150",54
202000010533,20,11,21,22:30,3,1,1,1,2,44162,M,"47,2502900"," -1,6206700",44
202000010534,20,11,20,08:30,1,2,3,1,3,37261,M,"47,4348047","0,6906161",37
202000010535,20,11,21,16:50,2,2,1,1,6,35238,M,"48,1055600"," -1,7245600",35
202000010536,20,11,20,17:05,2,2,3,1,1,34172,M,"43,6002400","3,8673750",34
202000010537,20,11,20,14:55,1,2,1,1,1,33249,M,"44,8734000"," -0,5370100",33
202000010538,20,11,21,09:30,1,2,6,1,3,25462,M,"46,9058900","6,3575000",25
202000010539,20,11,20,17:40,5,2,1,1,3,13056,M,"43,3982000","5,0518600",13
202000010540,20,11,21,00:15,5,2,1,1,1,13214,M,"43,3257500","5,3790200",13
202000010541,20,11,20,18:29,5,2,2,1,3,13201,M,"43,3002900","5,3841500",13
202000010542,20,11,22,00:05,5,2,2,1,3,06088,M,"43,7020000","7,2590230",06
202000010543,20,11,21,20:30,5,1,1,1,3,06088,M,"43,6998200","7,1988300",06
202000010544,20,11,21,15:15,1,2,1,1,3,06088,M,"43,7051900","7,3005300",06
202000010545,20,11,21,15:25,1,2,4,1,3,06088,M,"43,7069500","7,2857700",06
202000010546,20,11,20,18:50,5,1,1,1,2,06069,M,"43,6473310","6,8947940",06
202000010547,20,11,20,08:45,1,2,1,1,2,75119,M,"48,8900100","2,3960560",75
202000010548,20,11,20,23:07,5,2,2,1,3,75111,M,"48,8637740","2,3701020",75
202000010549,20,11,21,14:00,1,2,1,1,6,75118,M,"48,8966390","2,3454430",75
202000010550,20,11,21,19:45,5,2,3,1,2,75117,M,"48,8788570","2,3017570",75
202000010551,20,11,21,20:20,5,2,1,1,2,75115,M,"48,8349090","2,3045710",75
202000010552,20,11,21,16:25,1,2,1,1,6,75115,M,"48,8409290","2,2921680",75
202000010553,20,11,21,19:40,5,2,2,1,6,75111,M,"48,8694650","2,3739310",75
202000010554,20,11,20,20:18,5,2,1,1,6,75111,M,"48,8528450","2,3770180",75
202000010555,20,11,20,18:20,5,2,3,1,6,75108,M,"48,8695580","2,3257820",75
202000010556,20,11,21,14:50,1,2,4,1,3,75117,M,"48,8844360","2,3012580",75
202000010557,20,11,21,17:15,2,2,3,1,6,75101,M,"48,8653200","2,3273200",75
202000010558,20,11,21,16:35,2,2,2,1,7,75101,M,"48,8637280","2,3322400",75
202000010559,20,11,21,14:30,1,2,1,1,2,94081,M,"48,7957400","2,4098100",94
202000010560,20,11,21,13:00,1,2,1,1,3,94078,M,"48,7354230","2,4501410",94
202000010561,20,11,21,18:25,5,2,1,1,3,94046,M,"48,8050220","2,4410190",94
202000010562,20,11,21,13:26,1,2,1,1,2,94041,M,"48,8120400","2,3786800",94
202000010563,20,11,20,20:20,5,2,1,1,3,94022,M,"48,7652380","2,4081270",94
202000010564,20,11,21,14:40,1,2,3,7,1,94019,M,"48,7876300","2,5207200",94
202000010565,20,11,20,19:45,5,2,1,1,3,92078,M,"48,9330110","2,3219630",92
202000010566,20,11,21,19:13,5,2,2,1,3,92044,M,"48,8986700","2,2868200",92
202000010567,20,11,21,18:10,5,2,7,1,3,92040,M,"48,8252300","2,2677800",92
202000010568,20,11,21,16:07,1,2,1,1,6,92007,M,"48,7907302","2,3146820",92
202000010569,20,11,21,18:15,1,2,1,1,7,97415,R," -21,0701320","55,2673780",974
202000010570,20,11,22,14:50,1,2,1,1,6,31467,M,"43,6889890","1,4049790",31
202000010571,20,11,21,18:25,5,1,9,1,4,37010,M,"47,5467964","0,9875707",37
202000010572,20,11,21,16:00,1,2,1,1,1,83120,M,"43,3853950","5,7071930",83
202000010573,20,11,21,15:20,1,2,4,7,3,51610,M,"49,0653788","4,9055710",51
202000010574,20,11,21,18:10,3,1,9,1,7,79005,M,"46,8338180"," -0,1695800",79
202000010575,20,11,22,07:00,2,1,1,5,6,49167,M,"47,3943110"," -0,5040410",49
202000010576,20,11,19,16:10,1,2,1,8,3,68349,M,"47,6095160","7,5632850",68
202000010577,20,11,21,17:30,2,1,1,1,2,68195,M,"47,7680790","7,2485410",68
202000010578,20,11,22,11:45,1,1,2,1,3,39489,M,"46,8441920","5,6515810",39
202000010579,20,11,22,06:00,3,1,1,1,6,03205,M,"46,2266432","3,5766428",03
202000010580,20,11,20,10:05,1,2,1,1,6,58131,M,"47,0847200","3,1927940",58
202000010581,20,11,20,07:45,1,1,1,1,1,14682,M,"49,2986580","0,2210120",14
202000010582,20,11,22,12:30,1,1,1,1,6,14143,M,"49,1423730"," -0,7549240",14
202000010583,20,11,21,17:00,1,1,1,1,7,50129,M,"49,6304930"," -1,5365040",50
202000010584,20,11,21,20:00,1,2,2,1,2,36018,M,"46,6339980","1,0674410",36
202000010585,20,11,21,17:00,1,2,1,1,7,40255,M,"43,8945490"," -0,3618890",40
202000010586,20,11,20,20:15,3,1,1,1,6,06155,M,"43,6033760","7,0620200",06
202000010587,20,11,21,15:45,1,1,1,1,6,83052,M,"43,5936170","5,8611740",83
202000010588,20,11,22,14:20,1,1,1,7,6,73181,M,"45,4888418","6,5409137",73
202000010589,20,11,21,16:20,1,1,2,1,3,17429,M,"45,9121010"," -0,9840650",17
202000010590,20,11,20,16:15,1,2,4,1,6,49023,M,"47,1513063"," -1,0598035",49
202000010591,20,11,21,20:07,3,1,1,1,2,56023,M,"47,7363400"," -3,0166170",56
202000010592,20,11,20,18:00,3,1,3,1,3,29087,M,"48,0473319"," -4,2674088",29
202000010593,20,11,20,20:25,3,1,1,1,2,13015,M,"43,4354700","5,3959500",13
202000010594,20,11,20,08:50,1,1,1,1,2,13215,M,"43,3313600","5,3541300",13
202000010595,20,11,20,22:10,3,1,1,1,-1,91182,M,"48,6290900","2,4117400",91
202000010596,20,11,20,20:00,3,1,1,1,4,91235,M,"48,6306900","2,3612200",91
202000010597,20,11,21,17:50,5,1,1,1,6,92025,M,"48,9333400","2,2523700",92
202000010598,20,11,20,21:30,3,1,1,1,2,78043,M,"48,8278230","2,0781540",78
202000010599,20,5,14,15:50,1,2,1,1,2,91097,M,"48,6785000","2,5276000",91
202000010600,20,5,13,13:31,1,2,3,2,6,87085,M,"45,8332000","1,2753200",87
202000010601,20,4,20,17:10,1,2,1,1,6,78126,M,"48,8390660","2,1293880",78
202000010602,20,5,14,03:15,5,2,9,1,6,77139,M,"48,9111300","2,6036000",77
202000010603,20,5,11,23:54,5,2,1,1,6,67482,M,"48,5943250","7,7429860",67
202000010604,20,5,11,16:30,1,2,1,2,2,67447,M,"48,6042445","7,7581699",67
202000010605,20,5,13,21:00,2,2,3,1,3,64445,M,"43,3242300"," -0,3632900",64
202000010606,20,5,11,16:20,1,2,1,2,6,64335,M,"43,3215900"," -0,4235600",64
202000010607,20,5,12,15:30,1,1,1,3,2,63164,M,"45,8211640","3,1554861",63
202000010608,20,5,13,13:05,1,2,1,2,6,63113,M,"45,7802870","3,1082544",63
202000010609,20,5,13,11:38,1,2,4,1,2,63113,M,"45,7769980","3,1014459",63
202000010610,20,5,13,07:00,1,2,9,1,1,60057,M,"49,4404500","2,1064600",60
202000010611,20,5,14,15:30,1,2,2,1,3,59350,M,"50,6169000","3,0240400",59
202000010612,20,5,14,09:50,1,2,4,7,6,56260,M,"47,6582800"," -2,7501600",56
202000010613,20,5,13,18:30,1,2,3,1,2,56121,M,"47,7479100"," -3,3897900",56
202000010614,20,5,13,15:45,1,2,2,1,1,56098,M,"47,7651600"," -3,3453500",56
202000010615,20,5,12,12:20,1,2,1,1,6,52121,M,"48,1105700","5,1383800",52
202000010616,20,5,14,09:40,1,1,1,1,3,45234,M,"47,9238700","1,9414600",45
202000010617,20,5,13,17:00,1,2,6,1,3,44162,M,"47,2317865"," -1,5925070",44
202000010618,20,5,12,19:00,1,2,1,1,1,44109,M,"47,2457417"," -1,5765142",44
202000010619,20,5,14,10:50,1,2,1,1,2,35051,M,"48,1159130"," -1,5846270",35
202000010620,20,5,14,18:35,1,2,1,2,7,34172,M,"43,6085700","3,8730400",34
202000010621,20,5,12,12:28,1,2,1,1,-1,34172,M,"43,6085070","3,8694670",34
202000010622,20,5,14,16:30,1,2,7,1,3,33069,M,"44,8658200"," -0,5761500",33
202000010623,20,5,14,15:02,1,2,1,1,2,29039,M,"47,8744342"," -3,9265345",29
202000010624,20,5,14,02:20,5,2,1,1,6,13201,M,"43,2960800","5,3815200",13
202000010625,20,5,14,09:45,1,1,1,1,-1,13005,M,"43,3235900","5,5902000",13
202000010626,20,5,2,17:50,1,2,1,1,3,11262,M,"43,1900700","2,9853000",11
202000010627,20,5,13,18:04,2,2,1,1,1,10297,M,"48,3128600","4,0846100",10
202000010628,20,5,14,15:15,1,1,1,1,7,06069,M,"43,6702300","6,9119500",06
202000010629,20,5,12,11:25,1,2,1,1,7,04070,M,"44,0892800","6,2296800",04
202000010630,20,5,14,15:40,1,2,1,1,2,75112,M,"48,8368700","2,4124010",75
202000010631,20,5,14,09:45,1,2,4,1,3,75120,M,"48,8613410","2,4137390",75
202000010632,20,5,14,19:20,1,2,4,1,6,75119,M,"48,8880250","2,3772190",75
202000010633,20,5,13,18:10,1,2,1,1,3,75116,M,"48,8562530","2,2433540",75
202000010634,20,5,14,21:25,1,2,3,1,-1,75114,M,"48,8292540","2,3192100",75
202000010635,20,5,14,13:04,1,2,2,1,-1,75111,M,"48,8564740","2,3942150",75
202000010636,20,5,14,15:45,1,2,2,1,3,75109,M,"48,8709690","2,3341590",75
202000010637,20,5,14,17:25,1,2,2,1,3,75108,M,"48,8750360","2,3091920",75
202000010638,20,5,14,07:05,1,2,1,1,2,75107,M,"48,8632780","2,3195240",75
202000010639,20,5,14,17:40,1,2,2,1,3,75101,M,"48,8637270","2,3322390",75
202000010640,20,5,14,20:00,1,2,9,1,3,94058,M,"48,8384755","2,4949704",94
202000010641,20,5,14,13:50,1,2,9,1,6,94052,M,"48,8360000","2,4790000",94
202000010642,20,5,14,15:18,1,2,1,1,-1,94076,M,"48,7885500","2,3713000",94
202000010643,20,5,14,14:00,1,2,1,1,2,94028,M,"48,7812800","2,4376111",94
202000010644,20,5,14,17:50,1,2,2,1,3,94079,M,"48,8321920","2,5449510",94
202000010645,20,5,13,21:30,5,2,9,1,3,93070,M,"48,9025000","2,3343000",93
202000010646,20,5,14,22:00,5,2,1,1,6,93053,M,"48,9036123","2,4706561",93
202000010647,20,5,14,09:20,1,2,1,1,2,93079,M,"48,9504933","2,3403915",93
202000010648,20,5,13,13:53,1,2,1,1,6,93007,M,"48,9226470","2,4706450",93
202000010649,20,5,14,13:45,1,2,1,1,2,92046,M,"48,8121116","2,2996339",92
202000010650,20,5,14,10:00,1,2,1,1,2,92051,M,"48,8790219","2,2787404",92
202000010651,20,5,14,15:45,1,2,1,1,3,92025,M,"48,9253530","2,2383960",92
202000010652,20,5,13,20:30,1,2,3,1,3,92004,M,"48,9060510","2,2865470",92
202000010653,20,5,12,18:00,1,1,1,1,3,35168,M,"47,9367989"," -1,9969659",35
202000010654,20,5,11,09:45,1,1,1,2,1,86203,M,"46,2907610","0,6381350",86
202000010655,20,5,14,18:30,1,1,1,1,7,37169,M,"47,6066569","0,9263086",37
202000010656,20,5,13,10:44,1,1,2,2,3,38349,M,"45,3394550","4,7806730",38
202000010657,20,5,15,16:20,1,2,1,1,6,83019,M,"43,1517980","6,3434350",83
202000010658,20,5,15,15:45,1,2,3,1,2,27179,M,"49,1320370","0,5771580",27
202000010659,20,5,13,11:40,1,1,2,1,1,76046,M,"49,4399890","1,2944980",76
202000010660,20,5,14,11:30,1,1,1,1,7,63072,M,"45,8779490","3,6823585",63
202000010661,20,5,14,18:20,1,1,3,1,1,49109,M,"47,1081840"," -0,6406400",49
202000010662,20,5,13,15:50,1,1,1,1,1,46187,M,"44,4588340","1,0247970",46
202000010663,20,5,15,09:18,1,1,3,8,3,39449,M,"47,1531210","5,4871180",39
202000010664,20,5,15,18:00,1,1,1,1,6,29031,M,"47,8115705"," -3,5599334",29
202000010665,20,5,15,17:06,1,2,1,1,7,02750,M,"49,5217780","3,2351620",02
202000010666,20,5,14,09:10,1,1,1,1,1,54567,M,"48,4584230","6,3377700",54
202000010667,20,5,15,15:45,1,2,1,1,6,60471,M,"49,5836945","3,0191126",60
202000010668,20,5,14,15:00,1,1,1,1,6,10035,M,"48,2009890","4,7633290",10
202000010669,20,5,14,15:00,1,1,1,1,6,16065,M,"46,0393990","0,7782700",16
202000010670,20,5,14,06:00,2,1,2,1,3,27192,M,"49,1328350","0,9388800",27
202000010671,20,5,15,15:00,1,1,3,7,1,28422,M,"48,2787730","1,5768810",28
202000010672,20,5,12,10:00,1,1,2,1,3,17022,M,"45,8998270"," -0,5229230",17
202000010673,20,5,14,19:05,1,1,1,1,1,17309,M,"45,1695160"," -0,0214900",17
202000010674,20,2,10,16:00,1,2,1,1,6,38253,M,"45,0156500","6,1274900",38
202000010675,20,5,15,07:45,1,1,1,1,6,98807,C," -20,7002830","164,9441390",988
202000010676,20,5,14,20:15,3,1,1,1,1,97117,A,"16,3067100"," -61,3492230",971
202000010677,20,5,14,15:00,1,1,1,1,6,97118,A,"16,1944788"," -61,6353921",971
202000010678,20,5,15,17:10,1,2,1,1,3,83030,M,"43,3805360","6,0980130",83
202000010679,20,5,15,15:45,1,1,1,1,5,13049,M,"43,7152050","5,0900870",13
202000010680,20,5,14,08:15,1,2,6,1,3,21209,M,"47,3377350","5,1544290",21
202000010681,20,5,15,16:29,1,2,3,1,3,68226,M,"48,0392090","7,1407810",68
202000010682,20,5,14,16:49,1,2,3,1,3,01160,M,"46,2569670","6,1102810",01
202000010683,20,5,15,17:15,1,1,9,1,3,69206,M,"46,0494616","4,6952513",69
202000010684,20,5,14,19:05,1,1,1,8,2,69094,M,"45,7597121","4,6969448",69