Num_Acc,an,mois,jour,hrmn,lum,agg,int,atm,col,com,gps,lat,long,dep
202000010685,20,5,15,17:00,1,1,1,7,2,60409,M,"49,3027750","2,4700680",60
202000010686,20,5,14,15:10,1,1,1,1,5,91589,M,"48,6739800","2,3427200",91
202000010687,20,5,14,12:30,1,1,1,1,7,91645,M,"48,7592000","2,2670000",91
202000010688,20,5,13,11:15,1,1,1,1,2,93007,M,"48,9358900","2,4805200",93
202000010689,20,3,5,16:35,1,2,1,1,6,17300,M,"46,1515800"," -1,1221600",17
202000010690,20,2,26,19:45,5,2,3,1,3,17300,M,"46,1412000"," -1,1379500",17
202000010691,20,1,20,05:15,5,2,1,1,6,11262,M,"43,1670300","2,9778500",11
202000010692,20,5,13,14:50,1,1,1,8,2,69387,M,"45,7298800","4,8400200",69
202000010693,20,5,13,13:30,1,2,2,8,2,69259,M,"45,6923900","4,8986800",69
202000010694,20,5,11,03:35,5,2,1,2,7,69389,M,"45,7763966","4,7962960",69
202000010695,20,5,13,13:55,1,2,1,1,-1,69034,M,"45,7923000","4,8412600",69
202000010696,20,5,12,15:30,1,2,1,1,6,91223,M,"48,4326000","2,1642000",91
202000010697,20,4,30,22:12,5,2,1,1,6,87085,M,"45,8519000","1,2633400",87
202000010698,20,5,13,09:29,1,2,3,2,6,87085,M,"45,8398000","1,2348100",87
202000010699,20,5,13,23:20,5,2,1,1,7,83129,M,"43,0940160","5,8375240",83
202000010700,20,4,14,19:00,1,2,6,1,3,80021,M,"49,8855200","2,3121400",80
202000010701,20,4,1,17:20,1,2,1,1,6,78524,M,"48,8363840","2,0962430",78
202000010702,20,5,12,09:05,1,2,1,1,6,77294,M,"48,9542500","2,6000200",77
202000010703,20,5,12,10:15,1,2,1,1,6,76351,M,"49,5213000","0,1132000",76
202000010704,20,5,13,20:15,1,1,3,1,3,76565,M,"49,8889298","1,0839987",76
202000010705,20,5,9,15:35,1,2,1,1,6,67482,M,"48,5627000","7,6948600",67
202000010706,20,5,8,15:27,1,2,1,1,7,67482,M,"48,5471922","7,7706644",67
202000010707,20,5,13,21:00,1,2,2,1,3,64102,M,"43,5044100"," -1,4673500",64
202000010708,20,5,13,18:45,1,2,1,1,2,64102,M,"43,4983000"," -1,4482000",64
202000010709,20,5,1,17:33,1,2,1,1,6,63113,M,"45,7671354","3,1334886",63
202000010710,20,5,13,11:13,1,2,2,1,3,59286,M,"50,6109350","2,9800790",59
202000010711,20,5,11,08:20,1,2,2,2,3,58194,M,"46,9959000","3,1367000",58
202000010712,20,5,13,04:40,3,1,1,1,6,56162,M,"47,7345300"," -3,4692300",56
202000010713,20,5,13,14:15,1,2,1,7,6,51454,M,"49,2478196","4,0146921",51
202000010714,20,5,12,17:55,1,2,7,1,2,51454,M,"49,2571751","4,0389715",51
202000010715,20,5,12,12:55,1,2,1,1,7,49007,M,"47,4706100"," -0,5635500",49
202000010716,20,5,11,15:26,1,2,1,1,3,49246,M,"47,4328300"," -0,5292600",49
202000010717,20,5,13,13:10,1,2,3,1,3,45234,M,"47,9115900","1,9279200",45
202000010718,20,5,12,12:05,1,2,2,1,2,45147,M,"47,9274600","1,8981900",45
202000010719,20,5,12,16:47,1,2,3,1,3,44184,M,"47,2590200"," -2,2823900",44
202000010720,20,5,12,11:30,1,2,2,1,3,35238,M,"48,1246000"," -1,7029000",35
202000010721,20,5,5,20:45,1,1,6,1,7,33529,M,"44,6300000"," -1,1563200",33
202000010722,20,5,13,19:30,1,2,1,2,3,32013,M,"43,6545000","0,5677000",32
202000010723,20,5,13,14:45,1,2,9,1,6,28209,M,"48,4689300","1,4681700",28
202000010724,20,5,11,16:20,1,2,1,1,6,19031,M,"45,1529990","1,5070990",19
202000010725,20,5,13,15:10,1,2,9,1,2,13206,M,"43,2960000","5,4056900",13
202000010726,20,5,13,20:50,3,2,1,3,6,07186,M,"44,7276000","4,5994000",07
202000010727,20,5,13,08:50,1,2,3,1,3,75120,M,"48,8639410","2,3916460",75
202000010728,20,5,12,21:00,2,2,2,1,6,75119,M,"48,8839070","2,3917390",75
202000010729,20,5,13,13:30,1,2,2,1,6,75119,M,"48,8782600","2,3729510",75
202000010730,20,5,13,13:20,1,2,4,1,3,75114,M,"48,8287720","2,3277000",75
202000010731,20,5,12,14:40,1,2,1,1,3,75112,M,"48,8399880","2,3941130",75
202000010732,20,5,13,10:00,1,2,1,1,3,75108,M,"48,8687840","2,3034880",75
202000010733,20,5,13,18:35,1,2,1,1,2,94067,M,"48,8456880","2,4260810",94
202000010734,20,5,13,12:20,1,2,3,1,3,94073,M,"48,7632380","2,4004400",94
202000010735,20,5,13,10:19,1,2,1,1,6,94018,M,"48,8217143","2,4147616",94
202000010736,20,5,13,19:30,1,2,1,1,3,94070,M,"48,7252640","2,5764850",94
202000010737,20,5,13,14:10,1,2,2,1,3,93073,M,"48,9632100","2,5702200",93
202000010738,20,5,13,13:00,1,2,1,1,6,93064,M,"48,8808048","2,4736147",93
202000010739,20,5,13,14:00,1,2,5,1,3,93077,M,"48,8789400","2,5162100",93
202000010740,20,5,3,16:15,1,2,9,2,3,93053,M,"48,9038766","2,4707446",93
202000010741,20,5,13,13:40,1,2,1,1,3,92051,M,"48,8938100","2,2680400",92
202000010742,20,5,13,17:29,1,1,1,1,7,49127,M,"47,6774880"," -0,2693305",49
202000010743,20,5,12,14:45,1,1,1,1,6,62774,M,"50,9232250","1,7173970",62
202000010744,20,5,11,23:45,5,2,6,1,7,59202,M,"50,6752190","2,8334480",59
202000010745,20,5,12,16:50,1,2,3,1,3,59301,M,"50,4707670","3,5240100",59
202000010746,20,5,13,16:10,1,1,1,1,3,57329,M,"49,2569520","6,4921690",57
202000010747,20,5,14,14:04,1,1,1,1,6,56081,M,"48,0626510"," -3,6175920",56
202000010748,20,5,14,10:15,1,1,1,8,2,74083,M,"45,8990860","6,6510880",74
202000010749,20,5,13,18:45,1,1,1,1,7,77109,M,"48,6009630","3,1783960",77
202000010750,20,5,13,13:30,1,2,1,1,1,67434,M,"48,9400820","7,0861550",67
202000010751,20,5,14,18:50,1,1,1,1,6,71158,M,"46,5711826","4,9871855",71
202000010752,20,5,14,12:30,1,1,1,1,1,89199,M,"47,6941580","3,5364550",89
202000010753,20,5,13,13:40,1,2,1,1,1,61486,M,"48,7631910"," -0,7311400",61
202000010754,20,5,13,18:00,1,1,1,1,7,47086,M,"44,6854213","0,2045501",47
202000010755,20,5,12,11:10,1,1,3,1,6,29101,M,"48,5830660"," -4,5458190",29
202000010756,20,5,13,20:00,1,1,1,1,7,31118,M,"43,8160120","1,3785570",31
202000010757,20,5,13,14:15,1,1,1,1,6,02232,M,"49,2259500","2,9736900",02
202000010758,20,5,13,14:13,1,1,1,1,1,84102,M,"43,8969660","5,3213340",84
202000010759,20,5,14,09:00,1,1,1,1,7,15006,M,"45,2065690","2,4417760",15
202000010760,20,5,13,20:20,1,1,1,1,6,14371,M,"49,0563450","0,2597130",14
202000010761,20,5,14,09:30,1,1,1,1,1,83032,M,"43,4818810","6,1752020",83
202000010762,20,5,13,11:30,1,2,1,2,6,73204,M,"45,5348520","5,6750820",73
202000010763,20,5,14,12:30,1,1,1,1,7,40313,M,"43,8197370"," -0,8009740",40
202000010764,20,5,12,13:20,1,2,1,1,1,27105,M,"49,2955660","0,8705611",27
202000010765,20,5,13,10:50,1,1,1,1,7,67291,M,"48,8744838","7,6993541",67
202000010766,20,4,12,10:30,1,2,1,1,1,97422,R," -21,2251790","55,5393400",974
202000010767,20,4,10,01:57,5,2,1,1,1,91085,M,"48,5539780","2,2055430",91
202000010768,20,5,14,13:15,1,1,1,1,-1,84118,M,"43,9333210","5,3598480",84
202000010769,20,5,14,12:25,1,1,1,1,1,84112,M,"43,8506220","5,4804610",84
202000010770,20,5,14,15:30,1,1,2,1,3,13089,M,"43,8220650","4,9380330",13
202000010771,20,4,23,15:10,1,1,1,1,2,33483,M,"44,8914360"," -0,3966450",33
202000010772,20,5,13,18:10,1,1,1,1,4,94069,M,"48,8172300","2,4329000",94
202000010773,20,3,13,15:00,1,2,2,1,6,63032,M,"45,7515800","3,0905700",63
202000010774,20,3,13,08:00,1,2,3,1,6,93078,M,"48,9588679","2,5493550",93
202000010775,20,2,25,20:30,5,1,9,2,4,93073,M,"49,0020000","2,5369900",93
202000010776,20,2,25,11:30,1,2,9,1,3,93073,M,"49,0018100","2,5370900",93
202000010777,20,5,12,06:35,1,2,1,2,6,98818,C," -22,2850700","166,4453300",988
202000010778,20,5,12,09:30,1,1,6,1,1,97411,R," -20,9010000","55,4924000",974
202000010779,20,5,12,20:30,5,1,1,2,3,97302,G,"4,9261800"," -52,3212719",973
202000010780,20,5,12,09:21,1,1,1,3,2,97302,G,"4,9255708"," -52,3241794",973
202000010781,20,5,12,14:45,1,2,3,1,3,69387,M,"45,7518800","4,8470500",69
202000010782,20,5,12,05:50,2,2,2,1,3,69389,M,"45,7786000","4,8024500",69
202000010783,20,5,11,09:25,1,1,1,1,1,2B037,M,"42,5933700","9,4387500",2B
202000010784,20,5,12,22:25,5,2,1,1,1,91201,M,"48,6694060","2,4149170",91
202000010785,20,5,11,17:05,1,2,2,2,3,87085,M,"45,8274800","1,2263600",87
202000010786,20,2,25,13:20,1,2,2,2,3,75108,M,"48,8752470","2,3241910",75
202000010787,20,3,1,15:50,1,2,3,3,6,75108,M,"48,8724080","2,3041070",75
202000010788,20,2,28,12:30,1,2,2,2,3,75108,M,"48,8741520","2,2989140",75
202000010789,20,2,28,11:56,1,2,7,1,3,75108,M,"48,8658550","2,3198890",75
202000010790,20,2,27,12:05,1,2,3,2,6,75108,M,"48,8758890","2,3031530",75
202000010791,20,2,25,13:30,1,2,7,2,5,75108,M,"48,8656110","2,3206920",75
202000010792,20,2,25,17:13,1,2,2,1,6,75108,M,"48,8765580","2,3017010",75
202000010793,20,2,27,08:30,1,2,2,3,3,75107,M,"48,8595650","2,3293250",75
202000010794,20,2,25,16:32,1,2,2,1,6,75107,M,"48,8478990","2,3061490",75
202000010795,20,2,26,10:10,1,2,2,2,6,75103,M,"48,8652330","2,3571330",75
202000010796,20,2,25,07:30,2,2,1,1,2,75104,M,"48,8522430","2,3607510",75
202000010797,20,3,2,03:15,5,2,2,2,2,75104,M,"48,8605500","2,3493600",75
202000010798,20,2,28,23:20,5,2,2,2,7,75101,M,"48,8637310","2,3322360",75
202000010799,20,2,24,06:40,5,2,1,1,-1,75104,M,"48,8479580","2,3639140",75
202000010800,20,3,1,06:10,5,2,5,1,6,75104,M,"48,8580440","2,3496370",75
202000010801,20,3,1,00:50,5,2,3,1,7,75104,M,"48,8555780","2,3573910",75
202000010802,20,2,29,15:45,1,2,2,2,3,75104,M,"48,8533220","2,3577850",75
202000010803,20,2,25,15:40,1,2,3,2,7,75102,M,"48,8670330","2,3529730",75
202000010804,20,3,3,10:55,1,2,1,1,1,94080,M,"48,8477500","2,4394900",94
202000010805,20,2,26,21:30,5,2,1,1,6,94080,M,"48,8458912","2,4432628",94
202000010806,20,2,28,12:40,1,2,1,1,3,94080,M,"48,8452800","2,4364900",94
202000010807,20,2,25,09:50,1,2,1,1,2,94080,M,"48,8447660","2,4359518",94
202000010808,20,3,2,20:17,3,2,1,1,3,94078,M,"48,7283000","2,4462000",94
202000010809,20,3,2,17:30,1,2,1,8,7,94078,M,"48,7287510","2,4477700",94
202000010810,20,2,29,15:50,1,2,6,1,7,94074,M,"48,7614700","2,4487200",94
202000010811,20,2,27,18:20,2,2,6,1,3,94044,M,"48,7565700","2,4834400",94
202000010812,20,3,3,12:20,1,2,3,1,3,94068,M,"48,8069718","2,4790380",94
202000010813,20,3,3,11:30,1,2,1,1,3,94068,M,"48,7990000","2,4985000",94
202000010814,20,3,2,09:15,1,2,1,2,7,94068,M,"48,8083900","2,5089100",94
202000010815,20,2,28,10:30,1,2,6,1,7,94068,M,"48,8052418","2,4840769",94
202000010816,20,2,27,13:50,1,2,1,2,7,94068,M,"48,8026500","2,4717300",94
202000010817,20,2,29,11:40,1,2,1,2,6,94015,M,"48,8437100","2,5263800",94
202000010818,20,2,26,13:45,1,2,2,2,4,94016,M,"48,7958920","2,3252700",94
202000010819,20,3,1,18:15,1,2,1,8,7,94081,M,"48,8052120","2,3739340",94
202000010820,20,2,27,08:40,1,2,1,2,3,94041,M,"48,8193700","2,3803400",94
202000010821,20,2,26,11:45,1,2,1,8,5,94041,M,"48,8197600","2,3799900",94
202000010822,20,2,24,23:15,5,2,3,2,1,94041,M,"48,8024240","2,3973990",94
202000010823,20,3,2,18:00,2,2,9,1,6,94073,M,"48,7694283","2,3888507",94
202000010824,20,3,2,17:40,1,2,6,1,3,94073,M,"48,7668056","2,3851973",94
202000010825,20,3,2,14:00,1,2,1,3,7,94073,M,"48,7585000","2,3727700",94
202000010826,20,3,1,15:40,1,2,2,3,3,94065,M,"48,7611600","2,3506000",94
202000010827,20,2,27,14:05,1,2,3,2,6,94065,M,"48,7492913","2,3497084",94
202000010828,20,2,26,18:30,5,2,1,1,5,94065,M,"48,7518200","2,3530700",94
202000010829,20,2,25,08:15,1,2,3,2,2,94021,M,"48,7730301","2,3385029",94
202000010830,20,2,26,09:30,1,2,2,1,1,94033,M,"48,8526700","2,4493200",94
202000010831,20,3,2,11:10,1,2,1,3,2,94028,M,"48,7746820","2,4390648",94
202000010832,20,2,25,22:15,4,2,1,2,2,94028,M,"48,7911000","2,4479000",94
202000010833,20,2,24,15:50,1,2,9,8,6,94011,M,"48,7647300","2,4881700",94
202000010834,20,2,29,14:50,1,2,1,1,6,94022,M,"48,7646100","2,4096100",94
202000010835,20,2,28,17:35,1,2,1,2,6,94022,M,"48,7707970","2,4274150",94
202000010836,20,2,28,15:40,1,2,1,2,2,94054,M,"48,7441000","2,3863000",94
202000010837,20,2,28,14:50,1,2,1,2,2,94073,M,"48,7708639","2,4012755",94
202000010838,20,2,27,18:45,1,2,1,1,6,94053,M,"48,7777100","2,5439600",94
202000010839,20,2,26,06:50,5,2,1,2,4,94053,M,"48,7770000","2,5400000",94
202000010840,20,2,25,13:48,1,2,1,2,1,94069,M,"48,8226890","2,4243610",94
202000010841,20,3,3,12:55,1,2,1,1,6,94017,M,"48,8143700","2,5116600",94
202000010842,20,2,29,19:15,5,2,1,2,6,94017,M,"48,8209500","2,5108200",94
202000010843,20,2,29,15:15,1,2,1,1,3,94017,M,"48,8161000","2,5325000",94
202000010844,20,2,28,08:50,1,2,1,1,1,94017,M,"48,8134090","2,5093640",94
202000010845,20,2,27,07:00,2,2,4,3,3,94017,M,"48,8268660","2,5099570",94
202000010846,20,2,11,09:15,1,2,1,1,6,94017,M,"48,8273095","2,5117761",94
202000010847,20,2,27,13:10,1,2,3,2,3,94071,M,"48,7714400","2,5250600",94
202000010848,20,2,27,22:25,5,2,1,1,6,94028,M,"48,8050620","2,4575340",94
202000010849,20,2,25,10:15,1,2,1,1,2,94002,M,"48,7991600","2,4192400",94
202000010850,20,3,3,19:00,5,2,1,1,1,93073,M,"49,0021691","2,5369620",93
202000010851,20,3,3,14:20,1,2,1,2,6,93078,M,"48,9556296","2,5393268",93
202000010852,20,3,2,23:10,5,2,1,1,4,93073,M,"49,0032529","2,5368203",93
202000010853,20,3,1,18:37,5,2,1,2,6,93078,M,"48,9602400","2,5563500",93
202000010854,20,2,28,23:40,5,2,1,1,3,93078,M,"48,9571666","2,5577791",93
202000010855,20,2,27,16:45,1,2,1,6,3,93078,M,"48,9620000","2,5547000",93
202000010856,20,2,27,07:40,2,2,6,3,4,93073,M,"48,9840700","2,5258400",93
202000010857,20,2,27,13:40,1,2,9,1,4,93059,M,"48,9653400","2,3734900",93
202000010858,20,2,25,14:00,1,2,1,8,6,93072,M,"48,9552300","2,3853300",93
202000010859,20,3,2,19:35,4,2,1,2,6,93005,M,"48,9477200","2,5070500",93
202000010860,20,2,25,23:40,5,2,1,1,6,93073,M,"48,9620165","2,5705282",93
202000010861,20,3,2,21:00,5,2,9,1,6,93070,M,"48,9046227","2,3321918",93
202000010862,20,2,27,11:15,1,2,9,2,6,93070,M,"48,9089922","2,3393103",93
202000010863,20,2,25,16:40,1,2,1,2,3,93070,M,"48,9140200","2,3171800",93
202000010864,20,2,25,11:15,1,2,4,2,6,93066,M,"48,9217300","2,3667700",93
202000010865,20,2,25,20:00,5,2,1,3,6,93066,M,"48,9460186","2,3666993",93
202000010866,20,2,22,22:50,5,2,1,1,6,93066,M,"48,9231718","2,3471100",93
202000010867,20,2,25,13:10,1,2,2,2,1,93064,M,"48,8742300","2,4928700",93
202000010868,20,2,27,08:25,1,2,2,3,3,93053,M,"48,8918500","2,4449800",93
202000010869,20,2,29,15:40,1,2,1,1,3,93051,M,"48,8421700","2,5430100",93
202000010870,20,3,2,17:30,1,2,1,1,3,93050,M,"48,8661737","2,5291157",93
202000010871,20,3,3,16:15,1,2,1,1,5,93074,M,"48,9297900","2,5696330",93
202000010872,20,3,1,22:10,5,2,2,1,4,93057,M,"48,9092700","2,5038100",93
202000010873,20,2,26,08:45,1,2,1,2,3,93063,M,"48,8936200","2,4359100",93
202000010874,20,2,29,15:00,1,2,1,1,6,93032,M,"48,8836100","2,5298300",93
202000010875,20,2,28,14:00,1,2,3,2,3,93031,M,"48,9527494","2,3292363",93
202000010876,20,2,24,21:40,5,2,1,1,3,93079,M,"48,9519377","2,3383769",93
202000010877,20,3,2,12:15,1,2,3,2,3,93029,M,"48,9244486","2,4428821",93
202000010878,20,2,28,19:55,5,2,2,2,6,93029,M,"48,9225607","2,4526311",93
202000010879,20,2,27,18:45,5,2,9,1,6,93029,M,"48,9208400","2,4534500",93
202000010880,20,2,27,08:10,1,2,1,3,6,93029,M,"48,9155274","2,4422477",93
202000010881,20,2,26,21:10,5,2,2,1,3,93029,M,"48,9264000","2,4539000",93
202000010882,20,2,26,07:30,2,2,3,3,6,93013,M,"48,9348166","2,4259949",93
202000010883,20,3,1,10:20,1,2,1,1,2,93014,M,"48,9126430","2,5519230",93
202000010884,20,3,1,16:10,1,2,1,2,2,93010,M,"48,9125337","2,4787664",93
202000010885,20,2,29,16:25,1,2,9,2,6,93008,M,"48,9052511","2,4424135",93
202000010886,20,3,3,13:30,1,2,1,1,1,93071,M,"48,9356601","2,5173279",93
202000010887,20,3,1,11:20,1,2,9,1,6,93005,M,"48,9525800","2,4990510",93
202000010888,20,2,28,08:15,2,2,1,1,2,93005,M,"48,9514800","2,4819430",93
202000010889,20,2,27,09:45,1,2,1,2,6,93001,M,"48,9040680","2,3722329",93
202000010890,20,2,28,11:34,1,2,9,1,2,92078,M,"48,9235300","2,3282000",92
202000010891,20,2,29,15:30,1,2,6,2,6,92075,M,"48,8202600","2,2903900",92
202000010892,20,2,28,08:50,1,2,1,1,3,92049,M,"48,8162000","2,3058000",92
202000010893,20,2,27,09:55,2,2,1,2,-1,92075,M,"48,8258830","2,2923900",92
202000010894,20,2,24,17:10,1,2,1,1,6,92046,M,"48,8140400","2,2872500",92
202000010895,20,2,25,08:00,1,2,9,2,3,92073,M,"48,8627000","2,2178400",92
202000010896,20,2,29,10:05,1,2,1,8,3,92072,M,"48,8242500","2,2080000",92
202000010897,20,2,28,09:26,1,2,1,1,2,92072,M,"48,8291440","2,2243310",92
202000010898,20,2,29,06:35,5,2,1,1,6,92064,M,"48,8465831","2,2198914",92
202000010899,20,2,27,07:40,2,2,1,3,6,92033,M,"48,8525359","2,2030875",92
202000010900,20,2,29,22:10,5,2,1,1,3,92063,M,"48,8630529","2,1919783",92
202000010901,20,2,29,05:15,5,2,1,1,6,92063,M,"48,8719066","2,2030360",92
202000010902,20,3,3,19:00,5,2,1,1,3,92051,M,"48,8822122","2,2787130",92
202000010903,20,3,3,15:30,1,2,1,1,3,92051,M,"48,8832034","2,2744422",92
202000010904,20,2,27,11:36,1,2,6,1,6,92050,M,"48,8873422","2,2001466",92
202000010905,20,2,26,13:10,1,2,2,2,6,92050,M,"48,9012800","2,2253600",92
202000010906,20,2,25,20:15,5,2,3,2,3,92048,M,"48,7875000","2,2229000",92
202000010907,20,3,2,12:05,1,2,1,2,3,92044,M,"48,8887400","2,2875800",92
202000010908,20,2,27,20:05,1,2,9,1,-1,92040,M,"48,8148010","2,2646310",92
202000010909,20,3,1,20:50,5,2,2,1,3,92035,M,"48,9132600","2,2533500",92
202000010910,20,3,2,13:10,1,2,1,8,6,92062,M,"48,8855764","2,2456159",92
202000010911,20,3,1,17:05,1,2,2,3,3,92026,M,"48,8927912","2,2452495",92
202000010912,20,2,27,14:00,1,2,1,6,3,92025,M,"48,9156170","2,2320680",92
202000010913,20,2,24,16:30,1,2,2,1,3,92025,M,"48,9310692","2,2441699",92
202000010914,20,2,5,01:20,5,2,1,1,6,92025,M,"48,9307580","2,2673050",92
202000010915,20,3,3,11:35,1,2,2,1,3,92024,M,"48,9035482","2,2893968",92
202000010916,20,3,3,08:50,1,2,3,1,3,92024,M,"48,9021700","2,3181200",92
202000010917,20,3,1,04:50,5,2,2,1,4,92024,M,"48,9008850","2,3080290",92
202000010918,20,2,28,12:16,1,2,1,1,3,92024,M,"48,8985526","2,3028119",92
202000010919,20,2,23,20:50,3,2,1,1,6,92024,M,"48,9025900","2,2904800",92
202000010920,20,3,1,14:20,1,2,3,2,3,92023,M,"48,7868000","2,2453000",92
202000010921,20,2,28,02:50,5,2,7,1,3,92060,M,"48,7760900","2,2562800",92
202000010922,20,2,27,09:20,1,2,1,3,6,92060,M,"48,7748000","2,2583000",92
202000010923,20,2,29,10:00,1,2,1,8,6,92032,M,"48,7929200","2,2905000",92
202000010924,20,3,1,20:55,1,2,3,2,3,92012,M,"48,8319067","2,2381732",92
202000010925,20,2,29,02:40,5,2,4,1,3,92012,M,"48,8289100","2,2464910",92
202000010926,20,2,28,15:10,1,2,1,8,6,92012,M,"48,8394092","2,2432832",92
202000010927,20,2,28,10:55,1,2,1,1,4,92012,M,"48,8379823","2,2322155",92
202000010928,20,2,27,19:45,5,2,2,1,7,92012,M,"48,8346100","2,2419600",92
202000010929,20,3,3,11:30,1,2,1,1,6,92004,M,"48,9228871","2,2857732",92
202000010930,20,3,1,14:30,1,2,1,8,3,92004,M,"48,9196022","2,3135035",92
202000010931,20,2,29,12:17,1,2,1,1,6,92004,M,"48,9158907","2,2949242",92
202000010932,20,3,2,11:20,1,2,1,1,3,97415,R," -21,0078650","55,2759720",974
202000010933,20,2,27,09:30,1,1,1,1,1,97415,R," -21,0197380","55,2440910",974
202000010934,20,2,24,15:55,1,1,1,1,3,97415,R," -21,0422710","55,2827100",974
202000010935,20,3,2,17:40,1,2,1,2,2,35176,M,"47,8258000"," -1,8494250",35
202000010936,20,3,3,14:40,1,2,1,6,6,65130,M,"43,6013870"," -0,0190110",65
202000010937,20,2,25,21:05,5,1,1,1,6,65296,M,"43,5447260"," -0,0551010",65
202000010938,20,3,1,21:40,3,1,1,2,7,95504,M,"49,1043100","2,2656730",95
202000010939,20,3,3,06:00,3,1,2,1,3,49244,M,"47,3733900"," -0,9160070",49
202000010940,20,2,28,12:27,1,2,1,1,6,12300,M,"44,3617520","2,0334680",12
202000010941,20,2,26,10:04,1,1,1,1,2,12281,M,"44,3630950","1,9869150",12
202000010942,20,3,1,20:10,3,1,1,6,6,54117,M,"48,4498880","6,0657670",54
202000010943,20,2,20,07:25,2,1,1,8,2,14162,M,"48,8902190"," -0,4975660",14
202000010944,20,3,3,10:30,1,1,1,6,6,2A272,M,"41,5482706","8,8877648",2A
202000010945,20,2,28,18:00,2,1,1,1,1,2A048,M,"42,0308700","8,7610170",2A
202000010946,20,2,25,15:55,1,2,1,1,6,51262,M,"48,7049602","4,5900319",51
202000010947,20,2,26,12:30,1,1,2,1,3,51224,M,"48,6963070","4,6937690",51
202000010948,20,3,4,15:15,1,1,1,1,3,01052,M,"46,0378950","4,9940370",01
202000010949,20,3,1,16:30,1,1,1,1,1,62229,M,"50,6664211","2,1901476",62
202000010950,20,2,25,22:30,5,1,1,4,6,52386,M,"48,6577050","4,8146400",52
202000010951,20,3,3,23:40,5,2,1,2,6,01004,M,"45,9578220","5,3499390",01
202000010952,20,3,3,18:20,1,2,1,1,6,91390,M,"48,3140550","2,0876170",91
202000010953,20,3,2,19:45,5,2,3,1,6,91511,M,"48,3494040","1,9914060",91
202000010954,20,2,4,16:00,1,2,2,1,3,71047,M,"46,6235610","3,7684500",71
202000010955,20,2,29,10:07,1,1,1,1,4,21370,M,"47,2685720","5,1710410",21
202000010956,20,3,1,11:15,1,2,1,1,6,81266,M,"43,6476130","1,9756400",81
202000010957,20,2,28,17:25,1,1,1,1,2,81052,M,"43,9202580","2,2149680",81
202000010958,20,3,1,21:10,3,1,1,1,4,77078,M,"49,0031559","3,1326669",77
202000010959,20,2,25,11:00,1,1,1,1,7,28031,M,"48,2129620","0,9394090",28
202000010960,20,3,2,14:45,1,1,1,3,1,10282,M,"48,3821970","3,9576050",10
202000010961,20,3,3,10:15,1,1,1,1,3,28041,M,"48,3200480","1,2755620",28
202000010962,20,2,28,20:50,3,1,1,2,1,28106,M,"48,0941190","1,4368700",28
202000010963,20,2,28,18:30,1,2,6,1,1,97405,R," -21,3674630","55,5596100",974
202000010964,20,3,1,10:00,1,2,1,1,3,97201,A,"14,8179880"," -61,1149800",972
202000010965,20,2,25,16:00,1,1,9,1,3,97205,A,"14,6379430"," -61,1367270",972
202000010966,20,3,3,16:40,1,2,1,1,6,83086,M,"43,4725040","6,5661980",83
202000010967,20,3,1,08:30,1,1,1,8,6,63025,M,"46,0537199","2,8612576",63
202000010968,20,3,1,05:20,3,1,1,1,7,63244,M,"45,9522955","3,1272256",63
202000010969,20,3,2,15:00,1,1,1,3,7,41256,M,"47,3007170","2,0456080",41
202000010970,20,3,1,04:00,3,1,1,1,6,01075,M,"46,0518500","4,8225640",01
202000010971,20,2,24,16:15,1,2,1,1,1,01071,M,"46,3180415","6,0618232",01
202000010972,20,3,3,08:10,1,1,1,1,4,22389,M,"48,4792940"," -2,6635410",22
202000010973,20,3,1,19:30,3,1,1,8,7,14061,M,"48,9510420"," -0,7267710",14
202000010974,20,2,29,19:05,1,2,1,1,1,97415,R," -21,0419840","55,2203830",974
202000010975,20,3,2,17:50,1,1,1,2,1,58044,M,"47,4924940","2,9186300",58
202000010976,20,2,25,15:30,1,2,1,1,7,38400,M,"45,3435000","5,5815700",38
202000010977,20,2,26,06:00,3,1,1,2,3,01357,M,"46,1736897","5,7317187",01
202000010978,20,2,28,15:00,1,2,2,2,3,59107,M,"51,0774650","2,5140940",59
202000010979,20,2,25,20:20,3,2,1,2,7,59605,M,"51,0118100","2,5182600",59
202000010980,20,1,28,12:10,1,2,4,1,6,75111,M,"48,8605500","2,3755060",75
202000010981,20,1,28,10:12,1,2,3,8,3,75111,M,"48,8618500","2,3833870",75
202000010982,20,1,27,19:30,2,2,5,2,6,75109,M,"48,8809170","2,3377360",75
202000010983,20,1,28,19:02,5,2,7,2,3,75108,M,"48,8732580","2,2956170",75
202000010984,20,1,28,18:30,5,2,3,2,3,75108,M,"48,8766620","2,3014650",75
202000010985,20,1,28,20:10,5,2,2,2,6,75104,M,"48,8539440","2,3647590",75
202000010986,20,1,28,13:00,1,2,2,1,3,75104,M,"48,8606120","2,3494040",75
202000010987,20,1,28,15:40,1,2,2,1,3,75101,M,"48,8608920","2,3408210",75
202000010988,20,1,28,14:30,1,2,4,1,6,75101,M,"48,8644510","2,3426470",75
202000010989,20,1,28,11:00,1,2,3,1,1,75104,M,"48,8547920","2,3624110",75
202000010990,20,1,28,08:10,2,2,1,1,6,94041,M,"48,8105100","2,3798400",94
202000010991,20,1,27,17:10,5,2,1,2,1,94041,M,"48,8065100","2,3924000",94
202000010992,20,1,28,18:20,5,2,1,3,2,94017,M,"48,8273300","2,5206600",94