Num_Acc,an,mois,jour,hrmn,lum,agg,int,atm,col,com,gps,lat,long,dep
202000010993,20,1,28,21:00,5,2,4,2,3,93072,M,"48,9630251","2,3848257",93
202000010994,20,1,28,10:30,1,2,9,6,3,93059,M,"48,9559600","2,3582400",93
202000010995,20,1,28,10:27,1,2,1,2,2,93071,M,"48,9339200","2,5332000",93
202000010996,20,1,28,09:00,1,2,2,1,6,93048,M,"48,8564900","2,4371900",93
202000010997,20,1,28,09:00,1,2,1,2,6,93046,M,"48,9160000","2,5327000",93
202000010998,20,1,28,18:50,5,2,9,2,3,93031,M,"48,9529429","2,3074153",93
202000010999,20,1,26,18:35,5,2,1,1,6,93013,M,"48,9308414","2,4214605",93
202000011000,20,1,28,08:40,1,2,9,8,6,93047,M,"48,8997100","2,5763300",93
202000011001,20,1,28,09:05,1,2,9,8,6,93047,M,"48,8997100","2,5763300",93
202000011002,20,1,28,14:29,1,2,2,2,7,93007,M,"48,9240600","2,4732300",93
202000011003,20,1,28,10:50,1,2,3,2,2,93005,M,"48,9223300","2,4891900",93
202000011004,20,1,27,18:25,5,2,9,2,3,92046,M,"48,8174650","2,2945825",92
202000011005,20,1,28,07:50,5,2,4,2,6,92076,M,"48,8408820","2,1458475",92
202000011006,20,1,28,12:10,1,2,1,1,3,92051,M,"48,8815148","2,2715360",92
202000011007,20,1,28,16:20,1,2,1,1,6,92049,M,"48,8112855","2,3235337",92
202000011008,20,1,28,10:50,1,2,1,1,6,92020,M,"48,8010395","2,2867779",92
202000011009,20,1,28,06:35,5,2,2,1,3,92020,M,"48,8018100","2,2837400",92
202000011010,20,1,28,18:20,5,2,1,2,6,92044,M,"48,8973618","2,2879387",92
202000011011,20,1,27,19:00,5,2,3,1,6,92036,M,"48,9136347","2,2986659",92
202000011012,20,1,28,20:20,3,2,1,2,6,92012,M,"48,8292609","2,2289433",92
202000011013,20,1,27,17:55,5,2,2,2,3,92012,M,"48,8391900","2,2455400",92
202000011014,20,1,28,18:40,5,2,1,2,3,92002,M,"48,7475500","2,3038400",92
202000011015,20,1,28,21:15,5,2,1,1,1,09268,M,"42,9998090","1,1372330",09
202000011016,20,1,27,18:50,5,2,2,2,6,74191,M,"46,1804620","6,7021750",74
202000011017,20,1,28,15:45,1,1,1,2,6,42166,M,"45,9857100","4,1099860",42
202000011018,20,1,29,07:15,5,2,4,2,6,68145,M,"48,0811830","7,3881980",68
202000011019,20,1,28,19:10,3,1,1,1,2,37005,M,"46,9649180","0,5482925",37
202000011020,20,1,28,18:45,3,1,1,1,1,56237,M,"48,0096470"," -2,9497670",56
202000011021,20,1,28,16:50,2,1,1,4,7,74083,M,"45,8911770","6,6690850",74
202000011022,20,1,28,16:20,1,1,1,4,1,74276,M,"46,0961800","6,6604190",74
202000011023,20,1,25,19:15,3,1,1,1,1,42013,M,"45,6500260","4,3119730",42
202000011024,20,1,28,17:20,1,1,1,2,1,44014,M,"47,1063413"," -1,5097994",44
202000011025,20,1,28,19:30,3,1,1,3,1,29049,M,"47,9676180"," -3,8914190",29
202000011026,20,1,29,05:47,3,1,1,2,5,02085,M,"49,0859910","3,3972910",02
202000011027,20,1,29,02:00,3,1,1,1,6,72248,M,"47,8192500","0,3876220",72
202000011028,20,1,29,15:00,1,1,1,1,7,05170,M,"44,4607250","6,0363920",05
202000011029,20,1,29,17:40,2,1,1,1,-1,60035,M,"49,6554296","2,8521939",60
202000011030,20,1,29,10:30,1,2,3,1,1,60286,M,"49,6655520","1,9418600",60
202000011031,20,1,27,11:25,1,1,1,1,1,18155,M,"46,8201210","3,0217120",18
202000011032,20,1,26,17:39,2,1,1,1,1,40094,M,"44,1745060"," -1,1080580",40
202000011033,20,1,28,15:00,1,2,1,1,7,04049,M,"44,0904250","6,0084650",04
202000011034,20,1,29,10:20,1,1,6,1,3,85117,M,"46,4703540"," -1,2538900",85
202000011035,20,1,28,17:45,2,2,1,1,6,85146,M,"46,9758100"," -1,2990200",85
202000011036,20,1,19,19:00,2,1,1,1,1,98734,P," -17,7233790"," -149,5057300",987
202000011037,20,1,28,18:10,3,1,1,2,2,10438,M,"48,1661140","4,5286420",10
202000011038,20,1,28,21:30,3,2,1,1,6,97307,G,"4,8825270"," -52,3226100",973
202000011039,20,1,17,18:40,4,2,1,1,1,97307,G,"4,8756216"," -52,3248031",973
202000011040,20,1,26,19:00,3,1,1,1,2,06004,M,"43,6112580","7,1067690",06
202000011041,20,1,28,08:15,1,1,1,1,3,06079,M,"43,5575330","6,9551500",06
202000011042,20,1,29,05:35,3,1,1,3,5,38053,M,"45,5811300","5,3034900",38
202000011043,20,1,28,10:09,1,1,1,2,1,38553,M,"45,6273570","5,1622550",38
202000011044,20,1,28,17:25,1,1,1,1,2,97228,A,"14,7579820"," -61,0230340",972
202000011045,20,1,29,07:48,2,2,3,1,3,13088,M,"43,3662870","5,2633889",13
202000011046,20,1,28,12:02,1,1,1,1,-1,77318,M,"48,7778260","2,8654862",77
202000011047,20,1,29,08:05,1,1,2,1,1,78522,M,"48,5857850","1,9815090",78
202000011048,20,1,24,18:35,3,1,1,1,1,66037,M,"42,6528070","3,0330450",66
202000011049,20,1,27,00:15,3,1,1,2,6,38451,M,"45,7400700","5,2313300",38
202000011050,20,1,28,13:15,1,1,1,4,7,01012,M,"46,0046230","5,5468080",01
202000011051,20,1,28,16:50,1,1,1,1,1,17184,M,"45,7948480"," -0,9360690",17
202000011052,20,1,28,23:15,3,1,1,2,2,85155,M,"46,6901780"," -1,4656500",85
202000011053,20,1,29,19:25,5,2,1,1,6,27448,M,"49,0137600","1,3796100",27
202000011054,20,1,28,18:30,5,2,3,3,6,60341,M,"49,0892980","2,7402200",60
202000011055,20,1,22,11:30,1,2,1,1,7,02242,M,"48,9777520","3,2482840",02
202000011056,20,1,29,15:00,1,1,1,1,4,62380,M,"50,3945520","2,6477410",62
202000011057,20,1,23,09:05,1,1,1,1,-1,13001,M,"43,5116070","5,4222440",13
202000011058,20,1,28,09:15,1,1,1,1,5,13005,M,"43,2885999","5,5497001",13
202000011059,20,1,27,08:10,1,1,1,1,2,13216,M,"43,3666700","5,3297570",13
202000011060,20,1,23,15:30,1,1,1,1,2,69296,M,"45,6542100","4,8387500",69
202000011061,20,1,24,16:30,1,1,1,1,4,69266,M,"45,7850193","4,8905892",69
202000011062,20,1,28,15:15,1,1,1,1,2,33366,M,"45,0098100"," -0,4283800",33
202000011063,20,1,28,07:00,3,1,1,1,3,91570,M,"48,6253000","2,3255000",91
202000011064,20,1,28,08:40,1,1,1,1,3,91689,M,"48,7298840","2,3146490",91
202000011065,20,1,28,07:45,1,1,1,1,3,91687,M,"48,6636605","2,3661172",91
202000011066,20,1,28,13:22,3,1,1,1,2,78238,M,"48,9692200","1,8645010",78
202000011067,20,1,27,18:10,3,1,1,2,7,78043,M,"48,8422810","2,0993140",78
202000011068,20,1,27,11:15,1,1,1,2,2,95582,M,"48,9666700","2,2736600",95
202000011069,20,1,27,17:30,2,1,1,3,2,95277,M,"48,9722100","2,4861000",95
202000011070,20,1,27,18:46,4,1,1,2,2,93066,M,"48,9298900","2,3641900",93
202000011071,20,1,27,09:00,2,1,1,2,4,95582,M,"48,9671000","2,2735100",95
202000011072,20,1,27,08:30,2,1,1,2,7,95582,M,"48,9664200","2,2734700",95
202000011073,20,1,26,00:00,3,1,1,1,3,95572,M,"49,0320700","2,1066600",95
202000011074,20,1,25,20:45,3,1,1,1,7,93005,M,"48,9473100","2,4758100",93
202000011075,20,1,24,18:10,3,1,1,1,6,95241,M,"49,0475300","2,4616600",95
202000011076,20,1,27,17:00,2,1,1,2,5,94073,M,"48,7603946","2,3827328",94
202000011077,20,1,27,06:35,3,1,1,2,3,94018,M,"48,8193600","2,4061700",94
202000011078,20,1,27,17:10,1,2,9,1,1,97611,Y," -12,7737744","45,2202637",976
202000011079,20,1,26,23:20,3,1,9,1,6,97416,R," -21,3532000","55,5098300",974
202000011080,20,1,26,19:20,3,1,1,1,4,97213,A,"14,6435930"," -61,0104290",972
202000011081,20,1,26,20:40,5,2,1,8,3,69385,M,"45,7623000","4,8288000",69
202000011082,20,1,10,17:20,1,2,1,1,6,69384,M,"45,7748844","4,8096675",69
202000011083,20,1,27,08:55,1,2,1,1,7,97120,A,"16,2415200"," -61,5378000",971
202000011084,20,1,26,18:50,5,1,1,1,1,97113,A,"16,2097879"," -61,4720839",971
202000011085,20,1,26,16:25,1,1,1,1,3,97101,A,"16,2370400"," -61,5016200",971
202000011086,20,1,25,21:25,5,2,9,1,3,95288,M,"48,9862700","2,3517500",95
202000011087,20,1,27,17:30,4,2,1,2,6,91471,M,"48,6979100","2,1839300",91
202000011088,20,1,27,18:25,5,2,9,2,3,91687,M,"48,6758220","2,3633510",91
202000011089,20,1,27,16:20,1,2,1,2,3,91174,M,"48,5835100","2,4766200",91
202000011090,20,1,27,08:10,2,2,9,3,6,91174,M,"48,6043900","2,4820900",91
202000011091,20,1,27,05:40,3,2,1,2,2,91339,M,"48,6350600","2,2661600",91
202000011092,20,1,14,17:50,5,2,3,1,6,88383,M,"48,0173100","6,5963400",88
202000011093,20,1,25,16:19,1,1,1,1,7,87048,M,"45,7766800","1,2209700",87
202000011094,20,1,27,18:45,5,2,6,3,6,85191,M,"46,6508500"," -1,4376300",85
202000011095,20,1,26,09:45,1,2,1,8,1,83062,M,"43,1331500","6,0096800",83
202000011096,20,1,26,22:00,5,2,1,8,2,83129,M,"43,1050720","5,8170117",83
202000011097,20,1,25,23:00,5,2,1,1,3,83129,M,"43,1085046","5,8463493",83
202000011098,20,1,27,07:40,3,2,3,3,6,78440,M,"48,9949710","1,9137360",78
202000011099,20,1,24,18:11,1,2,3,1,6,76351,M,"49,4906400","0,1413700",76
202000011100,20,1,25,14:30,1,2,1,1,2,67218,M,"48,5267400","7,7211100",67
202000011101,20,1,24,19:06,4,2,2,1,3,66136,M,"42,6836700","2,9083600",66
202000011102,20,1,25,03:10,5,2,1,1,6,63113,M,"45,7708200","3,0874300",63
202000011103,20,1,25,13:03,1,2,6,1,2,63113,M,"45,7882700","3,1396000",63
202000011104,20,1,24,14:45,1,2,4,1,3,63113,M,"45,7865200","3,0915300",63
202000011105,20,1,27,08:15,2,2,1,8,6,59009,M,"50,6384600","3,1482400",59
202000011106,20,1,26,20:50,5,2,2,2,3,59017,M,"50,6913700","2,8731100",59
202000011107,20,1,24,22:00,5,2,3,1,1,58194,M,"46,9999500","3,1756600",58
202000011108,20,1,28,02:00,5,2,1,2,6,54547,M,"48,6710440","6,1931990",54
202000011109,20,1,27,17:30,5,2,2,3,6,54395,M,"48,6867850","6,2010200",54
202000011110,20,1,26,00:10,5,2,2,5,3,54526,M,"48,6792520","6,2173040",54
202000011111,20,1,25,23:24,3,2,1,1,7,49267,M,"47,4668800"," -0,5162200",49
202000011112,20,1,26,10:40,1,2,3,1,-1,47001,M,"44,2004000","0,6340300",47
202000011113,20,1,27,08:00,2,2,1,2,1,45274,M,"47,8658920","1,9641602",45
202000011114,20,1,25,16:50,1,2,1,1,6,45068,M,"48,0325620","2,7442530",45
202000011115,20,1,21,13:25,1,2,1,7,6,37122,M,"47,3467269","0,6655133",37
202000011116,20,1,26,20:05,4,2,1,3,6,35288,M,"48,6467400"," -2,0052790",35
202000011117,20,1,27,19:45,4,2,1,2,3,35238,M,"48,0995916"," -1,6575926",35
202000011118,20,1,27,15:39,1,1,1,2,6,35278,M,"48,1440000"," -1,6966500",35
202000011119,20,1,24,01:45,4,2,1,1,6,34172,M,"43,6038700","3,8814900",34
202000011120,20,1,28,02:00,5,2,4,2,6,33063,M,"44,8331829"," -0,5666536",33
202000011121,20,1,27,20:10,5,2,6,2,3,33522,M,"44,7988200"," -0,5827000",33
202000011122,20,1,27,15:27,1,2,6,2,3,33249,M,"44,8764000"," -0,5192100",33
202000011123,20,1,17,08:30,2,2,2,2,6,33281,M,"44,8279300"," -0,6461400",33
202000011124,20,1,26,11:00,1,2,3,1,3,31555,M,"43,5805100","1,4101700",31
202000011125,20,1,26,21:15,5,2,1,1,-1,31555,M,"43,5922900","1,4342000",31
202000011126,20,1,25,07:00,4,1,1,1,3,31069,M,"43,6410100","1,3748100",31
202000011127,20,1,24,17:40,2,1,1,1,2,31555,M,"43,6070430","1,4071620",31
202000011128,20,1,24,12:02,1,2,1,1,3,31555,M,"43,6106700","1,4297300",31
202000011129,20,1,20,20:17,5,2,3,1,6,29039,M,"47,8745661"," -3,9287849",29
202000011130,20,1,27,07:55,5,2,3,2,3,29019,M,"48,3970539"," -4,4833372",29
202000011131,20,1,24,17:50,5,2,1,1,6,25462,M,"46,9084700","6,3573900",25
202000011132,20,1,24,08:00,5,2,2,5,6,21054,M,"47,0215563","4,8405882",21
202000011133,20,1,22,16:20,1,2,1,1,6,18279,M,"47,2240400","2,0701100",18
202000011134,20,1,16,16:30,2,1,1,1,3,18255,M,"47,0167000","2,3000000",18
202000011135,20,1,23,16:45,2,2,1,1,6,16089,M,"45,6840400"," -0,3048100",16
202000011136,20,1,27,17:00,2,1,9,1,3,16341,M,"45,6400410","0,1186690",16
202000011137,20,1,24,17:45,3,2,1,1,3,14366,M,"49,1458200","0,2404060",14
202000011138,20,1,23,13:55,1,2,1,1,6,14118,M,"49,2104200"," -0,3673400",14
202000011139,20,1,27,17:15,2,2,2,1,3,13205,M,"43,2937950","5,3888270",13
202000011140,20,1,27,08:20,1,2,1,1,3,13208,M,"43,2795176","5,3851542",13
202000011141,20,1,25,20:21,5,2,1,1,3,10387,M,"48,2944800","4,0774600",10
202000011142,20,1,25,07:49,5,2,2,1,3,10387,M,"48,2913700","4,0709500",10
202000011143,20,1,22,08:20,1,2,1,1,6,08409,M,"49,6980200","4,9499800",08
202000011144,20,1,27,11:30,1,2,1,1,2,07281,M,"44,9464800","4,8505400",07
202000011145,20,1,27,10:55,1,2,4,1,5,75116,M,"48,8472920","2,2540370",75
202000011146,20,1,26,08:30,2,2,3,1,6,75113,M,"48,8251190","2,3887750",75
202000011147,20,1,27,14:20,1,2,2,2,-1,75105,M,"48,8459560","2,3412130",75
202000011148,20,1,27,08:30,5,2,2,2,6,75105,M,"48,8425870","2,3429100",75
202000011149,20,1,27,12:05,1,2,2,2,7,75117,M,"48,8917060","2,3212040",75
202000011150,20,1,27,16:53,1,2,3,2,6,75116,M,"48,8503760","2,2733140",75
202000011151,20,1,27,12:10,1,2,1,2,6,75116,M,"48,8766900","2,2858480",75
202000011152,20,1,26,03:50,5,2,3,1,3,75115,M,"48,8442440","2,3082140",75
202000011153,20,1,27,19:36,5,2,5,2,3,75113,M,"48,8261600","2,3599760",75
202000011154,20,1,26,22:32,5,2,3,2,3,75113,M,"48,8226040","2,3627220",75
202000011155,20,1,27,21:00,5,2,5,2,3,75112,M,"48,8341990","2,4107610",75
202000011156,20,1,27,19:30,5,2,1,2,6,75112,M,"48,8451960","2,3725250",75
202000011157,20,1,27,15:08,1,2,2,2,6,75109,M,"48,8755460","2,3266370",75
202000011158,20,1,27,19:50,5,2,1,2,2,75108,M,"48,8680520","2,3130630",75
202000011159,20,1,26,22:48,5,2,1,2,6,75108,M,"48,8775640","2,2989080",75
202000011160,20,1,27,18:45,4,2,3,2,7,75107,M,"48,8616070","2,2976790",75
202000011161,20,1,27,17:05,5,2,1,2,6,75101,M,"48,8552620","2,3458490",75
202000011162,20,1,24,19:00,4,2,1,1,1,94046,M,"48,8033447","2,4390512",94
202000011163,20,1,27,07:40,5,2,3,2,6,94076,M,"48,7885910","2,3683380",94
202000011164,20,1,27,08:30,1,2,1,2,6,94073,M,"48,7603400","2,3997100",94
202000011165,20,1,26,20:40,3,1,1,1,2,94065,M,"48,7537600","2,3578800",94
202000011166,20,1,27,09:20,1,2,3,2,2,94028,M,"48,7907800","2,4649700",94
202000011167,20,1,27,10:40,1,2,1,8,3,94018,M,"48,8195900","2,4062200",94
202000011168,20,1,27,14:30,1,2,9,3,2,93078,M,"48,9687417","2,5509235",93
202000011169,20,1,27,08:15,2,2,2,2,6,93046,M,"48,9202000","2,5392000",93
202000011170,20,1,27,01:22,5,2,1,2,2,93046,M,"48,9169212","2,5327726",93
202000011171,20,1,27,21:15,5,2,2,2,3,93029,M,"48,9224000","2,4337000",93
202000011172,20,9,15,07:55,1,2,9,1,5,13041,M,"43,4399127","5,4649942",13
202000011173,20,9,14,17:26,1,1,2,1,5,57276,M,"49,0741960","6,5314690",57
202000011174,20,9,11,10:00,1,2,1,1,2,38449,M,"45,6381700","5,1095100",38
202000011175,20,9,15,21:40,3,1,1,1,1,01032,M,"45,8664050","5,1280370",01
202000011176,20,9,15,18:40,2,2,1,1,1,31417,M,"43,6065410","1,2610630",31
202000011177,20,8,28,08:00,1,2,6,1,3,64496,M,"43,4753340"," -1,4420360",64
202000011178,20,9,16,16:30,1,1,1,1,7,56069,M,"47,6384370"," -3,4450830",56
202000011179,20,9,15,18:00,1,1,1,1,2,13055,M,"43,3299257","5,4025133",13
202000011180,20,9,15,08:14,1,1,1,1,5,13207,M,"43,2832443","5,3856064",13
202000011181,20,9,14,05:30,4,1,1,1,2,13211,M,"43,2872940","5,4380500",13
202000011182,20,9,14,16:08,1,1,1,1,2,13211,M,"43,2930000","5,4551000",13
202000011183,20,9,14,15:45,1,1,1,1,7,13202,M,"43,3198000","5,3637230",13
202000011184,20,9,14,12:41,1,1,1,1,2,13055,M,"43,2922000","5,4593000",13
202000011185,20,9,14,07:15,1,1,1,1,3,13211,M,"43,2858000","5,4288000",13
202000011186,20,9,14,06:15,2,1,1,1,5,69297,M,"45,5884839","4,7982593",69
202000011187,20,9,15,14:20,1,1,1,1,3,67482,M,"48,5898690","7,7316500",67
202000011188,20,9,13,11:58,1,1,1,1,2,59143,M,"50,6665180","2,8823630",59
202000011189,20,9,14,18:00,1,1,1,1,3,59507,M,"50,6041152","3,1009072",59
202000011190,20,9,15,10:02,1,1,1,1,2,91521,M,"48,6298000","2,4109000",91
202000011191,20,9,14,08:55,1,1,1,1,3,91235,M,"48,6261400","2,3541400",91
202000011192,20,9,15,20:25,4,1,1,1,3,92036,M,"48,9356989","2,2617700",92
202000011193,20,9,15,07:45,1,1,1,1,3,78498,M,"48,9096060","2,0054300",78
202000011194,20,9,14,09:30,1,1,1,1,4,78423,M,"48,7956380","2,0449350",78
202000011195,20,9,15,13:00,1,1,1,1,4,93048,M,"48,8735200","2,4363900",93
202000011196,20,9,15,08:55,1,1,1,1,2,93010,M,"48,9062500","2,4721300",93
202000011197,20,9,15,06:30,3,1,1,1,5,95018,M,"48,9602600","2,2708300",95
202000011198,20,9,15,18:30,1,1,1,1,-1,77514,M,"48,9407145","2,6282125",77
202000011199,20,9,15,18:50,1,1,1,1,2,75112,M,"48,8213220","2,4620680",75
202000011200,20,9,15,17:15,1,1,1,1,4,94042,M,"48,8269503","2,4680133",94
202000011201,20,9,15,11:00,1,1,1,1,4,94046,M,"48,7870390","2,4399960",94
202000011202,20,9,15,08:45,1,1,1,1,-1,77055,M,"48,9007400","2,6528300",77
202000011203,20,9,14,14:30,1,1,1,1,3,94017,M,"48,8281900","2,5040000",94
202000011204,20,9,14,09:30,1,1,1,1,2,93051,M,"48,8364292","2,5518916",93
202000011205,20,5,31,20:55,2,2,6,1,2,17299,M,"45,9419350"," -0,9751070",17
202000011206,20,9,13,11:56,1,2,9,1,3,97411,R," -21,3250000","55,4463000",974
202000011207,20,9,12,14:50,1,1,3,1,3,97407,R," -20,9569399","55,3139813",974
202000011208,20,9,14,15:00,1,2,1,1,3,97302,G,"4,9338762"," -52,2908878",973
202000011209,20,9,14,19:00,2,2,6,7,3,69259,M,"45,6973800","4,8908900",69
202000011210,20,9,14,10:43,1,2,1,1,6,69199,M,"45,7080337","4,8586087",69
202000011211,20,9,13,19:00,3,1,1,1,4,97213,A,"14,5966000"," -60,9947000",972
202000011212,20,9,14,19:15,3,1,1,1,5,97209,A,"14,6159900"," -61,0833500",972
202000011213,20,9,14,12:10,1,2,2,1,3,69382,M,"45,7506100","4,8319800",69
202000011214,20,9,9,10:30,1,2,1,1,6,91521,M,"48,6568300","2,4080000",91
202000011215,20,9,14,08:10,1,2,3,1,7,91657,M,"48,7063200","2,4224100",91
202000011216,20,9,12,16:45,1,2,1,1,2,91339,M,"48,6347800","2,2661200",91
202000011217,20,9,11,17:37,1,2,1,1,4,87113,M,"45,8554900","1,3083400",87
202000011218,20,9,12,01:45,5,2,1,1,7,87085,M,"45,8386900","1,2600000",87
202000011219,20,9,11,10:49,1,2,1,1,7,87085,M,"45,8280100","1,2571000",87
202000011220,20,9,12,23:50,5,2,1,1,3,86194,M,"46,5710550","0,3699290",86
202000011221,20,9,14,07:00,2,2,6,1,3,86194,M,"46,5706700","0,3498200",86
202000011222,20,8,13,21:25,5,2,1,1,6,83123,M,"43,1216740","5,8188930",83
202000011223,20,9,11,14:15,1,2,1,1,3,80021,M,"49,8962000","2,2939700",80
202000011224,20,9,12,18:20,1,2,1,1,7,80021,M,"49,9215800","2,2610000",80
202000011225,20,9,12,11:15,1,2,1,1,6,80021,M,"49,8942500","2,2771500",80
202000011226,20,9,13,02:20,5,2,1,1,6,80164,M,"49,8988000","2,3402800",80
202000011227,20,9,9,15:40,1,1,1,1,7,80131,M,"49,8510910","2,3699570",80
202000011228,20,9,13,12:10,1,2,1,1,1,78490,M,"48,8159700","1,9590600",78
202000011229,20,9,9,16:30,1,2,9,1,3,78297,M,"48,7711400","2,0822100",78
202000011230,20,9,12,21:30,5,1,2,1,3,77495,M,"48,5681900","2,6260100",77
202000011231,20,9,11,16:00,1,2,1,1,-1,76410,M,"49,4819600","1,0384800",76
202000011232,20,9,12,00:26,5,2,2,1,6,76540,M,"49,4259400","1,0873400",76
202000011233,20,9,13,00:55,5,2,1,1,3,76351,M,"49,5014000","0,1144000",76
202000011234,20,9,14,10:50,1,2,3,1,3,74218,M,"46,3871424","6,5460128",74
202000011235,20,9,13,15:00,1,2,7,1,3,74281,M,"46,3732477","6,4974804",74
202000011236,20,9,11,17:55,1,2,9,7,6,68066,M,"48,0679700","7,3483300",68
202000011237,20,7,19,17:20,1,2,1,7,3,60282,M,"49,2046450","2,4617740",60
202000011238,20,9,12,11:10,1,2,1,1,3,67447,M,"48,6091475","7,7504039",67
202000011239,20,7,19,01:50,3,1,1,1,2,80101,M,"49,6416780","2,7589420",80
202000011240,20,9,12,09:42,1,2,3,1,3,66136,M,"42,6985800","2,8897800",66
202000011241,20,7,18,02:15,3,1,1,1,7,59133,M,"50,5250710","2,9763190",59
202000011242,20,9,10,17:48,1,2,1,1,3,66136,M,"42,7079788","2,9028261",66
202000011243,20,7,17,23:20,3,1,1,1,2,13106,M,"43,3893000","5,3509500",13
202000011244,20,7,16,22:45,5,1,9,1,7,13015,M,"43,4533000","5,3972000",13
202000011245,20,9,14,00:35,5,2,1,1,7,64102,M,"43,4961200"," -1,4810600",64
202000011246,20,7,18,14:15,1,1,1,1,2,92019,M,"48,7598766","2,2778916",92
202000011247,20,9,13,18:50,1,2,1,1,7,64102,M,"43,4993620"," -1,4669970",64
202000011248,20,9,13,12:00,1,2,1,1,7,64024,M,"43,4999300"," -1,5399100",64
202000011249,20,7,17,22:30,3,1,1,1,1,92036,M,"48,9346513","2,2807401",92
202000011250,20,7,17,08:00,1,1,1,1,3,78423,M,"48,7937190","2,0513940",78
202000011251,20,9,12,18:30,1,2,3,1,2,64024,M,"43,4964000"," -1,5390300",64
202000011252,20,7,18,18:00,1,1,1,1,2,93048,M,"48,8731300","2,4359400",93
202000011253,20,7,18,13:30,1,1,1,1,6,95203,M,"48,9775000","2,2860400",95
202000011254,20,9,13,17:45,1,2,2,1,6,63300,M,"45,8933100","3,1088200",63
202000011255,20,7,18,00:35,3,1,1,1,2,93066,M,"48,9282000","2,3540000",93
202000011256,20,9,11,18:15,1,2,3,1,5,63300,M,"45,8814000","3,1166500",63
202000011257,20,9,14,07:00,2,2,1,1,6,62737,M,"50,4506880","2,6876320",62
202000011258,20,7,18,13:30,1,1,1,1,2,93051,M,"48,8355815","2,5679363",93
202000011259,20,9,9,17:00,1,2,1,1,1,59456,M,"50,3837293","3,2204649",59
202000011260,20,7,18,12:55,1,1,1,1,2,93051,M,"48,8361000","2,5551000",93
202000011261,20,9,14,21:19,5,2,1,1,6,56260,M,"47,6610400"," -2,7427100",56
202000011262,20,9,12,14:15,1,1,1,1,2,50416,M,"49,6545700"," -1,7045200",50
202000011263,20,9,10,17:27,1,2,1,1,2,49015,M,"47,4852400"," -0,5840000",49
202000011264,20,9,10,17:34,1,2,6,1,3,49007,M,"47,4901900"," -0,5662900",49
202000011265,20,9,4,13:25,1,2,1,1,6,44109,M,"47,2214610"," -1,5537790",44
202000011266,20,7,17,13:15,1,1,1,1,5,75112,M,"48,8182030","2,4557800",75
202000011267,20,5,11,10:22,1,1,1,1,6,84007,M,"43,9222300","4,8580100",84
202000011268,20,9,11,16:15,1,2,1,1,6,40192,M,"43,8827000"," -0,4711300",40
202000011269,20,7,16,10:43,1,1,6,1,2,97411,R," -20,9024700","55,5029000",974
202000011270,20,9,4,13:50,1,2,2,1,3,38544,M,"45,5278200","4,8737200",38
202000011271,20,9,14,20:05,2,2,2,1,6,35238,M,"48,1098300"," -1,6802000",35
202000011272,20,9,14,07:45,1,2,6,1,3,35278,M,"48,1371494"," -1,6893592",35
202000011273,20,7,18,00:15,5,2,1,1,6,69387,M,"45,7542000","4,8438000",69
202000011274,20,7,17,21:00,2,2,1,1,6,69259,M,"45,6993113","4,8706633",69
202000011275,20,7,17,20:40,1,2,1,1,6,69387,M,"45,7314600","4,8315800",69
202000011276,20,7,17,20:00,1,2,3,1,3,69386,M,"45,7652000","4,8680000",69
202000011277,20,7,17,17:25,1,2,2,1,3,69387,M,"45,7491000","4,8534500",69
202000011278,20,7,17,12:15,1,2,2,1,3,69383,M,"45,7511000","4,8890000",69
202000011279,20,9,12,00:30,5,2,2,1,3,34032,M,"43,3410700","3,2194500",34
202000011280,20,9,14,08:35,1,2,1,1,6,33063,M,"44,8384300"," -0,6132800",33
202000011281,20,9,12,10:10,1,2,1,1,3,31555,M,"43,6076600","1,4283400",31
202000011282,20,9,11,19:00,1,2,1,1,6,31555,M,"43,5994500","1,4058600",31
202000011283,20,9,11,15:25,1,1,1,1,3,31555,M,"43,6079300","1,4091700",31
202000011284,20,9,13,10:50,1,1,6,1,3,29039,M,"47,8630600"," -3,8904500",29
202000011285,20,9,14,18:30,1,1,1,1,2,27681,M,"49,0668200","1,4692200",27
202000011286,20,9,14,15:45,1,2,9,1,3,27229,M,"49,0193000","1,1520000",27
202000011287,20,7,16,19:35,1,2,3,1,3,69259,M,"45,6959800","4,8747200",69
202000011288,20,9,10,12:50,1,1,1,1,6,24256,M,"45,1932963","0,6610551",24
202000011289,20,9,13,00:40,3,1,1,1,6,21540,M,"47,3350700","5,0727430",21
202000011290,20,7,17,11:40,1,2,3,1,3,69199,M,"45,7080200","4,8598300",69
202000011291,20,7,15,10:25,1,2,3,1,3,69386,M,"45,7704550","4,8503389",69
202000011292,20,7,17,12:40,1,2,9,1,2,97213,A,"14,6123200"," -60,9952900",972
202000011293,20,7,17,22:42,5,2,1,1,3,69389,M,"45,7757100","4,8025900",69
202000011294,20,7,17,18:40,1,2,1,1,-1,2B033,M,"42,7009400","9,4517700",2B
202000011295,20,9,13,17:20,1,1,1,1,1,17415,M,"45,7368070"," -0,6598970",17
202000011296,20,7,17,23:25,5,2,1,1,6,2A004,M,"41,9171777","8,7352720",2A
202000011297,20,7,16,19:30,1,2,6,1,3,91471,M,"48,7005400","2,1917400",91
202000011298,20,7,17,18:55,1,2,1,1,6,91286,M,"48,6544400","2,3946200",91