Num_Acc,an,mois,jour,hrmn,lum,agg,int,atm,col,com,gps,lat,long,dep
202000011299,20,7,17,17:45,1,2,1,1,3,91657,M,"48,7009700","2,4223700",91
202000011300,20,7,17,15:35,1,2,2,1,5,91174,M,"48,6078700","2,4742500",91
202000011301,20,7,17,10:30,1,2,6,1,3,91174,M,"48,6142180","2,4857540",91
202000011302,20,7,12,23:45,3,1,1,1,2,91425,M,"48,6193300","2,2584700",91
202000011303,20,7,9,15:19,1,2,1,1,4,91339,M,"48,6317100","2,2642300",91
202000011304,20,7,16,12:40,1,2,1,1,6,87085,M,"45,8356000","1,2276000",87
202000011305,20,7,17,13:00,1,2,3,1,3,83137,M,"43,1225047","5,9837077",83
202000011306,20,7,16,18:05,1,2,1,1,6,83129,M,"43,0880000","5,8182500",83
202000011307,20,9,14,16:45,1,2,2,1,3,17300,M,"46,1609060"," -1,1456570",17
202000011308,20,9,12,18:00,1,2,1,1,6,16089,M,"45,6856130"," -0,2889150",16
202000011309,20,7,16,09:35,1,1,4,1,3,83123,M,"43,1318800","5,7810000",83
202000011310,20,9,10,08:20,1,2,6,1,5,14215,M,"49,1933440"," -0,2713540",14
202000011311,20,9,14,11:30,1,2,2,1,3,13204,M,"43,2967040","5,4021340",13
202000011312,20,9,14,11:05,1,2,1,1,6,13210,M,"43,2807000","5,4074370",13
202000011313,20,7,16,18:25,1,2,1,1,6,83061,M,"43,4237470","6,7345140",83
202000011314,20,9,11,17:30,1,2,1,1,6,13210,M,"43,2856660","5,4016540",13
202000011315,20,7,16,18:00,1,2,1,1,2,77468,M,"48,8452800","2,6535200",77
202000011316,20,9,12,19:50,1,2,1,1,7,11262,M,"43,1649600","2,9683200",11
202000011317,20,9,13,08:00,1,2,1,1,7,11262,M,"43,1825400","2,9979500",11
202000011318,20,7,16,06:50,1,1,1,8,1,77316,M,"48,3765400","2,8355300",77
202000011319,20,9,13,18:27,1,2,2,1,3,10343,M,"48,2687200","4,0879700",10
202000011320,20,7,17,17:00,1,1,1,1,3,77384,M,"48,5980900","2,5913800",77
202000011321,20,9,14,21:10,5,2,1,1,3,06083,M,"43,7720000","7,4966910",06
202000011322,20,9,12,15:10,1,2,9,1,3,06004,M,"43,5740200","7,1077800",06
202000011323,20,7,16,18:50,1,2,1,1,2,77237,M,"48,8355218","2,7531226",77
202000011324,20,7,16,14:55,1,2,1,1,3,71270,M,"46,2953520","4,8183424",71
202000011325,20,9,14,14:50,1,2,1,1,-1,01053,M,"46,2003580","5,2332530",01
202000011326,20,9,11,13:10,1,2,1,1,7,75119,M,"48,8891940","2,3965260",75
202000011327,20,7,17,10:55,1,2,1,1,6,69266,M,"45,7557168","4,8763768",69
202000011328,20,9,13,07:25,1,2,1,1,1,75119,M,"48,8859710","2,3686310",75
202000011329,20,9,12,17:37,1,2,1,1,1,75107,M,"48,8617830","2,3218620",75
202000011330,20,9,14,20:50,5,2,3,1,3,75118,M,"48,8979920","2,3424000",75
202000011331,20,7,17,02:08,5,2,1,1,6,67482,M,"48,5702320","7,7850390",67
202000011332,20,9,11,08:00,1,2,1,1,2,75116,M,"48,8599390","2,2905000",75
202000011333,20,7,17,02:38,5,2,1,1,7,64445,M,"43,2928600"," -0,3741500",64
202000011334,20,9,14,07:35,1,2,1,1,3,75114,M,"48,8256150","2,3262070",75
202000011335,20,7,17,19:10,1,2,3,1,3,64024,M,"43,5081820"," -1,5222610",64
202000011336,20,9,14,00:24,5,2,2,1,4,75114,M,"48,8225940","2,3150840",75
202000011337,20,9,14,22:00,5,2,3,1,6,75112,M,"48,8497100","2,3873320",75
202000011338,20,7,17,14:50,1,2,1,8,2,64102,M,"43,5045400"," -1,4670600",64
202000011339,20,9,14,16:05,1,2,1,1,3,75112,M,"48,8401430","2,4088280",75
202000011340,20,5,6,18:30,1,2,1,1,3,62570,M,"50,4023610","2,8687500",62
202000011341,20,9,14,11:15,1,2,1,1,5,75111,M,"48,8563390","2,3702660",75
202000011342,20,7,17,20:00,1,2,4,1,1,62178,M,"50,4783090","2,5310800",62
202000011343,20,9,13,02:20,5,2,5,1,3,75111,M,"48,8640070","2,3812000",75
202000011344,20,7,17,17:55,1,2,1,1,3,62841,M,"50,5465400","2,6192340",62
202000011345,20,9,14,00:32,5,2,5,1,3,75107,M,"48,8626760","2,3190850",75
202000011346,20,7,17,10:35,1,2,6,1,3,61006,M,"48,7415280"," -0,0256070",61
202000011347,20,7,17,14:50,1,1,1,1,6,60159,M,"49,4319998","2,8419733",60
202000011348,20,7,17,20:35,1,2,9,1,1,59599,M,"50,7102320","3,1533270",59
202000011349,20,7,17,15:45,1,2,1,1,6,57751,M,"49,1448000","6,1646000",57
202000011350,20,9,14,12:15,1,2,7,1,6,75101,M,"48,8673670","2,3285940",75
202000011351,20,7,16,19:30,1,2,3,1,2,56121,M,"47,7448400"," -3,3636600",56
202000011352,20,9,13,20:33,2,2,1,1,1,94078,M,"48,7355600","2,4467200",94
202000011353,20,7,17,13:28,1,2,1,1,7,51055,M,"49,2862748","4,0557457",51
202000011354,20,9,13,22:00,5,2,1,1,4,94078,M,"48,7328280","2,4469510",94
202000011355,20,7,17,10:00,1,2,1,1,6,50537,M,"49,0332000"," -1,4455600",50
202000011356,20,9,14,20:45,5,2,2,1,3,94038,M,"48,7808300","2,3410500",94
202000011357,20,7,17,08:55,1,2,6,1,-1,45285,M,"47,9024700","1,8595600",45
202000011358,20,5,27,17:15,1,2,1,1,6,44109,M,"47,2239000"," -1,5578000",44
202000011359,20,7,17,16:00,1,2,1,1,6,35238,M,"48,1084000"," -1,6962600",35
202000011360,20,9,14,08:56,1,2,9,1,2,94011,M,"48,7740000","2,4839000",94
202000011361,20,7,17,11:55,1,2,3,1,3,35238,M,"48,1223100"," -1,6818300",35
202000011362,20,7,17,20:10,1,2,6,1,6,34198,M,"43,5706600","3,9400900",34
202000011363,20,9,14,09:15,1,2,3,1,3,94018,M,"48,8188400","2,4093000",94
202000011364,20,7,16,22:23,3,2,9,1,3,34172,M,"43,6172500","3,8609700",34
202000011365,20,7,16,21:50,2,2,1,1,3,34172,M,"43,5894900","3,8559400",34
202000011366,20,9,14,14:20,1,2,2,1,6,93066,M,"48,9231000","2,3699600",93
202000011367,20,7,18,01:20,5,2,1,1,6,33063,M,"44,8241100"," -0,5649600",33
202000011368,20,9,14,12:00,1,2,3,1,3,93062,M,"48,8927400","2,5117800",93
202000011369,20,7,17,23:40,5,2,1,1,5,33063,M,"44,8927300"," -0,5456900",33
202000011370,20,7,17,21:25,1,2,6,1,6,33063,M,"44,8980600"," -0,5683000",33
202000011371,20,7,17,14:30,1,2,1,1,6,33192,M,"44,7803500"," -0,6146000",33
202000011372,20,9,14,12:30,1,1,3,1,2,93010,M,"48,8973938","2,4942531",93
202000011373,20,7,17,03:45,5,2,5,1,6,33529,M,"44,6410600"," -1,1922500",33
202000011374,20,9,14,11:55,1,2,2,1,6,92072,M,"48,8260096","2,1982369",92
202000011375,20,7,17,14:55,1,2,1,1,3,32013,M,"43,6471200","0,5975000",32
202000011376,20,9,12,03:20,5,2,1,1,6,92063,M,"48,8844450","2,1736744",92
202000011377,20,9,14,17:30,1,2,3,1,3,92025,M,"48,9175330","2,2371580",92
202000011378,20,9,14,18:15,1,2,3,1,3,92012,M,"48,8450400","2,2266800",92
202000011379,20,9,14,12:20,1,2,9,1,3,92012,M,"48,8456950","2,2366090",92
202000011380,20,9,14,04:07,5,2,9,1,7,92012,M,"48,8394538","2,2423241",92
202000011381,20,7,16,18:20,1,1,1,1,5,31069,M,"43,6633900","1,3598960",31
202000011382,20,7,16,17:17,1,2,1,1,6,31149,M,"43,6091430","1,3442620",31
202000011383,20,9,14,13:45,1,2,1,7,3,92002,M,"48,7564444","2,2950764",92
202000011384,20,7,16,13:00,1,2,6,1,3,31555,M,"43,5661206","1,3940076",31
202000011385,20,9,13,14:40,1,1,1,1,2,35328,M,"47,7707430"," -2,0972620",35
202000011386,20,7,14,19:10,1,2,3,1,3,31555,M,"43,6568700","1,4206600",31
202000011387,20,9,6,06:40,2,1,1,1,6,60088,M,"49,1920414","2,1971412",60
202000011388,20,7,16,18:30,1,1,1,1,3,31483,M,"43,1341450","0,7203680",31
202000011389,20,9,15,09:40,1,1,1,1,-1,2B049,M,"42,4621570","8,7512110",2B
202000011390,20,7,17,07:17,1,1,1,1,3,30189,M,"43,8829000","4,3073000",30
202000011391,20,9,15,08:00,1,2,3,2,-1,62644,M,"50,6474540","2,1348350",62
202000011392,20,7,15,20:00,1,2,6,1,2,22187,M,"48,5345300"," -2,7522800",22
202000011393,20,9,14,19:30,1,1,3,1,7,52130,M,"48,1042900","4,8823290",52
202000011394,20,7,17,15:45,1,2,9,1,3,21231,M,"47,3333900","5,0307100",21
202000011395,20,9,15,07:30,1,2,3,1,3,74213,M,"45,9210760","6,0602260",74
202000011396,20,7,17,03:00,5,2,1,1,3,13213,M,"43,3268300","5,4255800",13
202000011397,20,9,14,18:00,1,2,6,1,3,62261,M,"50,4783480","1,5946430",62
202000011398,20,7,17,19:13,1,2,2,1,3,13201,M,"43,2886650","5,3821530",13
202000011399,20,7,17,18:35,1,2,1,1,1,13209,M,"43,2405300","5,4572000",13
202000011400,20,9,15,08:00,1,1,1,1,5,83019,M,"43,1774930","6,3363920",83
202000011401,20,9,13,17:00,1,1,1,1,7,97423,R," -21,1169260","55,2682580",974
202000011402,20,7,17,09:15,1,2,1,1,6,13208,M,"43,2828000","5,3890200",13
202000011403,20,7,16,10:00,1,2,1,1,6,13075,M,"43,3482900","5,4651900",13
202000011404,20,7,16,07:40,1,1,1,1,-1,11069,M,"43,1938600","2,3772400",11
202000011405,20,9,11,09:25,1,2,4,1,1,67194,M,"48,7281150","7,9065620",67
202000011406,20,9,15,06:40,2,1,1,1,2,57193,M,"49,2127540","6,2099470",57
202000011407,20,7,16,17:33,1,2,2,1,3,10387,M,"48,3090000","4,0572000",10
202000011408,20,9,15,15:00,1,1,1,1,7,51082,M,"49,0972874","4,8255774",51
202000011409,20,7,15,17:00,1,1,1,1,3,07281,M,"44,9354000","4,8196000",07
202000011410,20,7,16,20:00,1,2,1,1,2,06069,M,"43,6300690","6,9098040",06
202000011411,20,9,13,15:30,1,1,1,1,6,56153,M,"47,5948190"," -2,3109480",56
202000011412,20,7,17,16:20,1,2,1,1,5,06027,M,"43,6612000","7,1283000",06
202000011413,20,7,17,18:25,1,2,1,1,3,75118,M,"48,9007870","2,3385590",75
202000011414,20,7,17,03:45,5,2,1,1,6,75104,M,"48,8543880","2,3688460",75
202000011415,20,9,15,17:55,1,1,3,1,4,56171,M,"47,7073210"," -2,3472330",56
202000011416,20,7,17,14:15,1,2,1,8,6,75119,M,"48,8944620","2,3726840",75
202000011417,20,9,15,13:25,1,2,1,1,6,56067,M,"47,7590750"," -2,8408400",56
202000011418,20,7,17,10:00,1,2,1,1,2,75119,M,"48,8898450","2,3777350",75
202000011419,20,9,14,17:30,1,1,1,1,1,56120,M,"47,7415700"," -2,7658000",56
202000011420,20,7,17,20:20,1,2,3,1,2,75118,M,"48,8841240","2,3494830",75
202000011421,20,7,17,17:50,1,2,3,1,6,75118,M,"48,8904060","2,3558280",75
202000011422,20,8,15,21:59,3,2,1,1,5,74236,M,"45,8708230","6,7227130",74
202000011423,20,7,17,20:05,1,2,4,1,3,75117,M,"48,8859950","2,2891000",75
202000011424,20,9,14,09:15,1,2,4,1,6,79047,M,"46,8295080"," -0,2484600",79
202000011425,20,7,17,18:00,1,2,3,1,3,75117,M,"48,8896800","2,3028870",75
202000011426,20,9,12,19:50,2,1,3,1,3,71263,M,"46,6446224","5,2413571",71
202000011427,20,9,14,16:40,1,1,1,1,7,89017,M,"47,7438790","4,0895060",89
202000011428,20,7,17,00:10,5,2,2,1,5,75116,M,"48,8585450","2,2448960",75
202000011429,20,9,7,17:15,1,1,6,1,3,68127,M,"47,6566290","7,2223310",68
202000011430,20,7,16,14:15,1,2,7,1,2,75116,M,"48,8629830","2,2879290",75
202000011431,20,9,14,20:30,3,1,1,1,1,25356,M,"47,2175860","6,8072320",25
202000011432,20,7,17,00:30,5,2,7,1,3,75114,M,"48,8280290","2,3269440",75
202000011433,20,8,17,18:45,1,1,2,1,3,35360,M,"48,1298460"," -1,2315360",35
202000011434,20,9,14,21:00,3,1,1,1,6,29016,M,"48,3238240"," -3,9722000",29
202000011435,20,7,17,21:00,1,2,7,1,3,75113,M,"48,8330150","2,3618310",75
202000011436,20,9,14,18:55,2,1,1,1,7,38163,M,"45,2759740","6,0594750",38
202000011437,20,7,17,16:45,1,2,3,1,3,75113,M,"48,8419150","2,3678720",75
202000011438,20,9,14,07:40,1,1,2,1,3,26005,M,"44,4912780","4,7903070",26
202000011439,20,7,17,19:55,1,2,1,1,3,75112,M,"48,8499600","2,3758340",75
202000011440,20,9,14,07:50,2,1,1,1,7,66054,M,"42,6129910","2,3335860",66
202000011441,20,7,17,16:10,1,2,2,1,3,75112,M,"48,8441590","2,4116900",75
202000011442,20,9,15,13:30,1,1,1,1,1,72073,M,"48,0238160","0,0591160",72
202000011443,20,9,14,16:05,1,1,1,1,1,06150,M,"43,7531420","7,4055790",06
202000011444,20,7,17,09:50,1,2,4,1,-1,75112,M,"48,8479780","2,3766280",75
202000011445,20,9,15,00:03,3,1,1,1,6,64495,M,"43,3582150"," -1,5787700",64
202000011446,20,7,17,21:35,2,2,2,1,6,75110,M,"48,8773440","2,3551240",75
202000011447,20,7,17,11:15,1,2,4,1,1,75109,M,"48,8727600","2,3264760",75
202000011448,20,9,15,15:25,1,1,2,1,3,64238,M,"43,2483600"," -0,0827410",64
202000011449,20,7,17,01:56,5,2,4,1,7,75109,M,"48,8696510","2,3264660",75
202000011450,20,9,15,07:30,1,2,6,8,7,64519,M,"43,3661080"," -0,3911300",64
202000011451,20,7,16,23:15,5,2,5,1,2,75109,M,"48,8729460","2,3332950",75
202000011452,20,9,13,12:50,1,2,3,1,1,10034,M,"48,1182300","4,3738940",10
202000011453,20,7,17,16:10,1,2,2,1,3,75108,M,"48,8812030","2,3155820",75
202000011454,20,9,14,09:35,1,2,1,1,6,36045,M,"46,9911760","1,1681500",36
202000011455,20,7,16,23:15,5,2,4,1,6,75117,M,"48,8779600","2,2847980",75
202000011456,20,9,15,16:40,1,1,1,1,-1,07009,M,"45,2223900","4,8031930",07
202000011457,20,7,16,09:30,1,2,2,1,6,75115,M,"48,8548260","2,2885480",75
202000011458,20,7,17,04:00,5,2,1,1,7,75101,M,"48,8574920","2,3453040",75
202000011459,20,9,14,17:50,1,2,1,1,6,40312,M,"43,5494040"," -1,4605810",40
202000011460,20,7,17,13:00,1,2,2,1,3,75104,M,"48,8575180","2,3514540",75
202000011461,20,8,15,15:30,1,1,1,1,7,24259,M,"44,9328850","0,4867580",24
202000011462,20,7,17,12:30,1,2,3,1,3,94081,M,"48,7947106","2,4179061",94
202000011463,20,9,13,11:50,1,1,1,1,2,27426,M,"49,2757460","1,7483390",27
202000011464,20,9,15,09:30,1,2,1,1,2,27398,M,"49,1037130","0,6125310",27
202000011465,20,9,14,15:30,1,1,1,1,3,27679,M,"48,7184320","0,8710960",27
202000011466,20,9,15,04:10,5,2,1,1,6,28089,M,"48,5810660","1,2418310",28
202000011467,20,9,14,18:00,1,1,1,1,1,87127,M,"45,5897170","1,2203840",87
202000011468,20,7,17,14:45,1,2,1,1,4,94046,M,"48,7952300","2,4338700",94
202000011469,20,9,14,08:45,1,1,1,7,1,87185,M,"45,8840460","1,0736310",87
202000011470,20,7,17,14:30,1,2,3,1,3,94065,M,"48,7449700","2,3602800",94
202000011471,20,8,15,09:50,1,1,2,1,3,30021,M,"43,9922180","4,3340750",30
202000011472,20,7,17,14:40,1,2,1,1,3,94011,M,"48,7802800","2,4753300",94
202000011473,20,9,14,19:15,1,1,1,1,6,48016,M,"44,4841370","3,4460590",48
202000011474,20,7,17,19:45,1,2,1,1,7,94048,M,"48,7513700","2,5572400",94
202000011475,20,9,14,17:40,1,1,1,1,6,88075,M,"48,0395860","7,0076890",88
202000011476,20,7,17,18:00,1,2,1,1,6,93070,M,"48,9149200","2,3372800",93
202000011477,20,7,16,12:50,1,2,1,1,6,93066,M,"48,9442022","2,3583578",93
202000011478,20,9,12,10:20,1,1,3,7,3,35210,M,"48,1804950"," -1,7785190",35
202000011479,20,7,16,16:15,1,2,9,1,3,93064,M,"48,8764841","2,4806716",93
202000011480,20,9,14,16:45,1,2,1,1,3,97309,G,"4,9068320"," -52,2729170",973
202000011481,20,9,15,20:30,2,1,1,1,7,63126,M,"45,6896040","3,1486990",63
202000011482,20,7,17,17:10,1,2,1,1,2,93077,M,"48,8843400","2,5084300",93
202000011483,20,8,14,17:15,1,1,9,1,3,97224,A,"14,6551300"," -61,0115480",972
202000011484,20,7,17,15:20,1,2,1,1,3,93027,M,"48,9309278","2,3820192",93
202000011485,20,9,14,07:59,1,1,1,1,-1,77309,M,"49,0126820","2,8333570",77
202000011486,20,7,17,17:25,1,2,2,1,1,93001,M,"48,9199624","2,3777885",93
202000011487,20,9,13,00:30,5,2,1,1,6,91540,M,"48,5499630","2,1240160",91
202000011488,20,9,12,09:50,1,1,1,1,-1,78120,M,"48,6469170","1,9874950",78
202000011489,20,9,14,18:25,1,1,1,1,1,78368,M,"48,8994410","1,8671840",78
202000011490,20,9,13,16:30,1,1,1,1,7,34081,M,"43,3102530","3,1612940",34
202000011491,20,9,14,18:10,1,1,2,1,3,34092,M,"43,3123210","2,9561600",34
202000011492,20,9,9,07:40,1,2,9,1,3,13041,M,"43,4697830","5,4716830",13
202000011493,20,9,14,18:30,1,1,1,1,6,25047,M,"47,3308250","6,3511710",25
202000011494,20,7,17,15:30,1,2,3,1,6,93001,M,"48,9216448","2,3672707",93
202000011495,20,9,15,08:21,1,2,3,1,3,67065,M,"48,5795810","7,6042660",67
202000011496,20,7,17,14:10,1,2,9,1,1,93001,M,"48,9084049","2,3971130",93
202000011497,20,7,16,15:30,1,2,1,1,4,92076,M,"48,8292630","2,1504490",92
202000011498,20,7,17,16:42,1,2,1,1,3,92020,M,"48,8093727","2,3066913",92
202000011499,20,7,17,19:45,1,2,3,1,3,92025,M,"48,9226430","2,2465020",92
202000011500,20,7,17,08:45,1,2,1,1,3,92012,M,"48,8388998","2,2283055",92
202000011501,20,7,17,07:50,1,2,1,1,6,92002,M,"48,7701460","2,3115200",92
202000011502,20,7,17,15:13,1,1,1,1,2,60084,M,"49,5154966","1,9493741",60
202000011503,20,7,18,11:45,1,1,1,1,1,01085,M,"46,0574790","5,0242710",01
202000011504,20,7,17,20:55,2,1,1,1,2,60559,M,"49,4132391","2,3127126",60
202000011505,20,7,18,09:10,1,1,1,1,5,44198,M,"47,1395850"," -1,5126800",44
202000011506,20,7,17,14:00,1,1,1,1,6,46103,M,"44,2606910","1,4073230",46
202000011507,20,7,18,00:35,3,1,1,1,6,72231,M,"47,9481970","0,3350240",72
202000011508,20,7,18,14:30,1,2,1,1,-1,71054,M,"46,9119690","5,0283570",71
202000011509,20,7,11,18:45,1,2,1,1,6,57132,M,"48,8180970","6,5111800",57
202000011510,20,7,17,13:30,1,1,1,1,7,56045,M,"47,7322840"," -2,5058110",56
202000011511,20,7,18,16:15,1,2,3,1,3,74242,M,"45,8238030","6,1727080",74
202000011512,20,7,13,12:00,1,2,1,1,3,76520,M,"49,8506460","1,6275620",76
202000011513,20,7,17,15:15,1,1,3,1,2,89447,M,"47,8934470","3,9472840",89
202000011514,20,7,18,11:00,1,1,1,1,7,89225,M,"47,4954874","3,6120880",89
202000011515,20,7,14,14:40,1,1,1,1,6,63380,M,"45,5883562","2,9874073",63
202000011516,20,7,18,15:30,1,1,1,1,6,61003,M,"48,8495660","0,4976680",61
202000011517,20,7,18,14:55,1,1,1,1,3,42267,M,"46,1513570","4,1097340",42
202000011518,20,7,11,19:30,1,1,3,1,7,39182,M,"47,0429920","5,4719560",39
202000011519,20,7,18,16:40,1,1,1,1,6,39443,M,"46,5418850","5,5826880",39
202000011520,20,7,18,14:25,1,1,1,1,7,25443,M,"47,0959910","5,9297530",25
202000011521,20,7,17,14:00,1,1,1,1,1,44220,M,"47,1727140"," -1,9069000",44
202000011522,20,7,15,09:45,1,1,1,1,3,44131,M,"47,1117140"," -2,0109490",44
202000011523,20,7,17,18:30,1,1,2,1,7,03297,M,"46,5374161","2,5752895",03
202000011524,20,7,17,19:25,1,1,3,7,3,14119,M,"49,1392560"," -0,2510550",14
202000011525,20,7,18,16:50,1,1,1,1,6,50021,M,"49,4320500"," -1,1972090",50
202000011526,20,7,17,18:00,1,2,3,1,4,07346,M,"44,4923500","4,6789850",07
202000011527,20,7,17,23:00,5,2,9,1,3,85146,M,"46,9835460"," -1,3201940",85
202000011528,20,7,18,12:20,1,1,2,1,3,52519,M,"47,7080790","5,1770230",52
202000011529,20,7,17,15:20,1,2,1,1,3,68375,M,"47,7966600","7,2318150",68
202000011530,20,7,17,07:25,1,2,1,1,3,97801,,"18,0983200"," -63,0650210",978
202000011531,20,7,18,04:57,3,1,1,1,2,82131,M,"44,2666540","1,5059210",82
202000011532,20,7,17,14:45,1,1,1,1,6,72198,M,"48,0380370","0,1445390",72
202000011533,20,7,17,09:25,1,1,1,1,5,76484,M,"49,3415380","1,0659100",76
202000011534,20,7,18,09:05,1,1,1,1,7,98829,C," -21,5776350","166,1273200",988
202000011535,20,7,17,19:28,3,2,9,1,6,97408,R," -20,9326480","55,3310460",974
202000011536,20,7,17,20:00,3,1,1,1,1,97311,G,"5,3056210"," -54,1594650",973
202000011537,20,7,14,16:15,1,1,1,1,7,77308,M,"49,0384363","2,7247722",77
202000011538,20,7,17,21:00,1,1,6,1,3,91494,M,"48,6152790","2,3514600",91
202000011539,20,7,14,17:30,1,1,1,1,1,91130,M,"48,4277090","2,0750320",91
202000011540,20,7,17,20:30,1,1,1,1,1,83068,M,"43,2809100","6,5782790",83
202000011541,20,7,18,03:45,5,1,1,1,1,83107,M,"43,4257270","6,6741890",83
202000011542,20,7,17,19:10,1,1,1,1,6,73051,M,"45,6539950","5,8472332",73
202000011543,20,7,18,13:15,1,1,1,1,1,42296,M,"45,7386497","4,2944802",42
202000011544,20,7,17,19:35,1,1,6,1,3,38565,M,"45,3080400","5,6223340",38
202000011545,20,7,17,23:00,3,1,1,1,7,26117,M,"45,0399310","5,3746320",26
202000011546,20,7,18,15:15,1,1,1,1,1,69155,M,"45,6306350","4,4127920",69
202000011547,20,7,18,11:00,1,2,1,1,6,46102,M,"44,6106500","2,0294040",46
202000011548,20,7,18,12:30,1,1,1,1,7,09268,M,"42,9983230","1,1464570",09
202000011549,20,7,18,18:30,1,1,1,1,7,64315,M,"43,2976510"," -0,4186180",64
202000011550,20,7,16,10:15,1,2,3,1,5,33238,M,"44,7082090"," -0,6070590",33
202000011551,20,7,17,10:50,1,1,1,1,6,49332,M,"47,0771660"," -0,9517770",49
202000011552,20,7,17,22:55,3,1,1,1,6,14332,M,"48,8411831"," -0,1551443",14
202000011553,20,7,17,10:45,1,2,2,1,6,29179,M,"48,5367290"," -4,3104600",29
202000011554,20,7,18,11:08,1,1,1,1,1,60116,M,"49,3178649","2,3812652",60
202000011555,20,7,16,20:35,1,1,1,1,5,13214,M,"43,3317000","5,3776000",13
202000011556,20,7,16,14:50,1,1,1,1,4,13001,M,"43,5224100","5,4268700",13
202000011557,20,7,16,19:37,1,1,1,1,2,13215,M,"43,3570430","5,3628980",13
202000011558,20,7,16,17:15,1,1,1,1,7,13055,M,"43,2933700","5,4242700",13
202000011559,20,7,16,12:50,1,2,1,1,2,13210,M,"43,2876800","5,3721560",13
202000011560,20,7,17,15:35,1,1,1,1,2,69290,M,"45,7056900","4,9597200",69
202000011561,20,7,17,01:05,3,1,1,1,2,69149,M,"45,7183600","4,8190600",69
202000011562,20,7,11,09:50,1,1,9,1,5,69266,M,"45,7685300","4,9039600",69
202000011563,20,7,17,03:00,3,1,1,1,2,93064,M,"48,8844000","2,4702500",93
202000011564,20,6,15,09:40,1,2,1,1,3,75114,M,"48,8267130","2,3353650",75
202000011565,20,6,17,21:40,2,2,2,1,6,75112,M,"48,8468700","2,4112160",75
202000011566,20,6,17,08:40,1,2,1,1,2,75110,M,"48,8790420","2,3653890",75
202000011567,20,6,16,18:40,1,2,7,1,2,75108,M,"48,8670490","2,3206720",75
202000011568,20,6,17,14:53,1,2,2,1,7,75104,M,"48,8578740","2,3502130",75
202000011569,20,6,17,17:35,1,2,3,1,2,94067,M,"48,8380800","2,4171900",94
202000011570,20,6,17,06:35,1,2,1,1,6,94052,M,"48,8355970","2,4929060",94
202000011571,20,6,17,11:15,1,2,1,1,7,94065,M,"48,7534710","2,3489940",94
202000011572,20,6,17,15:10,1,2,2,1,3,94028,M,"48,7950000","2,4590000",94
202000011573,20,6,17,15:30,1,2,1,1,3,94028,M,"48,8010000","2,4630000",94
202000011574,20,6,16,08:05,1,2,1,1,2,94004,M,"48,7500000","2,5167000",94
202000011575,20,6,16,20:10,1,2,1,2,3,93066,M,"48,9302880","2,3554732",93
202000011576,20,6,15,18:00,1,2,1,1,2,93053,M,"48,9005042","2,4524414",93
202000011577,20,6,17,14:25,1,2,1,1,3,93029,M,"48,9289800","2,4528900",93
202000011578,20,6,17,12:50,1,2,1,1,2,93047,M,"48,8912069","2,5585773",93
202000011579,20,6,17,19:30,1,2,1,1,3,93001,M,"48,9076060","2,3878899",93
202000011580,20,6,17,09:00,1,2,1,1,6,92062,M,"48,8865880","2,2307066",92
202000011581,20,6,1,21:40,1,2,1,1,3,92050,M,"48,8816748","2,2051905",92
202000011582,20,6,16,15:00,1,2,1,1,2,92050,M,"48,9036010","2,2190180",92
202000011583,20,6,17,00:12,5,2,3,1,3,92026,M,"48,8904381","2,2488338",92
202000011584,20,6,17,19:55,2,2,1,1,6,92026,M,"48,8976697","2,2634939",92
202000011585,20,6,17,12:45,1,2,1,1,5,92023,M,"48,7853590","2,2514610",92
202000011586,20,6,17,14:25,1,2,1,1,3,92012,M,"48,8272870","2,2339470",92
202000011587,20,6,16,16:20,1,2,6,3,7,35123,M,"48,0079640"," -1,8440660",35
202000011588,20,6,18,17:15,1,1,2,1,3,51373,M,"48,6530455","4,6636295",51
202000011589,20,6,13,18:15,1,1,1,1,3,2A211,M,"41,7832909","8,9660082",2A
202000011590,20,6,18,17:20,1,1,1,1,-1,38536,M,"45,4244460","4,9181920",38
202000011591,20,6,17,13:20,1,1,2,3,3,33205,M,"44,6261750"," -0,3693940",33
202000011592,20,6,18,08:47,1,1,1,1,7,44083,M,"46,9989000"," -1,6064070",44
202000011593,20,6,17,07:50,1,1,3,8,1,68007,M,"48,0572760","7,4355620",68
202000011594,20,6,17,23:45,5,2,1,2,6,62770,M,"50,6264990","2,5310180",62
202000011595,20,6,16,12:05,1,1,1,1,2,66021,M,"42,7405016","2,9410918",66
202000011596,20,6,17,13:50,1,2,1,1,6,2B050,M,"42,5517530","8,7650300",2B
202000011597,20,6,17,10:40,1,1,1,1,2,65099,M,"42,8633160","0,4012840",65
202000011598,20,6,16,20:30,1,2,1,2,6,11397,M,"43,2106650","2,4499140",11
202000011599,20,6,18,17:49,1,1,1,2,7,89460,M,"48,3421600","3,0528260",89
202000011600,20,6,16,16:28,1,1,3,1,1,47004,M,"44,2749040","0,3357480",47
202000011601,20,6,18,11:15,1,1,1,1,6,31374,M,"43,4155380","1,6419410",31
202000011602,20,6,18,17:50,1,1,1,1,6,38099,M,"45,2028390","5,2895500",38
202000011603,20,6,18,14:10,1,1,2,1,3,02528,M,"49,3401960","3,0997320",02
202000011604,20,6,17,17:30,1,1,3,1,2,03158,M,"46,4452164","2,6547834",03