Num_Acc,an,mois,jour,hrmn,lum,agg,int,atm,col,com,gps,lat,long,dep
202000011605,20,6,17,19:45,1,2,2,1,3,72180,M,"48,3488020","0,3709120",72
202000011606,20,6,17,18:15,1,1,1,1,2,05074,M,"44,4729150","6,0750100",05
202000011607,20,6,16,22:00,3,1,1,1,7,50480,M,"49,4879770"," -1,7956370",50
202000011608,20,6,12,10:20,1,2,6,1,2,40328,M,"43,7885460"," -1,3964870",40
202000011609,20,6,17,10:02,1,1,1,8,6,85297,M,"46,3679900"," -1,2288500",85
202000011610,20,5,24,22:00,2,1,1,1,5,27226,M,"49,3194680","1,6354550",27
202000011611,20,6,12,08:00,1,1,1,1,2,01374,M,"46,0862390","5,2891870",01
202000011612,20,6,17,15:29,1,1,9,2,1,74014,M,"46,0465480","6,6162370",74
202000011613,20,6,18,09:30,1,1,1,1,3,13040,M,"43,4797050","5,5507780",13
202000011614,20,6,18,02:00,4,2,1,1,6,77171,M,"48,9047830","2,8127160",77
202000011615,20,6,18,13:45,1,2,4,1,2,77141,M,"48,8652425","2,8550100",77
202000011616,20,6,18,17:09,1,1,1,1,1,83081,M,"43,6238050","6,8221020",83
202000011617,20,6,18,17:55,1,1,1,1,1,13022,M,"43,2145200","5,5787320",13
202000011618,20,6,17,15:40,1,1,1,1,6,26332,M,"45,2052710","4,8754730",26
202000011619,20,6,18,16:45,1,1,1,1,7,68247,M,"47,9181170","6,9515660",68
202000011620,20,6,17,16:30,1,1,1,1,1,88031,M,"48,3474470","5,8509550",88
202000011621,20,6,17,22:15,3,2,1,1,7,38236,M,"45,4189030","5,6967480",38
202000011622,20,6,17,16:25,1,1,4,1,6,79189,M,"46,4225500"," -0,1667260",79
202000011623,20,6,18,19:00,1,2,9,1,7,60041,M,"49,3814091","2,2287394",60
202000011624,20,6,18,12:15,1,1,2,1,3,59087,M,"50,6676508","2,4576551",59
202000011625,20,6,17,22:00,3,1,1,2,3,59034,M,"50,5314860","3,0914650",59
202000011626,20,6,17,01:20,5,1,1,1,2,92050,M,"48,9010000","2,2065000",92
202000011627,20,6,16,02:30,5,1,1,1,2,92048,M,"48,7889000","2,2214000",92
202000011628,20,6,15,19:15,1,1,1,1,3,92036,M,"48,9386500","2,3106200",92
202000011629,20,6,15,15:30,1,1,1,1,5,92036,M,"48,9453700","2,2846000",92
202000011630,20,6,17,17:10,1,1,1,1,5,75112,M,"48,8252710","2,4638460",75
202000011631,20,2,15,14:30,1,2,2,1,3,62041,M,"50,2867960","2,7608890",62
202000011632,20,2,26,19:10,5,2,8,6,3,2A004,M,"41,9315487","8,7401005",2A
202000011633,20,6,15,11:20,1,2,1,1,2,97411,R," -20,8908000","55,4797400",974
202000011634,20,6,15,18:00,4,2,1,1,6,97411,R," -20,9164000","55,5030000",974
202000011635,20,6,15,17:13,1,1,6,1,3,97407,R," -20,9498900","55,2871900",974
202000011636,20,6,16,08:50,1,2,1,1,6,97302,G,"4,9382160"," -52,3303163",973
202000011637,20,6,16,12:50,1,2,1,1,3,69259,M,"45,6921000","4,8872000",69
202000011638,20,6,15,10:10,1,2,1,1,7,97213,A,"14,6111900"," -61,0014900",972
202000011639,20,6,11,18:00,1,2,9,1,2,97213,A,"14,6232700"," -60,9889800",972
202000011640,20,6,15,19:35,4,2,1,1,7,97213,A,"14,6463000"," -61,0224000",972
202000011641,20,6,15,08:20,1,2,1,1,3,97213,A,"14,6210000"," -61,0298000",972
202000011642,20,6,16,08:30,1,1,1,1,4,97209,A,"14,6148900"," -61,0457400",972
202000011643,20,6,15,01:45,5,2,4,1,6,97209,A,"14,6215200"," -61,0430700",972
202000011644,20,6,16,08:50,1,2,3,1,3,69034,M,"45,7892000","4,8198800",69
202000011645,20,6,15,03:50,5,2,1,1,6,69385,M,"45,7534000","4,8170000",69
202000011646,20,6,16,09:36,1,1,1,1,3,2A004,M,"41,9313136","8,7221917",2A
202000011647,20,6,16,15:00,1,2,2,1,3,91589,M,"48,7053200","2,3411000",91
202000011648,20,6,12,11:40,1,1,1,1,6,83034,M,"43,1071400","6,0519230",83
202000011649,20,6,16,10:00,1,2,1,1,6,83069,M,"43,1113200","6,1240100",83
202000011650,20,6,16,21:10,1,2,1,1,6,78440,M,"48,9794040","1,9148720",78
202000011651,20,6,16,13:10,1,2,9,1,3,78440,M,"48,9989170","1,9163080",78
202000011652,20,6,15,08:15,1,2,2,8,6,78362,M,"48,9870900","1,7061900",78
202000011653,20,6,15,17:30,1,1,1,1,7,77438,M,"48,8667000","2,6833000",77
202000011654,20,5,5,19:10,1,2,1,1,3,76231,M,"49,2716600","0,9970900",76
202000011655,20,5,23,11:15,1,2,3,1,6,76575,M,"49,3972900","1,1031700",76
202000011656,20,6,15,18:45,1,2,1,1,3,71306,M,"46,6772420","4,3687394",71
202000011657,20,6,15,18:20,1,2,1,1,7,71153,M,"46,8060699","4,4394475",71
202000011658,20,6,15,21:50,2,2,1,1,2,71059,M,"46,8036743","4,4684478",71
202000011659,20,6,13,22:52,5,2,1,1,3,67482,M,"48,5787600","7,7696200",67
202000011660,20,6,12,18:45,1,2,1,1,2,66136,M,"42,6991800","2,8885600",66
202000011661,20,6,15,16:06,1,2,2,1,3,65440,M,"43,2322500","0,0705800",65
202000011662,20,6,13,19:25,1,2,9,1,3,64122,M,"43,4881698"," -1,5488128",64
202000011663,20,6,12,17:00,1,2,1,1,3,64122,M,"43,4925800"," -1,5474300",64
202000011664,20,6,16,11:10,1,2,1,1,3,64102,M,"43,4809200"," -1,4805600",64
202000011665,20,6,16,06:55,2,2,3,2,3,64140,M,"43,5234000"," -1,4901000",64
202000011666,20,6,9,20:37,1,2,3,1,1,63113,M,"45,8103700","3,1199500",63
202000011667,20,6,15,18:00,1,2,1,1,6,63113,M,"45,7915560","3,1150291",63
202000011668,20,5,25,17:00,1,2,1,1,6,62413,M,"50,4457000","2,8836500",62
202000011669,20,6,16,13:59,1,2,3,1,3,51454,M,"49,2341095","4,0396185",51
202000011670,20,6,12,20:40,1,2,1,1,-1,50129,M,"49,6298600"," -1,6229000",50
202000011671,20,6,14,02:25,3,2,1,1,2,49007,M,"47,4605900"," -0,5379300",49
202000011672,20,6,13,13:47,1,2,1,1,3,49007,M,"47,4723300"," -0,5410400",49
202000011673,20,6,14,19:45,1,2,1,1,7,49007,M,"47,4557500"," -0,5173600",49
202000011674,20,6,16,06:45,1,1,1,2,6,35238,M,"48,1234600"," -1,7184100",35
202000011675,20,6,15,19:15,1,2,3,1,3,33529,M,"44,6105200"," -1,1197500",33
202000011676,20,6,16,08:25,1,2,1,1,4,32013,M,"43,6405900","0,5857300",32
202000011677,20,6,16,12:10,1,2,1,1,1,30007,M,"44,1496900","4,0795700",30
202000011678,20,6,15,14:55,1,1,6,1,3,28404,M,"48,7193000","1,3490000",28
202000011679,20,6,14,19:15,1,2,1,1,6,27229,M,"49,0344000","1,1489800",27
202000011680,20,6,16,17:32,1,2,1,1,3,17028,M,"46,1398800"," -1,1319300",17
202000011681,20,6,16,22:26,4,2,2,1,2,13201,M,"43,3034870","5,3859620",13
202000011682,20,6,16,18:00,1,2,1,1,6,13211,M,"43,2876210","5,4649700",13
202000011683,20,6,16,16:55,1,2,1,1,7,13215,M,"43,3738781","5,3659890",13
202000011684,20,6,15,15:00,1,2,3,1,6,13207,M,"43,2891920","5,3545730",13
202000011685,20,6,16,17:30,1,2,1,1,6,13063,M,"43,5762638","4,9988276",13
202000011686,20,6,16,21:20,1,2,3,1,3,10387,M,"48,2833000","4,0819100",10
202000011687,20,6,15,18:00,1,1,1,1,3,07008,M,"44,7126980","4,6350070",07
202000011688,20,6,16,19:45,1,2,1,1,3,06029,M,"43,5515300","7,0164800",06
202000011689,20,6,14,17:10,1,1,1,1,1,06123,M,"43,6795100","7,1834900",06
202000011690,20,6,15,18:10,1,1,6,1,2,05061,M,"44,5576800","6,0553800",05
202000011691,20,6,9,06:30,1,2,1,1,6,05061,M,"44,5788600","6,1010500",05
202000011692,20,6,15,14:25,1,1,1,1,7,05061,M,"44,6046700","6,1164300",05
202000011693,20,6,15,17:05,1,2,1,1,3,75120,M,"48,8500380","2,4153270",75
202000011694,20,6,15,23:46,5,2,1,1,3,75113,M,"48,8288400","2,3564590",75
202000011695,20,6,16,01:10,5,2,3,1,6,75120,M,"48,8533350","2,4096910",75
202000011696,20,6,16,09:10,1,2,2,1,3,75119,M,"48,8976380","2,3856930",75
202000011697,20,6,16,07:10,1,2,2,1,3,75119,M,"48,8859220","2,3821970",75
202000011698,20,6,16,12:00,1,2,1,1,6,75118,M,"48,8930910","2,3500030",75
202000011699,20,6,16,16:30,1,2,7,1,3,75117,M,"48,8886230","2,3156640",75
202000011700,20,6,16,13:00,1,2,3,1,7,75117,M,"48,8893650","2,3223400",75
202000011701,20,6,16,08:15,1,2,3,8,6,75117,M,"48,8840470","2,2936290",75
202000011702,20,6,15,08:55,1,2,7,1,3,75114,M,"48,8345450","2,3326150",75
202000011703,20,6,16,08:35,1,2,2,8,6,75113,M,"48,8259940","2,3536380",75
202000011704,20,6,16,14:00,1,2,2,1,6,75110,M,"48,8836130","2,3494900",75
202000011705,20,6,16,14:10,1,2,3,1,3,75109,M,"48,8734190","2,3296980",75
202000011706,20,6,16,13:50,1,2,2,1,5,75107,M,"48,8611270","2,3241850",75
202000011707,20,6,13,12:00,1,2,1,1,6,75107,M,"48,8629140","2,3188070",75
202000011708,20,6,16,19:20,1,2,3,1,3,75104,M,"48,8541280","2,3622940",75
202000011709,20,6,16,15:45,1,2,3,1,6,75104,M,"48,8523540","2,3604900",75
202000011710,20,6,16,12:00,1,2,1,1,-1,94042,M,"48,8171120","2,4771605",94
202000011711,20,6,16,08:35,1,2,4,1,3,94046,M,"48,8007000","2,4308700",94
202000011712,20,6,16,18:10,1,2,1,1,3,94041,M,"48,8195900","2,3961700",94
202000011713,20,6,15,12:00,1,2,1,1,1,94041,M,"48,8143300","2,3900700",94
202000011714,20,6,16,17:10,1,2,1,2,4,94021,M,"48,7708100","2,3625050",94
202000011715,20,6,16,17:00,1,2,1,1,1,93070,M,"48,9095000","2,3387000",93
202000011716,20,6,16,22:35,5,2,2,1,3,93048,M,"48,8571700","2,4411800",93
202000011717,20,6,16,14:15,1,2,7,1,6,93048,M,"48,8672400","2,4347400",93
202000011718,20,6,16,14:55,1,2,2,1,6,93030,M,"48,9536300","2,4163800",93
202000011719,20,6,16,10:15,1,2,1,1,6,93001,M,"48,9059600","2,3807200",93
202000011720,20,6,16,09:42,1,2,1,1,2,92051,M,"48,8840613","2,2545941",92
202000011721,20,6,16,18:20,1,2,1,1,7,92049,M,"48,8169930","2,3117720",92
202000011722,20,6,16,10:50,1,2,3,1,3,92048,M,"48,7861277","2,2215043",92
202000011723,20,6,15,17:35,1,2,1,1,6,92036,M,"48,9292590","2,2864680",92
202000011724,20,6,13,15:50,1,2,3,1,1,92025,M,"48,9261160","2,2530240",92
202000011725,20,6,15,23:00,5,2,2,1,3,92023,M,"48,7834400","2,2466900",92
202000011726,20,6,15,13:30,1,2,3,1,6,92014,M,"48,7824491","2,3148188",92
202000011727,20,6,16,13:14,1,1,2,2,3,37191,M,"46,9668636","0,3976916",37
202000011728,20,6,17,06:00,2,1,1,1,7,08239,M,"49,3981550","4,3630740",08
202000011729,20,6,17,18:00,1,1,1,2,6,62788,M,"50,6938550","2,0402810",62
202000011730,20,6,14,22:50,5,2,2,1,3,40065,M,"43,6440530"," -1,4325300",40
202000011731,20,6,17,00:05,3,1,1,1,7,51048,M,"49,1206256","3,8628422",51
202000011732,20,6,17,15:32,1,2,1,1,1,11041,M,"43,3007180","2,8748690",11
202000011733,20,6,14,17:15,1,1,1,1,6,46063,M,"44,2896900","1,3603090",46
202000011734,20,5,16,15:00,1,1,4,1,7,51515,M,"49,0927143","4,5576387",51
202000011735,20,6,17,08:45,1,2,6,1,3,74208,M,"45,9235280","6,6860180",74
202000011736,20,6,17,11:00,1,1,1,1,6,76013,M,"49,7725690","0,5229290",76
202000011737,20,6,17,15:50,1,1,1,1,1,2B207,M,"42,4633280","9,4607310",2B
202000011738,20,6,17,14:20,1,1,1,1,-1,11209,M,"42,9671200","2,2602710",11
202000011739,20,6,17,09:00,1,1,1,1,7,89246,M,"47,6433890","3,9689720",89
202000011740,20,6,16,05:26,1,1,1,1,6,61457,M,"48,7784470","0,5615260",61
202000011741,20,6,16,18:50,1,1,1,3,1,49050,M,"47,3560730"," -0,3614010",49
202000011742,20,6,16,23:45,3,1,1,1,6,42197,M,"45,7384880","4,0486440",42
202000011743,20,6,17,13:15,1,1,1,3,1,68235,M,"47,9902270","7,4027670",68
202000011744,20,6,15,11:00,1,2,1,1,6,39189,M,"47,0704190","5,4137050",39
202000011745,20,5,24,17:27,1,1,1,1,6,25537,M,"47,1278050","6,1239980",25
202000011746,20,6,16,19:00,1,2,1,1,3,38269,M,"44,9165890","5,7843880",38
202000011747,20,6,16,10:25,1,1,1,1,6,02506,M,"49,2959190","3,1874300",02
202000011748,20,6,16,12:00,1,1,3,1,3,26339,M,"44,6181040","4,7964120",26
202000011749,20,6,16,12:55,1,2,4,1,3,06032,M,"43,7246670","7,3920100",06
202000011750,20,6,17,19:45,1,1,1,1,7,60003,M,"49,5241370","2,1690640",60
202000011751,20,6,16,15:20,1,2,6,1,6,27056,M,"49,0877450","0,5925750",27
202000011752,20,6,16,15:50,1,2,2,1,3,37203,M,"47,4101130","0,7423201",37
202000011753,20,6,16,07:20,1,1,1,1,1,52113,M,"47,7273160","5,3753190",52
202000011754,20,6,12,20:55,2,2,1,1,6,24212,M,"44,7322190","0,6040230",24
202000011755,20,6,17,05:45,2,1,9,8,7,68234,M,"47,9510580","7,3659040",68
202000011756,20,10,12,09:20,1,2,1,1,6,91377,M,"48,7237000","2,2697000",91
202000011757,20,10,11,15:45,1,2,1,2,2,87085,M,"45,8553700","1,2483100",87
202000011758,20,10,11,20:35,3,1,1,9,1,86041,M,"46,6143900","0,3661900",86
202000011759,20,9,11,14:00,1,2,1,1,1,85194,M,"46,4979800"," -1,7607400",85
202000011760,20,10,5,07:30,5,2,6,1,3,85194,M,"46,5142500"," -1,7684800",85
202000011761,20,10,5,11:10,1,2,1,1,1,85194,M,"46,5030400"," -1,7592200",85
202000011762,20,10,11,22:03,3,1,3,1,3,85194,M,"46,5263400"," -1,7446300",85
202000011763,20,10,12,15:50,1,2,1,1,6,83069,M,"43,1203500","6,1317300",83
202000011764,20,10,10,18:50,3,2,1,2,1,80021,M,"49,9249500","2,2556900",80
202000011765,20,10,10,18:00,1,2,1,1,2,80489,M,"49,8680400","2,3761300",80
202000011766,20,10,10,17:45,1,2,1,1,6,80021,M,"49,8943900","2,3094800",80
202000011767,20,10,10,19:40,5,2,1,1,3,78646,M,"48,7989800","2,1268900",78
202000011768,20,10,12,10:10,1,2,1,1,4,78551,M,"48,9010800","2,0629200",78
202000011769,20,10,7,18:50,1,2,6,1,3,76498,M,"49,4125700","1,0725900",76
202000011770,20,10,9,16:45,1,2,2,1,3,76351,M,"49,5045300","0,1516300",76
202000011771,20,10,10,20:17,5,2,8,2,3,76351,M,"49,4972000","0,1277000",76
202000011772,20,10,12,09:25,1,2,6,1,1,72181,M,"47,9930000","0,1847900",72
202000011773,20,10,11,00:00,5,2,1,1,6,71059,M,"46,8113805","4,4828775",71
202000011774,20,10,9,11:05,1,2,3,1,3,67482,M,"48,5537000","7,7676400",67
202000011775,20,10,11,09:37,1,2,6,1,3,66136,M,"42,7054000","2,9018500",66
202000011776,20,10,10,20:17,5,2,1,1,6,66136,M,"42,6923900","2,8795000",66
202000011777,20,10,12,21:55,5,2,6,1,7,64445,M,"43,3147300"," -0,3573000",64
202000011778,20,10,12,16:45,1,2,2,1,3,64445,M,"43,3179800"," -0,3183700",64
202000011779,20,10,12,11:10,1,2,3,1,-1,64122,M,"43,4860700"," -1,5510200",64
202000011780,20,10,11,14:10,1,2,3,8,2,64102,M,"43,4851100"," -1,4942800",64
202000011781,20,10,12,09:45,1,2,1,1,3,61397,M,"48,4225300","0,0843300",61
202000011782,20,10,11,08:00,2,1,1,1,6,59166,M,"50,3248800","3,5977000",59
202000011783,20,10,8,17:10,1,2,1,2,6,59339,M,"50,6788000","3,2377000",59
202000011784,20,10,12,22:55,5,2,1,1,7,59507,M,"50,5942400","3,0832700",59
202000011785,20,10,9,17:30,1,1,3,1,3,59486,M,"50,4286100","3,1396700",59
202000011786,20,10,11,15:50,1,2,6,1,3,56107,M,"47,7169900"," -3,3732500",56
202000011787,20,10,11,09:40,1,2,6,7,3,56098,M,"47,7782400"," -3,3452000",56
202000011788,20,10,10,23:45,4,1,1,2,6,56185,M,"47,7711000"," -3,3809500",56
202000011789,20,10,10,20:40,5,2,6,1,3,56121,M,"47,7516800"," -3,3693500",56
202000011790,20,10,10,13:25,1,1,1,1,6,56121,M,"47,7372400"," -3,3781000",56
202000011791,20,10,9,12:00,1,2,4,3,6,54323,M,"49,5173000","5,7673000",54
202000011792,20,10,9,07:45,4,2,1,2,6,54323,M,"49,5237090","5,7643910",54
202000011793,20,10,11,02:40,3,2,1,2,7,51454,M,"49,2579010","4,0341222",51
202000011794,20,10,10,17:00,1,2,1,1,3,49267,M,"47,4801700"," -0,4997500",49
202000011795,20,10,10,10:45,1,2,1,1,3,49007,M,"47,4757200"," -0,5528500",49
202000011796,20,10,11,15:53,1,2,1,2,2,49007,M,"47,4654500"," -0,5504700",49
202000011797,20,10,9,08:21,2,2,6,2,1,49353,M,"47,4423270"," -0,4833440",49
202000011798,20,10,9,07:20,2,2,3,2,1,49246,M,"47,4277300"," -0,5272500",49
202000011799,20,10,9,14:10,2,2,1,2,6,49353,M,"47,4420100"," -0,4833300",49
202000011800,20,10,11,15:47,1,2,1,1,3,47031,M,"44,1770900","0,6443500",47
202000011801,20,10,12,06:45,5,2,1,1,6,45285,M,"47,9182900","1,8593900",45
202000011802,20,10,7,16:30,1,2,1,1,6,43157,M,"45,0320623","3,8857698",43
202000011803,20,10,9,19:15,5,2,1,1,6,42186,M,"45,5248800","4,6085300",42
202000011804,20,10,12,06:45,5,2,1,8,3,35238,M,"48,1160100"," -1,6740000",35
202000011805,20,10,12,07:45,1,2,1,1,6,35238,M,"48,0895800"," -1,6429800",35
202000011806,20,10,12,20:20,5,2,2,2,3,33249,M,"44,8852400"," -0,5183500",33
202000011807,20,8,15,10:30,1,2,3,1,6,42187,M,"46,0356500","4,0716300",42
202000011808,20,8,16,07:15,2,2,2,1,3,41018,M,"47,5832300","1,3208700",41
202000011809,20,8,15,18:00,1,2,3,1,3,39411,M,"46,6654640","5,5818700",39
202000011810,20,8,17,09:50,1,2,1,1,2,33281,M,"44,8422000"," -0,7442800",33
202000011811,20,10,12,18:15,1,2,8,1,3,33522,M,"44,8151900"," -0,5872300",33
202000011812,20,10,3,12:15,1,2,2,3,6,33281,M,"44,8327000"," -0,6476900",33
202000011813,20,10,12,08:45,1,1,1,1,5,33529,M,"44,6136300"," -1,1537000",33
202000011814,20,8,16,22:10,5,1,1,1,6,31555,M,"43,6394980","1,4527170",31
202000011815,20,10,12,15:45,1,2,6,2,6,29232,M,"47,9913100"," -4,0731200",29
202000011816,20,8,14,23:25,5,2,1,1,6,31555,M,"43,6134100","1,4499200",31
202000011817,20,10,6,21:05,3,2,1,1,6,22278,M,"48,5234549"," -2,7502298",22
202000011818,20,8,14,12:30,1,2,2,1,3,31555,M,"43,5531100","1,4669800",31
202000011819,20,10,12,12:00,1,2,1,1,6,14118,M,"49,1894600"," -0,3372000",14
202000011820,20,10,7,07:40,2,1,1,8,6,14118,M,"49,1569300"," -0,3453500",14
202000011821,20,8,13,23:40,4,2,1,1,2,31555,M,"43,6564100","1,4212350",31
202000011822,20,8,15,07:40,1,2,1,1,3,31555,M,"43,5933100","1,3930600",31
202000011823,20,10,8,12:30,1,2,1,1,3,13056,M,"43,3789783","5,0292690",13
202000011824,20,8,17,15:20,1,2,9,1,6,29232,M,"47,9831100"," -4,1295600",29
202000011825,20,10,12,15:36,1,2,1,1,7,13210,M,"43,2683000","5,4131000",13
202000011826,20,8,17,09:15,1,1,3,1,2,29039,M,"47,8779695"," -3,8791141",29
202000011827,20,10,12,16:10,1,2,1,1,6,13209,M,"43,2458790","5,4171830",13
202000011828,20,10,12,11:00,1,2,1,1,6,13209,M,"43,2727050","5,4116090",13
202000011829,20,8,17,07:10,1,1,1,1,1,24102,M,"45,2200500","0,6727800",24
202000011830,20,10,12,09:30,1,2,1,1,1,13204,M,"43,3119500","5,3960900",13
202000011831,20,10,9,20:00,2,2,6,1,3,11262,M,"43,1803900","3,0139400",11
202000011832,20,8,17,17:42,1,1,1,1,4,17291,M,"46,1740110"," -1,1229180",17
202000011833,20,9,10,01:28,3,1,1,1,6,08105,M,"49,7500000","4,7031800",08
202000011834,20,8,16,03:43,5,2,1,1,6,17300,M,"46,1622100"," -1,1552700",17
202000011835,20,10,12,21:10,5,2,3,1,3,06083,M,"43,7793300","7,4935200",06
202000011836,20,8,17,08:30,1,2,2,2,3,14118,M,"49,1839100"," -0,3863400",14
202000011837,20,10,12,08:10,1,2,1,1,1,06027,M,"43,6605000","7,1767000",06
202000011838,20,8,17,14:10,1,2,9,1,7,13214,M,"43,3391590","5,3717300",13
202000011839,20,10,12,17:10,1,2,1,1,4,75120,M,"48,8763820","2,4094210",75
202000011840,20,8,17,03:25,5,2,2,1,3,13208,M,"43,2642661","5,3787717",13
202000011841,20,10,12,13:00,1,2,1,1,2,75107,M,"48,8623620","2,3087500",75
202000011842,20,8,18,00:40,3,2,1,1,6,13063,M,"43,5884308","4,9898197",13
202000011843,20,10,12,09:20,1,2,1,1,3,75120,M,"48,8678510","2,3823310",75
202000011844,20,10,12,19:25,5,2,1,1,6,75119,M,"48,8887040","2,3927920",75
202000011845,20,8,17,20:50,5,2,1,1,6,06088,M,"43,6951800","7,2656700",06
202000011846,20,10,12,14:50,1,2,3,1,3,75116,M,"48,8408620","2,2623950",75
202000011847,20,10,12,14:30,1,2,3,1,6,75116,M,"48,8504040","2,2705270",75
202000011848,20,8,16,16:55,1,2,1,1,6,06027,M,"43,6557130","7,1614820",06
202000011849,20,10,12,09:10,1,2,1,1,6,75115,M,"48,8378300","2,3139530",75
202000011850,20,8,13,20:25,3,1,1,3,2,05023,M,"44,9097300","6,6638300",05
202000011851,20,10,12,14:49,1,2,3,1,3,75113,M,"48,8311130","2,3811860",75
202000011852,20,8,17,17:45,1,2,1,1,3,75113,M,"48,8309850","2,3569580",75
202000011853,20,10,12,13:20,1,2,3,8,3,75113,M,"48,8367570","2,3743670",75
202000011854,20,10,12,21:15,5,2,2,1,1,75112,M,"48,8358410","2,4531620",75
202000011855,20,8,17,09:30,1,2,2,1,3,75113,M,"48,8192230","2,3620740",75
202000011856,20,10,12,15:00,1,2,1,1,6,75112,M,"48,8476740","2,3756500",75
202000011857,20,8,17,12:55,1,2,1,2,1,75112,M,"48,8300260","2,3866980",75
202000011858,20,10,12,16:30,1,2,1,1,3,75112,M,"48,8473470","2,4042240",75
202000011859,20,8,16,17:30,1,2,1,1,6,75112,M,"48,8294770","2,4156080",75
202000011860,20,10,12,16:00,1,2,3,1,3,75112,M,"48,8410220","2,3941110",75
202000011861,20,8,17,10:35,1,2,1,1,6,75111,M,"48,8651780","2,3689600",75
202000011862,20,10,12,11:45,1,2,2,1,3,75112,M,"48,8480440","2,3929210",75
202000011863,20,8,16,23:10,5,2,3,1,3,75110,M,"48,8724610","2,3479040",75
202000011864,20,10,12,08:52,1,2,1,1,7,75112,M,"48,8456520","2,4108640",75
202000011865,20,8,16,16:20,1,2,1,1,-1,75110,M,"48,8817180","2,3583910",75
202000011866,20,10,12,08:08,2,2,2,1,3,75112,M,"48,8440580","2,4129700",75
202000011867,20,8,17,01:30,3,2,1,1,6,75104,M,"48,8494760","2,3616830",75
202000011868,20,10,12,20:15,5,2,1,1,1,75111,M,"48,8670660","2,3750290",75
202000011869,20,10,11,21:50,5,2,1,1,-1,75111,M,"48,8561760","2,3761780",75
202000011870,20,7,30,17:55,1,2,3,1,3,75103,M,"48,8677040","2,3548690",75
202000011871,20,10,12,02:30,5,2,3,1,3,75108,M,"48,8670910","2,3160830",75
202000011872,20,8,16,16:05,1,2,1,1,6,94081,M,"48,7842000","2,3961000",94
202000011873,20,10,10,23:45,5,2,1,8,2,94043,M,"48,8057500","2,3452800",94
202000011874,20,10,12,19:15,5,2,1,1,3,94065,M,"48,7490900","2,3563900",94
202000011875,20,8,10,09:30,1,2,1,1,3,94033,M,"48,8433300","2,4655500",94
202000011876,20,10,10,20:15,3,2,1,1,6,94058,M,"48,8495100","2,4971400",94
202000011877,20,8,16,03:40,5,2,1,1,7,94022,M,"48,7669000","2,4144000",94
202000011878,20,10,12,14:00,1,2,6,1,3,94077,M,"48,7378700","2,4236200",94
202000011879,20,8,17,21:30,5,2,2,1,1,93073,M,"48,9670471","2,5680240",93
202000011880,20,10,12,11:40,1,2,2,1,3,94071,M,"48,7654540","2,5124790",94
202000011881,20,8,17,19:10,1,2,9,1,3,93064,M,"48,8862042","2,4756977",93
202000011882,20,10,12,05:40,5,2,1,1,2,94070,M,"48,7180800","2,5695100",94
202000011883,20,8,17,20:30,3,2,1,1,2,93051,M,"48,8384795","2,5610877",93
202000011884,20,10,11,21:20,5,2,1,1,6,93070,M,"48,9098000","2,3417400",93
202000011885,20,8,17,11:25,1,2,1,1,6,93077,M,"48,8808780","2,5265330",93
202000011886,20,10,12,13:50,1,2,1,1,3,93051,M,"48,8303400","2,5847700",93
202000011887,20,8,17,16:50,1,2,1,2,3,93010,M,"48,8952670","2,4869121",93
202000011888,20,10,12,16:27,1,2,2,8,3,93046,M,"48,9313700","2,5456200",93
202000011889,20,8,17,09:45,1,2,2,1,3,93007,M,"48,9413500","2,4639020",93
202000011890,20,10,12,06:45,5,2,2,1,3,93031,M,"48,9501244","2,3284842",93
202000011891,20,10,11,23:00,5,2,2,1,3,93029,M,"48,9165900","2,4446300",93
202000011892,20,10,11,19:10,2,2,1,8,3,92077,M,"48,8276863","2,1821178",92
202000011893,20,8,16,23:30,5,2,1,1,6,93005,M,"48,9292700","2,4892000",93
202000011894,20,10,11,09:30,1,2,2,1,3,92072,M,"48,8260273","2,1982305",92
202000011895,20,8,17,19:35,1,2,1,1,3,93066,M,"48,9312912","2,3495776",93
202000011896,20,10,11,11:30,1,1,1,1,7,92064,M,"48,8477259","2,2080543",92
202000011897,20,10,7,09:00,1,2,1,8,2,92040,M,"48,8340980","2,2648480",92
202000011898,20,8,17,06:30,1,2,1,1,5,93001,M,"48,9171777","2,3817897",93
202000011899,20,10,12,06:50,2,2,2,1,3,92040,M,"48,8166150","2,2750220",92
202000011900,20,8,17,13:00,1,2,1,2,3,92044,M,"48,8914005","2,2956423",92
202000011901,20,10,12,19:00,5,2,1,1,2,92026,M,"48,8886745","2,2490349",92
202000011902,20,10,10,20:25,5,1,9,1,-1,92004,M,"48,9139311","2,3094927",92
202000011903,20,8,17,19:20,1,2,1,1,5,92007,M,"48,7964900","2,3172500",92
202000011904,20,10,12,16:15,2,2,1,1,2,97415,R," -21,0110070","55,3209860",974
202000011905,20,8,14,16:25,1,2,1,1,4,92004,M,"48,9279200","2,2847000",92
202000011906,20,10,12,12:30,1,2,1,1,3,67437,M,"48,7311970","7,3530780",67
202000011907,20,8,17,15:30,1,1,9,1,7,13215,M,"43,3494760","5,3692420",13
202000011908,20,10,13,10:00,1,1,1,2,6,37233,M,"47,3952557","0,7068566",37
202000011909,20,8,17,08:36,1,1,1,1,2,13214,M,"43,3516650","5,3666380",13