Num_Acc,an,mois,jour,hrmn,lum,agg,int,atm,col,com,gps,lat,long,dep
202000011910,20,10,11,16:00,1,1,2,1,3,62094,M,"50,4488022","1,7787840",62
202000011911,20,10,9,08:10,2,1,1,8,6,35173,M,"48,1911820"," -1,7197680",35
202000011912,20,8,16,21:30,3,1,1,1,2,13215,M,"43,3772376","5,3582972",13
202000011913,20,8,10,09:25,1,1,9,1,3,57463,M,"49,1395090","6,1802820",57
202000011914,20,10,12,18:50,1,1,2,1,3,51090,M,"48,7857780","3,8617160",51
202000011915,20,8,17,09:55,1,1,1,1,2,33096,M,"44,8912600"," -0,5019600",33
202000011916,20,10,7,16:20,1,1,1,1,6,76120,M,"49,6096250","1,4082560",76
202000011917,20,10,13,04:25,5,2,1,3,7,79195,M,"46,9346300"," -0,5886200",79
202000011918,20,8,17,18:00,1,1,1,1,3,94076,M,"48,7863000","2,3460000",94
202000011919,20,10,13,07:43,5,2,1,8,6,65460,M,"43,3852140","0,0551690",65
202000011920,20,8,17,11:05,1,1,1,1,7,91136,M,"48,7163600","2,2655000",91
202000011921,20,10,13,10:55,1,1,1,1,2,65460,M,"43,3877560","0,0080680",65
202000011922,20,10,13,10:07,1,2,3,8,3,65460,M,"43,3927580","0,0530810",65
202000011923,20,8,17,07:50,1,1,1,1,3,91347,M,"48,6227000","2,2882900",91
202000011924,20,10,12,14:40,1,1,1,1,6,63011,M,"46,1954060","2,7558090",63
202000011925,20,8,17,17:25,1,1,1,3,3,93064,M,"48,8853600","2,4885200",93
202000011926,20,10,13,02:00,3,1,1,2,6,61414,M,"48,4933960","0,5465050",61
202000011927,20,10,13,07:58,2,1,1,3,1,41242,M,"47,2586260","1,5472910",41
202000011928,20,10,9,19:40,5,2,2,1,1,34310,M,"43,4227170","3,1674440",34
202000011929,20,9,4,10:20,1,2,3,1,1,44126,M,"47,1524640"," -2,2168830",44
202000011930,20,8,17,13:30,1,1,1,2,2,93053,M,"48,9009800","2,4693300",93
202000011931,20,8,5,19:10,1,2,1,1,3,02830,M,"50,0171640","3,6019970",02
202000011932,20,10,8,15:50,1,1,1,1,7,58225,M,"46,9215490","3,0838380",58
202000011933,20,8,17,18:00,1,1,1,1,-1,77249,M,"48,7299990","2,6082100",77
202000011934,20,10,3,01:40,3,1,1,1,2,72380,M,"48,2323860","0,1481840",72
202000011935,20,8,16,18:34,5,2,2,1,3,97416,R," -21,3022700","55,4308600",974
202000011936,20,8,18,10:55,1,2,1,1,-1,72223,M,"47,8750080"," -0,1065160",72
202000011937,20,10,13,06:00,3,1,1,2,6,72026,M,"48,1232540","0,3189150",72
202000011938,20,10,10,20:15,3,1,1,1,7,14654,M,"49,0457450"," -0,0264790",14
202000011939,20,8,16,09:45,1,1,9,1,1,97409,R," -20,9752660","55,6457010",974
202000011940,20,10,13,17:25,1,2,2,1,3,64519,M,"43,3602700"," -0,3836200",64
202000011941,20,8,15,19:40,5,2,2,2,3,97302,G,"4,9309153"," -52,3225272",973
202000011942,20,10,11,16:00,1,1,1,2,6,16135,M,"45,6330470","0,5616440",16
202000011943,20,8,15,23:30,5,2,1,1,3,69383,M,"45,7616900","4,8682800",69
202000011944,20,10,12,18:40,2,1,1,1,7,27577,M,"49,4154669","0,5592695",27
202000011945,20,10,11,18:15,1,1,1,8,6,01274,M,"46,1605130","5,6521010",01
202000011946,20,10,11,01:25,3,1,1,1,6,35353,M,"48,1233450"," -1,7328020",35
202000011947,20,8,16,17:45,1,2,1,1,2,69259,M,"45,7204900","4,8852200",69
202000011948,20,8,16,15:50,1,2,1,8,7,69199,M,"45,7011900","4,8560200",69
202000011949,20,10,12,17:40,1,2,3,1,3,06152,M,"43,6431350","7,0118760",06
202000011950,20,8,16,04:30,5,2,1,1,6,69387,M,"45,7243200","4,8420900",69
202000011951,20,10,10,08:23,1,1,1,1,6,67239,M,"48,2391950","7,4083900",67
202000011952,20,8,16,15:15,1,1,9,1,6,97213,A,"14,6345000"," -61,0141000",972
202000011953,20,8,16,14:05,1,1,1,2,1,97213,A,"14,6566000"," -60,9755000",972
202000011954,20,10,13,06:42,3,1,1,1,1,51562,M,"49,2078713","4,0744882",51
202000011955,20,8,15,08:25,1,2,1,1,-1,69034,M,"45,7821900","4,8287800",69
202000011956,20,10,12,22:20,3,1,1,2,2,98825,C," -21,2418820","164,9119310",988
202000011957,20,8,16,22:05,5,2,1,2,3,91326,M,"48,6849940","2,3748130",91
202000011958,20,10,12,11:20,1,1,1,1,3,97420,R," -20,9473710","55,6322890",974
202000011959,20,8,16,14:20,1,2,3,1,3,83137,M,"43,1203200","5,9488700",83
202000011960,20,10,13,10:35,1,1,1,1,6,97228,A,"14,7716350"," -61,0086460",972
202000011961,20,8,15,12:20,1,2,2,1,3,83069,M,"43,1113700","6,1240300",83
202000011962,20,10,9,16:15,1,1,1,1,7,29147,M,"47,8972400"," -3,5765220",29
202000011963,20,10,12,08:30,1,2,3,1,6,37072,M,"47,1708765","0,2564191",37
202000011964,20,8,11,19:03,1,2,1,1,6,69256,M,"45,7774000","4,9255500",69
202000011965,20,10,12,11:50,1,1,1,1,7,77147,M,"48,5966920","3,0923080",77
202000011966,20,10,12,17:50,1,2,4,8,6,77315,M,"48,8827870","2,8317180",77
202000011967,20,8,15,23:20,3,2,3,1,1,69266,M,"45,7843100","4,8866900",69
202000011968,20,10,13,08:30,1,2,9,1,6,2B042,M,"42,5613630","9,4411770",2B
202000011969,20,8,11,17:35,1,2,1,1,6,69092,M,"45,9841800","4,7003100",69
202000011970,20,10,12,16:14,1,2,1,7,2,06011,M,"43,7059420","7,3347960",06
202000011971,20,8,16,23:40,5,2,1,1,3,68224,M,"47,7508120","7,3235950",68
202000011972,20,10,12,17:10,1,2,1,2,3,67046,M,"48,7644640","7,8586000",67
202000011973,20,10,11,22:30,5,1,1,1,2,73213,M,"45,5674590","5,9644390",73
202000011974,20,8,15,11:40,1,1,1,1,3,59043,M,"50,7207600","2,8025300",59
202000011975,20,8,15,20:12,1,1,1,1,6,45274,M,"47,8960320","1,9524120",45
202000011976,20,10,13,16:45,1,1,1,1,1,42285,M,"45,5522172","4,1610610",42
202000011977,20,10,4,06:45,2,2,9,3,7,44209,M,"47,3042495"," -1,6164481",44
202000011978,20,8,16,02:00,5,2,1,1,1,34172,M,"43,6099500","3,8362100",34
202000011979,20,10,3,00:40,3,2,1,2,1,69071,M,"45,8794780","4,8232230",69
202000011980,20,10,13,14:55,1,1,3,1,3,85003,M,"46,7151980"," -1,6912880",85
202000011981,20,8,17,00:00,5,2,1,1,6,33554,M,"44,8755400"," -0,4917500",33
202000011982,20,10,10,18:40,1,2,1,1,7,60060,M,"49,1836240","2,1942380",60
202000011983,20,10,13,18:00,1,2,1,1,6,60355,M,"49,4159384","2,1974479",60
202000011984,20,8,16,17:47,1,2,3,1,6,29039,M,"47,8703700"," -3,9229900",29
202000011985,20,10,13,11:31,1,2,9,2,1,02381,M,"49,9152370","4,0909160",02
202000011986,20,8,17,00:00,5,2,3,1,3,13209,M,"43,2618215","5,4040246",13
202000011987,20,10,3,03:21,3,1,1,2,6,13056,M,"43,4028700","5,0395400",13
202000011988,20,8,16,23:05,5,2,1,1,5,13216,M,"43,3569100","5,3423100",13
202000011989,20,10,12,06:50,3,1,1,1,4,13215,M,"43,3665090","5,3608170",13
202000011990,20,8,16,15:00,1,2,2,1,3,13215,M,"43,3417800","5,3729300",13
202000011991,20,8,16,04:40,5,2,1,1,6,13208,M,"43,2499100","5,3752900",13
202000011992,20,10,10,11:10,1,1,1,1,4,83137,M,"43,1213200","5,9533100",83
202000011993,20,8,16,04:45,5,2,1,1,6,13212,M,"43,3183520","5,4597470",13
202000011994,20,10,11,17:30,1,1,1,1,4,69297,M,"45,5926000","4,7971000",69
202000011995,20,8,15,16:20,1,2,1,1,3,13210,M,"43,2744810","5,4150450",13
202000011996,20,10,12,11:20,1,1,1,1,4,78640,M,"48,7775740","2,2195900",78
202000011997,20,8,15,13:05,1,2,1,1,6,13206,M,"43,2960600","5,3816400",13
202000011998,20,10,11,22:30,5,1,1,1,2,93048,M,"48,8684400","2,4282700",93
202000011999,20,6,17,12:30,1,1,1,3,3,57256,M,"49,1172750","6,0377810",57
202000012000,20,8,15,09:05,1,1,1,1,5,13005,M,"43,3062800","5,5542700",13
202000012001,20,10,11,10:00,1,2,1,1,7,97411,R," -20,9306800","55,4874200",974
202000012002,20,8,16,22:15,3,1,1,1,1,13004,M,"43,6623300","4,6746800",13
202000012003,20,10,11,13:16,1,2,1,8,6,69387,M,"45,7429800","4,8488300",69
202000012004,20,8,14,15:30,1,2,1,1,4,09122,M,"42,9871680","1,6157420",09
202000012005,20,10,10,18:20,1,2,3,1,5,69259,M,"45,7001400","4,8763400",69
202000012006,20,10,9,08:25,1,2,1,1,6,69034,M,"45,7944800","4,8301200",69
202000012007,20,8,16,16:40,1,2,9,1,3,06088,M,"43,7365440","7,2632240",06
202000012008,20,10,10,20:45,5,2,1,1,3,69385,M,"45,7508833","4,8200101",69
202000012009,20,8,16,15:00,1,2,4,1,3,06088,M,"43,7068100","7,2801800",06
202000012010,20,10,10,18:24,2,2,1,1,6,79191,M,"46,3160100"," -0,4547100",79
202000012011,20,8,16,03:26,5,2,1,1,6,06088,M,"43,6948390","7,2629150",06
202000012012,20,8,15,22:30,5,2,1,1,3,75116,M,"48,8546400","2,2547110",75
202000012013,20,10,11,14:00,1,2,1,1,2,77237,M,"48,8422000","2,7761000",77
202000012014,20,10,10,22:50,5,2,1,2,6,74008,M,"46,1994900","6,2250400",74
202000012015,20,8,16,00:07,5,2,1,1,7,75115,M,"48,8447080","2,3097650",75
202000012016,20,10,10,02:35,5,2,1,1,1,74118,M,"46,1827700","6,2307100",74
202000012017,20,10,10,16:40,1,2,1,1,-1,69264,M,"45,9809700","4,7404000",69
202000012018,20,8,16,18:50,1,2,2,1,-1,75105,M,"48,8480890","2,3504780",75
202000012019,20,10,11,07:10,5,2,2,1,1,59350,M,"50,6271400","3,0391000",59
202000012020,20,8,16,17:16,1,2,7,1,4,75119,M,"48,8784320","2,3704480",75
202000012021,20,10,5,11:45,1,2,1,1,3,59273,M,"50,9860000","2,1219000",59
202000012022,20,8,16,22:40,5,2,1,1,6,75118,M,"48,8869480","2,3596770",75
202000012023,20,10,9,18:14,1,1,1,2,3,54375,M,"48,8995200","5,9939900",54
202000012024,20,8,15,23:50,5,2,2,1,6,75110,M,"48,8716180","2,3499060",75
202000012025,20,8,16,14:30,1,2,7,1,6,75108,M,"48,8663560","2,3233900",75
202000012026,20,10,11,02:30,5,2,2,8,2,54395,M,"48,6924406","6,1812204",54
202000012027,20,8,16,01:10,5,2,1,1,7,75101,M,"48,8663850","2,3237630",75
202000012028,20,10,11,17:55,1,2,1,1,3,51454,M,"49,2386629","4,0315103",51
202000012029,20,8,16,14:00,1,2,3,1,1,75103,M,"48,8651880","2,3602090",75
202000012030,20,10,11,21:50,5,2,3,1,3,44162,M,"47,2324700"," -1,5913200",44
202000012031,20,8,16,13:40,1,2,3,1,3,75101,M,"48,8594960","2,3451880",75
202000012032,20,10,11,06:15,5,2,1,1,6,44109,M,"47,2301100"," -1,5285700",44
202000012033,20,8,16,15:30,1,2,1,1,3,94017,M,"48,8280700","2,5126100",94
202000012034,20,10,11,21:30,5,2,1,1,1,33550,M,"44,7824600"," -0,5660700",33
202000012035,20,8,16,07:08,1,2,1,8,6,93032,M,"48,8761380","2,5500055",93
202000012036,20,10,11,05:45,5,2,1,1,1,33249,M,"44,8832000"," -0,5307200",33
202000012037,20,10,11,22:40,3,1,1,1,6,29232,M,"47,9640664"," -4,0624782",29
202000012038,20,10,11,15:30,1,2,2,2,3,27681,M,"49,0836700","1,4878200",27
202000012039,20,10,11,20:25,5,2,1,9,3,27229,M,"49,0242375","1,1715349",27
202000012040,20,8,16,14:00,1,2,1,1,2,92012,M,"48,8303900","2,2453600",92
202000012041,20,10,11,23:00,5,2,1,1,2,18033,M,"47,0949400","2,4205900",18
202000012042,20,10,11,21:05,5,2,1,1,1,13208,M,"43,2418090","5,3644690",13
202000012043,20,8,16,04:00,3,1,1,5,6,62254,M,"50,6105460","2,1887980",62
202000012044,20,10,11,15:45,1,2,1,1,5,13208,M,"43,2704223","5,3880376",13
202000012045,20,8,16,09:30,1,1,1,1,6,66164,M,"42,7625790","2,8915500",66
202000012046,20,10,11,04:40,5,2,1,1,2,13209,M,"43,2728240","5,4008900",13
202000012047,20,8,16,20:10,5,2,1,2,1,97207,A,"14,5719440"," -60,9635370",972
202000012048,20,10,11,19:05,2,1,2,1,3,13047,M,"43,5853000","4,9457600",13
202000012049,20,8,5,19:00,1,1,2,1,3,22341,M,"48,4017140"," -2,3729610",22
202000012050,20,10,11,15:30,1,1,3,1,3,13005,M,"43,2876500","5,5871700",13
202000012051,20,8,16,18:35,1,1,1,2,6,50159,M,"49,0214000"," -1,2383060",50
202000012052,20,10,11,15:15,1,2,2,9,3,06004,M,"43,5699500","7,1086600",06
202000012053,20,10,11,12:30,1,2,2,1,3,75105,M,"48,8394210","2,3375400",75
202000012054,20,10,11,00:30,5,2,3,8,1,75105,M,"48,8389780","2,3585920",75
202000012055,20,10,10,12:20,1,2,3,1,6,75115,M,"48,8473770","2,2788710",75
202000012056,20,10,11,13:15,1,2,1,1,6,75120,M,"48,8585250","2,4028670",75
202000012057,20,8,17,12:10,1,1,1,1,2,37050,M,"47,3181043","0,6891376",37
202000012058,20,8,12,20:00,1,2,1,1,6,30141,M,"44,1017740","4,6586640",30
202000012059,20,8,10,18:40,1,1,1,1,3,34095,M,"43,5364570","3,7559830",34
202000012060,20,8,9,09:30,1,2,1,1,5,34270,M,"43,5687940","3,8361600",34
202000012061,20,8,15,15:45,1,1,1,1,2,74263,M,"46,3172810","6,3980770",74
202000012062,20,8,16,05:52,2,1,1,1,7,51231,M,"48,9851236","4,4577735",51
202000012063,20,8,16,11:30,1,1,1,2,7,19024,M,"45,3670251","1,3985102",19
202000012064,20,8,17,10:25,1,2,1,1,6,19093,M,"45,0804491","1,5604240",19
202000012065,20,8,15,11:45,1,1,1,1,1,76542,M,"49,7278220","0,7604170",76
202000012066,20,8,15,11:35,1,1,9,1,7,76188,M,"49,6511890","1,2408440",76
202000012067,20,8,17,11:15,1,1,3,1,3,2A139,M,"41,6355889","9,3405116",2A
202000012068,20,7,23,18:00,1,2,1,1,3,2A362,M,"41,7004340","9,3487970",2A
202000012069,20,8,17,06:50,2,1,3,1,6,33173,M,"44,9570200","0,0029670",33
202000012070,20,8,17,00:22,3,1,1,1,2,33236,M,"44,7720700"," -1,1724200",33
202000012071,20,8,17,10:45,1,2,2,1,6,71310,M,"46,7492569","4,4689549",71
202000012072,20,8,15,19:30,2,1,1,1,7,71109,M,"46,8965468","4,7107629",71
202000012073,20,8,16,18:00,1,1,1,1,1,63170,M,"45,8398600","2,7173513",63
202000012074,20,8,15,21:00,2,1,1,1,7,55448,M,"48,8824410","5,4158520",55
202000012075,20,8,16,17:30,1,1,1,1,6,12021,M,"44,3386140","2,1591940",12
202000012076,20,8,16,02:50,3,1,1,2,7,41112,M,"47,3653240","1,6366200",41
202000012077,20,8,15,03:35,3,1,6,1,7,86281,M,"46,7145430","0,2177260",86
202000012078,20,8,16,15:00,1,1,1,1,3,34252,M,"43,6558800","3,1103540",34
202000012079,20,8,16,16:05,1,2,1,8,3,22055,M,"48,5998280"," -2,8261900",22
202000012080,20,8,14,23:15,3,1,1,1,6,39514,M,"47,1957640","5,6049160",39
202000012081,20,8,17,03:30,3,1,1,1,1,39434,M,"46,8478510","5,7049720",39
202000012082,20,8,16,00:10,3,1,1,6,7,29056,M,"48,4420591"," -4,3082552",29
202000012083,20,8,15,05:00,3,1,1,1,7,38231,M,"45,5211430","5,2131200",38
202000012084,20,8,15,14:35,1,2,1,1,-1,01134,M,"46,2766250","4,9045910",01
202000012085,20,8,14,22:15,5,2,1,1,6,01367,M,"46,4013240","5,1096000",01
202000012086,20,8,16,00:00,3,2,1,1,6,70294,M,"47,7492250","6,4958680",70
202000012087,20,8,16,17:30,1,1,1,1,6,70539,M,"47,5650890","5,8186230",70
202000012088,20,8,16,12:15,3,1,1,1,6,26022,M,"44,2472400","5,6697550",26
202000012089,20,8,16,12:00,1,1,1,1,6,66150,M,"42,4099910","2,5127360",66
202000012090,20,8,17,06:04,2,1,1,1,6,54530,M,"48,3945200","5,9541200",54
202000012091,20,8,15,16:30,1,2,3,1,7,54040,M,"48,4974834","6,8970108",54
202000012092,20,8,17,02:30,3,1,1,1,7,60155,M,"49,2681370","2,3508470",60
202000012093,20,8,12,11:50,1,2,1,1,4,64160,M,"43,3487233"," -1,3993398",64
202000012094,20,8,14,14:00,1,2,4,1,6,36018,M,"46,6415540","1,0632050",36
202000012095,20,8,17,06:55,1,1,1,1,6,16004,M,"45,4462530","0,1387550",16
202000012096,20,7,11,14:50,1,1,1,1,6,07337,M,"45,2327420","4,7266100",07
202000012097,20,8,15,11:21,1,1,1,1,-1,04241,M,"43,8748783","5,7026435",04
202000012098,20,8,9,18:00,1,1,1,1,1,27521,M,"48,7012430","0,8328900",27
202000012099,20,8,17,18:10,1,1,1,1,6,23130,M,"46,3942740","1,7653660",23
202000012100,20,8,16,12:30,1,1,1,1,7,48082,M,"44,5879650","3,6590590",48
202000012101,20,8,16,08:30,1,2,3,1,1,98805,C," -22,1988590","166,4511000",988
202000012102,20,8,17,04:10,3,1,1,1,2,03118,M,"46,0943170","3,1371033",03
202000012103,20,8,16,08:50,1,1,1,1,1,34159,M,"43,5216680","3,8292500",34
202000012104,20,8,15,11:00,1,2,1,1,2,38285,M,"45,0513400","5,9872000",38
202000012105,20,8,16,03:35,3,1,1,5,2,59597,M,"50,2004470","3,2155550",59
202000012106,20,8,16,16:50,1,1,1,1,4,60369,M,"49,3149603","2,6857098",60
202000012107,20,8,16,18:27,1,1,1,1,2,27456,M,"49,1965640","1,1735950",27
202000012108,20,8,16,22:20,3,1,1,1,2,76484,M,"49,3428520","1,0618760",76
202000012109,20,8,15,14:15,1,2,1,1,7,97502,S,"46,7685340"," -56,1746910",975
202000012110,20,8,14,15:30,1,1,2,1,3,33085,M,"44,7633800"," -0,4952970",33
202000012111,20,8,15,07:25,2,1,3,7,-1,2B034,M,"42,6364510","9,0125310",2B
202000012112,20,8,16,16:50,1,2,1,1,1,30330,M,"44,0379670","4,0004830",30
202000012113,20,8,17,15:20,1,2,1,1,6,34023,M,"43,4470610","3,6913830",34
202000012114,20,5,31,15:15,1,1,1,1,7,84105,M,"43,8681780","5,4378130",84
202000012115,20,8,15,02:10,3,1,1,1,2,13004,M,"43,6543180","4,6595820",13
202000012116,20,8,15,13:55,1,2,3,1,3,21038,M,"47,1917360","5,3914060",21
202000012117,20,8,16,22:15,5,2,3,1,7,67230,M,"48,7930736","7,8317497",67
202000012118,20,8,16,18:00,1,1,1,1,1,88273,M,"48,2272170","6,5184120",88
202000012119,20,8,17,16:10,1,1,1,1,6,55509,M,"49,5781080","5,3406000",55
202000012120,20,8,16,13:15,1,2,1,1,7,55122,M,"48,7661330","5,5818970",55
202000012121,20,8,15,15:30,1,1,1,1,1,73179,M,"45,6007530","5,8787370",73
202000012122,20,8,15,19:20,1,2,2,1,3,65078,M,"43,0266120","0,1691720",65
202000012123,20,8,16,17:30,1,1,1,1,6,14677,M,"48,9456310"," -0,2150920",14
202000012124,20,8,14,22:30,3,1,1,1,6,56167,M,"47,6620850"," -2,8757140",56
202000012125,20,8,16,04:17,3,1,4,1,6,13001,M,"43,5131100","5,4261000",13
202000012126,20,8,16,03:40,3,1,1,1,7,13022,M,"43,2290459","5,5842935",13
202000012127,20,8,15,12:00,1,1,1,1,4,13211,M,"43,2936800","5,4569800",13
202000012128,20,8,16,16:30,1,1,1,2,7,91471,M,"48,6983000","2,1922500",91
202000012129,20,8,16,11:10,1,1,1,1,3,91363,M,"48,6498500","2,1854000",91
202000012130,20,8,15,20:32,1,1,1,2,4,94034,M,"48,7552400","2,3426900",94
202000012131,20,8,16,21:50,3,1,1,1,2,93007,M,"48,9277400","2,4813600",93
202000012132,20,8,16,20:30,2,1,9,2,6,93053,M,"48,8987300","2,4692300",93
202000012133,20,8,16,19:30,2,1,1,2,6,95060,M,"49,0441000","2,1874000",95
202000012134,20,8,16,17:55,1,1,1,2,2,95277,M,"48,9747399","2,4867603",95
202000012135,20,8,16,13:00,1,1,1,1,6,92036,M,"48,9448200","2,2856700",92
202000012136,20,8,16,12:20,1,1,1,1,7,95252,M,"48,9790700","2,2289500",95
202000012137,20,8,16,08:00,1,1,1,1,6,93053,M,"48,8847600","2,4722300",93
202000012138,20,8,15,07:30,2,1,1,1,6,93010,M,"48,9015700","2,4691900",93
202000012139,20,8,16,11:00,1,1,1,1,7,94073,M,"48,7659411","2,3790876",94
202000012140,20,8,16,08:40,1,1,1,1,6,75112,M,"48,8212800","2,4620150",75
202000012141,20,8,16,04:00,3,1,1,1,7,77249,M,"48,7528180","2,6145210",77
202000012142,20,12,24,12:30,1,2,3,2,6,93006,M,"48,8654659","2,4252943",93
202000012143,20,12,28,10:00,1,2,1,2,3,93013,M,"48,9327943","2,4360255",93
202000012144,20,12,28,17:20,5,2,1,3,4,93005,M,"48,9624900","2,4916700",93
202000012145,20,12,28,13:42,1,2,3,3,6,92050,M,"48,8873144","2,2073967",92
202000012146,20,12,28,19:00,5,2,2,2,3,92049,M,"48,8172732","2,3288005",92
202000012147,20,12,27,15:20,1,2,1,3,6,92020,M,"48,8075493","2,2945810",92
202000012148,20,12,28,17:30,5,2,1,2,6,92023,M,"48,8115840","2,2597240",92
202000012149,20,12,28,19:40,5,2,1,2,3,92012,M,"48,8502788","2,2379681",92
202000012150,20,12,28,16:45,1,1,1,1,1,84142,M,"43,9515330","5,0269960",84
202000012151,20,12,23,07:30,5,2,1,3,3,95058,M,"49,1548726","2,2909800",95
202000012152,20,12,29,18:20,3,2,1,4,-1,68173,M,"48,1056710","7,1923460",68
202000012153,20,12,28,17:00,5,2,1,1,6,67437,M,"48,7379900","7,3786710",67
202000012154,20,12,29,12:35,1,2,3,1,5,59266,M,"50,5436030","2,9846870",59
202000012155,20,12,28,17:15,2,1,1,4,3,22239,M,"48,3497470"," -2,1000190",22
202000012156,20,12,28,06:00,3,1,1,6,1,2B354,M,"42,1150010","9,1223430",2B
202000012157,20,12,28,08:00,2,1,3,4,2,71010,M,"46,9159962","4,3754446",71
202000012158,20,12,29,09:50,1,1,1,2,7,61043,M,"48,3529230","0,7213370",61
202000012159,20,12,28,16:00,1,2,1,2,6,61007,M,"48,8092260"," -0,5000050",61
202000012160,20,12,28,07:00,5,2,1,2,6,55089,M,"48,5022330","5,7010650",55
202000012161,20,12,29,19:45,5,2,1,8,6,12270,M,"44,3261280","3,0611620",12
202000012162,20,12,28,21:00,3,1,1,4,1,25256,M,"47,2148900","6,7656680",25
202000012163,20,12,28,08:20,2,1,1,1,3,72131,M,"47,8999230"," -0,0289250",72
202000012164,20,12,29,08:45,2,2,1,2,6,50341,M,"49,4865730"," -1,3780220",50
202000012165,20,12,29,09:05,1,2,1,1,6,16223,M,"45,6715670","0,5004880",16
202000012166,20,12,28,03:00,4,2,1,1,6,21249,M,"47,0906810","5,2157540",21
202000012167,20,12,29,18:42,3,1,1,1,6,85217,M,"46,9548300"," -1,2869800",85
202000012168,20,12,28,14:50,1,1,1,3,1,37281,M,"47,4055546","0,8057200",37
202000012169,20,12,28,11:50,1,2,1,1,6,06085,M,"43,5989470","6,9852390",06
202000012170,20,12,28,18:45,5,2,7,9,7,06085,M,"43,5873540","7,0398970",06
202000012171,20,12,28,16:15,1,2,6,1,6,13081,M,"43,4917480","5,2293580",13
202000012172,20,12,28,11:32,1,2,1,1,6,13107,M,"43,4347220","5,4281150",13
202000012173,20,12,28,17:30,5,2,3,2,6,67151,M,"48,6925660","7,8907340",67
202000012174,20,12,29,16:10,1,2,1,1,6,69136,M,"45,6125810","4,7703730",69
202000012175,20,12,29,17:50,5,2,1,2,6,14712,M,"49,1789510"," -0,1861080",14
202000012176,20,12,16,18:35,3,1,2,1,3,27331,M,"49,1328200","1,5477470",27
202000012177,20,12,28,14:25,1,1,1,1,5,13215,M,"43,3790000","5,3550900",13
202000012178,20,12,23,06:30,3,1,1,2,6,59414,M,"50,3808920","3,1849430",59
202000012179,20,12,28,03:05,3,1,1,2,7,91340,M,"48,6087400","2,4371600",91
202000012180,20,12,28,15:11,2,1,1,3,5,78362,M,"48,9737210","1,7289590",78
202000012181,20,12,28,04:50,4,1,1,1,6,92050,M,"48,8922393","2,1817995",92
202000012182,20,12,28,08:05,1,2,1,1,2,98818,C," -22,2893200","166,4452400",988
202000012183,20,12,27,20:15,5,2,2,1,3,69383,M,"45,7512800","4,8939000",69
202000012184,20,12,26,10:40,1,1,1,1,2,97213,A,"14,6182605"," -61,0194397",972
202000012185,20,12,27,15:10,1,2,9,2,4,69034,M,"45,7854700","4,8481900",69
202000012186,20,12,26,17:40,1,2,1,1,1,97101,A,"16,2790005"," -61,5038681",971
202000012187,20,12,25,17:45,5,2,1,9,6,88413,M,"48,2833100","6,9573600",88
202000012188,20,12,27,20:30,5,2,3,1,1,83137,M,"43,1193700","5,9433200",83
202000012189,20,12,26,13:00,1,2,3,1,1,83069,M,"43,1101930","6,1192790",83
202000012190,20,12,26,11:45,1,2,9,8,4,78440,M,"48,9791740","1,8865120",78
202000012191,20,12,27,12:10,1,2,1,9,7,77305,M,"48,3934200","2,9442800",77
202000012192,20,12,27,00:50,5,2,5,1,3,69266,M,"45,7511087","4,9079275",69
202000012193,20,12,27,16:40,2,2,5,1,3,68376,M,"47,8248900","7,3358700",68
202000012194,20,12,26,19:20,5,2,3,1,6,64102,M,"43,4904700"," -1,4790000",64
202000012195,20,12,26,00:15,3,2,1,8,6,61169,M,"48,7256910"," -0,5676710",61
202000012196,20,12,22,19:30,5,2,1,3,6,61391,M,"48,7553680"," -0,5687550",61
202000012197,20,12,27,13:30,1,2,1,2,2,59599,M,"50,7194648","3,1422910",59
202000012198,20,12,4,09:00,1,2,6,1,6,59350,M,"50,6491300","2,9975800",59
202000012199,20,12,27,19:03,5,2,4,1,1,30189,M,"43,8415900","4,3671900",30
202000012200,20,12,27,14:47,1,2,6,2,6,29232,M,"47,9798000"," -4,1210600",29
202000012201,20,12,27,17:50,3,1,1,8,1,13073,M,"43,3842768","5,5563030",13
202000012202,20,12,27,04:30,5,2,1,1,6,10387,M,"48,3040000","4,0717000",10
202000012203,20,12,27,12:35,1,2,1,8,6,05023,M,"44,9072800","6,6232600",05
202000012204,20,12,27,05:35,5,2,1,8,3,01283,M,"46,2592344","5,6573743",01
202000012205,20,12,26,20:00,3,2,1,1,2,75115,M,"48,8491200","2,2973160",75
202000012206,20,12,26,23:30,5,2,2,1,6,75115,M,"48,8441330","2,2812440",75
202000012207,20,12,27,14:00,1,2,9,3,6,93066,M,"48,9190154","2,3617575",93
202000012208,20,12,27,00:00,5,2,3,1,6,93008,M,"48,9061800","2,4230100",93
202000012209,20,12,27,15:17,1,2,1,3,3,92049,M,"48,8178224","2,3235860",92
202000012210,20,12,27,21:10,3,1,1,1,6,11413,M,"43,3413670","2,2885410",11
202000012211,20,12,28,12:45,1,1,1,2,6,2A272,M,"41,6428397","8,9573143",2A
202000012212,20,12,27,18:05,5,2,9,1,3,97416,R," -21,3313600","55,4770600",974
202000012213,20,12,15,15:45,1,1,1,3,1,34217,M,"43,7070970","3,8678310",34