Num_Acc,an,mois,jour,hrmn,lum,agg,int,atm,col,com,gps,lat,long,dep
202000012214,20,12,28,12:30,1,2,1,1,1,83067,M,"43,3180630","6,2828330",83
202000012215,20,12,25,18:11,3,1,1,8,6,78505,M,"48,8586310","1,6722230",78
202000012216,20,12,27,10:18,1,2,1,8,7,71543,M,"46,5708211","4,8801653",71
202000012217,20,12,27,20:18,3,1,1,2,6,61140,M,"48,7160080","0,6619210",61
202000012218,20,12,26,17:35,5,2,1,2,1,49248,M,"47,7098520"," -0,9838930",49
202000012219,20,12,19,15:15,2,2,3,2,7,03036,M,"46,5841064","3,0573821",03
202000012220,20,12,24,04:25,3,1,1,1,7,70566,M,"47,7124290","6,0718830",70
202000012221,20,12,27,11:10,1,2,7,1,6,58095,M,"46,8277330","3,4609190",58
202000012222,20,12,6,12:50,1,1,1,2,7,72039,M,"48,1838880","0,4529920",72
202000012223,20,12,28,10:00,1,1,1,8,6,18012,M,"47,1316920","3,0055080",18
202000012224,20,12,27,19:35,3,1,1,2,6,07199,M,"44,5012988","4,2382496",07
202000012225,20,12,27,18:45,3,1,1,6,6,21112,M,"47,0777829","5,1030711",21
202000012226,20,12,26,19:00,3,1,1,2,5,88445,M,"48,2580340","6,9618020",88
202000012227,20,12,28,08:50,2,1,1,2,3,95678,M,"49,0729940","2,2413400",95
202000012228,20,12,28,10:15,1,1,1,4,4,33095,M,"44,3041430"," -0,2296540",33
202000012229,20,12,28,09:45,1,1,1,4,5,17053,M,"45,8964000"," -0,7539370",17
202000012230,20,12,27,18:30,5,2,1,2,6,95371,M,"49,0786040","2,4991700",95
202000012231,20,12,28,20:30,3,1,1,3,6,98808,C," -21,2520060","165,6051060",988
202000012232,20,12,28,05:48,5,1,2,1,3,38449,M,"45,6476370","5,1017120",38
202000012233,20,12,17,18:15,5,2,1,2,6,38557,M,"45,7951030","5,1143880",38
202000012234,20,12,28,20:03,3,1,1,1,6,44047,M,"47,2468690"," -1,6748060",44
202000012235,20,12,27,19:15,3,1,1,3,6,56114,M,"47,3072300"," -3,1195590",56
202000012236,20,12,28,11:15,1,2,3,1,1,60589,M,"49,2338320","2,4670210",60
202000012237,20,12,27,10:30,1,1,1,6,7,62887,M,"50,5822420","1,6409110",62
202000012238,20,12,27,02:00,3,1,1,1,6,13106,M,"43,3902400","5,3509600",13
202000012239,20,12,27,08:40,1,1,1,1,6,69388,M,"45,7255000","4,8963000",69
202000012240,20,12,27,20:10,3,1,1,2,4,94003,M,"48,7989900","2,3425800",94
202000012241,20,12,27,16:15,2,1,1,3,4,92002,M,"48,7323752","2,3113473",92
202000012242,20,12,27,13:40,1,1,1,3,6,91340,M,"48,6089900","2,4342200",91
202000012243,20,12,27,20:10,5,1,1,2,6,92012,M,"48,8484534","2,2296326",92
202000012244,20,12,27,17:50,4,1,1,2,2,78672,M,"48,9289460","1,9876240",78
202000012245,20,12,27,21:10,3,1,1,2,6,95042,M,"49,0568600","2,2881100",95
202000012246,20,12,27,20:30,4,1,1,1,3,93039,M,"48,9274700","2,3335600",93
202000012247,20,12,26,20:45,3,1,1,1,3,95028,M,"49,0603200","2,3562900",95
202000012248,20,12,26,17:45,3,1,1,1,5,92036,M,"48,9390000","2,3067600",92
202000012249,20,12,26,17:40,5,1,1,1,6,60138,M,"49,2151300","2,6265900",60
202000012250,20,12,24,06:15,1,2,6,1,6,98818,C," -22,2675200","166,4212900",988
202000012251,20,12,26,07:00,1,2,1,1,6,97611,Y," -12,7737404","45,2247986",976
202000012252,20,12,26,14:00,1,1,1,1,6,97416,R," -21,3041000","55,4960300",974
202000012253,20,12,26,17:55,1,2,1,1,3,97302,G,"4,9233500"," -52,3125100",973
202000012254,20,12,26,15:40,1,2,3,1,1,97302,G,"4,9152105"," -52,3106884",973
202000012255,20,12,26,16:00,1,2,3,1,6,69259,M,"45,7227100","4,8586800",69
202000012256,20,12,26,13:45,1,2,3,1,5,97209,A,"14,6078300"," -61,0688500",972
202000012257,20,10,19,09:20,1,2,9,1,-1,97120,A,"16,2406900"," -61,5337400",971
202000012258,20,12,26,12:00,1,2,2,1,5,95277,M,"48,9843197","2,4403113",95
202000012259,20,12,15,17:10,2,2,1,1,6,95218,M,"49,0273034","2,0978456",95
202000012260,20,12,26,15:25,1,2,9,1,2,91549,M,"48,6254600","2,3378800",91
202000012261,20,12,26,18:15,5,2,3,8,2,91114,M,"48,7072600","2,5239200",91
202000012262,20,12,26,16:45,1,2,1,1,3,64445,M,"43,3221000"," -0,3443700",64
202000012263,20,12,26,22:55,5,2,2,1,1,64102,M,"43,5035450"," -1,4671950",64
202000012264,20,12,26,10:17,1,2,2,1,3,59279,M,"50,7820960","3,1234710",59
202000012265,20,12,26,15:20,1,2,1,1,6,54395,M,"48,7001100","6,1839500",54
202000012266,20,12,25,21:08,5,2,5,1,1,47323,M,"44,4129530","0,7207310",47
202000012267,20,12,10,19:30,5,2,1,2,6,42275,M,"45,4717064","4,3834480",42
202000012268,20,11,13,06:15,5,2,2,1,3,42218,M,"45,4139100","4,3978300",42
202000012269,20,12,26,14:00,1,2,3,1,4,33063,M,"44,8679400"," -0,5708800",33
202000012270,20,12,26,11:10,1,2,1,1,6,29232,M,"48,0153500"," -4,0805100",29
202000012271,20,12,26,16:45,1,2,1,1,6,28134,M,"48,7399000","1,3827000",28
202000012272,20,12,26,16:15,1,2,1,1,3,13211,M,"43,3054000","5,4705000",13
202000012273,20,12,26,09:45,1,2,1,1,3,06069,M,"43,6569880","6,9139430",06
202000012274,20,12,24,13:50,1,2,1,2,3,75116,M,"48,8735780","2,2752950",75
202000012275,20,12,26,22:10,5,2,1,1,6,75119,M,"48,8926050","2,3948340",75
202000012276,20,12,26,21:45,5,2,2,1,2,75117,M,"48,8744230","2,2929930",75
202000012277,20,12,25,12:15,1,2,1,8,6,75116,M,"48,8449330","2,2722930",75
202000012278,20,12,26,11:46,1,2,3,1,2,75111,M,"48,8559340","2,3923500",75
202000012279,20,12,26,18:10,5,2,3,1,2,75101,M,"48,8641350","2,3454700",75
202000012280,20,12,26,21:25,5,2,1,1,3,94078,M,"48,7367730","2,4480720",94
202000012281,20,12,26,17:00,5,2,1,1,7,94068,M,"48,7876000","2,4970800",94
202000012282,20,12,2,09:00,2,2,1,1,6,94052,M,"48,8397000","2,4815900",94
202000012283,20,12,26,03:05,5,2,1,1,7,94046,M,"48,8119300","2,4476100",94
202000012284,20,12,25,22:35,5,2,1,1,6,94003,M,"48,8001000","2,3426300",94
202000012285,20,12,26,23:05,5,2,1,1,7,94073,M,"48,7522770","2,3703380",94
202000012286,20,12,26,15:15,1,2,1,1,6,94028,M,"48,7743400","2,4431110",94
202000012287,20,12,26,16:30,1,2,1,8,-1,94002,M,"48,7902070","2,4257500",94
202000012288,20,12,26,19:29,5,2,1,1,2,93029,M,"48,9203217","2,4576938",93
202000012289,20,12,26,18:55,5,2,1,1,6,93057,M,"48,9097820","2,5066038",93
202000012290,20,12,26,20:30,5,2,1,1,1,92020,M,"48,8057009","2,2913073",92
202000012291,20,12,27,20:10,3,1,1,3,1,33352,M,"44,5775990"," -0,0755950",33
202000012292,20,12,23,17:45,3,1,1,1,2,34199,M,"43,4453410","3,4225220",34
202000012293,20,12,26,13:19,1,1,1,1,6,49180,M,"47,3715590"," -0,1581860",49
202000012294,20,12,26,18:30,5,2,1,1,7,34119,M,"43,5938970","3,1141200",34
202000012295,20,12,26,13:20,1,2,1,1,3,44150,M,"47,1270550"," -1,6290730",44
202000012296,20,12,25,12:40,1,1,1,1,6,03036,M,"46,5946546","3,0970122",03
202000012297,20,12,26,16:55,1,1,2,1,3,64161,M,"43,5094170"," -1,1117600",64
202000012298,20,12,26,18:10,5,2,9,8,4,10114,M,"48,5166860","3,6473860",10
202000012299,20,12,27,17:50,3,2,1,6,6,36088,M,"46,9474740","2,0070530",36
202000012300,20,12,26,11:45,1,1,2,1,3,27263,M,"49,3999060","0,5368840",27
202000012301,20,12,15,18:30,3,2,1,8,6,17397,M,"45,8731700"," -0,6749030",17
202000012302,20,12,26,20:15,5,2,1,1,1,37156,M,"47,3794311","0,8223888",37
202000012303,20,12,26,19:24,3,1,1,2,4,02211,M,"49,4211640","3,9313890",02
202000012304,20,12,26,13:55,1,1,1,1,2,40075,M,"43,8525100"," -1,1691860",40
202000012305,20,12,25,15:30,1,1,1,1,7,98745,P," -16,6308330"," -151,5040280",987
202000012306,20,12,27,19:30,3,1,1,2,7,60494,M,"49,1043697","2,5691314",60
202000012307,20,12,27,16:30,2,1,1,2,2,28169,M,"48,4393370","1,9067290",28
202000012308,20,12,26,21:50,5,1,1,2,6,98747,P," -17,7515450"," -149,2403540",987
202000012309,20,12,18,05:35,3,1,1,1,3,97304,G,"5,0965870"," -52,6174740",973
202000012310,20,12,27,06:50,1,1,1,1,7,97801,,"18,0517040"," -63,0860280",978
202000012311,20,12,27,11:20,1,2,1,1,6,97131,A,"15,8736410"," -61,5822480",971
202000012312,20,12,26,21:20,3,1,1,1,6,66190,M,"42,8164330","2,9291010",66
202000012313,20,12,22,14:35,1,2,2,2,6,52269,M,"47,8618440","5,3338540",52
202000012314,20,12,26,18:15,3,1,1,1,5,03298,M,"46,3233309","3,3682227",03
202000012315,20,12,23,07:30,3,1,1,1,3,69009,M,"45,9441880","4,7276160",69
202000012316,20,12,21,17:30,5,2,9,2,6,69191,M,"45,8191636","4,8223924",69
202000012317,20,12,4,16:40,2,1,1,2,1,19085,M,"45,3124979","1,8294668",19
202000012318,20,12,4,11:30,1,2,1,1,6,49278,M,"47,4237580"," -0,5576530",49
202000012319,20,12,27,10:20,1,1,1,2,6,22149,M,"48,2911570"," -2,9171840",22
202000012320,20,12,26,20:30,5,2,3,2,3,02381,M,"49,9152500","4,0909080",02
202000012321,20,12,26,16:30,1,1,1,1,6,13055,M,"43,3301400","5,3907600",13
202000012322,20,12,25,05:00,3,1,1,1,5,13026,M,"43,4021500","5,1061600",13
202000012323,20,12,26,01:25,3,1,1,1,6,33448,M,"44,7101160"," -0,5133910",33
202000012324,20,12,26,10:50,1,1,1,1,2,91228,M,"48,6164000","2,4284000",91
202000012325,20,12,25,01:15,3,1,1,1,6,78646,M,"48,7935060","2,0775180",78
202000012326,20,12,25,22:30,3,1,1,1,2,95018,M,"48,9582402","2,2746366",95
202000012327,20,12,25,04:00,5,1,1,2,7,97302,G,"4,9143657"," -52,3292921",973
202000012328,20,12,16,19:25,5,2,1,1,-1,69387,M,"45,7508200","4,8590700",69
202000012329,20,12,25,05:10,3,1,1,1,7,97213,A,"14,6372000"," -60,9917000",972
202000012330,20,12,24,12:00,1,1,1,1,7,97213,A,"14,6195000"," -61,0205000",972
202000012331,20,12,25,15:20,1,2,1,2,6,69385,M,"45,7543700","4,8178100",69
202000012332,20,12,25,14:00,1,2,1,1,-1,2A004,M,"41,9340600","8,7408700",2A
202000012333,20,11,20,16:15,1,1,1,1,3,93027,M,"48,9375053","2,4117600",93
202000012334,20,8,26,07:10,1,2,1,1,6,13212,M,"43,3131400","5,4095700",13
202000012335,20,5,15,20:00,1,1,1,1,1,33085,M,"44,7624660"," -0,4956510",33
202000012336,20,11,20,17:00,1,2,6,1,3,97611,Y," -12,7818873","45,2214196",976
202000012337,20,11,20,16:16,1,1,1,1,3,97611,Y," -12,7851260","45,2273709",976
202000012338,20,11,20,09:28,1,2,1,1,1,97611,Y," -12,7907900","45,1801000",976
202000012339,20,10,21,10:55,1,2,1,1,6,97611,Y," -12,7796700","45,2278600",976
202000012340,20,11,19,10:50,1,2,1,1,5,97416,R," -21,3519800","55,5077900",974
202000012341,20,11,20,19:40,2,2,1,1,2,97411,R," -20,8953200","55,4728700",974
202000012342,20,11,20,12:50,1,2,2,1,3,97411,R," -20,8825120","55,4553100",974
202000012343,20,11,19,12:10,1,2,1,1,4,97411,R," -20,8888800","55,4500300",974
202000012344,20,11,19,07:05,1,2,1,1,3,97411,R," -20,8888060","55,4492820",974
202000012345,20,11,20,19:20,5,2,3,8,3,97302,G,"4,9151400"," -52,3106900",973
202000012346,20,11,17,06:40,2,2,3,8,3,97302,G,"4,9297641"," -52,2903791",973
202000012347,20,11,20,16:25,1,2,3,1,3,97302,G,"4,9366600"," -52,2969500",973
202000012348,20,11,20,23:05,4,2,2,1,7,69387,M,"45,7518200","4,8371300",69
202000012349,20,11,20,18:45,5,2,1,1,2,69387,M,"45,7396709","4,8385738",69
202000012350,20,11,20,15:40,1,2,1,1,5,69383,M,"45,7600600","4,8398900",69
202000012351,20,11,20,16:50,2,2,1,1,4,69386,M,"45,7728795","4,8476375",69
202000012352,20,11,19,20:10,5,2,2,2,3,69386,M,"45,7651700","4,8467400",69
202000012353,20,11,20,19:06,5,1,1,1,6,97209,A,"14,6200800"," -61,0389300",972
202000012354,20,11,19,17:20,1,2,1,2,3,97209,A,"14,6181000"," -61,0569000",972
202000012355,20,11,19,15:50,1,1,3,1,3,97209,A,"14,6307400"," -61,0600700",972
202000012356,20,11,19,07:50,1,1,1,1,2,97209,A,"14,6207900"," -61,0388800",972
202000012357,20,11,18,05:46,4,1,1,8,6,97209,A,"14,6251000"," -61,0390300",972
202000012358,20,11,20,13:00,1,2,3,1,3,69389,M,"45,7692800","4,8100200",69
202000012359,20,11,20,08:00,1,2,1,2,7,69385,M,"45,7504362","4,8112618",69
202000012360,20,11,19,06:40,1,1,1,2,2,97113,A,"16,2605400"," -61,4908300",971
202000012361,20,11,20,09:30,1,2,1,1,6,95491,M,"48,9981181","2,2473123",95
202000012362,20,11,13,18:50,3,1,1,1,1,91689,M,"48,7130200","2,3142100",91
202000012363,20,11,20,16:00,1,2,9,1,3,91326,M,"48,6907990","2,3801720",91
202000012364,20,11,20,15:25,1,2,1,1,6,91589,M,"48,6756700","2,3554500",91
202000012365,20,10,27,13:40,1,1,1,1,2,89342,M,"48,2367100","3,2589700",89
202000012366,20,11,20,11:45,1,2,1,1,6,87085,M,"45,8389400","1,2582800",87
202000012367,20,11,19,15:41,1,2,1,1,6,87114,M,"45,8414400","1,3125300",87
202000012368,20,11,17,07:53,5,2,1,1,2,87085,M,"45,8267800","1,2711100",87
202000012369,20,11,20,08:15,1,2,2,1,6,86194,M,"46,5904130","0,3435910",86
202000012370,20,11,20,10:20,1,2,1,1,6,83069,M,"43,1084530","6,1264310",83
202000012371,20,11,19,14:20,1,2,1,3,4,80021,M,"49,8666000","2,3082900",80
202000012372,20,11,19,20:50,5,2,1,1,6,78640,M,"48,7832000","2,1820800",78
202000012373,20,11,19,11:10,1,2,1,1,6,78322,M,"48,7875400","2,1505000",78
202000012374,20,11,17,14:00,1,2,2,1,2,77305,M,"48,3795970","2,9463680",77
202000012375,20,10,12,19:25,2,2,1,1,3,73222,M,"45,5735800","5,9542210",73
202000012376,20,11,20,13:15,1,2,1,1,3,71486,M,"46,6494902","4,3191075",71
202000012377,20,11,19,17:20,5,2,1,1,1,67447,M,"48,6067300","7,7269600",67
202000012378,20,11,18,10:00,1,2,4,1,3,66136,M,"42,7244800","2,8910200",66
202000012379,20,11,17,18:49,2,2,2,1,3,66136,M,"42,7189400","2,8952800",66
202000012380,20,11,20,17:10,1,2,2,1,3,64129,M,"43,3021600"," -0,3963000",64
202000012381,20,11,20,09:20,1,2,6,1,3,64445,M,"43,3043100"," -0,3670100",64
202000012382,20,11,19,15:45,1,2,1,2,2,64335,M,"43,3177100"," -0,4290700",64
202000012383,20,11,19,13:25,1,2,9,2,7,64102,M,"43,5030800"," -1,4765600",64
202000012384,20,11,20,19:45,5,2,3,1,5,59599,M,"50,7464140","3,1769860",59
202000012385,20,11,19,12:30,1,2,1,1,7,59569,M,"50,3552100","3,1094500",59
202000012386,20,11,19,15:40,1,2,1,1,6,56162,M,"47,7346400"," -3,4298800",56
202000012387,20,11,20,18:32,5,2,1,1,4,54547,M,"48,6510995","6,1418737",54
202000012388,20,11,19,14:10,1,2,1,1,3,54395,M,"48,6977831","6,1992651",54
202000012389,20,11,20,16:20,1,2,9,1,7,51454,M,"49,2553658","4,0209591",51
202000012390,20,10,11,14:08,1,2,1,1,2,44055,M,"47,2818400"," -2,3963200",44
202000012391,20,11,20,16:00,1,2,1,1,1,43089,M,"45,0516821","3,8697136",43
202000012392,20,11,20,13:35,1,2,1,2,6,42316,M,"45,3937960","4,2773451",42
202000012393,20,11,20,15:10,1,2,1,1,1,41295,M,"47,5759900","1,3710900",41
202000012394,20,11,20,17:10,1,2,3,1,3,37233,M,"47,3811001","0,7353377",37
202000012395,20,11,20,08:35,1,2,1,1,3,37261,M,"47,4204669","0,7165592",37
202000012396,20,11,20,08:00,1,2,1,8,3,35238,M,"48,1033000"," -1,6773900",35
202000012397,20,11,20,13:25,1,2,6,8,3,29232,M,"47,9919700"," -4,1189900",29
202000012398,20,11,20,06:50,5,2,1,2,2,25462,M,"46,8928700","6,3649100",25
202000012399,20,11,20,11:04,1,1,9,1,3,24145,M,"44,8652500","0,5530400",24
202000012400,20,11,18,08:44,1,1,1,1,4,22360,M,"48,4782100"," -2,7679000",22
202000012401,20,11,18,09:35,1,2,1,1,7,22113,M,"48,7292400"," -3,4601300",22
202000012402,20,11,19,17:15,2,2,1,1,2,21231,M,"47,3372300","5,0541800",21
202000012403,20,11,20,17:50,2,1,6,1,-1,17291,M,"46,1733900"," -1,1112000",17
202000012404,20,11,19,09:00,1,2,6,7,1,17300,M,"46,1479100"," -1,1504600",17
202000012405,20,11,17,06:50,2,1,1,1,2,14366,M,"49,1421100","0,2606200",14
202000012406,20,11,20,08:45,1,2,3,1,3,13102,M,"43,4096300","5,2547900",13
202000012407,20,11,20,15:46,1,2,4,1,3,13210,M,"43,2793231","5,3992596",13
202000012408,20,11,20,13:00,1,2,3,1,1,13213,M,"43,3350700","5,4206500",13
202000012409,20,11,20,04:22,5,2,9,6,1,13210,M,"43,2714600","5,4220100",13
202000012410,20,11,18,19:40,3,2,1,1,3,11069,M,"43,2042000","2,3870000",11
202000012411,20,11,19,12:25,1,2,1,1,2,10387,M,"48,3017600","4,0744000",10
202000012412,20,11,20,16:45,2,2,1,1,1,06088,M,"43,6700000","7,2000000",06
202000012413,20,11,20,17:57,3,2,1,1,6,06069,M,"43,6245857","6,9274296",06
202000012414,20,11,20,07:45,1,1,1,1,7,06069,M,"43,6704816","6,9103950",06
202000012415,20,11,20,11:10,1,2,4,1,3,06004,M,"43,5947400","7,0927700",06
202000012416,20,11,20,08:59,1,2,1,1,6,75105,M,"48,8497218","2,3578093",75
202000012417,20,11,20,06:15,2,2,2,1,3,75120,M,"48,8591450","2,4021270",75
202000012418,20,11,20,08:35,1,2,3,1,7,75119,M,"48,8769190","2,3830310",75
202000012419,20,11,20,01:37,5,2,1,2,6,75119,M,"48,8756210","2,3739170",75
202000012420,20,11,19,20:30,5,2,7,2,6,75119,M,"48,8997660","2,3880160",75
202000012421,20,11,20,14:14,1,2,3,1,1,75110,M,"48,8801120","2,3670420",75
202000012422,20,11,20,20:00,5,2,2,1,3,75117,M,"48,8822130","2,3203400",75
202000012423,20,11,20,18:30,5,2,4,1,3,75117,M,"48,8981350","2,3240260",75
202000012424,20,11,20,16:00,1,2,3,1,3,75117,M,"48,8866840","2,3054250",75
202000012425,20,11,20,13:20,1,2,2,1,7,75117,M,"48,8875440","2,2947230",75
202000012426,20,11,20,08:50,1,2,2,1,2,75117,M,"48,8825930","2,3104280",75
202000012427,20,11,20,16:00,1,2,4,1,3,75114,M,"48,8238540","2,3177140",75
202000012428,20,11,20,17:30,2,2,2,1,3,75111,M,"48,8597470","2,3768450",75
202000012429,20,11,20,12:30,1,2,2,1,6,75110,M,"48,8811000","2,3651480",75
202000012430,20,11,20,06:45,5,2,3,1,2,75109,M,"48,8823200","2,3419950",75
202000012431,20,11,19,23:38,5,2,7,2,6,75109,M,"48,8766940","2,3322920",75
202000012432,20,11,20,09:25,1,2,1,1,2,75108,M,"48,8644820","2,3195860",75
202000012433,20,11,20,08:56,1,2,1,1,6,75104,M,"48,8547140","2,3540760",75
202000012434,20,11,19,17:40,5,2,1,1,3,94078,M,"48,7359000","2,4468000",94
202000012435,20,11,20,16:20,1,2,1,1,7,94016,M,"48,7924800","2,3400800",94
202000012436,20,11,19,15:00,1,2,9,1,3,94011,M,"48,7640000","2,4930000",94
202000012437,20,11,19,11:05,1,2,1,1,1,94028,M,"48,7943000","2,4604000",94
202000012438,20,11,20,12:55,1,2,1,1,6,93078,M,"48,9567000","2,5510000",93
202000012439,20,11,20,18:00,5,1,1,1,6,93070,M,"48,9077900","2,3408400",93
202000012440,20,11,20,16:00,1,2,1,1,3,93049,M,"48,8607048","2,5101684",93
202000012441,20,11,19,17:00,1,2,4,2,3,93006,M,"48,8761600","2,4201900",93
202000012442,20,11,19,08:20,1,2,1,1,6,93029,M,"48,9263800","2,4500500",93
202000012443,20,11,18,17:45,2,2,2,1,6,93001,M,"48,9173873","2,3867509",93
202000012444,20,11,20,16:05,1,2,1,1,6,92033,M,"48,8533844","2,1964234",92
202000012445,20,11,20,14:45,1,2,1,1,3,92076,M,"48,8429660","2,1476390",92
202000012446,20,11,20,15:10,1,2,2,1,3,92050,M,"48,8823589","2,2045515",92
202000012447,20,11,18,09:00,1,2,1,7,4,92050,M,"48,8970786","2,1870801",92
202000012448,20,11,20,14:07,1,2,1,1,1,92025,M,"48,9215920","2,2578170",92
202000012449,20,11,19,10:40,1,2,1,1,2,92025,M,"48,9308501","2,2447883",92
202000012450,20,11,19,16:40,1,2,1,1,6,92025,M,"48,9300860","2,2456850",92
202000012451,20,11,13,07:45,2,2,1,1,3,75117,M,"48,8950530","2,3058760",75
202000012452,20,11,20,10:43,1,2,1,1,2,92012,M,"48,8409236","2,2393541",92
202000012453,20,11,20,17:40,5,2,1,1,6,92002,M,"48,7576161","2,2778168",92
202000012454,20,10,31,07:30,2,1,4,5,6,74243,M,"46,1351810","6,1078620",74
202000012455,20,11,21,15:50,1,1,3,7,1,33154,M,"45,1150710"," -0,0109170",33
202000012456,20,11,9,11:10,1,2,1,1,6,31044,M,"43,5958640","1,5075530",31
202000012457,20,11,20,12:50,1,1,3,1,3,68026,M,"48,1411320","7,3353050",68
202000012458,20,11,21,12:00,1,2,3,7,3,80677,M,"49,9515370","3,1036160",80
202000012459,20,11,21,07:50,3,2,1,1,6,49089,M,"47,6147740"," -0,8906600",49
202000012460,20,11,19,17:55,3,1,3,1,1,41185,M,"47,3224360","1,6852370",41
202000012461,20,11,17,14:30,1,2,1,1,1,44036,M,"47,7091050"," -1,3816810",44
202000012462,20,11,20,16:45,1,1,1,8,6,35112,M,"48,3819510"," -1,1076240",35
202000012463,20,11,20,18:30,5,2,1,1,6,29158,M,"47,8162240"," -4,3709710",29
202000012464,20,11,20,21:20,3,1,1,1,6,31425,M,"43,1713580","1,1156560",31
202000012465,20,11,20,16:15,2,1,1,1,3,02827,M,"49,7021130","3,7167260",02
202000012466,20,11,20,22:00,3,1,1,1,6,03080,M,"46,1053098","3,2727794",03
202000012467,20,11,21,16:07,1,1,1,7,1,03275,M,"46,5402295","3,2184414",03
202000012468,20,11,21,05:30,5,2,1,1,6,70459,M,"47,7505380","6,5859870",70
202000012469,20,11,5,15:30,1,1,2,1,3,58247,M,"47,0211690","3,3261110",58
202000012470,20,11,20,12:25,1,2,1,1,6,45098,M,"47,8227440","1,7581470",45
202000012471,20,11,20,16:15,1,2,6,1,3,85224,M,"46,9965290"," -1,3278870",85
202000012472,20,11,20,16:05,1,2,2,1,3,85213,M,"46,5909290"," -1,3147040",85
202000012473,20,11,20,18:30,5,1,2,1,1,28391,M,"48,1882260","1,9272880",28
202000012474,20,11,20,13:30,1,1,1,1,2,62384,M,"50,1349390","3,1132940",62
202000012475,20,11,21,22:10,3,1,1,1,7,98808,C," -21,2910940","165,5955180",988
202000012476,20,11,21,07:30,1,1,1,1,7,98804,C," -21,5488730","166,0433080",988
202000012477,20,11,20,11:30,1,2,2,1,6,97134,A,"16,0599230"," -61,7641170",971
202000012478,20,11,20,23:19,3,1,2,1,3,77415,M,"48,9512680","3,0370330",77
202000012479,20,10,30,14:00,1,2,1,1,6,65168,M,"42,8764950"," -0,0004390",65
202000012480,20,11,20,19:00,5,2,2,1,3,33056,M,"44,9304570"," -0,6209690",33
202000012481,20,11,16,19:15,3,1,1,1,1,29169,M,"48,0929000"," -4,1318890",29
202000012482,20,11,20,23:10,3,1,2,1,3,35240,M,"48,1024160"," -1,8317340",35
202000012483,20,11,21,17:55,3,1,6,1,6,60141,M,"49,1667561","2,5085961",60
202000012484,20,11,17,12:40,1,1,1,1,2,13055,M,"43,3225200","5,4229550",13
202000012485,20,11,19,19:35,3,1,1,1,6,83137,M,"43,1213200","5,9533100",83
202000012486,20,11,18,19:30,5,1,1,1,2,69034,M,"45,7903800","4,8453300",69
202000012487,20,11,19,09:20,1,1,1,1,6,92063,M,"48,8727535","2,1567589",92
202000012488,20,11,20,18:00,5,1,1,1,2,94069,M,"48,8173000","2,4335000",94
202000012489,20,11,20,17:30,5,1,1,1,3,94018,M,"48,8248900","2,3929600",94
202000012490,20,8,1,12:05,1,2,2,1,3,69266,M,"45,7736800","4,8885600",69
202000012491,20,7,7,10:15,1,2,1,1,6,69091,M,"45,5873000","4,7711000",69
202000012492,20,11,19,17:30,1,2,1,1,3,98818,C," -22,2474300","166,4669200",988
202000012493,20,11,19,21:05,5,2,3,1,6,97302,G,"4,9362000"," -52,2961800",973
202000012494,20,11,19,11:20,1,1,1,2,2,97302,G,"4,9097612"," -52,3242760",973
202000012495,20,11,19,13:15,1,2,1,1,1,69387,M,"45,7545900","4,8447500",69
202000012496,20,11,19,13:31,1,2,1,1,-1,69259,M,"45,7174524","4,8878320",69
202000012497,20,11,19,11:28,1,2,1,1,6,69388,M,"45,7295900","4,8845600",69
202000012498,20,11,19,18:20,3,2,9,2,6,69384,M,"45,7767000","4,8263000",69
202000012499,20,11,19,15:25,1,2,1,1,6,69389,M,"45,7732838","4,8077673",69
202000012500,20,11,18,08:20,2,2,1,1,6,69034,M,"45,8060170","4,8584939",69
202000012501,20,11,18,13:15,1,2,1,1,3,97105,A,"15,9930100"," -61,7198400",971
202000012502,20,11,19,19:20,5,2,1,2,6,95288,M,"48,9789716","2,3509593",95
202000012503,20,11,11,19:00,5,2,2,1,3,95197,M,"48,9772310","2,3274430",95
202000012504,20,11,18,15:55,1,2,1,1,5,91103,M,"48,6105100","2,3053500",91
202000012505,20,11,19,12:55,1,2,2,2,6,91549,M,"48,6527600","2,3168600",91
202000012506,20,11,19,09:00,1,1,1,1,4,91479,M,"48,7400000","2,3600000",91
202000012507,20,11,15,14:59,1,1,1,1,6,88413,M,"48,3084000","6,9200000",88
202000012508,20,11,18,13:00,1,2,1,1,2,87085,M,"45,8083100","1,2640100",87
202000012509,20,11,17,16:21,1,2,1,1,6,87114,M,"45,8372576","1,2949510",87
202000012510,20,11,17,09:00,1,2,2,1,3,87075,M,"45,8133300","1,2278100",87
202000012511,20,11,16,18:41,2,2,3,1,-1,87085,M,"45,8285700","1,2561900",87
202000012512,20,11,19,16:35,1,2,1,1,6,83069,M,"43,1138202","6,1328659",83
202000012513,20,11,19,16:35,1,2,1,1,6,79191,M,"46,3243300"," -0,5319100",79
202000012514,20,11,19,22:35,3,1,1,2,6,78172,M,"49,0117800","2,0892200",78