Num_Acc,an,mois,jour,hrmn,lum,agg,int,atm,col,com,gps,lat,long,dep
202000012515,20,11,18,12:14,1,2,1,1,2,68066,M,"48,0945700","7,3642300",68
202000012516,20,11,18,17:18,1,2,3,1,2,65047,M,"43,2432290","0,0967200",65
202000012517,20,11,19,21:15,3,1,9,1,6,64335,M,"43,3529900"," -0,3928300",64
202000012518,20,11,19,07:20,2,2,3,2,1,64445,M,"43,2940800"," -0,3771800",64
202000012519,20,11,18,15:58,1,2,1,1,2,63113,M,"45,7790200","3,0999700",63
202000012520,20,2,25,14:50,1,2,3,1,-1,58194,M,"46,9947000","3,1484000",58
202000012521,20,11,18,10:25,1,2,2,2,3,56098,M,"47,7631800"," -3,3190600",56
202000012522,20,11,18,16:15,1,2,2,1,3,51058,M,"49,2220515","3,9997270",51
202000012523,20,11,19,08:00,1,2,3,1,6,45235,M,"47,9396900","1,8372600",45
202000012524,20,11,18,18:05,4,2,1,1,4,37122,M,"47,3489896","0,6461306",37
202000012525,20,11,19,20:24,1,1,6,1,-1,34172,M,"43,5892300","3,8907400",34
202000012526,20,11,19,13:50,1,2,1,1,6,34172,M,"43,6036910","3,8601870",34
202000012527,20,5,11,16:38,1,2,1,2,6,87085,M,"45,8244500","1,2450600",87
202000012528,20,4,3,16:15,1,2,6,1,3,80021,M,"49,9074700","2,3019500",80
202000012529,20,3,20,19:47,5,2,1,2,2,80489,M,"49,8679833","2,3705578",80
202000012530,20,5,10,03:00,5,2,1,1,6,76351,M,"49,4976896","0,1369429",76
202000012531,20,5,11,19:15,2,2,1,1,6,76351,M,"49,5301585","0,1155770",76
202000012532,20,5,7,15:45,1,2,1,1,6,74119,M,"46,3995908","6,5964891",74
202000012533,20,5,11,11:18,1,2,2,1,3,74010,M,"45,9105502","6,1192874",74
202000012534,20,5,12,05:10,2,2,1,1,1,69266,M,"45,7838305","4,8898634",69
202000012535,20,5,11,18:55,1,2,9,2,6,65286,M,"43,0946000"," -0,0460600",65
202000012536,20,5,12,19:30,1,2,1,1,2,64024,M,"43,4802400"," -1,5249300",64
202000012537,20,5,11,17:00,1,2,1,1,6,42071,M,"46,0254290","4,0863960",42
202000012538,20,5,12,05:15,5,2,1,1,7,37261,M,"47,4077446","0,6816152",37
202000012539,20,5,7,22:45,5,2,1,2,6,33529,M,"44,6218900"," -1,1326100",33
202000012540,20,5,11,19:25,1,2,1,8,6,06088,M,"43,6897000","7,2416000",06
202000012541,20,5,12,15:40,1,2,1,1,3,75120,M,"48,8531320","2,4155120",75
202000012542,20,5,12,08:00,1,2,2,1,3,75115,M,"48,8493700","2,2816040",75
202000012543,20,5,11,03:00,5,2,7,2,3,75115,M,"48,8493120","2,2816740",75
202000012544,20,5,12,14:00,1,2,2,1,6,75113,M,"48,8305070","2,3766030",75
202000012545,20,5,12,21:10,2,2,1,1,2,75112,M,"48,8448540","2,3688280",75
202000012546,20,5,12,16:55,1,2,1,1,3,75111,M,"48,8627380","2,3723560",75
202000012547,20,5,12,11:00,1,2,3,1,2,75110,M,"48,8732440","2,3747740",75
202000012548,20,5,12,02:23,5,2,1,1,6,75110,M,"48,8699990","2,3513160",75
202000012549,20,5,12,12:59,1,2,2,1,3,75101,M,"48,8601160","2,3333360",75
202000012550,20,5,1,23:20,5,2,3,1,6,94081,M,"48,7883700","2,3927500",94
202000012551,20,5,11,15:00,1,2,1,1,7,94068,M,"48,7957000","2,4839000",94
202000012552,20,5,10,18:50,1,2,3,1,7,94002,M,"48,8132515","2,4148860",94
202000012553,20,5,12,18:30,1,2,9,1,4,93078,M,"48,9512100","2,5260700",93
202000012554,20,5,12,22:30,5,2,2,1,3,93048,M,"48,8710752","2,4519687",93
202000012555,20,5,12,14:25,1,2,1,1,3,93048,M,"48,8571515","2,4399801",93
202000012556,20,5,12,15:15,1,2,1,1,1,93046,M,"48,9175610","2,5339720",93
202000012557,20,5,12,18:30,1,2,1,1,6,93006,M,"48,8741000","2,4322000",93
202000012558,20,5,12,20:56,2,2,1,1,7,93008,M,"48,9066256","2,4507576",93
202000012559,20,5,12,19:50,1,2,1,1,3,93008,M,"48,9091124","2,4719734",93
202000012560,20,5,12,00:30,5,2,9,1,6,93001,M,"48,9108790","2,3997540",93
202000012561,20,5,10,19:00,1,2,2,1,3,92075,M,"48,8219800","2,2938020",92
202000012562,20,5,12,12:40,1,2,3,1,3,92062,M,"48,8738220","2,2361420",92
202000012563,20,5,12,11:50,1,2,1,1,2,92050,M,"48,8938448","2,1903375",92
202000012564,20,5,11,15:40,1,2,1,1,3,92044,M,"48,8973574","2,2879270",92
202000012565,20,5,12,15:40,1,2,9,1,2,92062,M,"48,8834100","2,2389400",92
202000012566,20,5,11,21:45,5,2,2,1,3,92032,M,"48,7905963","2,2888926",92
202000012567,20,5,13,13:25,1,2,9,2,3,54563,M,"48,4927800","6,0988280",54
202000012568,20,5,12,16:55,1,1,1,1,3,77141,M,"48,8508990","2,8391440",77
202000012569,20,5,13,07:30,1,1,9,1,2,83148,M,"43,4021220","6,4451920",83
202000012570,20,5,13,12:10,1,1,1,1,7,54408,M,"49,1701761","5,7552534",54
202000012571,20,5,12,10:30,1,2,1,1,7,23095,M,"46,1602640","1,6444620",23
202000012572,20,5,12,18:55,1,1,1,1,6,76378,M,"49,4135350","0,8418490",76
202000012573,20,5,10,11:40,1,1,1,3,6,65004,M,"43,0306900"," -0,0657890",65
202000012574,20,5,13,11:25,1,1,1,1,1,22183,M,"48,1533110"," -2,5783970",22
202000012575,20,5,12,15:00,1,1,1,1,3,35331,M,"48,0887080"," -1,9161700",35
202000012576,20,5,11,08:00,1,1,2,3,3,31054,M,"43,3520600","1,7413790",31
202000012577,20,5,13,16:10,1,1,4,2,1,70154,M,"47,4386180","6,1445390",70
202000012578,20,5,12,23:00,3,2,1,1,6,72067,M,"48,1090240","0,4616060",72
202000012579,20,5,12,19:25,1,2,9,1,3,06079,M,"43,5335470","6,9318380",06
202000012580,20,5,13,11:05,1,2,1,1,6,06079,M,"43,5455270","6,9403610",06
202000012581,20,5,12,07:05,1,1,9,1,1,14431,M,"49,0877097","0,0254142",14
202000012582,20,5,11,15:15,1,1,3,6,3,14711,M,"49,3081920"," -0,9257320",14
202000012583,20,5,12,20:30,2,1,1,1,6,05123,M,"44,5460400","5,9943510",05
202000012584,20,5,13,10:00,1,2,1,1,6,50292,M,"49,0986720"," -1,2429470",50
202000012585,20,5,13,17:15,1,1,1,2,7,64498,M,"43,1620162"," -0,1556495",64
202000012586,20,5,13,19:00,1,1,1,1,1,27530,M,"48,9227460","0,4678090",27
202000012587,20,5,12,15:40,1,1,1,1,4,30123,M,"43,6944770","4,1677180",30
202000012588,20,5,12,15:40,1,1,2,1,3,30006,M,"43,6945780","4,1681960",30
202000012589,20,5,12,15:00,1,2,1,1,6,67108,M,"48,5436560","7,5789730",67
202000012590,20,5,13,19:30,3,1,1,1,1,98821,C," -22,0797345","166,3131326",988
202000012591,20,5,13,17:20,1,1,1,1,2,45273,M,"47,8674921","2,1427536",45
202000012592,20,5,12,10:30,1,1,3,1,3,34154,M,"43,6195650","3,9787240",34
202000012593,20,5,13,07:45,1,2,1,2,6,05070,M,"44,3085340","5,8206510",05
202000012594,20,5,13,06:00,2,2,1,8,3,71588,M,"46,4573813","4,0960666",71
202000012595,20,5,12,19:43,1,2,1,1,3,67301,M,"48,7589605","7,6388536",67
202000012596,20,5,12,21:00,3,1,1,1,6,73211,M,"45,7173754","6,4877865",73
202000012597,20,5,11,18:50,1,2,2,1,3,26313,M,"44,9791360","4,9541260",26
202000012598,20,5,12,17:35,1,1,1,8,1,24223,M,"44,8660670","0,7391740",24
202000012599,20,5,11,23:00,3,1,1,1,6,35047,M,"48,0522026"," -1,7435830",35
202000012600,20,5,12,07:20,1,2,2,1,3,62366,M,"50,4120630","2,5857030",62
202000012601,20,5,13,15:10,1,2,3,1,6,59466,M,"50,5188360","3,1160080",59
202000012602,20,5,6,06:36,1,1,1,1,7,69029,M,"45,7492500","4,9073300",69
202000012603,20,5,11,18:45,1,1,1,1,2,95582,M,"48,9707300","2,2493700",95
202000012604,20,2,27,12:20,1,2,1,2,6,93077,M,"48,8872600","2,4969600",93
202000012605,20,5,11,13:17,1,2,1,1,3,98818,C," -22,2904700","166,4452100",988
202000012606,20,5,11,08:20,1,2,1,1,7,97407,R," -20,9303400","55,3027500",974
202000012607,20,5,11,21:50,4,2,1,2,6,69383,M,"45,7537000","4,8595000",69
202000012608,20,5,11,11:30,1,2,1,1,3,69259,M,"45,7144000","4,8662000",69
202000012609,20,5,10,11:40,1,2,9,1,3,97213,A,"14,6159000"," -61,0002500",972
202000012610,20,5,10,07:50,1,1,1,1,6,2B033,M,"42,7173400","9,4554200",2B
202000012611,20,5,11,13:40,1,1,1,1,5,97113,A,"16,2141801"," -61,4390230",971
202000012612,20,5,11,21:15,5,2,2,1,3,95018,M,"48,9579490","2,2395990",95
202000012613,20,5,11,10:30,1,2,6,2,4,91174,M,"48,5903200","2,4773000",91
202000012614,20,5,9,12:40,1,2,1,1,1,88087,M,"48,1754400","6,4302700",88
202000012615,20,5,9,18:42,1,1,1,1,6,87050,M,"45,9002200","1,2239400",87
202000012616,20,5,11,17:40,1,1,1,1,6,78498,M,"48,9490400","2,0607400",78
202000012617,20,5,11,10:30,1,2,1,6,6,76217,M,"49,9097000","1,0761000",76
202000012618,20,5,4,11:45,1,2,1,1,6,72181,M,"47,9622800","0,2000100",72
202000012619,20,5,11,19:15,1,2,1,1,6,69275,M,"45,7477400","4,9401900",69
202000012620,20,2,26,08:35,1,1,1,1,2,66136,M,"42,6998690","2,8790250",66
202000012621,20,5,6,13:15,1,2,1,1,6,60463,M,"49,2670400","2,4734100",60
202000012622,20,5,11,13:55,1,2,3,1,3,59599,M,"50,7334670","3,1344980",59
202000012623,20,5,11,18:20,1,2,2,1,3,51454,M,"49,2230676","4,0141760",51
202000012624,20,5,9,16:11,1,1,1,1,7,49007,M,"47,4694700"," -0,5936700",49
202000012625,20,5,11,08:45,1,2,2,3,3,37208,M,"47,3567802","0,7317546",37
202000012626,20,5,11,19:00,1,2,1,2,3,33063,M,"44,8621500"," -0,5596700",33
202000012627,20,5,11,17:20,1,1,8,2,3,33529,M,"44,6181200"," -1,1311300",33
202000012628,20,5,8,15:00,1,2,1,1,6,31555,M,"43,5808900","1,4491300",31
202000012629,20,5,11,10:30,1,2,1,1,5,16089,M,"45,6857100"," -0,2889200",16
202000012630,20,5,11,08:05,1,2,3,1,2,14437,M,"49,1794100"," -0,3234500",14
202000012631,20,5,11,15:40,1,1,1,1,6,13117,M,"43,4726926","5,2342464",13
202000012632,20,5,11,06:35,2,2,1,2,3,13043,M,"43,3833000","5,2012000",13
202000012633,20,2,26,08:10,1,2,2,2,6,75120,M,"48,8591580","2,4021260",75
202000012634,20,5,11,08:35,1,2,7,2,3,75119,M,"48,8897260","2,3966710",75
202000012635,20,5,11,14:30,1,2,3,1,-1,75117,M,"48,8868570","2,3188600",75
202000012636,20,5,11,15:00,1,2,1,1,2,75116,M,"48,8746760","2,2922080",75
202000012637,20,5,11,15:00,1,2,3,1,6,75111,M,"48,8630810","2,3761550",75
202000012638,20,5,11,11:15,1,2,7,8,3,75111,M,"48,8667280","2,3651550",75
202000012639,20,5,11,08:50,1,2,2,6,7,75107,M,"48,8526830","2,3085840",75
202000012640,20,5,11,11:30,1,2,4,6,3,93078,M,"48,9494000","2,5572000",93
202000012641,20,5,11,16:15,1,2,1,1,6,93030,M,"48,9516000","2,4175000",93
202000012642,20,5,11,14:35,1,2,3,1,3,93047,M,"48,8993448","2,5587174",93
202000012643,20,5,11,18:00,1,2,1,1,-1,93005,M,"48,9449800","2,4966400",93
202000012644,20,5,11,10:35,1,2,4,1,3,92050,M,"48,8985000","2,2068000",92
202000012645,20,5,11,16:00,1,2,2,1,3,92044,M,"48,8958900","2,2965100",92
202000012646,20,5,11,18:50,1,2,4,1,3,92040,M,"48,8314128","2,2621174",92
202000012647,20,5,11,18:50,1,2,2,1,6,92026,M,"48,8988320","2,2464870",92
202000012648,20,5,7,15:45,1,2,2,1,3,92025,M,"48,9273672","2,2469857",92
202000012649,20,4,18,10:30,1,2,1,1,6,97415,R," -21,0135330","55,2701940",974
202000012650,20,5,12,00:50,3,1,1,1,6,35120,M,"48,2143860"," -1,7747640",35
202000012651,20,5,11,15:32,1,1,2,1,3,38290,M,"45,3534910","4,9765920",38
202000012652,20,5,11,17:20,1,1,1,3,5,64396,M,"43,4362650"," -0,6370140",64
202000012653,20,5,12,01:25,3,1,1,1,2,87003,M,"46,2780750","1,4026940",87
202000012654,20,5,12,11:15,1,1,1,1,1,62650,M,"50,2818085","2,9081184",62
202000012655,20,5,9,10:15,1,2,1,1,6,51265,M,"48,6878641","3,8053966",51
202000012656,20,5,12,15:45,1,2,2,1,3,79157,M,"47,0161070"," -0,1828970",79
202000012657,20,5,12,17:00,1,1,1,1,7,82094,M,"44,2704030","1,1424280",82
202000012658,20,5,10,15:30,1,1,1,1,6,61443,M,"48,7355590"," -0,6389240",61
202000012659,20,5,12,16:35,1,1,1,1,2,49069,M,"47,2825080"," -1,1430390",49
202000012660,20,5,12,12:30,1,1,1,1,6,12243,M,"44,0103936","2,9751396",12
202000012661,20,5,12,16:15,1,2,3,1,3,38261,M,"45,6720710","5,4855840",38
202000012662,20,5,12,03:03,5,2,9,1,6,02504,M,"49,7407687","3,2528704",02
202000012663,20,5,11,16:10,1,1,2,2,3,03111,M,"46,4310555","2,6406455",03
202000012664,20,5,11,08:20,1,1,6,8,-1,66025,M,"42,4507920","1,9553040",66
202000012665,20,5,12,09:30,1,2,1,1,7,90027,M,"47,4981110","7,0651850",90
202000012666,20,5,11,19:35,2,1,1,3,6,07309,M,"45,1307320","4,5938730",07
202000012667,20,5,12,20:25,1,1,1,1,7,24571,M,"45,0555762","0,6742000",24
202000012668,20,5,12,12:30,1,1,1,1,6,88108,M,"47,9510750","6,3063210",88
202000012669,20,5,12,02:14,3,1,1,2,2,68118,M,"47,7278660","7,4286450",68
202000012670,20,5,12,21:05,2,1,1,1,6,34240,M,"43,6197510","3,9551640",34
202000012671,20,5,11,21:20,3,1,1,3,6,74118,M,"46,1694340","6,2073700",74
202000012672,20,5,11,21:10,2,2,1,1,2,29233,M,"47,8709816"," -3,5455300",29
202000012673,20,5,11,16:00,1,2,1,1,7,95177,M,"49,1158600","2,0173810",95
202000012674,20,5,12,17:15,1,1,1,1,3,06157,M,"43,7576350","7,0863430",06
202000012675,20,5,12,16:00,1,2,2,1,3,68360,M,"48,0029810","7,5091450",68
202000012676,20,5,12,11:50,1,1,1,1,2,67394,M,"48,9441867","7,8906461",67
202000012677,20,5,12,10:50,1,1,1,1,1,67127,M,"48,5714181","7,5325962",67
202000012678,20,5,11,18:45,2,2,3,2,3,73150,M,"45,5564990","6,6757500",73
202000012679,20,5,12,07:53,1,1,1,1,7,38133,M,"45,3451880","5,6323390",38
202000012680,20,5,12,17:10,1,1,4,1,-1,69122,M,"45,9076710","4,7079080",69
202000012681,20,5,12,10:10,1,2,6,1,3,64315,M,"43,3086680"," -0,4477840",64
202000012682,20,5,12,04:30,5,2,1,1,6,62746,M,"50,6782680","1,6322740",62
202000012683,20,5,11,09:05,1,1,1,2,7,91477,M,"48,7186600","2,2599600",91
202000012684,20,5,11,16:40,1,1,1,8,5,92025,M,"48,9189597","2,2237615",92
202000012685,20,5,10,02:05,3,1,1,2,2,93027,M,"48,9262600","2,4019400",93
202000012686,20,5,9,20:00,1,1,1,2,6,93053,M,"48,8885000","2,4722300",93
202000012687,20,5,9,20:00,1,1,1,1,6,93027,M,"48,9282900","2,4122300",93
202000012688,20,4,11,19:40,1,1,1,1,7,95018,M,"48,9619400","2,2678900",95
202000012689,20,5,8,12:20,1,2,4,1,1,97213,A,"14,6450420"," -60,9560460",972
202000012690,20,5,9,20:30,5,1,1,1,7,97209,A,"14,6145000"," -61,0818000",972
202000012691,20,5,9,17:26,1,2,2,1,6,69256,M,"45,7767300","4,9155400",69
202000012692,20,5,9,19:00,1,2,3,1,3,45234,M,"47,8433800","1,9238400",45
202000012693,20,5,8,20:25,1,2,3,1,6,38544,M,"45,5277400","4,8801200",38
202000012694,20,5,10,21:15,2,2,1,8,1,37261,M,"47,3805349","0,7036644",37
202000012695,20,5,10,15:23,1,2,3,1,3,37195,M,"47,3751583","0,6376348",37
202000012696,20,5,10,07:55,1,1,3,1,2,35281,M,"48,0673500"," -1,7142600",35
202000012697,20,5,10,22:35,5,2,2,3,3,33063,M,"44,8246579"," -0,5638325",33
202000012698,20,5,10,10:00,1,1,1,8,7,27681,M,"49,0974000","1,5111000",27
202000012699,20,5,9,11:10,1,2,6,1,3,27229,M,"49,0168700","1,1711500",27
202000012700,20,5,9,23:05,4,2,1,1,6,13208,M,"43,2733000","5,3927000",13
202000012701,20,4,30,16:45,1,1,1,2,3,12089,M,"44,5847900","2,2484900",12
202000012702,20,5,10,04:50,4,2,1,1,6,75116,M,"48,8702400","2,2580400",75
202000012703,20,5,10,14:40,1,2,1,8,3,75110,M,"48,8690900","2,3674580",75
202000012704,20,5,9,22:40,5,2,1,3,6,93051,M,"48,8404200","2,5659900",93
202000012705,20,5,8,12:30,1,2,1,1,6,2A211,M,"41,7838810","8,9667700",2A
202000012706,20,5,10,20:48,3,1,1,1,6,97222,A,"14,6992730"," -60,9083000",972
202000012707,20,5,10,17:40,1,2,1,1,1,97232,A,"14,5457960"," -60,8581500",972
202000012708,20,5,11,01:25,3,1,1,1,1,97226,A,"14,4602460"," -60,8597680",972
202000012709,20,5,10,23:50,5,2,6,3,6,83033,M,"43,3001380","6,2007680",83
202000012710,20,5,10,18:45,1,2,2,1,3,77436,M,"48,8018780","3,2113280",77
202000012711,20,5,7,08:00,1,1,9,1,3,41237,M,"47,3952410","1,4601520",41
202000012712,20,5,11,13:30,1,1,1,2,6,31492,M,"43,2612100","1,1639180",31
202000012713,20,5,10,11:30,1,1,1,8,7,45136,M,"48,0887250","2,9667760",45
202000012714,20,5,9,16:05,1,2,1,1,1,43244,M,"45,1140861","4,3067232",43
202000012715,20,5,10,18:15,1,1,1,1,6,10048,M,"48,1904950","4,5821140",10
202000012716,20,5,5,18:45,1,2,2,1,3,53096,M,"48,3001000"," -0,9201210",53
202000012717,20,5,9,19:25,2,1,1,2,7,04216,M,"44,3370020","5,9399340",04
202000012718,20,5,11,03:45,3,1,1,6,6,08251,M,"49,7545850","4,4563080",08
202000012719,20,3,1,14:15,1,1,2,2,3,71456,M,"46,8253676","5,0934445",71
202000012720,20,3,3,19:45,3,2,6,1,3,30217,M,"43,9590750","4,7346410",30
202000012721,20,3,1,08:37,1,1,1,1,6,21310,M,"47,3268690","4,5889380",21
202000012722,20,2,28,15:30,1,1,1,2,1,21081,M,"47,3651060","4,7754800",21
202000012723,20,3,3,02:40,5,2,1,4,6,62138,M,"50,4199010","2,1743451",62
202000012724,20,2,28,15:55,1,1,1,1,3,34095,M,"43,5312510","3,7594700",34
202000012725,20,2,28,13:20,1,2,4,1,6,57468,M,"48,7692160","7,2299750",57
202000012726,20,3,1,05:30,3,1,1,2,6,57126,M,"48,7776580","6,4683940",57
202000012727,20,2,25,08:00,1,1,1,2,4,91617,M,"48,6605540","2,5180790",91
202000012728,20,2,27,11:38,1,2,7,8,6,62773,M,"50,6392010","1,7457370",62
202000012729,20,2,29,21:10,3,1,2,8,3,51434,M,"49,0137956","4,0722670",51
202000012730,20,2,27,13:35,1,1,1,4,2,59058,M,"50,2284020","3,9607430",59
202000012731,20,2,28,19:00,5,2,1,2,6,59445,M,"50,0391960","4,1170420",59
202000012732,20,2,22,06:00,3,1,1,8,7,19276,M,"45,4174830","1,5710400",19
202000012733,20,3,1,17:00,1,1,1,1,3,19237,M,"45,1267150","2,0652580",19
202000012734,20,3,2,20:40,3,1,1,2,6,56075,M,"47,9283630"," -2,1356390",56
202000012735,20,1,27,05:40,5,2,1,2,6,93027,M,"48,9317757","2,3932235",93
202000012736,20,2,29,10:40,1,2,1,1,6,56193,M,"47,7137920"," -3,3161080",56
202000012737,20,2,29,14:45,1,1,1,3,3,56040,M,"47,8613090"," -3,3279330",56
202000012738,20,1,18,22:10,5,2,6,9,3,93047,M,"48,8954400","2,5731900",93
202000012739,20,1,27,08:00,2,2,5,2,6,93005,M,"48,9358309","2,4939213",93
202000012740,20,2,25,18:55,5,2,2,2,3,56003,M,"47,6329278"," -2,8167272",56
202000012741,20,1,27,08:20,1,2,1,2,3,93005,M,"48,9524400","2,4962700",93
202000012742,20,1,27,06:05,5,2,1,2,6,93001,M,"48,9115950","2,4007120",93
202000012743,20,1,27,09:15,1,2,3,2,3,92048,M,"48,8132900","2,2168900",92
202000012744,20,2,27,20:55,3,2,1,1,6,59282,M,"50,8142400","2,4825880",59
202000012745,20,1,25,18:00,2,2,3,1,3,92025,M,"48,9343010","2,2558570",92
202000012746,20,2,29,04:00,3,1,1,2,7,59532,M,"50,9715890","2,1432670",59
202000012747,20,1,27,00:00,5,2,1,1,6,40065,M,"43,6523830"," -1,4328150",40
202000012748,20,2,27,00:55,3,1,1,4,1,74085,M,"45,8453790","6,7285480",74
202000012749,20,3,3,16:31,1,1,1,8,6,67009,M,"48,9258414","6,9697765",67
202000012750,20,1,28,16:15,1,1,1,4,7,68249,M,"48,1237590","7,1646630",68
202000012751,20,2,20,18:45,3,2,1,1,3,67434,M,"48,9325650","7,0890930",67
202000012752,20,3,1,12:05,1,1,3,1,3,76340,M,"49,7171410","0,7516090",76
202000012753,20,1,27,17:30,1,1,2,1,3,11203,M,"43,2302700","2,7955270",11
202000012754,20,3,3,12:50,1,1,1,2,6,79123,M,"46,7171470"," -0,6271920",79
202000012755,20,1,27,10:15,1,1,1,1,2,76462,M,"49,7296530","1,4592290",76
202000012756,20,2,26,12:00,1,1,1,1,1,79254,M,"46,2868910"," -0,6668800",79
202000012757,20,1,28,07:04,3,1,1,2,6,37075,M,"47,2935440","0,9494731",37
202000012758,20,3,2,07:40,1,1,1,8,2,2B346,M,"42,5082200","9,4717810",2B
202000012759,20,1,28,00:42,3,1,1,3,7,51629,M,"49,1561162","4,0115896",51
202000012760,20,3,1,14:45,1,1,1,2,5,2B318,M,"42,4401810","9,5127870",2B
202000012761,20,1,26,04:40,3,1,1,1,7,51579,M,"48,7955594","3,5212280",51
202000012762,20,3,2,09:05,1,2,3,1,5,2B305,M,"42,7180170","9,4547360",2B
202000012763,20,1,27,17:45,3,1,3,3,3,80159,M,"49,8697880","2,4779110",80
202000012764,20,2,29,16:20,1,1,3,1,3,80231,M,"49,9702830","2,8207130",80
202000012765,20,1,28,05:25,5,2,2,1,3,42177,M,"46,1460570","4,1084040",42
202000012766,20,1,28,19:00,3,1,1,3,1,35224,M,"48,5095250"," -1,8406520",35
202000012767,20,3,3,08:05,1,2,8,2,3,80205,M,"50,0089150","2,0119520",80
202000012768,20,1,19,19:40,5,2,3,1,6,29284,M,"47,8010060"," -4,2644230",29
202000012769,20,1,25,23:50,3,1,1,1,6,31377,M,"43,4317300","1,7255190",31
202000012770,20,3,1,14:20,1,1,1,6,7,82051,M,"44,1831730","1,1494980",82
202000012771,20,1,27,20:40,3,1,1,2,1,31136,M,"43,7542760","1,4346650",31
202000012772,20,2,26,06:35,3,1,1,2,1,81288,M,"43,4533710","2,0226000",81
202000012773,20,1,27,08:30,1,1,1,2,6,14157,M,"49,1759520"," -0,5222800",14
202000012774,20,1,27,20:00,5,2,1,2,1,14249,M,"49,1161548"," -0,4801332",14
202000012775,20,3,2,09:00,1,1,1,6,6,32451,M,"43,4264320","0,8007570",32
202000012776,20,1,21,20:12,3,1,1,1,7,50629,M,"49,2614120"," -1,5006910",50
202000012777,20,3,1,12:00,1,1,2,1,3,71205,M,"46,7156185","5,3130645",71
202000012778,20,1,28,19:15,3,1,2,3,2,60021,M,"49,5949960","3,1211900",60
202000012779,20,2,29,21:10,5,2,1,9,6,89119,M,"47,5226493","3,5401565",89
202000012780,20,3,2,11:00,1,1,1,3,1,63304,M,"46,0459481","2,6275704",63
202000012781,20,1,26,01:30,3,1,1,1,6,40014,M,"44,0662750"," -0,3127940",40
202000012782,20,1,27,06:15,3,1,1,1,2,64238,M,"43,2296640"," -0,0549750",64
202000012783,20,1,28,09:30,1,1,1,4,6,01181,M,"46,2162190","5,6064180",01
202000012784,20,1,28,18:40,3,1,3,3,3,91045,M,"48,5166150","2,3819360",91
202000012785,20,1,27,07:40,1,1,1,2,3,68301,M,"47,6923600","7,4466280",68
202000012786,20,2,26,18:56,5,2,2,1,6,61456,M,"48,7607450","0,6391480",61
202000012787,20,1,28,09:15,1,1,1,2,4,33527,M,"44,6135100"," -1,0428900",33
202000012788,20,3,3,18:10,2,1,1,2,3,12294,M,"44,2643300","2,8925610",12
202000012789,20,1,28,10:15,1,1,1,4,4,76700,M,"49,6701550","1,0403110",76
202000012790,20,1,26,01:50,3,1,1,9,3,34022,M,"43,6570890","3,9970080",34
202000012791,20,3,1,10:50,1,1,1,1,3,42026,M,"46,1864080","4,0776600",42
202000012792,20,2,27,06:30,3,1,1,2,6,47038,M,"44,3365120","0,3872610",47
202000012793,20,1,27,08:40,2,1,1,2,1,77192,M,"48,7094220","2,8391010",77
202000012794,20,2,26,21:45,3,1,1,1,7,41231,M,"47,5598840","1,8918690",41
202000012795,20,1,27,19:10,5,1,1,3,6,54490,M,"48,7748619","6,0536814",54
202000012796,20,1,28,19:30,5,2,1,1,6,69089,M,"45,7357660","4,7693540",69
202000012797,20,2,26,10:20,1,1,1,1,3,29137,M,"48,3341640"," -4,2882640",29
202000012798,20,2,22,08:50,1,2,2,1,1,86103,M,"46,3713908","0,4125929",86
202000012799,20,1,27,08:40,1,1,6,2,3,49021,M,"47,4357150"," -0,2233150",49
202000012800,20,2,29,05:00,3,1,1,2,6,34010,M,"43,6784120","3,5975640",34
202000012801,20,3,1,14:00,1,1,2,1,3,34222,M,"43,5708420","3,5151960",34
202000012802,20,1,28,18:15,3,1,1,3,7,60668,M,"49,4979829","2,0880710",60
202000012803,20,2,26,11:45,1,2,1,2,6,34284,M,"43,4882410","2,7616830",34
202000012804,20,3,1,11:00,1,2,2,1,1,34319,M,"43,5542400","3,3002700",34
202000012805,20,2,29,04:00,5,2,1,1,6,68068,M,"47,6303900","7,1342790",68
202000012806,20,1,27,22:30,3,1,1,2,2,80002,M,"49,8528990","2,8325840",80
202000012807,20,1,8,17:54,2,1,1,1,2,13071,M,"43,4034980","5,3089310",13
202000012808,20,2,27,18:30,3,1,1,6,7,68158,M,"47,5910430","7,4085830",68
202000012809,20,1,23,07:20,3,1,1,1,2,67043,M,"48,6150963","7,7264039",67
202000012810,20,3,2,11:25,1,2,1,2,2,68155,M,"48,0937850","7,3068420",68
202000012811,20,3,1,15:38,1,2,2,1,3,39501,M,"47,1258040","5,4610190",39
202000012812,20,2,25,22:30,3,1,1,8,7,25575,M,"47,2794460","6,1652290",25
202000012813,20,1,24,23:35,3,1,1,1,6,59032,M,"50,3373329","3,5195313",59
202000012814,20,3,1,23:30,3,1,1,1,1,44171,M,"47,1410055"," -1,7139637",44
202000012815,20,1,27,09:40,1,1,1,2,2,94021,M,"48,7692500","2,3454000",94
202000012816,20,3,2,15:36,1,2,1,1,1,44043,M,"47,1091130"," -1,2432560",44
202000012817,20,1,27,07:55,3,1,1,2,3,92002,M,"48,7295006","2,3068977",92
202000012818,20,3,1,17:45,1,1,1,2,3,44186,M,"47,0978920"," -1,8173000",44
202000012819,20,1,27,14:20,1,1,1,1,2,78291,M,"48,9650730","1,7555560",78
202000012820,20,3,1,19:30,3,1,1,1,1,44131,M,"47,1091282"," -2,0682656",44
202000012821,20,1,26,23:35,4,1,1,2,2,92036,M,"48,9355850","2,2852542",92