Num_Acc,an,mois,jour,hrmn,lum,agg,int,atm,col,com,gps,lat,long,dep
202000012822,20,1,26,16:30,1,1,1,1,2,93053,M,"48,8945400","2,4716500",93
202000012823,20,2,28,08:50,1,1,1,8,1,35299,M,"48,6447090"," -1,9174040",35
202000012824,20,2,27,15:00,1,1,3,1,3,35023,M,"48,1726420"," -1,9436270",35
202000012825,20,1,26,07:00,3,1,1,1,2,95252,M,"48,9877200","2,2068000",95
202000012826,20,3,4,00:30,3,2,3,1,6,29004,M,"47,9323121"," -3,6981460",29
202000012827,20,1,25,20:20,3,1,1,1,6,95252,M,"48,9863300","2,2119900",95
202000012828,20,2,27,15:20,1,2,2,1,3,29276,M,"48,6660970"," -4,0676018",29
202000012829,20,1,25,21:25,3,1,1,1,-1,77363,M,"48,9280189","2,6282832",77
202000012830,20,1,10,16:25,1,1,1,1,6,97416,R," -21,2979000","55,4387000",974
202000012831,20,2,24,17:30,2,1,3,2,1,29020,M,"48,0574796"," -4,0249875",29
202000012832,20,1,25,21:20,4,2,1,2,6,97302,G,"4,9291730"," -52,3041916",973
202000012833,20,1,26,17:40,1,2,1,1,6,69388,M,"45,7294900","4,8840700",69
202000012834,20,2,29,12:45,1,1,4,2,2,29195,M,"48,5705871"," -4,4508945",29
202000012835,20,3,1,03:30,3,1,1,1,7,31237,M,"43,0776810","0,9591900",31
202000012836,20,1,20,05:40,5,2,3,1,3,69388,M,"45,7425000","4,8800000",69
202000012837,20,1,26,05:45,5,2,1,2,6,69387,M,"45,7313800","4,8241000",69
202000012838,20,3,1,07:00,2,2,1,1,6,31208,M,"43,0722440","0,8670160",31
202000012839,20,3,2,11:50,1,1,1,2,6,31502,M,"43,1820350","0,7393560",31
202000012840,20,1,26,11:35,1,1,1,1,7,97213,A,"14,6177000"," -61,0223000",972
202000012841,20,3,3,14:50,1,1,1,6,6,31375,M,"43,2045500","1,2127020",31
202000012842,20,3,1,21:00,3,1,1,1,6,38389,M,"45,5663500","5,0978000",38
202000012843,20,1,25,11:00,1,2,3,1,3,69286,M,"45,8053200","4,8849300",69
202000012844,20,2,23,22:35,3,1,1,1,7,38399,M,"45,5022000","5,1509400",38
202000012845,20,1,26,02:55,5,2,1,1,6,69382,M,"45,7415000","4,8197000",69
202000012846,20,1,26,02:20,5,2,2,1,3,2B033,M,"42,7010000","9,4500000",2B
202000012847,20,1,25,14:50,1,2,9,1,6,83090,M,"43,1416600","5,8484500",83
202000012848,20,3,2,13:35,1,1,1,3,6,38291,M,"45,3612100","5,1261000",38
202000012849,20,1,26,19:15,2,2,2,1,1,78586,M,"48,9389900","2,1918600",78
202000012850,20,3,1,18:05,2,1,1,2,6,38410,M,"45,0851800","5,2092700",38
202000012851,20,1,25,10:10,1,2,3,1,1,68166,M,"47,7789900","7,3123100",68
202000012852,20,3,1,13:40,1,1,1,1,2,38022,M,"45,6668700","5,5726900",38
202000012853,20,1,26,18:45,5,2,2,2,3,60057,M,"49,4239971","2,0845753",60
202000012854,20,2,14,16:40,1,1,3,7,6,38022,M,"45,6195790","5,6073990",38
202000012855,20,1,26,09:20,1,2,2,8,3,60057,M,"49,4154090","2,0769508",60
202000012856,20,1,26,10:30,1,2,1,1,2,45147,M,"47,9376800","1,8947300",45
202000012857,20,1,26,05:50,5,2,1,1,6,45234,M,"47,9079700","1,9224110",45
202000012858,20,1,26,04:30,4,2,1,1,6,44109,M,"47,2236600"," -1,5645700",44
202000012859,20,2,26,13:30,1,1,1,4,-1,02232,M,"49,2304060","2,9826590",02
202000012860,20,1,26,19:00,5,2,3,2,6,35238,M,"48,1185630"," -1,6889520",35
202000012861,20,2,29,09:45,1,1,1,1,3,02694,M,"49,7439540","3,1928910",02
202000012862,20,1,26,19:30,2,2,6,1,-1,33063,M,"44,8872300"," -0,5493900",33
202000012863,20,1,15,17:20,3,1,1,2,7,02355,M,"49,8939430","3,2640120",02
202000012864,20,2,25,17:40,1,1,1,1,2,03204,M,"46,3192793","3,3503889",03
202000012865,20,1,26,04:45,3,1,1,1,1,33529,M,"44,6338900"," -1,1886200",33
202000012866,20,2,19,16:30,1,1,1,1,2,03160,M,"46,2274646","3,4007654",03
202000012867,20,1,26,17:40,3,2,1,2,6,29232,M,"47,9897300"," -4,0739700",29
202000012868,20,1,26,06:14,5,2,1,1,6,18033,M,"47,0937540","2,4022590",18
202000012869,20,2,28,15:00,1,1,2,1,5,15244,M,"45,0642308","2,9777348",15
202000012870,20,3,1,22:10,3,1,1,2,6,15083,M,"44,9821110","2,4117030",15
202000012871,20,1,26,21:10,5,2,1,2,3,13208,M,"43,2584000","5,3942000",13
202000012872,20,3,4,12:05,1,1,1,9,7,01453,M,"45,9106080","5,7420140",01
202000012873,20,1,26,14:00,1,2,9,8,6,13204,M,"43,3079566","5,4024230",13
202000012874,20,3,3,21:00,5,2,6,1,3,01034,M,"45,7577520","5,6784300",01
202000012875,20,1,26,12:15,1,2,3,3,3,13211,M,"43,2888660","5,4614060",13
202000012876,20,2,29,14:45,1,1,1,2,7,01457,M,"46,2321180","5,0062470",01
202000012877,20,1,26,10:20,1,2,1,2,3,13212,M,"43,3114688","5,4453960",13
202000012878,20,3,3,17:00,2,1,1,2,1,70082,M,"47,4800010","6,2777850",70
202000012879,20,1,26,06:15,3,2,1,1,3,13209,M,"43,2588380","5,4171550",13
202000012880,20,3,3,17:40,1,1,3,1,2,70428,M,"47,6474069","6,1022990",70
202000012881,20,1,26,02:40,5,2,2,1,3,13209,M,"43,2686000","5,4039000",13
202000012882,20,2,28,16:45,1,1,2,1,3,26208,M,"44,8102860","4,9051700",26
202000012883,20,1,26,16:40,1,2,1,1,6,07070,M,"44,9581760","4,8471650",07
202000012884,20,3,3,16:30,1,2,1,4,-1,66124,M,"42,5052583","2,0437453",66
202000012885,20,1,26,03:55,5,2,1,1,2,06088,M,"43,6755300","7,2228500",06
202000012886,20,1,26,20:41,5,2,1,1,3,06088,M,"43,6974400","7,2272900",06
202000012887,20,2,27,05:45,3,1,1,6,7,72150,M,"48,1036130","0,2415810",72
202000012888,20,3,1,06:15,5,2,6,1,6,72386,M,"47,9990150","0,2363780",72
202000012889,20,2,26,17:05,1,1,1,8,7,72054,M,"48,0144290","0,3322330",72
202000012890,20,1,26,11:20,1,2,1,1,2,06069,M,"43,6573630","6,9232640",06
202000012891,20,2,28,09:40,1,1,1,1,1,06110,M,"44,0883630","7,0421400",06
202000012892,20,1,26,02:58,5,2,1,1,6,75108,M,"48,8646300","2,3195580",75
202000012893,20,1,25,00:11,5,2,2,5,6,75118,M,"48,8971123","2,3592247",75
202000012894,20,2,25,11:35,1,1,1,1,2,06059,M,"43,7239360","7,3821370",06
202000012895,20,2,26,19:15,5,2,1,2,6,14257,M,"49,1000470"," -0,5018010",14
202000012896,20,1,25,23:00,5,2,2,1,3,75115,M,"48,8478000","2,2965600",75
202000012897,20,2,29,05:10,3,1,1,1,1,05123,M,"44,5481540","5,9818840",05
202000012898,20,3,2,20:10,5,2,1,6,6,05144,M,"44,7925790","6,0842850",05
202000012899,20,1,26,19:08,5,2,1,1,3,75114,M,"48,8412380","2,3217710",75
202000012900,20,2,26,12:15,1,1,1,1,2,50403,M,"49,1544010"," -1,5113930",50
202000012901,20,1,26,17:27,2,2,2,1,6,75113,M,"48,8308160","2,3441230",75
202000012902,20,3,4,00:30,3,1,1,2,6,50003,M,"49,0602750"," -1,5871220",50
202000012903,20,3,3,14:15,1,1,2,2,3,50453,M,"48,8454750"," -1,2012970",50
202000012904,20,2,27,17:45,1,1,1,2,3,50453,M,"48,8481580"," -1,2087270",50
202000012905,20,1,26,17:35,2,2,1,1,4,75112,M,"48,8182240","2,4525960",75
202000012906,20,3,1,18:30,1,1,1,1,3,09326,M,"42,7720620","1,7106860",09
202000012907,20,1,25,23:15,5,2,2,1,6,75110,M,"48,8798737","2,3673671",75
202000012908,20,3,1,12:15,1,1,1,2,3,60536,M,"49,3086252","2,7053755",60
202000012909,20,2,29,11:45,1,2,1,3,6,60508,M,"49,3023590","2,6476160",60
202000012910,20,1,26,09:25,1,2,2,1,7,75108,M,"48,8641010","2,3201220",75
202000012911,20,2,28,01:30,3,1,1,1,6,60291,M,"49,6541929","3,0702919",60
202000012912,20,1,26,14:45,1,2,3,1,7,75107,M,"48,8623160","2,3063180",75
202000012913,20,3,1,04:55,3,1,1,8,1,60636,M,"49,4889537","2,8750781",60
202000012914,20,1,21,08:40,1,2,1,4,6,75107,M,"48,8628473","2,3057476",75
202000012915,20,2,26,14:30,1,2,9,8,6,60636,M,"49,4748100","2,8832670",60
202000012916,20,1,25,01:00,5,2,1,1,4,75102,M,"48,8697621","2,3517695",75
202000012917,20,2,21,08:45,1,1,1,1,6,60247,M,"49,4306400","2,5424340",60
202000012918,20,1,26,02:30,5,2,1,2,7,75101,M,"48,8569920","2,3411980",75
202000012919,20,1,25,20:45,5,2,4,1,3,75103,M,"48,8594450","2,3645310",75
202000012920,20,3,2,21:10,5,1,1,1,2,60477,M,"49,4354474","1,9118167",60
202000012921,20,1,26,06:00,5,2,2,2,3,93077,M,"48,8828200","2,5142600",93
202000012922,20,2,26,09:20,1,1,3,2,2,64368,M,"43,3821270"," -1,0918520",64
202000012923,20,1,26,19:50,5,2,9,1,6,93051,M,"48,8373480","2,5469078",93
202000012924,20,2,28,10:00,1,2,1,1,6,73240,M,"45,4817374","6,0647735",73
202000012925,20,3,1,07:00,2,2,1,1,6,43051,M,"45,0598840","4,3015210",43
202000012926,20,1,26,15:30,1,2,1,8,6,93005,M,"48,9407670","2,5005560",93
202000012927,20,1,26,13:40,1,2,9,1,6,92073,M,"48,8757000","2,2178000",92
202000012928,20,3,1,08:30,1,1,1,1,2,43223,M,"45,2583420","4,3373520",43
202000012929,20,1,26,20:20,5,2,2,1,3,92026,M,"48,9022370","2,2395070",92
202000012930,20,2,25,12:20,1,2,1,1,-1,10031,M,"48,5519560","3,5789900",10
202000012931,20,1,26,18:55,5,2,3,2,6,22050,M,"48,4529690"," -2,0483550",22
202000012932,20,2,25,20:40,5,2,3,1,1,10268,M,"48,4947520","3,4989580",10
202000012933,20,1,24,23:00,3,1,1,1,6,49244,M,"47,3517480"," -1,0204200",49
202000012934,20,2,28,06:45,1,1,2,1,3,36020,M,"46,3872900","1,2517120",36
202000012935,20,1,4,14:52,1,2,3,1,6,38425,M,"45,3976290","4,7769180",38
202000012936,20,3,1,06:30,2,1,1,2,6,36241,M,"46,8675340","1,5256190",36
202000012937,20,1,26,15:00,1,1,1,5,7,67242,M,"48,8239682","7,5351696",67
202000012938,20,1,12,12:30,1,2,2,1,3,41246,M,"47,5030910","1,3359550",41
202000012939,20,2,28,20:00,3,1,1,2,6,36212,M,"46,8536083","1,2324927",36
202000012940,20,2,29,18:00,5,2,1,1,2,16206,M,"45,8748091","0,1790806",16
202000012941,20,1,26,10:15,1,1,3,1,3,34042,M,"43,9020670","3,6996460",34
202000012942,20,3,1,12:45,1,1,1,6,6,16281,M,"45,7299060","0,3906320",16
202000012943,20,3,2,22:00,3,1,1,2,1,07198,M,"44,7771670","4,7617650",07
202000012944,20,1,27,17:00,1,1,3,1,1,81005,M,"43,4699495","2,5343624",81
202000012945,20,2,25,18:40,1,2,1,1,6,53086,M,"48,2038300"," -1,0598170",53
202000012946,20,1,26,15:18,1,1,1,1,7,67073,M,"48,2799340","7,4118720",67
202000012947,20,2,28,16:20,1,1,3,2,3,21584,M,"47,3036520","4,2092060",21
202000012948,20,1,26,20:10,3,1,1,3,7,22036,M,"48,2628478"," -2,1455258",22
202000012949,20,3,1,07:30,3,1,1,2,6,21235,M,"47,6213800","4,6679230",21
202000012950,20,3,1,15:45,1,2,3,2,3,40081,M,"43,9919920"," -0,5292860",40
202000012951,20,1,23,12:45,1,1,1,1,1,85215,M,"46,8677610"," -1,1602380",85
202000012952,20,2,29,11:50,1,1,1,2,7,40274,M,"43,9207720"," -0,6257060",40
202000012953,20,1,26,15:50,1,2,1,1,6,62045,M,"50,3526264","2,5930878",62
202000012954,20,1,26,03:30,4,2,1,5,6,62342,M,"50,4999218","2,2750471",62
202000012955,20,2,29,23:15,3,1,1,3,7,24460,M,"45,2534060","0,3977270",24
202000012956,20,3,2,22:00,3,1,1,6,6,04088,M,"43,9240762","5,7903631",04
202000012957,20,1,17,12:30,1,2,3,2,1,19100,M,"45,3474378","1,6383737",19
202000012958,20,1,27,17:00,1,1,1,2,6,77109,M,"48,5879630","3,1685260",77
202000012959,20,2,27,12:05,1,2,1,2,2,27467,M,"49,3582610","0,5094090",27
202000012960,20,1,27,09:40,1,1,1,8,7,80360,M,"50,0533430","1,5653480",80
202000012961,20,1,26,05:30,3,1,1,1,1,32107,M,"43,9580920","0,3680100",32
202000012962,20,1,28,09:00,2,2,1,7,6,27428,M,"49,1521030","0,9050200",27
202000012963,20,1,25,18:45,3,1,1,1,4,11340,M,"43,2378250","2,1960640",11
202000012964,20,3,1,07:50,2,1,1,1,7,27042,M,"49,1636130","0,4698690",27
202000012965,20,1,27,09:05,1,1,2,1,5,71379,M,"46,5680793","5,2974856",71
202000012966,20,1,26,18:40,5,2,1,2,1,76255,M,"50,0538670","1,3950170",76
202000012967,20,3,2,17:30,1,2,1,8,6,30198,M,"44,1166690","3,7239630",30
202000012968,20,1,27,19:10,3,1,1,2,1,61096,M,"48,5265240"," -0,4088010",61
202000012969,20,2,27,18:00,1,1,1,2,-1,30325,M,"43,9932310","3,6875550",30
202000012970,20,2,26,19:30,5,2,1,1,6,48080,M,"44,7315870","3,8582660",48
202000012971,20,1,26,19:15,5,2,1,2,3,44003,M,"47,3734050"," -1,1937870",44
202000012972,20,1,26,05:45,3,1,1,2,7,29061,M,"48,4324180"," -4,4701270",29
202000012973,20,2,24,16:39,1,2,4,1,2,52060,M,"47,9548340","5,7339300",52
202000012974,20,1,26,20:00,5,2,1,1,6,31375,M,"43,2079470","1,2269940",31
202000012975,20,3,1,05:30,3,1,2,3,3,24373,M,"44,6745200","0,4711510",24
202000012976,20,1,26,14:05,1,1,2,1,3,31584,M,"43,8181790","1,4644860",31
202000012977,20,3,1,06:00,3,1,1,1,-1,68082,M,"47,8705734","7,3886753",68
202000012978,20,1,24,17:00,2,1,1,9,7,03046,M,"46,4584337","2,9495266",03
202000012979,20,1,27,15:42,1,1,1,2,1,15122,M,"44,7003020","2,1922660",15
202000012980,20,1,24,15:00,1,2,1,1,3,58278,M,"46,9618250","3,1572070",58
202000012981,20,1,24,20:18,3,1,1,5,1,54312,M,"48,9231970","6,0923080",54
202000012982,20,2,25,15:15,1,1,1,1,7,97801,,"18,0779630"," -63,0290510",978
202000012983,20,2,29,11:50,1,1,1,8,1,13051,M,"43,5404300","5,1481910",13
202000012984,20,2,28,14:00,1,2,3,1,3,34337,M,"43,5351310","3,8620160",34
202000012985,20,1,27,10:10,1,1,1,8,1,60029,M,"49,3852640","1,9617680",60
202000012986,20,3,2,10:40,1,1,1,6,6,35210,M,"48,1502480"," -1,7271350",35
202000012987,20,1,26,17:45,2,1,9,1,6,45224,M,"48,0476362","2,0504235",45
202000012988,20,2,29,14:10,1,1,1,6,2,95151,M,"49,0582646","2,2773966",95
202000012989,20,1,26,16:30,1,2,1,8,7,43216,M,"45,1218320","3,8104640",43
202000012990,20,3,2,13:10,1,2,3,2,7,13037,M,"43,5506400","5,2029870",13
202000012991,20,1,26,12:30,1,2,1,1,2,40282,M,"43,7713300"," -0,5696900",40
202000012992,20,2,28,17:15,1,2,3,7,1,13037,M,"43,5541820","5,2006480",13
202000012993,20,3,3,17:20,1,2,2,1,1,97309,G,"4,9133740"," -52,2801050",973
202000012994,20,1,26,21:00,3,1,6,2,5,85213,M,"46,6225990"," -1,3685380",85
202000012995,20,2,27,20:20,5,2,3,1,1,97309,G,"4,9126630"," -52,2726330",973
202000012996,20,1,16,16:00,1,2,1,1,6,28280,M,"48,3212380","0,8218430",28
202000012997,20,2,26,06:40,1,2,3,1,1,97309,G,"4,9229200"," -52,2822650",973
202000012998,20,3,1,16:35,1,2,3,1,1,69244,M,"45,7578450","4,7506150",69
202000012999,20,1,26,19:40,5,2,2,1,3,17347,M,"45,9398320"," -0,5114800",17
202000013000,20,2,28,17:35,1,1,1,1,2,01043,M,"45,8210800","4,9942410",01
202000013001,20,3,1,12:30,1,2,1,8,1,06085,M,"43,6046930","7,0031110",06
202000013002,20,1,20,19:10,3,1,1,1,3,17175,M,"45,5545660"," -0,3461570",17
202000013003,20,1,26,16:30,1,1,9,1,2,78143,M,"48,7266110","2,0950470",78
202000013004,20,2,29,08:15,1,2,1,1,6,38253,M,"45,0147200","6,1255400",38
202000013005,20,2,27,15:35,1,1,1,8,6,67546,M,"48,7667246","7,6497871",67
202000013006,20,1,27,05:15,3,1,1,1,6,67049,M,"48,5121016","7,6218369",67
202000013007,20,3,2,08:50,1,1,1,2,5,90032,M,"47,6194500","6,8585260",90
202000013008,20,1,15,21:15,3,1,1,1,1,97602,Y," -12,7093110","45,1191060",976
202000013009,20,1,26,21:15,2,1,1,1,2,03118,M,"46,0867328","3,1320085",03
202000013010,20,3,1,03:52,3,1,1,2,6,49007,M,"47,4945890"," -0,5685420",49
202000013011,20,1,17,07:50,1,1,6,1,2,13069,M,"43,6261780","5,1504960",13
202000013012,20,3,1,07:30,2,1,1,5,6,38237,M,"45,0383400","6,2084800",38
202000013013,20,1,27,08:45,1,2,1,3,6,97309,G,"4,9144910"," -52,2742960",973
202000013014,20,3,2,14:55,1,1,1,8,4,26247,M,"45,1580120","4,8321820",26
202000013015,20,1,27,15:00,1,1,1,2,6,33122,M,"44,7227700"," -0,6845800",33
202000013016,20,2,26,12:10,1,1,1,2,2,11210,M,"43,1701307","2,7866650",11
202000013017,20,1,18,16:00,1,2,1,1,3,06085,M,"43,6050650","7,0020730",06
202000013018,20,2,29,06:00,3,1,1,2,6,30189,M,"43,8185970","4,3730630",30
202000013019,20,3,2,15:40,1,1,1,8,6,27517,M,"49,1295130","1,3206610",27
202000013020,20,1,24,20:17,3,1,1,1,1,44026,M,"47,2963460"," -1,4437580",44
202000013021,20,2,28,16:20,1,1,1,1,6,98750,P," -16,8374680"," -151,4031660",987
202000013022,20,1,27,08:10,1,2,1,1,6,97607,Y," -12,8363280","45,1724500",976
202000013023,20,3,2,03:00,3,2,1,2,7,98830,C," -20,7911000","165,2548200",988
202000013024,20,1,26,23:15,3,2,1,1,6,97419,R," -21,1529354","55,8210973",974
202000013025,20,3,1,13:00,1,1,1,1,6,98826,C," -20,4180840","164,2252640",988
202000013026,20,1,27,08:05,1,1,1,2,6,97311,G,"5,4923840"," -53,9715260",973
202000013027,20,2,24,17:30,1,1,1,1,6,98803,C," -21,6064300","165,3780660",988
202000013028,20,1,26,18:15,2,1,1,1,1,97119,A,"16,3631540"," -61,4569670",971
202000013029,20,3,1,07:30,1,2,1,1,1,97415,R," -21,0419840","55,2203830",974
202000013030,20,1,25,06:45,1,2,9,1,3,97701,,"17,8973400"," -62,8286330",977
202000013031,20,2,28,19:20,2,2,4,2,3,97408,R," -20,9656137","55,3325753",974
202000013032,20,2,28,14:20,1,1,1,1,7,97303,G,"5,5176390"," -53,3643080",973
202000013033,20,1,25,17:00,1,2,1,1,6,97131,A,"15,8702350"," -61,5792970",971
202000013034,20,1,22,14:45,1,2,1,1,6,45332,M,"47,8644333","2,6597911",45
202000013035,20,1,22,09:00,1,1,1,7,4,95554,M,"49,1752790","1,7525770",95
202000013036,20,2,25,21:00,5,2,9,1,3,97304,G,"5,1595003"," -52,6420541",973
202000013037,20,1,25,13:00,1,2,3,1,7,84092,M,"43,9854120","4,8734070",84
202000013038,20,1,27,17:10,1,1,1,1,6,83023,M,"43,4050160","6,1587600",83
202000013039,20,1,27,08:55,1,1,1,3,-1,89388,M,"47,9455280","3,2387350",89
202000013040,20,3,1,03:55,5,1,1,1,1,97117,A,"16,3364380"," -61,3728420",971
202000013041,20,1,13,07:15,1,2,1,1,2,97118,A,"16,1731730"," -61,5883260",971
202000013042,20,2,29,19:15,3,1,3,1,1,97115,A,"16,2728060"," -61,6563250",971
202000013043,20,3,4,13:30,1,1,1,1,7,97131,A,"15,8620260"," -61,5950790",971
202000013044,20,1,27,09:05,1,1,1,9,2,26168,M,"44,6676760","5,6973770",26
202000013045,20,3,4,08:30,1,1,1,1,6,97107,A,"16,0543150"," -61,5677640",971
202000013046,20,1,27,18:30,5,2,1,1,6,01032,M,"45,8561280","5,1338880",01
202000013047,20,1,20,15:40,1,2,3,1,6,33056,M,"44,9173600"," -0,6327500",33
202000013048,20,2,28,21:50,5,2,1,1,1,33199,M,"44,6364500"," -1,0903400",33
202000013049,20,1,27,15:13,1,1,3,2,3,22154,M,"48,5088526"," -2,6091054",22
202000013050,20,1,16,19:30,3,2,1,1,3,13202,M,"43,3162430","5,3649180",13
202000013051,20,1,26,04:10,3,1,1,8,6,69152,M,"45,7077694","4,8303549",69
202000013052,20,2,25,20:50,3,1,1,1,6,37258,M,"47,1653916","0,1488373",37
202000013053,20,1,26,14:35,1,1,1,3,6,33162,M,"44,8589800"," -0,6620700",33
202000013054,20,1,26,15:05,1,1,1,8,6,91182,M,"48,6124900","2,4305400",91
202000013055,20,1,26,11:15,1,1,1,1,6,91182,M,"48,6275900","2,4136300",91
202000013056,20,2,29,10:50,1,1,6,3,6,45155,M,"47,7446910","2,6870580",45
202000013057,20,3,2,19:30,3,1,1,6,1,77090,M,"48,5593291","3,1666047",77
202000013058,20,3,1,13:50,1,1,1,3,6,77525,M,"49,0129350","2,7448010",77
202000013059,20,2,27,14:20,1,1,1,6,6,91568,M,"48,5792890","2,1309890",91
202000013060,20,2,28,10:50,1,1,3,8,3,91195,M,"48,4488250","2,4670640",91
202000013061,20,3,3,18:45,3,1,2,1,3,78470,M,"48,5784070","1,7987700",78
202000013062,20,2,29,17:08,1,1,1,1,6,2B057,M,"42,2484550","9,5281930",2B
202000013063,20,2,27,21:05,5,2,1,1,1,2B148,M,"42,5500140","9,4543790",2B
202000013064,20,1,26,12:50,1,1,1,1,2,92025,M,"48,9285110","2,2396123",92
202000013065,20,1,25,22:10,5,1,1,1,7,92063,M,"48,8714572","2,1572570",92
202000013066,20,2,28,19:15,3,1,1,8,6,30307,M,"44,1731590","4,0485690",30
202000013067,20,2,29,06:00,3,1,1,1,6,11076,M,"43,3305160","1,9145390",11
202000013068,20,1,25,16:45,1,1,1,1,2,78455,M,"48,8605840","2,0474650",78
202000013069,20,1,26,20:50,3,1,1,1,6,95018,M,"48,9621000","2,2684500",95
202000013070,20,2,25,11:20,1,1,1,1,3,11081,M,"43,3072710","2,5181870",11
202000013071,20,1,26,06:00,3,1,1,2,2,77294,M,"48,9690359","2,6003110",77
202000013072,20,1,25,13:30,1,2,1,1,3,97611,Y," -12,7876600","45,1744400",976
202000013073,20,1,24,19:50,2,1,9,1,3,97409,R," -20,9588100","55,6573300",974
202000013074,20,1,25,01:03,5,2,1,1,2,69387,M,"45,7222890","4,8421012",69
202000013075,20,1,25,18:35,5,2,1,1,3,97209,A,"14,6206900"," -61,0694400",972
202000013076,20,1,24,21:15,4,2,1,1,2,97209,A,"14,6109864"," -61,0807800",972
202000013077,20,1,25,18:45,5,2,1,1,3,69034,M,"45,7884000","4,8304000",69
202000013078,20,1,25,16:00,1,2,1,1,2,69389,M,"45,7692300","4,7976500",69
202000013079,20,1,25,07:45,1,2,3,1,6,69385,M,"45,7635995","4,7953514",69
202000013080,20,1,25,21:15,5,2,1,1,2,91286,M,"48,6663700","2,3967100",91
202000013081,20,1,25,14:15,1,2,6,1,2,91223,M,"48,4371400","2,1631300",91
202000013082,20,1,24,12:05,1,2,2,1,3,91479,M,"48,7104100","2,3590200",91
202000013083,20,1,25,18:45,5,2,1,1,6,86194,M,"46,5868957","0,3286417",86
202000013084,20,1,25,01:45,4,2,1,8,6,83137,M,"43,1203200","5,9490100",83
202000013085,20,2,29,19:05,5,2,1,2,6,34276,M,"43,7659920","3,8658250",34
202000013086,20,1,25,03:50,5,2,1,1,2,77442,M,"48,4286400","2,7501000",77
202000013087,20,1,24,15:00,1,2,1,1,6,76212,M,"49,4407800","1,1466200",76
202000013088,20,1,22,08:30,1,2,1,1,6,76114,M,"49,5610000","0,4739000",76
202000013089,20,1,25,14:55,1,2,1,1,6,74281,M,"46,3575200","6,4503400",74
202000013090,20,1,25,14:50,1,2,1,1,4,64545,M,"43,3751400"," -1,6781200",64
202000013091,20,1,25,19:30,5,2,1,1,6,64348,M,"43,3063623"," -0,4040372",64
202000013092,20,7,17,12:50,1,1,1,1,4,94046,M,"48,8086140","2,4487946",94
202000013093,20,7,17,05:00,3,1,1,1,3,94069,M,"48,8174408","2,4311863",94
202000013094,20,1,1,15:15,1,2,9,1,3,93005,M,"48,9516788","2,4904990",93
202000013095,20,7,16,17:55,2,2,1,1,3,97407,R," -20,9569600","55,3140200",974
202000013096,20,7,16,07:35,1,1,9,1,3,97407,R," -20,9453500","55,3244800",974
202000013097,20,7,15,13:20,1,2,3,1,6,97407,R," -20,9574000","55,3127800",974
202000013098,20,7,16,15:50,1,2,3,1,3,69383,M,"45,7561400","4,8558000",69
202000013099,20,7,16,12:45,1,2,2,1,6,69388,M,"45,7416000","4,8605000",69
202000013100,20,7,16,12:50,1,2,1,1,2,69383,M,"45,7620100","4,8412500",69
202000013101,20,7,16,10:00,1,1,1,1,3,69259,M,"45,7192686","4,8788253",69
202000013102,20,7,16,10:10,1,1,3,1,1,97101,A,"16,2886300"," -61,4951400",971
202000013103,20,7,16,17:05,1,2,3,1,3,91201,M,"48,6643100","2,4192400",91
202000013104,20,7,16,08:20,1,2,1,1,3,83069,M,"43,1233900","6,1013800",83
202000013105,20,7,16,05:15,5,2,1,1,1,80021,M,"49,9352100","2,2842600",80
202000013106,20,7,13,18:20,1,2,1,1,2,80021,M,"49,8706750","2,2802530",80
202000013107,20,7,13,14:40,1,2,1,1,2,80725,M,"49,8709300","2,2604700",80
202000013108,20,7,13,12:15,1,2,1,1,3,80021,M,"49,8755200","2,2785400",80
202000013109,20,7,16,23:20,1,2,1,1,2,77288,M,"48,5432300","2,6600300",77
202000013110,20,7,16,09:30,1,2,7,1,6,76217,M,"49,9200000","1,0796300",76
202000013111,20,7,12,03:40,3,1,1,1,7,74118,M,"46,1721100","6,2153700",74
202000013112,20,7,16,06:48,1,2,4,1,4,74010,M,"45,9194600","6,1256600",74
202000013113,20,7,11,11:15,1,2,1,1,4,73065,M,"45,5797700","5,9091000",73
202000013114,20,7,15,16:25,1,2,1,1,5,71306,M,"46,6801461","4,3644529",71
202000013115,20,7,16,13:55,1,2,1,8,2,62826,M,"50,5187680","1,5948200",62
202000013116,20,7,8,11:20,1,2,2,1,2,61001,M,"48,4364400","0,0775400",61
202000013117,20,7,15,15:30,1,2,1,1,4,60057,M,"49,4336100","2,0902700",60
202000013118,20,7,14,16:35,1,1,1,2,7,56260,M,"47,6685680"," -2,7729730",56
202000013119,20,7,16,13:50,1,1,1,1,5,54079,M,"48,8773900","6,0579400",54
202000013120,20,7,16,17:16,1,2,3,1,2,45284,M,"47,9190700","1,9601500",45
202000013121,20,6,19,19:50,1,2,1,1,6,44109,M,"47,2318700"," -1,5646900",44
202000013122,20,6,22,19:15,1,2,1,1,6,44109,M,"47,2139010"," -1,5557070",44
202000013123,20,6,10,11:30,1,2,1,1,6,41269,M,"47,7985400","1,0657300",41
202000013124,20,7,16,23:30,5,2,1,1,7,37122,M,"47,3393284","0,6535388",37
202000013125,20,7,15,12:25,1,2,1,1,4,37122,M,"47,3468750","0,6462071",37
202000013126,20,7,16,18:50,1,2,1,1,4,35238,M,"48,1071500"," -1,7190200",35