Num_Acc,an,mois,jour,hrmn,lum,agg,int,atm,col,com,gps,lat,long,dep
202000013127,20,7,15,16:15,1,2,1,1,6,35115,M,"48,3588600"," -1,2051200",35
202000013128,20,7,14,06:25,1,2,1,1,1,34032,M,"43,3482500","3,2198700",34
202000013129,20,7,16,17:35,1,2,1,1,6,33281,M,"44,8422000"," -0,6466100",33
202000013130,20,7,16,14:20,1,1,1,1,6,33249,M,"44,8802600"," -0,5043000",33
202000013131,20,7,16,08:30,1,2,3,1,4,33550,M,"44,7682500"," -0,5636600",33
202000013132,20,7,15,15:10,1,1,1,1,3,32013,M,"43,6444400","0,5271900",32
202000013133,20,7,15,23:35,5,2,1,1,6,31555,M,"43,5629400","1,4015500",31
202000013134,20,7,15,15:30,1,1,1,1,2,31555,M,"43,5694800","1,3739000",31
202000013135,20,7,16,13:30,1,2,2,1,3,30189,M,"43,8210200","4,3472000",30
202000013136,20,6,29,20:22,2,2,1,1,6,30007,M,"44,1223200","4,0763300",30
202000013137,20,7,15,16:40,1,1,1,1,-1,29254,M,"48,5754307"," -3,8554294",29
202000013138,20,7,17,01:35,5,2,9,1,6,17300,M,"46,1557000"," -1,1710000",17
202000013139,20,7,16,14:22,1,2,1,1,6,17300,M,"46,1607100"," -1,1532400",17
202000013140,20,7,16,20:00,1,2,1,1,7,13216,M,"43,3507200","5,3512300",13
202000013141,20,7,16,17:00,1,2,2,1,3,13205,M,"43,2904910","5,3891113",13
202000013142,20,7,16,00:59,5,2,1,1,6,13214,M,"43,3461590","5,3806390",13
202000013143,20,7,12,00:10,5,2,4,1,3,13201,M,"43,2985290","5,3853060",13
202000013144,20,7,16,18:30,1,2,1,1,6,13028,M,"43,1792760","5,6034330",13
202000013145,20,7,16,12:07,1,2,1,8,-1,06127,M,"44,0707420","7,2547770",06
202000013146,20,7,16,09:37,1,2,3,1,6,06088,M,"43,7406580","7,3077940",06
202000013147,20,7,16,11:00,1,2,1,1,6,06123,M,"43,6621800","7,1935900",06
202000013148,20,7,15,15:00,1,2,9,1,3,05061,M,"44,5666400","6,0989200",05
202000013149,20,7,16,23:00,5,2,3,1,1,01053,M,"46,1911400","5,2310600",01
202000013150,20,7,16,09:00,1,2,4,1,2,75118,M,"48,8995230","2,3593830",75
202000013151,20,7,16,16:15,1,2,5,1,3,75117,M,"48,8809690","2,3003050",75
202000013152,20,7,16,17:30,1,2,5,8,3,75113,M,"48,8367750","2,3518410",75
202000013153,20,7,15,18:00,1,2,3,1,3,75113,M,"48,8347220","2,3669800",75
202000013154,20,7,16,10:15,1,2,1,1,7,75112,M,"48,8378900","2,3766800",75
202000013155,20,7,16,15:25,1,2,2,1,6,75111,M,"48,8681140","2,3724610",75
202000013156,20,7,16,18:30,1,2,7,1,6,75109,M,"48,8830580","2,3294130",75
202000013157,20,7,16,09:40,1,2,3,1,2,75108,M,"48,8713830","2,3025780",75
202000013158,20,7,16,00:50,5,2,1,1,6,75108,M,"48,8700640","2,3067490",75
202000013159,20,7,16,13:20,1,2,1,1,7,75104,M,"48,8580710","2,3517670",75
202000013160,20,7,16,14:35,1,2,2,1,3,94068,M,"48,7872360","2,4885210",94
202000013161,20,7,16,18:05,1,2,4,1,3,94046,M,"48,8006640","2,4306930",94
202000013162,20,7,16,16:55,1,2,1,1,2,94038,M,"48,7782400","2,3420200",94
202000013163,20,7,16,00:10,5,2,1,1,3,94073,M,"48,7577800","2,3685200",94
202000013164,20,7,16,07:55,1,2,1,2,4,94033,M,"48,8588800","2,4908900",94
202000013165,20,7,15,00:20,5,2,1,1,-1,94033,M,"48,8525000","2,4640000",94
202000013166,20,7,16,20:30,1,2,6,1,3,94011,M,"48,7656600","2,4887200",94
202000013167,20,7,16,13:35,1,2,2,1,3,93078,M,"48,9534800","2,5628800",93
202000013168,20,7,16,18:35,1,2,1,2,3,93071,M,"48,9396100","2,5129900",93
202000013169,20,7,16,15:35,1,2,6,8,7,93066,M,"48,9209759","2,3642780",93
202000013170,20,7,16,11:00,1,2,9,1,2,93027,M,"48,9334501","2,3870749",93
202000013171,20,7,14,11:00,1,2,2,1,2,92050,M,"48,8936855","2,2120457",92
202000013172,20,7,15,18:39,1,2,2,1,3,92050,M,"48,9040734","2,2191457",92
202000013173,20,7,16,19:21,1,2,2,1,3,92026,M,"48,8928010","2,2452340",92
202000013174,20,7,16,00:30,5,2,1,1,5,92024,M,"48,9069505","2,3006261",92
202000013175,20,7,16,11:43,1,2,1,1,1,92007,M,"48,8005737","2,3017202",92
202000013176,20,7,7,19:15,1,2,1,1,6,91235,M,"48,6240760","2,3645580",91
202000013177,20,7,17,17:01,1,1,1,1,3,06161,M,"43,6266010","7,1332170",06
202000013178,20,7,17,17:55,1,1,1,1,2,81040,M,"43,7245910","2,0551620",81
202000013179,20,7,16,12:10,1,2,6,1,7,51217,M,"49,0745233","3,6383117",51
202000013180,20,7,15,13:59,1,1,1,1,2,83086,M,"43,4647950","6,5372730",83
202000013181,20,7,16,22:30,3,1,1,1,7,41296,M,"47,6439540","1,9439950",41
202000013182,20,7,15,11:40,1,1,1,8,4,35363,M,"48,0033476"," -1,6927879",35
202000013183,20,7,7,09:35,1,2,6,1,2,83019,M,"43,1390500","6,3515890",83
202000013184,20,7,17,07:00,1,1,1,1,1,72187,M,"47,8090030","0,3445680",72
202000013185,20,7,17,07:35,1,1,2,1,3,41173,M,"47,8861040","1,5313270",41
202000013186,20,7,16,17:15,1,1,1,1,6,22114,M,"48,2285290"," -2,2808650",22
202000013187,20,7,16,19:45,2,2,2,8,3,74157,M,"46,3412170","6,5157030",74
202000013188,20,7,10,22:40,5,2,3,1,3,57191,M,"49,3630880","6,2913140",57
202000013189,20,7,10,18:50,1,1,1,1,7,19264,M,"45,2509153","2,1956187",19
202000013190,20,7,17,05:10,2,1,1,1,-1,79277,M,"47,0745160"," -0,1771100",79
202000013191,20,7,15,12:30,1,1,9,1,5,2B283,M,"41,8699000","9,3972270",2B
202000013192,20,7,16,15:20,1,1,1,1,6,32065,M,"43,6568120","0,4029750",32
202000013193,20,7,17,00:30,3,1,1,1,6,55573,M,"48,6906130","5,6121470",55
202000013194,20,7,16,21:00,2,2,1,1,6,42318,M,"45,3823350","3,9041000",42
202000013195,20,7,16,12:00,1,2,2,1,3,42092,M,"45,4857930","4,3795060",42
202000013196,20,7,12,10:55,1,1,1,1,6,46328,M,"44,3954510","1,7064540",46
202000013197,20,7,15,20:40,1,2,3,1,3,44056,M,"47,4092200"," -1,7946450",44
202000013198,20,7,17,11:50,1,1,1,8,7,15004,M,"45,0617906","3,0844438",15
202000013199,20,7,17,07:50,1,2,3,1,3,01034,M,"45,7671300","5,6915350",01
202000013200,20,7,12,15:10,1,2,4,1,6,26243,M,"44,5338810","5,0115140",26
202000013201,20,7,16,15:15,1,1,1,8,7,06110,M,"44,0965740","7,0559320",06
202000013202,20,7,11,11:00,1,1,1,1,6,14293,M,"49,1659360","0,3772260",14
202000013203,20,7,16,18:30,1,2,3,7,3,14406,M,"49,2527610"," -0,5609090",14
202000013204,20,7,12,15:30,1,1,1,1,7,14377,M,"49,3355000"," -0,6938840",14
202000013205,20,7,17,16:11,1,1,6,1,7,14468,M,"49,2330940"," -0,7669580",14
202000013206,20,7,12,10:55,1,2,1,1,6,50003,M,"49,0410500"," -1,5824440",50
202000013207,20,7,14,02:45,3,1,1,1,7,50072,M,"49,0862800"," -1,4841230",50
202000013208,20,7,17,03:00,5,2,1,1,6,60156,M,"49,4410780","2,8448900",60
202000013209,20,7,15,15:50,1,2,1,1,6,18015,M,"47,4915300","2,4396100",18
202000013210,20,6,20,10:05,1,2,1,1,1,24312,M,"45,1219180","0,7153370",24
202000013211,20,7,17,15:30,1,1,3,1,2,04108,M,"44,0466120","6,0478340",04
202000013212,20,7,17,11:45,1,1,1,1,2,85023,M,"46,5379500"," -1,1987700",85
202000013213,20,7,17,10:25,1,2,1,1,1,52237,M,"48,2664230","5,6324510",52
202000013214,20,7,13,14:50,1,2,1,1,3,88369,M,"47,8900690","6,7268800",88
202000013215,20,7,17,00:50,5,2,2,1,6,88288,M,"48,2491580","6,1564370",88
202000013216,20,7,15,17:00,1,2,3,1,3,97309,G,"4,9063442"," -52,2730103",973
202000013217,20,7,17,16:53,1,1,1,1,3,74221,M,"46,0065936","6,5177644",74
202000013218,20,7,9,11:15,1,1,1,1,2,51454,M,"49,2339734","4,0393609",51
202000013219,20,7,16,10:05,1,1,9,1,4,69007,M,"45,4998030","4,8270060",69
202000013220,20,7,9,10:00,1,2,1,1,2,97125,A,"16,2546580"," -61,2700550",971
202000013221,20,7,15,13:30,1,1,1,1,6,30155,M,"43,8298210","4,4606210",30
202000013222,20,7,17,00:50,3,1,1,1,7,11383,M,"43,3606090","1,9152260",11
202000013223,20,7,17,17:22,1,1,1,1,1,34166,M,"43,3527380","3,3479980",34
202000013224,20,9,14,14:28,1,2,1,1,3,57047,M,"49,1046070","6,5938250",57
202000013225,20,9,15,11:30,1,1,2,1,3,74031,M,"46,0939260","6,1039670",74
202000013226,20,7,13,15:25,1,1,1,1,5,83053,M,"43,1583610","5,8358970",83
202000013227,20,7,17,10:30,1,2,9,1,6,83115,M,"43,3112720","6,6362090",83
202000013228,20,9,13,17:25,1,1,1,1,2,73290,M,"45,2185140","6,9689729",73
202000013229,20,9,14,09:20,1,1,1,7,2,44209,M,"47,3298100"," -1,6571840",44
202000013230,20,7,17,12:15,1,1,1,1,5,13022,M,"43,2181800","5,5808190",13
202000013231,20,9,15,15:55,1,1,1,1,6,38442,M,"45,3488650","5,7805900",38
202000013232,20,9,15,16:05,1,1,1,1,6,38442,M,"45,3232040","5,7947090",38
202000013233,20,7,16,17:50,1,2,1,1,2,88458,M,"48,3928190","6,2567240",88
202000013234,20,9,13,02:00,3,1,1,1,2,40182,M,"44,0704280"," -1,1726400",40
202000013235,20,7,13,22:14,3,1,1,1,6,57160,M,"49,2010430","6,7255590",57
202000013236,20,9,14,15:10,1,2,1,1,7,40125,M,"43,6485130"," -1,0530250",40
202000013237,20,9,15,13:25,1,1,1,1,7,44047,M,"47,2245810"," -1,7760520",44
202000013238,20,7,17,04:23,3,1,3,1,2,03120,M,"46,6294977","3,7082411",03
202000013239,20,9,11,12:00,1,2,2,1,3,14365,M,"49,3014200"," -0,3295940",14
202000013240,20,9,15,17:55,1,2,1,1,6,76647,M,"49,5279050","0,3595160",76
202000013241,20,9,12,15:40,1,1,1,1,-1,59507,M,"50,6086390","3,0943840",59
202000013242,20,7,16,17:51,1,1,1,1,2,69179,M,"45,5908140","4,7273540",69
202000013243,20,9,10,12:45,1,1,1,1,2,59183,M,"51,0114730","2,3400410",59
202000013244,20,7,11,23:45,3,1,1,1,2,33553,M,"45,0170500"," -0,4267020",33
202000013245,20,9,14,17:25,1,1,1,1,4,91570,M,"48,6249000","2,3287000",91
202000013246,20,9,14,08:30,1,1,1,1,5,91521,M,"48,6405000","2,3939000",91
202000013247,20,7,16,22:55,3,1,2,1,3,85211,M,"46,5954600"," -1,5391300",85
202000013248,20,9,14,18:15,1,1,1,1,3,78455,M,"48,8602370","2,0481590",78
202000013249,20,7,17,08:50,1,1,3,1,3,85300,M,"46,6548000"," -1,5102500",85
202000013250,20,9,14,17:00,1,1,1,1,2,93005,M,"48,9651900","2,4754700",93
202000013251,20,9,14,13:45,1,1,1,7,7,95682,M,"49,0664897","2,3758992",95
202000013252,20,7,17,14:05,1,1,3,1,3,22179,M,"48,6393250"," -2,3756330",22
202000013253,20,9,14,00:45,5,1,1,1,2,93066,M,"48,9025700","2,3586000",93
202000013254,20,7,17,01:40,4,1,1,1,2,02282,M,"49,5559810","3,7085290",02
202000013255,20,7,17,08:00,1,1,1,1,7,59423,M,"50,6602480","2,6721680",59
202000013256,20,7,16,14:38,1,1,1,1,2,13202,M,"43,2919270","5,3659820",13
202000013257,20,7,15,12:15,1,1,1,1,3,13215,M,"43,3586500","5,3441200",13
202000013258,20,7,15,17:20,1,1,1,1,2,13215,M,"43,3506600","5,3423600",13
202000013259,20,2,2,18:45,5,1,1,2,4,69266,M,"45,7648000","4,9073000",69
202000013260,20,7,15,16:10,1,1,1,1,2,13215,M,"43,3905600","5,3513300",13
202000013261,20,9,13,15:30,1,2,2,2,3,98818,C," -22,2802000","166,4432800",988
202000013262,20,7,15,10:30,1,1,1,1,2,13015,M,"43,4447890","5,3957970",13
202000013263,20,9,13,10:55,1,2,1,7,3,97302,G,"4,9421923"," -52,3049855",973
202000013264,20,9,12,16:56,1,2,1,1,3,97302,G,"4,9338726"," -52,3135001",973
202000013265,20,9,12,12:20,1,2,3,1,3,97302,G,"4,9151791"," -52,3107514",973
202000013266,20,9,12,19:45,2,2,1,1,3,69387,M,"45,7448900","4,8308600",69
202000013267,20,7,11,14:20,1,1,1,1,2,59449,M,"50,4691772","3,2318103",59
202000013268,20,7,11,17:17,1,1,1,1,6,59574,M,"50,3676171","3,2603817",59
202000013269,20,9,13,02:40,5,2,1,1,3,69386,M,"45,7848500","4,8514400",69
202000013270,20,7,12,11:10,1,1,1,1,2,59143,M,"50,6568507","2,9043028",59
202000013271,20,9,13,00:40,5,2,1,1,3,69383,M,"45,7592700","4,8479200",69
202000013272,20,9,13,05:10,5,1,9,1,3,97213,A,"14,6183900"," -61,0314400",972
202000013273,20,9,12,12:10,1,1,1,1,3,97209,A,"14,6341500"," -61,0730800",972
202000013274,20,7,15,22:20,3,1,1,1,5,91689,M,"48,7434400","2,3232100",91
202000013275,20,9,13,21:38,3,2,1,1,7,95252,M,"48,9774000","2,2284000",95
202000013276,20,7,15,11:15,1,1,1,1,2,92050,M,"48,9044147","2,2078903",92
202000013277,20,7,16,18:15,1,1,1,1,3,93064,M,"48,8685900","2,4821300",93
202000013278,20,9,13,19:40,2,2,3,1,2,91174,M,"48,6215000","2,4662000",91
202000013279,20,7,16,11:00,1,1,1,1,7,95306,M,"49,0062500","2,1640900",95
202000013280,20,9,13,14:10,1,2,1,1,6,91174,M,"48,5928480","2,4698620",91
202000013281,20,7,15,13:45,1,1,1,1,6,95277,M,"48,9738100","2,4883720",95
202000013282,20,9,12,22:24,5,2,3,1,3,85191,M,"46,6711400"," -1,4269700",85
202000013283,20,7,15,09:40,1,1,1,1,2,95678,M,"49,0731600","2,2326800",95
202000013284,20,9,13,17:39,1,2,2,1,-1,83137,M,"43,1279070","5,9222960",83
202000013285,20,7,16,10:00,1,1,1,1,2,94028,M,"48,7747787","2,4444004",94
202000013286,20,9,13,16:00,1,2,2,1,2,83137,M,"43,1226700","5,9391800",83
202000013287,20,7,16,08:20,1,1,1,2,7,94052,M,"48,8325671","2,4925325",94
202000013288,20,7,16,07:00,1,1,1,1,4,94079,M,"48,8345879","2,5372206",94
202000013289,20,9,13,19:05,1,2,1,1,6,69256,M,"45,7630300","4,9305200",69
202000013290,20,5,13,15:45,1,1,4,1,3,59588,M,"51,0226300","2,4196900",59
202000013291,20,9,13,18:45,1,2,1,1,3,69266,M,"45,7711445","4,8641997",69
202000013292,20,7,15,17:05,1,2,2,1,6,97411,R," -20,8766310","55,4478480",974
202000013293,20,9,13,12:05,1,2,1,1,6,69266,M,"45,7690000","4,8718000",69
202000013294,20,9,10,10:30,1,1,3,1,3,62023,M,"50,5471000","2,5236000",62
202000013295,20,7,15,18:00,1,2,2,1,3,69388,M,"45,7344200","4,8660900",69
202000013296,20,9,12,22:15,5,2,2,1,1,62160,M,"50,7273500","1,6027000",62
202000013297,20,7,14,20:20,1,2,1,1,3,69383,M,"45,7512175","4,8547463",69
202000013298,20,9,8,17:30,1,1,1,1,3,62263,M,"50,2774500","2,6888800",62
202000013299,20,7,15,16:10,1,2,1,2,7,69385,M,"45,7539000","4,8173100",69
202000013300,20,9,13,21:50,5,2,1,1,2,59350,M,"50,6223100","3,0899000",59
202000013301,20,7,15,12:45,1,2,1,8,4,69202,M,"45,7364800","4,7973600",69
202000013302,20,9,13,20:40,5,2,1,1,2,37261,M,"47,3975885","0,6976161",37
202000013303,20,7,15,11:00,1,2,1,2,3,69202,M,"45,7450000","4,7940000",69
202000013304,20,9,13,14:55,1,2,2,1,3,35238,M,"48,0973800"," -1,6750900",35
202000013305,20,7,14,10:30,1,2,1,1,2,69381,M,"45,7679018","4,8208655",69
202000013306,20,9,13,00:50,5,2,1,1,6,34172,M,"43,6129300","3,8228300",34
202000013307,20,7,15,14:50,1,2,3,1,3,2A004,M,"41,9265882","8,7290707",2A
202000013308,20,9,13,04:30,3,2,1,1,7,34003,M,"43,3111800","3,4902100",34
202000013309,20,9,13,17:32,1,1,1,1,7,32013,M,"43,6290000","0,5201000",32
202000013310,20,7,13,12:40,1,2,1,1,3,95428,M,"48,9924811","2,3114659",95
202000013311,20,9,13,07:30,2,1,1,1,7,29051,M,"47,9896800"," -3,9799600",29
202000013312,20,7,15,21:20,2,2,2,1,3,91201,M,"48,6929000","2,4148700",91
202000013313,20,9,13,12:53,1,2,6,1,6,29039,M,"47,8778459"," -3,9250284",29
202000013314,20,7,15,07:25,1,2,9,1,3,91027,M,"48,7117660","2,3811030",91
202000013315,20,7,14,00:50,5,2,2,1,3,87085,M,"45,8253000","1,2509100",87
202000013316,20,9,13,09:28,1,2,6,7,-1,17306,M,"45,6364400"," -1,0287200",17
202000013317,20,7,13,16:00,1,1,1,1,3,85194,M,"46,4940500"," -1,7494600",85
202000013318,20,9,13,20:30,5,2,1,1,7,17300,M,"46,1411600"," -1,1577900",17
202000013319,20,7,13,17:35,1,2,2,1,3,85191,M,"46,6640300"," -1,4111600",85
202000013320,20,9,13,04:50,5,2,1,1,7,17274,M,"46,1555900"," -1,1102600",17
202000013321,20,7,15,17:40,1,2,9,1,6,83123,M,"43,1216740","5,8188930",83
202000013322,20,9,13,17:50,1,2,3,1,1,14118,M,"49,1713400"," -0,3989700",14
202000013323,20,7,12,19:35,1,1,1,1,6,83129,M,"43,0794210","5,8053740",83
202000013324,20,9,11,18:00,1,2,1,1,6,13211,M,"43,2965600","5,4853350",13
202000013325,20,7,10,08:00,1,2,1,1,2,83123,M,"43,1216740","5,8188930",83
202000013326,20,9,13,12:35,1,2,2,1,2,13205,M,"43,2923000","5,4011600",13
202000013327,20,7,13,16:00,1,2,1,1,3,83069,M,"43,1220000","6,1530000",83
202000013328,20,7,14,21:25,2,1,1,1,3,83118,M,"43,4433400","6,9000700",83
202000013329,20,9,13,11:15,1,2,2,1,3,13205,M,"43,2929000","5,3929290",13
202000013330,20,7,14,01:50,3,1,6,1,7,77053,M,"48,6838245","2,6358316",77
202000013331,20,9,12,20:20,5,2,1,1,3,13208,M,"43,2475300","5,3744000",13
202000013332,20,7,14,18:35,1,1,2,1,3,77186,M,"48,4808600","2,6669800",77
202000013333,20,9,13,12:00,1,2,3,1,3,13005,M,"43,2866300","5,5857900",13
202000013334,20,9,12,19:20,1,2,9,1,6,13001,M,"43,5240155","5,4340090",13
202000013335,20,9,12,12:03,1,2,1,1,2,11069,M,"43,2104000","2,3530000",11
202000013336,20,6,18,16:39,1,2,1,1,6,74281,M,"46,3698000","6,4775000",74
202000013337,20,9,13,19:05,1,2,1,1,6,09122,M,"42,9635600","1,6087520",09
202000013338,20,9,13,06:48,1,2,1,1,6,75106,M,"48,8519070","2,3410780",75
202000013339,20,7,15,05:55,5,2,9,1,1,64102,M,"43,4931800"," -1,4915100",64
202000013340,20,9,13,01:30,5,2,2,1,1,75106,M,"48,8502360","2,3241650",75
202000013341,20,7,13,08:40,1,2,2,1,3,59178,M,"50,3907400","3,0810300",59
202000013342,20,9,13,07:20,2,2,1,1,3,75120,M,"48,8531700","2,4087570",75
202000013343,20,7,15,13:00,1,2,1,1,3,57463,M,"49,0920000","6,2460000",57
202000013344,20,7,13,21:45,1,2,3,1,1,56121,M,"47,7496500"," -3,3596500",56
202000013345,20,7,13,20:55,1,2,1,1,3,55029,M,"48,7760615","5,1571155",55
202000013346,20,9,12,11:00,1,2,2,1,6,75120,M,"48,8490620","2,4115360",75
202000013347,20,7,15,09:50,1,2,1,2,6,54547,M,"48,6697453","6,1880352",54
202000013348,20,9,13,16:10,1,2,3,1,2,75119,M,"48,8825950","2,3904320",75
202000013349,20,7,15,18:39,1,2,1,1,7,51454,M,"49,2562440","4,0336432",51
202000013350,20,9,12,21:10,5,2,3,1,3,75118,M,"48,8926950","2,3488260",75
202000013351,20,9,13,19:25,2,2,3,1,3,75113,M,"48,8354830","2,3692800",75
202000013352,20,9,13,10:45,1,2,1,1,3,75113,M,"48,8402580","2,3702100",75
202000013353,20,9,13,17:00,1,2,1,1,3,75112,M,"48,8240850","2,4267540",75
202000013354,20,9,13,09:57,1,2,1,1,6,75111,M,"48,8697690","2,3749070",75
202000013355,20,9,13,03:20,5,2,4,1,7,75107,M,"48,8563780","2,3254240",75
202000013356,20,9,13,15:20,1,2,3,1,3,75101,M,"48,8629180","2,3506940",75
202000013357,20,9,13,12:00,1,2,1,1,7,75101,M,"48,8609670","2,3292590",75
202000013358,20,9,13,08:15,1,2,2,1,3,75101,M,"48,8609300","2,3408600",75
202000013359,20,9,12,23:17,5,2,1,1,2,94078,M,"48,7476400","2,4464900",94
202000013360,20,9,13,15:05,1,2,2,1,3,93072,M,"48,9521000","2,3847000",93
202000013361,20,9,13,18:25,1,2,3,1,1,93051,M,"48,8295100","2,5606000",93
202000013362,20,9,12,23:55,5,2,1,1,3,93049,M,"48,8526443","2,5128443",93
202000013363,20,9,12,23:50,4,2,2,1,1,93031,M,"48,9581042","2,2938539",93
202000013364,20,9,13,01:15,5,2,9,1,6,93027,M,"48,9208000","2,4103000",93
202000013365,20,9,13,11:00,1,2,1,1,2,93014,M,"48,9079146","2,5555216",93
202000013366,20,9,5,06:35,5,2,1,1,7,92033,M,"48,8448464","2,1869139",92
202000013367,20,9,13,16:45,1,2,1,1,6,92040,M,"48,8228811","2,2679642",92
202000013368,20,9,13,20:00,2,2,1,1,2,92012,M,"48,8341813","2,2426471",92
202000013369,20,9,13,19:20,1,2,1,1,6,92002,M,"48,7466486","2,3036477",92
202000013370,20,9,14,07:10,1,1,3,1,3,37040,M,"47,0862736","0,4012294",37
202000013371,20,9,13,15:40,1,1,1,1,6,16366,M,"45,6115990"," -0,2297220",16
202000013372,20,9,12,16:00,1,1,2,1,-1,22361,M,"48,5909440"," -2,9431340",22
202000013373,20,9,14,15:15,1,2,1,1,6,31547,M,"43,5063570","1,2990570",31
202000013374,20,9,14,16:00,1,1,1,1,1,10349,M,"48,3432010","4,0080790",10
202000013375,20,9,12,18:00,2,1,1,1,1,97226,A,"14,4438140"," -60,8346480",972
202000013376,20,8,16,14:55,1,2,1,1,7,97227,A,"14,4876120"," -60,9182400",972
202000013377,20,9,13,19:30,1,1,1,1,6,29266,M,"48,5399380"," -3,9104030",29
202000013378,20,9,13,16:15,1,2,1,1,-1,59022,M,"50,5260400","3,0624200",59
202000013379,20,9,14,09:10,1,1,1,1,2,65272,M,"43,1999480","0,1951900",65
202000013380,20,9,13,19:00,1,1,1,1,1,22185,M,"48,3813200"," -2,3850310",22
202000013381,20,9,13,09:00,1,1,1,1,3,22239,M,"48,3532830"," -2,1199430",22
202000013382,20,9,12,22:50,3,1,1,1,2,51613,M,"49,1848660","4,1613290",51
202000013383,20,9,14,08:00,1,1,1,1,3,2A271,M,"41,9532990","8,7891810",2A
202000013384,20,9,11,16:00,1,1,1,1,3,31150,M,"43,6619110","1,3551860",31
202000013385,20,9,13,15:25,1,2,1,1,7,71009,M,"47,0843480","4,0915920",71
202000013386,20,9,14,11:30,1,2,6,1,3,80533,M,"50,0599730","1,4089750",80
202000013387,20,9,13,21:10,3,1,1,1,6,55326,M,"48,6622330","5,2549090",55
202000013388,20,9,14,09:45,1,1,3,1,6,29086,M,"48,3593747"," -4,2418375",29
202000013389,20,9,13,18:30,3,1,1,1,2,68296,M,"48,2160540","7,4013050",68
202000013390,20,9,14,17:30,1,1,1,1,7,68155,M,"48,1028750","7,3029790",68
202000013391,20,9,13,09:50,1,1,1,1,7,39573,M,"47,0456950","5,4902240",39
202000013392,20,9,13,15:15,1,1,1,1,7,25029,M,"47,0217100","6,3051870",25
202000013393,20,9,13,18:05,1,2,6,1,1,29221,M,"48,5108230"," -4,7648640",29
202000013394,20,9,13,12:20,1,2,1,1,7,29235,M,"48,3955180"," -4,4175350",29
202000013395,20,9,13,16:35,1,2,1,1,6,38271,M,"45,1932400","5,8201500",38
202000013396,20,9,14,15:40,1,1,9,1,3,26108,M,"44,7310990","5,0152920",26
202000013397,20,9,13,20:45,3,1,9,1,7,72161,M,"47,7610790","0,5654440",72
202000013398,20,9,14,08:50,1,1,2,1,-1,72329,M,"48,0724370","0,3013190",72
202000013399,20,9,12,19:20,1,1,1,1,7,72230,M,"47,8537820","0,1312460",72
202000013400,20,9,13,23:20,3,1,1,1,6,50483,M,"49,1031930"," -1,1629630",50
202000013401,20,9,10,16:15,1,1,1,9,1,83145,M,"43,6084880","5,9506520",83
202000013402,20,9,13,20:45,3,1,1,1,3,60441,M,"49,4023720","2,6216980",60
202000013403,20,9,13,15:30,1,1,1,1,7,60206,M,"49,5279270","2,8166650",60
202000013404,20,9,13,17:30,1,2,1,1,1,43012,M,"45,3848029","4,2247962",43
202000013405,20,9,13,04:45,5,2,1,1,6,43113,M,"45,0021979","4,0051633",43
202000013406,20,9,12,13:15,1,1,1,1,6,43092,M,"44,9808050","4,2273710",43
202000013407,20,9,12,10:05,1,1,1,1,7,10011,M,"48,2519480","4,7502780",10
202000013408,20,8,15,08:20,1,1,1,1,6,16106,M,"46,0289580","0,6459720",16
202000013409,20,9,13,16:40,1,1,1,1,2,21256,M,"47,3236503","5,3081775",21
202000013410,20,9,13,20:45,3,1,1,1,6,40326,M,"43,9150070"," -1,3210840",40
202000013411,20,9,11,17:15,1,1,2,1,3,28273,M,"48,2102180","1,0087250",28
202000013412,20,9,14,11:12,1,1,1,1,6,23016,M,"45,9581400","2,0145810",23
202000013413,20,9,13,16:30,1,1,4,7,3,87046,M,"45,8251810","1,0453370",87
202000013414,20,9,14,14:40,1,1,1,1,7,30004,M,"43,7134250","4,2145010",30
202000013415,20,9,13,19:00,1,2,3,1,3,52470,M,"47,9917450","5,7380660",52
202000013416,20,9,14,08:40,1,2,3,7,3,88468,M,"47,8835820","6,7578420",88
202000013417,20,9,13,18:45,1,1,1,1,7,21131,M,"47,0324520","5,1661660",21
202000013418,20,9,13,14:30,1,1,1,1,6,62731,M,"50,0848809","3,0364269",62
202000013419,20,9,12,23:00,3,2,1,1,6,98740,P," -14,9719260"," -147,6344380",987
202000013420,20,9,14,13:00,1,2,1,1,7,97311,G,"5,4912610"," -54,0306650",973
202000013421,20,9,14,04:00,3,1,1,1,6,97311,G,"5,4046309"," -54,0624970",973
202000013422,20,9,10,11:53,1,1,1,1,6,97116,A,"16,3511400"," -61,4557550",971
202000013423,20,9,12,20:00,5,1,1,1,6,97128,A,"16,2627180"," -61,4253120",971
202000013424,20,9,12,20:10,5,2,1,1,1,97230,A,"14,7598970"," -60,9181270",972
202000013425,20,9,13,09:30,1,1,1,1,2,29233,M,"47,8434970"," -3,5789900",29
202000013426,20,9,11,16:50,1,2,3,1,3,41269,M,"47,8079450","1,0688330",41
202000013427,20,9,13,14:10,1,1,1,1,6,37043,M,"47,5148290","1,0516530",37
202000013428,20,9,3,12:20,1,1,2,1,3,45227,M,"47,7189035","2,5767506",45
202000013429,20,8,15,14:30,1,1,1,1,-1,84004,M,"44,1004070","5,0039290",84
202000013430,20,8,15,23:00,3,1,1,1,7,84026,M,"43,7506410","5,3637960",84
202000013431,20,8,22,18:00,1,1,1,1,1,83107,M,"43,3556170","6,7152270",83
202000013432,20,9,11,02:30,3,1,1,1,6,13097,M,"43,6390680","4,8568260",13