Num_Acc,an,mois,jour,hrmn,lum,agg,int,atm,col,com,gps,lat,long,dep
202000013433,20,9,10,11:30,1,1,9,1,7,71453,M,"46,2476645","4,0527548",71
202000013434,20,9,12,07:50,2,1,1,1,1,38537,M,"45,6286360","5,1586070",38
202000013435,20,9,13,09:55,1,1,1,1,6,26059,M,"44,9721000","5,3271030",26
202000013436,20,9,12,10:35,1,2,9,1,3,07042,M,"44,3823790","4,6416650",07
202000013437,20,9,13,20:53,3,1,1,1,3,17100,M,"45,6869450"," -0,4321570",17
202000013438,20,9,12,08:20,2,1,1,1,6,29179,M,"48,5198853"," -4,3092629",29
202000013439,20,9,14,12:40,1,1,1,1,2,80002,M,"49,8350990","2,8291590",80
202000013440,20,9,14,08:45,1,1,1,1,2,80186,M,"49,8063630","2,8150750",80
202000013441,20,9,13,18:45,1,1,1,1,3,13215,M,"43,3629105","5,3608507",13
202000013442,20,9,13,18:20,1,1,1,1,2,13215,M,"43,3596550","5,3619860",13
202000013443,20,2,12,21:15,3,1,1,1,3,13215,M,"43,3641200","5,3610800",13
202000013444,20,9,12,19:50,2,1,1,1,6,13214,M,"43,3303000","5,3777000",13
202000013445,20,9,11,17:00,1,1,1,1,2,13106,M,"43,3941900","5,3509500",13
202000013446,20,9,13,18:20,1,1,1,1,5,91659,M,"48,5917800","2,4451600",91
202000013447,20,9,13,03:00,3,1,1,1,2,91659,M,"48,5891900","2,4479400",91
202000013448,20,9,13,15:40,1,1,1,1,2,92036,M,"48,9360068","2,2884313",92
202000013449,20,9,13,00:30,3,1,1,1,6,78297,M,"48,7877500","2,0655800",78
202000013450,20,9,12,16:49,1,1,1,1,2,78073,M,"48,7986980","2,0028400",78
202000013451,20,9,13,18:10,1,1,1,1,-1,93008,M,"48,9085900","2,4503300",93
202000013452,20,9,13,16:00,1,1,1,1,2,93053,M,"48,8950400","2,4712100",93
202000013453,20,9,13,15:50,1,1,1,1,4,93066,M,"48,9193600","2,3575300",93
202000013454,20,9,13,13:35,1,1,1,1,2,93007,M,"48,9549300","2,4573100",93
202000013455,20,9,13,08:30,1,1,1,1,6,93053,M,"48,8838100","2,4667400",93
202000013456,20,9,13,09:10,1,1,1,1,2,95212,M,"49,0259300","2,5364700",95
202000013457,20,9,12,21:00,3,1,1,1,5,93039,M,"48,9274700","2,3335400",93
202000013458,20,9,13,17:35,1,1,1,1,6,94044,M,"48,7635558","2,4647593",94
202000013459,20,9,13,12:20,1,1,1,1,2,94069,M,"48,8173718","2,4349508",94
202000013460,20,9,13,09:25,1,1,1,1,2,94046,M,"48,8052060","2,4488296",94
202000013461,20,9,12,20:30,3,1,1,1,2,94046,M,"48,8118278","2,4491292",94
202000013462,20,9,12,20:15,3,1,1,1,4,94017,M,"48,8297175","2,4830468",94
202000013463,20,9,12,21:10,3,1,1,1,6,97416,R," -21,3222500","55,4448400",974
202000013464,20,9,12,16:25,1,2,1,1,2,97409,R," -20,9442310","55,6669200",974
202000013465,20,9,12,09:15,1,2,1,1,7,97302,G,"4,9375613"," -52,3067159",973
202000013466,20,9,11,21:46,4,1,1,1,-1,97302,G,"4,9052289"," -52,3198128",973
202000013467,20,9,12,22:52,5,2,3,1,3,69383,M,"45,7510000","4,8891000",69
202000013468,20,9,12,09:10,1,2,2,1,1,69386,M,"45,7691421","4,8570241",69
202000013469,20,9,12,05:10,4,2,1,1,6,69383,M,"45,7615124","4,8411930",69
202000013470,20,9,11,07:50,1,2,2,1,3,69388,M,"45,7418900","4,8669400",69
202000013471,20,9,12,04:00,5,2,1,1,6,97209,A,"14,6081800"," -61,0612700",972
202000013472,20,9,12,18:25,1,2,1,1,3,69034,M,"45,7887800","4,8447700",69
202000013473,20,9,10,11:30,1,2,2,1,6,95680,M,"49,0015728","2,3847218",95
202000013474,20,9,11,20:10,2,2,3,1,7,91027,M,"48,7024390","2,3878690",91
202000013475,20,9,12,09:20,1,2,6,1,3,82121,M,"43,9824539","1,3308665",82
202000013476,20,6,16,09:30,1,1,1,1,6,73089,M,"45,5325101","6,1254528",73
202000013477,20,6,15,07:04,1,1,1,1,2,01067,M,"46,1274010","5,5014150",01
202000013478,20,6,15,04:47,3,1,1,3,6,86116,M,"46,4809600","0,0669050",86
202000013479,20,6,16,20:45,5,1,1,2,4,97103,A,"16,2540550"," -61,5715300",971
202000013480,20,6,16,17:00,1,1,1,1,2,45316,M,"47,9470420","2,3684980",45
202000013481,20,5,24,19:00,1,2,1,1,2,95651,M,"49,0639130","1,7096830",95
202000013482,20,6,12,13:20,1,1,2,1,5,57507,M,"49,1580460","6,5590630",57
202000013483,20,6,14,14:20,1,1,1,1,3,73178,M,"45,6944970","6,1272810",73
202000013484,20,6,17,09:30,1,1,6,2,3,73329,M,"45,6163252","5,8846138",73
202000013485,20,6,16,16:50,1,1,1,2,1,09236,M,"42,9323270","1,6182090",09
202000013486,20,5,18,11:00,1,1,6,1,2,60009,M,"49,4004110","2,1309830",60
202000013487,20,6,15,19:45,1,1,1,1,4,13055,M,"43,3298400","5,4067000",13
202000013488,20,6,15,16:25,1,1,1,1,4,13215,M,"43,3493000","5,3697000",13
202000013489,20,6,15,13:35,1,1,1,1,2,13028,M,"43,2084060","5,5854750",13
202000013490,20,2,21,10:00,1,1,1,1,3,69297,M,"45,5895000","4,8064200",69
202000013491,20,6,16,16:10,1,1,1,1,3,33013,M,"44,8528300"," -0,5050900",33
202000013492,20,6,16,08:33,1,1,1,1,5,91589,M,"48,6820000","2,3301000",91
202000013493,20,6,15,21:55,2,1,1,1,3,91689,M,"48,7323200","2,3156500",91
202000013494,20,6,16,00:54,4,1,1,1,6,92025,M,"48,9279000","2,2379000",92
202000013495,20,6,16,00:35,1,1,1,1,-1,78029,M,"48,9677520","1,8569810",78
202000013496,20,6,14,04:15,3,1,1,1,2,95306,M,"49,0102700","2,1549100",95
202000013497,20,6,16,16:40,1,1,1,1,-1,77373,M,"48,7783753","2,6148132",77
202000013498,20,6,16,06:45,1,1,1,1,3,94033,M,"48,8512900","2,4906400",94
202000013499,20,4,1,22:26,5,2,9,1,2,2B033,M,"42,4050000","9,2612000",2B
202000013500,20,2,25,20:00,5,2,1,1,6,34172,M,"43,6151150","3,8545330",34
202000013501,20,2,14,20:55,3,2,2,2,6,02722,M,"49,3892500","3,3131500",02
202000013502,20,6,14,11:05,1,2,1,1,2,97416,R," -21,2823300","55,4809300",974
202000013503,20,6,14,16:50,1,2,2,1,3,97411,R," -20,9014001","55,5018000",974
202000013504,20,6,15,19:00,1,2,2,1,4,69387,M,"45,7433800","4,8342500",69
202000013505,20,6,15,18:10,1,2,1,1,6,69259,M,"45,6941441","4,8747222",69
202000013506,20,6,14,09:25,1,2,1,1,7,69385,M,"45,7529000","4,8200000",69
202000013507,20,6,14,18:40,5,1,1,1,3,97101,A,"16,2917300"," -61,4906500",971
202000013508,20,6,14,19:58,1,1,1,1,-1,2A004,M,"41,9284733","8,7733569",2A
202000013509,20,6,15,07:52,1,2,3,1,6,2A004,M,"41,9198771","8,7369769",2A
202000013510,20,6,12,12:05,1,2,2,1,3,91589,M,"48,6820900","2,3402000",91
202000013511,20,6,13,18:00,1,2,1,1,1,91312,M,"48,7402800","2,2312200",91
202000013512,20,6,15,19:38,1,2,1,1,6,91161,M,"48,7127200","2,3054500",91
202000013513,20,6,12,17:10,1,2,1,3,3,85194,M,"46,4931200"," -1,7547100",85
202000013514,20,6,11,13:25,1,2,1,1,3,83129,M,"43,1080290","5,8315970",83
202000013515,20,6,15,23:40,5,2,6,1,3,83069,M,"43,1212257","6,1378355",83
202000013516,20,6,14,20:10,3,2,1,1,1,82121,M,"43,9787000","1,3565000",82
202000013517,20,6,14,21:05,1,2,2,1,3,79191,M,"46,3218600"," -0,4631900",79
202000013518,20,6,15,14:50,1,1,1,1,2,78440,M,"48,9698500","1,9204000",78
202000013519,20,6,15,18:15,1,2,1,1,6,77514,M,"48,9493500","2,6140500",77
202000013520,20,6,12,13:05,1,2,2,1,3,76540,M,"49,4344600","1,0763100",76
202000013521,20,6,13,19:20,1,2,3,1,3,76451,M,"49,4573500","1,0811100",76
202000013522,20,6,15,13:05,1,2,1,1,-1,76351,M,"49,4930400","0,1243300",76
202000013523,20,6,14,02:45,3,2,2,1,6,74094,M,"46,2030152","6,2822539",74
202000013524,20,6,15,17:30,1,2,1,1,5,69256,M,"45,7705090","4,9216336",69
202000013525,20,6,14,09:15,1,2,1,1,6,69256,M,"45,7714600","4,9083600",69
202000013526,20,6,15,18:00,1,2,1,2,1,68224,M,"47,7495600","7,3065000",68
202000013527,20,6,15,17:40,1,2,3,1,3,68224,M,"47,7653290","7,3251520",68
202000013528,20,6,13,16:00,1,2,1,1,3,67365,M,"48,5486600","7,7009300",67
202000013529,20,6,12,15:20,1,2,3,1,3,67482,M,"48,5518000","7,7661500",67
202000013530,20,6,14,12:25,1,2,1,1,1,66136,M,"42,6938100","2,8503600",66
202000013531,20,6,15,20:00,1,2,1,1,1,65440,M,"43,2258600","0,0669400",65
202000013532,20,6,15,11:52,1,2,1,1,3,64483,M,"43,3848300"," -1,6615600",64
202000013533,20,6,14,13:00,1,2,3,1,7,64445,M,"43,3171100"," -0,3304400",64
202000013534,20,6,14,15:45,1,2,1,1,6,60463,M,"49,2818200","2,4616000",60
202000013535,20,6,14,03:10,5,2,1,1,6,59350,M,"50,6325150","3,0540120",59
202000013536,20,6,12,20:25,1,2,1,1,6,59178,M,"50,3762700","3,0851200",59
202000013537,20,6,14,09:08,1,2,1,1,1,56162,M,"47,7386000"," -3,4539700",56
202000013538,20,6,15,16:00,1,2,1,1,3,54395,M,"48,6898779","6,1936176",54
202000013539,20,6,9,12:15,1,2,1,1,2,54184,M,"48,7032533","6,2172717",54
202000013540,20,6,14,12:10,1,2,6,1,3,54328,M,"48,6189122","6,1768306",54
202000013541,20,6,14,05:15,2,2,1,2,4,54395,M,"48,6980295","6,1651152",54
202000013542,20,6,14,18:40,1,2,3,1,-1,54253,M,"49,1922800","5,9080600",54
202000013543,20,6,15,19:21,1,2,1,1,6,45284,M,"47,9126936","1,9443728",45
202000013544,20,6,15,17:17,1,1,1,2,7,45062,M,"47,9679935","1,8672688",45
202000013545,20,6,15,07:40,1,2,3,1,1,45232,M,"47,8463385","1,9071197",45
202000013546,20,6,12,19:40,1,2,1,3,3,44162,M,"47,2231200"," -1,6263900",44
202000013547,20,6,15,11:40,1,2,3,1,1,38185,M,"45,1646200","5,7239800",38
202000013548,20,6,15,18:23,1,2,1,8,4,37261,M,"47,3989895","0,7000709",37
202000013549,20,6,14,04:20,5,2,6,1,7,37261,M,"47,4187903","0,7043334",37
202000013550,20,6,15,18:00,1,2,1,1,3,35238,M,"48,1076900"," -1,6514700",35
202000013551,20,6,15,16:25,1,2,1,2,2,35206,M,"48,0800100"," -1,6822100",35
202000013552,20,6,15,18:15,1,2,3,1,4,33281,M,"44,8419730"," -0,6626002",33
202000013553,20,6,14,01:15,5,2,1,2,6,33529,M,"44,6257500"," -1,2020900",33
202000013554,20,6,8,13:05,1,1,1,1,6,32013,M,"43,6453200","0,5452200",32
202000013555,20,6,15,07:55,1,2,1,1,1,31557,M,"43,5693500","1,3333600",31
202000013556,20,6,12,20:20,1,2,1,1,3,31149,M,"43,6044300","1,3431700",31
202000013557,20,6,14,21:30,2,2,1,1,-1,30189,M,"43,8199640","4,3625920",30
202000013558,20,6,15,07:30,1,1,1,1,1,17380,M,"45,6589600"," -1,1269300",17
202000013559,20,6,15,12:21,1,1,3,1,3,17142,M,"46,1672100"," -1,0922900",17
202000013560,20,6,15,18:00,1,2,1,1,3,13215,M,"43,3767950","5,3568630",13
202000013561,20,6,15,18:15,1,2,1,1,6,13216,M,"43,3539200","5,3321300",13
202000013562,20,6,14,23:38,5,2,1,1,-1,13211,M,"43,2928000","5,4571000",13
202000013563,20,6,10,15:40,1,2,1,1,3,13005,M,"43,2859800","5,5808000",13
202000013564,20,6,15,18:30,1,2,1,1,6,13001,M,"43,5044800","5,3939000",13
202000013565,20,6,15,05:50,1,1,1,1,3,13001,M,"43,4552368","5,3155191",13
202000013566,20,6,15,20:00,1,2,1,1,2,10343,M,"48,2673000","4,1075000",10
202000013567,20,6,15,13:50,1,2,1,1,7,06069,M,"43,6268730","6,9177070",06
202000013568,20,6,15,13:40,1,2,1,1,6,06029,M,"43,5508200","7,0306300",06
202000013569,20,6,14,16:45,1,2,2,1,3,06027,M,"43,6586000","7,1509090",06
202000013570,20,6,15,08:45,1,2,7,1,6,75120,M,"48,8647820","2,3986020",75
202000013571,20,6,15,16:10,1,2,1,1,3,75119,M,"48,8761180","2,3807590",75
202000013572,20,6,14,19:40,1,2,1,1,3,75116,M,"48,8426560","2,2610830",75
202000013573,20,6,15,16:15,1,2,4,1,6,75115,M,"48,8398360","2,3020700",75
202000013574,20,6,15,16:45,1,2,1,1,3,75113,M,"48,8350710","2,3604140",75
202000013575,20,6,15,07:36,1,2,1,1,2,75112,M,"48,8340050","2,3821300",75
202000013576,20,6,15,08:42,1,2,5,1,6,75109,M,"48,8730500","2,3283020",75
202000013577,20,6,15,18:50,1,2,1,1,6,75104,M,"48,8550770","2,3610320",75
202000013578,20,6,14,15:20,1,2,1,1,7,75104,M,"48,8536240","2,3570300",75
202000013579,20,6,15,16:15,1,2,2,1,3,94046,M,"48,8065460","2,4433200",94
202000013580,20,6,15,05:45,2,2,1,1,5,94076,M,"48,7944600","2,3583700",94
202000013581,20,6,14,19:15,1,2,1,1,3,94033,M,"48,8548930","2,4559760",94
202000013582,20,6,8,08:55,1,2,1,1,6,94033,M,"48,8485600","2,4778600",94
202000013583,20,6,15,15:15,1,2,1,8,3,94069,M,"48,8171300","2,4536000",94
202000013584,20,6,15,18:30,1,2,3,1,1,94017,M,"48,8071200","2,5356200",94
202000013585,20,6,15,10:40,1,2,1,1,3,94017,M,"48,8253500","2,5023200",94
202000013586,20,6,15,12:40,1,2,2,1,3,94071,M,"48,7808500","2,5122000",94
202000013587,20,6,15,00:20,5,2,2,1,3,93066,M,"48,9232045","2,3701352",93
202000013588,20,6,14,20:35,1,2,1,1,5,93066,M,"48,9185700","2,3618200",93
202000013589,20,6,15,17:53,1,2,1,1,3,93064,M,"48,9105013","2,5214225",93
202000013590,20,6,14,14:00,1,2,1,1,6,93053,M,"48,9030000","2,4660900",93
202000013591,20,6,15,15:20,1,2,1,1,6,93048,M,"48,8751922","2,4552385",93
202000013592,20,6,15,15:30,1,2,1,1,6,93029,M,"48,9224940","2,4567740",93
202000013593,20,6,14,21:20,1,2,2,8,3,93005,M,"48,9402410","2,5021830",93
202000013594,20,6,13,16:40,1,2,2,1,4,92036,M,"48,9267430","2,2946540",92
202000013595,20,6,15,16:05,1,2,9,1,3,92035,M,"48,9054010","2,2390250",92
202000013596,20,6,15,17:35,1,2,1,1,3,92062,M,"48,8785323","2,2422769",92
202000013597,20,6,14,21:27,1,2,6,1,7,92023,M,"48,7895409","2,2526050",92
202000013598,20,6,15,12:18,1,2,1,1,5,92012,M,"48,8356870","2,2498860",92
202000013599,20,6,16,15:20,1,1,1,8,6,28161,M,"48,2412990","1,0960900",28
202000013600,20,6,15,16:30,1,1,1,3,6,62228,M,"50,7876900","1,9731060",62
202000013601,20,6,16,09:50,1,2,1,1,3,12197,M,"44,0351860","2,5289690",12
202000013602,20,6,12,17:45,1,1,1,8,4,35124,M,"47,7524820"," -1,7149620",35
202000013603,20,6,16,20:15,2,1,1,1,1,60658,M,"49,2359821","3,0333488",60
202000013604,20,6,15,16:10,1,1,1,1,7,30315,M,"43,9473890","4,6870530",30
202000013605,20,6,14,11:15,1,1,2,1,1,30334,M,"44,0409280","4,4070200",30
202000013606,20,6,15,16:40,1,1,1,1,6,34095,M,"43,5642950","3,7761180",34
202000013607,20,6,15,06:45,1,2,1,9,6,19140,M,"45,0771242","1,9301418",19
202000013608,20,6,15,08:45,1,1,1,3,1,56020,M,"47,7701230"," -2,4531380",56
202000013609,20,6,15,23:40,5,1,6,1,6,2B049,M,"42,5349470","8,8143400",2B
202000013610,20,6,14,21:15,2,2,1,1,6,82148,M,"44,2478970","1,6128550",82
202000013611,20,6,15,13:50,1,2,1,1,-1,11106,M,"43,2300630","3,0523430",11
202000013612,20,6,14,14:35,1,1,1,1,6,42028,M,"45,2715040","4,5667080",42
202000013613,20,6,15,11:45,1,2,3,1,2,68258,M,"47,8307170","7,3010530",68
202000013614,20,6,16,09:00,1,2,3,1,1,22224,M,"48,7212640"," -3,4816360",22
202000013615,20,6,16,16:45,1,1,1,1,-1,38124,M,"45,6034840","5,5488750",38
202000013616,20,6,15,10:00,1,2,1,1,1,70045,M,"47,3352240","5,7777300",70
202000013617,20,6,16,15:15,1,1,1,1,2,70137,M,"47,5162590","6,3577370",70
202000013618,20,6,12,20:40,2,2,1,1,6,72364,M,"47,6690000","0,3200630",72
202000013619,20,6,16,12:02,1,2,1,1,3,06103,M,"44,0129490","7,3089710",06
202000013620,20,6,15,14:00,1,2,1,1,7,18218,M,"46,9908940","2,5009020",18
202000013621,20,6,15,08:10,1,1,1,1,6,07103,M,"44,9650410","4,3498130",07
202000013622,20,6,10,18:25,1,1,3,1,3,07022,M,"44,7210120","4,7490150",07
202000013623,20,5,30,11:00,1,2,1,1,7,28422,M,"48,2561130","1,5700790",28
202000013624,20,6,16,12:09,1,2,1,1,6,13091,M,"43,6211201","5,2980673",13
202000013625,20,6,14,15:00,1,2,2,1,3,38339,M,"45,5776240","5,1742170",38
202000013626,20,6,16,15:18,1,2,3,2,1,27679,M,"48,7386660","0,9119460",27
202000013627,20,6,16,14:00,1,2,1,1,6,95509,M,"49,0739440","2,4956450",95
202000013628,20,6,15,11:20,1,1,1,1,6,97128,A,"16,2742480"," -61,3667860",971
202000013629,20,6,16,00:30,3,1,1,1,6,78310,M,"48,7846250","1,5922500",78
202000013630,20,6,16,13:20,1,1,1,1,3,30258,M,"43,6924680","4,4268680",30
202000013631,20,6,15,03:00,3,2,1,1,2,30156,M,"43,8700080","4,4552560",30
202000013632,20,6,16,09:00,1,1,2,1,3,34157,M,"43,4641960","3,5521250",34
202000013633,20,6,16,11:15,1,1,1,1,2,83077,M,"43,3031790","5,9870980",83
202000013634,20,6,15,16:40,1,1,1,8,1,05077,M,"44,6895480","6,9776490",05
202000013635,20,6,16,01:50,3,1,1,1,2,63200,M,"45,8282910","3,2194230",63
202000013636,20,6,16,16:45,1,2,3,1,6,42129,M,"45,3635030","4,6872140",42
202000013637,20,6,16,16:40,1,2,1,1,1,38374,M,"45,6397170","5,3555900",38
202000013638,20,6,16,11:20,1,1,2,1,3,26057,M,"45,0159100","5,0816140",26
202000013639,20,6,6,14:30,1,1,1,1,6,86061,M,"46,1447640","0,4163650",86
202000013640,20,6,15,22:30,3,2,9,1,6,86078,M,"46,1356480","0,2872340",86
202000013641,20,6,15,18:00,1,2,1,1,1,60674,M,"49,3944030","2,9252520",60
202000013642,20,6,14,21:25,3,1,1,1,6,83062,M,"43,1436771","6,0210764",83
202000013643,20,6,2,13:00,1,1,1,1,4,59609,M,"50,5723318","3,0799081",59
202000013644,20,6,15,14:50,1,1,1,1,7,94021,M,"48,7712200","2,3450000",94
202000013645,20,6,14,22:40,5,1,1,1,7,94037,M,"48,8136000","2,3558200",94
202000013646,20,6,13,10:50,1,1,1,1,2,78423,M,"48,7976890","2,0435730",78
202000013647,20,6,14,11:10,1,1,1,1,2,93007,M,"48,9455600","2,4399100",93
202000013648,20,6,13,20:10,1,1,1,1,2,95018,M,"48,9623900","2,2665000",95
202000013649,20,6,14,05:00,3,1,1,1,2,92036,M,"48,9435400","2,2873700",92
202000013650,20,6,14,04:00,4,1,1,1,2,95604,M,"49,1074200","2,5514100",95
202000013651,20,6,15,09:15,1,1,1,1,2,94017,M,"48,8267112","2,5225883",94
202000013652,20,6,15,08:15,1,1,1,1,5,94018,M,"48,8202700","2,4027000",94
202000013653,20,6,14,22:27,3,1,1,1,2,94017,M,"48,8300400","2,4970200",94
202000013654,20,6,12,23:15,5,1,1,1,2,94017,M,"48,8303229","2,4893496",94
202000013655,20,1,1,16:25,1,2,1,1,6,09005,M,"42,9097600","1,2511990",09
202000013656,20,6,14,08:30,1,2,3,1,6,98818,C," -22,2322900","166,4718700",988
202000013657,20,6,14,19:15,1,2,1,1,6,69383,M,"45,7594300","4,8425100",69
202000013658,20,6,14,09:45,1,2,1,1,1,69383,M,"45,7526900","4,8976800",69
202000013659,20,6,14,04:45,5,2,2,1,4,69387,M,"45,7263200","4,8356500",69
202000013660,20,6,14,04:45,5,2,2,1,3,69383,M,"45,7600234","4,8410161",69
202000013661,20,6,14,15:45,1,2,4,1,3,69149,M,"45,7179400","4,8085500",69
202000013662,20,8,15,12:10,1,1,1,1,2,94033,M,"48,8500700","2,4904400",94
202000013663,20,8,13,21:30,3,1,1,2,4,94081,M,"48,7740995","2,4049404",94
202000013664,20,8,15,07:15,2,2,1,1,6,97302,G,"4,9338762"," -52,3105431",973
202000013665,20,8,16,01:30,5,2,1,1,7,69276,M,"45,6684600","4,8593700",69
202000013666,20,8,15,20:10,1,2,1,1,-1,69387,M,"45,7545000","4,8421000",69
202000013667,20,8,15,11:00,1,2,1,1,2,69387,M,"45,7501900","4,8538100",69
202000013668,20,8,16,00:05,5,2,1,1,-1,2B037,M,"42,6187700","9,4371200",2B
202000013669,20,8,14,11:40,1,2,1,1,2,2B120,M,"42,6591200","9,4417600",2B
202000013670,20,8,15,15:40,1,2,1,1,1,2A004,M,"41,9094153","8,6911642",2A
202000013671,20,8,15,08:55,1,1,1,1,6,2A004,M,"41,9292002","8,7677757",2A
202000013672,20,8,15,21:21,2,2,9,1,6,91692,M,"48,6868480","2,1710500",91
202000013673,20,8,15,21:50,5,2,1,1,3,91377,M,"48,7359800","2,3014270",91
202000013674,20,8,14,20:40,1,2,1,1,3,83069,M,"43,1170000","6,1286000",83
202000013675,20,8,15,15:15,1,2,1,1,7,71153,M,"46,8007400","4,4452800",71
202000013676,20,8,15,16:30,1,2,3,1,-1,64102,M,"43,4929900"," -1,4527800",64
202000013677,20,8,14,17:30,1,2,2,1,6,64024,M,"43,4927700"," -1,5238400",64
202000013678,20,8,15,12:45,1,2,1,1,3,54265,M,"48,6432300","6,1838800",54
202000013679,20,8,16,01:10,3,2,1,1,6,42044,M,"45,4000200","4,3518300",42
202000013680,20,8,15,09:45,1,2,3,1,3,37261,M,"47,3717135","0,6776775",37
202000013681,20,8,15,09:35,1,1,6,1,3,33529,M,"44,6299300"," -1,1568300",33
202000013682,20,8,15,10:45,1,2,3,1,3,30189,M,"43,8140000","4,3280000",30
202000013683,20,8,14,17:36,1,2,6,1,6,29254,M,"48,5722848"," -3,8491957",29
202000013684,20,8,15,10:40,1,1,6,1,6,29039,M,"47,9257472"," -3,8947055",29
202000013685,20,8,15,03:45,3,2,1,1,2,26198,M,"44,5539000","4,7115200",26
202000013686,20,8,15,13:55,1,1,1,1,7,14271,M,"49,1367680"," -0,3873000",14
202000013687,20,8,14,22:25,3,1,1,1,6,13103,M,"43,6033700","5,1005800",13
202000013688,20,8,15,19:19,1,2,1,1,-1,13211,M,"43,2879080","5,4495870",13
202000013689,20,8,15,14:15,1,2,3,1,3,13203,M,"43,3112800","5,3727700",13
202000013690,20,8,15,05:40,5,2,1,1,3,13208,M,"43,2481000","5,3920800",13
202000013691,20,8,14,19:55,1,2,1,1,3,06027,M,"43,6566170","7,1780570",06
202000013692,20,8,15,08:13,1,2,2,1,3,03185,M,"46,3386553","2,5991098",03
202000013693,20,8,15,05:45,3,1,3,1,6,01344,M,"46,1983000","5,1756000",01
202000013694,20,8,14,19:30,1,2,1,1,4,75119,M,"48,9004950","2,3738460",75
202000013695,20,8,15,00:54,5,2,1,1,6,75105,M,"48,8376660","2,3473350",75
202000013696,20,8,14,09:05,1,2,2,1,2,75112,M,"48,8480330","2,3928370",75
202000013697,20,8,15,21:00,3,2,2,1,3,75111,M,"48,8546960","2,3853210",75
202000013698,20,8,14,19:05,1,2,1,8,3,94041,M,"48,8174140","2,3987440",94
202000013699,20,8,14,23:00,5,2,1,1,6,94022,M,"48,7544520","2,4120580",94
202000013700,20,8,15,22:30,5,2,1,1,1,94017,M,"48,8185470","2,4909750",94
202000013701,20,8,15,14:45,1,2,1,1,6,93059,M,"48,9654568","2,3606683",93
202000013702,20,8,15,14:25,1,2,2,1,3,93062,M,"48,8927000","2,5128500",93
202000013703,20,8,15,18:00,1,2,3,1,3,93051,M,"48,8379000","2,5666000",93
202000013704,20,8,15,19:30,1,2,1,1,6,93048,M,"48,8653476","2,4293143",93
202000013705,20,8,13,21:50,5,2,1,2,2,93005,M,"48,9523052","2,4952455",93
202000013706,20,8,15,09:45,1,1,1,1,6,92048,M,"48,7846495","2,2264454",92
202000013707,20,8,15,02:10,3,1,1,1,1,13216,M,"43,3530880","5,3485510",13
202000013708,20,8,15,18:30,1,1,1,1,7,94038,M,"48,7753800","2,3459000",94
202000013709,20,8,15,07:30,1,1,1,1,6,91235,M,"48,6243000","2,3664000",91
202000013710,20,8,15,04:13,3,1,1,1,2,91312,M,"48,7454800","2,2208000",91
202000013711,20,8,15,14:30,1,1,1,1,2,95277,M,"48,9770300","2,4742200",95
202000013712,20,8,14,19:30,1,1,1,1,3,93007,M,"48,9520600","2,4519500",93
202000013713,20,8,15,00:20,5,1,1,1,6,75112,M,"48,8218560","2,4625350",75
202000013714,20,8,14,14:00,1,2,3,1,3,98818,C," -22,2818700","166,4470200",988
202000013715,20,8,14,19:00,5,2,3,1,3,97411,R," -20,8815000","55,4570000",974
202000013716,20,8,14,11:00,1,1,1,1,7,97411,R," -20,8885700","55,4400700",974
202000013717,20,8,14,22:55,5,2,1,1,6,97407,R," -20,9331200","55,3022900",974
202000013718,20,8,14,18:30,1,2,3,1,3,69388,M,"45,7338600","4,8775400",69
202000013719,20,8,13,00:45,4,1,1,1,2,97213,A,"14,6170009"," -61,0163498",972
202000013720,20,8,14,03:05,5,1,9,1,6,97209,A,"14,6254100"," -61,0605200",972
202000013721,20,8,13,14:15,1,1,1,1,2,97209,A,"14,6130000"," -61,0700000",972
202000013722,20,8,14,17:15,1,2,3,1,1,69034,M,"45,7960500","4,8317800",69
202000013723,20,8,13,20:40,5,2,3,1,2,69382,M,"45,7612500","4,8314300",69
202000013724,20,8,15,00:28,5,2,9,1,3,2B033,M,"42,6700640","9,4433200",2B
202000013725,20,8,14,01:40,5,2,1,1,-1,2B033,M,"42,6861000","9,4462000",2B
202000013726,20,8,14,13:23,1,2,7,1,3,97101,A,"16,2707000"," -61,5053300",971
202000013727,20,8,13,17:05,1,2,4,1,3,97101,A,"16,2386100"," -61,5085600",971
202000013728,20,8,14,18:34,1,2,1,2,1,95277,M,"48,9973000","2,4202000",95
202000013729,20,8,13,20:55,5,2,1,1,6,95555,M,"48,9671590","2,2844220",95
202000013730,20,8,13,16:40,1,2,2,8,3,87085,M,"45,8322500","1,2646600",87
202000013731,20,8,13,18:25,1,2,9,1,3,83034,M,"43,0885000","6,0708000",83
202000013732,20,8,14,10:38,1,2,1,1,6,76351,M,"49,5184200","0,0968800",76
202000013733,20,8,10,14:30,1,1,9,1,6,73011,M,"45,6594300","6,4145350",73
202000013734,20,8,14,18:00,1,2,6,1,3,69266,M,"45,7718300","4,8697300",69
202000013735,20,8,12,19:00,1,2,8,8,3,67482,M,"48,6020380","7,7851600",67
202000013736,20,8,14,10:25,1,2,1,1,1,66136,M,"42,6958500","2,9198400",66
202000013737,20,8,13,14:15,1,2,1,1,2,66136,M,"42,6667883","2,8840954",66
202000013738,20,8,13,16:20,1,2,3,2,3,66136,M,"42,6853600","2,8673900",66
202000013739,20,8,13,12:45,1,2,1,1,3,64483,M,"43,3972300"," -1,6442600",64