Num_Acc,an,mois,jour,hrmn,lum,agg,int,atm,col,com,gps,lat,long,dep
202000013740,20,8,15,03:25,5,2,1,1,6,64122,M,"43,4650263"," -1,5715586",64
202000013741,20,8,14,19:50,1,2,1,1,3,64122,M,"43,4781700"," -1,5441900",64
202000013742,20,8,14,07:00,1,2,6,1,7,64024,M,"43,4971600"," -1,5085900",64
202000013743,20,8,13,22:00,5,2,6,1,3,64024,M,"43,4777490"," -1,5237269",64
202000013744,20,8,12,13:00,1,2,1,1,7,64024,M,"43,4829400"," -1,5038800",64
202000013745,20,8,12,13:55,1,2,3,1,3,64024,M,"43,4753000"," -1,4933900",64
202000013746,20,8,13,06:05,5,2,3,1,3,63124,M,"45,7385100","3,1824200",63
202000013747,20,8,13,14:05,1,2,1,1,-1,56083,M,"47,8208100"," -3,2442400",56
202000013748,20,8,12,11:19,1,2,6,1,3,54431,M,"48,8926812","6,0519337",54
202000013749,20,8,12,22:05,5,2,2,3,3,50129,M,"49,6338100"," -1,6223600",50
202000013750,20,8,12,15:45,1,1,1,8,3,50173,M,"49,6577900"," -1,6625500",50
202000013751,20,8,13,15:36,1,2,1,1,2,49007,M,"47,4789400"," -0,5556200",49
202000013752,20,8,14,14:20,1,2,3,1,3,45208,M,"48,0045000","2,7373000",45
202000013753,20,8,13,12:45,1,2,1,2,7,41018,M,"47,6145400","1,3343300",41
202000013754,20,8,14,08:45,1,2,1,1,1,38185,M,"45,1886800","5,7442100",38
202000013755,20,8,14,18:48,1,2,1,1,-1,37261,M,"47,4010979","0,6998000",37
202000013756,20,8,14,18:55,1,1,1,1,-1,37261,M,"47,3625144","0,6959199",37
202000013757,20,8,14,16:57,1,2,1,1,6,37261,M,"47,3957090","0,6792434",37
202000013758,20,8,14,23:35,5,2,1,1,4,35238,M,"48,0933600"," -1,6741000",35
202000013759,20,8,13,16:00,1,1,1,1,6,35278,M,"48,1380400"," -1,6961400",35
202000013760,20,8,14,13:15,1,2,1,1,2,33249,M,"44,8841300"," -0,5302700",33
202000013761,20,8,14,08:50,1,2,6,1,2,33318,M,"44,7817100"," -0,6499800",33
202000013762,20,8,14,16:20,1,1,6,1,2,33529,M,"44,5976500"," -1,1964200",33
202000013763,20,8,14,11:55,1,2,3,1,7,33529,M,"44,6335100"," -1,1621200",33
202000013764,20,8,14,09:05,1,2,4,1,3,33009,M,"44,6563300"," -1,1472200",33
202000013765,20,8,14,18:52,1,2,1,1,1,32013,M,"43,6477000","0,5923500",32
202000013766,20,8,13,06:00,5,2,6,1,3,31149,M,"43,6092600","1,3526900",31
202000013767,20,8,14,16:00,1,2,1,1,2,29232,M,"48,0014038"," -4,1063843",29
202000013768,20,8,13,15:30,1,2,9,8,3,29232,M,"47,9946400"," -4,0731500",29
202000013769,20,8,14,17:00,1,2,1,1,6,29019,M,"48,4018889"," -4,4882070",29
202000013770,20,8,14,19:05,1,2,3,1,3,25462,M,"46,8974000","6,3468600",25
202000013771,20,8,6,12:35,1,2,3,1,2,22278,M,"48,5064200"," -2,7477800",22
202000013772,20,8,13,18:28,1,2,1,2,-1,17300,M,"46,1530600"," -1,1500000",17
202000013773,20,8,14,09:45,1,1,1,1,6,15012,M,"44,8771100","2,4065000",15
202000013774,20,8,14,21:10,5,2,1,1,3,13213,M,"43,3260265","5,4398717",13
202000013775,20,8,14,13:30,1,2,1,1,2,13210,M,"43,2740000","5,4191000",13
202000013776,20,8,14,10:55,1,2,1,1,2,13210,M,"43,2834220","5,3971370",13
202000013777,20,8,13,09:45,1,2,1,1,1,13063,M,"43,5833000","4,9949000",13
202000013778,20,8,14,12:45,1,2,1,1,6,13001,M,"43,5379030","5,4571460",13
202000013779,20,8,12,14:25,1,2,2,1,3,11262,M,"43,1790900","3,0313800",11
202000013780,20,8,11,10:40,1,2,1,1,4,11262,M,"43,1496000","2,9783000",11
202000013781,20,8,14,15:50,1,2,3,1,1,06159,M,"43,7014500","7,3066300",06
202000013782,20,8,14,15:00,1,2,1,1,3,06069,M,"43,6505800","6,9213800",06
202000013783,20,8,14,17:40,1,2,1,1,6,06027,M,"43,6599060","7,1672800",06
202000013784,20,8,13,15:40,1,1,1,1,2,06123,M,"43,6950000","7,1846720",06
202000013785,20,8,11,12:14,1,2,9,1,6,03185,M,"46,3369355","2,5873597",03
202000013786,20,8,14,14:15,1,2,2,1,3,75113,M,"48,8259370","2,3451800",75
202000013787,20,8,13,19:10,1,2,1,1,4,75120,M,"48,8673120","2,4088470",75
202000013788,20,8,14,19:50,1,2,5,1,3,75106,M,"48,8450960","2,3201150",75
202000013789,20,8,14,18:00,1,2,1,2,2,75120,M,"48,8623390","2,4089380",75
202000013790,20,8,14,10:20,1,2,1,1,3,75119,M,"48,8784190","2,3908230",75
202000013791,20,8,13,11:10,1,2,2,1,7,75116,M,"48,8729720","2,2931310",75
202000013792,20,8,12,23:00,4,2,4,1,2,75113,M,"48,8244160","2,3845380",75
202000013793,20,8,12,20:10,1,2,3,8,2,75115,M,"48,8453760","2,3020690",75
202000013794,20,8,14,17:35,1,2,4,8,3,75113,M,"48,8227570","2,3731100",75
202000013795,20,8,13,08:15,1,2,1,1,4,75112,M,"48,8342810","2,3817730",75
202000013796,20,8,14,09:45,1,2,3,1,3,75110,M,"48,8761580","2,3583130",75
202000013797,20,8,13,13:20,1,2,4,1,3,75110,M,"48,8788610","2,3623020",75
202000013798,20,8,14,18:20,1,2,2,1,3,75107,M,"48,8476900","2,3133520",75
202000013799,20,8,14,13:10,1,2,3,1,7,75104,M,"48,8533840","2,3676490",75
202000013800,20,8,13,19:30,1,2,1,1,2,94076,M,"48,7963600","2,3679300",94
202000013801,20,8,13,21:40,5,2,2,2,3,94018,M,"48,8258970","2,4069130",94
202000013802,20,8,13,14:34,1,2,1,1,7,94071,M,"48,7780400","2,5150000",94
202000013803,20,8,14,15:30,1,2,9,1,3,93066,M,"48,9433300","2,3871900",93
202000013804,20,8,14,01:00,5,2,3,2,2,93077,M,"48,8881540","2,5100750",93
202000013805,20,8,14,17:30,1,2,2,1,3,93053,M,"48,9038400","2,4705500",93
202000013806,20,8,13,08:20,1,2,1,1,2,93063,M,"48,8829100","2,4357000",93
202000013807,20,8,14,19:30,1,2,1,1,3,93066,M,"48,9472224","2,3729497",93
202000013808,20,8,14,21:00,5,2,2,1,3,93010,M,"48,9121468","2,4813995",93
202000013809,20,8,14,16:15,1,2,1,1,6,93010,M,"48,9035779","2,4774870",93
202000013810,20,8,14,15:43,1,2,1,1,6,93001,M,"48,9093141","2,3783164",93
202000013811,20,8,14,20:57,1,2,1,1,2,92073,M,"48,8672486","2,2282076",92
202000013812,20,8,14,19:55,1,2,1,1,6,92051,M,"48,8841550","2,2631700",92
202000013813,20,8,13,20:15,2,2,1,2,2,92036,M,"48,9276472","2,2948202",92
202000013814,20,8,13,18:40,1,2,1,1,3,92004,M,"48,9305236","2,2752721",92
202000013815,20,8,3,23:15,3,1,1,1,7,95313,M,"49,1046900","2,2463820",95
202000013816,20,8,14,16:30,1,1,1,1,4,11018,M,"43,2191260","2,2159870",11
202000013817,20,8,14,18:35,1,1,1,1,-1,41128,M,"47,6743000","1,3285290",41
202000013818,20,8,12,14:57,1,1,1,1,7,10307,M,"48,2429070","3,9454330",10
202000013819,20,8,15,03:00,4,1,1,2,6,97422,R," -21,2832880","55,5349090",974
202000013820,20,8,15,09:10,1,1,1,1,6,29189,M,"48,3836610"," -4,3659710",29
202000013821,20,8,14,23:30,5,2,1,1,6,97414,R," -21,2904600","55,4132800",974
202000013822,20,8,14,10:30,1,1,1,1,6,65265,M,"43,2308890","0,1863050",65
202000013823,20,8,14,21:30,3,1,1,1,2,44193,M,"47,6574400"," -1,5049610",44
202000013824,20,8,11,11:45,1,1,1,1,6,34199,M,"43,4487440","3,4270480",34
202000013825,20,8,13,06:30,2,2,1,1,3,74171,M,"46,3208820","6,3382960",74
202000013826,20,8,14,21:45,2,2,1,1,1,83092,M,"43,3017940","6,2328800",83
202000013827,20,8,10,20:15,1,1,1,1,7,56136,M,"47,9004910"," -2,2008280",56
202000013828,20,8,14,23:35,3,2,1,1,6,74273,M,"46,0595110","6,7455250",74
202000013829,20,8,15,17:40,1,1,1,1,7,2B049,M,"42,5034270","8,8718890",2B
202000013830,20,8,14,09:20,1,2,1,1,3,33466,M,"44,8222960"," -0,2912720",33
202000013831,20,8,14,17:20,1,1,1,1,7,32391,M,"43,9955310","0,5683170",32
202000013832,20,8,14,17:15,1,1,1,1,1,89420,M,"47,5439169","3,1471109",89
202000013833,20,8,14,19:30,1,1,1,1,6,55400,M,"49,1465420","5,7282970",55
202000013834,20,8,15,18:35,1,1,1,1,1,34126,M,"43,5909440","3,1019210",34
202000013835,20,8,14,19:45,1,2,3,1,3,22194,M,"48,6604659"," -3,6322987",22
202000013836,20,8,12,18:05,1,1,2,1,2,44079,M,"47,1961210"," -1,3466300",44
202000013837,20,8,14,22:25,5,2,6,1,6,44082,M,"47,4125490"," -1,3724920",44
202000013838,20,8,15,00:40,3,1,2,1,3,35023,M,"48,2083290"," -1,9414110",35
202000013839,20,8,15,16:30,1,2,1,1,6,31390,M,"43,0843460","0,5741970",31
202000013840,20,8,14,22:40,5,2,1,1,3,31107,M,"43,3040950","1,2294260",31
202000013841,20,8,15,17:45,1,1,1,7,6,02286,M,"49,9826200","3,7245150",02
202000013842,20,8,15,10:00,1,1,1,1,6,01100,M,"45,8204110","5,6226180",01
202000013843,20,8,14,10:25,1,1,1,3,7,70463,M,"47,5117660","5,8539100",70
202000013844,20,8,14,16:00,1,1,3,1,3,05084,M,"44,5591630","6,2206650",05
202000013845,20,8,14,19:15,1,2,2,1,3,50003,M,"49,0436950"," -1,5962360",50
202000013846,20,8,14,19:15,1,2,1,8,6,50297,M,"49,1639930"," -1,1269260",50
202000013847,20,8,14,22:00,3,1,1,1,7,60039,M,"49,6305090","2,3946631",60
202000013848,20,8,15,01:00,3,1,1,1,7,04172,M,"43,8319790","6,1418640",04
202000013849,20,8,15,15:20,1,2,1,1,6,85018,M,"46,9153700"," -2,0278200",85
202000013850,20,8,13,09:45,1,1,1,8,3,87056,M,"46,2475450","1,1279440",87
202000013851,20,8,14,23:10,3,1,1,1,6,77295,M,"48,5678900","2,7558300",77
202000013852,20,8,14,19:30,1,1,1,7,2,38530,M,"45,6112640","5,2023700",38
202000013853,20,8,15,02:10,3,1,1,1,2,68021,M,"47,6461060","7,4944570",68
202000013854,20,8,10,11:20,1,2,2,1,3,33005,M,"44,7328060"," -1,0792380",33
202000013855,20,8,11,14:05,1,1,3,1,3,97112,A,"15,9268730"," -61,3136460",971
202000013856,20,8,13,11:45,1,2,7,3,6,37072,M,"47,1693040","0,2543509",37
202000013857,20,8,14,20:15,1,1,1,3,7,77141,M,"48,8506540","2,8465750",77
202000013858,20,8,15,19:40,1,1,1,1,7,78531,M,"48,9883610","1,6568350",78
202000013859,20,8,14,11:05,1,1,1,1,7,66108,M,"42,6747714","2,7042113",66
202000013860,20,10,11,07:04,5,2,3,1,1,75119,M,"48,8828410","2,3894320",75
202000013861,20,10,11,03:45,5,2,1,2,6,75119,M,"48,8786920","2,3822980",75
202000013862,20,10,11,01:30,5,2,7,2,3,75119,M,"48,9005280","2,3885480",75
202000013863,20,10,10,11:20,1,2,3,1,5,75119,M,"48,8923630","2,3854380",75
202000013864,20,10,10,22:40,5,2,3,1,3,75118,M,"48,8927680","2,3426070",75
202000013865,20,10,11,13:20,1,2,2,1,3,75117,M,"48,8943440","2,3136480",75
202000013866,20,10,11,18:20,1,2,1,1,1,75116,M,"48,8542600","2,2655160",75
202000013867,20,10,11,12:10,1,2,7,1,6,75115,M,"48,8437650","2,2927260",75
202000013868,20,10,10,03:05,5,2,3,1,6,75115,M,"48,8505250","2,3020620",75
202000013869,20,10,11,15:20,1,2,1,1,2,75112,M,"48,8307360","2,4495570",75
202000013870,20,10,11,02:50,5,2,3,2,7,75109,M,"48,8829920","2,3348720",75
202000013871,20,10,11,02:00,5,2,2,1,6,75109,M,"48,8758140","2,3437010",75
202000013872,20,10,11,16:00,1,2,3,1,3,75104,M,"48,8553500","2,3527600",75
202000013873,20,10,11,19:34,5,2,1,1,1,94074,M,"48,7575212","2,4522305",94
202000013874,20,10,11,19:50,5,2,1,1,6,94019,M,"48,7894700","2,5316200",94
202000013875,20,10,11,21:00,5,2,1,1,3,94046,M,"48,8136000","2,4214700",94
202000013876,20,10,11,16:52,1,2,9,1,3,94046,M,"48,8050800","2,4318100",94
202000013877,20,10,11,13:55,1,2,2,1,6,93053,M,"48,8951800","2,4592400",93
202000013878,20,10,11,18:00,1,2,3,2,3,93051,M,"48,8377554","2,5509318",93
202000013879,20,10,11,14:25,1,2,1,1,6,93029,M,"48,9296900","2,4283700",93
202000013880,20,10,11,12:45,1,2,6,1,6,93008,M,"48,9176000","2,4177500",93
202000013881,20,10,7,20:40,3,1,1,1,6,81004,M,"43,9181900","2,1064780",81
202000013882,20,10,12,07:45,3,1,1,1,6,91363,M,"48,6726070","2,1804970",91
202000013883,20,10,11,21:45,3,1,1,2,5,87014,M,"46,0855550","1,3585070",87
202000013884,20,10,6,18:20,2,2,1,3,1,62123,M,"50,5751319","1,8286882",62
202000013885,20,10,12,15:00,1,1,3,1,2,2B166,M,"42,5155400","9,4442350",2B
202000013886,20,10,12,10:30,1,1,2,1,3,65330,M,"43,4291570","0,0475720",65
202000013887,20,10,11,11:15,1,2,8,2,3,65344,M,"43,1868420"," -0,0189520",65
202000013888,20,10,11,16:40,1,1,1,1,3,81042,M,"43,6284493","2,3653653",81
202000013889,20,10,3,17:08,1,2,7,2,6,89309,M,"48,2867710","3,2044190",89
202000013890,20,10,10,18:50,3,1,1,1,6,25622,M,"47,2271310","5,8571080",25
202000013891,20,10,9,21:30,3,1,1,1,6,15149,M,"44,8842470","2,8040430",15
202000013892,20,10,10,14:35,1,2,6,1,3,26324,M,"44,3459860","4,7630740",26
202000013893,20,10,12,10:25,1,2,1,1,6,83012,M,"43,5596430","6,0043350",83
202000013894,20,10,9,18:30,2,1,3,2,3,64530,M,"43,3195930"," -0,7707920",64
202000013895,20,10,12,12:00,1,1,1,2,6,43061,M,"45,0836880","3,9659360",43
202000013896,20,10,11,16:00,1,1,1,1,7,07129,M,"44,9800240","4,6171220",07
202000013897,20,10,11,12:10,1,1,1,1,7,04016,M,"44,2429090","6,1158660",04
202000013898,20,10,12,07:15,2,1,1,1,1,17093,M,"45,8869760"," -1,2302760",17
202000013899,20,10,11,20:15,3,1,1,8,7,37130,M,"47,0241880","0,8188225",37
202000013900,20,10,12,06:25,1,1,3,1,7,97307,G,"4,8661840"," -52,3111060",973
202000013901,20,10,12,07:30,2,1,3,1,3,34333,M,"43,4748570","3,7705150",34
202000013902,20,10,12,07:40,1,2,2,1,6,97309,G,"4,9157688"," -52,2819411",973
202000013903,20,10,12,06:40,3,1,1,1,4,68266,M,"47,8878160","7,3780060",68
202000013904,20,10,12,04:20,5,1,1,2,2,69115,M,"45,9735235","4,7319800",69
202000013905,20,10,10,16:20,1,2,1,1,1,97408,R," -20,9596360","55,3226210",974
202000013906,20,10,11,22:00,3,1,1,1,7,97303,G,"5,4818950"," -53,2714930",973
202000013907,20,10,6,10:50,1,1,2,1,3,13087,M,"43,4892780","5,6297390",13
202000013908,20,10,11,16:05,1,1,1,1,7,83006,M,"43,5567750","5,7910180",83
202000013909,20,10,11,16:30,1,2,3,1,3,13086,M,"43,3461190","5,6034990",13
202000013910,20,10,11,14:36,1,1,9,1,7,13086,M,"43,3582650","5,6099470",13
202000013911,20,10,6,19:20,3,1,9,3,1,13059,M,"43,6299410","5,4882400",13
202000013912,20,10,11,18:00,1,2,1,1,6,38344,M,"45,3668490","4,8000340",38
202000013913,20,10,10,13:15,1,1,3,8,3,26179,M,"45,0511920","4,8754780",26
202000013914,20,1,21,16:25,1,2,1,1,1,07324,M,"45,0744940","4,8170330",07
202000013915,20,10,11,19:30,4,1,1,1,1,69296,M,"45,6372450","4,8232980",69
202000013916,20,10,11,23:17,3,2,1,1,7,17021,M,"45,7365550"," -1,1288150",17
202000013917,20,10,9,03:45,3,1,6,1,6,33179,M,"45,0021040"," -0,2796900",33
202000013918,20,10,11,14:30,1,1,1,3,6,14332,M,"48,8423317"," -0,1565981",14
202000013919,20,10,12,18:50,2,1,1,1,1,62369,M,"50,3399370","2,8857890",62
202000013920,20,10,9,08:00,1,1,1,1,2,13216,M,"43,3497100","5,3461500",13
202000013921,20,10,11,01:38,3,1,1,1,2,13033,M,"43,3740715","5,1964910",13
202000013922,20,10,10,18:25,2,1,1,1,4,13055,M,"43,3207660","5,4224650",13
202000013923,20,10,11,17:05,1,1,1,2,6,33550,M,"44,7775800"," -0,5593200",33
202000013924,20,10,11,09:15,1,1,1,1,7,94034,M,"48,7563800","2,3380900",94
202000013925,20,10,11,07:45,2,1,1,8,6,91064,M,"48,7252800","2,1665500",91
202000013926,20,10,11,16:15,1,1,1,1,6,78646,M,"48,7898450","2,1206270",78
202000013927,20,10,11,10:10,1,1,1,1,-1,93064,M,"48,8786200","2,4763800",93
202000013928,20,10,11,09:30,1,1,1,2,6,92036,M,"48,9486900","2,2809070",92
202000013929,20,10,10,19:00,2,1,1,1,4,93007,M,"48,9477455","2,4439197",93
202000013930,20,10,10,16:20,1,1,1,1,6,95256,M,"49,0581760","2,2092850",95
202000013931,20,10,11,08:20,1,1,1,1,7,94033,M,"48,8611400","2,4839900",94
202000013932,20,10,11,03:55,3,1,1,1,2,77384,M,"48,6199560","2,6304050",77
202000013933,20,10,10,14:50,1,1,1,1,6,77372,M,"48,8773640","2,6683980",77
202000013934,20,5,11,11:20,1,2,3,1,3,93048,M,"48,8535000","2,4342000",93
202000013935,20,6,27,21:45,5,2,1,1,6,97105,A,"15,9903437"," -61,7278862",971
202000013936,20,6,4,20:05,1,2,1,1,3,84035,M,"43,8521800","5,0292100",84
202000013937,20,2,11,13:30,1,2,1,6,6,93031,M,"48,9587500","2,3282600",93
202000013938,20,7,3,10:50,1,2,1,1,6,78551,M,"48,8981000","2,0850000",78
202000013939,20,7,2,15:35,1,2,2,1,3,71306,M,"46,6561556","4,3497474",71
202000013940,20,7,17,18:10,1,1,1,1,2,13210,M,"43,2846940","5,4078464",13
202000013941,20,7,9,12:40,1,2,6,1,3,29232,M,"47,9913029"," -4,0736093",29
202000013942,20,10,10,18:25,2,2,2,1,3,98818,C," -22,2483910","166,4637900",988
202000013943,20,10,10,06:30,1,1,1,1,6,97411,R," -20,8909000","55,3850000",974
202000013944,20,10,10,02:23,5,1,6,1,7,97302,G,"4,9215972"," -52,3297302",973
202000013945,20,10,11,01:40,5,2,2,1,3,69386,M,"45,7690400","4,8605100",69
202000013946,20,10,10,18:35,1,2,3,1,1,69387,M,"45,7177000","4,8260400",69
202000013947,20,10,10,07:15,5,2,1,2,3,69383,M,"45,7537600","4,8598400",69
202000013948,20,10,9,05:45,5,2,2,1,3,69034,M,"45,7910000","4,8607400",69
202000013949,20,10,9,12:15,1,2,1,1,6,69152,M,"45,7072000","4,8214000",69
202000013950,20,10,10,09:20,1,2,1,1,6,95582,M,"48,9799650","2,2375960",95
202000013951,20,10,10,11:15,1,2,1,1,1,91687,M,"48,6760450","2,3631260",91
202000013952,20,10,10,18:07,1,2,1,1,-1,83137,M,"43,1432110","5,8947780",83
202000013953,20,10,9,16:20,1,1,1,1,6,83098,M,"43,0871400","6,0268700",83
202000013954,20,10,7,19:20,5,2,1,1,6,83069,M,"43,1260900","6,0948000",83
202000013955,20,10,9,19:15,2,2,3,1,1,78401,M,"49,0065510","1,9079050",78
202000013956,20,10,10,21:20,5,2,3,9,3,77307,M,"48,8544000","2,7587000",77
202000013957,20,10,10,20:20,5,2,1,8,3,73008,M,"45,6892140","5,9080680",73
202000013958,20,10,10,12:15,1,2,1,1,2,72181,M,"48,0310780","0,1790130",72
202000013959,20,10,9,22:45,5,2,3,1,1,69091,M,"45,5906100","4,7655900",69
202000013960,20,10,10,15:20,1,2,2,1,2,64024,M,"43,4870700"," -1,5366000",64
202000013961,20,10,9,23:45,5,2,6,2,7,59230,M,"50,2600252","3,9948110",59
202000013962,20,10,10,06:55,5,2,2,1,3,59155,M,"51,0232018","2,3845991",59
202000013963,20,10,8,03:10,5,2,1,1,6,57463,M,"49,0820000","6,1843200",57
202000013964,20,10,8,09:10,1,1,1,2,3,50532,M,"48,8215100"," -1,5538100",50
202000013965,20,10,10,13:40,1,2,2,1,6,37261,M,"47,3840394","0,6912600",37
202000013966,20,10,10,10:45,1,2,1,1,-1,37214,M,"47,4280557","0,6594051",37
202000013967,20,10,10,17:15,1,1,9,1,-1,35238,M,"48,1084200"," -1,7164800",35
202000013968,20,10,10,04:35,5,2,2,1,3,35238,M,"48,1270903"," -1,6866213",35
202000013969,20,10,10,14:10,1,2,1,1,4,29232,M,"47,9924451"," -4,0812417",29
202000013970,20,10,9,13:15,1,2,3,1,2,29232,M,"47,9907307"," -4,1102278",29
202000013971,20,10,9,20:10,3,2,1,1,4,28134,M,"48,7460900","1,3635400",28
202000013972,20,10,10,20:55,5,2,1,1,7,13209,M,"43,2447000","5,4054700",13
202000013973,20,10,10,16:30,1,2,9,1,3,13214,M,"43,3177440","5,3807380",13
202000013974,20,10,10,06:40,5,2,1,1,2,13209,M,"43,2508880","5,4221020",13
202000013975,20,10,10,06:45,2,2,1,1,3,13210,M,"43,2867860","5,3998520",13
202000013976,20,7,21,14:30,1,2,1,1,6,13211,M,"43,2879780","5,4548290",13
202000013977,20,10,10,13:15,1,2,1,1,1,11069,M,"43,2171100","2,3765700",11
202000013978,20,10,10,14:30,1,2,1,1,4,06069,M,"43,6470420","6,9135020",06
202000013979,20,10,10,14:00,1,2,6,1,2,06069,M,"43,6446250","6,9778830",06
202000013980,20,10,10,14:30,1,2,1,1,4,75116,M,"48,8350720","2,2626770",75
202000013981,20,10,10,09:00,1,2,1,1,2,75114,M,"48,8225610","2,3141690",75
202000013982,20,10,9,15:20,1,2,4,1,2,75116,M,"48,8769420","2,2795200",75
202000013983,20,10,9,09:00,1,2,1,1,2,75112,M,"48,8422540","2,4136320",75
202000013984,20,10,9,22:45,5,2,3,1,3,75120,M,"48,8708220","2,3785170",75
202000013985,20,10,10,20:40,5,2,3,1,3,75118,M,"48,8889120","2,3582230",75
202000013986,20,10,10,19:40,5,2,3,1,1,75117,M,"48,8850400","2,3267320",75
202000013987,20,10,10,14:00,1,2,2,1,3,75117,M,"48,8922750","2,3010300",75
202000013988,20,10,10,03:00,5,2,4,1,7,75117,M,"48,8796320","2,2819510",75
202000013989,20,10,10,20:00,5,2,4,1,3,75116,M,"48,8747750","2,2784740",75
202000013990,20,10,10,14:40,1,2,4,1,3,75116,M,"48,8640350","2,2670390",75
202000013991,20,10,10,15:20,1,2,2,1,3,75116,M,"48,8692810","2,2747050",75
202000013992,20,10,10,10:15,1,2,3,1,6,75116,M,"48,8526870","2,2807310",75
202000013993,20,10,10,00:20,5,2,7,1,3,75114,M,"48,8336960","2,3319110",75
202000013994,20,10,10,17:30,1,2,3,1,3,75113,M,"48,8367400","2,3743560",75
202000013995,20,10,10,08:30,1,2,4,1,5,75113,M,"48,8215940","2,3525520",75
202000013996,20,10,10,19:20,3,2,1,1,3,75112,M,"48,8475930","2,3838810",75
202000013997,20,10,9,11:05,1,2,3,2,6,75109,M,"48,8790230","2,3473140",75
202000013998,20,10,10,17:40,1,2,2,1,3,75107,M,"48,8628230","2,3134590",75
202000013999,20,10,10,17:20,1,2,3,1,6,75104,M,"48,8552320","2,3611160",75
202000014000,20,10,10,14:45,1,2,1,1,4,94068,M,"48,8040400","2,4870900",94
202000014001,20,10,10,20:30,5,2,1,1,3,94076,M,"48,8038800","2,3639200",94
202000014002,20,10,10,03:50,5,2,3,1,3,94021,M,"48,7660100","2,3501000",94
202000014003,20,10,10,13:40,1,2,1,1,6,93072,M,"48,9618500","2,3804000",93
202000014004,20,10,7,19:50,5,2,1,1,3,93039,M,"48,9378823","2,3422632",93
202000014005,20,10,10,08:04,1,2,2,1,3,93051,M,"48,8294700","2,5740800",93
202000014006,20,10,10,17:26,1,2,9,1,3,93048,M,"48,8632985","2,4543809",93
202000014007,20,10,10,09:39,1,2,1,1,2,93031,M,"48,9495355","2,3305962",93
202000014008,20,10,10,09:40,1,2,9,1,3,92033,M,"48,8542280","2,1992558",92
202000014009,20,10,10,16:00,1,2,1,1,4,92051,M,"48,8752160","2,2507000",92
202000014010,20,10,10,05:00,5,2,1,1,7,92062,M,"48,8872584","2,2520080",92
202000014011,20,10,10,09:40,1,2,2,1,3,92025,M,"48,9310000","2,2446000",92
202000014012,20,10,10,12:00,1,2,1,1,3,92012,M,"48,8391640","2,2459896",92
202000014013,20,10,10,23:30,5,2,1,2,6,22050,M,"48,4522040"," -2,0446210",22
202000014014,20,10,11,10:25,1,1,1,8,7,37276,M,"47,5819187","0,8514344",37
202000014015,20,10,10,12:00,1,2,3,1,1,51649,M,"48,7212840","4,6043578",51
202000014016,20,10,7,08:25,2,2,4,1,7,51649,M,"48,7275397","4,5908249",51
202000014017,20,10,11,00:40,3,1,1,1,6,86221,M,"46,8038550","0,3498470",86
202000014018,20,10,10,08:40,1,1,1,1,6,06149,M,"43,7493830","7,3759940",06
202000014019,20,10,10,14:30,1,2,1,1,6,06054,M,"43,7540580","7,3204480",06
202000014020,20,10,10,18:50,1,1,1,3,-1,74233,M,"45,8023280","5,9767990",74
202000014021,20,10,10,16:20,1,1,1,1,6,83004,M,"43,4408300","6,4756680",83
202000014022,20,10,10,13:40,1,2,1,1,7,97422,R," -21,2588410","55,5123820",974
202000014023,20,10,11,03:21,3,1,9,1,1,11360,M,"43,2628470","2,9042100",11
202000014024,20,10,10,19:40,3,1,1,1,7,22193,M,"48,4228030"," -2,4522130",22
202000014025,20,10,11,06:40,3,1,1,1,6,34036,M,"43,6760660","3,4197950",34
202000014026,20,10,9,17:00,1,1,1,1,-1,34036,M,"43,6771840","3,4134010",34
202000014027,20,10,10,06:00,3,1,3,1,7,22084,M,"48,4070910"," -2,3437890",22
202000014028,20,10,10,16:10,1,1,1,1,3,34087,M,"43,5396290","3,6993780",34
202000014029,20,10,11,07:05,2,2,1,2,6,95566,M,"49,1094440","2,3445990",95
202000014030,20,10,10,16:05,1,1,1,1,3,67552,M,"48,8867776","7,0731232",67
202000014031,20,10,10,13:40,1,1,1,1,1,2B292,M,"42,2749910","9,2504020",2B
202000014032,20,10,11,10:45,1,1,1,1,1,55419,M,"49,1437200","5,1525660",55
202000014033,20,10,10,16:20,1,2,1,1,5,47310,M,"44,4029050","0,2981330",47
202000014034,20,10,11,01:30,3,1,1,1,7,39328,M,"46,4872540","5,7232980",39
202000014035,20,10,10,19:00,3,1,1,2,1,25157,M,"46,8599710","6,3808360",25
202000014036,20,10,10,10:30,1,2,1,8,6,25578,M,"47,1480590","6,3385670",25
202000014037,20,10,10,05:30,3,1,1,3,7,44131,M,"47,1631547"," -2,0781870",44
202000014038,20,10,10,19:30,2,2,1,1,6,29197,M,"48,0174170"," -4,5182520",29
202000014039,20,10,11,08:50,2,1,6,1,3,02820,M,"49,6336460","3,2655570",02
202000014040,20,9,16,17:50,1,1,1,1,2,72223,M,"47,8521660"," -0,0901510",72
202000014041,20,10,10,14:35,1,2,1,1,6,14086,M,"49,3378538","0,1187797",14
202000014042,20,10,9,08:15,2,1,1,8,3,14355,M,"49,2812860"," -0,5134390",14