Num_Acc,an,mois,jour,hrmn,lum,agg,int,atm,col,com,gps,lat,long,dep
202000014043,20,10,9,18:25,2,1,1,1,2,73151,M,"45,5013460","6,0422520",73
202000014044,20,10,7,16:00,1,1,1,1,2,43020,M,"45,2969641","4,1209485",43
202000014045,20,10,10,17:20,1,1,1,1,1,36143,M,"46,6553657","1,9422330",36
202000014046,20,10,11,12:20,1,1,4,1,1,07134,M,"44,5047036","4,2787512",07
202000014047,20,10,11,14:50,1,1,3,1,2,53111,M,"48,3427480"," -0,6146090",53
202000014048,20,10,9,20:10,3,1,3,1,3,30341,M,"43,6954700","4,2530070",30
202000014049,20,10,11,01:00,3,1,1,8,6,08385,M,"49,7590900","4,7822500",08
202000014050,20,10,9,16:15,1,2,1,1,3,68375,M,"47,8047360","7,2376000",68
202000014051,20,10,11,12:05,1,1,9,1,7,72008,M,"47,9425520","0,1901790",72
202000014052,20,10,11,04:00,3,1,1,1,6,35352,M,"48,0620890"," -1,6035730",35
202000014053,20,10,11,10:10,1,1,1,8,5,35353,M,"48,1227030"," -1,7735620",35
202000014054,20,10,11,11:00,1,1,1,1,6,30189,M,"43,8097870","4,3477540",30
202000014055,20,10,11,01:40,3,1,1,1,6,83097,M,"43,4817100","5,7343640",83
202000014056,20,12,24,10:50,1,2,1,2,3,95277,M,"49,0006300","2,4250500",95
202000014057,20,12,25,03:00,3,2,1,8,6,91421,M,"48,7146800","2,4404200",91
202000014058,20,12,25,18:25,5,2,2,1,3,91027,M,"48,7121500","2,3845300",91
202000014059,20,12,25,17:40,3,1,1,2,7,77186,M,"48,3952830","2,7640190",77
202000014060,20,12,21,17:45,5,2,1,2,6,69290,M,"45,7149000","4,9640000",69
202000014061,20,12,25,17:05,1,2,1,1,6,64445,M,"43,3189000"," -0,3580000",64
202000014062,20,12,25,22:15,5,2,2,2,3,59152,M,"50,7629700","3,0110900",59
202000014063,20,12,26,00:05,5,2,1,8,6,59350,M,"50,6228148","3,0728388",59
202000014064,20,12,25,15:55,1,2,3,1,7,51454,M,"49,2653208","4,0264219",51
202000014065,20,12,24,12:10,1,2,1,1,6,42183,M,"45,4056424","4,3726246",42
202000014066,20,12,22,09:00,1,2,1,1,6,30028,M,"44,1602390","4,6191640",30
202000014067,20,12,25,14:15,1,2,9,1,6,25056,M,"47,2457840","5,9807840",25
202000014068,20,12,25,17:30,5,2,1,6,6,13211,M,"43,2909710","5,4360510",13
202000014069,20,12,24,08:06,2,2,9,1,3,13212,M,"43,3045420","5,4738410",13
202000014070,20,12,25,07:30,2,2,1,1,6,13210,M,"43,2776800","5,4265000",13
202000014071,20,12,24,19:50,3,1,1,8,1,13047,M,"43,4743400","4,9778800",13
202000014072,20,12,24,21:05,5,2,4,2,6,75117,M,"48,8830560","2,2836880",75
202000014073,20,12,18,22:30,5,2,1,1,7,75117,M,"48,8868090","2,2936490",75
202000014074,20,12,24,13:10,1,2,5,3,6,75117,M,"48,8873480","2,3141310",75
202000014075,20,12,25,08:00,2,2,1,1,6,75116,M,"48,8685510","2,2803660",75
202000014076,20,12,25,19:25,5,2,2,1,3,75106,M,"48,8524740","2,3387650",75
202000014077,20,12,24,22:00,5,2,6,9,3,93078,M,"48,9608200","2,5561500",93
202000014078,20,12,25,12:50,1,2,1,1,3,93006,M,"48,8710554","2,4176831",93
202000014079,20,12,25,22:00,3,2,3,1,6,93066,M,"48,9386028","2,3563731",93
202000014080,20,12,25,18:18,5,2,1,1,3,92064,M,"48,8418530","2,2020990",92
202000014081,20,12,25,18:40,5,2,1,1,2,92026,M,"48,9010982","2,2601125",92
202000014082,20,12,24,22:45,5,2,2,1,3,92004,M,"48,9143200","2,3108000",92
202000014083,20,12,26,06:35,5,2,3,1,6,60234,M,"49,3904380","2,4132951",60
202000014084,20,12,24,19:00,3,1,1,8,7,40213,M,"43,5942550"," -1,3853290",40
202000014085,20,12,24,18:45,3,1,1,2,7,33106,M,"44,5616400"," -0,1164510",33
202000014086,20,12,25,14:50,1,2,1,1,6,97422,R," -21,2745390","55,5181220",974
202000014087,20,12,26,00:40,3,1,9,1,6,97404,R," -21,2793470","55,3792740",974
202000014088,20,12,24,15:25,2,1,1,7,5,28281,M,"48,3978670","1,3799640",28
202000014089,20,12,25,14:45,1,1,1,4,1,06130,M,"43,6875930","6,8294690",06
202000014090,20,12,26,15:15,1,2,4,1,3,77398,M,"48,8767410","3,2953060",77
202000014091,20,12,1,19:45,3,1,1,1,3,59331,M,"50,1243340","3,7299440",59
202000014092,20,12,26,17:30,1,1,4,1,6,79162,M,"46,3115970"," -0,5769110",79
202000014093,20,12,26,14:00,1,1,1,1,7,32462,M,"43,7393520","0,3564120",32
202000014094,20,12,23,13:55,1,1,1,1,2,12086,M,"44,1776720","3,1258030",12
202000014095,20,12,26,12:00,1,1,2,1,1,42288,M,"45,7754630","4,0030470",42
202000014096,20,12,25,16:59,1,1,1,6,1,34045,M,"43,5504670","3,3487890",34
202000014097,20,12,24,10:50,1,1,9,1,6,35069,M,"48,0418610"," -1,5163830",35
202000014098,20,12,24,17:15,3,1,3,1,3,35264,M,"48,0890160"," -1,3458630",35
202000014099,20,12,25,19:00,3,1,1,1,5,29017,M,"48,4776440"," -4,6982000",29
202000014100,20,12,24,18:20,5,2,1,2,6,29160,M,"48,5017813"," -4,4269274",29
202000014101,20,12,26,13:50,1,1,1,1,7,02262,M,"49,6363980","3,3573530",02
202000014102,20,12,25,22:46,3,1,1,2,6,01457,M,"46,1891666","4,9974000",01
202000014103,20,12,24,11:00,1,1,1,8,1,72147,M,"48,1260820","0,1956350",72
202000014104,20,12,23,13:15,1,1,1,1,6,72346,M,"47,8796280","0,0296550",72
202000014105,20,12,23,14:00,1,1,1,2,7,37245,M,"47,4906386","0,5594072",37
202000014106,20,12,26,14:00,1,2,2,1,1,37050,M,"47,3468560","0,7071738",37
202000014107,20,12,24,10:30,1,1,1,1,6,98752,P," -17,7220550"," -149,4046530",987
202000014108,20,12,23,23:25,3,1,1,1,7,01147,M,"46,4373650","5,2936880",01
202000014109,20,12,20,18:00,3,1,1,2,5,21590,M,"47,0582915","4,8132198",21
202000014110,20,12,23,17:10,3,1,1,2,4,13051,M,"43,5903450","5,1870600",13
202000014111,20,12,25,14:30,1,1,1,1,6,98724,P," -16,7273840"," -151,0112500",987
202000014112,20,12,24,21:15,3,2,1,1,6,98722,P," -17,5914290"," -149,3821260",987
202000014113,20,12,25,17:45,1,1,1,1,3,98821,C," -22,1648320","166,3933040",988
202000014114,20,11,20,17:15,2,1,9,1,2,97117,A,"16,3279230"," -61,3961510",971
202000014115,20,12,26,02:00,3,1,1,6,6,84067,M,"44,0838010","5,0127480",84
202000014116,20,12,24,14:50,1,1,1,2,1,88308,M,"48,3452830","5,6576160",88
202000014117,20,12,24,12:06,1,1,6,1,6,57645,M,"49,1931050","6,1506060",57
202000014118,20,12,26,10:45,1,2,2,1,3,17164,M,"45,7630620"," -0,5860410",17
202000014119,20,12,26,14:30,1,1,1,8,7,59105,M,"50,4413780","3,2287200",59
202000014120,20,12,24,20:20,3,1,1,2,5,42110,M,"45,4951786","4,5552588",42
202000014121,20,12,25,06:10,3,1,1,1,6,91228,M,"48,6133500","2,4310000",91
202000014122,20,12,25,17:15,5,1,1,1,2,93066,M,"48,9085100","2,3584100",93
202000014123,20,9,22,11:14,1,1,1,1,2,69273,M,"45,6788300","4,8974600",69
202000014124,20,12,24,20:18,5,2,1,1,3,97302,G,"4,9167000"," -52,3214400",973
202000014125,20,12,24,19:18,5,2,2,1,3,97302,G,"4,9344500"," -52,3208100",973
202000014126,20,12,24,13:50,1,2,1,1,6,69386,M,"45,7694800","4,8516000",69
202000014127,20,12,24,12:30,1,2,3,1,3,69259,M,"45,7175300","4,8916700",69
202000014128,20,12,24,11:15,1,2,2,1,3,69383,M,"45,7635903","4,8429344",69
202000014129,20,12,24,08:55,1,2,2,1,3,69383,M,"45,7593800","4,8446300",69
202000014130,20,12,23,11:45,1,2,2,8,6,69387,M,"45,7315000","4,8299200",69
202000014131,20,12,24,15:45,1,2,1,1,6,97213,A,"14,6131800"," -61,0027400",972
202000014132,20,12,24,07:05,1,1,1,8,1,97101,A,"16,2965600"," -61,5114300",971
202000014133,20,12,23,19:30,3,2,3,1,3,95014,M,"49,0116700","2,3048600",95
202000014134,20,12,24,13:45,1,2,6,3,3,91434,M,"48,6620600","2,3406300",91
202000014135,20,12,24,11:23,1,2,1,3,6,87085,M,"45,8243200","1,2265300",87
202000014136,20,12,24,10:11,1,2,1,2,6,87085,M,"45,8518300","1,2633000",87
202000014137,20,12,18,16:45,1,2,1,8,6,85191,M,"46,6700700"," -1,4273700",85
202000014138,20,12,21,17:50,5,2,1,2,6,85191,M,"46,6687000"," -1,4094100",85
202000014139,20,12,23,16:20,1,2,1,1,6,76351,M,"49,4941800","0,1096000",76
202000014140,20,12,22,11:48,1,2,1,1,5,76351,M,"49,4915175","0,1623700",76
202000014141,20,12,24,17:30,5,2,2,2,1,69256,M,"45,7755400","4,9173300",69
202000014142,20,12,24,19:45,5,2,3,2,3,65440,M,"43,2412840","0,0644290",65
202000014143,20,12,22,15:00,1,2,2,1,3,64445,M,"43,3293300"," -0,3795500",64
202000014144,20,12,24,09:50,1,2,1,3,3,64102,M,"43,4914500"," -1,4910800",64
202000014145,20,12,23,08:10,3,1,1,3,-1,62753,M,"50,3206760","2,8166410",62
202000014146,20,12,22,17:57,2,2,1,2,6,61001,M,"48,4223000","0,0936300",61
202000014147,20,12,24,15:10,1,2,1,2,6,59508,M,"50,7376604","3,1158203",59
202000014148,20,12,23,18:00,5,2,1,6,6,56083,M,"47,8047800"," -3,2788200",56
202000014149,20,12,23,15:15,1,2,1,6,4,56121,M,"47,7592200"," -3,3796300",56
202000014150,20,12,23,18:20,5,2,1,1,7,55545,M,"49,1674000","5,3870900",55
202000014151,20,12,24,19:40,5,2,2,3,3,54395,M,"48,7032500","6,1819800",54
202000014152,20,12,23,17:30,5,2,1,2,3,54395,M,"48,6916438","6,1818400",54
202000014153,20,12,23,18:10,5,2,3,2,2,54257,M,"48,6562194","6,1994024",54
202000014154,20,12,23,17:10,5,2,1,3,6,54547,M,"48,6662140","6,1705010",54
202000014155,20,12,24,17:35,5,2,3,2,4,51454,M,"49,2569778","4,0230613",51
202000014156,20,12,24,14:15,1,2,1,1,7,49007,M,"47,4833365"," -0,5532675",49
202000014157,20,12,24,11:28,1,2,1,1,3,49007,M,"47,4620300"," -0,5412900",49
202000014158,20,12,23,19:50,5,2,1,2,1,47001,M,"44,1994200","0,6187800",47
202000014159,20,12,24,15:00,1,2,2,2,3,45234,M,"47,9086047","1,9185980",45
202000014160,20,12,23,22:08,3,1,1,6,-1,44020,M,"47,1905900"," -1,5786100",44
202000014161,20,12,1,14:40,1,2,1,2,6,38185,M,"45,1901700","5,7288700",38
202000014162,20,11,29,18:05,5,2,1,1,6,38185,M,"45,1851000","5,7183000",38
202000014163,20,12,24,17:22,3,2,1,1,7,37122,M,"47,3409300","0,6517200",37
202000014164,20,12,24,15:00,1,2,2,2,6,37261,M,"47,3928041","0,6786793",37
202000014165,20,12,24,09:05,1,2,2,2,3,35238,M,"48,0838000"," -1,6750300",35
202000014166,20,12,23,17:50,5,2,1,2,3,34172,M,"43,6144700","3,8837400",34
202000014167,20,12,23,20:00,5,2,1,1,3,31555,M,"43,6052600","1,4801400",31
202000014168,20,12,23,19:25,5,2,1,1,3,31149,M,"43,6057000","1,3356600",31
202000014169,20,12,23,19:13,5,2,1,2,6,30189,M,"43,8370200","4,3564300",30
202000014170,20,11,17,16:15,1,2,1,1,6,30028,M,"44,1610300","4,6219500",30
202000014171,20,12,22,12:45,1,2,2,3,3,29019,M,"48,3865700"," -4,5282500",29
202000014172,20,12,24,10:25,1,2,1,2,2,27681,M,"49,0946800","1,4672910",27
202000014173,20,12,23,13:55,1,2,2,1,3,26058,M,"44,9490200","4,8882100",26
202000014174,20,12,23,12:50,1,2,2,2,6,25056,M,"47,2474240","5,9990500",25
202000014175,20,12,23,13:30,1,2,4,2,6,21231,M,"47,3222841","5,0298001",21
202000014176,20,12,23,17:45,5,2,2,1,3,17415,M,"45,7518500"," -0,6323100",17
202000014177,20,12,19,13:15,1,1,1,1,7,17415,M,"45,7419000"," -0,6006400",17
202000014178,20,12,25,01:10,4,2,1,1,2,17028,M,"46,1401800"," -1,1343700",17
202000014179,20,12,24,18:20,5,2,1,1,3,17299,M,"45,9345520"," -0,9597340",17
202000014180,20,12,23,19:35,3,2,1,1,1,16113,M,"45,6069700","0,0869230",16
202000014181,20,12,24,11:35,1,2,1,1,6,13077,M,"43,4053800","4,9808200",13
202000014182,20,12,24,12:05,1,2,1,1,6,13210,M,"43,2877800","5,4118100",13
202000014183,20,12,22,16:30,1,1,1,8,4,13004,M,"43,7038900","4,6474700",13
202000014184,20,12,24,09:20,1,2,2,8,7,06088,M,"43,6778300","7,2051600",06
202000014185,20,12,23,06:40,3,1,1,9,1,05061,M,"44,5813700","6,0805700",05
202000014186,20,12,23,22:16,5,2,3,1,3,75106,M,"48,8524900","2,3387460",75
202000014187,20,12,24,18:20,5,2,4,1,6,75120,M,"48,8648430","2,4001800",75
202000014188,20,12,24,12:10,1,2,1,2,2,75117,M,"48,8780610","2,2941600",75
202000014189,20,12,24,15:10,1,2,1,2,2,75116,M,"48,8666670","2,2302980",75
202000014190,20,12,23,19:40,5,2,1,1,6,75116,M,"48,8602110","2,2857650",75
202000014191,20,12,24,19:05,5,2,2,8,6,75111,M,"48,8646090","2,3780340",75
202000014192,20,12,24,09:50,1,2,1,8,3,75111,M,"48,8529250","2,3931020",75
202000014193,20,12,24,16:00,1,2,7,2,6,75107,M,"48,8475450","2,3119710",75
202000014194,20,12,24,16:30,1,2,3,2,2,75101,M,"48,8579680","2,3444020",75
202000014195,20,12,23,12:33,1,2,1,2,3,75103,M,"48,8627820","2,3536470",75
202000014196,20,12,22,12:00,1,2,3,2,3,94081,M,"48,7959394","2,4126953",94
202000014197,20,12,22,11:10,1,2,1,8,7,94081,M,"48,7956200","2,3842000",94
202000014198,20,12,24,10:40,1,2,1,2,6,94068,M,"48,7942900","2,5118700",94
202000014199,20,12,23,18:20,5,2,1,1,7,94068,M,"48,7998300","2,4717300",94
202000014200,20,12,23,22:20,5,2,1,1,6,94046,M,"48,8157600","2,4393500",94
202000014201,20,12,24,18:00,5,2,1,2,3,94041,M,"48,8116361","2,3713045",94
202000014202,20,12,24,11:21,1,2,1,2,3,94054,M,"48,7471090","2,4112030",94
202000014203,20,12,24,09:00,1,2,1,2,6,94078,M,"48,7432080","2,4521970",94
202000014204,20,12,18,09:50,1,2,6,1,6,94017,M,"48,8149200","2,5199700",94
202000014205,20,12,24,16:30,1,2,1,1,6,94071,M,"48,7751900","2,5140170",94
202000014206,20,12,24,14:15,1,2,3,2,3,93079,M,"48,9541100","2,3352000",93
202000014207,20,12,21,14:00,1,2,1,2,1,93079,M,"48,9621163","2,3383847",93
202000014208,20,12,24,14:54,1,2,3,2,3,92062,M,"48,8855260","2,2514340",92
202000014209,20,12,23,17:40,5,2,2,8,3,92051,M,"48,8953420","2,2659410",92
202000014210,20,12,23,18:40,5,2,1,1,6,92049,M,"48,8102280","2,3133750",92
202000014211,20,12,23,00:15,5,2,1,3,6,92024,M,"48,9121493","2,3107570",92
202000014212,20,12,24,15:35,1,2,1,2,7,92012,M,"48,8374310","2,2517720",92
202000014213,20,12,23,21:00,5,1,1,2,-1,92004,M,"48,9102283","2,2992108",92
202000014214,20,12,23,23:25,5,2,9,2,3,92009,M,"48,9068500","2,2614700",92
202000014215,20,12,24,16:55,1,1,1,7,4,35127,M,"47,9350850"," -1,8355110",35
202000014216,20,12,24,19:15,3,1,2,3,3,60335,M,"49,5400190","1,8695320",60
202000014217,20,12,25,06:30,3,1,2,1,6,17193,M,"46,1235080"," -1,0469680",17
202000014218,20,12,24,23:45,5,2,1,1,6,06006,M,"43,7884220","7,2430160",06
202000014219,20,12,24,20:51,3,1,1,1,2,08402,M,"49,5844760","4,4884380",08
202000014220,20,12,25,10:00,1,1,1,4,7,43123,M,"45,3338720","3,2725610",43
202000014221,20,12,25,02:00,3,1,1,2,1,76187,M,"49,7274060","0,4372000",76
202000014222,20,12,24,18:50,3,1,1,1,1,79179,M,"46,7587720"," -0,6207760",79
202000014223,20,12,25,07:45,2,2,1,4,6,69006,M,"45,9767220","4,3341980",69
202000014224,20,12,16,13:00,1,1,1,6,6,31377,M,"43,4319170","1,7256640",31
202000014225,20,12,25,08:45,1,1,3,8,6,01452,M,"45,8424930","5,6532700",01
202000014226,20,12,24,19:05,3,1,1,2,1,58258,M,"46,8791000","3,3046320",58
202000014227,20,12,24,18:10,3,1,1,6,3,50077,M,"49,6603290"," -1,5103730",50
202000014228,20,12,24,09:00,1,1,1,2,3,45228,M,"48,0097150","2,3491340",45
202000014229,20,12,24,15:45,1,1,2,7,-1,27050,M,"49,0933230","0,8043620",27
202000014230,20,12,24,19:45,5,2,1,1,3,30274,M,"44,1758630","4,1152670",30
202000014231,20,12,25,17:20,3,1,1,8,6,52470,M,"47,9837962","5,7871815",52
202000014232,20,12,25,19:45,5,2,1,1,3,98805,C," -22,2054790","166,4766780",988
202000014233,20,12,25,14:09,1,1,1,8,6,62674,M,"50,7394220","2,1402100",62
202000014234,20,12,24,23:00,5,1,9,1,7,97311,G,"5,4685050"," -54,0459480",973
202000014235,20,12,24,20:30,5,1,1,1,7,97224,A,"14,6657770"," -61,0343580",972
202000014236,20,12,25,14:00,1,2,1,1,7,29233,M,"47,8595631"," -3,5642982",29
202000014237,20,12,24,18:00,3,1,1,2,6,45310,M,"48,2972200","2,1797190",45
202000014238,20,12,21,18:40,5,2,1,1,6,45173,M,"47,8657670","2,1242880",45
202000014239,20,12,10,08:07,2,1,1,1,5,77318,M,"48,7654350","2,9192430",77
202000014240,20,12,24,17:30,3,1,1,2,6,95211,M,"49,0859390","2,1072720",95
202000014241,20,12,25,12:15,1,1,1,8,6,89055,M,"47,9821590","3,6269260",89
202000014242,20,12,25,10:12,1,2,9,2,2,63284,M,"45,7982620","3,2405980",63
202000014243,20,12,24,18:55,5,2,1,2,6,42202,M,"45,7213470","4,3422203",42
202000014244,20,12,22,18:30,5,2,1,1,7,01211,M,"46,1179970","5,1947310",01
202000014245,20,12,25,00:30,3,1,1,1,6,85247,M,"46,9719600"," -1,0871100",85
202000014246,20,12,17,04:15,3,2,1,1,6,50564,M,"49,2419000"," -1,3191970",50
202000014247,20,12,24,23:35,3,1,1,2,6,60060,M,"49,1819700","2,2181010",60
202000014248,20,12,24,18:17,5,1,1,1,4,13055,M,"43,2956300","5,4244800",13
202000014249,20,12,24,16:40,2,1,1,1,3,13055,M,"43,3313900","5,3871500",13
202000014250,20,12,23,12:15,1,1,1,1,6,83137,M,"43,1213200","5,9533100",83
202000014251,20,11,19,06:50,5,2,6,2,2,33200,M,"44,8585000"," -0,6774300",33
202000014252,20,11,19,14:00,1,2,1,1,3,32013,M,"43,6408200","0,5857600",32
202000014253,20,11,18,08:45,1,2,1,1,6,31149,M,"43,6181600","1,3338700",31
202000014254,20,11,19,18:48,5,2,1,1,6,31555,M,"43,5806800","1,3765000",31
202000014255,20,11,19,12:35,1,2,1,8,2,27681,M,"49,0960200","1,4831400",27
202000014256,20,11,19,18:23,5,2,1,1,3,17300,M,"46,1530500"," -1,1394500",17
202000014257,20,11,19,05:55,3,1,1,1,6,13117,M,"43,4434690","5,2320580",13
202000014258,20,11,19,16:50,1,2,1,1,6,13208,M,"43,2467588","5,3818224",13
202000014259,20,11,19,14:38,1,2,9,1,6,13208,M,"43,2790000","5,3900000",13
202000014260,20,11,19,13:00,1,2,2,1,6,13206,M,"43,2854900","5,3825300",13
202000014261,20,11,19,08:15,1,2,6,1,2,13001,M,"43,4824040","5,3650812",13
202000014262,20,11,19,14:15,1,2,1,2,1,09122,M,"42,9652000","1,5936000",09
202000014263,20,11,18,14:40,1,1,1,1,3,06029,M,"43,5503874","6,9910220",06
202000014264,20,11,18,10:30,1,2,1,1,6,04112,M,"43,8303300","5,8047400",04
202000014265,20,11,19,18:20,5,2,1,2,3,75119,M,"48,8831180","2,3866680",75
202000014266,20,11,19,09:40,1,2,7,1,3,75119,M,"48,9001090","2,3883730",75
202000014267,20,11,19,09:00,1,2,3,1,3,75119,M,"48,8987540","2,3731440",75
202000014268,20,11,19,13:45,1,2,2,1,6,75118,M,"48,8991500","2,3362540",75
202000014269,20,11,19,14:45,1,2,2,2,3,75118,M,"48,8986940","2,3593680",75
202000014270,20,11,19,20:20,5,2,1,2,7,75115,M,"48,8331960","2,2823290",75
202000014271,20,11,18,21:40,5,2,2,1,3,75115,M,"48,8545800","2,2888500",75
202000014272,20,11,19,10:40,1,2,3,1,3,75114,M,"48,8366260","2,3258340",75
202000014273,20,11,17,13:48,1,2,2,1,1,75113,M,"48,8419210","2,3678690",75
202000014274,20,11,19,18:40,1,2,1,2,2,75110,M,"48,8837840","2,3592180",75
202000014275,20,11,19,07:30,1,2,3,1,3,75109,M,"48,8734460","2,3479090",75
202000014276,20,11,19,01:43,5,2,2,2,3,75111,M,"48,8574320","2,3698460",75
202000014277,20,11,19,10:00,1,2,2,1,3,75101,M,"48,8572200","2,3470980",75
202000014278,20,11,18,19:20,5,2,2,1,3,75104,M,"48,8546000","2,3551790",75
202000014279,20,11,19,11:55,1,2,1,1,6,94081,M,"48,7847500","2,4004000",94
202000014280,20,11,19,19:50,5,2,1,1,6,94080,M,"48,8479000","2,4430900",94
202000014281,20,11,19,11:10,1,2,2,8,3,94068,M,"48,7934190","2,4785900",94
202000014282,20,11,19,20:30,5,2,1,2,3,94037,M,"48,8200000","2,3400000",94
202000014283,20,11,19,09:10,1,2,1,1,3,94065,M,"48,7601900","2,3548500",94
202000014284,20,11,19,11:20,1,2,9,1,2,94004,M,"48,7538850","2,5065600",94
202000014285,20,11,19,13:08,1,2,1,2,6,93078,M,"48,9648500","2,5312500",93
202000014286,20,11,18,11:10,1,1,9,7,6,93073,M,"48,9843200","2,5345700",93
202000014287,20,11,19,14:44,1,2,3,1,5,93049,M,"48,8574500","2,4957800",93
202000014288,20,11,18,12:10,1,2,3,1,6,93063,M,"48,8722218","2,4399443",93
202000014289,20,11,18,22:40,3,1,1,1,6,93027,M,"48,9375700","2,3880800",93
202000014290,20,11,19,14:45,1,2,1,1,6,92072,M,"48,8220960","2,2070431",92
202000014291,20,11,19,22:20,3,2,1,1,7,92050,M,"48,8884250","2,2055309",92
202000014292,20,11,19,10:00,1,2,1,1,2,92050,M,"48,8934800","2,2114700",92
202000014293,20,11,19,07:55,1,2,1,1,6,92040,M,"48,8201112","2,2745427",92
202000014294,20,11,19,19:27,5,2,1,2,7,92024,M,"48,9010066","2,3053801",92
202000014295,20,11,19,12:25,1,2,2,1,3,92019,M,"48,7728133","2,2757362",92
202000014296,20,11,19,09:15,1,2,1,1,3,92019,M,"48,7619200","2,2867900",92
202000014297,20,11,18,18:17,3,2,1,1,6,92019,M,"48,7694700","2,2479900",92
202000014298,20,11,19,20:30,5,2,3,2,6,92007,M,"48,7997613","2,3179530",92
202000014299,20,11,19,18:15,1,1,1,2,4,92004,M,"48,9087800","2,2931600",92
202000014300,20,11,19,18:15,1,2,1,1,6,92009,M,"48,9165668","2,2821733",92
202000014301,20,11,16,17:00,1,1,1,1,5,97415,R," -20,9736670","55,3196920",974
202000014302,20,11,20,01:00,5,2,4,1,3,97415,R," -21,0151160","55,2608230",974
202000014303,20,11,20,07:15,2,1,2,1,1,62812,M,"50,6446930","2,0348530",62
202000014304,20,11,20,09:05,1,1,1,1,6,85073,M,"46,4932220"," -1,1630490",85
202000014305,20,11,20,03:15,3,1,1,1,7,98812,C," -20,6257830","164,3405800",988
202000014306,20,11,19,18:05,1,2,2,1,6,97422,R," -21,2805300","55,5168950",974
202000014307,20,11,19,19:20,3,1,1,1,2,83004,M,"43,4477000","6,4785220",83
202000014308,20,11,17,23:30,3,1,1,1,2,22206,M,"48,5363330"," -3,0223940",22
202000014309,20,11,14,17:05,1,1,1,1,4,97410,R," -21,0649380","55,7080010",974
202000014310,20,11,20,19:40,3,1,1,2,6,50175,M,"49,4827080"," -1,3911010",50
202000014311,20,10,23,12:00,1,1,1,3,6,36150,M,"46,4361713","1,4796408",36
202000014312,20,11,19,18:24,3,1,2,2,3,62268,M,"50,6739270","1,8225720",62
202000014313,20,11,19,17:20,2,1,3,1,3,34310,M,"43,4103830","3,1706390",34
202000014314,20,11,19,10:45,1,1,1,1,6,22366,M,"48,6205630"," -3,5909410",22
202000014315,20,11,19,19:40,3,1,1,1,7,29274,M,"47,9704300"," -3,7168340",29
202000014316,20,11,19,19:40,5,2,3,1,3,29003,M,"48,0286618"," -4,5568815",29
202000014317,20,11,19,15:30,1,2,3,1,6,29215,M,"47,9791460"," -4,4304080",29
202000014318,20,11,19,09:40,1,1,1,2,1,31118,M,"43,8035000","1,3630240",31
202000014319,20,11,20,18:05,2,2,1,1,6,38130,M,"45,3890440","5,2710240",38
202000014320,20,11,20,13:25,1,2,1,1,3,02215,M,"49,4622650","3,8243810",02
202000014321,20,11,20,16:45,1,2,4,1,6,03128,M,"46,3712417","2,4782774",03
202000014322,20,11,20,15:15,1,2,1,1,6,01320,M,"46,3022730","4,8663430",01
202000014323,20,11,20,04:50,5,2,1,1,6,66124,M,"42,4995120","2,0413970",66
202000014324,20,11,19,21:30,5,2,1,1,6,54425,M,"49,3080700","5,7829500",54
202000014325,20,11,20,07:34,2,1,1,1,2,64335,M,"43,3604380"," -0,4147660",64
202000014326,20,11,19,11:45,1,2,7,1,6,36006,M,"46,5887391","1,5193754",36
202000014327,20,11,19,18:00,5,2,1,1,6,67471,M,"48,6344540","7,7369870",67
202000014328,20,11,19,04:00,3,2,1,1,7,67471,M,"48,6352590","7,7695170",67
202000014329,20,11,9,12:15,1,2,1,1,1,97309,G,"4,8875590"," -52,2799230",973
202000014330,20,11,20,05:55,3,1,1,2,2,68297,M,"47,5780460","7,5582930",68
202000014331,20,11,19,23:47,3,1,1,1,1,47046,M,"44,3665904","0,2425077",47
202000014332,20,11,19,14:10,1,1,1,2,2,98729,P," -17,4819310"," -149,8007995",987
202000014333,20,11,19,19:30,4,2,1,1,6,97305,G,"4,9299430"," -52,4100480",973
202000014334,20,11,20,11:45,1,2,1,1,7,45226,M,"47,7917955","2,2522569",45
202000014335,20,11,20,16:10,1,2,1,1,6,04197,M,"43,7805370","5,7679560",04
202000014336,20,11,19,11:00,1,2,6,1,6,70026,M,"47,4559940","5,5880570",70
202000014337,20,11,20,12:00,1,2,2,1,3,52269,M,"47,8716190","5,3375850",52
202000014338,20,11,20,12:00,1,2,1,1,6,57474,M,"49,2581700","6,1599610",57
202000014339,20,11,20,07:00,2,1,1,2,4,74220,M,"46,1386830","6,2858480",74
202000014340,20,11,20,16:20,1,1,6,1,3,64067,M,"43,2438120"," -0,2891960",64
202000014341,20,11,20,06:15,4,2,1,1,7,85151,M,"46,9875860"," -0,9324580",85
202000014342,20,11,20,04:40,3,1,1,1,6,27249,M,"49,1747460","1,2580630",27
202000014343,20,11,19,09:00,1,1,1,1,6,13207,M,"43,2850510","5,3842560",13
202000014344,20,11,13,08:05,1,1,1,1,5,83123,M,"43,1464222","5,7761264",83