Num_Acc,an,mois,jour,hrmn,lum,agg,int,atm,col,com,gps,lat,long,dep
202000014345,20,11,19,16:08,1,1,1,1,2,33550,M,"44,7796000"," -0,5739700",33
202000014346,20,11,18,20:45,3,1,1,1,2,91235,M,"48,6261000","2,3551000",91
202000014347,20,11,19,19:30,3,1,1,2,4,93005,M,"48,9680356","2,4778582",93
202000014348,20,11,18,20:10,3,1,1,1,5,93078,M,"48,9592500","2,5371600",93
202000014349,20,11,18,16:25,1,1,1,1,4,93048,M,"48,8642500","2,4323600",93
202000014350,20,11,19,09:15,1,1,1,1,4,94046,M,"48,8097497","2,4488551",94
202000014351,20,11,19,08:40,1,1,1,1,2,94073,M,"48,7658022","2,3793953",94
202000014352,20,11,18,19:35,3,1,1,1,6,77146,M,"48,8323200","2,6603100",77
202000014353,20,11,18,12:25,1,1,1,1,4,94042,M,"48,8280073","2,4730466",94
202000014354,20,2,5,19:00,5,2,2,1,3,93050,M,"48,8656132","2,5640742",93
202000014355,20,8,31,15:15,1,2,3,8,3,67482,M,"48,5950600","7,7101400",67
202000014356,20,8,11,16:10,1,1,1,1,6,67482,M,"48,5711870","7,7291340",67
202000014357,20,9,19,14:40,1,2,1,1,6,27229,M,"49,0322500","1,1592500",27
202000014358,20,11,18,11:05,1,2,3,1,2,98818,C," -22,2717500","166,4532900",988
202000014359,20,11,18,08:40,1,2,1,1,1,97611,Y," -12,7910419","45,2225778",976
202000014360,20,11,18,18:45,5,2,1,3,6,97302,G,"4,9439400"," -52,3078400",973
202000014361,20,11,18,12:50,1,1,6,1,3,97302,G,"4,8967500"," -52,3289700",973
202000014362,20,11,18,16:10,1,2,1,1,5,69259,M,"45,6985200","4,8575000",69
202000014363,20,11,18,14:15,1,2,3,1,1,69387,M,"45,7458900","4,8417200",69
202000014364,20,11,18,14:50,1,2,3,1,6,69286,M,"45,8206795","4,8967422",69
202000014365,20,11,18,12:00,1,2,3,1,3,69149,M,"45,7081557","4,7985256",69
202000014366,20,11,17,20:50,5,2,1,1,7,97113,A,"16,2165100"," -61,4403000",971
202000014367,20,11,18,15:00,1,2,3,1,4,91286,M,"48,6500000","2,3700000",91
202000014368,20,11,18,09:45,1,2,9,1,3,83069,M,"43,1135500","6,1237800",83
202000014369,20,11,10,14:25,1,1,1,1,2,76540,M,"49,4508063","1,0574899",76
202000014370,20,11,17,16:50,2,2,2,1,5,76498,M,"49,4139800","1,0739700",76
202000014371,20,10,10,12:35,1,1,3,1,3,76565,M,"49,8719250","1,0662336",76
202000014372,20,11,18,08:20,1,2,7,1,6,72181,M,"48,0141600","0,1869800",72
202000014373,20,11,17,16:05,1,2,1,1,7,71153,M,"46,8018429","4,4469953",71
202000014374,20,11,18,11:05,1,2,3,1,3,71076,M,"46,7976700","4,8409300",71
202000014375,20,11,18,08:00,2,2,2,1,6,69029,M,"45,7391500","4,9102500",69
202000014376,20,11,17,20:00,5,2,1,1,6,69264,M,"45,9923400","4,7188700",69
202000014377,20,11,10,06:35,5,2,1,1,3,68297,M,"47,5860200","7,5610500",68
202000014378,20,11,18,07:30,2,2,1,1,3,64348,M,"43,3045432"," -0,4193580",64
202000014379,20,10,24,19:00,2,2,4,1,3,59350,M,"50,6220800","3,0928800",59
202000014380,20,11,17,14:05,1,1,1,1,3,54526,M,"48,6837800","6,2211200",54
202000014381,20,11,16,13:30,1,2,1,1,6,50129,M,"49,6296200"," -1,6179900",50
202000014382,20,11,16,10:20,1,2,3,2,3,49099,M,"47,0561000"," -0,8692300",49
202000014383,20,11,17,16:35,1,1,1,1,1,47323,M,"44,4155200","0,7552500",47
202000014384,20,11,18,14:13,1,2,6,1,6,45302,M,"47,9318100","1,8888400",45
202000014385,20,11,18,11:19,1,2,1,1,1,45234,M,"47,9233800","1,9404300",45
202000014386,20,11,18,10:35,1,2,1,7,6,41269,M,"47,7912700","1,0653200",41
202000014387,20,11,18,13:06,1,2,3,1,3,38544,M,"45,5376300","4,8677400",38
202000014388,20,11,17,11:20,1,2,1,1,7,37122,M,"47,3379360","0,6599762",37
202000014389,20,11,2,10:45,1,2,7,2,6,35093,M,"48,6335000"," -2,0563200",35
202000014390,20,11,18,07:55,2,2,1,1,6,35115,M,"48,3669700"," -1,1842600",35
202000014391,20,11,18,14:00,1,2,6,1,3,32013,M,"43,6611100","0,5991600",32
202000014392,20,11,18,09:45,1,2,1,1,6,30189,M,"43,8186200","4,3571100",30
202000014393,20,11,17,08:40,1,2,1,1,7,29039,M,"47,8732900"," -3,9051300",29
202000014394,20,11,13,19:10,3,1,1,1,6,27562,M,"49,0939300","1,4221900",27
202000014395,20,11,18,08:10,1,2,3,1,6,27681,M,"49,0963600","1,4759700",27
202000014396,20,11,18,09:25,1,2,1,7,6,26198,M,"44,5629760","4,7473810",26
202000014397,20,11,18,08:45,1,2,1,1,3,24037,M,"44,8355000","0,4512000",24
202000014398,20,11,8,19:00,5,2,1,1,5,22278,M,"48,5115000"," -2,7642700",22
202000014399,20,11,18,09:15,1,2,3,1,3,14118,M,"49,1754500"," -0,3893200",14
202000014400,20,11,18,20:00,5,2,1,1,4,13209,M,"43,2482800","5,4364700",13
202000014401,20,11,18,20:00,5,2,1,1,1,13209,M,"43,2571170","5,4083530",13
202000014402,20,11,18,12:15,1,2,3,1,3,13205,M,"43,2940750","5,3930060",13
202000014403,20,11,18,07:45,1,2,1,1,3,13214,M,"43,3314406","5,3759830",13
202000014404,20,11,17,12:45,1,2,9,1,3,13216,M,"43,3578700","5,3212900",13
202000014405,20,11,18,07:55,1,1,1,1,6,07019,M,"44,6233100","4,3873200",07
202000014406,20,11,18,11:20,1,2,1,1,3,06069,M,"43,6581370","6,9285890",06
202000014407,20,11,8,12:49,1,2,1,2,1,05061,M,"44,5574710","6,0694370",05
202000014408,20,11,18,16:15,1,2,1,1,6,75112,M,"48,8484420","2,3741800",75
202000014409,20,11,18,11:30,1,2,1,1,6,75120,M,"48,8713700","2,4013100",75
202000014410,20,11,17,23:00,5,2,1,1,3,75120,M,"48,8551500","2,4151980",75
202000014411,20,11,16,21:40,5,2,1,1,2,75118,M,"48,9012770","2,3611890",75
202000014412,20,11,18,16:15,1,2,1,1,2,75116,M,"48,8635710","2,2689830",75
202000014413,20,11,18,16:20,1,2,2,1,3,75116,M,"48,8650430","2,2887110",75
202000014414,20,11,18,07:21,5,2,2,1,3,75109,M,"48,8736080","2,3353080",75
202000014415,20,11,18,19:40,5,2,2,1,3,75108,M,"48,8811370","2,3153400",75
202000014416,20,11,18,10:52,1,2,7,1,3,75117,M,"48,8825080","2,3105270",75
202000014417,20,11,18,15:40,1,2,1,1,6,75101,M,"48,8641950","2,3334720",75
202000014418,20,11,18,12:00,1,2,9,1,6,94080,M,"48,8470800","2,4377500",94
202000014419,20,11,18,12:30,1,2,1,1,6,94076,M,"48,8040000","2,3660000",94
202000014420,20,11,18,12:30,1,2,3,1,6,94079,M,"48,8259600","2,5404500",94
202000014421,20,11,18,08:00,1,2,1,1,3,94017,M,"48,8209400","2,4995500",94
202000014422,20,11,3,15:25,1,2,1,1,5,93066,M,"48,9356831","2,3463068",93
202000014423,20,11,18,07:40,2,2,2,1,3,93046,M,"48,9207413","2,5262110",93
202000014424,20,11,18,08:15,1,2,1,1,6,93046,M,"48,9195400","2,5147200",93
202000014425,20,11,18,20:15,5,2,1,1,3,93013,M,"48,9324457","2,4271409",93
202000014426,20,11,18,15:30,1,2,1,1,3,93008,M,"48,9058000","2,4659100",93
202000014427,20,11,18,17:10,2,2,9,1,6,93005,M,"48,9228802","2,5043118",93
202000014428,20,11,18,08:30,1,2,1,7,7,92064,M,"48,8459264","2,2183197",92
202000014429,20,11,18,11:10,1,2,1,1,3,92051,M,"48,8781252","2,2769413",92
202000014430,20,11,17,14:05,1,2,2,1,3,92025,M,"48,9356402","2,2609010",92
202000014431,20,11,17,05:55,5,2,2,1,3,92025,M,"48,9310700","2,2441300",92
202000014432,20,11,17,14:00,1,2,1,1,2,92002,M,"48,7456900","2,3034500",92
202000014433,20,11,19,07:45,2,1,2,9,3,35127,M,"47,9266630"," -1,8525150",35
202000014434,20,11,19,14:15,1,1,1,1,1,83131,M,"43,2284450","6,0140810",83
202000014435,20,11,18,17:15,1,1,1,1,-1,30117,M,"43,6870220","4,6056960",30
202000014436,20,10,24,07:30,2,1,1,1,1,89066,M,"48,1280540","3,4994880",89
202000014437,20,11,18,14:35,1,2,3,1,3,65080,M,"43,1553910","0,0247940",65
202000014438,20,11,19,07:57,1,1,1,2,1,71095,M,"46,2751151","4,2956727",71
202000014439,20,10,6,14:10,1,1,1,8,7,61100,M,"48,7186940","0,6186680",61
202000014440,20,11,19,14:00,1,1,1,1,1,12270,M,"44,3184140","3,0920400",12
202000014441,20,11,18,19:00,3,1,1,1,6,42128,M,"45,9339752","4,3017017",42
202000014442,20,11,17,09:20,1,1,2,1,4,86281,M,"46,7411990","0,2055860",86
202000014443,20,11,19,09:45,1,1,9,7,1,72289,M,"48,1464600","0,1594410",72
202000014444,20,11,19,06:15,3,1,1,1,1,72348,M,"47,9772540"," -0,1031680",72
202000014445,20,5,10,18:25,1,1,1,1,6,49049,M,"47,4430660"," -0,1757810",49
202000014446,20,5,11,08:20,1,1,1,3,6,01031,M,"46,2514740","5,6257379",01
202000014447,20,5,5,14:15,1,1,1,1,6,33284,M,"44,6242700"," -0,8591300",33
202000014448,20,5,6,06:00,5,2,1,1,3,95604,M,"49,0970850","2,5435080",95
202000014449,20,5,9,19:00,1,1,9,1,3,41252,M,"47,6684260","1,4668040",41
202000014450,20,5,11,18:20,1,2,1,1,6,34023,M,"43,4445070","3,6807420",34
202000014451,20,5,11,06:40,1,1,1,2,2,84132,M,"43,9011050","5,0035640",84
202000014452,20,5,5,07:30,1,1,1,1,6,83016,M,"43,2053800","5,8093200",83
202000014453,20,5,11,08:50,1,1,1,1,3,26041,M,"45,2167370","4,8608060",26
202000014454,20,5,11,16:55,1,2,9,3,3,70310,M,"47,6780660","6,5065400",70
202000014455,20,5,11,14:35,1,1,1,2,6,70310,M,"47,6595780","6,5004300",70
202000014456,20,5,11,10:24,1,2,1,3,6,67348,M,"48,4618096","7,4746082",67
202000014457,20,5,11,12:20,1,2,6,1,3,69278,M,"45,8967000","4,8197000",69
202000014458,20,5,11,06:45,2,1,1,3,1,33019,M,"44,6995800"," -1,0231300",33
202000014459,20,5,9,19:00,1,1,1,1,7,69295,M,"45,6131000","4,8782000",69
202000014460,20,5,9,23:30,5,1,1,3,2,92064,M,"48,8453631","2,2232026",92
202000014461,20,5,10,02:00,3,1,1,3,-1,93051,M,"48,8359041","2,5586648",93
202000014462,20,5,9,21:40,5,2,1,1,6,69387,M,"45,7525600","4,8535500",69
202000014463,20,5,9,12:50,1,2,1,1,6,69387,M,"45,7464500","4,8378500",69
202000014464,20,5,8,10:50,1,2,1,1,6,69034,M,"45,7959517","4,8677810",69
202000014465,20,5,8,15:30,1,2,3,1,3,69256,M,"45,7768300","4,9232000",69
202000014466,20,5,8,08:40,1,1,1,1,7,52125,M,"48,1073500","5,2002000",52
202000014467,20,5,8,20:30,1,2,1,1,3,51454,M,"49,2748288","4,0171759",51
202000014468,20,5,9,20:45,1,1,1,3,1,33039,M,"44,7946500"," -0,5424300",33
202000014469,20,5,9,05:00,5,2,1,2,6,33063,M,"44,8522100"," -0,5946400",33
202000014470,20,5,8,11:53,1,2,1,1,3,10333,M,"48,2798000","4,0456000",10
202000014471,20,5,9,07:15,1,2,1,8,3,75112,M,"48,8341020","2,4092900",75
202000014472,20,5,8,20:10,2,2,1,1,2,75112,M,"48,8284710","2,3974180",75
202000014473,20,5,8,01:50,5,2,3,1,7,75107,M,"48,8584110","2,3112110",75
202000014474,20,5,9,19:30,1,2,1,1,3,75120,M,"48,8569920","2,3937260",75
202000014475,20,5,8,22:00,5,2,2,2,3,75115,M,"48,8371820","2,3001450",75
202000014476,20,5,7,21:00,5,2,7,1,7,75111,M,"48,8489150","2,3955970",75
202000014477,20,5,9,16:30,1,2,3,1,3,94068,M,"48,7891000","2,4978100",94
202000014478,20,5,9,21:10,3,2,3,8,6,94018,M,"48,8267900","2,4035400",94
202000014479,20,5,8,21:50,4,2,1,1,2,93070,M,"48,9147400","2,3195100",93
202000014480,20,5,9,22:10,5,2,1,2,1,93063,M,"48,8850900","2,4345300",93
202000014481,20,5,9,11:40,1,2,1,8,7,92026,M,"48,8886998","2,2505048",92
202000014482,20,5,8,10:30,1,1,1,1,6,44144,M,"47,5508980"," -1,3187460",44
202000014483,20,5,10,06:45,1,1,1,1,6,97218,A,"14,7499290"," -61,1038390",972
202000014484,20,5,10,05:15,1,2,1,8,6,41250,M,"47,7684200","0,7206320",41
202000014485,20,5,9,13:50,1,2,1,1,1,35024,M,"48,1794262"," -1,6618252",35
202000014486,20,5,9,19:40,1,1,1,1,7,51113,M,"48,8793502","3,7894020",51
202000014487,20,5,10,08:40,1,2,1,1,3,71158,M,"46,5596106","4,9970774",71
202000014488,20,5,9,10:45,1,1,1,1,7,71468,M,"46,8505421","4,5465237",71
202000014489,20,5,8,18:57,1,2,3,7,3,12148,M,"44,4804630","2,2248440",12
202000014490,20,5,10,15:45,1,2,1,1,7,68208,M,"47,5647570","7,4411070",68
202000014491,20,5,10,01:00,3,1,1,2,6,25493,M,"46,8688320","6,2458240",25
202000014492,20,5,9,21:45,2,2,1,1,6,44036,M,"47,7094640"," -1,3814240",44
202000014493,20,5,10,07:00,1,1,1,1,6,31349,M,"43,2325600","1,0659770",31
202000014494,20,5,9,17:15,1,1,1,1,7,05146,M,"44,6183620","5,6989150",05
202000014495,20,5,9,14:20,1,1,3,1,3,73262,M,"45,8136210","6,5080444",73
202000014496,20,5,10,16:00,1,1,2,1,7,37241,M,"47,4287361","0,3353274",37
202000014497,20,3,14,23:30,3,2,1,2,6,98832,C," -22,0581190","166,8968730",988
202000014498,20,5,8,23:00,3,1,1,1,7,83068,M,"43,2705340","6,5529160",83
202000014499,20,5,9,18:10,1,2,4,1,6,54432,M,"48,6057890","6,0992260",54
202000014500,20,5,9,19:50,2,1,6,8,2,60282,M,"49,2064530","2,4617850",60
202000014501,20,5,9,16:15,1,1,1,1,6,92050,M,"48,9043170","2,2076070",92
202000014502,20,5,8,23:25,3,1,1,1,6,95572,M,"49,0337200","2,1040400",95
202000014503,20,5,8,03:45,3,2,1,3,1,98818,C," -22,2652300","166,4476910",988
202000014504,20,5,8,19:00,4,2,1,1,6,97302,G,"4,9341328"," -52,3137027",973
202000014505,20,5,9,00:00,5,2,6,1,7,69259,M,"45,7210100","4,8742900",69
202000014506,20,5,8,19:45,1,2,1,1,6,69276,M,"45,6702900","4,8600100",69
202000014507,20,5,8,13:25,1,1,9,1,6,97213,A,"14,6130000"," -61,0100000",972
202000014508,20,5,7,19:15,2,1,1,1,2,97213,A,"14,6182300"," -61,0280000",972
202000014509,20,6,23,20:45,1,2,1,1,4,95268,M,"48,9599100","2,3992500",95
202000014510,20,5,8,16:02,1,2,1,1,7,91687,M,"48,6791050","2,3818040",91
202000014511,20,5,8,19:00,1,2,1,1,7,91223,M,"48,4458300","2,1682300",91
202000014512,20,5,4,15:20,1,2,2,1,2,73222,M,"45,5733679","5,9500234",73
202000014513,20,5,7,08:50,1,2,1,1,2,63032,M,"45,7548100","3,0962500",63
202000014514,20,5,7,18:00,1,2,9,1,6,62893,M,"50,7611700","1,6063900",62
202000014515,20,5,8,16:30,1,2,1,1,7,59599,M,"50,7263990","3,1824820",59
202000014516,20,5,7,11:40,1,2,1,1,6,37261,M,"47,4219700","0,6833264",37
202000014517,20,5,8,20:40,2,1,1,2,6,35173,M,"48,1915063"," -1,7221933",35
202000014518,20,5,8,12:40,1,2,1,1,6,33039,M,"44,8087000"," -0,5395300",33
202000014519,20,5,8,10:50,1,2,1,1,6,75114,M,"48,8172120","2,3349820",75
202000014520,20,5,8,16:40,1,2,1,1,7,75119,M,"48,8805130","2,3884150",75
202000014521,20,5,8,12:45,1,2,1,1,6,75117,M,"48,8894970","2,3221020",75
202000014522,20,5,7,17:55,1,2,1,1,-1,75117,M,"48,8929930","2,3100280",75
202000014523,20,5,7,22:55,5,2,1,1,6,75116,M,"48,8421770","2,2619060",75
202000014524,20,5,8,18:00,1,2,1,1,7,94068,M,"48,8062700","2,5089100",94
202000014525,20,5,8,19:40,1,2,1,1,6,94058,M,"48,8373680","2,5123920",94
202000014526,20,5,8,15:30,1,2,1,1,6,94076,M,"48,7805910","2,3609390",94
202000014527,20,5,8,16:50,1,2,1,1,6,94022,M,"48,7588570","2,4126930",94
202000014528,20,5,8,00:00,5,2,3,1,3,93047,M,"48,9043800","2,5602600",93
202000014529,20,5,8,12:35,1,2,1,1,3,92051,M,"48,8822000","2,2682000",92
202000014530,20,5,7,19:25,1,2,3,1,3,92036,M,"48,9199420","2,2952690",92
202000014531,20,5,8,08:02,1,1,9,1,7,92062,M,"48,8918000","2,2363000",92
202000014532,20,5,8,15:00,1,1,1,1,7,31419,M,"43,3841000","1,0223830",31
202000014533,20,5,8,23:40,1,2,1,1,3,97402,R," -21,0741388","55,7399833",974
202000014534,20,5,8,17:45,1,1,2,1,3,62676,M,"50,6041590","2,3786530",62
202000014535,20,5,5,12:15,1,1,1,1,7,56205,M,"47,5517780"," -2,7102440",56
202000014536,20,5,8,12:00,1,2,1,1,7,74208,M,"45,9124180","6,7078670",74
202000014537,20,5,8,20:30,1,2,1,1,1,29080,M,"48,3203583"," -4,2529583",29
202000014538,20,5,8,22:30,3,1,1,1,6,34126,M,"43,5883410","3,0968460",34
202000014539,20,5,9,19:30,1,1,1,1,7,50086,M,"49,6342720"," -1,4121080",50
202000014540,20,5,6,08:35,1,1,1,1,3,18224,M,"47,1624040","2,9503200",18
202000014541,20,5,9,06:20,2,2,6,5,7,85047,M,"46,8574230"," -1,8680270",85
202000014542,20,5,8,20:15,1,1,1,1,7,37055,M,"47,4558981","0,2491166",37
202000014543,20,5,8,19:35,1,1,1,1,6,82028,M,"43,8598690","1,3184755",82
202000014544,20,5,7,17:40,1,1,1,1,7,68301,M,"47,6896280","7,4505500",68
202000014545,20,5,9,11:30,1,2,1,1,6,97614,Y," -12,8239370","45,1295830",976
202000014546,20,5,9,22:00,5,2,3,1,5,98817,C," -22,2306430","166,5496120",988
202000014547,20,5,8,17:40,1,1,1,1,6,97128,A,"16,2664775"," -61,3361043",971
202000014548,20,5,9,07:20,1,1,1,1,1,89206,M,"47,9688360","3,4001830",89
202000014549,20,5,9,12:00,1,2,9,1,3,67348,M,"48,4709790","7,4942640",67
202000014550,20,5,8,14:25,1,2,2,1,7,22225,M,"48,5410780"," -3,1083810",22
202000014551,20,4,24,11:10,1,1,1,1,3,35178,M,"48,2950940"," -1,4522060",35
202000014552,20,5,9,18:30,1,1,1,1,7,62290,M,"50,3352500","2,7638340",62
202000014553,20,5,7,23:14,3,1,1,1,7,91617,M,"48,6315200","2,5159400",91
202000014554,20,5,5,22:39,3,1,1,1,2,94021,M,"48,7629500","2,3410300",94
202000014555,20,1,25,14:07,1,2,6,1,3,74305,M,"46,2021030","6,2735000",74
202000014556,20,5,7,11:30,1,2,1,2,2,98818,C," -22,2815400","166,4432400",988
202000014557,20,5,7,17:40,1,2,2,1,3,97411,R," -20,8927100","55,4833800",974
202000014558,20,5,6,17:00,1,2,6,1,3,97407,R," -20,9325400","55,2947500",974
202000014559,20,5,7,20:40,5,2,1,1,6,69387,M,"45,7420000","4,8518600",69
202000014560,20,5,3,19:03,3,2,1,1,6,97209,A,"14,6395000"," -61,0554000",972
202000014561,20,5,7,08:30,1,2,3,1,1,69034,M,"45,7943770","4,8278475",69
202000014562,20,5,3,17:00,1,2,1,1,3,69034,M,"45,7866800","4,8451000",69
202000014563,20,5,7,12:35,1,1,1,1,6,91064,M,"48,7630300","2,2025900",91
202000014564,20,5,7,18:50,1,2,1,1,7,91687,M,"48,6789000","2,3835700",91
202000014565,20,5,7,14:00,1,2,1,1,7,91687,M,"48,6842500","2,3754500",91
202000014566,20,5,7,12:00,1,2,2,1,1,76351,M,"49,5105000","0,1025000",76
202000014567,20,5,7,09:10,1,2,2,1,3,76351,M,"49,5049000","0,1740000",76
202000014568,20,5,7,07:40,1,2,1,1,6,76351,M,"49,4867000","0,1630000",76
202000014569,20,5,6,19:35,1,2,3,1,3,74012,M,"46,1917000","6,2365000",74
202000014570,20,5,7,10:07,1,2,1,1,3,72181,M,"47,9811900","0,2095900",72
202000014571,20,5,6,08:40,1,2,1,1,7,64024,M,"43,4821900"," -1,5061900",64
202000014572,20,5,7,10:20,1,2,3,1,6,59155,M,"51,0206200","2,3798260",59
202000014573,20,5,6,15:45,1,2,1,1,2,54580,M,"49,4610700","5,9194500",54
202000014574,20,5,7,07:25,1,2,1,1,6,35238,M,"48,1171790"," -1,6340370",35
202000014575,20,5,5,20:55,3,2,9,1,7,34032,M,"43,3232100","3,1892500",34
202000014576,20,5,6,17:15,1,2,1,1,3,32013,M,"43,6345000","0,5887200",32
202000014577,20,5,6,19:00,1,2,3,1,1,31555,M,"43,5710000","1,4089100",31
202000014578,20,5,7,10:30,1,2,9,1,6,25056,M,"47,2586430","6,0199140",25
202000014579,20,5,7,16:24,1,2,1,1,6,21231,M,"47,3359590","5,0626270",21
202000014580,20,5,7,18:38,2,2,3,1,1,17415,M,"45,7555800"," -0,6155500",17
202000014581,20,5,7,15:00,1,2,9,1,1,13213,M,"43,3289450","5,4306630",13
202000014582,20,5,6,19:00,1,2,1,1,3,13209,M,"43,2597270","5,3940980",13
202000014583,20,5,7,17:00,1,2,1,1,1,06069,M,"43,6418000","6,9471570",06
202000014584,20,5,6,18:30,1,2,1,1,3,75117,M,"48,8809920","2,2823330",75
202000014585,20,5,6,19:48,1,2,1,1,6,75114,M,"48,8228240","2,3120290",75
202000014586,20,5,7,07:48,1,2,2,1,2,75105,M,"48,8530480","2,3468520",75
202000014587,20,5,7,16:00,1,2,7,1,3,75116,M,"48,8737220","2,2940680",75
202000014588,20,5,7,19:10,1,2,2,1,6,75112,M,"48,8461370","2,3760540",75
202000014589,20,5,7,14:30,1,2,9,1,2,94078,M,"48,7513000","2,4451000",94
202000014590,20,5,6,08:50,1,2,2,1,3,94068,M,"48,8029400","2,4854200",94
202000014591,20,5,7,19:42,1,2,1,1,3,94043,M,"48,8095600","2,3622700",94
202000014592,20,5,7,18:25,1,2,1,1,2,94043,M,"48,8072300","2,3525400",94
202000014593,20,5,6,16:10,1,2,1,1,3,94021,M,"48,7677000","2,3662400",94
202000014594,20,5,7,16:20,1,2,6,1,1,94033,M,"48,8524500","2,4907600",94
202000014595,20,5,7,04:00,5,2,2,1,3,93071,M,"48,9395633","2,5127817",93
202000014596,20,5,7,01:10,5,2,1,1,6,93064,M,"48,8795392","2,4661596",93
202000014597,20,5,6,23:30,5,2,1,1,6,93050,M,"48,8737900","2,5311400",93
202000014598,20,5,7,15:50,1,2,1,1,4,93013,M,"48,9368000","2,4278000",93
202000014599,20,5,6,07:25,1,2,6,1,3,92002,M,"48,7638000","2,3090000",92
202000014600,20,5,4,08:45,1,1,1,1,6,2B121,M,"42,4113220","8,6783840",2B
202000014601,20,3,10,16:00,1,2,1,1,7,2A348,M,"42,0987016","8,7097690",2A
202000014602,20,2,10,17:57,5,2,1,1,6,91340,M,"48,5963730","2,4258170",91
202000014603,20,5,7,15:50,1,1,1,1,2,97222,A,"14,6902130"," -60,9401320",972
202000014604,20,5,8,06:40,1,1,1,1,2,44047,M,"47,2730850"," -1,7180510",44
202000014605,20,5,8,01:50,3,1,1,1,6,82140,M,"44,1128870","1,3121800",82
202000014606,20,5,5,16:14,1,1,1,1,1,11262,M,"43,2118230","3,0127430",11
202000014607,20,5,4,13:40,1,1,1,1,7,63258,M,"45,6791646","3,6266157",63
202000014608,20,5,7,07:30,2,2,1,7,2,03082,M,"46,2986339","2,7730715",03
202000014609,20,5,7,14:20,1,1,3,1,2,03065,M,"46,4264164","3,3145653",03
202000014610,20,5,7,13:30,1,1,1,7,2,01422,M,"46,1409800","5,2850250",01
202000014611,20,5,7,12:00,1,2,1,1,7,06103,M,"44,0101710","7,3082900",06
202000014612,20,5,7,15:00,1,2,1,1,6,18087,M,"46,8848370","2,5736660",18
202000014613,20,5,7,15:35,1,1,1,1,7,53121,M,"48,4024010"," -0,3070220",53
202000014614,20,5,8,15:00,1,1,1,1,7,27260,M,"49,4017650","0,4245880",27
202000014615,20,5,8,15:35,1,1,1,1,6,13113,M,"43,5785720","5,4744960",13
202000014616,20,5,5,15:30,1,1,1,1,7,49259,M,"47,3403480"," -0,6459860",49
202000014617,20,5,8,19:30,3,1,1,1,6,98811,C," -21,0472600","164,8037900",988
202000014618,20,5,7,20:00,1,1,1,1,6,37089,M,"47,1600977","0,3353807",37
202000014619,20,5,4,17:30,1,1,1,1,7,95287,M,"49,1367600","2,0424211",95
202000014620,20,5,8,04:30,5,2,6,1,6,84034,M,"43,8929640","4,9494640",84
202000014621,20,5,8,01:45,3,1,1,1,6,38155,M,"45,4122120","5,7664170",38
202000014622,20,5,7,19:50,1,1,1,1,6,13216,M,"43,3661000","5,3329000",13
202000014623,20,5,6,20:20,3,1,1,1,7,13055,M,"43,3300165","5,4094630",13
202000014624,20,5,7,14:30,1,1,1,1,3,13211,M,"43,2941621","5,4584866",13
202000014625,20,5,6,23:20,4,1,1,1,2,93005,M,"48,9482700","2,4756300",93
202000014626,20,5,6,13:15,1,2,2,1,1,97611,Y," -12,7809510","45,2319990",976
202000014627,20,5,6,20:42,1,2,1,1,4,69387,M,"45,7420000","4,8518600",69
202000014628,20,5,6,19:00,1,2,2,1,6,69259,M,"45,6921900","4,8727600",69
202000014629,20,5,5,19:00,1,2,9,1,3,95680,M,"49,0013829","2,3898429",95
202000014630,20,5,2,19:01,1,2,1,2,6,87114,M,"45,8274400","1,2920600",87
202000014631,20,5,5,14:15,1,1,2,1,2,76681,M,"49,4028547","1,1106211",76
202000014632,20,5,5,16:10,1,2,9,1,3,71076,M,"46,8033913","4,8612228",71
202000014633,20,5,6,19:27,1,2,1,1,3,69029,M,"45,7486600","4,9159400",69
202000014634,20,5,6,19:34,1,2,1,1,6,69256,M,"45,7780000","4,9178000",69
202000014635,20,5,6,08:45,1,2,2,1,3,69266,M,"45,7778100","4,8815200",69
202000014636,20,5,5,19:45,2,2,1,1,3,67218,M,"48,5336140","7,7172000",67
202000014637,20,1,21,09:55,1,2,2,7,6,59392,M,"50,2786300","3,9515600",59
202000014638,20,1,23,12:25,1,2,1,1,6,59566,M,"50,6276447","2,9671243",59
202000014639,20,1,25,11:25,1,2,1,1,6,54395,M,"48,7009667","6,1719909",54
202000014640,20,1,25,23:35,3,1,1,2,6,37261,M,"47,3742037","0,6744146",37
202000014641,20,1,25,08:40,2,2,3,5,2,35238,M,"48,1128250"," -1,6396500",35
202000014642,20,1,25,21:45,5,2,3,2,3,33167,M,"44,8421300"," -0,5424300",33
202000014643,20,1,25,18:55,5,2,5,1,1,33039,M,"44,8027400"," -0,5459700",33
202000014644,20,1,24,20:00,5,2,3,1,6,33063,M,"44,8449800"," -0,5705800",33
202000014645,20,1,24,17:40,1,2,2,1,6,29232,M,"47,9960200"," -4,0999100",29
202000014646,20,1,25,21:57,5,2,2,2,2,29019,M,"48,3883416"," -4,5156273",29
202000014647,20,1,25,19:00,4,2,4,1,3,13205,M,"43,2972510","5,3940525",13
202000014648,20,1,25,09:15,1,2,1,1,2,13210,M,"43,2732750","5,4007000",13
202000014649,20,1,25,15:50,1,1,3,1,3,13005,M,"43,3088100","5,5461600",13
202000014650,20,1,24,20:10,5,2,1,2,3,06088,M,"43,7120000","7,2884000",06
202000014651,20,1,25,19:00,5,2,4,1,4,75114,M,"48,8220713","2,3165690",75