Num_Acc,an,mois,jour,hrmn,lum,agg,int,atm,col,com,gps,lat,long,dep
202000014652,20,1,25,05:40,5,2,1,1,3,75119,M,"48,8908990","2,3958090",75
202000014653,20,1,25,00:52,5,2,4,2,6,75118,M,"48,9006757","2,3646194",75
202000014654,20,1,25,07:29,5,2,1,5,6,75111,M,"48,8605040","2,3884110",75
202000014655,20,1,24,00:30,5,2,2,1,3,75106,M,"48,8524744","2,3387564",75
202000014656,20,1,25,18:00,2,2,2,1,6,75120,M,"48,8707808","2,3992266",75
202000014657,20,1,25,21:10,5,2,1,1,-1,75119,M,"48,8757633","2,4008493",75
202000014658,20,1,25,20:55,5,2,4,1,3,75119,M,"48,8752305","2,3786499",75
202000014659,20,1,25,11:15,1,2,1,1,1,75117,M,"48,8808393","2,3014373",75
202000014660,20,1,25,10:50,1,2,2,5,-1,75116,M,"48,8414290","2,2637880",75
202000014661,20,1,25,01:45,5,2,3,1,6,75116,M,"48,8693899","2,2876801",75
202000014662,20,1,24,10:27,1,2,2,1,3,75114,M,"48,8230021","2,3266184",75
202000014663,20,1,25,00:20,5,2,5,5,7,75113,M,"48,8270779","2,3742437",75
202000014664,20,1,25,10:45,1,2,3,1,3,75112,M,"48,8397791","2,4043785",75
202000014665,20,1,25,10:10,1,2,1,1,7,75112,M,"48,8347540","2,3807310",75
202000014666,20,1,24,19:22,5,2,1,1,3,75109,M,"48,8730638","2,3323554",75
202000014667,20,1,25,14:35,1,2,4,1,6,75107,M,"48,8541163","2,3062907",75
202000014668,20,1,25,07:25,5,2,1,5,2,94065,M,"48,7564900","2,3456300",94
202000014669,20,1,25,17:20,1,2,1,1,3,94028,M,"48,7993000","2,4661000",94
202000014670,20,1,24,00:05,5,2,9,5,6,94011,M,"48,7626000","2,4788000",94
202000014671,20,1,25,11:50,1,2,1,1,6,93077,M,"48,8891700","2,5116200",93
202000014672,20,1,25,02:40,5,2,1,5,2,93048,M,"48,8600600","2,4658000",93
202000014673,20,1,25,22:05,5,2,9,1,3,93031,M,"48,9578300","2,3019400",93
202000014674,20,1,25,21:55,5,2,1,1,6,93010,M,"48,8960100","2,4771300",93
202000014675,20,1,25,19:50,5,2,1,1,6,93010,M,"48,9141200","2,4786900",93
202000014676,20,1,24,13:35,1,2,2,1,3,62014,M,"50,6368460","2,3971010",62
202000014677,20,1,25,20:15,3,1,1,5,1,60234,M,"49,4038390","2,4203400",60
202000014678,20,1,26,00:55,3,1,1,1,6,91511,M,"48,3242000","1,9944690",91
202000014679,20,1,24,15:00,1,2,1,1,6,95052,M,"49,1422339","2,2894007",95
202000014680,20,1,24,07:40,1,1,1,1,1,45185,M,"47,9306640","2,6172350",45
202000014681,20,1,26,09:35,1,1,1,8,6,81133,M,"43,8707820","2,1552940",81
202000014682,20,1,26,05:30,3,1,9,5,1,77382,M,"48,9019970","2,8892874",77
202000014683,20,1,25,21:35,3,1,1,1,7,11369,M,"43,2546860","2,9531820",11
202000014684,20,1,20,20:45,2,1,1,1,2,29010,M,"48,5060850"," -4,1253660",29
202000014685,20,1,26,20:40,3,2,1,5,6,31203,M,"43,5145290","1,3197930",31
202000014686,20,1,21,08:15,1,2,9,9,7,79062,M,"46,8155900"," -0,6731720",79
202000014687,20,1,7,18:00,3,1,5,5,6,61491,M,"48,6209380","0,6461330",61
202000014688,20,1,25,16:50,1,1,1,1,1,61486,M,"48,6929500"," -0,6673550",61
202000014689,20,1,26,12:15,1,1,1,1,6,68313,M,"47,7124330","7,1154180",68
202000014690,20,1,25,01:50,1,2,1,1,6,44069,M,"47,3367140"," -2,4662270",44
202000014691,20,1,20,18:20,5,2,1,1,6,29171,M,"47,8421320"," -4,2826400",29
202000014692,20,1,25,10:00,1,1,1,1,-1,31517,M,"43,3323211","1,3774222",31
202000014693,20,1,25,21:07,3,1,1,5,7,21131,M,"47,0209640","5,1654200",21
202000014694,20,1,11,23:30,3,1,1,1,1,30075,M,"43,8508580","4,2792550",30
202000014695,20,1,25,18:00,3,1,1,1,5,52405,M,"47,6334050","5,2685020",52
202000014696,20,1,26,04:20,3,1,1,1,6,68297,M,"47,6083935","7,5254147",68
202000014697,20,1,26,06:00,2,1,1,3,6,98808,C," -21,2081300","165,5733200",988
202000014698,20,1,25,15:00,1,2,3,8,3,97701,,"17,9040880"," -62,8429770",977
202000014699,20,1,25,23:50,5,1,3,2,6,84019,M,"44,2828890","4,7428750",84
202000014700,20,1,25,11:30,1,2,1,1,6,83112,M,"43,1822270","5,6952420",83
202000014701,20,1,25,02:26,5,2,1,1,6,01262,M,"45,8493690","5,0511950",01
202000014702,20,1,26,00:30,3,2,1,1,-1,69116,M,"45,8323430","4,7752760",69
202000014703,20,1,25,11:15,1,2,1,1,3,69117,M,"45,8711914","4,7459811",69
202000014704,20,1,25,12:55,1,2,1,1,1,44195,M,"47,3593430"," -1,9430110",44
202000014705,20,1,26,02:35,3,1,1,5,7,44026,M,"47,2929510"," -1,4395950",44
202000014706,20,1,25,17:25,1,1,1,2,2,14060,M,"49,2483090"," -0,2766440",14
202000014707,20,1,26,11:30,1,1,1,1,6,59614,M,"50,1517094","3,4603380",59
202000014708,20,1,23,22:30,3,1,1,1,2,69116,M,"45,8259772","4,7630159",69
202000014709,20,1,25,15:40,1,1,9,1,2,67482,M,"48,5935409","7,7402418",67
202000014710,20,1,24,20:25,5,1,1,1,2,78545,M,"48,8198630","2,0676790",78
202000014711,20,1,24,18:20,5,1,1,1,4,92048,M,"48,7877618","2,2219915",92
202000014712,20,1,24,18:30,2,1,1,1,2,93078,M,"48,9604000","2,5411700",93
202000014713,20,1,24,15:15,1,1,1,1,2,92036,M,"48,9466100","2,2826300",92
202000014714,20,1,25,17:50,3,1,1,1,2,94046,M,"48,8076800","2,4494900",94
202000014715,20,1,24,13:10,1,1,1,1,4,93051,M,"48,8356000","2,5582900",93
202000014716,20,1,24,07:45,2,1,1,1,-1,75112,M,"48,8246507","2,4635447",75
202000014717,20,1,23,16:40,1,2,1,1,2,94038,M,"48,7741800","2,3251000",94
202000014718,20,1,22,20:10,5,2,3,1,3,92049,M,"48,8175850","2,3254330",92
202000014719,20,1,23,16:35,1,2,3,1,3,98818,C," -22,2359200","166,4760400",988
202000014720,20,1,22,15:17,1,2,2,1,3,98818,C," -22,2743400","166,4428100",988
202000014721,20,1,24,21:50,5,2,2,1,1,69387,M,"45,7433927","4,8342504",69
202000014722,20,1,24,15:15,1,2,3,1,3,69383,M,"45,7479000","4,8675000",69
202000014723,20,1,24,10:45,1,2,2,1,2,69259,M,"45,6969224","4,8864855",69
202000014724,20,1,24,07:30,2,1,1,5,3,69276,M,"45,6798249","4,8492865",69
202000014725,20,1,24,15:00,1,1,3,1,3,97209,A,"14,6001500"," -61,0430100",972
202000014726,20,1,24,16:25,1,2,9,3,6,97120,A,"16,2462000"," -61,5383500",971
202000014727,20,1,24,19:10,3,2,1,2,7,2A004,M,"41,9369400","8,7478300",2A
202000014728,20,1,21,04:55,3,1,1,9,6,95680,M,"49,0173000","2,4114100",95
202000014729,20,1,24,08:40,1,1,1,8,6,95088,M,"48,9746900","2,4263900",95
202000014730,20,1,24,07:45,5,2,1,1,3,95219,M,"48,9919040","2,2471820",95
202000014731,20,1,24,17:05,5,2,1,1,6,91691,M,"48,7135000","2,5009900",91
202000014732,20,1,24,15:35,1,2,9,7,6,91691,M,"48,7185100","2,4885200",91
202000014733,20,1,24,18:00,1,2,1,1,2,91223,M,"48,4410000","2,1472300",91
202000014734,20,1,24,02:40,5,2,1,1,6,91425,M,"48,6378550","2,2672770",91
202000014735,20,1,24,09:17,1,1,2,1,3,87085,M,"45,8340500","1,2155100",87
202000014736,20,1,19,12:30,1,2,1,1,7,84035,M,"43,8410500","5,0381500",84
202000014737,20,1,22,13:55,1,2,2,3,3,82033,M,"44,0380800","1,1096700",82
202000014738,20,1,23,12:20,1,2,1,1,4,79191,M,"46,3333400"," -0,4811500",79
202000014739,20,1,22,14:00,1,2,3,1,3,79191,M,"46,3268670"," -0,4880150",79
202000014740,20,1,17,08:20,3,2,1,2,6,78322,M,"48,7621260","2,1698100",78
202000014741,20,1,24,13:25,1,2,1,1,4,78642,M,"48,9822000","1,9704100",78
202000014742,20,1,24,05:00,5,2,1,1,6,74010,M,"45,9030000","6,1182000",74
202000014743,20,1,23,18:23,5,2,1,1,6,72181,M,"47,9853400","0,2094000",72
202000014744,20,1,20,15:20,1,2,2,1,3,70550,M,"47,6217300","6,1697500",70
202000014745,20,1,24,08:25,1,2,1,1,6,67043,M,"48,6174900","7,7341500",67
202000014746,20,1,24,07:40,2,2,3,1,3,67482,M,"48,5489852","7,7412657",67
202000014747,20,1,20,14:30,1,2,3,1,3,67482,M,"48,5711580","7,7733900",67
202000014748,20,1,24,07:50,2,2,1,1,7,66136,M,"42,6806700","2,9108600",66
202000014749,20,1,24,16:10,1,2,1,1,1,64189,M,"43,3831100"," -1,6675800",64
202000014750,20,1,24,12:10,1,2,3,1,3,64260,M,"43,3495900"," -1,7772800",64
202000014751,20,1,24,13:30,1,2,3,1,3,64445,M,"43,3033642"," -0,3796452",64
202000014752,20,1,24,05:30,5,2,1,1,1,64132,M,"43,2895283"," -0,3549571",64
202000014753,20,1,24,21:10,5,2,2,1,3,64102,M,"43,4940800"," -1,4527300",64
202000014754,20,1,24,13:40,1,2,3,1,3,64024,M,"43,4808800"," -1,5313500",64
202000014755,20,1,24,12:40,1,2,1,1,3,64102,M,"43,4964300"," -1,4940000",64
202000014756,20,1,24,09:52,1,2,6,1,6,63113,M,"45,8100800","3,1106500",63
202000014757,20,1,24,09:07,1,2,1,1,-1,63014,M,"45,7492234","3,1048003",63
202000014758,20,1,21,15:25,1,2,1,2,3,61001,M,"48,4300500","0,0769400",61
202000014759,20,1,16,18:30,5,2,1,1,6,57672,M,"49,3453500","6,1613100",57
202000014760,20,1,24,18:05,5,2,3,1,6,54547,M,"48,6618000","6,1703000",54
202000014761,20,1,24,07:52,2,2,1,8,-1,54274,M,"48,6755752","6,2002346",54
202000014762,20,1,23,07:55,1,2,1,1,7,51454,M,"49,2541606","4,0369859",51
202000014763,20,1,23,15:30,1,2,1,1,2,50129,M,"49,6348400"," -1,6170900",50
202000014764,20,1,23,22:28,4,2,1,1,6,49007,M,"47,4886366"," -0,5631479",49
202000014765,20,1,23,09:14,1,2,1,1,6,49007,M,"47,4489600"," -0,5590000",49
202000014766,20,1,24,13:15,1,2,2,1,3,45234,M,"47,8855400","1,8971400",45
202000014767,20,1,24,13:50,1,2,1,1,3,45068,M,"48,0160636","2,7157420",45
202000014768,20,1,23,18:00,1,2,1,1,1,44184,M,"47,2901675"," -2,1960470",44
202000014769,20,1,23,20:36,5,2,1,1,3,38185,M,"45,1662200","5,7227800",38
202000014770,20,1,23,13:20,1,2,1,1,2,38185,M,"45,1757900","5,7259100",38
202000014771,20,1,21,04:15,5,2,1,1,7,37261,M,"47,4135011","0,7199849",37
202000014772,20,1,24,14:20,1,2,6,1,-1,37261,M,"47,3748341","0,6712491",37
202000014773,20,1,24,12:20,1,2,3,8,1,35238,M,"48,1233110"," -1,6599880",35
202000014774,20,1,24,20:10,5,2,1,1,1,33065,M,"44,8245000"," -0,4782700",33
202000014775,20,1,24,19:30,5,2,2,1,6,33119,M,"44,8551900"," -0,5321900",33
202000014776,20,1,24,07:50,1,2,3,1,2,33063,M,"44,8370200"," -0,5562600",33
202000014777,20,1,23,07:35,5,2,1,1,6,30189,M,"43,8422400","4,3862700",30
202000014778,20,1,23,19:10,5,2,1,1,6,29232,M,"47,9847000"," -4,0737600",29
202000014779,20,1,23,13:09,1,2,1,1,2,29019,M,"48,3958757"," -4,4885423",29
202000014780,20,1,22,08:20,2,1,1,1,4,22187,M,"48,5497100"," -2,7967500",22
202000014781,20,1,23,08:10,1,1,1,1,3,13117,M,"43,4727600","5,2295340",13
202000014782,20,1,24,12:10,1,2,1,2,6,13210,M,"43,2807620","5,4073000",13
202000014783,20,1,15,11:30,1,2,1,1,3,13204,M,"43,3111701","5,3962974",13
202000014784,20,1,23,09:45,1,2,2,1,3,13205,M,"43,2881830","5,3951900",13
202000014785,20,1,22,11:10,1,2,1,8,1,13215,M,"43,3800400","5,3573300",13
202000014786,20,1,12,14:05,1,2,3,1,1,07231,M,"44,6028700","4,3822700",07
202000014787,20,1,24,12:20,1,2,1,1,2,06088,M,"43,6901000","7,2401000",06
202000014788,20,1,24,16:15,1,1,1,1,6,06069,M,"43,6597290","6,9529780",06
202000014789,20,1,24,18:20,5,2,1,1,1,06027,M,"43,6695100","7,1466500",06
202000014790,20,1,21,13:55,1,2,1,1,2,06123,M,"43,6599700","7,1875100",06
202000014791,20,1,4,04:46,5,2,6,1,6,02722,M,"49,3742800","3,3286200",02
202000014792,20,1,24,20:10,5,2,1,1,2,75114,M,"48,8199840","2,3256960",75
202000014793,20,1,24,17:10,4,2,1,1,3,75119,M,"48,9003090","2,3779940",75
202000014794,20,1,23,16:40,2,2,1,1,3,75120,M,"48,8724778","2,4123734",75
202000014795,20,1,22,21:00,5,2,4,1,3,75114,M,"48,8242920","2,3063700",75
202000014796,20,1,1,01:20,3,2,2,1,2,75105,M,"48,8425917","2,3429199",75
202000014797,20,1,24,19:17,5,2,1,1,6,75120,M,"48,8531720","2,4059790",75
202000014798,20,1,24,10:30,1,2,4,1,-1,75120,M,"48,8562451","2,4099956",75
202000014799,20,1,24,09:33,1,2,2,1,3,75118,M,"48,8986989","2,3593529",75
202000014800,20,1,24,18:20,5,2,1,1,3,75117,M,"48,8841450","2,3271490",75
202000014801,20,1,24,09:35,1,2,1,1,3,75116,M,"48,8351831","2,2625211",75
202000014802,20,1,24,15:30,1,2,3,1,4,75107,M,"48,8544551","2,2957684",75
202000014803,20,1,22,23:15,5,2,1,1,6,75114,M,"48,8295449","2,3219869",75
202000014804,20,1,24,20:45,5,2,2,1,6,75113,M,"48,8193331","2,3445734",75
202000014805,20,1,24,17:50,5,2,1,1,3,75112,M,"48,8460301","2,4060084",75
202000014806,20,1,24,07:55,1,2,1,1,6,75111,M,"48,8522540","2,3935142",75
202000014807,20,1,24,11:15,1,2,1,1,3,75108,M,"48,8777590","2,3045810",75
202000014808,20,1,24,21:30,5,2,2,1,3,75107,M,"48,8611478","2,3054781",75
202000014809,20,1,24,00:45,5,2,7,1,6,75104,M,"48,8529310","2,3684270",75
202000014810,20,1,24,15:35,1,2,3,1,3,75102,M,"48,8709323","2,3459297",75
202000014811,20,1,22,21:50,4,2,2,1,3,75102,M,"48,8706888","2,3479119",75
202000014812,20,1,24,08:45,2,2,2,8,3,94043,M,"48,8145500","2,3608700",94
202000014813,20,1,23,13:40,1,2,2,1,3,94016,M,"48,7914740","2,3266670",94
202000014814,20,1,23,10:10,1,2,1,8,5,94041,M,"48,8179800","2,3942900",94
202000014815,20,1,22,17:50,5,2,2,1,6,94041,M,"48,8166000","2,3953000",94
202000014816,20,1,24,13:35,1,2,2,1,3,94065,M,"48,7599000","2,3570000",94
202000014817,20,1,23,17:50,1,2,2,1,1,94054,M,"48,7449900","2,4000500",94
202000014818,20,1,24,18:40,5,2,9,1,6,93070,M,"48,9098880","2,3304690",93
202000014819,20,1,23,15:10,1,2,1,1,6,93066,M,"48,9303450","2,3539884",93
202000014820,20,1,21,10:30,1,2,3,1,1,93039,M,"48,9191800","2,3280200",93
202000014821,20,1,24,17:22,5,2,6,1,6,93062,M,"48,8956900","2,5270200",93
202000014822,20,1,24,15:45,1,2,2,1,6,93048,M,"48,8507300","2,4181000",93
202000014823,20,1,24,12:45,1,2,2,1,3,93048,M,"48,8766303","2,4547834",93
202000014824,20,1,24,15:30,1,2,1,1,3,93006,M,"48,8634370","2,4177300",93
202000014825,20,1,24,20:02,5,2,1,1,1,93029,M,"48,9148900","2,4605800",93
202000014826,20,1,24,13:50,1,2,9,8,6,93027,M,"48,9231500","2,4132300",93
202000014827,20,1,24,12:10,1,2,1,1,6,93005,M,"48,9396900","2,5082400",93
202000014828,20,1,24,10:10,1,2,1,1,2,92062,M,"48,8853621","2,2512497",92
202000014829,20,1,24,13:00,1,2,1,1,2,92051,M,"48,8834955","2,2812469",92
202000014830,20,2,25,17:00,1,1,1,1,5,34145,M,"43,6640380","4,1392060",34
202000014831,20,2,27,23:30,3,1,1,1,1,83107,M,"43,4616570","6,6540670",83
202000014832,20,3,1,06:50,2,1,1,2,1,83106,M,"43,3110180","6,0759970",83
202000014833,20,2,27,13:15,1,1,1,4,5,05134,M,"44,6504650","6,5832810",05
202000014834,20,2,27,19:55,5,2,1,4,6,05070,M,"44,3160860","5,8165340",05
202000014835,20,3,2,18:25,1,1,3,1,4,04152,M,"43,8191700","5,7478670",04
202000014836,20,3,1,05:45,2,1,1,2,6,13085,M,"43,2409395","5,6935452",13
202000014837,20,7,15,22:15,2,2,1,1,1,51663,M,"49,0469333","3,9655474",51
202000014838,20,7,15,15:45,1,2,1,1,6,42183,M,"45,4044700","4,3682400",42
202000014839,20,3,2,15:30,1,1,1,8,1,13022,M,"43,2149040","5,5806680",13
202000014840,20,3,1,06:30,3,1,1,2,7,13074,M,"43,6477840","5,5555370",13
202000014841,20,7,15,15:20,1,2,1,1,-1,37261,M,"47,3928521","0,7002385",37
202000014842,20,3,3,02:46,3,1,1,2,2,26165,M,"44,7794600","4,8139300",26
202000014843,20,2,28,15:15,1,2,6,1,7,89099,M,"47,9554510","3,5320830",89
202000014844,20,7,15,08:50,1,2,6,1,3,35238,M,"48,0876554"," -1,6510570",35
202000014845,20,7,10,13:45,1,1,1,1,1,34003,M,"43,3264000","3,4808000",34
202000014846,20,3,1,09:45,1,1,9,1,2,71176,M,"46,4683937","4,0024586",71
202000014847,20,7,15,18:35,1,2,2,1,3,33063,M,"44,8253500"," -0,5725400",33
202000014848,20,2,26,00:15,3,1,9,4,7,08110,M,"49,8683080","4,5102310",08
202000014849,20,7,15,18:40,1,2,1,1,4,33199,M,"44,5776100"," -1,1034900",33
202000014850,20,3,1,14:27,1,1,2,1,1,88350,M,"48,3757080","5,9297200",88
202000014851,20,7,14,13:45,1,2,1,1,3,33009,M,"44,6623500"," -1,1685400",33
202000014852,20,3,4,07:45,1,1,1,9,1,55218,M,"49,2811320","5,4668140",55
202000014853,20,3,4,14:00,1,1,1,1,6,03187,M,"46,3495930","3,4535775",03
202000014854,20,7,15,05:55,4,1,1,1,5,31555,M,"43,6054800","1,3961100",31
202000014855,20,7,14,20:40,1,1,1,1,7,31555,M,"43,5734900","1,4100900",31
202000014856,20,3,1,11:15,1,1,1,2,6,03141,M,"45,9941549","3,6960812",03
202000014857,20,7,15,20:55,1,2,1,1,1,30189,M,"43,8307700","4,3320200",30
202000014858,20,3,2,15:25,1,2,4,2,5,74220,M,"46,1339060","6,2995540",74
202000014859,20,2,28,10:40,1,2,1,1,6,74042,M,"46,0767150","6,4079520",74
202000014860,20,3,1,01:10,5,1,3,2,1,42129,M,"45,3568870","4,6751010",42
202000014861,20,2,26,16:45,1,1,2,7,3,42090,M,"45,7569090","4,3380330",42
202000014862,20,7,13,23:15,5,2,3,1,3,30007,M,"44,1105000","4,0805000",30
202000014863,20,2,23,13:30,1,2,1,1,3,42094,M,"45,7437600","4,2250910",42
202000014864,20,7,15,12:46,1,1,9,1,3,28134,M,"48,7427700","1,3231600",28
202000014865,20,7,13,20:40,1,2,6,1,3,22215,M,"48,4919100"," -2,7950000",22
202000014866,20,2,24,02:00,5,1,6,1,6,38348,M,"45,5841010","5,3084560",38
202000014867,20,7,15,11:10,1,2,2,1,1,17380,M,"45,6465000"," -1,1017500",17
202000014868,20,2,15,16:35,1,2,1,1,2,38474,M,"45,2001230","5,6692560",38
202000014869,20,7,15,05:30,2,2,6,1,3,13117,M,"43,4462600","5,2480400",13
202000014870,20,7,15,15:10,1,2,4,1,3,13215,M,"43,3603800","5,3638300",13
202000014871,20,2,19,08:20,1,2,9,1,1,26179,M,"45,0770350","4,8899780",26
202000014872,20,7,15,14:30,1,2,2,1,3,13201,M,"43,3540000","5,2400000",13
202000014873,20,7,15,12:10,1,2,1,1,3,13210,M,"43,2734000","5,4200900",13
202000014874,20,3,1,02:15,3,1,1,1,6,26116,M,"44,4496900","4,7002550",26
202000014875,20,7,15,07:40,1,2,1,1,3,13210,M,"43,2790150","5,4225250",13
202000014876,20,2,29,03:30,3,1,1,8,7,26206,M,"44,8417500","5,0093840",26
202000014877,20,7,14,22:10,5,2,1,1,2,13005,M,"43,2880800","5,5444000",13
202000014878,20,3,2,20:54,5,2,1,2,3,01376,M,"45,8306130","4,9825320",01
202000014879,20,2,21,17:35,2,2,1,1,6,69136,M,"45,6215270","4,7518610",69
202000014880,20,7,15,13:20,1,1,1,1,2,13001,M,"43,5513890","5,4261112",13
202000014881,20,2,27,06:45,2,1,1,1,3,69296,M,"45,6374020","4,8234490",69
202000014882,20,7,14,17:59,1,1,1,1,3,10357,M,"48,2942050","4,1429140",10
202000014883,20,2,25,16:23,1,2,1,2,3,81099,M,"43,9005710","1,9032150",81
202000014884,20,1,22,18:50,5,2,1,1,7,81099,M,"43,9059320","1,9025980",81
202000014885,20,7,14,17:00,1,2,1,1,5,06088,M,"43,6733000","7,2263700",06
202000014886,20,2,29,07:25,2,1,1,2,6,86008,M,"46,9641900","0,0117370",86
202000014887,20,7,14,18:00,1,2,1,1,6,06069,M,"43,6583340","6,9143460",06
202000014888,20,3,3,11:37,1,1,1,6,5,64426,M,"43,2362220"," -0,6699090",64
202000014889,20,7,10,19:26,1,2,1,1,3,05061,M,"44,5666300","6,0952000",05
202000014890,20,7,15,00:50,5,2,1,1,2,75113,M,"48,8198740","2,3743350",75
202000014891,20,2,24,18:10,1,1,3,1,2,33099,M,"44,8280560"," -0,4617690",33
202000014892,20,7,15,09:07,1,2,3,1,3,75106,M,"48,8512590","2,3337920",75
202000014893,20,3,3,08:00,1,2,1,2,2,85152,M,"46,5900830"," -1,6478850",85
202000014894,20,7,15,19:45,1,2,1,1,3,75120,M,"48,8480980","2,4111250",75
202000014895,20,3,1,16:00,1,2,3,1,1,50025,M,"48,6807450"," -1,3405680",50
202000014896,20,7,15,00:20,5,2,3,1,6,75119,M,"48,8951290","2,3827630",75
202000014897,20,2,27,20:00,3,2,1,8,6,14258,M,"48,8892200"," -0,1909680",14
202000014898,20,7,15,18:20,1,2,2,1,6,75118,M,"48,8865510","2,3495590",75
202000014899,20,3,3,08:50,1,1,1,1,7,14197,M,"49,2865210"," -0,3388170",14
202000014900,20,2,28,18:00,1,2,1,8,1,29124,M,"48,5774700"," -4,3122410",29
202000014901,20,7,15,14:15,1,2,2,1,3,75118,M,"48,8946160","2,3471720",75
202000014902,20,7,14,22:35,5,2,3,1,6,75118,M,"48,8902890","2,3583430",75
202000014903,20,2,29,14:25,1,1,1,6,2,22093,M,"48,4512470"," -2,5396010",22
202000014904,20,7,15,17:05,1,2,7,8,6,75117,M,"48,8818870","2,3112700",75
202000014905,20,3,1,18:30,2,1,3,2,1,35098,M,"47,7638490"," -1,6643210",35
202000014906,20,7,15,09:00,1,2,2,1,6,75117,M,"48,8796500","2,2947300",75
202000014907,20,7,14,16:10,1,2,1,1,2,75116,M,"48,8614050","2,2923860",75
202000014908,20,7,15,14:10,1,2,1,1,1,75116,M,"48,8458440","2,2685450",75
202000014909,20,3,2,08:15,1,1,1,3,1,76464,M,"49,3852500","1,2521410",76
202000014910,20,7,15,10:00,1,2,4,1,3,75116,M,"48,8480370","2,2631080",75
202000014911,20,3,3,15:57,1,1,1,1,2,60060,M,"49,1994590","2,2313050",60
202000014912,20,7,14,17:50,1,2,2,1,3,75116,M,"48,8408550","2,2653070",75
202000014913,20,3,2,05:50,3,1,1,1,2,60369,M,"49,3289351","2,7148458",60
202000014914,20,7,15,08:40,1,2,7,1,3,75112,M,"48,8272580","2,4643840",75
202000014915,20,2,28,17:40,1,1,1,2,5,60469,M,"49,2658580","2,2040460",60
202000014916,20,7,15,16:30,1,2,2,1,3,75111,M,"48,8651830","2,3677400",75
202000014917,20,7,15,02:15,5,2,2,1,2,75110,M,"48,8816060","2,3657730",75
202000014918,20,2,28,22:15,3,1,1,1,2,80090,M,"49,8677340","2,8349610",80
202000014919,20,2,26,22:50,3,1,1,1,6,80521,M,"49,9885910","2,8717530",80
202000014920,20,2,28,04:15,4,1,6,9,6,62355,M,"50,3331800","2,9201960",62
202000014921,20,7,15,11:18,1,2,5,1,2,75109,M,"48,8719610","2,3400390",75
202000014922,20,7,15,09:00,1,2,1,1,7,75104,M,"48,8576650","2,3543990",75
202000014923,20,3,1,19:20,3,1,1,1,2,62318,M,"50,5057747","1,6821209",62
202000014924,20,7,15,10:10,1,2,1,8,3,94068,M,"48,8105000","2,4701000",94
202000014925,20,7,15,09:30,1,2,1,1,5,94021,M,"48,7610820","2,3683580",94
202000014926,20,3,1,18:10,1,2,1,1,6,59377,M,"50,1251800","3,1708110",59
202000014927,20,7,15,21:45,5,2,1,1,7,94019,M,"48,8018300","2,5373500",94
202000014928,20,2,3,16:20,1,2,2,2,2,59139,M,"50,1164710","3,4107520",59
202000014929,20,7,15,18:00,1,2,1,1,3,93070,M,"48,9080840","2,3442570",93
202000014930,20,2,26,20:15,3,1,1,1,2,59136,M,"50,0964680","3,5738610",59
202000014931,20,7,15,21:20,1,2,9,1,3,93064,M,"48,8811600","2,4859859",93
202000014932,20,3,3,11:00,1,2,1,1,6,59012,M,"49,9914310","4,1013360",59
202000014933,20,7,15,14:18,1,2,1,1,6,93053,M,"48,8843248","2,4552207",93
202000014934,20,3,3,08:20,2,1,1,1,6,59581,M,"50,6978340","2,8031440",59
202000014935,20,2,17,14:26,1,2,1,1,7,13202,M,"43,3136000","5,3660000",13
202000014936,20,7,15,15:00,1,2,2,1,3,93048,M,"48,8500000","2,4350000",93
202000014937,20,3,2,12:00,1,1,1,8,4,13071,M,"43,4122431","5,2822107",13
202000014938,20,7,15,05:40,2,2,2,2,3,93048,M,"48,8574435","2,4400746",93
202000014939,20,3,2,15:40,1,1,1,1,2,13055,M,"43,3335300","5,3843200",13
202000014940,20,3,2,07:42,1,1,1,2,7,13216,M,"43,3400000","5,3485000",13
202000014941,20,7,14,23:35,5,2,1,1,2,93027,M,"48,9308300","2,3972500",93
202000014942,20,3,2,07:10,2,1,1,3,7,13085,M,"43,2580200","5,5924800",13
202000014943,20,7,14,00:30,5,2,9,1,1,93047,M,"48,8991673","2,5560333",93
202000014944,20,3,2,06:30,5,1,1,2,7,13055,M,"43,3322840","5,3859010",13
202000014945,20,7,15,08:30,1,2,1,1,2,92044,M,"48,8992000","2,2785000",92
202000014946,20,3,2,09:00,1,1,1,2,5,13055,M,"43,2839200","5,4032900",13
202000014947,20,7,15,17:10,1,2,2,1,3,92040,M,"48,8315440","2,2671990",92
202000014948,20,3,1,01:32,5,2,9,1,7,13207,M,"43,2917900","5,3661210",13
202000014949,20,3,1,03:00,3,1,1,2,7,13001,M,"43,4774140","5,4080380",13
202000014950,20,7,14,10:15,1,2,3,1,3,92036,M,"48,9392430","2,3040730",92
202000014951,20,2,28,20:00,5,1,1,1,2,13071,M,"43,4137610","5,2798350",13
202000014952,20,7,15,04:15,5,2,2,2,3,92026,M,"48,8927900","2,2452800",92
202000014953,20,2,27,18:40,5,1,1,2,2,13203,M,"43,3056900","5,3751200",13
202000014954,20,7,15,11:00,1,2,1,1,3,92019,M,"48,7670663","2,2536649",92
202000014955,20,2,26,08:10,1,1,1,1,3,13028,M,"43,2068000","5,5874200",13
202000014956,20,7,14,14:00,1,2,9,1,1,92002,M,"48,7415019","2,3046691",92
202000014957,20,2,24,21:50,3,1,1,1,5,13071,M,"43,4130000","5,2812000",13
202000014958,20,7,4,20:20,1,1,2,7,3,01383,M,"46,0981810","5,1247360",01