Num_Acc,an,mois,jour,hrmn,lum,agg,int,atm,col,com,gps,lat,long,dep
202000015572,20,6,13,20:00,2,2,9,8,3,91573,M,"48,6158110","2,5090560",91
202000015573,20,6,14,14:50,1,2,3,1,7,59432,M,"50,1474540","3,2561930",59
202000015574,20,6,14,02:15,3,2,1,1,6,59445,M,"50,0391961","4,1170420",59
202000015575,20,6,14,03:05,5,1,1,2,7,67281,M,"48,1427390","7,5432110",67
202000015576,20,6,12,13:15,1,1,1,1,7,76063,M,"49,7398190","1,0404400",76
202000015577,20,6,13,19:45,1,2,2,1,1,80415,M,"49,7548420","2,6038300",80
202000015578,20,6,14,16:30,1,2,2,1,3,65418,M,"43,3543300","0,1933770",65
202000015579,20,6,13,21:40,3,2,2,1,6,33266,M,"45,0612610"," -0,3342970",33
202000015580,20,6,14,15:05,1,1,1,1,6,71488,M,"46,4729736","4,5630838",71
202000015581,20,6,14,15:30,1,2,7,1,7,89042,M,"47,6104610","4,1572929",89
202000015582,20,6,13,03:12,3,1,1,1,7,49291,M,"47,1613790"," -0,1113980",49
202000015583,20,6,14,14:30,1,1,3,1,3,42138,M,"45,6461330","4,3527960",42
202000015584,20,6,14,16:45,1,1,4,1,7,47213,M,"44,2962790","0,5237390",47
202000015585,20,6,13,13:15,1,1,2,8,1,41043,M,"47,2753600","1,4498730",41
202000015586,20,6,13,18:00,1,1,1,2,1,39560,M,"46,3747370","5,8748310",39
202000015587,20,6,13,19:20,1,2,1,1,6,35247,M,"48,5948720"," -1,6130700",35
202000015588,20,6,14,16:10,1,1,1,1,2,31111,M,"43,2389970","1,3705440",31
202000015589,20,6,14,18:30,1,1,1,1,3,72011,M,"48,3223170"," -0,0084450",72
202000015590,20,6,12,11:00,1,2,1,2,6,43150,M,"45,0930650","4,0553710",43
202000015591,20,6,14,12:15,1,1,1,1,6,07079,M,"44,9999790","4,4819930",07
202000015592,20,6,13,14:00,1,1,1,1,3,21413,M,"47,5034610","4,2739280",21
202000015593,20,6,13,19:05,1,1,3,1,3,17312,M,"45,3197530"," -0,6335930",17
202000015594,20,6,14,16:00,1,1,2,1,3,37055,M,"47,4639540","0,2831521",37
202000015595,20,6,13,22:15,3,1,1,1,3,01049,M,"45,8321780","5,0248500",01
202000015596,20,6,13,23:00,3,1,1,8,6,69086,M,"45,8540920","4,6511650",69
202000015597,20,8,15,07:40,1,1,1,1,1,34199,M,"43,4342550","3,4158900",34
202000015598,20,8,15,16:45,1,1,1,1,7,83133,M,"43,5702258","6,8839691",83
202000015599,20,8,14,21:00,3,1,1,1,7,13004,M,"43,5424510","4,6878150",13
202000015600,20,8,14,22:30,3,1,1,1,7,52453,M,"47,8527670","5,4198430",52
202000015601,20,8,14,15:53,1,2,3,1,-1,54397,M,"48,6144060","6,1170030",54
202000015602,20,8,15,15:50,1,1,1,1,1,74239,M,"45,9311550","6,4050400",74
202000015603,20,8,15,05:20,3,1,1,1,6,38225,M,"45,1520220","5,5542110",38
202000015604,20,8,15,11:30,1,1,3,1,3,26235,M,"44,3610620","4,6863660",26
202000015605,20,8,14,14:39,1,1,1,1,3,81099,M,"43,9177890","1,9388290",81
202000015606,20,8,7,16:00,1,1,1,1,6,33407,M,"45,0216300"," -0,3499980",33
202000015607,20,8,15,00:15,3,2,1,1,6,35031,M,"48,1770470"," -1,4348960",35
202000015608,20,8,14,18:10,1,1,1,1,2,13028,M,"43,2069650","5,5872900",13
202000015609,20,8,9,21:39,3,2,1,1,5,13211,M,"43,2898650","5,4912020",13
202000015610,20,8,13,10:50,1,1,1,1,2,83137,M,"43,1213200","5,9533100",83
202000015611,20,7,18,17:30,1,1,1,1,3,69282,M,"45,7486200","4,9977600",69
202000015612,20,8,6,18:05,1,1,1,1,4,69266,M,"45,7870300","4,8878900",69
202000015613,20,8,12,16:25,1,1,1,1,2,69091,M,"45,5897200","4,7675500",69
202000015614,20,8,14,20:30,2,1,1,1,4,33063,M,"44,8804700"," -0,5391500",33
202000015615,20,8,14,15:45,1,1,1,1,2,33167,M,"44,8426300"," -0,5013700",33
202000015616,20,8,14,06:20,2,1,1,1,2,78206,M,"48,9461000","1,9483700",78
202000015617,20,8,11,19:20,1,1,1,1,6,93053,M,"48,8880700","2,4722400",93
202000015618,20,8,14,00:45,3,1,1,2,6,93066,M,"48,9335400","2,3799000",93
202000015619,20,8,14,09:15,1,1,1,1,3,77373,M,"48,7757000","2,6126000",77
202000015620,20,8,14,07:20,1,2,6,1,3,98818,C," -22,2426100","166,4610200",988
202000015621,20,8,13,17:30,1,2,3,2,1,69386,M,"45,7693000","4,8411000",69
202000015622,20,8,13,16:30,1,1,1,1,2,97213,A,"14,6149700"," -61,0130900",972
202000015623,20,8,13,11:30,1,2,1,1,6,69389,M,"45,7826196","4,7940150",69
202000015624,20,8,13,10:16,1,2,9,1,6,69381,M,"45,7661700","4,8379600",69
202000015625,20,8,13,09:10,1,1,1,1,6,91549,M,"48,6353000","2,3536100",91
202000015626,20,8,13,17:20,1,2,9,1,3,91174,M,"48,6108200","2,4515400",91
202000015627,20,8,13,09:15,1,2,1,8,6,91114,M,"48,7000000","2,5045000",91
202000015628,20,8,13,16:30,1,1,9,1,5,91479,M,"48,7434800","2,3622400",91
202000015629,20,8,13,18:17,1,1,1,1,1,88383,M,"48,0057100","6,5801400",88
202000015630,20,8,12,08:05,1,1,1,1,7,87085,M,"45,8343800","1,2154100",87
202000015631,20,8,12,07:41,1,2,1,1,2,87085,M,"45,8276500","1,2637000",87
202000015632,20,8,13,01:06,4,2,6,2,3,85194,M,"46,5172400"," -1,7477800",85
202000015633,20,8,13,21:25,5,2,1,1,6,83090,M,"43,1232580","5,8225310",83
202000015634,20,7,31,19:40,1,2,6,1,6,83129,M,"43,0935700","5,8448900",83
202000015635,20,8,12,21:07,4,2,2,1,6,77288,M,"48,5483200","2,6740900",77
202000015636,20,8,13,11:35,1,2,2,1,2,77186,M,"48,4153000","2,7068700",77
202000015637,20,8,13,19:30,1,2,1,3,6,73065,M,"45,5602750","5,9058330",73
202000015638,20,8,12,20:10,1,2,1,1,3,71270,M,"46,2911578","4,8139238",71
202000015639,20,8,12,12:10,1,2,1,1,3,71076,M,"46,7855952","4,8366827",71
202000015640,20,8,13,08:20,1,2,1,1,6,69029,M,"45,7291861","4,8940337",69
202000015641,20,8,12,10:20,1,2,1,1,-1,69275,M,"45,7602300","4,9677100",69
202000015642,20,8,13,15:15,1,2,9,3,2,69091,M,"45,5861000","4,7537800",69
202000015643,20,8,12,15:45,1,2,9,2,3,67267,M,"48,5603800","7,6929600",67
202000015644,20,8,12,06:15,3,1,1,1,2,65226,M,"43,2451170"," -0,0278820",65
202000015645,20,8,12,06:07,2,2,3,1,3,62193,M,"50,9399600","1,8703200",62
202000015646,20,8,11,08:20,1,1,3,1,3,62276,M,"50,5212720","2,8334050",62
202000015647,20,8,10,22:05,2,2,1,1,6,62108,M,"50,4027700","1,5796700",62
202000015648,20,8,12,16:30,1,1,1,1,3,62013,M,"50,2556600","2,7721400",62
202000015649,20,8,12,08:50,1,2,2,1,6,61001,M,"48,4311600","0,0897300",61
202000015650,20,8,12,20:40,1,2,2,1,3,59650,M,"50,7043029","3,2258874",59
202000015651,20,8,12,21:10,2,2,3,1,3,59456,M,"50,3760100","3,2268500",59
202000015652,20,8,12,19:15,1,1,1,1,6,59456,M,"50,3792800","3,2344000",59
202000015653,20,8,12,11:44,1,2,1,7,1,57630,M,"48,7314700","7,0396500",57
202000015654,20,8,13,02:30,5,2,1,1,6,56121,M,"47,7481600"," -3,3883300",56
202000015655,20,8,12,17:35,1,2,1,2,7,56083,M,"47,7998500"," -3,2888900",56
202000015656,20,8,12,15:55,1,2,1,2,7,56162,M,"47,7080600"," -3,4381200",56
202000015657,20,8,13,20:50,5,2,1,1,3,54395,M,"48,6849259","6,1724442",54
202000015658,20,8,13,19:08,1,2,3,1,2,54197,M,"48,6197100","6,2049200",54
202000015659,20,8,12,21:49,5,2,1,1,3,49007,M,"47,4449400"," -0,5661100",49
202000015660,20,8,13,10:10,1,2,1,1,6,45004,M,"47,9769770","2,7646200",45
202000015661,20,8,12,13:35,1,2,1,1,1,38185,M,"45,1732100","5,7318500",38
202000015662,20,8,13,16:02,1,2,3,2,2,37122,M,"47,3568445","0,6676066",37
202000015663,20,8,13,07:00,1,2,3,1,3,37261,M,"47,4186469","0,6934147",37
202000015664,20,8,13,11:10,1,2,1,1,1,35238,M,"48,1091800"," -1,6590000",35
202000015665,20,8,13,21:00,2,2,2,1,3,33063,M,"44,8308690"," -0,5698170",33
202000015666,20,8,11,17:55,1,2,1,1,1,31149,M,"43,6105350","1,3337150",31
202000015667,20,8,11,14:10,1,1,1,1,1,24053,M,"45,1465000","0,7989600",24
202000015668,20,8,10,22:05,1,2,1,1,2,22360,M,"48,4956400"," -2,7363900",22
202000015669,20,8,13,16:20,1,2,1,2,4,17306,M,"45,6234100"," -1,0029400",17
202000015670,20,7,24,18:50,1,2,1,1,2,13102,M,"43,4169490","5,2418270",13
202000015671,20,8,11,09:15,1,2,1,1,6,13201,M,"43,3021792","5,3765212",13
202000015672,20,8,12,22:50,5,2,1,1,1,13005,M,"43,2914860","5,5692230",13
202000015673,20,8,13,15:45,1,2,1,1,-1,06088,M,"43,6943248","7,2381583",06
202000015674,20,8,13,08:45,1,2,1,1,7,75120,M,"48,8725260","2,4126760",75
202000015675,20,8,12,18:33,1,2,2,1,3,75106,M,"48,8420790","2,3295440",75
202000015676,20,8,12,16:45,1,2,2,1,3,75116,M,"48,8784410","2,2798310",75
202000015677,20,8,12,10:11,1,2,1,1,6,75116,M,"48,8587060","2,2759250",75
202000015678,20,8,13,19:36,1,2,7,2,3,75115,M,"48,8511720","2,3009210",75
202000015679,20,8,12,22:53,5,2,8,1,3,94011,M,"48,7822580","2,4950730",94
202000015680,20,5,13,17:55,1,2,2,1,3,94059,M,"48,8104700","2,5656700",94
202000015681,20,8,13,03:42,5,2,1,1,7,94079,M,"48,8241900","2,5527900",94
202000015682,20,8,12,23:30,5,2,1,1,1,94017,M,"48,8181270","2,4928250",94
202000015683,20,8,13,17:55,1,2,3,1,3,93049,M,"48,8699500","2,5055300",93
202000015684,20,8,12,23:45,5,2,6,1,2,93078,M,"48,9607200","2,5562500",93
202000015685,20,8,12,23:10,5,2,1,1,3,93032,M,"48,8793380","2,5488120",93
202000015686,20,8,13,11:00,1,2,1,1,1,93005,M,"48,9524028","2,4898735",93
202000015687,20,8,13,08:50,1,2,1,1,5,93005,M,"48,9521781","2,4941127",93
202000015688,20,8,13,16:25,1,2,1,1,6,92022,M,"48,8152500","2,1935100",92
202000015689,20,8,12,23:26,5,2,1,1,6,92026,M,"48,8943400","2,2461100",92
202000015690,20,8,13,10:05,1,2,1,1,6,92024,M,"48,9026000","2,3066000",92
202000015691,20,8,13,10:00,1,2,2,1,3,92012,M,"48,8320830","2,2530670",92
202000015692,20,8,12,10:45,1,2,1,1,3,92004,M,"48,9142100","2,2947900",92
202000015693,20,8,13,16:35,1,1,1,2,6,37065,M,"47,0326350","0,3588055",37
202000015694,20,8,12,11:25,1,1,4,1,1,38336,M,"45,4574800","4,8422700",38
202000015695,20,8,13,08:56,1,1,1,1,2,40296,M,"43,6874260"," -1,4255620",40
202000015696,20,8,12,16:00,1,1,1,1,6,31285,M,"43,6476350","1,5981160",31
202000015697,20,8,6,02:35,3,1,1,1,7,71448,M,"46,3817672","4,8481302",71
202000015698,20,8,14,17:10,1,1,2,1,3,63349,M,"45,9454910","2,8600230",63
202000015699,20,8,12,12:35,1,2,9,1,1,62044,M,"50,4843600","1,7447105",62
202000015700,20,8,5,23:10,5,2,2,1,6,59525,M,"50,0802840","4,0191190",59
202000015701,20,8,13,22:50,5,1,1,2,6,19274,M,"45,1864867","1,5397913",19
202000015702,20,8,13,18:30,1,2,1,1,6,56137,M,"47,7442150"," -2,6838610",56
202000015703,20,8,14,10:20,1,2,1,1,7,74236,M,"45,8881180","6,6968550",74
202000015704,20,8,14,15:45,1,1,3,1,3,77208,M,"48,4785773","3,3094158",77
202000015705,20,8,8,16:00,1,2,3,1,-1,2A130,M,"41,8953530","8,8058880",2A
202000015706,20,8,14,10:27,1,1,1,1,7,82090,M,"44,0872130","1,3635330",82
202000015707,20,8,14,11:15,1,1,1,1,7,11103,M,"42,9524690","2,2536560",11
202000015708,20,8,14,02:47,3,1,1,1,6,63040,M,"45,7239630","3,2906630",63
202000015709,20,8,14,19:05,1,1,2,1,2,61043,M,"48,3534400","0,7197120",61
202000015710,20,8,10,14:50,1,1,2,1,5,86113,M,"46,4833530","0,2722120",86
202000015711,20,8,14,09:30,1,1,1,1,2,34175,M,"43,6062510","3,3540060",34
202000015712,20,8,13,16:30,1,1,3,1,1,34293,M,"43,6167380","2,7093370",34
202000015713,20,8,13,16:00,1,1,1,1,2,25400,M,"47,0886760","6,1857450",25
202000015714,20,8,14,12:20,1,1,2,1,3,44083,M,"46,9967060"," -1,6630840",44
202000015715,20,8,10,12:15,1,1,1,1,1,35263,M,"48,6927450"," -1,8953130",35
202000015716,20,8,3,10:30,1,2,1,1,6,35162,M,"48,4814060"," -1,1240920",35
202000015717,20,8,13,11:58,1,2,1,1,1,29074,M,"48,4878430"," -3,9978890",29
202000015718,20,8,8,14:45,1,1,1,1,7,29015,M,"48,4859510"," -4,4689460",29
202000015719,20,8,10,17:40,1,2,2,1,3,38006,M,"45,3979500","6,0705300",38
202000015720,20,8,14,13:55,1,1,1,1,5,03021,M,"46,1301995","3,1640073",03
202000015721,20,8,13,20:00,1,1,1,1,7,15044,M,"45,1389460","2,8265760",15
202000015722,20,8,13,18:45,1,1,1,1,7,15162,M,"45,2787420","2,6227770",15
202000015723,20,8,8,11:50,1,2,1,1,3,26063,M,"44,2758530","5,2721230",26
202000015724,20,8,13,15:00,1,1,1,1,7,58192,M,"46,7845860","3,3162300",58
202000015725,20,8,12,19:45,1,1,1,1,7,66107,M,"42,7959050","2,6571460",66
202000015726,20,8,14,05:50,3,1,1,1,1,66057,M,"42,5710740","2,3769200",66
202000015727,20,8,13,20:00,2,1,1,1,6,14478,M,"49,0131558","0,4084146",14
202000015728,20,8,14,18:30,1,2,7,1,6,60044,M,"49,2962307","2,3364347",60
202000015729,20,8,14,10:00,1,1,3,1,3,10254,M,"48,5747330","3,5068700",10
202000015730,20,7,27,19:50,1,1,1,1,-1,07260,M,"44,7085750","4,6971700",07
202000015731,20,8,7,17:06,1,1,1,1,1,24460,M,"45,2500040","0,4301670",24
202000015732,20,8,14,13:35,1,1,1,1,7,04135,M,"43,8399980","6,1987250",04
202000015733,20,8,13,21:30,3,1,2,2,1,85202,M,"46,7502860"," -1,1552810",85
202000015734,20,8,12,18:00,1,2,1,8,7,27105,M,"49,3177090","0,8412480",27
202000015735,20,8,12,17:15,1,1,2,1,5,49333,M,"47,5706480"," -0,3470990",49
202000015736,20,8,9,23:25,3,1,1,1,2,47097,M,"44,2270270","0,3544590",47
202000015737,20,8,14,15:21,1,1,1,1,1,17348,M,"45,8530520"," -0,9826561",17
202000015738,20,8,14,05:15,3,1,1,1,2,11262,M,"43,1513800","2,9866500",11
202000015739,20,8,8,19:30,3,2,1,1,1,97616,Y," -12,8447950","45,1033830",976
202000015740,20,8,14,18:50,3,1,1,1,1,97415,R," -21,0308190","55,2254120",974
202000015741,20,8,12,08:25,1,1,1,1,1,97128,A,"16,2266810"," -61,3911560",971
202000015742,20,7,7,09:15,1,1,1,1,3,97801,,"18,0526830"," -63,0858990",978
202000015743,20,8,5,17:30,1,1,1,1,4,03242,M,"46,3603622","3,3712649",03
202000015744,20,8,13,13:30,1,1,3,1,3,03286,M,"46,5358825","3,3996462",03
202000015745,20,7,29,17:55,1,2,3,1,3,38455,M,"45,6215460","5,3520690",38
202000015746,20,8,14,12:00,1,2,1,1,3,01301,M,"46,2482260","5,1242370",01
202000015747,20,8,13,16:10,1,1,1,8,7,81219,M,"43,6007190","2,0762440",81
202000015748,20,8,13,21:30,2,2,1,8,6,64430,M,"43,5048087"," -0,7759681",64
202000015749,20,8,14,18:00,1,1,1,1,6,85138,M,"46,6899000"," -1,6642000",85
202000015750,20,8,13,16:00,1,1,2,1,3,22162,M,"48,7640530"," -3,0758550",22
202000015751,20,8,14,14:20,1,1,1,7,6,22136,M,"48,2037040"," -2,7524400",22
202000015752,20,7,24,13:30,1,2,2,1,2,27070,M,"49,2818320","1,4997200",27
202000015753,20,8,13,22:30,4,2,4,1,6,76626,M,"49,5552220","0,6251640",76
202000015754,20,8,14,08:38,1,2,4,5,1,59535,M,"50,7801090","2,7379560",59
202000015755,20,8,12,08:15,1,1,1,1,5,59350,M,"50,6155000","3,0841000",59
202000015756,20,8,10,17:30,1,1,1,1,2,59143,M,"50,6737800","2,8652580",59
202000015757,20,8,7,22:05,3,1,1,1,2,59662,M,"50,8526250","2,5527910",59
202000015758,20,8,13,07:40,1,1,1,1,6,78029,M,"48,9680210","1,8579980",78
202000015759,20,8,13,17:20,1,1,1,1,2,93066,M,"48,9076400","2,3585000",93
202000015760,20,8,7,15:15,1,1,1,1,6,93007,M,"48,9468700","2,4427500",93
202000015761,20,8,12,20:30,2,1,1,1,6,93027,M,"48,9281800","2,4030300",93
202000015762,20,8,13,06:05,2,1,1,2,6,92078,M,"48,9291800","2,3296900",92
202000015763,20,8,13,02:30,3,1,1,1,2,93005,M,"48,9464400","2,4762200",93
202000015764,20,8,13,13:30,1,1,1,1,4,94073,M,"48,7555490","2,3832040",94
202000015765,20,8,12,09:26,1,2,1,1,1,97302,G,"4,9289378"," -52,3002434",973
202000015766,20,8,11,12:20,1,2,9,1,7,97302,G,"4,9404820"," -52,3308849",973
202000015767,20,8,12,14:38,1,2,1,1,1,97209,A,"14,6041000"," -61,0803200",972
202000015768,20,8,12,23:35,5,2,9,1,6,69382,M,"45,7326100","4,8172800",69
202000015769,20,8,11,08:30,1,2,1,1,2,69385,M,"45,7533067","4,8169969",69
202000015770,20,8,11,21:00,4,1,1,1,1,97113,A,"16,2176210"," -61,4956498",971
202000015771,20,8,11,20:47,5,2,1,2,6,97101,A,"16,2354000"," -61,5284430",971
202000015772,20,8,12,21:00,2,2,9,1,1,2A004,M,"41,9322606","8,7405814",2A
202000015773,20,8,11,12:55,1,2,6,1,3,95428,M,"48,9858580","2,3284990",95
202000015774,20,8,12,19:50,1,2,1,1,2,83137,M,"43,1375900","5,9058700",83
202000015775,20,8,12,04:03,5,2,1,1,6,82121,M,"44,0219350","1,3503340",82
202000015776,20,8,12,15:40,1,2,3,1,6,77373,M,"48,7951040","2,6074930",77
202000015777,20,8,11,11:50,1,1,1,1,2,77186,M,"48,3783450","2,7804290",77
202000015778,20,8,11,09:05,1,2,2,1,3,71306,M,"46,6908021","4,3446518",71
202000015779,20,8,10,21:30,4,2,1,1,2,67043,M,"48,6283610","7,7776444",67
202000015780,20,8,10,17:40,1,2,2,1,3,67482,M,"48,5684400","7,7598800",67
202000015781,20,8,12,18:05,1,2,1,1,3,67462,M,"48,2571400","7,4545200",67
202000015782,20,8,12,16:25,1,2,6,1,3,64445,M,"43,3040800"," -0,3669600",64
202000015783,20,8,12,12:10,1,2,1,1,3,64024,M,"43,5031200"," -1,4946100",64
202000015784,20,8,11,22:30,5,2,1,1,7,64102,M,"43,4972900"," -1,4840600",64
202000015785,20,8,11,08:05,1,1,1,1,5,60175,M,"49,2456000","2,4693000",60
202000015786,20,10,11,00:05,3,1,1,2,7,45265,M,"48,1311240","2,9518460",45
202000015787,20,10,11,14:25,1,1,1,1,5,97424,R," -21,1476430","55,4663500",974
202000015788,20,10,9,19:35,2,1,9,1,1,95409,M,"49,0431810","2,3387740",95
202000015789,20,10,11,08:20,1,2,6,7,6,83047,M,"43,1537200","6,0707620",83
202000015790,20,10,10,12:34,1,2,9,1,3,57433,M,"49,2154390","6,1716130",57
202000015791,20,8,16,16:15,1,2,3,1,7,27348,M,"49,3189360","1,1582560",27
202000015792,20,10,10,15:20,1,2,1,1,3,76069,M,"49,3892440","1,1436020",76
202000015793,20,10,11,12:45,1,1,2,1,3,80386,M,"49,6845960","2,5596000",80
202000015794,20,10,10,15:15,1,1,1,1,2,13211,M,"43,2946281","5,4665187",13
202000015795,20,10,9,17:10,1,1,1,1,3,13215,M,"43,3450700","5,3743700",13
202000015796,20,10,10,15:20,1,2,1,1,4,13106,M,"43,3945190","5,3513820",13
202000015797,20,10,10,17:30,1,1,1,1,3,69005,M,"45,9280900","4,7270970",69
202000015798,20,9,16,15:00,1,1,1,1,2,69029,M,"45,7415100","4,9054100",69
202000015799,20,10,10,22:50,3,1,1,1,2,33080,M,"44,7549500"," -0,5439600",33
202000015800,20,10,10,08:00,2,1,1,2,2,33162,M,"44,8713600"," -0,6418700",33
202000015801,20,10,10,20:21,5,1,1,1,7,94034,M,"48,7601200","2,3207300",94
202000015802,20,10,10,13:45,1,1,1,1,3,91161,M,"48,7123200","2,3079100",91
202000015803,20,10,10,13:30,1,1,1,1,4,78402,M,"48,9642940","1,7708090",78
202000015804,20,10,9,20:40,3,1,1,1,2,92036,M,"48,9347260","2,2679526",92
202000015805,20,10,10,00:30,4,1,1,1,2,93005,M,"48,9729967","2,4928136",93
202000015806,20,10,9,18:20,1,1,1,1,4,93010,M,"48,9028507","2,4710421",93
202000015807,20,10,9,10:10,1,1,1,1,3,93006,M,"48,8696603","2,4297244",93
202000015808,20,10,9,12:00,1,1,1,2,6,93027,M,"48,9282671","2,4120434",93
202000015809,20,10,10,12:00,2,1,1,1,3,93051,M,"48,8359930","2,5613840",93
202000015810,20,10,10,03:55,5,2,1,1,6,98818,C," -22,2329400","166,4247400",988
202000015811,20,10,9,16:30,1,2,1,1,6,98818,C," -22,2983185","166,4585620",988
202000015812,20,10,7,16:15,1,2,3,2,-1,98818,C," -22,2680900","166,4308200",988
202000015813,20,10,9,07:00,1,2,1,1,3,97611,Y," -12,8059600","45,2088300",976
202000015814,20,10,9,13:30,1,2,9,1,3,97409,R," -20,9306000","55,6552400",974
202000015815,20,10,9,16:30,1,2,9,1,3,97302,G,"4,9411661"," -52,3310137",973
202000015816,20,10,9,06:48,1,2,1,1,1,97302,G,"4,9341114"," -52,3137081",973
202000015817,20,10,9,17:15,1,2,1,1,6,69259,M,"45,6948000","4,8799000",69
202000015818,20,10,9,15:44,1,2,2,1,3,69387,M,"45,7313400","4,8354600",69
202000015819,20,10,9,20:20,4,2,1,1,2,97209,A,"14,6135700"," -61,0762800",972
202000015820,20,10,9,18:05,1,2,1,1,6,69286,M,"45,8164512","4,8997777",69
202000015821,20,10,9,08:20,1,2,1,1,3,69389,M,"45,7784900","4,7987200",69
202000015822,20,10,9,05:00,5,2,1,1,7,69389,M,"45,7839800","4,7991100",69
202000015823,20,10,9,16:58,1,2,1,1,6,2B033,M,"42,6789600","9,4431700",2B
202000015824,20,10,9,07:45,1,2,1,1,6,2B033,M,"42,6717700","9,4400000",2B
202000015825,20,10,9,17:15,1,2,1,1,6,95428,M,"48,9814500","2,3208500",95
202000015826,20,10,9,07:30,4,2,9,3,6,91477,M,"48,7189320","2,2344790",91
202000015827,20,10,9,08:00,2,2,2,2,5,91027,M,"48,7128000","2,3910000",91
202000015828,20,10,8,17:50,1,2,1,1,2,88209,M,"48,1908400","6,4259600",88
202000015829,20,10,8,01:35,5,2,1,1,2,86194,M,"46,5727680","0,3639710",86
202000015830,20,10,1,03:15,4,2,9,2,7,85194,M,"46,5128200"," -1,7726900",85
202000015831,20,10,6,03:45,3,1,1,2,6,85194,M,"46,5381800"," -1,7519500",85
202000015832,20,10,8,23:45,5,2,2,1,3,83137,M,"43,1260016","5,8977468",83
202000015833,20,10,7,08:50,1,2,1,1,3,80164,M,"49,8898700","2,3487300",80
202000015834,20,10,9,07:40,5,2,6,2,3,78238,M,"48,9700940","1,8643330",78
202000015835,20,10,7,13:00,1,1,1,1,2,78015,M,"48,9897570","2,0697740",78
202000015836,20,10,8,11:15,1,2,1,1,4,74012,M,"46,1919800","6,2391800",74
202000015837,20,10,9,08:00,1,2,1,2,4,72181,M,"47,9913400","0,1750100",72
202000015838,20,10,9,21:40,5,2,1,1,4,71040,M,"46,6972109","4,3907225",71
202000015839,20,9,11,18:10,1,2,2,1,5,70550,M,"47,6217100","6,1697500",70
202000015840,20,10,9,15:20,1,2,3,1,-1,69256,M,"45,7636200","4,9334600",69
202000015841,20,10,8,14:28,1,2,1,8,3,67482,M,"48,5802400","7,7205900",67
202000015842,20,10,8,12:03,1,2,1,1,6,67482,M,"48,5697590","7,7633140",67
202000015843,20,10,8,20:50,3,2,3,1,2,64483,M,"43,3931500"," -1,6517300",64
202000015844,20,10,8,19:27,1,2,1,1,1,64189,M,"43,3836600"," -1,6716600",64
202000015845,20,10,9,18:25,1,1,3,2,3,64348,M,"43,3160134"," -0,4217760",64
202000015846,20,10,8,23:30,5,2,1,1,3,64024,M,"43,4928700"," -1,5039700",64
202000015847,20,10,8,08:45,1,2,3,1,3,64102,M,"43,5022000"," -1,4833900",64
202000015848,20,10,9,12:10,1,2,1,1,3,59508,M,"50,7432200","3,1321200",59
202000015849,20,9,24,11:40,1,2,9,1,6,59360,M,"50,6184100","3,0041900",59
202000015850,20,10,8,07:40,4,2,6,1,6,56083,M,"47,8154940"," -3,2438900",56
202000015851,20,10,7,12:00,1,2,6,1,3,56121,M,"47,7452700"," -3,3661000",56
202000015852,20,10,9,20:35,5,2,1,1,2,54304,M,"48,6845469","6,1572924",54
202000015853,20,10,9,08:35,1,2,3,1,3,54025,M,"48,6618861","6,2470736",54
202000015854,20,10,9,13:05,1,2,1,1,3,53130,M,"48,0756250"," -0,7525900",53
202000015855,20,10,6,20:55,3,1,1,2,7,52448,M,"48,6619600","4,9448200",52
202000015856,20,10,9,07:30,5,2,3,3,3,51454,M,"49,2543693","4,0405904",51
202000015857,20,10,7,20:15,3,1,1,1,6,49328,M,"47,2708400"," -0,0848800",49
202000015858,20,10,8,12:25,1,1,1,1,7,49007,M,"47,4646800"," -0,5738700",49
202000015859,20,10,6,11:00,1,2,6,2,6,48095,M,"44,5248100","3,4819300",48
202000015860,20,10,8,20:05,5,2,1,1,6,47215,M,"44,3878600","0,6829400",47
202000015861,20,10,9,07:50,5,2,3,2,1,44114,M,"47,2769700"," -1,6002300",44
202000015862,20,10,8,17:04,1,1,1,1,3,41212,M,"47,5644600","1,3719500",41
202000015863,20,10,7,19:20,1,2,1,1,6,40192,M,"43,8964300"," -0,4907500",40
202000015864,20,10,7,07:50,2,1,9,2,3,40281,M,"43,8684500"," -0,5112500",40
202000015865,20,10,10,00:40,5,2,2,1,-1,37261,M,"47,3872834","0,6838798",37
202000015866,20,10,9,16:50,1,1,1,1,4,35278,M,"48,1414800"," -1,6747700",35
202000015867,20,10,9,08:00,2,2,6,2,7,35051,M,"48,1113800"," -1,6223200",35
202000015868,20,10,8,20:00,5,2,2,1,3,34032,M,"43,3533900","3,2339100",34
202000015869,20,10,10,00:25,5,2,3,1,3,33063,M,"44,8676900"," -0,5638400",33
202000015870,20,10,9,15:30,1,2,3,1,6,33063,M,"44,8266500"," -0,5474400",33
202000015871,20,10,8,14:55,1,1,1,1,2,31433,M,"43,5340400","1,3903700",31
202000015872,20,10,2,13:56,1,2,1,3,6,31555,M,"43,6115000","1,4203700",31
202000015873,20,10,9,07:36,2,2,2,1,6,30189,M,"43,8329900","4,3814900",30
202000015874,20,10,7,09:00,1,2,3,8,6,30189,M,"43,8405400","4,3556000",30
202000015875,20,10,9,10:40,1,2,6,1,-1,29232,M,"48,0161474"," -4,1008186",29
202000015876,20,10,8,12:25,1,2,1,1,3,28404,M,"48,7190500","1,3485700",28