Num_Acc,an,mois,jour,hrmn,lum,agg,int,atm,col,com,gps,lat,long,dep
202000015877,20,10,8,18:00,1,2,1,1,2,27229,M,"49,0133197","1,1524639",27
202000015878,20,10,9,10:50,1,2,9,1,3,26362,M,"44,9338020","4,9039140",26
202000015879,20,10,6,05:30,3,1,1,1,-1,26362,M,"44,9408200","4,9427700",26
202000015880,20,10,9,23:30,5,2,6,2,6,25056,M,"47,2332200","5,9838500",25
202000015881,20,10,9,09:23,1,2,2,1,3,25056,M,"47,2469900","6,0351500",25
202000015882,20,10,9,07:55,2,2,2,1,1,17300,M,"46,1622200"," -1,1762000",17
202000015883,20,10,9,07:45,2,2,1,2,3,14118,M,"49,1766300"," -0,3516900",14
202000015884,20,10,9,17:40,1,2,4,1,3,13071,M,"43,4122000","5,3031700",13
202000015885,20,10,8,23:15,3,2,1,1,5,13019,M,"43,4519890","5,3591540",13
202000015886,20,10,9,11:53,1,2,1,1,2,13103,M,"43,6330800","5,0771200",13
202000015887,20,10,9,20:50,5,2,1,1,3,13211,M,"43,2985900","5,4913900",13
202000015888,20,10,9,18:16,1,2,1,1,3,11069,M,"43,2296000","2,3420000",11
202000015889,20,10,9,18:57,5,2,2,2,3,10321,M,"48,2915500","4,0341900",10
202000015890,20,10,9,02:38,5,2,9,1,7,10333,M,"48,2822000","4,0594100",10
202000015891,20,10,8,17:05,1,1,1,8,2,10333,M,"48,2769000","4,0436000",10
202000015892,20,10,9,09:25,1,1,1,8,7,07281,M,"44,9519200","4,8235400",07
202000015893,20,10,9,17:25,1,2,9,1,6,06088,M,"43,7217400","7,2814800",06
202000015894,20,10,9,08:00,1,2,1,1,3,06088,M,"43,6964450","7,2659340",06
202000015895,20,10,9,00:49,5,2,1,1,7,06088,M,"43,6666300","7,2155000",06
202000015896,20,10,5,01:15,5,2,1,1,6,06027,M,"43,6640000","7,1674000",06
202000015897,20,10,9,09:00,1,2,1,1,6,04112,M,"43,8326500","5,7711900",04
202000015898,20,9,1,08:40,1,2,4,1,5,03190,M,"46,5573092","3,3329129",03
202000015899,20,10,9,10:35,1,2,8,8,3,01053,M,"46,1975600","5,2619300",01
202000015900,20,10,9,19:40,5,2,1,1,3,75118,M,"48,9007870","2,3385590",75
202000015901,20,10,9,19:08,5,2,2,1,6,75111,M,"48,8637580","2,3701430",75
202000015902,20,10,9,13:00,1,2,1,2,6,75120,M,"48,8685260","2,3890720",75
202000015903,20,10,9,20:20,4,2,1,1,3,75119,M,"48,8912650","2,3688720",75
202000015904,20,10,8,22:55,5,2,4,1,2,75119,M,"48,8814790","2,3807460",75
202000015905,20,10,8,16:12,1,2,2,1,3,75119,M,"48,8784100","2,3742540",75
202000015906,20,10,8,11:00,1,2,2,8,6,75117,M,"48,8915240","2,3203840",75
202000015907,20,10,9,20:30,5,2,4,1,3,75116,M,"48,8443360","2,2587630",75
202000015908,20,10,9,02:55,5,2,2,1,7,75116,M,"48,8365120","2,2559420",75
202000015909,20,10,8,22:40,5,2,2,1,3,75115,M,"48,8456550","2,2879850",75
202000015910,20,10,9,15:15,1,2,1,1,3,75114,M,"48,8287500","2,3060450",75
202000015911,20,10,9,07:25,2,2,1,2,6,75113,M,"48,8226090","2,3780580",75
202000015912,20,10,9,15:00,1,2,2,8,3,75112,M,"48,8479790","2,3714270",75
202000015913,20,10,9,15:30,1,2,2,1,1,75111,M,"48,8610920","2,3811490",75
202000015914,20,10,9,10:45,1,2,5,8,3,75117,M,"48,8975040","2,3243100",75
202000015915,20,10,8,23:15,5,2,2,1,3,75108,M,"48,8741750","2,3269430",75
202000015916,20,10,9,19:45,5,2,2,1,3,94081,M,"48,7943700","2,3792600",94
202000015917,20,10,9,10:50,1,2,9,2,6,94068,M,"48,7943000","2,4867900",94
202000015918,20,10,9,08:10,1,2,3,2,3,94046,M,"48,8100130","2,4417580",94
202000015919,20,10,9,16:00,1,2,2,1,3,94038,M,"48,7774000","2,3530800",94
202000015920,20,10,9,05:10,5,2,9,2,3,94065,M,"48,7599358","2,3527611",94
202000015921,20,10,9,19:50,5,2,3,1,6,94028,M,"48,7697000","2,4614000",94
202000015922,20,10,9,09:55,1,2,3,2,3,94055,M,"48,7826300","2,5200500",94
202000015923,20,10,9,08:56,1,2,1,2,2,93039,M,"48,9451600","2,3324000",93
202000015924,20,10,7,15:45,1,1,1,1,2,93027,M,"48,9330935","2,3866904",93
202000015925,20,10,7,11:00,1,2,3,2,3,93066,M,"48,9428900","2,3663600",93
202000015926,20,10,9,06:30,5,2,2,2,3,93062,M,"48,8913200","2,5152500",93
202000015927,20,10,9,06:33,5,2,1,3,1,93050,M,"48,8553850","2,5257098",93
202000015928,20,10,9,10:30,1,2,2,2,3,93046,M,"48,9247100","2,5480100",93
202000015929,20,10,9,15:00,1,2,1,1,6,93027,M,"48,9267600","2,4169000",93
202000015930,20,10,9,20:30,5,2,1,1,6,93014,M,"48,9080729","2,5554117",93
202000015931,20,10,9,15:30,1,2,1,1,4,93057,M,"48,9108474","2,5144165",93
202000015932,20,10,9,09:45,1,2,2,2,3,93001,M,"48,9060521","2,3841686",93
202000015933,20,10,9,17:49,1,2,1,1,1,92075,M,"48,8177500","2,2945600",92
202000015934,20,10,6,19:20,2,2,3,1,3,92063,M,"48,8798200","2,1855200",92
202000015935,20,10,9,09:00,1,2,3,2,3,92049,M,"48,8102500","2,3128300",92
202000015936,20,10,9,13:55,1,2,1,1,3,92036,M,"48,9215540","2,3193080",92
202000015937,20,10,8,22:30,5,2,1,1,3,92026,M,"48,9029300","2,2715000",92
202000015938,20,10,8,21:35,5,2,6,1,-1,92012,M,"48,8407830","2,2289009",92
202000015939,20,10,4,17:35,1,2,1,1,1,92004,M,"48,9130466","2,2973429",92
202000015940,20,10,9,20:00,5,2,1,1,2,92002,M,"48,7473510","2,2981130",92
202000015941,20,10,2,07:45,2,1,1,6,6,35126,M,"47,9696110"," -1,7695760",35
202000015942,20,10,8,23:45,5,2,3,1,6,01074,M,"46,0040830","5,1737560",01
202000015943,20,10,10,19:45,3,1,1,2,6,91414,M,"48,3438990","2,0542490",91
202000015944,20,10,10,12:30,1,1,1,1,3,83073,M,"43,3724220","6,2969200",83
202000015945,20,10,2,10:25,1,1,1,1,6,56071,M,"47,8966360"," -2,6350450",56
202000015946,20,10,9,18:00,1,2,3,1,3,56032,M,"47,9568850"," -2,2978110",56
202000015947,20,10,9,14:30,1,2,6,1,3,76482,M,"49,8692450","1,0384820",76
202000015948,20,10,10,13:20,1,1,1,1,5,2A323,M,"42,0226340","8,8998220",2A
202000015949,20,10,10,00:10,3,1,1,1,7,63044,M,"45,7266272","3,4190816",63
202000015950,20,10,10,01:00,5,2,1,1,6,61456,M,"48,7771540","0,6483650",61
202000015951,20,10,10,11:20,1,2,4,7,6,61293,M,"48,5232670","0,5397030",61
202000015952,20,10,7,20:15,3,1,6,1,3,49331,M,"47,6972060"," -0,8700710",49
202000015953,20,10,9,12:18,1,1,1,2,6,49154,M,"47,3291361"," -0,3629721",49
202000015954,20,10,9,20:20,3,1,1,1,7,39189,M,"47,0744180","5,3739130",39
202000015955,20,10,4,12:44,1,1,1,1,6,29235,M,"48,3989820"," -4,4109570",29
202000015956,20,10,10,16:30,1,1,1,1,6,14445,M,"49,1853400"," -0,8554960",14
202000015957,20,10,10,16:15,1,2,1,1,3,50370,M,"49,4196950"," -1,5474790",50
202000015958,20,10,10,12:10,1,1,1,1,-1,83028,M,"43,5740210","6,5637140",83
202000015959,20,8,17,15:35,1,2,1,1,6,60187,M,"49,4446700","1,8212840",60
202000015960,20,10,9,22:30,3,1,1,2,7,43018,M,"45,0125110","3,7702950",43
202000015961,20,10,9,22:15,5,2,6,2,6,21663,M,"47,5363950","4,4633030",21
202000015962,20,10,10,18:10,2,1,1,1,7,04130,M,"44,0651860","5,8793380",04
202000015963,20,10,9,18:00,1,2,4,1,1,08417,M,"49,8878920","4,4952750",08
202000015964,20,10,10,00:25,3,1,1,1,1,13051,M,"43,6050390","5,1351640",13
202000015965,20,10,10,15:00,1,1,1,1,3,97309,G,"4,8907760"," -52,2881840",973
202000015966,20,10,9,20:35,5,2,2,1,1,69244,M,"45,7640540","4,7602400",69
202000015967,20,10,9,10:00,1,1,2,1,3,33122,M,"44,7192990"," -0,7407780",33
202000015968,20,10,10,18:30,1,1,9,1,3,41071,M,"47,6428100","1,6047120",41
202000015969,20,10,10,04:05,5,2,1,1,6,77448,M,"48,9441020","3,1155840",77
202000015970,20,10,7,10:35,1,2,1,1,6,34199,M,"43,4605980","3,4215920",34
202000015971,20,10,10,12:00,1,1,1,1,7,83035,M,"43,2448430","5,7947730",83
202000015972,20,10,7,07:45,1,1,1,2,3,54043,M,"48,5801100","6,0989340",54
202000015973,20,10,9,17:45,1,2,2,1,3,07259,M,"44,3039380","4,6113230",07
202000015974,20,10,8,13:56,1,1,1,1,-1,69227,M,"45,6597236","4,5659056",69
202000015975,20,9,3,18:50,1,2,2,1,3,33056,M,"44,9091740"," -0,6385320",33
202000015976,20,12,23,11:15,1,1,1,1,5,83137,M,"43,1250600","5,9062500",83
202000015977,20,12,23,05:00,3,1,1,9,2,67152,M,"48,5267245","7,6768024",67
202000015978,20,12,24,11:05,1,1,1,1,4,33063,M,"44,8790990"," -0,5331320",33
202000015979,20,12,24,15:25,1,1,1,1,3,91570,M,"48,6249300","2,3168900",91
202000015980,20,12,24,03:50,5,1,1,2,6,94034,M,"48,7564700","2,3328300",94
202000015981,20,12,23,21:34,3,1,1,1,7,91521,M,"48,6285600","2,4000270",91
202000015982,20,12,24,16:45,3,1,1,2,4,78133,M,"48,8911710","2,0094230",78
202000015983,20,12,24,16:00,1,1,1,2,2,92036,M,"48,9357321","2,2870848",92
202000015984,20,12,24,17:50,2,1,1,1,6,95256,M,"49,0570300","2,2067100",95
202000015985,20,12,24,17:45,3,1,1,2,4,93066,M,"48,9236000","2,3426000",93
202000015986,20,12,24,09:15,2,1,1,1,6,95394,M,"49,0508500","2,1816000",95
202000015987,20,12,23,23:15,3,1,1,1,2,93048,M,"48,8646800","2,4822200",93
202000015988,20,12,23,22:10,3,1,1,1,2,95491,M,"49,0099106","2,2314543",95
202000015989,20,12,23,12:30,1,1,1,2,4,93064,M,"48,8825200","2,4729700",93
202000015990,20,12,23,11:45,1,1,1,8,-1,92036,M,"48,9389000","2,3055200",92
202000015991,20,12,24,18:45,3,1,1,1,4,94022,M,"48,7763756","2,4214019",94
202000015992,20,12,24,16:40,1,1,1,2,7,77373,M,"48,7625000","2,6158600",77
202000015993,20,9,6,19:50,1,2,1,1,6,69275,M,"45,7726600","4,9689000",69
202000015994,20,10,24,21:10,5,2,3,1,-1,59350,M,"50,6317200","3,0615700",59
202000015995,20,7,27,22:55,5,2,1,1,3,94079,M,"48,8267200","2,5402200",94
202000015996,20,12,23,15:45,1,2,1,1,6,97411,R," -20,8860100","55,4645100",974
202000015997,20,12,22,20:00,5,2,9,1,3,97411,R," -20,8752600","55,4455200",974
202000015998,20,12,23,15:23,1,2,1,1,3,97302,G,"4,9355500"," -52,3275200",973
202000015999,20,12,23,11:20,1,2,9,1,3,97302,G,"4,9301400"," -52,3221500",973
202000016000,20,12,23,00:10,5,2,1,1,7,97302,G,"4,9420961"," -52,3076356",973
202000016001,20,12,23,18:10,5,2,1,1,3,69387,M,"45,7412855","4,8540678",69
202000016002,20,12,23,12:50,1,2,3,1,3,69199,M,"45,7080210","4,8598300",69
202000016003,20,12,23,11:40,1,2,1,1,3,69199,M,"45,7123751","4,8550612",69
202000016004,20,12,23,17:45,5,2,1,1,4,97213,A,"14,6183400"," -61,0271600",972
202000016005,20,12,22,17:00,2,2,2,1,3,69034,M,"45,8014457","4,8628610",69
202000016006,20,12,23,13:10,1,2,1,1,2,69384,M,"45,7762893","4,8396053",69
202000016007,20,12,23,00:10,5,2,1,1,6,69202,M,"45,7223900","4,7859900",69
202000016008,20,12,22,17:40,5,2,1,8,6,95218,M,"49,0128600","2,0918000",95
202000016009,20,12,23,16:30,5,1,1,8,2,91645,M,"48,7604120","2,2542560",91
202000016010,20,12,23,07:15,5,2,1,3,6,91027,M,"48,7083870","2,3982970",91
202000016011,20,12,19,14:40,1,1,1,1,6,81004,M,"43,9484887","2,1590634",81
202000016012,20,12,20,00:30,5,2,2,1,3,76231,M,"49,2907500","1,0081400",76
202000016013,20,12,22,15:45,1,2,2,3,5,76540,M,"49,4472000","1,0608700",76
202000016014,20,12,23,18:15,5,2,1,2,1,74118,M,"46,1752000","6,2213000",74
202000016015,20,12,22,18:30,5,2,3,2,3,67043,M,"48,6133000","7,7637610",67
202000016016,20,12,21,18:25,5,2,1,1,6,64102,M,"43,4917800"," -1,4643200",64
202000016017,20,12,22,10:47,1,2,9,2,6,59508,M,"50,7365672","3,1325465",59
202000016018,20,12,23,16:15,1,2,1,1,6,59378,M,"50,6752886","3,0832073",59
202000016019,20,12,23,07:10,5,2,1,2,2,59350,M,"50,6324000","3,0892900",59
202000016020,20,12,23,16:35,2,2,4,3,6,54431,M,"48,8985800","6,0512200",54
202000016021,20,12,23,07:40,3,2,1,2,6,54273,M,"49,1614000","5,8727800",54
202000016022,20,12,22,19:35,2,1,1,1,7,52251,M,"48,1279200","5,1078000",52
202000016023,20,12,23,10:20,1,2,3,3,7,51454,M,"49,2616246","4,0509626",51
202000016024,20,12,22,09:56,1,2,9,2,6,50502,M,"49,1157100"," -1,0910000",50
202000016025,20,12,23,18:25,5,2,1,1,3,49007,M,"47,4754800"," -0,5484800",49
202000016026,20,12,23,09:00,1,2,2,8,1,45234,M,"47,9085900","1,8917800",45
202000016027,20,12,20,16:31,1,2,6,1,3,42187,M,"46,0479700","4,0686900",42
202000016028,20,12,23,05:55,5,2,6,1,3,42187,M,"46,0479700","4,0686900",42
202000016029,20,12,23,18:16,5,2,1,1,4,37261,M,"47,4244442","0,6991305",37
202000016030,20,12,23,13:28,1,2,1,8,7,37195,M,"47,3871985","0,6507844",37
202000016031,20,12,23,09:14,1,2,1,2,6,37195,M,"47,3799027","0,6638557",37
202000016032,20,12,23,16:00,1,2,3,2,1,35238,M,"48,1341930"," -1,6968620",35
202000016033,20,12,22,10:00,1,2,1,1,6,34032,M,"43,3447900","3,2407700",34
202000016034,20,12,23,20:05,3,2,6,2,6,33249,M,"44,8887700"," -0,5297000",33
202000016035,20,12,23,14:00,1,2,9,2,3,33281,M,"44,8326600"," -0,6467400",33
202000016036,20,12,23,15:20,1,2,2,2,1,33032,M,"44,9045300"," -0,5150500",33
202000016037,20,12,23,08:50,1,2,2,1,3,33550,M,"44,7846600"," -0,5861700",33
202000016038,20,12,22,15:30,1,2,1,8,2,33063,M,"44,8774100"," -0,5646100",33
202000016039,20,12,23,12:10,1,2,1,1,1,31555,M,"43,5819100","1,4138900",31
202000016040,20,12,22,11:00,1,2,1,1,4,31557,M,"43,5886800","1,3597900",31
202000016041,20,12,23,19:45,5,2,2,1,1,29019,M,"48,3821350"," -4,4989190",29
202000016042,20,12,22,20:23,5,2,1,1,6,29019,M,"48,3842200"," -4,4933100",29
202000016043,20,12,22,15:30,1,2,8,1,3,29019,M,"48,3842170"," -4,5008184",29
202000016044,20,12,21,18:50,5,2,1,2,2,28404,M,"48,7379500","1,3332300",28
202000016045,20,12,23,12:00,1,2,4,1,3,25056,M,"47,2196000","5,9757100",25
202000016046,20,12,23,09:28,1,2,1,2,3,17300,M,"46,1600600"," -1,1409300",17
202000016047,20,12,22,13:15,1,2,1,1,2,14118,M,"49,1923400"," -0,3378800",14
202000016048,20,12,23,21:00,5,1,1,2,7,13208,M,"43,2515500","5,3778400",13
202000016049,20,12,23,17:15,2,2,9,8,3,13210,M,"43,2851800","5,4257600",13
202000016050,20,12,23,12:53,1,2,6,2,6,13216,M,"43,3620100","5,3453000",13
202000016051,20,12,22,18:30,5,2,1,1,6,13211,M,"43,2934020","5,4515050",13
202000016052,20,12,23,07:45,2,2,1,8,6,13212,M,"43,2939000","5,4408000",13
202000016053,20,12,21,19:10,5,2,3,1,3,13208,M,"43,2651000","5,3787100",13
202000016054,20,12,23,09:40,1,2,1,1,6,06029,M,"43,5671170","6,9663430",06
202000016055,20,12,23,21:10,5,2,1,1,1,06155,M,"43,5785820","7,0547970",06
202000016056,20,12,23,05:58,5,2,3,2,6,75109,M,"48,8702770","2,3299970",75
202000016057,20,12,23,20:25,5,2,2,1,3,75120,M,"48,8591600","2,4021340",75
202000016058,20,12,23,18:10,5,2,5,1,7,75118,M,"48,8898230","2,3429570",75
202000016059,20,12,23,16:05,1,2,2,1,3,75117,M,"48,8975680","2,3241640",75
202000016060,20,12,22,15:15,1,2,4,8,6,75116,M,"48,8529790","2,2648360",75
202000016061,20,12,22,14:40,1,2,7,2,6,75116,M,"48,8483560","2,2420530",75
202000016062,20,12,23,08:46,1,2,3,2,3,75113,M,"48,8311240","2,3811660",75
202000016063,20,12,23,11:30,1,2,5,1,6,75112,M,"48,8346510","2,4007970",75
202000016064,20,12,23,18:50,5,2,1,1,6,75101,M,"48,8645130","2,3297310",75
202000016065,20,12,23,13:13,1,2,7,2,3,75101,M,"48,8601160","2,3333590",75
202000016066,20,12,23,09:00,2,2,1,2,3,94076,M,"48,7807610","2,3673940",94
202000016067,20,12,23,12:40,1,2,3,1,3,94034,M,"48,7586400","2,3175600",94
202000016068,20,12,22,20:00,5,2,1,2,4,94073,M,"48,7572600","2,3687200",94
202000016069,20,12,23,18:00,1,2,1,2,3,94028,M,"48,7748100","2,4393600",94
202000016070,20,12,23,12:50,1,2,6,2,6,93064,M,"48,8720800","2,4851100",93
202000016071,20,12,21,21:30,4,2,9,2,1,93053,M,"48,8901770","2,4712169",93
202000016072,20,12,22,12:15,1,2,1,2,1,93029,M,"48,9175219","2,4562275",93
202000016073,20,12,23,01:00,5,2,1,3,6,93057,M,"48,9164700","2,4969800",93
202000016074,20,12,23,15:47,1,2,1,2,6,92075,M,"48,8267700","2,2862800",92
202000016075,20,12,22,11:00,1,2,1,2,2,92022,M,"48,8015700","2,1879500",92
202000016076,20,12,23,07:00,5,2,1,2,3,92051,M,"48,8824334","2,2680370",92
202000016077,20,12,23,16:45,1,2,1,1,3,92048,M,"48,8091060","2,2361720",92
202000016078,20,12,23,11:45,1,2,1,2,7,92040,M,"48,8207650","2,2805660",92
202000016079,20,12,23,12:45,1,2,1,3,7,22280,M,"48,4259700"," -2,0714100",22
202000016080,20,12,24,13:00,1,2,1,1,6,38113,M,"44,8213330","5,6254610",38
202000016081,20,12,24,12:34,1,1,1,2,7,10319,M,"48,1931850","3,6325690",10
202000016082,20,12,24,09:55,1,2,1,1,3,97413,R," -21,2103681","55,3004714",974
202000016083,20,12,22,17:00,3,1,1,2,1,71215,M,"46,8973902","4,9570554",71
202000016084,20,12,24,14:20,1,1,1,1,7,51662,M,"49,2797971","4,1055286",51
202000016085,20,12,22,15:20,1,2,2,2,6,56165,M,"47,9299310"," -2,3987750",56
202000016086,20,12,24,18:45,3,2,2,1,3,79250,M,"46,9152060"," -0,2715740",79
202000016087,20,12,23,10:30,1,2,6,1,6,82037,M,"44,1599640","1,5355860",82
202000016088,20,12,23,19:20,3,1,1,2,6,82087,M,"44,1430750","1,1965660",82
202000016089,20,12,24,11:15,1,1,3,2,1,71538,M,"46,7422382","5,1262950",71
202000016090,20,12,23,15:00,1,1,1,2,6,71014,M,"46,9703290","4,3247703",71
202000016091,20,12,15,14:05,1,2,6,1,3,22362,M,"48,7908780"," -3,2304150",22
202000016092,20,12,24,07:15,3,1,1,2,6,29076,M,"48,4478170"," -4,5540100",29
202000016093,20,12,24,13:10,1,1,6,1,2,38150,M,"45,2076140","5,8473230",38
202000016094,20,12,24,14:15,1,1,2,2,3,60627,M,"49,6299890","2,3555090",60
202000016095,20,12,23,12:11,1,1,1,2,6,21199,M,"47,5490150","4,1877220",21
202000016096,20,12,23,07:45,2,1,3,2,3,85014,M,"46,6781150"," -0,9155770",85
202000016097,20,12,22,18:50,5,2,6,2,6,28140,M,"48,6040700","1,6729260",28
202000016098,20,12,24,02:00,3,1,1,2,6,87112,M,"45,6584660","1,0286970",87
202000016099,20,12,23,12:50,1,2,3,1,3,52058,M,"48,1994640","5,1366930",52
202000016100,20,12,16,19:15,5,1,1,1,2,06152,M,"43,6254290","6,9972830",06
202000016101,20,9,17,17:45,1,1,6,1,2,06085,M,"43,6113350","7,0174370",06
202000016102,20,12,23,19:15,3,1,1,2,5,74143,M,"45,8956460","6,8020180",74
202000016103,20,12,23,16:45,1,1,1,1,1,97601,Y," -12,7044830","45,0511770",976
202000016104,20,12,21,22:08,4,1,1,2,6,97103,A,"16,2706070"," -61,5499810",971
202000016105,20,12,23,15:00,1,2,1,1,1,97413,R," -21,1040090","55,2974720",974
202000016106,20,12,23,19:30,3,1,1,1,2,97304,G,"5,1551460"," -52,6767830",973
202000016107,20,12,23,19:42,3,1,1,6,1,91494,M,"48,6140660","2,3559130",91
202000016108,20,12,24,08:30,1,1,1,1,3,66065,M,"42,6161441","2,9789660",66
202000016109,20,12,23,17:00,1,1,1,1,1,06128,M,"43,6914560","7,1300410",06
202000016110,20,12,23,13:30,1,1,3,2,3,60619,M,"49,1068580","2,7995138",60
202000016111,20,12,24,14:19,1,2,9,2,6,60395,M,"49,2340838","2,1258320",60
202000016112,20,12,20,12:00,1,1,1,3,3,69295,M,"45,6150472","4,8860068",69
202000016113,20,12,23,16:50,2,1,1,8,4,91553,M,"48,6275100","2,4783400",91
202000016114,20,12,23,12:35,1,1,1,1,3,91286,M,"48,6479800","2,3863340",91
202000016115,20,12,21,20:40,3,1,1,2,-1,78291,M,"48,9702730","1,7345640",78
202000016116,20,12,23,16:00,1,1,1,3,6,95252,M,"48,9764300","2,2362200",95
202000016117,20,12,23,11:15,1,1,1,2,6,95582,M,"48,9718500","2,2481600",95
202000016118,20,12,23,16:40,1,1,1,2,4,94017,M,"48,8303700","2,4901900",94
202000016119,20,12,23,15:20,1,1,1,2,3,93051,M,"48,8359253","2,5436934",93
202000016120,20,12,22,21:45,5,1,1,2,-1,94052,M,"48,8436000","2,4924000",94
202000016121,20,12,21,23:25,3,1,9,2,6,94028,M,"48,7924517","2,4412611",94
202000016122,20,7,10,14:50,1,2,3,1,6,38421,M,"45,1796000","5,7699000",38
202000016123,20,12,15,10:40,1,2,1,1,6,97611,Y," -12,7741100","45,2248000",976
202000016124,20,12,15,08:40,1,2,1,1,6,97611,Y," -12,7796700","45,2278600",976
202000016125,20,12,22,14:38,1,2,1,1,5,97416,R," -21,2978330","55,4468880",974
202000016126,20,12,22,21:30,5,2,1,1,3,97411,R," -20,9037200","55,4909600",974
202000016127,20,12,22,16:00,1,2,1,1,7,97407,R," -20,9435600","55,2975600",974
202000016128,20,12,22,10:40,1,2,1,1,4,97407,R," -20,9506100","55,3030300",974
202000016129,20,12,22,21:00,5,2,1,1,3,97302,G,"4,9262442"," -52,3035693",973
202000016130,20,12,22,19:00,5,2,1,1,2,97302,G,"4,9362599"," -52,3140407",973
202000016131,20,12,21,22:40,5,2,2,1,3,97302,G,"4,9350988"," -52,2933147",973
202000016132,20,12,23,02:10,5,2,1,1,6,69259,M,"45,6942638","4,8753624",69
202000016133,20,12,22,18:56,5,2,2,1,3,69259,M,"45,7037700","4,8800400",69
202000016134,20,12,22,17:10,2,2,1,1,5,69388,M,"45,7424530","4,8580223",69
202000016135,20,12,22,15:20,1,2,2,1,3,69383,M,"45,7497800","4,8897700",69
202000016136,20,12,22,09:05,1,2,3,1,3,69259,M,"45,6960187","4,8875481",69
202000016137,20,12,22,10:35,1,2,1,1,2,97213,A,"14,6279843"," -60,9893990",972
202000016138,20,12,21,19:45,3,1,1,1,6,97213,A,"14,5966200"," -60,9958000",972
202000016139,20,12,21,17:45,5,2,2,2,6,69384,M,"45,7795500","4,8274300",69
202000016140,20,12,21,13:00,1,2,1,1,2,97101,A,"16,2795200"," -61,5079800",971
202000016141,20,12,21,19:52,5,2,1,2,6,95427,M,"48,9593096","2,3289701",95
202000016142,20,12,22,14:50,1,1,9,2,3,91514,M,"48,6704400","2,5263020",91
202000016143,20,12,21,20:47,5,2,1,2,6,87085,M,"45,8520100","1,2641200",87
202000016144,20,12,20,16:02,1,1,1,1,6,87065,M,"45,8104100","1,3439900",87
202000016145,20,12,21,10:45,1,2,1,2,6,86194,M,"46,5878920","0,3585070",86
202000016146,20,12,22,11:55,1,2,1,1,3,83069,M,"43,1124400","6,1125000",83
202000016147,20,12,22,16:28,1,1,1,1,1,83118,M,"43,4433600","6,9003700",83
202000016148,20,12,22,10:25,1,2,1,1,3,81004,M,"43,9308900","2,1633000",81
202000016149,20,12,22,17:27,5,2,1,2,6,77468,M,"48,8496000","2,6400700",77
202000016150,20,12,22,17:50,5,2,2,2,-1,77307,M,"48,8547500","2,7674700",77
202000016151,20,12,22,13:00,1,1,1,2,3,77268,M,"48,8749700","2,8035300",77
202000016152,20,12,22,11:30,1,2,1,1,3,73065,M,"45,5789081","5,8942264",73
202000016153,20,12,21,17:35,5,2,2,2,3,69290,M,"45,7084120","4,9088228",69
202000016154,20,12,21,18:00,5,2,1,2,3,67218,M,"48,5281300","7,7102400",67
202000016155,20,12,21,18:00,2,2,3,1,3,64189,M,"43,3880500"," -1,6767400",64
202000016156,20,12,22,16:00,1,2,1,1,6,59599,M,"50,7372054","3,1674045",59
202000016157,20,12,22,18:55,1,2,1,3,6,59378,M,"50,6765400","3,0807000",59
202000016158,20,12,22,17:25,3,1,9,2,3,59183,M,"51,0145400","2,3546500",59
202000016159,20,12,21,10:02,1,1,1,1,7,56098,M,"47,7674700"," -3,3145000",56
202000016160,20,12,17,19:15,5,2,1,1,6,54184,M,"48,7006764","6,2245595",54
202000016161,20,12,22,09:00,1,2,1,2,2,51454,M,"49,2508009","4,0226442",51
202000016162,20,12,21,19:50,5,2,3,2,6,50129,M,"49,6277300"," -1,6263700",50
202000016163,20,12,21,19:45,3,1,1,3,7,49099,M,"47,0899600"," -0,8283100",49
202000016164,20,12,21,08:10,5,2,5,2,-1,49099,M,"47,0595500"," -0,8738900",49
202000016165,20,12,22,18:04,5,2,1,2,6,49007,M,"47,4673700"," -0,5299500",49
202000016166,20,12,22,07:30,3,2,1,2,1,49007,M,"47,4953500"," -0,5540500",49
202000016167,20,12,21,18:15,5,2,1,3,6,38563,M,"45,3656000","5,5865500",38
202000016168,20,12,22,18:20,5,2,2,1,1,38185,M,"45,1717000","5,7243000",38
202000016169,20,12,22,11:14,1,2,2,8,-1,37261,M,"47,3946889","0,6871176",37
202000016170,20,12,22,11:10,1,1,1,2,3,35238,M,"48,0918900"," -1,6278900",35
202000016171,20,11,18,12:05,1,1,1,1,-1,06148,M,"43,7062670","7,0410830",06
202000016172,20,11,18,15:55,1,2,1,1,6,06079,M,"43,5464590","6,9385540",06
202000016173,20,11,18,08:08,2,1,1,7,1,45022,M,"48,0805160","2,3413540",45
202000016174,20,11,19,17:10,2,2,2,1,3,85216,M,"46,4853720"," -1,1114320",85
202000016175,20,11,18,14:00,1,1,2,1,3,27414,M,"48,9219212","0,4446197",27
202000016176,20,11,19,07:00,2,1,1,1,1,30161,M,"44,0274760","4,1115690",30
202000016177,20,11,19,05:48,3,1,1,1,6,13051,M,"43,5638190","5,1590680",13
202000016178,20,11,19,01:30,3,1,1,2,6,91441,M,"48,5003200","2,5130340",91
202000016179,20,11,17,17:55,3,1,1,1,1,97228,A,"14,7845510"," -61,0033040",972