Num_Acc,an,mois,jour,hrmn,lum,agg,int,atm,col,com,gps,lat,long,dep
202000016180,20,11,19,07:00,2,2,1,1,6,30307,M,"44,2066930","4,0279910",30
202000016181,20,11,18,11:50,1,2,1,1,6,83023,M,"43,4081650","6,0724620",83
202000016182,20,11,18,12:00,1,2,1,1,1,71176,M,"46,4827337","3,9747452",71
202000016183,20,11,18,17:25,5,2,1,9,6,67189,M,"48,4266652","7,4500232",67
202000016184,20,11,19,06:50,3,1,4,2,1,54215,M,"48,7428329","6,1548328",54
202000016185,20,11,17,19:30,5,1,1,1,1,33056,M,"44,9298270"," -0,5625560",33
202000016186,20,11,19,15:16,1,1,1,1,7,85155,M,"46,7137970"," -1,4347670",85
202000016187,20,11,19,13:27,1,1,1,1,2,60612,M,"49,2116400","2,6070640",60
202000016188,20,11,18,18:30,3,2,1,1,1,59643,M,"50,7402640","2,9552040",59
202000016189,20,11,18,09:20,1,1,1,1,3,69283,M,"45,6709600","4,9357600",69
202000016190,20,11,17,22:00,3,1,1,1,4,69081,M,"45,7957160","4,7787175",69
202000016191,20,11,18,08:20,1,1,1,1,4,91617,M,"48,6318800","2,5265900",91
202000016192,20,11,18,09:15,1,1,1,1,5,93066,M,"48,9190100","2,3572900",93
202000016193,20,11,16,14:15,5,1,1,1,4,93008,M,"48,9180073","2,4290614",93
202000016194,20,6,12,20:30,1,2,1,1,4,75118,M,"48,8959900","2,3592800",75
202000016195,20,11,17,16:20,1,2,1,1,6,97416,R," -21,3129200","55,4745600",974
202000016196,20,11,17,15:30,1,2,2,1,3,97411,R," -20,8913100","55,4802100",974
202000016197,20,11,16,21:10,5,2,1,1,1,97411,R," -20,8979100","55,4760300",974
202000016198,20,11,17,19:50,5,2,1,1,7,69388,M,"45,7381700","4,8774200",69
202000016199,20,11,17,08:30,1,2,1,1,2,69386,M,"45,7659600","4,8559700",69
202000016200,20,11,17,08:00,1,2,2,1,-1,69034,M,"45,8061433","4,8726338",69
202000016201,20,11,16,10:40,1,2,2,1,6,91161,M,"48,7132100","2,3024600",91
202000016202,20,11,17,09:14,1,1,3,1,4,91027,M,"48,7163900","2,3708400",91
202000016203,20,11,16,08:25,1,2,1,1,6,91223,M,"48,4391300","2,1387200",91
202000016204,20,11,16,23:30,5,2,1,1,6,87085,M,"45,8382700","1,2723900",87
202000016205,20,11,16,18:04,5,2,1,1,6,76351,M,"49,5160800","0,1700700",76
202000016206,20,11,17,08:10,2,2,1,1,1,72181,M,"47,9638000","0,2212000",72
202000016207,20,11,16,08:00,2,2,1,1,6,72181,M,"48,0017400","0,1846400",72
202000016208,20,10,29,10:45,1,2,1,1,6,70550,M,"47,6219700","6,1556100",70
202000016209,20,11,16,06:57,5,2,1,1,6,69256,M,"45,7772400","4,9249500",69
202000016210,20,11,17,07:30,2,2,1,1,6,69264,M,"45,9953000","4,7209200",69
202000016211,20,11,16,12:40,1,2,9,1,-1,69264,M,"45,9910400","4,7201000",69
202000016212,20,11,14,21:20,5,2,4,1,3,68149,M,"47,5919570","7,5827210",68
202000016213,20,11,15,16:20,2,2,3,1,3,67043,M,"48,6148700","7,7325800",67
202000016214,20,11,14,17:55,1,2,1,1,2,66136,M,"42,6848129","2,9041109",66
202000016215,20,11,17,07:45,2,2,3,1,3,65433,M,"43,2112810","0,1003280",65
202000016216,20,11,16,16:30,1,2,2,1,2,64445,M,"43,3024700"," -0,3793900",64
202000016217,20,11,16,17:25,1,2,1,8,2,64102,M,"43,5050500"," -1,4673000",64
202000016218,20,10,9,18:00,1,1,1,1,1,62573,M,"50,4907600","2,8983300",62
202000016219,20,11,10,18:15,5,2,1,1,6,62464,M,"50,4853600","2,8201300",62
202000016220,20,11,17,15:20,1,2,9,1,-1,59508,M,"50,7361700","3,1326800",59
202000016221,20,11,17,15:15,1,2,1,1,6,59648,M,"50,5860110","3,0427660",59
202000016222,20,11,17,07:40,2,2,2,1,7,51454,M,"49,2465141","4,0317586",51
202000016223,20,11,12,16:07,1,2,3,1,-1,37261,M,"47,3811636","0,6937640",37
202000016224,20,11,16,19:05,5,2,2,1,1,29232,M,"47,9874426"," -4,0985334",29
202000016225,20,10,22,22:15,5,2,1,1,3,21231,M,"47,3155300","5,0795000",21
202000016226,20,11,17,17:23,2,2,6,1,3,17300,M,"46,1517900"," -1,1396600",17
202000016227,20,11,15,01:45,4,2,1,1,7,13039,M,"43,4445911","4,9416402",13
202000016228,20,11,17,18:05,5,2,1,1,7,13208,M,"43,2647250","5,3734800",13
202000016229,20,11,17,16:00,1,2,2,1,3,13203,M,"43,3149461","5,3877508",13
202000016230,20,11,17,15:10,1,2,1,1,2,13214,M,"43,3399320","5,4076690",13
202000016231,20,11,17,18:15,5,2,1,1,1,13028,M,"43,1835900","5,5965900",13
202000016232,20,11,17,12:55,1,2,1,1,3,11069,M,"43,2198400","2,3557700",11
202000016233,20,11,16,19:30,5,2,3,1,6,06083,M,"43,7686350","7,4917460",06
202000016234,20,11,17,10:05,1,2,1,1,6,06069,M,"43,6443970","6,9410080",06
202000016235,20,11,16,07:11,2,2,1,5,7,06069,M,"43,6621648","6,9187030",06
202000016236,20,11,16,10:15,1,2,6,1,3,05061,M,"44,5548390","6,0751510",05
202000016237,20,11,17,06:50,5,1,6,8,3,01451,M,"46,2308000","5,2128700",01
202000016238,20,11,17,10:00,1,2,7,1,6,75116,M,"48,8641000","2,3009540",75
202000016239,20,11,17,21:50,5,2,3,1,3,75110,M,"48,8761720","2,3560500",75
202000016240,20,11,17,17:50,5,2,2,1,1,75101,M,"48,8663950","2,3234670",75
202000016241,20,11,17,11:50,1,2,2,1,5,75104,M,"48,8510570","2,3622100",75
202000016242,20,11,17,14:50,1,2,2,1,3,94067,M,"48,8368300","2,4203300",94
202000016243,20,10,19,08:50,1,2,1,1,6,94015,M,"48,8417760","2,5194530",94
202000016244,20,11,17,13:30,1,2,9,1,2,94011,M,"48,7594860","2,4805880",94
202000016245,20,11,16,22:06,5,2,9,1,6,94011,M,"48,7680230","2,4941560",94
202000016246,20,11,16,13:44,1,2,1,1,3,94028,M,"48,7755870","2,4585990",94
202000016247,20,11,17,16:40,1,2,1,1,-1,93072,M,"48,9619600","2,3830000",93
202000016248,20,11,17,16:50,1,2,1,1,6,93071,M,"48,9378600","2,5283600",93
202000016249,20,11,17,18:00,2,2,9,1,2,93077,M,"48,8884783","2,4935600",93
202000016250,20,11,16,07:37,2,2,1,1,2,93051,M,"48,8472400","2,5427400",93
202000016251,20,11,17,20:20,5,2,3,1,3,93006,M,"48,8752000","2,4272000",93
202000016252,20,11,17,16:10,1,2,1,8,3,93074,M,"48,9352000","2,5707600",93
202000016253,20,11,17,13:35,1,2,9,1,3,93010,M,"48,9052547","2,4701448",93
202000016254,20,11,16,08:44,1,2,3,8,3,92032,M,"48,7832337","2,2866834",92
202000016255,20,11,16,07:23,1,2,9,2,4,92012,M,"48,8465810","2,2270870",92
202000016256,20,11,13,16:10,1,1,1,1,6,91340,M,"48,5902870","2,4296470",91
202000016257,20,11,17,21:50,3,1,1,1,4,66015,M,"42,5722590","2,8437720",66
202000016258,20,11,14,18:40,3,1,1,1,1,71381,M,"46,5295216","4,5728074",71
202000016259,20,11,18,19:05,3,1,2,2,6,49092,M,"47,1895300"," -0,7428860",49
202000016260,20,11,18,11:30,1,1,1,1,4,60358,M,"49,2076930","2,9272820",60
202000016261,20,11,16,12:45,1,1,1,1,4,83097,M,"43,4728270","5,7560470",83
202000016262,20,11,18,09:35,1,2,1,1,3,31157,M,"43,5399000","1,3374250",31
202000016263,20,10,23,16:10,1,2,1,2,1,74085,M,"45,8141490","6,7278980",74
202000016264,20,11,16,14:07,1,2,3,8,3,80126,M,"49,9360650","1,6290290",80
202000016265,20,11,17,21:00,5,1,1,1,6,33423,M,"45,1570460"," -0,7389590",33
202000016266,20,11,17,22:50,3,1,1,1,6,63281,M,"46,1219370","2,7156240",63
202000016267,20,11,17,07:33,2,1,1,1,7,61421,M,"48,5436740"," -0,7289810",61
202000016268,20,11,17,16:20,1,1,3,1,2,01350,M,"46,2540550","5,2753690",01
202000016269,20,11,18,10:10,1,1,1,1,1,66124,M,"42,4842190","2,0604090",66
202000016270,20,11,17,11:00,1,2,9,1,6,50484,M,"48,5735690"," -1,0807390",50
202000016271,20,10,11,07:45,2,2,1,1,6,60703,M,"49,4090950","2,0446000",60
202000016272,20,11,18,07:50,2,2,1,7,6,64419,M,"43,2735340"," -0,2136970",64
202000016273,20,11,17,09:20,2,2,3,1,-1,40266,M,"44,0685040"," -1,2293010",40
202000016274,20,11,18,16:25,2,2,1,1,6,30169,M,"43,7871950","4,3090780",30
202000016275,20,11,18,08:05,1,2,1,1,2,97309,G,"4,9075570"," -52,2697710",973
202000016276,20,11,17,15:30,1,2,3,1,3,74067,M,"45,8819800","6,0621680",74
202000016277,20,11,18,18:35,5,2,4,1,3,06085,M,"43,6102830","6,9663570",06
202000016278,20,11,18,12:57,1,1,1,1,6,89448,M,"47,5320960","4,1104530",89
202000016279,20,11,18,13:17,1,1,1,1,5,01047,M,"45,8576761","5,2415460",01
202000016280,20,11,18,15:15,1,1,1,1,7,97311,G,"5,4875870"," -53,9831260",973
202000016281,20,11,17,18:00,3,2,3,1,3,97102,A,"16,4692530"," -61,4995550",971
202000016282,20,11,18,20:20,3,1,1,1,1,95119,M,"49,1966250","1,7022590",95
202000016283,20,11,17,19:40,3,2,1,1,6,57206,M,"49,3052790","6,1169100",57
202000016284,20,11,18,16:54,1,1,1,1,3,69255,M,"45,7362520","4,6825960",69
202000016285,20,11,17,18:35,3,1,1,1,6,81099,M,"43,9189700","1,9400960",81
202000016286,20,11,17,09:30,1,1,1,1,2,13210,M,"43,2845509","5,4153268",13
202000016287,20,11,16,07:00,3,1,1,2,5,13085,M,"43,2629600","5,5893600",13
202000016288,20,11,17,13:40,1,1,1,1,2,94034,M,"48,7560000","2,3420000",94
202000016289,20,11,17,11:55,1,1,9,1,6,78242,M,"48,8072000","2,0525000",78
202000016290,20,11,17,14:30,1,1,1,1,2,60612,M,"49,1937625","2,6033564",60
202000016291,20,11,17,18:10,3,1,1,1,4,94069,M,"48,8174510","2,4185959",94
202000016292,20,11,17,16:30,2,1,9,1,2,94046,M,"48,8140244","2,4491105",94
202000016293,20,9,17,15:15,1,2,1,7,6,71153,M,"46,8019866","4,4474533",71
202000016294,20,11,16,09:20,1,2,9,1,6,97407,R," -20,9447000","55,2949000",974
202000016295,20,11,16,13:20,1,2,1,1,6,97302,G,"4,9343100"," -52,3174200",973
202000016296,20,11,15,21:45,5,2,1,1,3,97302,G,"4,9431700"," -52,3066500",973
202000016297,20,11,16,19:35,5,2,2,1,3,69383,M,"45,7454000","4,8876900",69
202000016298,20,11,16,04:40,5,2,6,8,6,69259,M,"45,6883400","4,8745400",69
202000016299,20,11,16,12:15,1,2,1,8,7,69388,M,"45,7330100","4,8648700",69
202000016300,20,11,16,08:40,1,2,1,1,3,69276,M,"45,6744300","4,8606200",69
202000016301,20,11,16,14:45,1,1,3,1,3,97213,A,"14,6473700"," -60,9886200",972
202000016302,20,11,16,07:05,1,1,1,3,6,97209,A,"14,6400700"," -61,0418500",972
202000016303,20,11,15,14:50,1,2,1,1,7,97209,A,"14,5994400"," -61,0581900",972
202000016304,20,11,15,01:00,5,1,1,1,6,97113,A,"16,2029505"," -61,4704156",971
202000016305,20,11,15,06:18,2,2,3,1,3,2A004,M,"41,9263700","8,7383400",2A
202000016306,20,11,15,14:05,1,2,1,2,5,95585,M,"48,9853340","2,3750770",95
202000016307,20,11,15,20:30,5,2,6,1,3,95598,M,"48,9903847","2,2963035",95
202000016308,20,11,14,14:51,1,2,3,1,-1,87085,M,"45,8441300","1,2341000",87
202000016309,20,11,9,07:45,1,2,1,2,3,80021,M,"49,9148500","2,3102300",80
202000016310,20,11,13,18:00,5,2,1,2,6,80021,M,"49,8804500","2,3321400",80
202000016311,20,11,12,06:03,5,2,1,2,7,80021,M,"49,8872100","2,3281360",80
202000016312,20,11,16,16:25,1,2,1,1,1,77305,M,"48,3959382","2,9565729",77
202000016313,20,11,12,19:15,4,1,1,1,7,76457,M,"49,3409300","0,9475400",76
202000016314,20,11,16,08:50,1,2,3,1,3,76351,M,"49,5021161","0,1848159",76
202000016315,20,11,12,16:35,1,2,1,1,7,76447,M,"49,5454000","0,1868000",76
202000016316,20,11,16,16:30,1,2,1,1,2,74010,M,"45,9222139","6,1224236",74
202000016317,20,11,13,17:41,4,2,3,1,3,67482,M,"48,5863600","7,7632300",67
202000016318,20,11,13,20:04,3,2,1,1,5,66136,M,"42,6764700","2,8551800",66
202000016319,20,11,14,08:50,1,2,2,1,3,63245,M,"45,8889200","3,0930700",63
202000016320,20,11,15,17:47,1,2,5,1,3,63113,M,"45,7648410","3,1254996",63
202000016321,20,11,13,13:20,1,2,1,1,2,63113,M,"45,7801523","3,0738951",63
202000016322,20,10,23,15:00,1,2,1,1,1,61006,M,"48,7278600"," -0,0207800",61
202000016323,20,11,16,20:40,5,2,1,1,7,59421,M,"50,7048570","3,1445870",59
202000016324,20,9,28,06:45,5,2,2,2,6,59350,M,"50,6263740","3,0404880",59
202000016325,20,11,15,14:00,1,2,5,3,3,59122,M,"50,1797600","3,2423300",59
202000016326,20,11,15,11:35,1,2,1,2,1,59017,M,"50,6902700","2,8760500",59
202000016327,20,11,6,17:50,2,2,1,1,6,49099,M,"47,0517100"," -0,8515300",49
202000016328,20,11,5,13:50,1,2,7,1,6,49099,M,"47,0515200"," -0,8842000",49
202000016329,20,11,18,16:42,1,2,6,1,2,49267,M,"47,4814200"," -0,4907200",49
202000016330,20,11,12,15:58,1,2,1,1,-1,49007,M,"47,4668500"," -0,5542200",49
202000016331,20,11,12,16:25,1,2,1,1,6,49007,M,"47,4443000"," -0,5640000",49
202000016332,20,11,15,16:20,1,1,1,1,1,47032,M,"44,2301600","0,7118900",47
202000016333,20,11,15,00:10,5,2,3,1,3,45234,M,"47,9199660","1,9148420",45
202000016334,20,11,16,08:55,1,2,1,1,3,44109,M,"47,2274363"," -1,5217780",44
202000016335,20,8,5,20:35,1,2,1,1,6,38053,M,"45,6012400","5,2699200",38
202000016336,20,11,16,17:50,4,2,2,1,3,35281,M,"48,0783900"," -1,7317900",35
202000016337,20,11,16,18:00,5,2,1,1,6,35238,M,"48,0864300"," -1,6620000",35
202000016338,20,11,16,07:35,2,2,1,1,3,31149,M,"43,6066100","1,3489700",31
202000016339,20,11,13,16:49,1,2,1,1,3,31555,M,"43,6064400","1,4565100",31
202000016340,20,11,13,11:58,1,2,1,1,3,31555,M,"43,6618300","1,4162400",31
202000016341,20,11,13,11:50,1,2,1,1,3,31555,M,"43,6000500","1,4424000",31
202000016342,20,11,15,18:34,5,2,1,2,1,30189,M,"43,8270100","4,3333000",30
202000016343,20,11,16,20:17,5,2,1,2,2,29019,M,"48,4008913"," -4,4514485",29
202000016344,20,11,12,20:13,5,2,4,2,1,29019,M,"48,3816845"," -4,5235373",29
202000016345,20,11,16,10:25,1,2,6,1,-1,27562,M,"49,0955800","1,4599100",27
202000016346,20,11,16,11:15,1,2,1,1,6,15014,M,"44,9130700","2,4417000",15
202000016347,20,11,16,02:16,5,2,1,2,6,13201,M,"43,2965200","5,3813400",13
202000016348,20,11,14,17:15,2,2,1,1,6,10387,M,"48,2954400","4,0935400",10
202000016349,20,11,16,14:55,1,2,1,1,2,75120,M,"48,8748020","2,4080270",75
202000016350,20,11,16,16:30,2,2,3,1,4,75119,M,"48,8988590","2,3781250",75
202000016351,20,11,16,10:00,1,2,3,8,3,75119,M,"48,8872990","2,3670440",75
202000016352,20,11,16,17:55,5,2,1,1,-1,75117,M,"48,8772320","2,2844270",75
202000016353,20,11,16,17:55,5,2,3,1,3,75113,M,"48,8209860","2,3506300",75
202000016354,20,11,16,20:25,5,2,2,1,3,75112,M,"48,8337130","2,3824920",75
202000016355,20,11,16,13:25,1,2,2,1,7,75108,M,"48,8750350","2,3092030",75
202000016356,20,11,15,13:55,1,2,2,2,7,75108,M,"48,8692400","2,3027760",75
202000016357,20,11,16,15:10,1,2,7,1,3,75107,M,"48,8473940","2,3121190",75
202000016358,20,11,10,08:15,1,2,1,1,1,94081,M,"48,7927500","2,3865700",94
202000016359,20,11,16,17:40,5,2,1,1,6,94038,M,"48,7781800","2,3439290",94
202000016360,20,11,16,07:50,2,2,2,1,3,94073,M,"48,7659520","2,3905620",94
202000016361,20,11,16,18:20,5,2,9,1,7,94022,M,"48,7642700","2,4050400",94
202000016362,20,11,16,10:25,1,2,6,2,1,94022,M,"48,7612600","2,4033400",94
202000016363,20,5,6,15:45,1,2,3,1,1,65047,M,"43,2339270","0,0921350",65
202000016364,20,5,7,02:50,3,2,1,1,6,62894,M,"50,7410564","1,6194373",62
202000016365,20,5,6,20:35,1,2,1,1,6,57463,M,"49,1012000","6,1958400",57
202000016366,20,5,5,16:57,1,2,1,1,4,49267,M,"47,4670800"," -0,4954500",49
202000016367,20,4,30,11:05,1,2,1,2,6,38053,M,"45,5879700","5,2881000",38
202000016368,20,1,11,18:15,2,2,9,1,6,34003,M,"43,2992300","3,4923900",34
202000016369,20,5,6,16:15,1,2,1,1,6,17306,M,"45,6436800"," -1,0247799",17
202000016370,20,5,6,14:05,1,2,1,1,6,13207,M,"43,2890500","5,3543200",13
202000016371,20,5,6,11:40,1,2,2,1,3,13206,M,"43,2904100","5,3757600",13
202000016372,20,5,6,09:15,1,2,6,7,6,13208,M,"43,2504140","5,3893200",13
202000016373,20,5,4,21:30,5,2,6,1,7,13209,M,"43,2355118","5,3990977",13
202000016374,20,5,6,21:00,5,2,1,1,1,06123,M,"43,6620000","7,1930000",06
202000016375,20,5,4,14:40,1,2,1,1,2,75119,M,"48,8810000","2,4036530",75
202000016376,20,5,6,18:30,1,2,1,1,3,75120,M,"48,8754130","2,3926740",75
202000016377,20,5,6,11:45,1,2,2,1,3,75120,M,"48,8576390","2,4039010",75
202000016378,20,5,6,13:50,1,2,2,1,3,75115,M,"48,8372300","2,2964360",75
202000016379,20,5,5,17:40,1,2,2,1,3,75113,M,"48,8188770","2,3595450",75
202000016380,20,5,6,11:45,1,2,1,1,4,75109,M,"48,8778250","2,3381020",75
202000016381,20,5,6,12:00,1,2,1,1,6,94017,M,"48,8137100","2,5102700",94
202000016382,20,5,6,01:50,3,1,1,1,2,93074,M,"48,9338200","2,5967300",93
202000016383,20,5,6,19:20,1,2,9,1,6,93071,M,"48,9477914","2,5237973",93
202000016384,20,5,7,18:35,1,1,2,7,3,24562,M,"45,0821420","0,4879900",24
202000016385,20,5,7,14:45,1,2,6,1,3,41194,M,"47,3768480","1,7359580",41
202000016386,20,5,7,10:15,1,1,1,1,1,44029,M,"47,2566310"," -1,3432180",44
202000016387,20,5,6,20:15,1,1,1,1,6,28022,M,"48,4909000","1,3808230",28
202000016388,20,5,6,17:35,1,1,1,1,1,83091,M,"43,2341350","6,2112240",83
202000016389,20,5,5,03:10,3,1,1,1,6,01033,M,"46,1181680","5,8230110",01
202000016390,20,5,7,15:45,1,1,1,1,1,44113,M,"47,5585010"," -1,6340550",44
202000016391,20,5,6,12:58,1,2,1,1,1,67472,M,"48,8298460","7,9570320",67
202000016392,20,5,6,17:15,1,1,1,1,6,62162,M,"50,5826780","2,4420870",62
202000016393,20,5,6,23:50,3,2,1,1,6,62049,M,"50,5575130","2,3685190",62
202000016394,20,4,25,13:05,1,1,1,1,7,74173,M,"45,8607620","6,6271830",74
202000016395,20,5,7,11:00,1,2,3,7,3,67448,M,"48,4786770","7,2188490",67
202000016396,20,5,5,16:00,1,1,1,1,7,63003,M,"45,5223300","3,7412420",63
202000016397,20,5,7,09:55,1,2,1,1,6,42204,M,"45,4244500","4,0660520",42
202000016398,20,5,6,18:00,1,1,1,7,3,70334,M,"47,2942570","5,7916890",70
202000016399,20,5,6,06:45,3,1,1,1,6,50200,M,"48,6874120"," -0,8117650",50
202000016400,20,5,7,16:40,1,1,3,1,5,73265,M,"45,7509942","5,9760932",73
202000016401,20,5,6,18:05,1,2,6,1,6,16003,M,"45,7860740","0,3397230",16
202000016402,20,5,7,09:30,1,2,4,1,6,21201,M,"47,7509306","4,4963612",21
202000016403,20,5,7,06:30,2,1,1,1,6,04013,M,"44,1302240","5,9537260",04
202000016404,20,5,7,18:25,1,1,2,1,3,85025,M,"46,9659600"," -1,2023600",85
202000016405,20,5,6,19:10,1,1,1,1,5,52197,M,"47,7860570","5,6264160",52
202000016406,20,3,13,16:15,1,2,1,1,6,2A041,M,"41,4020390","9,1610960",2A
202000016407,20,5,7,05:45,2,1,1,1,6,33038,M,"45,3786500"," -0,9165120",33
202000016408,20,4,30,07:30,1,2,1,1,1,72154,M,"47,7048630"," -0,0807880",72
202000016409,20,5,6,18:30,1,2,1,1,7,76099,M,"49,5516590","0,8501220",76
202000016410,20,5,6,15:30,1,1,1,1,1,59192,M,"50,3185530","3,2807910",59
202000016411,20,5,6,15:20,1,1,1,1,5,95219,M,"48,9918200","2,2453000",95
202000016412,20,2,26,10:26,1,2,3,1,7,51454,M,"49,2774670","4,0223986",51
202000016413,20,1,1,17:15,5,2,3,2,6,75108,M,"48,8756378","2,3189143",75
202000016414,20,5,5,07:50,1,2,1,2,3,98818,C," -22,2309407","166,4879657",988
202000016415,20,5,3,16:25,1,1,1,1,6,97209,A,"14,6090000"," -61,0672000",972
202000016416,20,5,4,07:50,1,1,1,1,1,90099,M,"47,6715030","6,8488530",90
202000016417,20,5,5,18:00,1,2,6,8,2,78138,M,"48,9762296","2,0434302",78
202000016418,20,5,1,19:20,1,2,3,2,3,67267,M,"48,5544800","7,6773800",67
202000016419,20,4,30,17:00,1,2,3,2,3,67482,M,"48,6118050","7,7790230",67
202000016420,20,5,4,18:00,1,2,1,1,3,57283,M,"49,2507200","6,1611800",57
202000016421,20,5,5,14:25,1,2,2,1,3,51454,M,"49,2475727","4,0338954",51
202000016422,20,5,5,10:00,1,2,1,1,3,51454,M,"49,2320151","4,0721155",51
202000016423,20,5,5,16:30,1,2,1,1,3,34108,M,"43,4471110","3,7535019",34
202000016424,20,5,4,20:50,2,2,1,1,1,34032,M,"43,3405035","3,2169312",34
202000016425,20,5,5,19:40,1,2,2,1,3,33063,M,"44,8508900"," -0,5718000",33
202000016426,20,5,4,18:50,1,2,1,1,7,31555,M,"43,5686430","1,4137010",31
202000016427,20,5,4,16:30,1,2,1,1,1,31069,M,"43,6511362","1,3810241",31
202000016428,20,5,5,17:00,1,2,7,1,6,29039,M,"47,8890914"," -3,9168684",29
202000016429,20,5,5,19:50,2,1,1,1,6,26198,M,"44,5356930","4,7293553",26
202000016430,20,5,5,16:30,1,2,1,1,3,17300,M,"46,1680300"," -1,1328500",17
202000016431,20,5,5,10:35,1,2,1,1,-1,07102,M,"44,9365200","4,8675300",07
202000016432,20,5,5,17:40,1,2,1,1,6,06069,M,"43,6584370","6,9257950",06
202000016433,20,5,5,21:50,5,2,2,1,3,06027,M,"43,6654950","7,1702580",06
202000016434,20,5,5,14:00,1,2,1,2,6,75117,M,"48,8787680","2,2800560",75
202000016435,20,5,5,13:04,1,2,2,2,3,75118,M,"48,8925220","2,3443090",75
202000016436,20,5,5,06:30,2,2,2,2,3,75111,M,"48,8532750","2,3772930",75
202000016437,20,5,5,09:10,1,2,3,2,3,75107,M,"48,8628190","2,3134610",75
202000016438,20,5,5,16:55,1,2,3,8,6,75101,M,"48,8624420","2,3251900",75
202000016439,20,5,5,12:40,1,2,6,2,6,94028,M,"48,7846100","2,4367300",94
202000016440,20,5,5,18:00,1,2,1,1,3,93050,M,"48,8633800","2,5351600",93
202000016441,20,5,5,14:10,1,2,1,2,2,93079,M,"48,9560700","2,3444400",93
202000016442,20,5,5,14:10,1,2,3,2,4,93029,M,"48,9181000","2,4548000",93
202000016443,20,4,27,16:00,1,2,6,1,3,92036,M,"48,9230160","2,2864620",92
202000016444,20,5,6,15:00,1,2,9,1,3,02131,M,"49,3909910","3,3818950",02
202000016445,20,5,6,12:30,1,1,1,1,1,63026,M,"45,6745680","3,0078240",63
202000016446,20,5,6,12:20,1,1,3,1,2,50541,M,"48,8457200"," -1,4988220",50
202000016447,20,5,6,15:30,1,2,1,2,6,97422,R," -21,2415380","55,5417810",974
202000016448,20,5,6,21:00,2,1,1,1,6,63181,M,"46,0285062","3,1074078",63
202000016449,20,5,6,16:45,1,1,1,1,7,80639,M,"49,9435600","2,3032930",80
202000016450,20,5,6,17:55,1,1,1,7,7,57565,M,"49,4917720","5,9053230",57
202000016451,20,5,5,17:15,1,1,6,1,3,2A271,M,"41,9519478","8,8112942",2A
202000016452,20,5,6,05:50,2,2,1,1,6,80015,M,"49,9632700","2,9835480",80
202000016453,20,5,5,19:50,1,1,1,1,6,61290,M,"48,6860730"," -0,2591230",61
202000016454,20,4,26,21:58,3,1,1,2,7,12215,M,"44,4949160","2,3867750",12
202000016455,20,5,6,09:30,1,1,1,1,1,47239,M,"44,4149230","0,5623630",47
202000016456,20,4,30,21:45,3,1,1,3,6,47135,M,"44,4100410","0,4433690",47
202000016457,20,5,6,11:27,1,2,1,1,6,38560,M,"45,4839200","5,4741300",38
202000016458,20,5,5,16:30,1,1,1,1,6,84017,M,"44,1075010","5,1764360",84
202000016459,20,5,4,17:30,1,1,1,1,4,26165,M,"44,8081140","4,8583130",26
202000016460,20,5,5,18:40,1,1,1,1,6,14157,M,"49,1737630"," -0,5408880",14
202000016461,20,3,17,16:00,1,2,3,1,3,60533,M,"49,5434680","2,7467640",60
202000016462,20,5,6,10:20,1,1,1,1,7,60030,M,"49,3739106","2,1053491",60
202000016463,20,5,6,07:20,1,2,2,1,1,45203,M,"47,8218030","1,7039000",45
202000016464,20,4,23,06:45,2,1,1,1,6,18281,M,"47,2070910","2,1525910",18
202000016465,20,5,4,05:50,2,1,1,5,6,18019,M,"47,1878020","2,6796450",18
202000016466,20,5,5,20:20,2,1,1,1,1,16346,M,"45,2310460","0,0692120",16
202000016467,20,5,6,11:40,1,1,1,1,2,21435,M,"47,8826200","4,5640790",21
202000016468,20,5,4,20:53,1,1,1,1,6,17215,M,"45,4668650"," -0,4650040",17
202000016469,20,5,6,10:00,1,1,1,1,6,52008,M,"48,2360004","5,2801340",52
202000016470,20,5,5,18:50,2,1,1,8,2,97307,G,"4,8262710"," -52,3617840",973
202000016471,20,5,5,17:00,1,1,1,1,1,38193,M,"45,6109040","5,2095690",38
202000016472,20,5,6,14:30,1,2,2,1,3,74268,M,"45,8835180","6,0984100",74
202000016473,20,5,5,17:05,1,1,3,8,2,25219,M,"47,1398770","6,3821980",25
202000016474,20,5,4,17:45,1,2,1,1,3,97501,S,"47,0978100"," -56,3822600",975
202000016475,20,5,4,07:15,1,1,1,3,1,97311,G,"5,5500389"," -53,9370775",973
202000016476,20,5,5,15:00,1,1,1,1,6,13115,M,"43,6838530","5,1937330",13
202000016477,20,5,4,07:30,1,2,1,1,7,38558,M,"45,5863100","4,9139700",38
202000016478,20,5,4,16:50,1,2,6,1,-1,40182,M,"44,0754810"," -1,1669540",40
202000016479,20,5,4,05:30,3,1,1,1,4,13015,M,"43,4414700","5,3963400",13
202000016480,20,5,4,01:10,5,1,1,1,-1,69266,M,"45,7688000","4,9038000",69
202000016481,20,5,5,14:20,1,1,1,2,7,91687,M,"48,6650000","2,3639000",91
202000016482,20,5,5,14:45,1,1,1,8,6,78297,M,"48,7879250","2,0630060",78
202000016483,20,5,5,18:45,1,1,1,8,7,95061,M,"49,0683600","2,2521100",95
202000016484,20,5,5,15:45,1,1,1,1,2,93005,M,"48,9307800","2,4807400",93