Num_Acc,an,mois,jour,hrmn,lum,agg,int,atm,col,com,gps,lat,long,dep
202000016485,20,5,4,18:15,1,1,1,1,6,93048,M,"48,8628400","2,4830100",93
202000016486,20,5,5,15:55,1,1,1,1,4,77169,M,"48,8316661","2,6015335",77
202000016487,20,2,25,17:45,1,2,1,1,-1,66136,M,"42,6913200","2,8962600",66
202000016488,20,2,26,17:25,1,2,9,7,6,27375,M,"49,2186000","1,1787000",27
202000016489,20,1,1,12:17,1,2,7,8,7,75107,M,"48,8544850","2,3058090",75
202000016490,20,1,1,01:30,5,2,1,1,6,75101,M,"48,8633580","2,3333290",75
202000016491,20,1,1,17:14,5,2,1,2,6,75101,M,"48,8581728","2,3480313",75
202000016492,20,5,5,10:20,1,2,3,8,7,98818,C," -22,2857000","166,4479800",988
202000016493,20,5,5,00:15,5,2,1,1,6,69259,M,"45,7068746","4,8729358",69
202000016494,20,5,4,08:00,1,1,1,1,2,97213,A,"14,6289440"," -60,9893530",972
202000016495,20,4,30,08:50,1,2,6,1,3,91457,M,"48,5743200","2,2601600",91
202000016496,20,4,10,16:20,1,2,1,1,6,91552,M,"48,5985400","2,2552400",91
202000016497,20,4,5,15:02,1,2,3,1,3,91021,M,"48,5841500","2,2443500",91
202000016498,20,5,1,02:01,5,2,1,1,6,76351,M,"49,4907700","0,1601600",76
202000016499,20,4,30,15:25,1,2,2,2,3,71306,M,"46,6685136","4,3616894",71
202000016500,20,5,3,02:30,5,2,1,1,6,64122,M,"43,4835200"," -1,5435000",64
202000016501,20,5,4,05:35,5,2,1,1,3,63063,M,"45,8412718","3,1171698",63
202000016502,20,5,2,16:55,1,2,3,2,3,56121,M,"47,7351100"," -3,3941400",56
202000016503,20,5,1,23:30,4,2,6,1,6,56021,M,"47,7902800"," -3,1898000",56
202000016504,20,4,30,13:48,1,2,1,1,3,49007,M,"47,4617500"," -0,5325200",49
202000016505,20,5,4,16:45,1,1,1,1,7,45232,M,"47,8707600","1,9120400",45
202000016506,20,5,4,18:40,1,2,6,1,6,33281,M,"44,8290600"," -0,6875600",33
202000016507,20,5,2,21:35,2,2,1,1,7,31555,M,"43,5785300","1,3965400",31
202000016508,20,5,2,21:00,5,2,1,1,7,31555,M,"43,5918100","1,4415300",31
202000016509,20,5,4,14:20,1,2,1,1,1,30028,M,"44,1577900","4,6235000",30
202000016510,20,5,3,19:25,1,2,1,1,1,27681,M,"49,0761300","1,4872800",27
202000016511,20,5,3,06:45,3,1,1,2,6,15014,M,"44,9417600","2,4467900",15
202000016512,20,5,2,19:02,1,2,2,1,3,13206,M,"43,2911600","5,3806700",13
202000016513,20,5,4,10:35,1,2,2,1,6,75105,M,"48,8417540","2,3377560",75
202000016514,20,5,4,12:20,1,2,9,1,7,94076,M,"48,8041647","2,3641778",94
202000016515,20,5,4,17:15,1,2,1,1,7,92020,M,"48,7980200","2,2790000",92
202000016516,20,5,4,10:35,1,2,2,1,6,92044,M,"48,8938690","2,2887620",92
202000016517,20,5,4,14:00,1,2,1,1,1,91340,M,"48,6026010","2,4100820",91
202000016518,20,5,4,15:30,1,1,1,1,2,38492,M,"44,9636740","5,6358580",38
202000016519,20,5,5,08:10,1,2,1,2,6,89395,M,"48,1775808","3,5152499",89
202000016520,20,5,4,12:45,1,1,1,1,7,51274,M,"49,0433952","4,7737728",51
202000016521,20,5,4,09:35,1,1,1,1,1,79025,M,"46,6089840"," -0,3375610",79
202000016522,20,5,5,17:15,1,1,1,1,6,47111,M,"44,3694990","0,4682920",47
202000016523,20,5,5,16:40,1,1,1,1,6,02096,M,"49,7410530","3,6382560",02
202000016524,20,5,4,20:30,1,1,3,1,3,64495,M,"43,3652970"," -1,5447270",64
202000016525,20,5,5,20:55,2,1,1,1,7,07027,M,"44,8177070","4,8054670",07
202000016526,20,1,18,04:20,3,1,1,1,7,30116,M,"43,9199090","4,5960790",30
202000016527,20,5,2,11:00,1,1,9,8,5,49041,M,"47,2882250","0,0476360",49
202000016528,20,4,3,20:15,3,2,1,1,7,97129,A,"16,3053255"," -61,6564513",971
202000016529,20,5,1,17:00,1,2,1,1,3,97801,,"18,0779630"," -63,0290510",978
202000016530,20,5,4,23:30,3,1,1,1,6,07322,M,"44,6716670","4,1996740",07
202000016531,20,5,5,03:25,5,2,6,1,7,33322,M,"44,9447500"," -0,6913400",33
202000016532,20,5,4,16:20,1,1,1,1,7,93066,M,"48,9185000","2,3576000",93
202000016533,20,5,3,15:55,1,2,2,1,6,65440,M,"43,2304000","0,0732000",65
202000016534,20,5,3,19:10,1,2,1,1,7,64024,M,"43,4925000"," -1,5174900",64
202000016535,20,5,2,11:55,1,2,9,1,6,62178,M,"50,4887300","2,5432320",62
202000016536,20,5,2,05:25,2,2,2,1,3,59009,M,"50,6435890","3,1444640",59
202000016537,20,5,3,04:40,3,1,1,2,7,42184,M,"46,0309529","4,0110971",42
202000016538,20,5,2,16:45,1,2,1,2,6,35238,M,"48,0915600"," -1,6651800",35
202000016539,20,5,3,20:20,2,2,1,1,2,13208,M,"43,2516070","5,3905330",13
202000016540,20,5,3,18:00,1,2,1,1,4,13213,M,"43,3381970","5,4162310",13
202000016541,20,5,3,19:15,1,2,3,1,3,75113,M,"48,8209240","2,3549610",75
202000016542,20,5,3,18:15,1,2,2,1,3,94068,M,"48,7981190","2,4870580",94
202000016543,20,5,3,18:15,1,2,1,1,6,94046,M,"48,8087800","2,4244900",94
202000016544,20,5,3,17:51,1,2,2,1,7,94043,M,"48,8145630","2,3607660",94
202000016545,20,5,3,16:30,1,2,3,1,3,93053,M,"48,8933000","2,4707000",93
202000016546,20,5,3,20:50,1,2,2,1,1,93048,M,"48,8596990","2,4337080",93
202000016547,20,5,3,20:30,1,2,9,1,1,93014,M,"48,9128500","2,5485400",93
202000016548,20,5,3,16:15,1,2,9,2,3,93008,M,"48,8997581","2,4489232",93
202000016549,20,3,13,09:45,1,2,6,1,6,93001,M,"48,9216800","2,3757200",93
202000016550,20,4,30,19:30,2,2,1,1,1,85158,M,"46,4603600"," -0,9883700",85
202000016551,20,5,4,14:29,1,1,1,1,2,41256,M,"47,3167450","2,0500660",41
202000016552,20,4,8,19:00,1,1,1,1,2,87148,M,"45,7230840","1,3488960",87
202000016553,20,5,3,11:00,1,2,1,1,7,77314,M,"48,8288690","3,4378890",77
202000016554,20,5,4,18:20,1,2,1,7,1,74131,M,"46,0225840","5,9252540",74
202000016555,20,5,3,14:30,1,1,1,1,7,33408,M,"44,7647000"," -0,3834880",33
202000016556,20,5,3,18:00,1,1,1,1,7,04059,M,"43,9893950","6,3858780",04
202000016557,20,1,23,16:55,1,2,2,1,1,92036,M,"48,9331500","2,2941300",92
202000016558,20,1,24,17:10,1,2,2,1,1,92025,M,"48,9256400","2,2471830",92
202000016559,20,1,24,16:00,1,2,2,1,1,92025,M,"48,9317247","2,2667242",92
202000016560,20,1,23,20:55,5,2,3,1,3,92025,M,"48,9311680","2,2726789",92
202000016561,20,1,23,22:50,5,2,9,1,2,92023,M,"48,8032000","2,2571000",92
202000016562,20,1,24,02:25,1,2,1,1,7,92012,M,"48,8351650","2,2256290",92
202000016563,20,1,24,22:00,5,2,2,1,6,92007,M,"48,7958855","2,3171412",92
202000016564,20,1,24,11:04,1,2,1,1,7,80016,M,"49,9936160","2,6572650",80
202000016565,20,1,24,23:55,5,1,3,1,1,33001,M,"44,9945200"," -0,1277900",33
202000016566,20,1,25,13:15,1,2,1,1,6,81139,M,"43,7032190","2,1376400",81
202000016567,20,1,23,07:00,1,1,1,1,1,97210,A,"14,6075360"," -60,8937410",972
202000016568,20,1,25,07:40,3,1,9,5,7,22084,M,"48,3665710"," -2,3272990",22
202000016569,20,1,24,02:49,3,1,1,3,2,34036,M,"43,6806760","3,3798330",34
202000016570,20,1,20,17:15,2,2,2,2,3,34270,M,"43,5711260","3,8131790",34
202000016571,20,1,25,01:30,3,1,1,9,6,56248,M,"47,5622800"," -2,6510950",56
202000016572,20,1,24,23:30,3,1,1,1,7,74267,M,"45,8585570","6,1382350",74
202000016573,20,1,25,12:10,1,1,1,5,1,76622,M,"49,4772150","0,6021930",76
202000016574,20,1,25,07:00,3,1,1,5,1,80187,M,"49,9656040","2,1690700",80
202000016575,20,1,25,02:40,5,2,1,8,6,80137,M,"49,9322181","2,1837580",80
202000016576,20,1,24,21:55,3,1,1,1,2,41126,M,"47,2960840","1,3150120",41
202000016577,20,1,25,03:00,5,2,1,1,6,81192,M,"43,6864414","2,8529052",81
202000016578,20,1,24,20:30,3,1,1,5,1,55181,M,"49,2114191","5,6082968",55
202000016579,20,1,24,23:50,3,1,3,5,6,49308,M,"47,3680890"," -0,4856920",49
202000016580,20,1,22,08:00,2,1,2,8,3,44183,M,"47,3875930"," -2,4355850",44
202000016581,20,1,23,15:30,1,2,6,7,3,29097,M,"48,4939314"," -4,0468605",29
202000016582,20,1,25,09:30,1,1,1,1,6,03073,M,"46,4799485","3,2962943",03
202000016583,20,1,25,10:30,1,1,1,1,6,70002,M,"47,7740000","5,9571210",70
202000016584,20,1,25,15:55,1,2,1,1,7,58083,M,"47,2537070","3,6772660",58
202000016585,20,1,25,14:20,1,2,1,9,6,50582,M,"48,7215790"," -0,9167150",50
202000016586,20,1,25,12:30,1,1,1,1,3,45030,M,"48,0865900","2,4350430",45
202000016587,20,1,25,03:45,3,1,9,1,6,64398,M,"43,3531120"," -0,0144950",64
202000016588,20,1,24,20:15,5,2,1,1,6,64405,M,"43,3486820"," -0,2597340",64
202000016589,20,1,24,21:30,3,1,1,1,6,04166,M,"43,8409190","6,1054800",04
202000016590,20,1,22,13:39,1,2,9,1,2,27116,M,"49,1891160","0,7233760",27
202000016591,20,1,25,06:28,3,1,1,1,3,37050,M,"47,3148822","0,7115439",37
202000016592,20,1,23,18:00,1,1,1,1,6,98734,P," -17,7233790"," -149,5057300",987
202000016593,20,1,25,04:46,3,1,1,1,7,01151,M,"46,0735222","5,3147409",01
202000016594,20,1,22,07:45,1,1,1,1,4,38397,M,"45,2276300","5,8267800",38
202000016595,20,1,25,09:00,1,1,1,5,5,55237,M,"49,1183210","5,5317450",55
202000016596,20,1,24,21:00,3,2,1,1,1,98729,P," -17,5331890"," -149,8386110",987
202000016597,20,1,25,19:00,4,2,1,2,6,98817,C," -22,2296000","166,5518760",988
202000016598,20,1,25,13:20,1,1,1,1,6,98821,C," -22,1370880","166,4237710",988
202000016599,20,1,24,22:40,5,2,2,1,1,97304,G,"5,1544240"," -52,6433300",973
202000016600,20,1,22,05:45,3,1,2,1,3,77274,M,"49,0330927","2,8966574",77
202000016601,20,1,24,18:00,3,1,1,5,6,78077,M,"48,6735030","1,6489680",78
202000016602,20,1,25,12:20,1,1,1,8,2,34240,M,"43,6542420","3,9854940",34
202000016603,20,1,25,07:40,2,1,1,1,2,13030,M,"43,2648630","5,7432960",13
202000016604,20,1,24,16:30,1,1,1,1,2,13015,M,"43,4184920","5,3789880",13
202000016605,20,1,25,00:40,3,1,1,1,6,38442,M,"45,3406900","5,8140500",38
202000016606,20,1,24,16:30,1,1,4,1,3,81162,M,"43,5845880","1,8102550",81
202000016607,20,1,25,12:10,1,1,1,1,6,31401,M,"43,4096190","1,5286980",31
202000016608,20,1,24,18:20,5,2,6,1,6,85178,M,"46,7705010"," -1,5058350",85
202000016609,20,1,23,10:30,1,1,1,1,4,13005,M,"43,2886800","5,5609800",13
202000016610,20,1,22,09:45,1,1,1,1,2,13001,M,"43,4848000","5,4082000",13
202000016611,20,1,24,07:30,1,1,1,1,4,83137,M,"43,1250600","5,9062500",83
202000016612,20,1,20,09:25,1,1,1,5,2,59146,M,"50,6028280","3,2150280",59
202000016613,20,1,24,18:47,3,1,1,1,3,91363,M,"48,6342500","2,2177200",91
202000016614,20,1,24,18:11,3,1,1,1,3,91339,M,"48,6240300","2,2659800",91
202000016615,20,1,24,09:40,1,1,1,1,2,91689,M,"48,7293800","2,3144000",91
202000016616,20,1,23,23:57,3,1,1,1,4,91659,M,"48,5848000","2,4536600",91
202000016617,20,1,24,08:45,5,1,1,1,3,78640,M,"48,7786110","2,2225730",78
202000016618,20,1,24,19:45,3,1,1,1,7,95582,M,"48,9628000","2,2637000",95
202000016619,20,1,17,18:15,5,2,2,1,1,92025,M,"48,9180202","2,2243452",92
202000016620,20,1,23,18:50,5,2,1,1,3,69387,M,"45,7497300","4,8543500",69
202000016621,20,1,23,16:40,1,2,1,1,6,69383,M,"45,7570000","4,8595000",69
202000016622,20,1,23,08:16,1,2,1,1,2,97209,A,"14,6038200"," -61,0611500",972
202000016623,20,1,23,09:30,1,1,1,1,4,91432,M,"48,7093840","2,3515410",91
202000016624,20,1,21,08:35,1,2,1,1,3,90010,M,"47,6531510","6,8446800",90
202000016625,20,1,23,07:47,5,2,1,1,4,87050,M,"45,9020300","1,2252200",87
202000016626,20,1,22,10:10,1,2,1,1,3,86194,M,"46,5738200","0,3709700",86
202000016627,20,1,22,15:40,1,2,1,1,3,86194,M,"46,5662000","0,3632900",86
202000016628,20,1,21,12:15,1,2,1,1,1,86194,M,"46,6111545","0,3485155",86
202000016629,20,1,10,00:05,3,2,1,1,3,84007,M,"43,9424400","4,8089100",84
202000016630,20,1,23,07:55,2,2,3,1,3,81065,M,"43,6183500","2,2701000",81
202000016631,20,1,22,19:40,5,1,1,1,7,80021,M,"49,9239105","2,3274010",80
202000016632,20,1,22,15:45,1,2,1,1,3,79191,M,"46,3194100"," -0,4500600",79
202000016633,20,1,23,11:30,1,2,3,1,2,77284,M,"48,9565600","2,9047040",77
202000016634,20,1,23,13:00,1,2,1,7,6,77037,M,"48,4759740","2,6935960",77
202000016635,20,1,22,22:45,3,2,1,1,6,67482,M,"48,5391200","7,7877000",67
202000016636,20,1,22,11:40,1,2,3,1,3,67482,M,"48,5905700","7,7446100",67
202000016637,20,1,22,20:20,3,1,1,1,2,66136,M,"42,7210800","2,9030100",66
202000016638,20,1,23,15:30,1,2,1,1,4,64348,M,"43,3264800"," -0,3886200",64
202000016639,20,1,23,06:35,5,2,6,2,2,64348,M,"43,3208800"," -0,3915900",64
202000016640,20,1,22,20:03,5,2,1,1,6,63113,M,"45,7812536","3,0908833",63
202000016641,20,1,21,20:00,5,2,1,5,3,62126,M,"50,5151737","2,6869997",62
202000016642,20,1,23,19:50,5,2,2,1,2,59599,M,"50,7379400","3,1622900",59
202000016643,20,1,22,08:40,1,2,3,8,6,54547,M,"48,6598948","6,1798471",54
202000016644,20,1,23,16:05,1,2,6,1,7,51172,M,"49,2198415","4,0406575",51
202000016645,20,1,23,14:00,1,2,1,1,3,51454,M,"49,2348006","4,0413023",51
202000016646,20,1,22,18:24,5,2,1,1,3,49007,M,"47,4619600"," -0,5291200",49
202000016647,20,1,22,16:23,1,2,1,1,6,49007,M,"47,4650500"," -0,5592700",49
202000016648,20,1,23,21:20,5,2,1,1,6,45169,M,"47,9133600","1,8086100",45
202000016649,20,1,23,09:12,1,2,1,1,6,45208,M,"48,0020210","2,7264570",45
202000016650,20,1,23,07:55,5,2,1,1,6,44184,M,"47,2923087"," -2,2894234",44
202000016651,20,1,23,07:45,5,2,1,1,-1,44162,M,"47,2038630"," -1,6229210",44
202000016652,20,1,23,06:50,5,2,1,1,1,42184,M,"46,0427518","4,0527699",42
202000016653,20,1,23,09:00,1,2,1,1,6,37233,M,"47,3910064","0,7256190",37
202000016654,20,1,23,08:10,1,2,2,1,6,37261,M,"47,4211682","0,6835396",37
202000016655,20,1,23,07:40,2,2,1,1,6,37195,M,"47,3909685","0,6680538",37
202000016656,20,1,9,23:25,5,2,2,1,3,36044,M,"46,8126548","1,6848028",36
202000016657,20,1,10,07:32,3,2,1,1,2,36044,M,"46,7873300","1,6908800",36
202000016658,20,1,10,22:41,3,1,1,1,6,36063,M,"46,8698100","1,6613300",36
202000016659,20,1,23,07:55,1,1,1,1,2,35238,M,"48,0820820"," -1,6459760",35
202000016660,20,1,23,08:10,2,2,6,1,3,35238,M,"48,0869200"," -1,6855900",35
202000016661,20,1,23,21:10,5,1,3,3,5,33281,M,"44,8321500"," -0,6741500",33
202000016662,20,1,23,20:55,5,2,2,2,1,33281,M,"44,8612200"," -0,6421500",33
202000016663,20,1,23,20:20,5,2,2,3,1,33281,M,"44,8359900"," -0,6410900",33
202000016664,20,1,23,21:00,5,2,2,2,2,33069,M,"44,8570600"," -0,5911500",33
202000016665,20,1,23,17:40,2,1,1,2,6,33167,M,"44,8441900"," -0,5124200",33
202000016666,20,1,23,08:45,1,2,3,1,1,33162,M,"44,8838300"," -0,6296700",33
202000016667,20,1,23,01:40,5,2,3,8,7,33069,M,"44,8628900"," -0,6114400",33
202000016668,20,1,6,19:18,3,1,3,1,3,30189,M,"43,8176300","4,3011700",30
202000016669,20,1,22,21:00,3,2,1,1,7,29051,M,"47,9962196"," -4,0280311",29
202000016670,20,1,23,08:20,1,2,1,1,3,29019,M,"48,3897098"," -4,5255951",29
202000016671,20,1,20,15:00,1,2,2,1,-1,27229,M,"49,0195110","1,1390590",27
202000016672,20,1,18,17:40,2,1,1,1,3,17306,M,"45,6199550"," -0,9928580",17
202000016673,20,1,22,21:00,3,1,1,1,7,17200,M,"46,1785550"," -1,1576460",17
202000016674,20,1,23,20:30,5,2,1,1,6,13206,M,"43,2886000","5,3969000",13
202000016675,20,1,23,17:00,1,2,1,1,2,13204,M,"43,3165760","5,3961807",13
202000016676,20,1,23,09:20,1,2,1,8,2,13202,M,"43,2971530","5,3716110",13
202000016677,20,1,22,15:00,1,2,2,1,2,13206,M,"43,2883300","5,3779500",13
202000016678,20,1,23,23:35,3,1,1,2,7,13047,M,"43,5134960","4,9643060",13
202000016679,20,1,22,11:35,1,2,1,1,3,13005,M,"43,2872160","5,5313430",13
202000016680,20,1,24,00:50,3,1,1,3,6,13004,M,"43,6616469","4,6415143",13
202000016681,20,1,23,07:54,2,2,1,1,4,10362,M,"48,2987500","4,0237900",10
202000016682,20,1,23,13:20,1,2,1,1,6,06069,M,"43,6566750","6,9197530",06
202000016683,20,1,23,08:05,1,2,6,1,3,06027,M,"43,6709000","7,1637500",06
202000016684,20,1,21,18:55,4,2,1,1,2,75119,M,"48,8977699","2,3937374",75
202000016685,20,1,21,19:35,5,2,1,1,2,75113,M,"48,8162498","2,3638979",75
202000016686,20,1,21,17:30,5,2,2,1,-1,75105,M,"48,8376830","2,3455220",75
202000016687,20,1,23,16:25,1,2,2,1,3,75120,M,"48,8647020","2,4041420",75
202000016688,20,1,23,22:55,5,2,1,1,6,75119,M,"48,8967203","2,3847820",75
202000016689,20,1,23,12:15,1,2,1,8,2,75119,M,"48,8814228","2,3728171",75
202000016690,20,1,23,11:15,1,2,3,1,6,75119,M,"48,8946019","2,3741293",75
202000016691,20,1,22,22:15,5,2,5,1,2,75118,M,"48,8846441","2,3296581",75
202000016692,20,1,23,22:50,5,2,2,1,3,75117,M,"48,8856840","2,3168467",75
202000016693,20,1,22,16:30,1,2,1,1,6,75115,M,"48,8432130","2,3025140",75
202000016694,20,1,21,22:30,5,2,3,1,2,75115,M,"48,8406112","2,3049795",75
202000016695,20,1,23,14:30,1,2,1,1,3,75114,M,"48,8292205","2,3065228",75
202000016696,20,1,23,10:37,1,2,2,1,3,75114,M,"48,8230431","2,3254953",75
202000016697,20,1,23,08:25,1,2,1,1,6,75114,M,"48,8226846","2,3250451",75
202000016698,20,1,22,11:05,1,2,5,1,3,75114,M,"48,8375770","2,3229271",75
202000016699,20,1,23,15:30,1,2,3,1,6,75113,M,"48,8229732","2,3778056",75
202000016700,20,1,23,11:30,1,2,1,1,3,75113,M,"48,8326832","2,3668753",75
202000016701,20,1,22,10:10,1,2,3,1,2,75112,M,"48,8431837","2,4145192",75
202000016702,20,1,23,18:25,5,2,1,1,6,75110,M,"48,8820574","2,3585537",75
202000016703,20,1,23,19:30,5,2,7,1,3,75107,M,"48,8526860","2,3030921",75
202000016704,20,1,23,07:20,1,2,1,1,1,94080,M,"48,8490110","2,4247670",94
202000016705,20,1,21,12:30,1,2,2,7,3,94068,M,"48,8094700","2,5096500",94
202000016706,20,1,23,15:30,1,2,1,1,3,94022,M,"48,7706000","2,4133700",94
202000016707,20,1,23,12:30,1,2,1,1,6,94069,M,"48,8204500","2,4199200",94
202000016708,20,1,23,17:30,5,2,1,1,6,94017,M,"48,8062900","2,5457600",94
202000016709,20,1,23,07:50,2,2,1,9,3,94044,M,"48,7570100","2,4778900",94
202000016710,20,1,16,16:35,1,2,9,1,2,93066,M,"48,9266260","2,3517592",93
202000016711,20,1,23,07:10,5,2,1,1,6,93050,M,"48,8677000","2,5333400",93
202000016712,20,1,23,13:40,1,2,9,1,6,93048,M,"48,8699635","2,4499471",93
202000016713,20,1,22,08:30,1,2,9,1,5,92078,M,"48,9232600","2,3279500",92
202000016714,20,1,21,10:20,1,2,1,1,6,92075,M,"48,8229100","2,2955160",92
202000016715,20,1,23,08:15,1,2,1,1,1,92072,M,"48,8218400","2,2052500",92
202000016716,20,1,22,09:20,1,2,2,1,3,92063,M,"48,8871775","2,1795362",92
202000016717,20,1,23,18:15,2,2,3,1,6,92062,M,"48,8784239","2,2390426",92
202000016718,20,1,23,13:35,1,2,1,1,6,92044,M,"48,8905280","2,2792783",92
202000016719,20,1,22,12:20,1,2,5,1,3,92051,M,"48,8815565","2,2713818",92
202000016720,20,1,22,16:40,1,2,2,1,3,92050,M,"48,9098290","2,2155980",92
202000016721,20,1,20,14:30,1,2,1,1,6,92025,M,"48,9295214","2,2640526",92
202000016722,20,1,23,20:30,5,2,1,1,6,92002,M,"48,7390562","2,2890912",92
202000016723,20,1,20,07:20,2,1,1,1,1,47091,M,"44,1707070","0,5814960",47
202000016724,20,1,23,17:05,1,1,9,1,3,08013,M,"49,6402710","4,9840490",08
202000016725,20,1,24,09:00,1,1,1,5,3,62256,M,"50,4783190","2,1965790",62
202000016726,20,1,24,14:20,1,1,2,1,3,01359,M,"46,0728140","5,0438400",01
202000016727,20,1,22,12:30,1,1,2,7,3,01156,M,"45,9131610","5,1185770",01
202000016728,20,1,24,15:16,1,1,1,1,1,74167,M,"45,7654950","6,3612770",74
202000016729,20,1,24,10:15,1,1,3,1,5,33001,M,"44,9945100"," -0,1277900",33
202000016730,20,1,23,12:15,1,2,1,7,2,18241,M,"47,3378190","2,8336840",18
202000016731,20,1,22,19:00,3,1,1,1,7,57629,M,"48,7738300","7,0754960",57
202000016732,20,1,23,09:00,1,2,2,1,3,62571,M,"50,4554210","1,6135040",62
202000016733,20,1,23,12:35,1,2,1,1,6,59074,M,"50,0880020","3,4352770",59
202000016734,20,1,24,11:25,1,1,1,7,6,89419,M,"47,7517320","3,2942680",89
202000016735,20,1,24,08:10,2,2,7,1,6,61168,M,"48,5897360"," -0,3573640",61
202000016736,20,1,23,18:42,3,1,1,9,1,42222,M,"45,6139620","4,3101270",42
202000016737,20,1,23,15:00,1,1,1,1,6,47252,M,"44,3877190","0,5570630",47
202000016738,20,1,23,18:45,3,1,1,2,5,47147,M,"44,6347230","0,1984080",47
202000016739,20,1,16,23:35,3,1,6,1,7,22152,M,"48,7603120"," -3,2939990",22
202000016740,20,1,24,16:50,1,1,1,1,5,31045,M,"43,0236080","0,6149610",31
202000016741,20,1,23,20:50,3,1,6,1,3,85093,M,"46,6539100"," -1,2299110",85
202000016742,20,1,24,09:20,1,1,1,7,-1,10209,M,"48,2636770","4,2486830",10
202000016743,20,1,17,07:30,1,1,3,1,3,04172,M,"43,8463370","6,1646320",04
202000016744,20,1,23,10:30,1,2,2,1,-1,27116,M,"49,1958380","0,7173890",27
202000016745,20,1,23,08:30,2,1,1,8,6,76533,M,"49,4989600","0,2736280",76
202000016746,20,1,14,18:15,3,1,2,3,3,35240,M,"48,1026160"," -1,8146610",35
202000016747,20,7,13,10:45,1,1,1,7,2,57606,M,"49,1358730","6,7009410",57
202000016748,20,7,11,17:50,1,1,1,1,2,34172,M,"43,5963730","3,9102160",34
202000016749,20,7,15,14:30,1,1,1,1,2,27701,M,"49,2486608","1,1765766",27
202000016750,20,7,14,23:10,3,1,1,2,1,45082,M,"47,8903310","2,2662360",45
202000016751,20,7,15,08:10,1,1,1,1,1,77098,M,"48,5964589","3,1044519",77
202000016752,20,7,10,16:00,1,1,3,1,2,77343,M,"49,0212660","3,0367540",77
202000016753,20,7,15,16:20,1,1,1,1,1,77107,M,"48,6609163","2,8091923",77
202000016754,20,7,15,01:40,4,1,9,1,2,91044,M,"48,6769000","2,2823880",91
202000016755,20,7,14,17:20,1,2,1,1,2,2B185,M,"42,6625710","9,3153820",2B
202000016756,20,7,15,14:45,1,1,1,1,6,2B042,M,"42,5858870","9,5064350",2B
202000016757,20,7,14,19:30,1,1,2,1,3,34162,M,"43,4821970","3,5349800",34
202000016758,20,7,15,13:55,1,1,2,1,-1,34146,M,"43,6733621","4,0837276",34
202000016759,20,7,13,10:10,1,1,1,1,7,83107,M,"43,3673100","6,6768550",83
202000016760,20,7,14,11:20,1,1,1,1,4,13034,M,"43,7339570","4,9436760",13
202000016761,20,7,14,15:45,1,1,1,1,4,68329,M,"48,0618190","7,0472150",68
202000016762,20,7,15,13:00,1,1,1,1,6,03229,M,"46,6922842","3,4272639",03
202000016763,20,7,14,22:40,3,1,1,1,3,74229,M,"46,2199150","6,3092100",74
202000016764,20,7,14,14:10,1,2,2,1,6,26129,M,"45,0778580","5,1786030",26
202000016765,20,7,14,20:00,1,1,1,1,1,07315,M,"44,6207619","4,2218105",07
202000016766,20,7,14,17:30,1,1,1,1,6,69138,M,"45,7112680","4,5351950",69
202000016767,20,7,14,00:30,3,2,1,1,6,33393,M,"44,9900400"," -0,1775400",33
202000016768,20,7,13,20:50,2,1,1,1,4,13215,M,"43,3772400","5,3579000",13
202000016769,20,7,13,09:30,1,1,1,1,3,13033,M,"43,3807500","5,2127300",13
202000016770,20,7,14,19:41,1,1,1,8,7,92002,M,"48,7605185","2,2916459",92
202000016771,20,7,14,10:50,1,1,1,1,6,78646,M,"48,7891470","2,1297480",78
202000016772,20,7,14,21:50,3,1,4,8,6,95277,M,"48,9746800","2,4898400",95
202000016773,20,7,14,06:00,2,1,1,1,6,93053,M,"48,8918200","2,4732400",93
202000016774,20,5,4,10:35,1,2,1,1,6,21166,M,"47,2950780","5,0115939",21
202000016775,20,7,13,13:10,1,2,3,1,3,98818,C," -22,2396300","166,4517000",988
202000016776,20,7,13,08:30,1,2,1,1,6,98818,C," -22,3018600","166,4352500",988
202000016777,20,7,12,18:25,3,1,9,1,3,97416,R," -21,3249900","55,4463000",974
202000016778,20,7,10,16:40,1,2,1,1,6,97416,R," -21,2991000","55,4544000",974
202000016779,20,7,13,05:55,4,2,1,1,3,97416,R," -21,3225900","55,4849800",974
202000016780,20,7,9,14:00,1,1,1,1,4,97416,R," -21,3311700","55,4653800",974
202000016781,20,7,13,03:15,3,1,1,1,4,97411,R," -20,8813613","55,4387932",974
202000016782,20,7,10,17:00,1,2,1,1,6,97407,R," -20,9570660","55,3145143",974
202000016783,20,7,13,11:10,1,2,1,1,3,97302,G,"4,9283943"," -52,2935379",973
202000016784,20,7,13,21:40,5,2,1,1,6,69259,M,"45,6908500","4,8701800",69
202000016785,20,7,13,08:35,1,2,2,1,3,69388,M,"45,7368300","4,8772400",69
202000016786,20,7,13,09:50,1,2,1,1,6,69389,M,"45,7629455","4,8017094",69
202000016787,20,7,13,17:40,1,2,9,1,4,2B033,M,"42,3800000","9,2600000",2B
202000016788,20,7,13,13:10,1,2,3,7,-1,2A004,M,"41,9353805","8,7362823",2A
202000016789,20,7,13,08:40,1,2,3,1,6,95427,M,"48,9626638","2,3336775",95
202000016790,20,7,10,18:39,1,2,3,1,3,91223,M,"48,4268200","2,1495600",91
202000016791,20,7,11,12:00,1,2,1,1,6,91223,M,"48,4357300","2,1616900",91