Num_Acc,an,mois,jour,hrmn,lum,agg,int,atm,col,com,gps,lat,long,dep
202000016792,20,7,10,18:00,1,1,1,1,5,89387,M,"48,1825100","3,3035400",89
202000016793,20,7,12,15:33,1,2,2,1,3,87085,M,"45,8519300","1,2648700",87
202000016794,20,7,11,12:05,1,1,1,1,-1,87085,M,"45,9238700","1,3024100",87
202000016795,20,7,11,06:15,2,2,2,1,6,87085,M,"45,8272100","1,2608500",87
202000016796,20,7,10,16:32,1,2,1,1,3,87085,M,"45,8708300","1,2684500",87
202000016797,20,7,10,10:49,1,2,1,1,6,84087,M,"44,1368205","4,8003280",84
202000016798,20,6,12,18:25,1,2,2,1,3,84007,M,"43,9517600","4,8254500",84
202000016799,20,7,8,05:55,2,2,1,1,3,83137,M,"43,1291800","5,9262900",83
202000016800,20,7,12,03:10,5,2,1,1,1,83009,M,"43,1363260","5,7573360",83
202000016801,20,7,13,14:10,1,2,2,1,3,82121,M,"44,0370200","1,4224400",82
202000016802,20,7,10,17:05,1,2,1,1,6,80021,M,"49,8960700","2,3036100",80
202000016803,20,7,10,08:10,1,2,1,2,6,80021,M,"49,8907900","2,3186500",80
202000016804,20,7,13,16:42,1,2,7,7,6,78123,M,"48,9487000","2,0355000",78
202000016805,20,7,11,15:45,1,1,3,1,6,77495,M,"48,5575000","2,6225000",77
202000016806,20,7,12,12:10,1,1,1,1,7,77013,M,"48,8448308","3,1049535",77
202000016807,20,7,7,19:38,1,1,1,1,2,76681,M,"49,4165900","1,1077600",76
202000016808,20,7,11,21:55,1,1,1,1,6,76540,M,"49,4481100","1,0598100",76
202000016809,20,7,11,03:05,5,2,1,1,-1,76552,M,"49,5037500","0,0808000",76
202000016810,20,7,10,20:50,1,2,1,1,2,71270,M,"46,3052726","4,8357765",71
202000016811,20,7,11,20:25,1,1,2,1,3,71105,M,"46,2901845","4,7893548",71
202000016812,20,7,13,23:25,5,2,2,1,1,69266,M,"45,7624879","4,9157609",69
202000016813,20,7,13,20:00,2,2,1,1,6,69266,M,"45,7761100","4,8648000",69
202000016814,20,7,13,16:00,1,2,2,1,1,69266,M,"45,7784100","4,8792600",69
202000016815,20,7,12,15:00,1,2,2,7,3,69282,M,"45,7794500","4,9969100",69
202000016816,20,7,12,00:10,5,2,3,1,3,67447,M,"48,6076381","7,7216592",67
202000016817,20,7,12,16:40,1,2,2,1,3,66136,M,"42,6903970","2,9101110",66
202000016818,20,7,12,06:30,1,1,1,1,6,66136,M,"42,6809400","2,8749700",66
202000016819,20,7,13,15:10,1,2,1,7,3,64335,M,"43,3168000"," -0,4273000",64
202000016820,20,7,13,21:05,2,2,1,1,1,64122,M,"43,4814200"," -1,5687900",64
202000016821,20,7,13,22:00,5,2,9,1,-1,60175,M,"49,2493600","2,4740600",60
202000016822,20,7,11,20:40,1,2,1,1,6,60159,M,"49,4044700","2,8176900",60
202000016823,20,7,11,08:45,1,2,1,1,3,59017,M,"50,6947909","2,8900618",59
202000016824,20,7,13,10:45,1,2,2,7,6,56107,M,"47,7063400"," -3,3845000",56
202000016825,20,7,11,18:40,1,2,1,1,7,56107,M,"47,7037900"," -3,3881730",56
202000016826,20,7,10,19:05,1,1,1,1,4,56036,M,"47,7753500"," -3,3654600",56
202000016827,20,7,9,07:03,2,1,1,1,6,54254,M,"49,5012000","5,8166600",54
202000016828,20,7,12,20:15,1,2,1,1,1,51454,M,"49,2387211","4,0212570",51
202000016829,20,7,10,20:00,1,2,3,1,1,51108,M,"48,9679947","4,3635950",51
202000016830,20,7,12,03:00,5,2,4,1,6,50602,M,"49,6475390"," -1,5847700",50
202000016831,20,7,10,09:45,1,2,1,2,7,49328,M,"47,2436000"," -0,0969200",49
202000016832,20,7,10,20:30,1,2,1,1,3,49007,M,"47,4891200"," -0,5192600",49
202000016833,20,7,13,17:33,1,2,1,1,4,45234,M,"47,9239243","1,9392871",45
202000016834,20,7,13,14:50,1,2,1,1,3,45302,M,"47,9596266","1,8897631",45
202000016835,20,7,13,08:30,1,2,6,1,7,45284,M,"47,9081700","1,9684600",45
202000016836,20,7,12,02:00,5,2,2,1,3,34172,M,"43,6113680","3,8287000",34
202000016837,20,7,13,07:15,1,1,1,1,5,34148,M,"43,3614300","3,1765800",34
202000016838,20,7,12,13:00,1,1,3,1,5,34003,M,"43,3034200","3,4554500",34
202000016839,20,7,14,01:40,5,2,3,1,3,33075,M,"44,8881400"," -0,6104200",33
202000016840,20,7,13,06:55,1,2,6,7,3,33281,M,"44,8561610"," -0,6438900",33
202000016841,20,7,13,08:35,1,2,3,1,3,33162,M,"44,8630200"," -0,6396500",33
202000016842,20,7,11,22:20,5,2,1,1,6,31555,M,"43,5843700","1,4477700",31
202000016843,20,7,10,18:00,1,2,1,1,6,31555,M,"43,5940100","1,4531100",31
202000016844,20,7,10,16:30,1,2,1,1,3,31555,M,"43,6361300","1,4640700",31
202000016845,20,7,13,14:35,1,2,1,1,6,30189,M,"43,8375200","4,3280600",30
202000016846,20,7,11,22:20,5,2,1,1,2,30189,M,"43,8354100","4,3583400",30
202000016847,20,7,9,15:43,1,2,1,1,6,22106,M,"48,4909800"," -2,6994800",22
202000016848,20,7,13,15:37,1,2,2,1,3,17274,M,"46,1530400"," -1,0865600",17
202000016849,20,7,13,20:40,1,2,4,1,3,14118,M,"49,1896700"," -0,3592600",14
202000016850,20,7,13,20:50,1,2,1,1,1,13214,M,"43,3319200","5,3881800",13
202000016851,20,7,13,14:40,1,2,1,1,6,13212,M,"43,3032000","5,4282000",13
202000016852,20,7,13,00:15,5,2,6,1,3,13210,M,"43,2725880","5,4210000",13
202000016853,20,7,12,14:05,1,2,3,1,3,12145,M,"44,1032900","3,0848200",12
202000016854,20,7,13,20:11,1,2,1,1,3,10387,M,"48,3067600","4,0482600",10
202000016855,20,7,11,18:42,1,2,2,1,3,10387,M,"48,3066260","4,0648660",10
202000016856,20,7,13,10:50,1,2,9,8,3,06088,M,"43,7008300","7,2868300",06
202000016857,20,2,13,10:50,1,2,2,8,3,06088,M,"43,7008300","7,2868300",06
202000016858,20,7,10,22:10,5,2,1,1,3,06027,M,"43,6654100","7,1704300",06
202000016859,20,7,11,07:25,1,2,3,1,3,04070,M,"44,0705800","6,2054700",04
202000016860,20,7,11,21:10,2,2,1,1,-1,75116,M,"48,8697840","2,2716840",75
202000016861,20,7,13,10:00,1,2,2,1,2,75120,M,"48,8518580","2,4013710",75
202000016862,20,7,13,15:00,1,2,3,1,6,75116,M,"48,8505340","2,2602780",75
202000016863,20,7,12,23:39,5,2,1,1,7,75116,M,"48,8480170","2,2473120",75
202000016864,20,7,12,12:30,1,2,1,1,3,75115,M,"48,8400890","2,3154620",75
202000016865,20,7,13,10:00,1,2,4,1,2,75105,M,"48,8423220","2,3635420",75
202000016866,20,7,13,19:55,1,2,1,1,3,75112,M,"48,8441260","2,3689070",75
202000016867,20,7,13,16:00,1,2,7,1,3,75112,M,"48,8397940","2,3956060",75
202000016868,20,7,13,19:33,1,2,2,1,2,75107,M,"48,8622940","2,3019610",75
202000016869,20,7,13,13:10,1,2,1,1,6,75107,M,"48,8631270","2,3137240",75
202000016870,20,7,13,02:30,5,2,2,1,7,75103,M,"48,8628830","2,3625580",75
202000016871,20,7,13,20:00,1,2,2,1,3,75104,M,"48,8533190","2,3578170",75
202000016872,20,7,13,19:25,1,2,3,1,3,94081,M,"48,7816280","2,3727060",94
202000016873,20,7,11,02:50,5,2,3,1,-1,94081,M,"48,7783180","2,3967370",94
202000016874,20,7,13,10:00,1,2,1,7,3,94080,M,"48,8480700","2,4399700",94
202000016875,20,7,13,17:20,1,2,3,1,3,94037,M,"48,8164790","2,3386610",94
202000016876,20,7,11,06:05,1,2,1,1,-1,94022,M,"48,7605010","2,4124020",94
202000016877,20,7,13,22:25,5,2,1,1,3,93064,M,"48,8750649","2,4692871",93
202000016878,20,7,13,12:00,1,2,1,1,2,93046,M,"48,9146500","2,5274600",93
202000016879,20,7,12,10:20,1,2,1,1,6,93074,M,"48,9319100","2,5759700",93
202000016880,20,7,12,23:10,5,2,4,1,3,93031,M,"48,9597000","2,3051600",93
202000016881,20,7,13,11:55,1,2,6,1,2,92050,M,"48,8872233","2,2007051",92
202000016882,20,7,13,17:50,1,2,1,1,3,92044,M,"48,8929209","2,3002195",92
202000016883,20,7,13,18:25,1,2,3,1,2,92025,M,"48,9099947","2,2334026",92
202000016884,20,7,13,04:03,5,2,1,1,6,92012,M,"48,8445600","2,2352700",92
202000016885,20,7,13,13:50,2,2,1,1,6,92009,M,"48,9155047","2,2713831",92
202000016886,20,7,10,07:50,2,2,3,1,3,92004,M,"48,9174420","2,3198969",92
202000016887,20,7,13,20:30,1,1,1,1,6,49244,M,"47,3011880"," -0,9857390",49
202000016888,20,7,14,09:30,1,1,3,1,1,24165,M,"45,0927850","0,1075570",24
202000016889,20,7,13,21:40,5,2,9,1,7,97353,G,"3,6442841"," -54,0330690",973
202000016890,20,7,14,09:45,1,1,3,1,3,49092,M,"47,2104490"," -0,6889072",49
202000016891,20,7,13,14:20,1,2,2,1,2,49192,M,"47,0125590"," -0,7412610",49
202000016892,20,7,13,17:00,1,2,4,1,3,74238,M,"46,2300640","6,6581470",74
202000016893,20,7,14,12:30,1,1,3,1,3,81139,M,"43,6894040","2,1473010",81
202000016894,20,7,14,08:00,1,2,1,1,6,63326,M,"45,7160144","2,8633693",63
202000016895,20,7,13,13:10,1,1,1,1,3,63108,M,"45,9526160","3,1666005",63
202000016896,20,7,13,21:40,1,1,1,1,6,28403,M,"48,3950670","1,4756230",28
202000016897,20,7,14,11:05,1,1,1,1,2,71384,M,"46,6928850","4,8427900",71
202000016898,20,7,13,18:10,1,1,2,7,3,51544,M,"49,2463978","4,5602391",51
202000016899,20,7,14,16:45,1,1,1,1,5,79136,M,"46,1726980"," -0,0016740",79
202000016900,20,7,13,18:30,5,2,1,1,6,97413,R," -21,1695010","55,2880420",974
202000016901,20,7,13,14:15,1,2,2,1,3,56234,M,"47,5293720"," -3,1342900",56
202000016902,20,7,13,12:02,1,1,1,1,7,59130,M,"50,8839490","2,2385070",59
202000016903,20,7,13,09:20,1,2,1,1,3,74256,M,"45,9364210","6,6467380",74
202000016904,20,7,8,10:30,1,1,9,1,7,74259,M,"46,0845060","6,1657980",74
202000016905,20,7,14,17:54,1,1,1,8,7,77137,M,"48,7226663","3,2935501",77
202000016906,20,7,14,11:32,1,2,1,2,7,76655,M,"49,8702760","0,7084790",76
202000016907,20,7,14,07:10,1,2,9,1,3,2B346,M,"42,5004410","9,4658960",2B
202000016908,20,7,14,01:20,3,2,1,1,6,2B305,M,"42,7262070","9,4584920",2B
202000016909,20,7,14,13:24,1,2,1,8,6,80507,M,"49,8526460","2,5819640",80
202000016910,20,7,14,07:45,1,1,1,1,6,65409,M,"43,3865830","0,1231620",65
202000016911,20,7,13,20:45,2,1,4,1,6,81124,M,"43,6821961","2,7355405",81
202000016912,20,7,8,19:50,1,1,1,1,7,32252,M,"43,4583160","0,3192960",32
202000016913,20,7,13,18:40,2,1,1,1,7,12299,M,"44,1006070","2,6997080",12
202000016914,20,7,14,03:15,3,1,1,1,6,68222,M,"47,5481460","7,4163830",68
202000016915,20,7,14,12:35,1,1,1,1,7,39576,M,"46,6134760","5,4365770",39
202000016916,20,7,14,15:20,1,1,3,1,3,44133,M,"47,1342280"," -1,7666530",44
202000016917,20,7,12,16:05,1,1,1,1,6,44015,M,"47,4797260"," -1,7152080",44
202000016918,20,7,13,04:50,3,1,1,1,2,44115,M,"47,3599320"," -1,3071640",44
202000016919,20,7,13,15:30,1,1,6,1,3,29037,M,"47,9092770"," -4,1930220",29
202000016920,20,7,13,09:25,1,1,9,1,3,38189,M,"45,6395100","5,0474000",38
202000016921,20,7,13,19:00,1,1,1,1,3,02681,M,"49,8134980","3,8443570",02
202000016922,20,7,14,17:50,1,1,1,8,2,02345,M,"49,7304710","3,2751920",02
202000016923,20,7,13,08:45,1,1,1,1,7,03292,M,"46,4399643","3,0966538",03
202000016924,20,7,13,21:00,1,1,1,1,7,70454,M,"47,8375920","5,8136720",70
202000016925,20,7,14,16:44,1,1,1,1,7,72080,M,"48,1560090","0,6678490",72
202000016926,20,7,11,15:05,1,1,1,7,6,06077,M,"43,9317420","7,3179320",06
202000016927,20,7,7,17:55,1,2,9,1,3,06148,M,"43,7104940","7,0538560",06
202000016928,20,7,14,15:10,1,1,1,1,6,14431,M,"49,0780480"," -0,0490090",14
202000016929,20,7,13,14:30,1,1,3,1,3,14735,M,"49,0340170"," -0,0651400",14
202000016930,20,7,12,16:40,1,1,2,1,5,14578,M,"49,3554160","0,1708360",14
202000016931,20,7,13,16:55,1,1,3,1,1,50304,M,"48,9489710"," -1,3906930",50
202000016932,20,7,14,05:50,2,2,1,2,6,50562,M,"49,5881140"," -1,2675150",50
202000016933,20,7,13,14:45,1,1,1,1,3,83025,M,"43,5259620","5,9614990",83
202000016934,20,7,13,08:48,1,1,1,1,6,60017,M,"49,5766610","2,3925300",60
202000016935,20,7,14,18:15,1,2,1,1,6,73282,M,"45,5006421","5,8433119",73
202000016936,20,2,24,19:00,5,2,1,1,6,69388,M,"45,7252491","4,8706666",69
202000016937,20,2,24,16:40,1,2,2,1,6,69383,M,"45,7604700","4,8488400",69
202000016938,20,2,24,18:00,1,2,2,1,2,69259,M,"45,7020000","4,8917000",69
202000016939,20,2,24,13:40,1,2,3,1,2,69276,M,"45,6725100","4,8484100",69
202000016940,20,2,24,13:50,1,2,1,1,6,69383,M,"45,7554000","4,8620200",69
202000016941,20,2,24,12:30,1,2,2,1,5,69259,M,"45,7194000","4,8592000",69
202000016942,20,2,23,23:30,3,1,1,1,6,97209,A,"14,6145800"," -61,0627700",972
202000016943,20,1,1,08:48,1,2,1,1,6,97209,A,"14,6095156"," -61,0545498",972
202000016944,20,2,24,16:45,1,2,3,1,3,69034,M,"45,7921400","4,8242500",69
202000016945,20,2,24,17:25,1,2,1,1,6,69381,M,"45,7683800","4,8155000",69
202000016946,20,2,23,03:30,5,2,1,1,7,69202,M,"45,7403200","4,8050700",69
202000016947,20,1,29,18:15,5,2,3,1,3,69149,M,"45,7179500","4,8100300",69
202000016948,20,2,24,19:15,2,2,6,1,3,2A004,M,"41,9499550","8,7715580",2A
202000016949,20,2,24,17:00,1,2,1,1,6,95018,M,"48,9557200","2,2415000",95
202000016950,20,2,24,09:35,1,2,3,1,2,91339,M,"48,6170000","2,2569800",91
202000016951,20,2,22,00:45,3,2,1,1,2,91552,M,"48,6121600","2,2539500",91
202000016952,20,2,24,08:52,1,2,6,1,3,90032,M,"47,6182420","6,8518780",90
202000016953,20,2,21,07:35,2,2,3,1,3,87085,M,"45,8424300","1,2719400",87
202000016954,20,2,22,20:24,5,2,2,1,6,87085,M,"45,8324800","1,2646200",87
202000016955,20,2,21,22:15,5,2,2,1,-1,87085,M,"45,8317900","1,2624600",87
202000016956,20,2,24,17:26,1,2,1,1,2,86041,M,"46,6087900","0,3635400",86
202000016957,20,2,22,21:27,3,1,1,1,2,86157,M,"46,5632348","0,4113168",86
202000016958,20,2,21,08:10,2,2,9,1,3,79191,M,"46,3364400"," -0,4508200",79
202000016959,20,2,21,17:50,1,2,1,1,3,78362,M,"48,9778000","1,7238100",78
202000016960,20,2,22,17:50,3,1,1,2,-1,77053,M,"48,6912406","2,6072020",77
202000016961,20,2,23,08:00,1,2,1,1,6,77449,M,"48,8593000","2,7951700",77
202000016962,20,2,23,08:09,2,2,1,2,6,76351,M,"49,5306300","0,0965700",76
202000016963,20,2,24,11:05,1,2,2,1,3,69256,M,"45,7674400","4,9342500",69
202000016964,20,2,21,22:30,5,2,3,1,3,69091,M,"45,5872400","4,7712800",69
202000016965,20,2,22,11:30,1,2,1,1,4,67482,M,"48,5532166","7,7467913",67
202000016966,20,2,23,19:35,5,2,1,1,4,66136,M,"42,6811000","2,9106000",66
202000016967,20,2,21,17:50,1,2,1,1,6,66136,M,"42,6980600","2,8867300",66
202000016968,20,2,22,14:20,1,2,1,1,6,66136,M,"42,6992200","2,8885300",66
202000016969,20,2,24,07:45,1,2,4,5,3,64445,M,"43,3248300"," -0,3574500",64
202000016970,20,2,21,11:45,1,2,9,1,6,64348,M,"43,3346300"," -0,3932600",64
202000016971,20,2,13,17:00,1,2,3,8,6,62895,M,"50,4945040","2,8588590",62
202000016972,20,2,21,13:00,1,2,1,1,6,59028,M,"50,4125100","3,0508900",59
202000016973,20,2,21,17:30,1,1,1,1,4,56036,M,"47,7881200"," -3,3275400",56
202000016974,20,2,22,19:27,1,2,1,1,6,54395,M,"48,6900250","6,1717636",54
202000016975,20,2,22,21:35,5,2,2,1,3,54304,M,"48,6793653","6,1426717",54
202000016976,20,2,23,20:20,5,2,3,2,3,54395,M,"48,6988141","6,1877865",54
202000016977,20,2,22,08:44,1,2,1,1,6,54257,M,"48,6527000","6,1919000",54
202000016978,20,2,20,18:50,2,2,2,1,6,54395,M,"48,6972633","6,1704379",54
202000016979,20,2,18,12:15,1,2,1,1,6,54395,M,"48,6919732","6,1782841",54
202000016980,20,2,21,19:10,1,2,2,1,3,54382,M,"49,5513000","5,7855960",54
202000016981,20,2,22,13:55,1,2,1,1,-1,50129,M,"49,6384400"," -1,6106800",50
202000016982,20,1,28,19:00,2,2,1,1,7,44184,M,"47,2742000"," -2,2024000",44
202000016983,20,2,24,07:30,1,2,1,2,6,44162,M,"47,2272400"," -1,6348400",44
202000016984,20,2,24,16:55,1,2,9,7,6,42071,M,"46,0287900","4,0842800",42
202000016985,20,2,24,16:52,1,2,1,1,3,37122,M,"47,3570444","0,6530718",37
202000016986,20,2,24,07:30,2,1,1,8,2,35238,M,"48,0815760"," -1,6766960",35
202000016987,20,2,24,08:30,1,2,1,1,4,34172,M,"43,6284300","3,8410500",34
202000016988,20,2,7,17:20,1,2,3,1,1,33063,M,"44,8555900"," -0,6150700",33
202000016989,20,2,4,12:20,1,2,1,1,1,33063,M,"44,8241800"," -0,5873200",33
202000016990,20,2,24,04:00,4,2,1,1,6,33281,M,"44,8271500"," -0,6172000",33
202000016991,20,2,18,15:10,1,2,1,1,6,33063,M,"44,8581100"," -0,5581000",33
202000016992,20,2,24,18:35,5,2,6,1,3,33529,M,"44,6267200"," -1,1415500",33
202000016993,20,2,23,17:15,1,2,1,1,2,31555,M,"43,5482800","1,3998100",31
202000016994,20,2,22,12:39,1,2,1,1,2,31555,M,"43,6106500","1,4361700",31
202000016995,20,2,9,19:40,5,2,6,1,6,29019,M,"48,3816500"," -4,5269300",29
202000016996,20,2,22,08:30,1,2,3,1,1,22278,M,"48,5067400"," -2,7689400",22
202000016997,20,2,3,14:30,1,2,1,1,7,22278,M,"48,5174666"," -2,7706254",22
202000016998,20,2,21,18:20,2,2,2,1,3,19031,M,"45,1622690","1,5267270",19
202000016999,20,2,21,16:40,1,2,1,1,4,18033,M,"47,0714570","2,4361890",18
202000017000,20,2,18,18:52,5,2,2,1,3,15014,M,"44,9122600","2,4368200",15
202000017001,20,2,24,13:10,1,2,1,1,6,14557,M,"49,3387400","0,0918400",14
202000017002,20,2,23,04:30,3,1,1,1,7,13103,M,"43,6507510","5,0908770",13
202000017003,20,2,24,16:20,1,2,1,1,1,13214,M,"43,3208000","5,3901000",13
202000017004,20,2,24,22:35,3,2,1,1,6,13098,M,"43,4497769","5,0165263",13
202000017005,20,2,24,08:05,1,2,2,1,1,12202,M,"44,3484500","2,5666400",12
202000017006,20,2,20,17:05,1,2,3,1,3,11262,M,"43,1632200","2,9849100",11
202000017007,20,2,7,10:55,1,1,3,1,6,11069,M,"43,1899120","2,3986290",11
202000017008,20,2,24,08:05,1,1,1,1,7,09225,M,"43,1316900","1,6664500",09
202000017009,20,2,21,19:25,5,2,4,1,2,05061,M,"44,5464547","6,0646468",05
202000017010,20,2,22,11:30,1,2,1,1,2,05061,M,"44,5664304","6,0947460",05
202000017011,20,2,21,19:00,3,1,1,1,1,05061,M,"44,5481200","6,0376600",05
202000017012,20,2,24,04:40,3,2,1,2,7,75117,M,"48,8789070","2,2801710",75
202000017013,20,2,23,07:20,2,2,2,1,3,75117,M,"48,8763230","2,2872530",75
202000017014,20,2,22,16:15,1,2,1,1,3,75118,M,"48,9010490","2,3591690",75
202000017015,20,2,23,21:15,5,2,7,2,3,75119,M,"48,9009420","2,3873730",75
202000017016,20,2,24,17:20,1,2,3,1,6,75118,M,"48,8838030","2,3470400",75
202000017017,20,2,24,15:45,1,2,1,1,3,75116,M,"48,8588590","2,2861600",75
202000017018,20,2,24,10:55,1,2,7,1,3,75116,M,"48,8646920","2,2941430",75
202000017019,20,2,23,12:40,1,2,1,1,6,75116,M,"48,8377210","2,2528420",75
202000017020,20,2,24,07:25,2,2,3,1,6,75116,M,"48,8480630","2,2636810",75
202000017021,20,2,23,16:40,1,2,7,8,2,75115,M,"48,8402260","2,2719900",75
202000017022,20,2,24,19:05,5,2,3,1,3,75113,M,"48,8191780","2,3528780",75
202000017023,20,2,23,15:30,1,2,1,1,6,75112,M,"48,8491640","2,3705540",75
202000017024,20,2,24,19:08,2,2,1,1,6,75111,M,"48,8645630","2,3687790",75
202000017025,20,2,24,19:50,5,2,1,1,-1,75111,M,"48,8545440","2,3855950",75
202000017026,20,2,24,15:55,1,2,2,8,5,75111,M,"48,8651880","2,3677320",75
202000017027,20,2,24,13:45,1,2,2,8,6,75111,M,"48,8603070","2,3786620",75
202000017028,20,2,24,18:00,1,2,7,1,6,75101,M,"48,8611850","2,3338380",75
202000017029,20,2,23,21:20,3,2,1,2,4,94078,M,"48,7586740","2,4432930",94
202000017030,20,2,24,04:30,1,2,2,2,7,94016,M,"48,7961880","2,3289730",94
202000017031,20,2,23,03:05,5,2,1,1,7,94028,M,"48,7814700","2,4373400",94
202000017032,20,2,24,00:45,5,2,1,8,6,94017,M,"48,8178500","2,5116600",94
202000017033,20,2,23,20:05,5,2,3,2,3,94071,M,"48,7756000","2,5111500",94
202000017034,20,2,24,15:00,1,1,1,1,7,93073,M,"48,9826389","2,5551107",93
202000017035,20,2,24,09:20,1,1,1,8,7,93073,M,"49,0034240","2,5368129",93
202000017036,20,2,24,05:50,5,2,1,2,3,93051,M,"48,8372300","2,5477000",93
202000017037,20,2,23,21:45,5,2,2,2,3,93051,M,"48,8467900","2,5586000",93
202000017038,20,2,24,18:15,2,2,9,1,6,93010,M,"48,9006000","2,4796000",93
202000017039,20,2,24,17:19,1,2,2,1,3,93008,M,"48,9126700","2,4685900",93
202000017040,20,2,24,07:45,2,2,1,1,3,92062,M,"48,8737900","2,2363700",92
202000017041,20,2,23,05:15,5,2,1,1,7,92050,M,"48,8938030","2,1887310",92
202000017042,20,2,24,09:30,1,2,1,1,2,92004,M,"48,9115800","2,2999600",92
202000017043,20,2,25,07:45,1,2,2,1,6,63396,M,"45,6640080","3,0918570",63
202000017044,20,2,25,11:40,1,1,1,2,1,60646,M,"49,4702017","2,0782239",60
202000017045,20,2,24,17:00,1,1,1,1,7,87002,M,"45,9397500","1,4148120",87
202000017046,20,2,22,09:52,1,2,1,7,2,43040,M,"45,3009360","3,3795430",43
202000017047,20,2,24,17:25,1,1,2,7,3,64450,M,"43,4789740"," -0,5514620",64
202000017048,20,2,25,08:50,1,1,4,1,3,91363,M,"48,6468700","2,1950530",91
202000017049,20,2,24,16:40,1,2,1,7,3,58086,M,"47,4117460","2,9271380",58
202000017050,20,2,24,11:40,1,2,1,1,6,80318,M,"50,0152200","2,0806320",80
202000017051,20,2,24,11:30,1,2,3,1,3,68126,M,"47,5580450","7,5345020",68
202000017052,20,2,25,16:10,1,2,3,2,3,44015,M,"47,4840110"," -1,7580700",44
202000017053,20,2,24,19:20,5,2,2,1,6,03082,M,"46,2999059","2,7339720",03
202000017054,20,2,22,10:48,1,1,1,1,2,05074,M,"44,4712260","6,0726610",05
202000017055,20,2,25,16:40,1,2,1,3,6,64405,M,"43,3405590"," -0,2757310",64
202000017056,20,2,24,17:10,1,2,4,1,6,73058,M,"45,5317368","5,7434900",73
202000017057,20,2,23,15:15,1,1,1,1,6,18210,M,"47,2362020","1,9328000",18
202000017058,20,2,24,09:45,1,1,1,1,2,27017,M,"48,9924020","1,1560750",27
202000017059,20,2,24,07:20,1,2,3,1,3,34320,M,"43,6745650","3,7194190",34
202000017060,20,2,24,16:30,1,1,4,1,5,33122,M,"44,7629700"," -0,6892300",33
202000017061,20,2,25,14:10,1,2,1,1,6,74081,M,"46,0678270","6,5714870",74
202000017062,20,2,25,06:28,5,1,1,1,7,06088,M,"43,6689350","7,1997360",06
202000017063,20,2,24,11:30,1,2,2,1,3,98712,P," -17,5281610"," -149,5384740",987
202000017064,20,2,24,14:10,1,1,1,1,6,34202,M,"43,5858470","3,7900470",34
202000017065,20,2,25,12:00,1,1,1,1,1,97701,,"17,8999330"," -62,8270340",977
202000017066,20,2,25,14:30,1,1,3,1,3,77277,M,"48,7128254","2,8695457",77
202000017067,20,2,24,23:30,3,1,1,1,6,34145,M,"43,6558220","4,1369430",34
202000017068,20,2,24,17:00,1,1,1,1,6,83133,M,"43,5737970","6,8058760",83
202000017069,20,2,21,21:37,3,1,1,1,2,25043,M,"47,4845980","6,7713760",25
202000017070,20,2,23,17:30,1,1,1,8,6,88135,M,"48,1374970","6,6322550",88
202000017071,20,2,25,08:20,1,1,1,2,1,17021,M,"45,7577370"," -1,1236260",17
202000017072,20,2,24,10:15,1,2,1,1,3,59571,M,"50,1852320","3,4973480",59
202000017073,20,2,18,09:05,1,1,1,1,2,59009,M,"50,6515980","3,1347360",59
202000017074,20,2,7,14:45,1,1,1,1,2,59585,M,"50,5619420","3,0697380",59
202000017075,20,2,24,11:50,1,1,1,1,3,94017,M,"48,8271791","2,5086857",94
202000017076,20,2,24,08:30,1,1,1,1,3,94042,M,"48,8278114","2,4717616",94
202000017077,20,2,24,07:30,1,1,1,1,2,94018,M,"48,8174510","2,4185959",94
202000017078,20,2,18,12:30,1,2,3,1,3,98818,C," -22,2420200","166,4574300",988
202000017079,20,2,24,22:50,5,2,1,1,7,69386,M,"45,7648000","4,8427000",69
202000017080,20,2,23,16:55,1,2,3,1,3,69386,M,"45,7746000","4,8485000",69
202000017081,20,2,23,16:00,1,1,1,1,4,97209,A,"14,6163900"," -61,0714700",972
202000017082,20,2,23,13:15,1,2,1,1,6,69286,M,"45,8133000","4,8913100",69
202000017083,20,2,22,18:45,5,2,1,1,3,97101,A,"16,2540500"," -61,5230600",971
202000017084,20,2,23,17:10,1,2,1,1,3,91377,M,"48,7267000","2,2783000",91
202000017085,20,2,23,09:45,1,2,2,1,3,91174,M,"48,6136200","2,4605700",91
202000017086,20,2,13,07:50,5,2,1,3,6,76259,M,"49,7576500","0,3813500",76
202000017087,20,2,23,15:00,1,2,1,1,4,74012,M,"46,1932500","6,2553700",74
202000017088,20,2,23,14:30,1,2,1,1,5,74118,M,"46,1663300","6,1895300",74
202000017089,20,2,9,09:10,1,2,3,7,6,73008,M,"45,7042044","5,8986537",73
202000017090,20,2,22,11:43,1,2,1,1,6,65286,M,"43,0935030"," -0,0453830",65
202000017091,20,2,23,16:40,1,2,3,1,2,64445,M,"43,3102000"," -0,3598000",64
202000017092,20,2,23,03:50,5,2,1,1,6,64445,M,"43,3327200"," -0,3591800",64
202000017093,20,2,20,17:05,1,1,1,1,2,47323,M,"44,4067600","0,7405200",47
202000017094,20,2,23,18:39,2,2,6,1,6,45234,M,"47,9068000","1,9040000",45
202000017095,20,2,22,12:00,1,2,1,1,6,45232,M,"47,8450700","1,9162800",45
202000017096,20,2,22,11:28,1,2,2,1,3,45208,M,"47,9921030","2,7321740",45
202000017097,20,2,23,02:37,5,2,1,1,6,42187,M,"46,0317714","4,0695753",42