Num_Acc,an,mois,jour,hrmn,lum,agg,int,atm,col,com,gps,lat,long,dep
202000017098,20,2,23,16:41,1,2,3,1,3,37261,M,"47,3823214","0,7047348",37
202000017099,20,2,23,20:00,3,1,1,1,4,35238,M,"48,1336800"," -1,7068500",35
202000017100,20,2,22,10:40,1,2,3,1,6,33318,M,"44,7996900"," -0,6686500",33
202000017101,20,2,23,04:36,5,2,1,1,7,33009,M,"44,6503800"," -1,1863300",33
202000017102,20,2,23,16:48,1,1,1,1,2,32013,M,"43,6233400","0,5878900",32
202000017103,20,2,23,22:35,5,2,1,1,6,25056,M,"47,2192000","5,9476800",25
202000017104,20,2,23,01:55,5,2,1,1,7,17300,M,"46,1588760"," -1,1219590",17
202000017105,20,2,19,18:00,2,2,1,2,6,15014,M,"44,9201431","2,4282079",15
202000017106,20,2,23,23:45,5,2,1,1,2,13209,M,"43,2731500","5,4083100",13
202000017107,20,2,23,12:45,1,2,2,1,3,13202,M,"43,3030980","5,3666150",13
202000017108,20,2,23,10:10,1,2,3,1,6,13204,M,"43,3017900","5,3974800",13
202000017109,20,2,23,08:30,1,2,1,1,3,13208,M,"43,2472378","5,3739772",13
202000017110,20,2,23,17:45,2,2,1,1,6,06088,M,"43,7031000","7,2661000",06
202000017111,20,2,22,11:55,1,2,4,1,3,75120,M,"48,8561880","2,4138540",75
202000017112,20,2,21,11:10,1,2,4,1,2,75112,M,"48,8304670","2,4022840",75
202000017113,20,2,23,20:20,5,2,2,2,3,75118,M,"48,8970940","2,3592170",75
202000017114,20,2,22,23:05,5,2,2,1,6,75118,M,"48,8883550","2,3495930",75
202000017115,20,2,22,20:45,5,2,1,1,3,75114,M,"48,8336340","2,3287420",75
202000017116,20,2,22,23:35,5,2,2,1,3,75113,M,"48,8188860","2,3595650",75
202000017117,20,2,23,19:30,5,2,1,2,1,75112,M,"48,8290300","2,4198020",75
202000017118,20,2,23,18:02,5,2,1,1,6,75110,M,"48,8708150","2,3660850",75
202000017119,20,2,23,07:17,2,2,2,1,2,75110,M,"48,8737720","2,3583130",75
202000017120,20,2,21,21:50,5,2,1,1,3,75109,M,"48,8761240","2,3439670",75
202000017121,20,2,23,02:30,5,2,2,1,3,75103,M,"48,8619750","2,3501580",75
202000017122,20,2,22,23:50,5,2,1,1,4,94078,M,"48,7238300","2,4444200",94
202000017123,20,2,23,02:30,5,2,3,1,6,93078,M,"48,9561100","2,5403900",93
202000017124,20,2,23,05:30,5,2,1,1,-1,93001,M,"48,9095010","2,3960530",93
202000017125,20,2,23,01:18,5,2,5,1,1,93001,M,"48,9086000","2,3780000",93
202000017126,20,2,21,20:00,3,1,1,1,3,97415,R," -21,0194970","55,2504370",974
202000017127,20,9,10,08:45,1,1,1,1,5,77186,M,"48,4169890","2,6090610",77
202000017128,20,9,10,07:30,1,1,4,1,6,76351,M,"49,5031200","0,1933500",76
202000017129,20,9,9,18:20,1,1,1,1,1,76481,M,"49,5589100","0,1412100",76
202000017130,20,9,9,16:50,1,1,1,1,6,76351,M,"49,5244900","0,1618200",76
202000017131,20,9,11,14:10,1,2,1,1,3,72181,M,"48,0148000","0,1756300",72
202000017132,20,9,9,17:50,1,2,4,1,3,71270,M,"46,3018465","4,8196159",71
202000017133,20,9,9,16:05,1,2,1,1,1,71105,M,"46,2918221","4,7844131",71
202000017134,20,9,11,17:50,1,2,7,1,3,71153,M,"46,8060521","4,4169949",71
202000017135,20,9,11,15:50,1,2,2,1,3,69256,M,"45,7780300","4,9174700",69
202000017136,20,9,11,07:50,2,2,2,1,6,69029,M,"45,7483900","4,9176900",69
202000017137,20,9,10,22:20,5,2,3,1,6,67482,M,"48,5721400","7,7142000",67
202000017138,20,9,10,20:44,5,2,3,1,3,67482,M,"48,5688470","7,7625780",67
202000017139,20,9,10,13:10,1,2,3,1,2,67482,M,"48,5796800","7,7157700",67
202000017140,20,9,11,17:55,1,2,1,1,3,65440,M,"43,2334500","0,0599100",65
202000017141,20,9,11,08:55,1,1,1,1,2,65226,M,"43,2406880","0,0154560",65
202000017142,20,9,11,23:25,5,2,1,1,7,64445,M,"43,3196700"," -0,3493100",64
202000017143,20,9,11,16:35,1,2,1,1,2,64445,M,"43,3110400"," -0,3631300",64
202000017144,20,9,9,08:30,1,2,1,1,3,64122,M,"43,4679800"," -1,5396800",64
202000017145,20,9,11,10:10,1,2,1,1,7,64102,M,"43,4967300"," -1,4833200",64
202000017146,20,9,11,09:20,1,2,1,1,3,64102,M,"43,5012700"," -1,4820300",64
202000017147,20,9,11,22:30,3,1,1,1,7,62400,M,"50,4855350","2,5943340",62
202000017148,20,9,10,20:00,1,2,9,1,3,59324,M,"50,2960200","4,1019500",59
202000017149,20,9,11,22:20,5,2,2,1,3,59350,M,"50,6217919","3,0456879",59
202000017150,20,9,10,16:20,1,2,1,1,6,57336,M,"49,1602172","6,7425949",57
202000017151,20,9,11,10:00,1,2,6,7,3,56260,M,"47,6560600"," -2,7916800",56
202000017152,20,9,11,11:20,1,2,2,1,3,54395,M,"48,6761739","6,1628070",54
202000017153,20,9,9,22:15,5,2,1,1,1,54395,M,"48,7064600","6,1768400",54
202000017154,20,9,10,13:10,1,2,1,1,-1,51454,M,"49,2526096","4,0369001",51
202000017155,20,9,10,17:10,1,2,1,1,3,49328,M,"47,2579900"," -0,0804000",49
202000017156,20,9,11,12:25,1,1,5,1,3,47323,M,"44,3900000","0,7177000",47
202000017157,20,9,10,09:00,1,1,1,1,3,47323,M,"44,4020000","0,7396500",47
202000017158,20,9,10,17:40,1,1,1,1,5,45004,M,"47,9694449","2,7272092",45
202000017159,20,9,11,13:45,1,2,1,1,6,42095,M,"45,3929442","4,2928167",42
202000017160,20,9,11,17:00,1,2,1,1,1,38421,M,"45,1879600","5,7479400",38
202000017161,20,9,11,02:44,5,2,1,1,6,38185,M,"45,1807100","5,7167500",38
202000017162,20,9,8,17:25,1,2,1,1,2,37261,M,"47,4050629","0,7028866",37
202000017163,20,9,11,18:30,1,2,2,1,3,35238,M,"48,1066000"," -1,7296000",35
202000017164,20,9,11,11:45,1,2,1,1,3,35353,M,"48,1049586"," -1,7357934",35
202000017165,20,9,11,21:45,5,2,2,1,3,34172,M,"43,6162200","3,8410500",34
202000017166,20,9,11,15:05,1,2,1,1,3,34198,M,"43,5713500","3,9423100",34
202000017167,20,9,11,15:10,1,2,1,1,6,34003,M,"43,3030000","3,4760000",34
202000017168,20,9,11,11:45,1,2,1,1,2,33318,M,"44,7900400"," -0,6358900",33
202000017169,20,9,3,07:40,1,2,4,1,1,33063,M,"44,8525500"," -0,6245100",33
202000017170,20,9,11,19:56,2,2,1,1,3,33529,M,"44,6375400"," -1,1351100",33
202000017171,20,9,10,14:05,1,2,1,1,6,22113,M,"48,7324314"," -3,4561870",22
202000017172,20,9,11,16:25,1,2,2,1,3,14118,M,"49,1613250"," -0,3423930",14
202000017173,20,9,11,11:09,1,2,7,1,3,13209,M,"43,2588717","5,4171372",13
202000017174,20,9,10,17:00,1,2,1,3,4,13209,M,"43,2524755","5,4012662",13
202000017175,20,9,11,17:05,1,2,2,1,6,10387,M,"48,2976600","4,0660900",10
202000017176,20,9,10,08:45,1,2,1,1,6,06069,M,"43,6341600","6,9517500",06
202000017177,20,9,11,16:30,1,2,6,2,1,06029,M,"43,5674600","6,9675600",06
202000017178,20,9,11,10:30,1,2,1,1,2,06029,M,"43,5537505","7,0148751",06
202000017179,20,9,9,13:40,1,2,1,1,2,06029,M,"43,5374900","6,9548200",06
202000017180,20,9,10,18:17,1,2,1,3,2,05061,M,"44,5565000","6,0614900",05
202000017181,20,9,11,14:20,1,2,1,1,3,75114,M,"48,8250360","2,3035490",75
202000017182,20,9,11,12:05,1,2,1,1,3,75117,M,"48,8892370","2,2961540",75
202000017183,20,9,10,16:00,1,2,1,1,3,75112,M,"48,8308070","2,4031540",75
202000017184,20,9,11,14:20,1,2,3,1,3,75109,M,"48,8734190","2,3296980",75
202000017185,20,9,11,09:25,1,2,3,1,3,75105,M,"48,8518310","2,3433900",75
202000017186,20,9,11,12:10,1,2,2,1,3,75120,M,"48,8534130","2,3984560",75
202000017187,20,9,11,11:58,1,2,7,1,3,75120,M,"48,8645040","2,4085070",75
202000017188,20,9,11,15:12,1,2,2,1,6,75119,M,"48,8976160","2,3856920",75
202000017189,20,9,11,20:15,2,2,4,1,-1,75107,M,"48,8560570","2,3081670",75
202000017190,20,9,11,02:30,5,2,3,1,3,75114,M,"48,8366190","2,3258320",75
202000017191,20,9,11,17:15,1,2,2,1,2,75106,M,"48,8467430","2,3283360",75
202000017192,20,9,11,15:20,1,2,3,1,6,75112,M,"48,8458030","2,3883750",75
202000017193,20,9,10,22:55,5,2,2,1,7,75112,M,"48,8340130","2,4112920",75
202000017194,20,9,11,13:45,1,2,3,1,6,75111,M,"48,8686220","2,3720550",75
202000017195,20,9,11,09:20,1,2,7,1,6,75108,M,"48,8640700","2,3201260",75
202000017196,20,9,10,22:40,5,2,2,1,3,75108,M,"48,8776140","2,3125580",75
202000017197,20,9,11,01:50,5,2,7,1,6,75104,M,"48,8529080","2,3684860",75
202000017198,20,9,10,11:40,1,2,2,1,3,75101,M,"48,8577280","2,3477850",75
202000017199,20,9,10,05:45,2,2,2,1,3,94068,M,"48,8065000","2,4787000",94
202000017200,20,9,11,08:15,1,2,1,1,3,94080,M,"48,8494940","2,4339330",94
202000017201,20,9,11,21:00,3,2,1,1,2,94074,M,"48,7642920","2,4420290",94
202000017202,20,9,11,15:30,1,2,1,1,7,94041,M,"48,8187700","2,3748900",94
202000017203,20,9,10,20:00,2,2,1,1,3,94041,M,"48,8110000","2,3740000",94
202000017204,20,9,10,17:55,1,2,1,1,6,94011,M,"48,7675630","2,4863340",94
202000017205,20,9,10,17:15,1,2,1,1,4,94028,M,"48,7739700","2,4377900",94
202000017206,20,9,10,13:25,1,2,1,1,6,94028,M,"48,7995300","2,4544600",94
202000017207,20,9,11,16:20,1,2,3,1,3,94019,M,"48,8011000","2,5444000",94
202000017208,20,9,11,15:30,1,2,1,1,2,94071,M,"48,7778340","2,5116290",94
202000017209,20,9,11,19:20,1,2,2,1,3,93073,M,"48,9561900","2,5766500",93
202000017210,20,9,11,15:00,1,2,1,1,2,93078,M,"48,9588672","2,5577423",93
202000017211,20,9,10,06:50,2,2,1,1,6,93066,M,"48,9189384","2,3423825",93
202000017212,20,9,11,15:30,1,2,1,1,3,93064,M,"48,8839100","2,4882800",93
202000017213,20,9,11,21:05,5,2,2,1,6,93062,M,"48,9013300","2,5193000",93
202000017214,20,9,11,17:45,1,2,1,1,6,93051,M,"48,8371600","2,5600800",93
202000017215,20,9,11,20:20,5,2,1,1,3,93050,M,"48,8626839","2,5456089",93
202000017216,20,9,11,19:00,1,2,1,1,2,93010,M,"48,9051100","2,4860000",93
202000017217,20,9,11,18:00,1,2,1,1,3,93071,M,"48,9472700","2,5337800",93
202000017218,20,9,11,19:53,5,2,9,1,6,93001,M,"48,9117675","2,3676703",93
202000017219,20,9,11,10:10,1,2,1,1,6,92046,M,"48,8225268","2,2988507",92
202000017220,20,9,11,11:20,1,2,3,1,3,92063,M,"48,8716300","2,1834100",92
202000017221,20,9,11,13:05,1,2,3,1,3,92044,M,"48,8906900","2,2915900",92
202000017222,20,9,10,10:40,1,2,1,1,3,92036,M,"48,9268500","2,3146500",92
202000017223,20,9,11,10:50,1,2,2,1,3,92026,M,"48,8997280","2,2503810",92
202000017224,20,9,11,08:20,1,2,1,1,2,92026,M,"48,8953460","2,2387080",92
202000017225,20,9,11,17:52,1,2,3,1,6,92024,M,"48,9087500","2,3073200",92
202000017226,20,9,11,15:29,1,2,1,1,3,92023,M,"48,7828000","2,2451100",92
202000017227,20,9,11,18:04,1,2,3,1,3,92032,M,"48,7946100","2,2914300",92
202000017228,20,9,11,16:50,1,1,1,1,7,22213,M,"48,5370110"," -1,9817230",22
202000017229,20,9,11,22:25,5,1,1,1,6,95199,M,"49,0202670","2,3200890",95
202000017230,20,9,12,01:30,5,2,6,1,6,40133,M,"43,5782960"," -1,4354490",40
202000017231,20,9,12,18:30,1,1,1,1,6,31423,M,"43,4033170","1,0721970",31
202000017232,20,9,11,23:30,3,1,1,1,2,83054,M,"43,1550580","6,0421370",83
202000017233,20,9,12,11:50,1,1,1,1,3,83148,M,"43,4050470","6,4043640",83
202000017234,20,9,12,09:35,1,1,6,1,6,42176,M,"46,0473120","3,9851560",42
202000017235,20,9,12,01:20,4,2,1,1,7,02232,M,"49,2342280","2,9895800",02
202000017236,20,9,10,17:40,1,1,3,7,3,57661,M,"49,0513490","7,6008330",57
202000017237,20,9,11,18:30,1,2,1,7,6,19276,M,"45,4248385","1,5653481",19
202000017238,20,9,11,08:50,1,1,1,1,7,19248,M,"45,4264640","1,5264720",19
202000017239,20,9,12,11:05,1,2,6,1,3,74077,M,"46,0632300","5,8914880",74
202000017240,20,9,12,11:30,1,1,1,1,2,2B273,M,"42,4271790","9,4019580",2B
202000017241,20,9,11,18:50,1,1,1,1,3,82108,M,"44,1015860","1,2436140",82
202000017242,20,9,11,19:30,1,1,4,1,1,82002,M,"44,0776740","1,4230080",82
202000017243,20,9,11,22:40,3,2,4,1,6,33382,M,"45,1924400"," -0,4565700",33
202000017244,20,9,12,08:30,1,1,1,7,6,33141,M,"44,8355700"," -0,3420700",33
202000017245,20,9,12,03:15,5,2,1,1,6,81128,M,"43,6633110","2,3502830",81
202000017246,20,9,12,14:17,1,2,1,1,1,81037,M,"43,6319910","2,4906080",81
202000017247,20,9,11,09:20,1,2,2,1,3,89309,M,"48,2871620","3,2017100",89
202000017248,20,9,12,11:30,1,1,3,1,1,63276,M,"45,8036056","3,4758526",63
202000017249,20,9,12,15:30,1,1,1,1,7,63407,M,"45,6030983","2,8254365",63
202000017250,20,7,18,07:45,1,1,1,1,3,63034,M,"45,7938771","3,3010899",63
202000017251,20,9,2,18:35,1,1,4,1,5,12138,M,"44,4798810","2,4520750",12
202000017252,20,9,12,12:36,1,1,1,1,3,42130,M,"45,6768820","4,1783020",42
202000017253,20,9,11,11:45,1,1,1,1,6,47144,M,"44,5891220","0,4041020",47
202000017254,20,9,11,19:50,1,1,1,1,6,68315,M,"47,8909460","7,1127140",68
202000017255,20,9,12,10:30,1,1,1,1,7,39453,M,"46,4303890","5,8106630",39
202000017256,20,9,1,15:20,1,1,1,1,3,35068,M,"48,1017890"," -1,4296350",35
202000017257,20,8,14,09:00,1,1,1,1,5,35299,M,"48,6445870"," -1,8851230",35
202000017258,20,9,11,14:35,1,1,1,1,6,35223,M,"47,9976180"," -2,0955350",35
202000017259,20,9,12,15:15,1,1,1,1,7,31574,M,"43,4317930","1,4171080",31
202000017260,20,9,12,00:10,5,2,1,1,6,38397,M,"45,2393600","5,8477800",38
202000017261,20,9,11,17:50,1,2,1,1,1,01243,M,"46,0521500","4,7707080",01
202000017262,20,9,11,18:25,1,1,1,1,5,01243,M,"46,0428990","4,7599980",01
202000017263,20,9,8,13:00,1,1,1,1,1,72147,M,"48,1008540","0,1979040",72
202000017264,20,9,12,10:56,1,1,1,1,1,06068,M,"43,7205520","6,9730620",06
202000017265,20,9,11,16:45,1,2,2,1,6,05040,M,"44,5407520","6,2802740",05
202000017266,20,9,12,11:15,1,1,1,1,2,05146,M,"44,6197080","5,7023120",05
202000017267,20,9,12,19:00,1,2,2,1,3,50484,M,"48,5775630"," -1,0941400",50
202000017268,20,9,12,03:30,3,1,6,1,6,90072,M,"47,5448021","6,9482063",90
202000017269,20,9,12,18:15,1,1,1,1,3,45325,M,"48,1651680","1,9151700",45
202000017270,20,9,11,00:30,3,1,1,1,6,73298,M,"45,6537570","6,4341850",73
202000017271,20,9,11,19:15,2,2,1,1,6,21425,M,"47,6244830","4,3390390",21
202000017272,20,9,12,16:15,1,1,1,1,7,04157,M,"43,8899871","6,1321209",04
202000017273,20,9,12,13:15,1,1,1,1,1,85128,M,"46,4791400"," -1,1818800",85
202000017274,20,9,11,16:10,1,2,3,7,6,88082,M,"48,4547020","6,9498790",88
202000017275,20,9,11,17:00,1,1,3,1,3,35210,M,"48,1764690"," -1,7607360",35
202000017276,20,9,11,21:15,5,2,6,1,6,95580,M,"49,0917367","2,5283516",95
202000017277,20,8,10,18:20,3,2,1,1,1,98729,P," -17,5271020"," -149,7758070",987
202000017278,20,7,22,16:00,1,2,9,2,6,97118,A,"16,2025130"," -61,6070230",971
202000017279,20,9,7,11:30,1,2,6,1,3,33527,M,"44,6232930"," -1,0244860",33
202000017280,20,9,12,04:45,3,1,1,1,6,30253,M,"44,2208247","4,0837671",30
202000017281,20,9,12,13:45,1,1,4,1,1,84144,M,"43,9268550","5,5534600",84
202000017282,20,9,12,11:05,1,1,4,1,6,05139,M,"44,6789450","5,9563600",05
202000017283,20,9,11,13:40,1,1,1,1,7,71360,M,"46,3321629","4,7348433",71
202000017284,20,9,12,17:10,1,1,1,1,-1,21294,M,"47,1048260","4,9935728",21
202000017285,20,9,12,13:15,1,2,3,1,1,74281,M,"46,3774812","6,4991266",74
202000017286,20,7,23,22:45,3,1,1,1,6,44114,M,"47,3066590"," -1,6368560",44
202000017287,20,9,12,17:35,1,1,1,1,7,01104,M,"46,2436650","5,8972920",01
202000017288,20,9,11,18:00,1,1,1,1,5,32200,M,"43,6215610","0,5030860",32
202000017289,20,9,12,17:35,1,1,1,1,1,85019,M,"46,7983890"," -1,4127010",85
202000017290,20,9,11,22:35,3,1,1,1,6,22233,M,"48,7330120"," -3,0645420",22
202000017291,20,9,11,15:50,1,1,2,1,3,27329,M,"49,2006910","1,4721140",27
202000017292,20,9,11,17:45,1,1,1,1,4,13055,M,"43,3026565","5,4253574",13
202000017293,20,9,11,16:20,1,1,1,1,4,13070,M,"43,2853736","5,5153621",13
202000017294,20,9,11,14:10,1,1,1,1,4,13202,M,"43,3198660","5,3637740",13
202000017295,20,9,10,19:25,1,1,1,2,7,13203,M,"43,3183609","5,3654754",13
202000017296,20,9,11,11:30,1,1,1,1,4,69142,M,"45,7275700","4,8165800",69
202000017297,20,8,28,12:50,1,1,1,1,4,42005,M,"45,5258600","4,2875400",42
202000017298,20,9,11,17:30,1,1,1,1,4,33281,M,"44,8450500"," -0,6712400",33
202000017299,20,9,11,08:30,1,1,1,1,2,33122,M,"44,7594100"," -0,6809800",33
202000017300,20,9,10,03:12,3,1,1,1,6,33474,M,"44,6754200"," -0,4811400",33
202000017301,20,9,10,10:30,1,1,1,1,6,59346,M,"50,6008090","3,1333090",59
202000017302,20,9,10,08:30,1,1,1,1,3,59527,M,"50,6673010","3,0298220",59
202000017303,20,9,11,16:30,1,1,1,1,2,91687,M,"48,6494700","2,3853500",91
202000017304,20,9,11,09:45,1,1,9,1,3,91182,M,"48,6133200","2,4311200",91
202000017305,20,9,11,08:55,1,1,1,1,2,92036,M,"48,9356468","2,2855372",92
202000017306,20,9,10,23:40,3,1,1,1,2,92025,M,"48,9325383","2,2486858",92
202000017307,20,9,11,09:40,1,1,1,1,7,93027,M,"48,9246600","2,3898500",93
202000017308,20,9,11,19:20,1,1,1,1,6,77169,M,"48,8153740","2,6242250",77
202000017309,20,9,11,07:25,1,1,1,1,3,94079,M,"48,8349000","2,5375000",94
202000017310,20,9,11,02:20,3,1,1,1,-1,94042,M,"48,8275754","2,4705096",94
202000017311,20,9,10,21:58,3,1,1,1,6,77468,M,"48,8324290","2,6639490",77
202000017312,20,6,23,10:45,1,2,1,1,6,82121,M,"44,0166700","1,3453000",82
202000017313,20,9,10,07:46,1,2,1,1,4,98818,C," -22,2363800","166,4862000",988
202000017314,20,9,10,17:57,1,1,1,1,4,97302,G,"4,9147211"," -52,3101998",973
202000017315,20,9,7,13:40,1,2,2,1,-1,97302,G,"4,9391673"," -52,3271728",973
202000017316,20,9,10,23:00,5,2,4,1,6,69259,M,"45,7162869","4,8548960",69
202000017317,20,9,10,16:00,1,1,1,1,3,69388,M,"45,7376500","4,8680400",69
202000017318,20,6,14,15:15,1,2,1,1,6,66172,M,"42,7178890","2,8576950",66
202000017319,20,6,14,04:45,3,1,1,1,2,28392,M,"48,2393660","1,8507670",28
202000017320,20,6,10,06:00,1,1,4,1,6,97128,A,"16,2440950"," -61,3698430",971
202000017321,20,6,12,08:35,1,1,1,2,1,29297,M,"47,8806570"," -3,5377050",29
202000017322,20,6,14,06:00,2,1,1,1,6,37253,M,"47,2621623","1,0126558",37
202000017323,20,6,14,13:00,1,1,1,1,3,05180,M,"44,8271850","6,5229070",05
202000017324,20,6,14,18:25,1,1,1,1,6,52001,M,"48,1173090","5,3530880",52
202000017325,20,6,14,19:50,1,2,3,1,4,01376,M,"45,8298830","4,9797730",01
202000017326,20,6,14,13:45,1,1,1,1,3,69054,M,"46,1719844","4,5045999",69
202000017327,20,6,12,16:00,1,1,1,1,6,31291,M,"43,5931050","1,2745860",31
202000017328,20,6,13,23:30,3,1,1,2,3,85302,M,"46,9180202"," -0,9616470",85
202000017329,20,6,13,20:00,1,1,3,7,3,14053,M,"48,8801350"," -0,0798157",14
202000017330,20,6,14,00:00,3,2,1,2,7,22176,M,"48,4415970"," -2,7469470",22
202000017331,20,6,12,04:00,3,1,1,1,2,13216,M,"43,3458090","5,3458070",13
202000017332,20,6,12,08:25,1,1,1,1,2,13055,M,"43,3288700","5,4161500",13
202000017333,20,6,13,13:00,1,1,1,2,4,33063,M,"44,8839000"," -0,5583700",33
202000017334,20,6,13,16:00,1,1,1,1,4,94038,M,"48,7798100","2,3467800",94
202000017335,20,6,12,19:50,1,1,1,1,2,94037,M,"48,8138000","2,3551300",94
202000017336,20,6,13,21:20,1,1,1,1,6,93005,M,"48,9493600","2,4764500",93
202000017337,20,6,13,14:10,1,1,1,1,7,60612,M,"49,1850200","2,6053100",60
202000017338,20,6,12,07:00,1,1,1,2,3,95365,M,"49,0666500","2,4026200",95
202000017339,20,6,12,08:00,1,1,1,2,-1,77053,M,"48,6925256","2,5950965",77
202000017340,20,3,13,15:10,1,2,1,1,6,86066,M,"46,8029800","0,5248900",86
202000017341,20,6,11,14:40,1,2,3,1,3,98818,C," -22,2768100","166,4681800",988
202000017342,20,6,13,01:10,5,2,1,2,6,97409,R," -20,9324100","55,6462100",974
202000017343,20,6,12,13:20,1,2,3,1,3,97409,R," -20,9459480","55,6831380",974
202000017344,20,6,12,23:50,5,2,1,2,3,69387,M,"45,7507560","4,8361301",69
202000017345,20,6,12,15:40,1,2,9,1,3,97213,A,"14,6160000"," -61,0320000",972
202000017346,20,6,9,11:30,1,2,1,2,6,69385,M,"45,7639500","4,8289400",69
202000017347,20,6,12,18:05,1,2,2,1,3,97120,A,"16,2451000"," -61,5400000",971
202000017348,20,6,12,22:00,5,2,1,1,7,2A004,M,"41,9328864","8,7558195",2A
202000017349,20,6,11,17:45,1,2,1,1,3,2A004,M,"41,9345700","8,7553400",2A
202000017350,20,6,12,01:40,5,2,1,2,6,95277,M,"48,9881591","2,4479768",95
202000017351,20,6,12,20:50,1,2,1,1,6,95018,M,"48,9436800","2,2515700",95
202000017352,20,6,11,17:00,1,2,1,2,6,89024,M,"47,8080100","3,5580500",89
202000017353,20,6,11,17:25,1,2,1,3,6,87085,M,"45,8232500","1,2211300",87
202000017354,20,6,11,08:58,1,2,3,1,3,87085,M,"45,8774600","1,2928400",87
202000017355,20,2,24,02:45,5,2,1,1,6,87085,M,"45,8481600","1,2936900",87
202000017356,20,6,12,10:20,1,1,1,1,3,86157,M,"46,5327200","0,4321100",86
202000017357,20,5,25,18:50,1,1,4,1,3,30011,M,"43,9263200","4,7370300",30
202000017358,20,6,12,20:00,1,2,3,1,3,81021,M,"43,4987500","2,3686100",81
202000017359,20,6,12,00:20,5,2,2,1,3,79191,M,"46,3152400"," -0,4743000",79
202000017360,20,4,30,10:45,1,2,9,1,6,78517,M,"48,6533600","1,8503000",78
202000017361,20,6,11,10:20,1,2,2,1,3,76600,M,"49,7418000","0,3680000",76
202000017362,20,6,3,16:10,1,2,2,1,1,73008,M,"45,7045939","5,8909442",73
202000017363,20,6,12,19:40,1,2,1,2,1,69266,M,"45,7838600","4,8952500",69
202000017364,20,6,12,11:40,1,2,1,2,5,69264,M,"45,9869100","4,7233500",69
202000017365,20,6,12,13:00,1,2,1,1,1,67482,M,"48,5683036","7,7780599",67
202000017366,20,6,12,11:35,1,2,1,1,1,67204,M,"48,6208640","7,7610110",67
202000017367,20,6,12,05:50,1,2,3,1,3,67482,M,"48,5804808","7,7152559",67
202000017368,20,6,11,18:40,1,2,1,1,2,67482,M,"48,5642500","7,7563600",67
202000017369,20,6,5,19:30,1,2,1,1,2,65251,M,"43,2102000","0,0730000",65
202000017370,20,6,11,19:15,1,2,2,8,5,65440,M,"43,2240210","0,0698020",65
202000017371,20,6,12,10:55,1,2,1,1,3,64445,M,"43,3101110"," -0,3659910",64
202000017372,20,6,12,12:10,1,2,1,1,3,64102,M,"43,4885000"," -1,4794000",64
202000017373,20,4,7,15:25,1,2,3,1,3,62628,M,"50,4246316","2,8892230",62
202000017374,20,6,11,11:00,1,2,9,1,1,62193,M,"50,9466800","1,9051600",62
202000017375,20,6,10,18:10,1,2,3,1,3,57672,M,"49,3598700","6,1709100",57
202000017376,20,6,11,22:45,5,2,6,8,3,56098,M,"47,7777500"," -3,3452100",56
202000017377,20,6,12,15:15,1,2,1,1,6,54025,M,"48,6618610","6,2517750",54
202000017378,20,6,12,14:17,1,1,9,1,2,54197,M,"48,6188391","6,2040192",54
202000017379,20,6,12,09:00,1,2,6,8,2,54395,M,"48,6772476","6,2064198",54
202000017380,20,6,12,08:50,1,2,1,2,7,51454,M,"49,2616950","4,0171158",51
202000017381,20,6,11,10:50,1,1,1,1,7,51454,M,"49,2335604","4,0389679",51
202000017382,20,6,12,05:00,3,1,1,2,6,50203,M,"49,6049400"," -1,6419900",50
202000017383,20,6,12,08:22,1,1,1,2,3,45234,M,"47,8327580","1,9181000",45
202000017384,20,6,12,17:22,1,2,1,3,6,42044,M,"45,3903854","4,3488303",42
202000017385,20,6,11,09:20,1,2,1,1,6,41018,M,"47,5878700","1,3140000",41
202000017386,20,6,11,15:56,1,2,1,1,6,38544,M,"45,5240000","4,8760000",38
202000017387,20,6,12,19:55,1,2,1,2,3,35051,M,"48,1150063"," -1,6087117",35
202000017388,20,6,12,14:00,1,2,9,1,3,35238,M,"48,1069700"," -1,7278700",35
202000017389,20,6,12,03:20,5,2,6,2,6,34172,M,"43,6017330","3,9013173",34
202000017390,20,6,12,10:20,1,1,2,1,3,33075,M,"44,8796200"," -0,6268300",33
202000017391,20,5,23,22:09,5,2,3,1,3,30189,M,"43,8303100","4,3235700",30
202000017392,20,6,11,18:59,1,2,1,3,6,29232,M,"47,9917400"," -4,0765100",29
202000017393,20,6,12,19:00,1,2,9,1,3,29019,M,"48,4175365"," -4,4605636",29
202000017394,20,5,25,08:10,1,2,2,1,1,29019,M,"48,4014535"," -4,4568207",29
202000017395,20,6,10,17:40,1,2,1,1,2,29019,M,"48,3958899"," -4,4886137",29
202000017396,20,6,12,07:40,2,2,1,2,7,28085,M,"48,4524600","1,5219800",28
202000017397,20,6,12,01:15,5,2,1,1,7,26362,M,"44,9119730","4,9152190",26
202000017398,20,6,12,07:50,2,1,1,1,1,26198,M,"44,5535300","4,7105200",26
202000017399,20,6,9,13:30,1,1,9,1,4,22278,M,"48,5044800"," -2,7840100",22
202000017400,20,6,12,17:00,1,2,2,8,3,17300,M,"46,1595600"," -1,1474300",17
202000017401,20,6,12,08:25,1,2,1,1,6,17300,M,"46,1607800"," -1,1458000",17
202000017402,20,6,11,21:00,1,2,6,1,1,13108,M,"43,8058900","4,6550100",13
202000017403,20,6,12,21:15,1,2,1,1,3,13215,M,"43,3327170","5,3643250",13