Num_Acc,an,mois,jour,hrmn,lum,agg,int,atm,col,com,gps,lat,long,dep
202000017404,20,6,11,05:30,1,2,1,1,7,13214,M,"43,3330300","5,3679700",13
202000017405,20,6,12,12:10,1,2,1,1,2,06069,M,"43,6499080","6,9303480",06
202000017406,20,6,12,13:30,1,2,1,1,2,06123,M,"43,6671470","7,1925400",06
202000017407,20,6,11,19:45,1,2,9,1,3,06004,M,"43,5719000","7,1068000",06
202000017408,20,6,12,07:55,1,2,1,1,6,01014,M,"46,2843000","5,6626900",01
202000017409,20,6,10,06:00,1,2,1,1,3,75117,M,"48,9004880","2,3220650",75
202000017410,20,6,9,15:40,1,2,1,1,2,75117,M,"48,8895910","2,2974170",75
202000017411,20,6,11,02:45,5,2,2,1,3,75112,M,"48,8480310","2,3928470",75
202000017412,20,6,12,16:30,1,2,1,1,6,75119,M,"48,8881370","2,3906360",75
202000017413,20,6,12,02:15,5,2,2,3,6,75119,M,"48,8820070","2,4024860",75
202000017414,20,6,11,23:30,5,2,1,2,3,75119,M,"48,8890510","2,3940050",75
202000017415,20,6,12,07:30,1,2,7,2,7,75117,M,"48,8829160","2,3090400",75
202000017416,20,6,11,23:54,5,2,5,3,6,75117,M,"48,8856330","2,2917160",75
202000017417,20,6,10,13:15,1,2,3,1,6,75117,M,"48,8958850","2,3284170",75
202000017418,20,6,11,16:30,1,2,2,1,3,75116,M,"48,8738270","2,2641400",75
202000017419,20,6,12,18:20,1,2,3,1,3,75114,M,"48,8298360","2,3211720",75
202000017420,20,6,12,16:10,1,2,2,1,3,75112,M,"48,8349770","2,4198160",75
202000017421,20,6,11,18:55,1,2,1,1,3,75112,M,"48,8357980","2,4221390",75
202000017422,20,6,12,16:00,1,2,2,1,6,75108,M,"48,8750320","2,3092110",75
202000017423,20,6,12,15:10,1,2,2,1,3,75108,M,"48,8822160","2,3203490",75
202000017424,20,6,12,17:40,1,2,4,1,3,75103,M,"48,8672580","2,3546150",75
202000017425,20,6,12,09:50,1,2,1,2,6,94080,M,"48,8471200","2,4371200",94
202000017426,20,6,12,18:00,1,2,1,1,4,94078,M,"48,7307150","2,4468840",94
202000017427,20,6,12,15:50,1,2,1,1,2,94078,M,"48,7582130","2,4435070",94
202000017428,20,6,12,19:45,1,2,9,9,6,94068,M,"48,7976770","2,4916760",94
202000017429,20,6,12,15:50,1,2,1,1,6,94003,M,"48,8100000","2,3300000",94
202000017430,20,6,10,21:45,5,2,1,1,3,94022,M,"48,7634700","2,4023190",94
202000017431,20,6,12,21:20,1,1,1,1,6,94047,M,"48,7082710","2,5417430",94
202000017432,20,6,12,06:45,1,2,1,2,2,93070,M,"48,9036794","2,3440203",93
202000017433,20,6,11,21:45,5,2,3,3,1,93053,M,"48,8932694","2,4706029",93
202000017434,20,6,12,14:22,1,2,1,2,6,93046,M,"48,9287805","2,5507077",93
202000017435,20,6,11,22:35,5,2,5,2,3,93046,M,"48,9225400","2,5243000",93
202000017436,20,6,12,17:30,1,2,1,1,3,93045,M,"48,8784033","2,4112546",93
202000017437,20,6,12,18:53,1,2,1,1,6,93066,M,"48,9451300","2,3472200",93
202000017438,20,6,12,08:30,1,2,1,2,3,92025,M,"48,9225620","2,2461010",92
202000017439,20,6,11,11:15,1,2,1,1,6,92025,M,"48,9229540","2,2550870",92
202000017440,20,6,11,17:45,1,2,1,1,1,92024,M,"48,9010500","2,3156100",92
202000017441,20,6,2,14:55,1,2,9,1,6,92024,M,"48,9010726","2,3155645",92
202000017442,20,6,12,19:54,1,2,3,1,2,92049,M,"48,8128210","2,3015960",92
202000017443,20,6,13,20:23,1,1,1,2,1,01333,M,"45,9143330","4,9422380",01
202000017444,20,6,13,17:45,1,1,3,2,3,86186,M,"46,8784990","0,6354900",86
202000017445,20,6,13,14:30,1,1,1,1,3,67452,M,"48,6514500","7,5833670",67
202000017446,20,6,12,12:30,1,1,1,3,2,48140,M,"44,8195640","3,2725520",48
202000017447,20,5,28,08:30,1,2,1,1,6,30202,M,"44,2556061","4,6476290",30
202000017448,20,6,12,12:15,1,1,1,2,7,51630,M,"48,9421921","3,9266433",51
202000017449,20,6,13,01:10,3,2,1,1,7,56087,M,"47,5957210"," -2,8473280",56
202000017450,20,6,12,18:49,1,1,1,1,1,31351,M,"43,6731220","1,2976580",31
202000017451,20,6,12,16:36,1,1,6,1,2,80024,M,"49,9363778","2,2432120",80
202000017452,20,6,10,09:10,1,2,7,1,6,80212,M,"49,9093580","2,5085970",80
202000017453,20,6,13,02:15,3,1,1,1,4,65083,M,"43,1754360","0,1027930",65
202000017454,20,6,12,18:20,1,1,3,1,5,11009,M,"43,2391389","2,1726747",11
202000017455,20,6,13,16:00,1,1,2,1,1,61486,M,"48,7334510"," -0,7891490",61
202000017456,20,5,30,06:05,1,2,2,1,3,61194,M,"48,7496770"," -0,1298740",61
202000017457,20,6,12,16:20,1,1,2,1,6,46034,M,"44,7102530","1,9001200",46
202000017458,20,6,12,12:46,1,1,1,1,2,44146,M,"47,7399580"," -1,4510110",44
202000017459,20,6,12,20:00,1,1,1,7,6,31374,M,"43,4177440","1,6387120",31
202000017460,20,6,12,12:00,1,1,1,1,6,02179,M,"49,2577710","3,6166420",02
202000017461,20,6,13,19:30,1,1,1,1,6,72083,M,"47,9487540"," -0,2153810",72
202000017462,20,6,13,10:30,1,1,3,8,3,72319,M,"48,1250840","0,1012590",72
202000017463,20,6,13,18:00,1,1,1,8,6,05004,M,"44,6229450","6,1659910",05
202000017464,20,6,13,10:15,1,2,3,1,1,60641,M,"49,4708400","3,0082640",60
202000017465,20,6,13,12:20,1,1,1,1,-1,64040,M,"43,0363680"," -0,7468560",64
202000017466,20,6,13,16:40,2,1,3,1,3,64147,M,"43,4474910"," -1,3344090",64
202000017467,20,6,13,18:06,1,2,3,1,3,10063,M,"48,3732470","4,5297670",10
202000017468,20,6,13,09:10,1,1,3,1,1,28082,M,"48,6969450","1,4481840",28
202000017469,20,6,13,09:30,1,1,1,1,6,28350,M,"48,4431520","1,3240670",28
202000017470,20,6,13,09:30,1,1,1,1,3,87104,M,"45,7195550","1,8144290",87
202000017471,20,6,13,00:40,3,1,1,1,6,30003,M,"43,5696330","4,1091010",30
202000017472,20,6,13,17:00,1,2,2,1,3,30341,M,"43,6901020","4,2748030",30
202000017473,20,6,13,02:45,4,2,1,1,6,52058,M,"48,2022100","5,1406830",52
202000017474,20,6,12,14:25,1,1,1,2,6,08305,M,"49,6284820","4,6045970",08
202000017475,20,6,13,03:50,3,1,1,1,4,13051,M,"43,5898410","5,1166680",13
202000017476,20,6,13,15:00,1,2,2,1,3,97309,G,"4,9077030"," -52,2728470",973
202000017477,20,6,12,13:15,1,1,1,1,2,11370,M,"43,2240670","3,0978870",11
202000017478,20,6,13,09:30,1,2,1,8,7,97418,R," -20,8987310","55,5334690",974
202000017479,20,6,12,09:00,1,1,1,1,1,97129,A,"16,3040220"," -61,7027810",971
202000017480,20,6,12,14:45,1,2,1,1,6,91386,M,"48,5725790","2,4341580",91
202000017481,20,6,11,22:20,3,2,1,1,1,84092,M,"43,9701850","4,8635810",84
202000017482,20,6,9,23:30,3,1,1,2,6,25277,M,"47,4669770","6,3808250",25
202000017483,20,6,12,19:30,1,1,1,1,7,68040,M,"47,8212770","7,0749000",68
202000017484,20,6,12,19:55,1,1,1,1,7,68331,M,"48,0476120","7,4607510",68
202000017485,20,6,13,01:29,3,1,1,1,6,73248,M,"45,2840172","6,3554802",73
202000017486,20,6,12,20:10,5,2,1,3,6,69143,M,"45,8758780","4,8385330",69
202000017487,20,6,12,21:40,1,1,1,2,6,85003,M,"46,7671800"," -1,6169800",85
202000017488,20,6,13,02:20,3,1,1,1,7,50041,M,"49,6738910"," -1,7534140",50
202000017489,20,6,13,08:00,1,1,1,1,6,60446,M,"49,1467614","2,7918492",60
202000017490,20,6,13,12:00,1,1,1,1,5,59524,M,"50,5727440","2,8977510",59
202000017491,20,6,11,11:30,1,1,1,1,3,13055,M,"43,2931396","5,4242349",13
202000017492,20,6,11,17:00,1,1,1,1,2,83137,M,"43,1250600","5,9062500",83
202000017493,20,6,10,15:55,1,1,1,1,2,83062,M,"43,1434000","6,0142000",83
202000017494,20,2,1,17:35,1,1,1,1,2,69290,M,"45,7075000","4,9559000",69
202000017495,20,6,12,14:00,1,1,1,1,4,91216,M,"48,6683200","2,3539200",91
202000017496,20,6,12,17:50,1,1,1,1,2,95563,M,"49,0103900","2,2303400",95
202000017497,20,6,12,08:20,1,1,1,3,5,93005,M,"48,9526300","2,4740200",93
202000017498,20,6,12,05:45,2,1,1,2,6,93027,M,"48,9282900","2,4122500",93
202000017499,20,6,11,22:45,3,1,1,3,3,93066,M,"48,9220800","2,3640400",93
202000017500,20,6,11,08:20,1,1,1,1,4,95395,M,"49,0680000","2,3945800",95
202000017501,20,6,11,03:45,3,1,1,1,2,95582,M,"48,9667130","2,2560757",95
202000017502,20,6,12,06:20,1,1,1,2,5,77083,M,"48,8320393","2,6005324",77
202000017503,20,6,10,17:30,2,2,1,7,6,97416,R," -21,2968000","55,4512800",974
202000017504,20,6,12,00:15,3,2,1,1,7,97407,R," -20,9433900","55,2976200",974
202000017505,20,6,11,21:15,2,2,2,1,3,69383,M,"45,7604000","4,8489000",69
202000017506,20,6,11,09:45,1,2,1,1,6,69388,M,"45,7367500","4,8690800",69
202000017507,20,6,11,09:15,1,2,1,1,2,69383,M,"45,7537000","4,8896000",69
202000017508,20,6,11,15:17,1,2,1,1,2,97209,A,"14,6224600"," -61,0797600",972
202000017509,20,8,10,07:30,1,2,1,1,6,54329,M,"48,5973800","6,4751400",54
202000017510,20,8,12,19:25,1,2,1,1,7,51454,M,"49,2207992","4,0350354",51
202000017511,20,8,11,16:40,1,2,7,1,3,50218,M,"48,8309260"," -1,5750920",50
202000017512,20,8,11,17:00,1,2,1,3,6,49007,M,"47,4603700"," -0,5722900",49
202000017513,20,8,12,07:35,2,2,6,1,2,45147,M,"47,9379900","1,8948900",45
202000017514,20,8,9,15:35,1,2,9,1,-1,34003,M,"43,3065900","3,4676500",34
202000017515,20,8,12,13:50,1,2,3,1,3,33009,M,"44,6593300"," -1,1704300",33
202000017516,20,8,11,20:10,1,1,1,1,7,29232,M,"47,9854200"," -4,1112100",29
202000017517,20,8,12,03:03,3,2,1,1,6,29039,M,"47,8750500"," -3,9286200",29
202000017518,20,8,7,10:30,1,2,1,1,6,27528,M,"49,2589000","1,2084700",27
202000017519,20,8,11,12:19,1,2,1,1,7,17300,M,"46,1652000"," -1,1202000",17
202000017520,20,8,11,12:10,1,2,1,1,6,13203,M,"43,3130630","5,3848440",13
202000017521,20,8,4,14:30,1,2,1,1,3,13201,M,"43,2990000","5,3825000",13
202000017522,20,8,12,12:30,1,2,1,1,4,13215,M,"43,3578000","5,3659000",13
202000017523,20,8,10,10:15,1,2,9,1,3,13208,M,"43,2628750","5,3967390",13
202000017524,20,8,12,15:30,1,1,9,8,2,13047,M,"43,4874500","4,9639300",13
202000017525,20,8,12,07:10,1,1,1,1,4,13005,M,"43,3069270","5,5745691",13
202000017526,20,8,11,15:48,1,2,1,1,2,11069,M,"43,2120000","2,3174000",11
202000017527,20,8,12,13:00,1,2,4,1,1,10387,M,"48,2689700","4,0847300",10
202000017528,20,8,11,20:45,5,2,1,1,6,06088,M,"43,7044730","7,2877420",06
202000017529,20,8,12,09:30,1,2,1,1,2,75116,M,"48,8635580","2,2657610",75
202000017530,20,8,12,01:50,5,2,1,1,3,75116,M,"48,8636070","2,2892980",75
202000017531,20,8,11,13:20,1,2,4,1,2,75116,M,"48,8772660","2,2796200",75
202000017532,20,8,12,14:34,1,2,1,1,3,75120,M,"48,8547200","2,4104850",75
202000017533,20,8,12,10:30,1,2,3,1,3,75117,M,"48,8976130","2,3241540",75
202000017534,20,8,12,09:45,1,2,1,1,6,75115,M,"48,8408000","2,2993820",75
202000017535,20,8,10,09:34,1,2,7,1,2,75115,M,"48,8354990","2,3023920",75
202000017536,20,8,12,15:25,1,2,2,1,3,75107,M,"48,8599350","2,3101680",75
202000017537,20,8,3,13:58,1,2,3,1,6,75109,M,"48,8759890","2,3384300",75
202000017538,20,8,12,12:58,1,2,4,1,3,75108,M,"48,8721400","2,3218070",75
202000017539,20,8,12,15:00,1,2,2,1,3,75107,M,"48,8625890","2,3190170",75
202000017540,20,8,11,17:40,2,2,1,2,6,75104,M,"48,8553940","2,3603700",75
202000017541,20,8,12,12:10,1,2,2,1,3,94042,M,"48,8212600","2,4719100",94
202000017542,20,8,12,11:30,1,2,1,1,6,94065,M,"48,7477200","2,3644000",94
202000017543,20,8,12,13:30,1,2,1,1,2,94079,M,"48,8255010","2,5365270",94
202000017544,20,8,12,19:50,1,2,7,1,2,94017,M,"48,8278000","2,4939000",94
202000017545,20,8,12,20:45,5,2,9,8,2,93005,M,"48,9305061","2,4826894",93
202000017546,20,8,12,19:00,1,2,1,3,5,93066,M,"48,9474758","2,3744230",93
202000017547,20,8,12,17:50,1,2,3,1,3,93053,M,"48,8941245","2,4706881",93
202000017548,20,8,11,20:30,1,2,1,1,6,93048,M,"48,8551000","2,4464000",93
202000017549,20,8,12,20:20,2,2,1,1,6,92062,M,"48,8845901","2,2276962",92
202000017550,20,8,12,15:00,1,2,1,1,3,92062,M,"48,8869890","2,2529295",92
202000017551,20,8,12,12:15,1,2,1,1,7,92044,M,"48,8988673","2,2938401",92
202000017552,20,8,12,11:00,1,2,1,1,3,92012,M,"48,8412570","2,2392020",92
202000017553,20,8,12,16:50,1,2,6,1,3,92007,M,"48,7945100","2,3165000",92
202000017554,20,8,12,15:00,1,2,1,1,2,92007,M,"48,7983017","2,3175808",92
202000017555,20,8,13,11:05,1,2,1,1,6,2A035,M,"41,6288730","8,8160200",2A
202000017556,20,8,13,17:50,1,1,1,8,1,86272,M,"46,8277850","0,4845790",86
202000017557,20,8,13,07:15,1,1,1,1,3,11068,M,"43,1799620","2,5623890",11
202000017558,20,8,12,18:15,1,1,1,1,1,33205,M,"44,6061780"," -0,3933730",33
202000017559,20,8,10,18:15,2,1,1,1,3,97227,A,"14,4790880"," -60,9633120",972
202000017560,20,8,6,13:10,1,1,1,1,2,97226,A,"14,4381350"," -60,8762310",972
202000017561,20,5,6,22:10,3,1,9,1,7,26337,M,"44,7072230","4,7858330",26
202000017562,20,8,13,14:40,1,1,1,1,2,22005,M,"48,5521080"," -3,3791170",22
202000017563,20,8,11,07:45,1,1,1,1,2,59462,M,"50,5254660","3,0047770",59
202000017564,20,8,13,11:18,1,1,1,2,4,19031,M,"45,1188720","1,5010500",19
202000017565,20,8,13,04:00,3,1,1,2,7,41136,M,"47,7147620","1,4766110",41
202000017566,20,7,30,09:35,1,1,1,1,2,34076,M,"43,6593030","3,4433130",34
202000017567,20,8,12,15:00,1,2,3,1,3,67434,M,"48,9329908","7,0891112",67
202000017568,20,8,11,12:10,1,2,6,1,3,79202,M,"46,6461880"," -0,2478040",79
202000017569,20,8,1,15:00,1,1,1,1,7,79066,M,"46,5076820"," -0,3663680",79
202000017570,20,8,13,14:20,1,1,3,1,3,2A085,M,"41,9114750","8,8372990",2A
202000017571,20,8,13,16:25,1,1,1,2,1,71561,M,"46,2449737","4,2161409",71
202000017572,20,8,13,07:10,1,2,2,1,3,61297,M,"48,6454000","0,4780550",61
202000017573,20,8,12,14:30,1,1,1,6,6,12069,M,"43,8766750","2,7019500",12
202000017574,20,8,13,00:00,3,1,1,8,1,47269,M,"44,1904210","0,7631640",47
202000017575,20,8,13,14:10,1,2,1,2,6,41060,M,"47,9685660","0,8930250",41
202000017576,20,8,13,11:30,1,1,1,1,7,34283,M,"43,8142470","3,3910420",34
202000017577,20,8,13,05:00,2,1,1,1,1,25512,M,"47,1513770","6,6972400",25
202000017578,20,8,11,18:20,1,1,3,1,5,29245,M,"48,4569100"," -4,3623350",29
202000017579,20,8,12,16:00,1,2,1,8,1,31091,M,"43,7183420","1,3955750",31
202000017580,20,8,13,11:50,1,2,1,1,3,38453,M,"45,1168300","5,3268700",38
202000017581,20,8,12,13:00,1,1,1,1,6,38006,M,"45,3917300","6,1013900",38
202000017582,20,8,13,15:30,1,1,1,1,5,03157,M,"46,2103884","3,5217316",03
202000017583,20,8,12,15:27,1,2,1,1,1,06163,M,"44,0564650","7,5867460",06
202000017584,20,8,13,15:00,1,1,1,1,6,50417,M,"49,5860930"," -1,3283370",50
202000017585,20,8,12,16:34,1,1,1,1,-1,83074,M,"43,7779874","6,6430353",83
202000017586,20,8,13,02:04,3,1,1,1,1,60471,M,"49,5706080","3,0219220",60
202000017587,20,8,13,12:00,1,1,8,1,1,60159,M,"49,4137404","2,9218270",60
202000017588,20,8,11,21:40,5,2,6,1,3,43268,M,"45,1439330","4,1185430",43
202000017589,20,8,12,17:45,1,1,1,1,1,07172,M,"45,2892260","4,7363470",07
202000017590,20,8,13,06:45,1,2,4,2,1,40168,M,"43,7825700"," -1,2255070",40
202000017591,20,8,12,17:00,1,2,1,8,6,23008,M,"45,9500340","2,1587440",23
202000017592,20,8,12,14:45,1,1,2,1,3,87137,M,"45,7412470","0,8020990",87
202000017593,20,8,13,08:20,1,1,1,1,6,37108,M,"47,1654165","1,0293230",37
202000017594,20,8,13,16:15,1,1,1,2,7,48038,M,"44,8466500","3,6697980",48
202000017595,20,8,13,13:20,1,1,1,1,4,72058,M,"47,9675430","0,3292890",72
202000017596,20,8,12,23:15,3,1,1,3,6,80443,M,"49,8106630","1,8417120",80
202000017597,20,8,10,21:15,5,2,3,1,3,97801,,"18,0687920"," -63,0357450",978
202000017598,20,10,9,17:15,1,1,1,1,6,14244,M,"48,9104600"," -0,1369370",14
202000017599,20,10,10,08:15,1,1,1,1,7,60259,M,"49,2039400","2,2675720",60
202000017600,20,8,13,09:00,1,1,1,1,3,01425,M,"46,1038950","5,2907860",01
202000017601,20,10,9,20:45,3,1,1,1,3,59139,M,"50,1058130","3,4050970",59
202000017602,20,7,28,08:05,1,1,1,1,5,67234,M,"48,9725382","7,0674947",67
202000017603,20,8,12,00:15,5,2,1,1,6,97230,A,"14,7422370"," -60,9633220",972
202000017604,20,10,7,18:55,2,1,1,1,2,83137,M,"43,1213200","5,9533100",83
202000017605,20,8,12,22:40,5,2,1,1,6,06099,M,"43,9549870","6,9162250",06
202000017606,20,8,12,15:15,1,1,1,1,6,39389,M,"46,7361250","5,8760760",39
202000017607,20,10,9,19:00,2,1,1,1,2,33013,M,"44,8650300"," -0,5038400",33
202000017608,20,8,13,10:15,1,2,1,1,6,71176,M,"46,4811876","3,9926332",71
202000017609,20,10,8,22:50,4,1,1,1,2,59350,M,"50,6218570","3,0217730",59
202000017610,20,8,12,18:12,1,1,1,1,3,68012,M,"47,7868790","7,1312210",68
202000017611,20,10,9,12:15,1,1,1,2,6,78524,M,"48,8389000","2,1108000",78
202000017612,20,10,8,21:40,5,2,1,2,6,98818,C," -22,2489800","166,4540800",988
202000017613,20,10,8,11:10,1,2,1,1,6,97411,R," -20,8900400","55,4644800",974
202000017614,20,8,12,13:45,1,1,1,1,1,57144,M,"49,1344310","6,8573250",57
202000017615,20,10,8,06:35,2,2,3,2,3,97411,R," -20,8863200","55,4398300",974
202000017616,20,8,12,12:15,1,2,1,1,1,74280,M,"45,8826710","6,3257650",74
202000017617,20,10,8,19:20,3,1,6,1,3,97302,G,"4,8970353"," -52,3284280",973
202000017618,20,8,11,19:10,1,1,1,1,-1,38205,M,"45,1433900","5,6099200",38
202000017619,20,8,12,13:50,1,1,1,8,3,85112,M,"46,5858690"," -1,7619540",85
202000017620,20,10,8,18:15,1,2,3,1,3,69383,M,"45,7628600","4,8471800",69
202000017621,20,8,6,05:00,3,1,1,1,6,50224,M,"48,9957310"," -0,9109750",50
202000017622,20,10,8,08:45,1,2,2,1,2,69387,M,"45,7360800","4,8365200",69
202000017623,20,8,12,19:30,2,1,3,3,3,27213,M,"49,1880250","1,6630230",27
202000017624,20,10,8,08:05,1,2,2,1,3,69386,M,"45,7651000","4,8532000",69
202000017625,20,8,12,16:10,1,1,1,1,4,33013,M,"44,8658900"," -0,5038800",33
202000017626,20,10,7,23:46,5,2,1,1,2,69383,M,"45,7557800","4,8680000",69
202000017627,20,8,4,22:55,3,1,1,1,2,59009,M,"50,6254090","3,1354240",59
202000017628,20,10,7,22:20,3,1,1,1,2,97213,A,"14,6322300"," -60,9799000",972
202000017629,20,8,12,17:00,1,1,1,1,3,94038,M,"48,7910400","2,3447000",94
202000017630,20,10,6,19:25,5,2,1,1,3,97213,A,"14,5962000"," -60,9925000",972
202000017631,20,10,8,15:10,1,2,6,1,3,95491,M,"49,0011800","2,2359900",95
202000017632,20,8,12,01:00,4,1,1,1,7,92050,M,"48,8937815","2,2323865",92
202000017633,20,10,8,22:50,5,2,1,1,6,91691,M,"48,7117200","2,4911700",91
202000017634,20,8,12,05:40,2,1,1,1,6,95151,M,"49,0648400","2,2615500",95
202000017635,20,10,6,12:30,1,2,4,2,3,91377,M,"48,7345000","2,2705000",91
202000017636,20,8,11,22:15,3,2,1,1,6,93001,M,"48,9208900","2,3717300",93
202000017637,20,10,8,08:40,2,2,1,1,1,91326,M,"48,6849600","2,3850300",91
202000017638,20,8,12,09:00,1,1,1,1,3,94046,M,"48,8129273","2,4489558",94
202000017639,20,10,8,07:56,5,2,1,2,2,87085,M,"45,8457259","1,2773431",87
202000017640,20,6,12,07:30,1,2,1,1,6,82121,M,"44,0094420","1,3684270",82
202000017641,20,10,7,16:20,1,2,2,1,2,86194,M,"46,5727372","0,3628925",86
202000017642,20,8,10,16:00,1,1,1,1,5,97407,R," -20,9551000","55,3126000",974
202000017643,20,10,7,11:05,1,2,6,1,3,86066,M,"46,8370800","0,5402900",86
202000017644,20,8,10,20:55,4,2,3,1,3,97302,G,"4,9275000"," -52,3192000",973
202000017645,20,10,5,17:45,1,2,9,8,3,84087,M,"44,1280400","4,8213100",84
202000017646,20,8,10,16:00,1,2,1,1,3,97302,G,"4,9354000"," -52,3126000",973
202000017647,20,10,7,17:50,1,2,1,1,6,78423,M,"48,7785600","2,0383000",78
202000017648,20,8,11,21:30,2,2,2,1,3,69388,M,"45,7469200","4,8671200",69
202000017649,20,8,11,15:45,1,2,2,1,3,69387,M,"45,7481700","4,8436600",69
202000017650,20,8,10,16:40,1,2,2,1,3,69383,M,"45,7637000","4,8430000",69
202000017651,20,8,11,08:40,1,2,1,1,6,69383,M,"45,7500000","4,8400000",69
202000017652,20,10,8,07:00,5,2,1,1,1,76575,M,"49,3816770","1,1097900",76
202000017653,20,8,11,06:30,1,2,1,1,7,97213,A,"14,6099136"," -60,9964371",972
202000017654,20,8,9,03:50,5,2,3,1,6,69382,M,"45,7532477","4,8338880",69
202000017655,20,10,7,16:10,1,2,3,1,3,76540,M,"49,4480700","1,0667100",76
202000017656,20,8,10,14:44,1,2,9,1,3,90010,M,"47,6415500","6,8571800",90
202000017657,20,10,7,08:42,1,2,3,1,6,76231,M,"49,2800451","1,0075128",76
202000017658,20,10,3,20:45,5,2,1,1,6,71486,M,"46,6437072","4,3779016",71
202000017659,20,6,27,11:20,1,1,1,1,5,84007,M,"43,8889600","4,9221000",84
202000017660,20,8,11,15:30,1,2,3,1,3,83137,M,"43,1202700","5,9472700",83
202000017661,20,10,8,20:30,2,2,1,1,2,69256,M,"45,7767300","4,9312400",69
202000017662,20,9,8,08:05,1,2,1,1,6,69264,M,"45,9953897","4,7162075",69
202000017663,20,8,10,12:10,1,2,3,1,3,83126,M,"43,0951920","5,8886640",83
202000017664,20,10,7,18:00,2,2,1,3,6,67447,M,"48,6098600","7,7518000",67
202000017665,20,7,8,06:55,1,2,6,7,6,82121,M,"44,0218100","1,3787100",82
202000017666,20,8,9,09:00,1,2,1,1,6,80021,M,"49,9115900","2,3095500",80
202000017667,20,10,7,23:40,5,2,2,1,3,66136,M,"42,6960416","2,9055807",66
202000017668,20,8,10,09:05,1,2,1,1,3,79191,M,"46,3149700"," -0,5058100",79
202000017669,20,10,7,15:40,1,2,1,1,3,65440,M,"43,2235900","0,0498510",65
202000017670,20,8,10,22:10,5,2,1,1,4,76540,M,"49,4326600","1,1080300",76
202000017671,20,10,8,15:00,1,2,2,1,2,64129,M,"43,3023000"," -0,3964800",64
202000017672,20,8,9,02:15,5,2,2,1,3,76681,M,"49,4110800","1,0769700",76
202000017673,20,9,5,14:30,1,2,3,1,3,62215,M,"50,4814500","2,9643600",62
202000017674,20,8,11,17:56,1,1,1,1,2,72095,M,"48,0401600","0,2125400",72
202000017675,20,8,11,17:45,1,2,1,1,6,68376,M,"47,8021963","7,3403037",68
202000017676,20,10,8,13:40,1,2,2,2,-1,62193,M,"50,9462600","1,8594400",62
202000017677,20,8,10,13:20,1,2,2,1,3,67482,M,"48,5725000","7,7659400",67
202000017678,20,10,7,08:50,1,2,6,7,3,62846,M,"50,4792600","2,7350200",62
202000017679,20,10,7,18:00,1,2,1,1,2,59426,M,"50,7449794","3,1536824",59
202000017680,20,8,10,09:25,1,2,1,1,2,67482,M,"48,5717110","7,7552160",67
202000017681,20,10,8,15:35,1,2,2,8,3,59368,M,"50,6486200","3,0693000",59
202000017682,20,10,7,10:47,1,2,2,2,6,54578,M,"48,6780902","6,1595549",54
202000017683,20,10,8,18:21,1,2,1,1,7,51454,M,"49,2750136","4,0177077",51
202000017684,20,8,8,23:53,5,2,2,1,3,66136,M,"42,6895930","2,8844190",66
202000017685,20,10,7,11:55,1,2,2,1,7,51108,M,"48,9546220","4,3525063",51
202000017686,20,8,9,16:37,1,1,1,1,2,66136,M,"42,7088300","2,9131300",66
202000017687,20,10,7,07:55,4,2,1,2,-1,50502,M,"49,1054800"," -1,0871400",50
202000017688,20,8,11,21:50,5,2,2,1,3,65440,M,"43,2288000","0,0830000",65
202000017689,20,10,7,13:10,1,2,1,1,1,49007,M,"47,4502000"," -0,5586500",49
202000017690,20,10,8,06:15,3,2,1,2,6,45232,M,"47,8396488","1,9141623",45
202000017691,20,8,10,17:00,1,2,1,1,7,64122,M,"43,4821428"," -1,5517684",64
202000017692,20,8,9,10:44,1,2,1,1,6,64125,M,"43,4298341"," -1,5998980",64
202000017693,20,8,11,13:10,1,2,9,1,7,64024,M,"43,4857920"," -1,5036560",64
202000017694,20,8,10,16:15,1,2,1,1,4,64102,M,"43,4900000"," -1,4559000",64
202000017695,20,8,10,16:25,1,2,1,1,7,64024,M,"43,4811000"," -1,5118000",64
202000017696,20,6,27,19:30,1,2,1,2,1,62842,M,"50,4599724","2,8311990",62
202000017697,20,8,9,14:40,1,2,1,1,2,59375,M,"50,4087500","3,2771700",59
202000017698,20,10,8,17:10,1,2,1,1,-1,44162,M,"47,2112200"," -1,6494200",44
202000017699,20,8,10,08:35,1,2,3,7,3,59017,M,"50,6816550","2,8740610",59
202000017700,20,10,7,08:00,1,2,1,2,3,41212,M,"47,5687400","1,3619800",41
202000017701,20,8,9,10:00,1,2,3,7,1,56098,M,"47,7686000"," -3,3448200",56
202000017702,20,10,8,09:45,1,2,1,1,3,38516,M,"45,1978000","5,7454000",38
202000017703,20,8,8,20:10,1,1,1,1,1,56098,M,"47,7877100"," -3,3214600",56
202000017704,20,10,8,08:40,1,2,2,1,-1,37122,M,"47,3304715","0,6641810",37
202000017705,20,8,8,18:00,2,2,1,7,6,56083,M,"47,7986300"," -3,2946500",56
202000017706,20,10,8,19:35,5,2,8,1,6,33063,M,"44,8356100"," -0,5753500",33
202000017707,20,8,1,18:20,1,2,1,1,3,52121,M,"48,1202870","5,1497930",52
202000017708,20,10,7,19:37,5,2,1,1,1,33063,M,"44,8298900"," -0,5732300",33
202000017709,20,8,11,09:10,1,2,1,1,7,51474,M,"49,2754470","4,0006361",51