Num_Acc,an,mois,jour,hrmn,lum,agg,int,atm,col,com,gps,lat,long,dep
202000017710,20,10,8,09:10,1,2,1,1,3,31555,M,"43,6150000","1,4478500",31
202000017711,20,8,10,17:05,1,2,9,1,1,50502,M,"49,1046700"," -1,0941100",50
202000017712,20,10,8,01:20,5,2,1,1,6,31555,M,"43,6378507","1,4441818",31
202000017713,20,8,10,08:55,1,2,1,1,6,50218,M,"48,8376400"," -1,5931300",50
202000017714,20,10,7,10:00,1,2,1,1,3,31555,M,"43,6105900","1,4434900",31
202000017715,20,8,10,02:40,4,2,1,1,-1,49328,M,"47,2794500"," -0,0707500",49
202000017716,20,10,6,11:50,1,1,1,2,6,31555,M,"43,6172900","1,3940300",31
202000017717,20,8,10,10:24,1,2,2,1,3,49007,M,"47,4753600"," -0,5485700",49
202000017718,20,10,3,16:58,1,2,1,3,6,31555,M,"43,6068177","1,4501523",31
202000017719,20,8,11,02:35,5,2,1,1,6,47323,M,"44,4194800","0,7005500",47
202000017720,20,10,3,15:20,1,1,1,2,2,31555,M,"43,6173900","1,3940600",31
202000017721,20,10,2,20:25,5,2,1,1,3,31069,M,"43,6478610","1,3832890",31
202000017722,20,8,11,17:45,1,2,2,1,1,45338,M,"47,9810800","2,7164500",45
202000017723,20,10,8,13:35,1,2,1,1,3,28134,M,"48,7340100","1,3609200",28
202000017724,20,8,11,13:15,1,2,1,1,2,45004,M,"47,9800300","2,7330500",45
202000017725,20,8,10,11:45,1,2,4,7,1,42207,M,"45,4467700","4,5049200",42
202000017726,20,10,3,20:20,5,2,2,2,3,26362,M,"44,9135100","4,8935500",26
202000017727,20,10,2,09:11,1,2,2,1,3,22215,M,"48,4924870"," -2,7953610",22
202000017728,20,7,20,18:25,1,2,6,1,3,40281,M,"43,8666700"," -0,4884700",40
202000017729,20,8,8,15:45,1,2,1,1,6,38185,M,"45,1648200","5,7016100",38
202000017730,20,10,8,09:55,1,2,6,1,3,15014,M,"44,9173001","2,4222627",15
202000017731,20,8,8,03:15,4,1,1,1,6,38179,M,"45,1687000","5,7971800",38
202000017732,20,10,2,07:45,2,2,1,1,6,15014,M,"44,9356800","2,4529300",15
202000017733,20,10,8,22:24,5,2,1,1,6,13213,M,"43,3367500","5,4522170",13
202000017734,20,8,11,15:25,1,2,6,1,3,33069,M,"44,8647700"," -0,5874000",33
202000017735,20,10,8,14:00,1,2,1,1,3,13212,M,"43,2913300","5,4169900",13
202000017736,20,10,8,11:00,1,2,1,1,6,13203,M,"43,3093800","5,3727100",13
202000017737,20,8,6,09:30,1,2,2,1,2,33318,M,"44,7994800"," -0,6632100",33
202000017738,20,10,8,09:20,1,2,1,1,2,13208,M,"43,2796600","5,3791100",13
202000017739,20,8,10,12:00,1,1,1,1,7,33529,M,"44,5607800"," -1,2344700",33
202000017740,20,10,7,15:54,1,2,1,1,4,10333,M,"48,2740140","4,0581780",10
202000017741,20,8,10,21:00,2,2,1,1,-1,31555,M,"43,6335870","1,4313830",31
202000017742,20,10,8,11:00,1,2,1,1,3,09122,M,"42,9627700","1,6039500",09
202000017743,20,10,7,17:35,1,1,1,1,2,06029,M,"43,5585000","6,9675000",06
202000017744,20,8,11,14:30,1,2,1,1,1,25056,M,"47,2442740","6,0179490",25
202000017745,20,10,7,17:00,1,1,1,1,2,02722,M,"49,3750000","3,2970700",02
202000017746,20,7,28,14:48,1,2,9,1,3,24037,M,"44,8343700","0,4490300",24
202000017747,20,8,7,20:40,1,1,2,1,3,23096,M,"46,1392470","1,8644360",23
202000017748,20,10,8,15:55,1,2,4,1,4,75119,M,"48,8873610","2,3968070",75
202000017749,20,10,8,09:30,1,2,1,1,3,75116,M,"48,8691710","2,2706870",75
202000017750,20,8,11,14:05,1,2,6,1,-1,17306,M,"45,6237243"," -1,0401186",17
202000017751,20,8,11,12:35,1,2,3,1,3,14137,M,"49,1871970"," -0,4257370",14
202000017752,20,10,7,06:35,5,2,1,1,6,75118,M,"48,9003070","2,3591960",75
202000017753,20,8,10,18:50,1,2,1,1,1,13206,M,"43,2907540","5,3832490",13
202000017754,20,10,6,17:10,1,2,3,2,6,75115,M,"48,8466190","2,2996600",75
202000017755,20,10,8,15:29,1,2,2,8,6,75118,M,"48,8883640","2,3495970",75
202000017756,20,8,10,17:30,1,2,1,1,6,13047,M,"43,4918800","4,9853200",13
202000017757,20,10,8,09:20,1,2,5,1,3,75118,M,"48,8884140","2,3480270",75
202000017758,20,8,8,06:05,1,2,2,1,3,11262,M,"43,1827800","2,9792100",11
202000017759,20,10,8,16:47,1,2,1,1,6,75116,M,"48,8693540","2,2798010",75
202000017760,20,10,8,17:30,1,2,3,1,2,75114,M,"48,8289360","2,3332450",75
202000017761,20,7,27,13:00,1,2,1,1,-1,11262,M,"43,1999100","2,9712400",11
202000017762,20,10,8,02:35,5,2,2,1,6,75114,M,"48,8246430","2,3195450",75
202000017763,20,8,6,08:11,1,2,1,1,6,06030,M,"43,5725910","7,0031450",06
202000017764,20,8,10,11:16,2,2,6,1,3,06123,M,"43,6660000","7,1960000",06
202000017765,20,10,7,20:05,5,2,3,1,3,75114,M,"48,8321830","2,3203880",75
202000017766,20,10,8,15:05,1,2,3,1,7,75113,M,"48,8277800","2,3567680",75
202000017767,20,8,10,17:20,1,2,1,1,2,02738,M,"49,6497800","3,3176500",02
202000017768,20,8,11,17:15,1,2,4,1,4,75118,M,"48,9006890","2,3442370",75
202000017769,20,10,8,08:35,1,2,3,1,3,75113,M,"48,8331830","2,3543880",75
202000017770,20,8,11,01:30,5,2,4,1,3,75117,M,"48,8962780","2,3099980",75
202000017771,20,10,8,10:35,1,2,1,1,2,75112,M,"48,8478390","2,3913390",75
202000017772,20,8,11,16:44,1,2,4,2,3,75114,M,"48,8223920","2,3143730",75
202000017773,20,10,8,07:10,2,2,2,1,3,75112,M,"48,8458420","2,3676420",75
202000017774,20,8,11,16:30,1,2,2,8,3,75113,M,"48,8281030","2,3848710",75
202000017775,20,8,11,10:44,1,2,1,1,3,75113,M,"48,8349730","2,3581040",75
202000017776,20,10,8,19:00,2,2,7,1,3,75108,M,"48,8647290","2,3017030",75
202000017777,20,8,11,09:45,1,2,3,1,6,75112,M,"48,8380970","2,3996650",75
202000017778,20,10,8,07:50,1,2,7,2,3,75108,M,"48,8643550","2,3202960",75
202000017779,20,8,11,16:25,1,2,7,1,3,75110,M,"48,8779050","2,3516070",75
202000017780,20,10,8,18:45,1,2,3,1,3,75103,M,"48,8634020","2,3615440",75
202000017781,20,8,11,13:40,1,2,4,7,7,75109,M,"48,8789890","2,3368380",75
202000017782,20,8,11,17:05,1,2,1,2,7,75102,M,"48,8653730","2,3469500",75
202000017783,20,10,8,11:00,1,2,1,8,6,75102,M,"48,8715750","2,3423890",75
202000017784,20,8,10,09:50,1,2,1,1,3,94076,M,"48,7820000","2,3677200",94
202000017785,20,10,8,09:25,1,2,3,1,3,75103,M,"48,8599810","2,3645570",75
202000017786,20,8,10,09:50,1,2,1,1,6,94028,M,"48,7956700","2,4634600",94
202000017787,20,8,11,14:20,1,2,1,1,6,94022,M,"48,7596640","2,4086680",94
202000017788,20,10,7,10:57,1,2,6,1,6,94068,M,"48,7900000","2,4880000",94
202000017789,20,8,11,15:15,1,2,1,1,6,94017,M,"48,8131400","2,5126100",94
202000017790,20,10,6,19:35,5,2,2,1,3,94068,M,"48,8018820","2,5143030",94
202000017791,20,8,11,18:40,1,2,1,2,3,93078,M,"48,9560732","2,5405555",93
202000017792,20,10,8,14:10,1,2,1,1,3,94046,M,"48,8107280","2,4254010",94
202000017793,20,8,11,10:20,1,2,1,1,2,93059,M,"48,9722900","2,3662200",93
202000017794,20,10,8,14:15,1,2,4,1,-1,94076,M,"48,8041900","2,3644900",94
202000017795,20,8,11,20:05,1,1,1,2,6,93015,M,"48,9244240","2,5741160",93
202000017796,20,10,8,17:25,1,2,9,1,6,94022,M,"48,7682330","2,4063710",94
202000017797,20,10,8,16:30,1,2,1,1,6,94022,M,"48,7653620","2,4052550",94
202000017798,20,8,10,21:25,5,2,2,1,3,93029,M,"48,9335000","2,4555000",93
202000017799,20,10,8,10:45,1,2,2,1,7,94022,M,"48,7548900","2,4115200",94
202000017800,20,8,11,11:25,1,2,3,1,6,93010,M,"48,9131566","2,4822312",93
202000017801,20,10,7,16:50,1,2,1,1,2,94019,M,"48,8056310","2,5327270",94
202000017802,20,8,10,17:48,1,2,2,1,3,92049,M,"48,8180073","2,3222646",92
202000017803,20,8,10,13:00,1,2,1,1,3,92020,M,"48,8027600","2,2790940",92
202000017804,20,10,8,09:20,1,2,1,1,6,94004,M,"48,7522210","2,5088500",94
202000017805,20,10,7,20:00,5,2,1,1,3,93031,M,"48,9533300","2,3075000",93
202000017806,20,10,8,09:25,1,2,1,1,2,93029,M,"48,9201100","2,4518600",93
202000017807,20,10,8,07:45,1,2,9,1,3,93029,M,"48,9253333","2,4410775",93
202000017808,20,10,8,07:20,1,2,1,8,2,93013,M,"48,9361837","2,4270859",93
202000017809,20,10,7,22:05,5,2,1,1,6,93014,M,"48,9066200","2,5376000",93
202000017810,20,10,8,16:20,1,2,6,8,7,92075,M,"48,8202200","2,2906400",92
202000017811,20,10,8,20:20,5,2,1,1,7,92040,M,"48,8298674","2,2608635",92
202000017812,20,10,8,06:45,5,2,1,2,3,92040,M,"48,8229633","2,2734637",92
202000017813,20,10,7,13:20,1,2,3,1,1,92026,M,"48,9007800","2,2445600",92
202000017814,20,10,6,20:05,5,2,5,8,3,92025,M,"48,9257770","2,2452620",92
202000017815,20,9,28,11:00,1,2,2,1,6,92024,M,"48,9008800","2,3080400",92
202000017816,20,10,8,18:45,2,2,1,1,6,92012,M,"48,8348415","2,2470649",92
202000017817,20,10,8,17:50,1,1,1,8,1,49244,M,"47,3205850"," -0,8927460",49
202000017818,20,10,8,17:00,1,1,1,1,1,97133,A,"15,9584560"," -61,7088800",971
202000017819,20,10,9,14:00,1,2,1,1,6,62390,M,"50,3879000","1,6099400",62
202000017820,20,8,12,12:00,1,1,2,1,3,84099,M,"43,8562850","5,0834300",84
202000017821,20,10,9,07:15,2,1,1,1,2,87107,M,"45,9355910","1,1894040",87
202000017822,20,10,8,07:45,2,1,1,1,2,35024,M,"48,1593730"," -1,6257190",35
202000017823,20,10,8,18:15,1,1,6,1,6,56185,M,"47,7770570"," -3,4188920",56
202000017824,20,10,8,15:20,1,1,1,2,7,76443,M,"49,5658830","1,1125480",76
202000017825,20,10,9,11:32,1,2,1,1,6,69063,M,"45,8167690","4,8401370",69
202000017826,20,10,8,11:00,1,1,3,1,3,32125,M,"43,7768110","0,1228130",32
202000017827,20,10,5,09:55,1,2,2,2,7,61342,M,"48,7506680","0,5814490",61
202000017828,20,10,8,20:20,3,1,1,1,4,42318,M,"45,3924649","3,9614075",42
202000017829,20,10,9,16:45,1,1,3,1,3,68259,M,"47,4672440","7,3473740",68
202000017830,20,10,9,13:20,1,1,1,1,5,25321,M,"47,0594850","6,6973040",25
202000017831,20,10,6,22:00,3,1,1,1,7,25271,M,"47,0521860","6,4771270",25
202000017832,20,10,9,11:10,1,1,1,1,2,25594,M,"47,1990730","5,8689310",25
202000017833,20,10,7,16:00,1,1,1,1,6,29184,M,"48,6105167"," -3,9852304",29
202000017834,20,10,9,17:45,1,1,1,1,6,31585,M,"43,1139190","0,6747200",31
202000017835,20,10,9,14:29,1,1,1,1,3,31375,M,"43,1902060","1,2220360",31
202000017836,20,10,9,15:20,1,1,1,1,5,02780,M,"49,3615330","3,4010840",02
202000017837,20,10,9,15:45,1,1,1,1,6,01373,M,"46,1276490","5,5556220",01
202000017838,20,10,9,05:00,3,1,1,2,6,72090,M,"48,0496350","0,4836880",72
202000017839,20,10,9,17:30,1,1,1,1,2,05017,M,"44,5738090","6,1715700",05
202000017840,20,10,9,06:45,3,2,1,1,1,64185,M,"42,9329870"," -0,5860200",64
202000017841,20,10,9,18:40,2,2,1,1,6,73121,M,"45,6378255","6,3111458",73
202000017842,20,10,5,07:45,1,1,1,1,2,30116,M,"43,9396790","4,5897640",30
202000017843,20,10,1,07:00,3,1,1,2,3,80160,M,"49,8519510","2,3495560",80
202000017844,20,10,8,17:15,1,1,1,1,2,97801,,"18,0987940"," -63,0502640",978
202000017845,20,10,9,15:40,1,1,1,1,3,95678,M,"49,0753420","2,2435710",95
202000017846,20,10,9,08:30,1,1,1,1,3,06018,M,"43,6348230","7,0713830",06
202000017847,20,10,8,18:09,1,1,9,8,6,86297,M,"46,5546820","0,2828830",86
202000017848,20,10,9,04:15,3,1,1,2,7,51015,M,"49,0749997","4,8553504",51
202000017849,20,10,9,16:25,1,2,6,1,2,07010,M,"45,2392960","4,6907010",07
202000017850,20,10,6,18:00,2,1,1,3,1,69064,M,"45,4881486","4,7566151",69
202000017851,20,10,6,18:49,3,1,1,1,1,98747,P," -17,7515450"," -149,2403540",987
202000017852,20,10,9,11:30,1,1,1,1,6,98826,C," -20,2272400","164,0783900",988
202000017853,20,10,9,17:35,1,2,1,1,2,2B042,M,"42,5649500","9,4409570",2B
202000017854,20,10,8,10:20,1,1,1,1,3,83115,M,"43,3227540","6,6532840",83
202000017855,20,10,9,14:37,1,2,1,1,6,13041,M,"43,4514510","5,4710040",13
202000017856,20,10,9,14:50,1,1,2,2,5,89083,M,"47,8198780","3,4525090",89
202000017857,20,10,9,10:05,1,1,6,2,3,57209,M,"49,0337320","6,5962280",57
202000017858,20,10,8,11:54,1,2,1,1,7,74056,M,"45,9816170","6,9254900",74
202000017859,20,8,16,02:15,3,1,1,1,6,73006,M,"45,5571818","6,6355007",73
202000017860,20,10,9,18:00,1,1,1,1,7,38496,M,"45,3388000","4,9114700",38
202000017861,20,10,8,21:25,5,2,3,1,3,38344,M,"45,3603600","4,7946900",38
202000017862,20,10,8,19:06,5,2,1,1,2,69052,M,"45,8759968","4,7108067",69
202000017863,20,10,7,11:30,1,2,2,1,6,33243,M,"44,9149750"," -0,2325210",33
202000017864,20,10,1,15:00,1,2,6,3,7,29058,M,"47,8907724"," -4,0138806",29
202000017865,20,10,1,10:25,1,1,1,8,1,27165,M,"48,9520390","0,9123210",27
202000017866,20,10,9,17:25,1,2,3,1,1,59012,M,"49,9939561","4,1246194",59
202000017867,20,10,8,22:00,5,2,3,8,7,59011,M,"50,5294130","2,9248070",59
202000017868,20,9,6,21:00,3,1,1,1,6,13015,M,"43,4385000","5,3962000",13
202000017869,20,10,8,16:40,1,1,1,1,2,13071,M,"43,4155200","5,2779010",13
202000017870,20,10,8,17:30,1,1,1,1,7,13215,M,"43,3904762","5,3509762",13
202000017871,20,10,8,08:55,1,1,1,1,2,13215,M,"43,3317000","5,3777000",13
202000017872,20,10,3,20:30,3,1,1,8,2,13203,M,"43,3618100","5,3612100",13
202000017873,20,10,8,16:25,1,1,1,1,4,33550,M,"44,7605600"," -0,5468700",33
202000017874,20,10,6,09:25,1,1,1,3,7,33063,M,"44,8839900"," -0,5586100",33
202000017875,20,10,8,07:45,1,1,1,1,-1,92036,M,"48,9347210","2,3019484",92
202000017876,20,10,8,07:15,3,1,1,1,2,78208,M,"48,8003510","1,9730560",78
202000017877,20,10,7,17:20,1,1,1,2,4,78490,M,"48,7997110","1,9637830",78
202000017878,20,10,7,16:15,1,1,1,1,2,92036,M,"48,9344018","2,2803241",92
202000017879,20,10,7,14:45,1,1,1,2,4,78043,M,"48,8422230","2,0997880",78
202000017880,20,10,7,11:20,1,1,1,1,7,95572,M,"49,0321919","2,1118276",95
202000017881,20,10,7,19:43,3,1,1,1,2,93005,M,"48,9504400","2,4776300",93
202000017882,20,10,8,18:15,1,1,1,1,3,77169,M,"48,8305360","2,6079490",77
202000017883,20,10,8,09:00,1,1,1,2,-1,77121,M,"48,8371000","2,6648000",77
202000017884,20,10,7,18:50,1,1,1,1,7,77058,M,"48,8282500","2,7263100",77
202000017885,20,10,7,08:00,1,1,1,2,-1,94069,M,"48,8165600","2,4515800",94
202000017886,20,10,7,20:15,5,1,1,1,7,97416,R," -21,2874000","55,4825000",974
202000017887,20,10,7,09:05,1,2,1,1,3,97302,G,"4,9230160"," -52,3168302",973
202000017888,20,10,6,06:55,1,2,1,1,3,97302,G,"4,9119098"," -52,3080647",973
202000017889,20,10,7,18:05,1,1,1,1,6,69383,M,"45,7516300","4,8717200",69
202000017890,20,10,7,17:15,1,2,3,1,3,69286,M,"45,8156900","4,8778900",69
202000017891,20,10,6,20:00,5,2,1,1,1,69142,M,"45,7271000","4,8128700",69
202000017892,20,10,7,05:40,1,2,1,1,6,97101,A,"16,2739300"," -61,5046700",971
202000017893,20,9,30,15:55,1,2,1,1,6,95197,M,"48,9753700","2,3323200",95
202000017894,20,10,6,20:20,4,2,6,1,3,91161,M,"48,6965540","2,3065930",91
202000017895,20,10,7,14:15,1,2,1,1,2,91286,M,"48,6556400","2,3802600",91
202000017896,20,12,21,18:44,3,1,1,8,4,33039,M,"44,8122800"," -0,5337900",33
202000017897,20,12,22,01:25,5,1,1,1,7,31555,M,"43,6493900","1,4216100",31
202000017898,20,12,20,10:10,1,1,1,1,3,31555,M,"43,6535500","1,4254600",31
202000017899,20,10,28,19:30,5,2,1,1,6,27229,M,"49,0235000","1,1340000",27
202000017900,20,12,21,15:00,1,2,9,2,3,25056,M,"47,2316000","6,0187000",25
202000017901,20,12,21,11:40,1,2,1,5,3,21231,M,"47,3181576","5,0205792",21
202000017902,20,12,21,10:20,1,1,1,2,2,21223,M,"47,3459811","4,9944512",21
202000017903,20,12,22,08:30,2,2,2,1,3,14327,M,"49,2080600"," -0,3394100",14
202000017904,20,12,22,16:30,1,2,7,1,2,13210,M,"43,2835076","5,3989461",13
202000017905,20,12,22,08:00,1,2,1,1,6,13211,M,"43,2937260","5,4803250",13
202000017906,20,12,22,01:30,5,2,1,1,6,13215,M,"43,3721295","5,3489417",13
202000017907,20,12,21,17:30,5,2,1,2,4,13047,M,"43,5000900","4,9756900",13
202000017908,20,12,8,18:05,5,2,1,8,6,13001,M,"43,5259600","5,4423900",13
202000017909,20,12,21,15:25,1,2,1,1,3,11069,M,"43,2054000","2,3094000",11
202000017910,20,12,21,09:51,1,2,1,2,6,10081,M,"48,3100240","4,0258200",10
202000017911,20,12,21,14:02,1,2,9,1,3,05061,M,"44,5390000","6,0646000",05
202000017912,20,12,22,06:55,3,2,1,2,1,01451,M,"46,2356979","5,2283319",01
202000017913,20,12,21,22:10,5,2,1,2,4,75119,M,"48,9006150","2,3724800",75
202000017914,20,12,22,14:10,1,2,4,1,3,75118,M,"48,8952170","2,3465960",75
202000017915,20,12,22,11:15,1,2,2,2,6,75118,M,"48,8933670","2,3382550",75
202000017916,20,12,21,18:25,5,2,1,1,6,75117,M,"48,8948140","2,3144500",75
202000017917,20,12,21,15:00,1,2,1,2,3,75116,M,"48,8664250","2,2949190",75
202000017918,20,12,22,13:35,1,2,4,2,3,75114,M,"48,8415340","2,3235310",75
202000017919,20,12,21,17:45,5,2,3,2,6,75113,M,"48,8338450","2,3651710",75
202000017920,20,12,22,11:45,1,2,1,1,6,75112,M,"48,8399690","2,3980680",75
202000017921,20,12,22,04:55,5,2,1,3,6,75112,M,"48,8351140","2,3803680",75
202000017922,20,12,22,08:00,2,2,3,8,3,75111,M,"48,8690300","2,3717630",75
202000017923,20,12,22,19:30,5,2,1,1,6,75108,M,"48,8733440","2,3239380",75
202000017924,20,12,22,13:40,1,2,3,8,6,75101,M,"48,8616120","2,3480740",75
202000017925,20,12,22,19:35,5,2,1,2,3,94080,M,"48,8480000","2,4403600",94
202000017926,20,12,22,07:00,3,1,1,2,2,94073,M,"48,7538000","2,3743200",94
202000017927,20,12,21,09:48,1,2,9,2,3,94028,M,"48,7719420","2,4399810",94
202000017928,20,12,22,18:35,5,2,1,2,7,94059,M,"48,8164924","2,5612824",94
202000017929,20,12,22,07:45,5,2,4,2,6,94079,M,"48,8257600","2,5411400",94
202000017930,20,12,22,12:00,1,2,1,1,6,94069,M,"48,8153883","2,4552955",94
202000017931,20,12,21,15:05,1,2,1,2,6,94002,M,"48,8077200","2,4179200",94
202000017932,20,12,21,22:05,5,2,3,2,3,93073,M,"48,9805601","2,5554204",93
202000017933,20,12,22,09:10,1,2,1,2,6,93071,M,"48,9384629","2,5132675",93
202000017934,20,12,22,21:05,5,2,2,3,7,93048,M,"48,8530288","2,4420981",93
202000017935,20,12,22,19:30,5,2,1,2,2,93046,M,"48,9257000","2,5294700",93
202000017936,20,12,22,17:16,5,2,2,1,6,93079,M,"48,9645300","2,3440900",93
202000017937,20,12,22,12:35,1,2,2,2,6,93057,M,"48,9028352","2,5082561",93
202000017938,20,12,22,18:10,5,2,1,1,6,93005,M,"48,9494200","2,5191900",93
202000017939,20,12,22,15:05,1,2,2,2,3,93001,M,"48,9191050","2,3863043",93
202000017940,20,12,22,09:30,1,2,1,2,6,92075,M,"48,8154300","2,2788000",92
202000017941,20,12,21,22:12,3,2,1,2,7,92062,M,"48,8874300","2,2443600",92
202000017942,20,12,22,17:45,3,1,2,1,3,42332,M,"45,9922360","3,9971140",42
202000017943,20,12,23,13:45,1,1,1,2,1,67073,M,"48,2823150","7,3677170",67
202000017944,20,12,22,17:18,2,2,4,1,3,69283,M,"45,6754181","4,9701487",69
202000017945,20,12,23,12:30,1,1,6,1,4,62207,M,"50,4402330","1,7251060",62
202000017946,20,12,23,17:50,3,1,1,8,6,76726,M,"49,7089610","0,2817710",76
202000017947,20,12,23,16:10,1,2,2,7,6,79063,M,"47,0459820"," -0,3537180",79
202000017948,20,12,22,17:10,2,2,5,8,1,89464,M,"48,0890740","3,2866770",89
202000017949,20,12,23,01:00,3,1,1,1,6,89362,M,"47,5864480","3,7724730",89
202000017950,20,12,22,18:50,3,1,1,5,6,12052,M,"44,5684200","2,0734550",12
202000017951,20,12,22,16:25,1,1,2,1,3,46016,M,"44,9090700","1,5411210",46
202000017952,20,12,23,15:30,1,1,2,1,3,41241,M,"47,3378190","1,9313300",41
202000017953,20,12,22,14:00,1,2,1,1,6,34178,M,"43,4388280","3,1428410",34
202000017954,20,12,22,13:00,1,2,1,1,-1,44131,M,"47,1347000"," -2,1093170",44
202000017955,20,12,23,11:15,1,1,3,1,3,31225,M,"43,2016450","1,1739760",31
202000017956,20,12,22,14:55,1,2,1,2,6,70421,M,"47,6882570","6,0452630",70
202000017957,20,12,23,17:15,2,1,1,2,5,14425,M,"49,0846500","0,1086190",14
202000017958,20,12,22,11:00,1,2,1,1,6,43185,M,"45,3972670","3,3055650",43
202000017959,20,12,23,13:30,1,1,1,2,6,10204,M,"48,1432960","4,0717010",10
202000017960,20,12,23,10:00,1,1,9,1,3,07089,M,"45,3099220","4,7527240",07
202000017961,20,12,17,14:30,1,2,1,1,7,53043,M,"48,1504117"," -0,5219793",53
202000017962,20,12,22,12:33,1,2,1,1,1,37014,M,"47,2719341","0,4242760",37
202000017963,20,12,22,10:15,1,2,2,1,6,24194,M,"44,8369980","0,3328060",24
202000017964,20,12,21,09:00,1,1,1,1,5,97307,G,"4,8957040"," -52,3296400",973
202000017965,20,12,22,18:30,3,1,9,8,5,91159,M,"48,5294560","2,4209090",91
202000017966,20,12,23,07:50,2,2,3,8,1,44103,M,"47,3058840"," -2,1805880",44
202000017967,20,12,22,19:40,3,1,1,1,6,06149,M,"43,7416150","7,3323870",06
202000017968,20,12,22,13:55,1,1,1,2,2,57660,M,"49,1961200","6,9339180",57
202000017969,20,12,21,15:50,1,1,1,3,6,21590,M,"47,0582351","4,8208098",21
202000017970,20,12,22,19:30,3,1,1,1,6,97112,A,"15,9315160"," -61,3129810",971
202000017971,20,12,23,09:50,1,1,1,3,7,45139,M,"48,1869730","2,3398730",45
202000017972,20,12,23,02:15,3,1,1,1,6,2B188,M,"42,6042850","9,3569610",2B
202000017973,20,12,22,15:10,1,2,1,1,6,89050,M,"47,9267120","3,5210610",89
202000017974,20,12,15,17:50,5,2,2,1,3,54063,M,"48,8444690","5,8411700",54
202000017975,20,12,23,17:50,3,1,3,1,1,38215,M,"45,5853920","4,9725900",38
202000017976,20,12,23,19:20,5,2,9,2,3,69190,M,"45,7716050","4,6941980",69
202000017977,20,12,22,19:00,3,1,1,1,3,31384,M,"43,4753127","1,5803504",31
202000017978,20,12,21,08:30,1,2,1,2,6,33243,M,"44,9195700"," -0,2421300",33
202000017979,20,12,22,19:15,5,2,1,3,6,72154,M,"47,6960760"," -0,0706440",72
202000017980,20,12,22,17:30,2,2,6,2,2,29124,M,"48,5742330"," -4,3166940",29
202000017981,20,12,22,17:15,5,2,1,3,4,60139,M,"49,1673240","2,2508970",60
202000017982,20,12,22,10:30,1,1,1,1,2,13211,M,"43,2885243","5,4436012",13
202000017983,20,12,21,14:40,1,1,1,1,4,13070,M,"43,2857700","5,5129500",13
202000017984,20,12,22,17:40,3,1,1,1,3,69290,M,"45,6910900","4,9665000",69
202000017985,20,12,22,13:45,1,1,1,1,2,69297,M,"45,5883900","4,7916300",69
202000017986,20,12,17,07:35,3,1,1,1,3,67365,M,"48,5384000","7,7178800",67
202000017987,20,12,22,20:10,3,1,1,2,7,91645,M,"48,7600300","2,2677300",91
202000017988,20,12,22,11:45,1,1,1,1,3,94037,M,"48,8079000","2,3474000",94
202000017989,20,12,22,11:24,1,1,1,2,6,91521,M,"48,6355800","2,4010900",91
202000017990,20,12,18,16:15,1,1,1,1,2,91228,M,"48,6179170","2,4277790",91
202000017991,20,12,22,20:14,3,1,1,2,2,78126,M,"48,8378950","2,1244260",78
202000017992,20,12,21,23:15,3,1,1,1,6,92048,M,"48,8086720","2,2121237",92
202000017993,20,12,22,19:00,3,1,1,2,2,95572,M,"49,0373600","2,1222200",95
202000017994,20,12,22,15:15,1,1,1,2,2,93007,M,"48,9344900","2,4809100",93
202000017995,20,12,22,09:00,1,1,1,2,6,93027,M,"48,9285522","2,4156886",93
202000017996,20,12,22,05:15,3,1,1,2,6,93078,M,"48,9738700","2,4894400",93
202000017997,20,12,21,21:16,5,1,9,2,2,93008,M,"48,9098317","2,4451752",93
202000017998,20,12,21,14:30,1,1,1,2,6,93027,M,"48,9285600","2,4146700",93
202000017999,20,12,21,10:20,1,1,1,3,5,93027,M,"48,9226390","2,3803640",93
202000018000,20,12,22,16:30,2,1,1,2,3,94079,M,"48,8336000","2,5352100",94
202000018001,20,12,22,10:00,1,1,1,2,2,94065,M,"48,7539000","2,3516300",94
202000018002,20,12,22,05:30,3,1,1,3,6,94073,M,"48,7639305","2,3806453",94
202000018003,20,5,24,18:30,1,1,1,1,4,67152,M,"48,5233474","7,6446708",67
202000018004,20,5,20,19:17,1,1,1,7,1,67462,M,"48,2836200","7,4588200",67
202000018005,20,5,16,08:31,1,1,1,1,1,67180,M,"48,8702800","7,7116400",67
202000018006,20,9,7,15:35,1,2,3,1,6,38185,M,"45,1901900","5,7220900",38
202000018007,20,9,2,08:45,1,2,1,1,6,38185,M,"45,1892600","5,7194600",38
202000018008,20,8,23,18:40,1,2,2,1,6,38185,M,"45,1734000","5,7401400",38
202000018009,20,11,26,09:15,1,2,1,1,6,97611,Y," -12,7691000","45,2241100",976
202000018010,20,12,18,20:40,5,2,1,1,3,97416,R," -21,3423000","55,4735300",974
202000018011,20,12,20,08:04,1,2,1,1,1,97416,R," -21,3475590","55,4946360",974
202000018012,20,12,21,17:42,5,2,2,2,6,69388,M,"45,7417791","4,8620886",69
202000018013,20,12,20,22:10,5,2,1,1,7,97213,A,"14,6181540"," -61,0355100",972
202000018014,20,12,20,16:00,1,2,6,1,3,97209,A,"14,6044111"," -61,0606813",972