Num_Acc,an,mois,jour,hrmn,lum,agg,int,atm,col,com,gps,lat,long,dep
202000018015,20,12,21,17:40,5,2,2,2,6,69385,M,"45,7636100","4,7954100",69
202000018016,20,12,20,20:50,5,2,1,1,6,97107,A,"16,0429848"," -61,5648508",971
202000018017,20,12,21,20:20,5,2,3,2,3,95127,M,"49,0372300","2,0858200",95
202000018018,20,12,21,08:10,2,2,3,2,2,91027,M,"48,7058100","2,4013000",91
202000018019,20,12,18,17:22,1,2,1,1,2,87085,M,"45,8455000","1,2771300",87
202000018020,20,12,20,16:15,1,2,1,1,3,81257,M,"43,9438000","2,2057100",81
202000018021,20,12,20,00:30,3,2,1,2,7,81144,M,"43,9738100","2,1590500",81
202000018022,20,12,17,18:43,5,2,1,1,3,80001,M,"50,1129896","1,8308941",80
202000018023,20,12,21,08:45,2,2,6,3,-1,78133,M,"48,9039200","2,0544800",78
202000018024,20,12,21,18:20,5,2,1,2,6,78440,M,"48,9814360","1,9123650",78
202000018025,20,12,21,20:10,5,2,3,2,3,78498,M,"48,9333700","2,0492500",78
202000018026,20,12,19,16:00,1,2,2,1,3,76540,M,"49,4469200","1,0607100",76
202000018027,20,12,18,18:55,5,2,2,1,2,76351,M,"49,5048700","0,1122900",76
202000018028,20,12,20,04:15,5,2,1,1,6,76351,M,"49,5147540","0,1073210",76
202000018029,20,12,7,00:58,5,2,9,1,7,68224,M,"47,7489800","7,3538100",68
202000018030,20,12,19,20:10,5,2,1,1,5,67482,M,"48,5713100","7,7567000",67
202000018031,20,12,18,21:09,5,2,1,5,-1,67482,M,"48,5898600","7,7026900",67
202000018032,20,12,16,17:46,5,2,3,5,1,67462,M,"48,2706189","7,4583575",67
202000018033,20,12,21,07:25,5,2,1,8,7,64024,M,"43,5010600"," -1,4929600",64
202000018034,20,12,20,20:06,5,2,2,1,3,63113,M,"45,7768200","3,0786800",63
202000018035,20,12,18,00:15,5,2,1,2,7,62041,M,"50,2917030","2,7824410",62
202000018036,20,12,21,18:00,5,2,1,1,5,59009,M,"50,6622200","3,1378800",59
202000018037,20,12,21,15:30,1,2,1,8,6,59350,M,"50,6456900","2,9869700",59
202000018038,20,12,18,10:15,1,2,1,1,6,59350,M,"50,6376900","3,0714400",59
202000018039,20,12,18,15:25,1,2,7,1,6,56162,M,"47,7338900"," -3,4285200",56
202000018040,20,12,19,08:15,1,2,3,1,6,54329,M,"48,5916000","6,5068700",54
202000018041,20,12,21,10:20,1,2,1,1,7,49246,M,"47,4319400"," -0,5350000",49
202000018042,20,11,28,12:40,1,2,1,1,3,47323,M,"44,4203400","0,7180400",47
202000018043,20,12,21,06:45,5,2,1,2,3,45068,M,"48,0212612","2,7230714",45
202000018044,20,12,17,15:25,1,2,1,1,3,44184,M,"47,2845000"," -2,2427000",44
202000018045,20,12,21,17:30,2,2,1,2,1,43157,M,"45,0558800","3,9014100",43
202000018046,20,12,21,12:05,1,2,1,3,1,41295,M,"47,5742800","1,3937800",41
202000018047,20,12,18,16:20,1,1,1,1,-1,37233,M,"47,4031244","0,7552568",37
202000018048,20,12,21,19:00,3,1,1,2,2,35206,M,"48,0800300"," -1,6819200",35
202000018049,20,11,24,17:35,2,2,2,1,-1,33162,M,"44,8820200"," -0,6299200",33
202000018050,20,12,21,08:48,1,2,3,2,2,33162,M,"44,8801700"," -0,6280200",33
202000018051,20,12,4,18:15,5,2,6,8,6,33281,M,"44,8304500"," -0,6584500",33
202000018052,20,12,20,01:50,5,2,1,1,6,31555,M,"43,5914130","1,4606510",31
202000018053,20,12,19,19:02,5,2,1,1,6,31557,M,"43,5748724","1,3452941",31
202000018054,20,12,18,18:15,4,2,1,1,6,31149,M,"43,5971700","1,3496300",31
202000018055,20,12,18,17:35,5,2,1,1,3,31555,M,"43,6421500","1,4664300",31
202000018056,20,12,18,16:30,1,1,1,1,4,31555,M,"43,6077900","1,3895500",31
202000018057,20,12,18,12:50,1,2,1,1,2,31555,M,"43,6068300","1,4580800",31
202000018058,20,12,21,02:34,5,2,6,2,6,30189,M,"43,8221100","4,3644500",30
202000018059,20,12,17,16:00,1,2,3,1,6,27229,M,"49,0239530","1,1741970",27
202000018060,20,12,21,18:20,3,2,1,9,4,26198,M,"44,5419800","4,7307190",26
202000018061,20,12,21,21:20,5,2,1,8,1,25056,M,"47,2484400","6,0210700",25
202000018062,20,12,21,13:45,1,2,1,2,6,17300,M,"46,1630000"," -1,1551000",17
202000018063,20,12,21,07:48,5,2,1,2,6,16166,M,"45,6644920","0,2007440",16
202000018064,20,12,16,17:30,3,2,9,3,6,14118,M,"49,1800000"," -0,3700000",14
202000018065,20,12,21,08:30,1,2,1,1,6,13208,M,"43,2469840","5,3960950",13
202000018066,20,12,21,06:25,5,2,1,2,7,13214,M,"43,3395400","5,3890700",13
202000018067,20,12,21,13:20,1,2,6,1,3,13028,M,"43,1897815","5,6286706",13
202000018068,20,12,19,11:57,1,2,5,1,3,10387,M,"48,2914000","4,0709900",10
202000018069,20,12,20,14:35,1,2,1,1,6,08480,M,"49,7427000","4,7389600",08
202000018070,20,12,18,18:20,3,1,1,2,7,07316,M,"44,9028000","4,8528900",07
202000018071,20,12,21,12:10,1,2,1,1,4,06088,M,"43,7140000","7,2717000",06
202000018072,20,12,21,16:25,1,2,9,1,3,06083,M,"43,8037000","7,4876900",06
202000018073,20,12,19,11:55,1,2,3,2,3,05061,M,"44,5549600","6,0746100",05
202000018074,20,12,18,17:40,3,1,3,1,1,05061,M,"44,5797243","6,0820900",05
202000018075,20,12,21,01:05,5,2,4,1,3,75113,M,"48,8257800","2,3870430",75
202000018076,20,12,20,11:10,1,2,1,1,2,75113,M,"48,8253570","2,3853880",75
202000018077,20,12,19,18:10,5,2,1,1,2,75112,M,"48,8330990","2,4071660",75
202000018078,20,12,21,18:24,5,2,5,2,3,75116,M,"48,8650620","2,2344450",75
202000018079,20,12,21,10:35,1,2,2,2,3,75115,M,"48,8392490","2,2919050",75
202000018080,20,12,21,21:30,5,2,1,1,7,75120,M,"48,8704460","2,3871960",75
202000018081,20,12,21,15:45,1,2,7,2,7,75117,M,"48,8872200","2,3051410",75
202000018082,20,12,21,07:30,5,2,3,3,6,75117,M,"48,8989020","2,3223360",75
202000018083,20,12,21,08:50,1,2,2,3,3,75111,M,"48,8575350","2,3869470",75
202000018084,20,12,21,08:05,5,2,3,3,6,75107,M,"48,8574700","2,2910820",75
202000018085,20,12,21,16:00,1,2,2,2,3,94003,M,"48,8076000","2,3342200",94
202000018086,20,12,21,17:50,5,2,3,2,1,94073,M,"48,7544000","2,3862000",94
202000018087,20,12,21,16:10,2,2,1,2,4,94028,M,"48,7778860","2,4420510",94
202000018088,20,12,20,15:45,1,2,9,1,3,94002,M,"48,8146900","2,4167600",94
202000018089,20,12,19,12:00,1,2,2,2,3,94002,M,"48,8022000","2,4243700",94
202000018090,20,11,15,12:40,1,2,1,2,2,94059,M,"48,8081600","2,5697700",94
202000018091,20,11,16,18:12,5,2,1,1,2,93066,M,"48,9454619","2,3511654",93
202000018092,20,11,15,20:10,5,2,1,1,6,93064,M,"48,8746100","2,4846000",93
202000018093,20,11,16,13:58,1,2,2,1,3,93010,M,"48,9109200","2,4744600",93
202000018094,20,11,16,11:20,1,2,3,1,3,92064,M,"48,8524568","2,2162664",92
202000018095,20,11,16,11:50,1,2,9,1,6,92050,M,"48,9105382","2,2141086",92
202000018096,20,11,15,09:05,1,2,1,1,6,92049,M,"48,8151100","2,3174900",92
202000018097,20,11,16,07:40,2,2,1,8,-1,92024,M,"48,8993404","2,3135490",92
202000018098,20,11,16,16:30,1,1,1,1,1,01156,M,"45,9149930","5,1206860",01
202000018099,20,11,17,07:59,1,2,3,1,6,07295,M,"44,8215220","4,5846350",07
202000018100,20,11,17,17:35,2,1,2,1,1,84037,M,"44,0379820","4,8542830",84
202000018101,20,11,16,19:00,5,2,1,1,1,65044,M,"43,2723700","0,2388600",65
202000018102,20,10,18,20:15,3,1,1,1,3,80025,M,"50,3570160","1,8053410",80
202000018103,20,11,17,07:26,2,1,1,1,7,65456,M,"43,1424170","0,4543440",65
202000018104,20,11,16,10:00,1,1,1,2,3,65018,M,"42,9759830"," -0,2856390",65
202000018105,20,11,17,10:35,1,1,1,1,6,11359,M,"43,3330055","1,7518795",11
202000018106,20,11,17,10:10,1,1,1,1,5,71442,M,"46,8412064","4,6446497",71
202000018107,20,11,16,12:30,1,1,1,2,1,39055,M,"46,7449040","6,0581870",39
202000018108,20,11,15,23:30,3,1,1,1,6,35105,M,"48,1135060"," -1,1061430",35
202000018109,20,8,21,16:30,1,2,4,1,6,29158,M,"47,8158090"," -4,3737550",29
202000018110,20,11,5,10:50,1,2,1,1,6,31202,M,"43,8403230","1,3888340",31
202000018111,20,11,16,22:30,3,1,1,1,7,03093,M,"46,1891900","3,4460270",03
202000018112,20,11,16,08:20,1,1,2,2,3,28405,M,"48,7465680","1,2779330",28
202000018113,20,11,16,09:10,1,1,1,2,3,78561,M,"48,7313700","2,0042970",78
202000018114,20,11,16,16:15,1,2,1,8,6,78571,M,"48,8644500","2,0265400",78
202000018115,20,11,16,15:00,1,1,2,1,3,44073,M,"47,4443140"," -1,5879700",44
202000018116,20,11,16,08:35,1,2,1,1,6,74159,M,"46,0209670","6,6210600",74
202000018117,20,11,17,16:10,1,2,1,1,6,98613,W," -22,2800520","166,4486490",986
202000018118,20,11,17,05:15,2,1,1,2,1,97417,R," -21,3559970","55,7755660",974
202000018119,20,11,16,19:55,3,1,1,1,7,26358,M,"44,8003980","4,9935870",26
202000018120,20,11,16,13:12,1,2,2,1,3,69089,M,"45,7473830","4,7562160",69
202000018121,20,10,23,23:15,3,1,1,2,6,33449,M,"44,8933520"," -0,6836790",33
202000018122,20,11,10,16:40,1,2,2,1,1,22070,M,"48,5629220"," -3,1516810",22
202000018123,20,11,17,13:35,1,2,1,1,6,27275,M,"49,1587650","1,3450580",27
202000018124,20,11,16,17:19,5,1,1,1,2,94034,M,"48,7580260","2,3268916",94
202000018125,20,11,16,07:00,5,1,1,1,4,91553,M,"48,6303200","2,4853800",91
202000018126,20,11,16,03:10,3,1,1,1,2,91687,M,"48,6621000","2,3688600",91
202000018127,20,11,14,23:35,3,1,1,1,7,91363,M,"48,6685200","2,1924600",91
202000018128,20,11,16,18:00,3,1,1,1,6,92072,M,"48,8220279","2,2218178",92
202000018129,20,11,16,13:20,1,1,1,1,6,95555,M,"48,9772300","2,2847400",95
202000018130,20,11,15,11:50,1,2,1,1,6,69383,M,"45,7567641","4,8667030",69
202000018131,20,11,15,15:55,1,2,3,1,6,69381,M,"45,7659000","4,8308000",69
202000018132,20,11,12,11:40,1,2,1,1,6,95555,M,"48,9692400","2,2846800",95
202000018133,20,11,14,21:40,5,2,1,1,4,95637,M,"49,0375400","2,0161300",95
202000018134,20,11,14,11:50,1,2,1,1,2,91201,M,"48,6822100","2,4086000",91
202000018135,20,11,14,16:20,1,1,9,1,3,83144,M,"43,1395600","5,9785800",83
202000018136,20,11,15,22:00,3,1,6,1,7,83069,M,"43,1719500","6,1181500",83
202000018137,20,11,15,02:55,3,1,1,1,6,81033,M,"44,0322900","2,1390300",81
202000018138,20,11,15,19:15,5,2,1,8,6,59350,M,"50,6086000","3,0402400",59
202000018139,20,10,14,11:30,1,2,1,1,6,59350,M,"50,6409900","3,0185300",59
202000018140,20,11,14,17:50,5,1,1,1,4,45285,M,"47,9113268","1,8670239",45
202000018141,20,11,15,16:10,2,2,6,3,3,33318,M,"44,7913000"," -0,6498900",33
202000018142,20,11,15,11:40,1,2,6,9,3,33167,M,"44,8430300"," -0,5114800",33
202000018143,20,11,10,15:20,1,2,1,1,6,30028,M,"44,1583300","4,6318500",30
202000018144,20,11,13,12:55,1,2,1,1,3,26058,M,"44,9435200","4,8943300",26
202000018145,20,11,15,03:15,5,2,1,1,7,18033,M,"47,0875000","2,3996300",18
202000018146,20,11,15,21:00,5,2,1,1,7,13210,M,"43,2756900","5,4093300",13
202000018147,20,11,15,18:30,2,2,1,1,6,13211,M,"43,2838300","5,4935700",13
202000018148,20,11,15,20:00,5,2,1,8,2,06088,M,"43,7004700","7,2941700",06
202000018149,20,11,13,13:30,1,2,1,1,3,75105,M,"48,8479080","2,3539470",75
202000018150,20,11,15,13:55,1,2,2,3,3,75118,M,"48,8838590","2,3494700",75
202000018151,20,11,14,09:50,1,2,5,1,3,75116,M,"48,8649870","2,2886690",75
202000018152,20,11,15,12:25,1,2,1,2,7,75115,M,"48,8463510","2,2820670",75
202000018153,20,11,15,01:15,5,2,1,1,3,75112,M,"48,8296840","2,3913560",75
202000018154,20,11,14,23:00,5,2,2,1,3,75112,M,"48,8389440","2,3881170",75
202000018155,20,11,15,19:30,5,2,1,2,6,94081,M,"48,7824900","2,3919350",94
202000018156,20,11,15,16:30,1,2,1,2,3,94078,M,"48,7388200","2,4542590",94
202000018157,20,11,15,02:05,5,2,2,1,3,92051,M,"48,8893730","2,2729580",92
202000018158,20,11,15,20:55,5,2,1,1,7,92012,M,"48,8363000","2,2378800",92
202000018159,20,11,16,10:35,1,1,1,8,6,95436,M,"49,1282560","2,2535810",95
202000018160,20,11,2,21:30,3,2,1,1,6,97217,A,"14,4743590"," -60,8605330",972
202000018161,20,11,16,07:15,2,1,1,8,6,52469,M,"48,0399660","5,0586140",52
202000018162,20,11,16,12:00,1,1,1,1,7,50615,M,"49,5208900"," -1,5010070",50
202000018163,20,9,13,11:50,1,2,1,1,2,19283,M,"45,4872208","2,3946379",19
202000018164,20,11,14,19:00,3,1,1,2,6,56166,M,"47,9243090"," -3,3222700",56
202000018165,20,11,15,11:30,1,1,1,8,7,56177,M,"47,7458890"," -3,0181930",56
202000018166,20,11,15,14:00,1,2,3,1,1,63185,M,"45,4747610","3,3327399",63
202000018167,20,11,14,16:54,1,1,3,1,5,39470,M,"46,4849900","6,0541590",39
202000018168,20,11,15,21:55,5,2,1,2,1,44010,M,"47,2784800"," -2,4609230",44
202000018169,20,11,16,06:30,3,1,6,8,3,29010,M,"48,5129477"," -4,1151021",29
202000018170,20,11,15,20:15,3,1,1,3,7,38360,M,"45,1844190","5,2631380",38
202000018171,20,11,13,10:55,1,1,1,1,6,70117,M,"47,6469050","6,7743950",70
202000018172,20,11,13,18:55,3,2,1,1,6,58218,M,"47,1767770","3,3276770",58
202000018173,20,11,16,15:40,1,1,1,1,1,58264,M,"46,7902460","3,1513170",58
202000018174,20,10,28,13:30,1,2,1,1,3,72329,M,"48,0835840","0,3003220",72
202000018175,20,11,12,13:35,1,2,1,1,2,40312,M,"43,5446120"," -1,4610330",40
202000018176,20,11,7,18:30,3,1,1,3,7,24414,M,"44,9419970","0,6273690",24
202000018177,20,11,14,18:15,3,1,1,1,6,85022,M,"46,4432390"," -1,4846130",85
202000018178,20,11,16,04:30,3,1,1,6,1,27012,M,"49,3039720","1,3195720",27
202000018179,20,11,15,00:25,5,2,1,1,6,97801,,"18,0980960"," -63,0653050",978
202000018180,20,11,16,06:52,3,1,1,1,3,49101,M,"47,6485060"," -0,0724410",49
202000018181,20,11,15,20:40,5,2,2,3,1,69244,M,"45,7582680","4,7517710",69
202000018182,20,11,16,07:55,1,1,1,1,4,01049,M,"45,8363490","5,0369310",01
202000018183,20,11,15,09:30,1,1,1,1,6,98714,P," -16,4781480"," -151,7547510",987
202000018184,20,11,15,13:30,1,2,1,1,-1,97608,Y," -12,7858290","45,2792720",976
202000018185,20,11,16,05:30,3,1,1,1,5,97129,A,"16,3001530"," -61,6711410",971
202000018186,20,11,15,16:40,1,2,1,1,-1,97228,A,"14,7427620"," -61,0169210",972
202000018187,20,9,26,21:35,5,2,1,1,-1,97230,A,"14,7419680"," -60,9632640",972
202000018188,20,11,16,11:30,1,1,1,1,6,29071,M,"47,9486110"," -3,4385170",29
202000018189,20,11,16,12:20,1,2,6,1,1,29233,M,"47,8681560"," -3,5518911",29
202000018190,20,11,16,01:20,5,1,1,1,6,77527,M,"48,6857742","3,0244116",77
202000018191,20,10,10,11:15,1,1,1,1,6,91540,M,"48,5383110","2,1367440",91
202000018192,20,11,16,14:10,1,2,1,1,3,83047,M,"43,1191860","6,0728650",83
202000018193,20,11,14,14:30,1,1,1,1,7,68370,M,"47,9822680","6,9579210",68
202000018194,20,11,15,16:40,2,2,9,2,6,54215,M,"48,7580910","6,1362280",54
202000018195,20,11,16,07:42,1,2,1,1,3,38565,M,"45,3027300","5,6263700",38
202000018196,20,11,15,12:30,1,2,1,1,2,64430,M,"43,4721380"," -0,8091850",64
202000018197,20,11,14,14:50,1,2,2,1,3,22225,M,"48,5536830"," -3,1246800",22
202000018198,20,11,14,15:20,1,1,1,1,2,67482,M,"48,5668200","7,7324900",67
202000018199,20,11,15,01:45,4,1,1,1,6,33023,M,"44,6906200"," -0,4938900",33
202000018200,20,11,15,18:20,3,1,1,1,7,91136,M,"48,7128000","2,2841000",91
202000018201,20,11,15,16:30,1,1,1,2,7,91521,M,"48,6298000","2,4003000",91
202000018202,20,11,15,15:38,1,2,1,2,7,94038,M,"48,7868500","2,3457700",94
202000018203,20,11,15,16:00,1,1,1,3,2,93005,M,"48,9610400","2,4688700",93
202000018204,20,11,14,18:20,3,1,1,1,5,93005,M,"48,9460700","2,4766800",93
202000018205,20,11,14,20:00,3,1,1,1,3,93006,M,"48,8678700","2,4272600",93
202000018206,20,11,14,11:15,1,1,9,1,3,77373,M,"48,7862800","2,6170700",77
202000018207,20,8,26,12:53,1,2,3,1,6,59410,M,"50,6423670","3,0940100",59
202000018208,20,11,14,15:10,1,1,1,1,2,97302,G,"4,9248118"," -52,3232460",973
202000018209,20,11,14,10:10,1,1,1,1,2,97302,G,"4,8975323"," -52,3280525",973
202000018210,20,11,12,10:55,1,2,1,1,4,97302,G,"4,9053424"," -52,3199477",973
202000018211,20,11,14,18:55,5,2,2,1,3,69386,M,"45,7681700","4,8632000",69
202000018212,20,11,14,18:15,5,2,1,1,2,97213,A,"14,6184829"," -61,0249917",972
202000018213,20,11,13,20:35,5,2,2,1,3,69385,M,"45,7561000","4,8154600",69
202000018214,20,11,13,20:15,3,1,9,1,1,69286,M,"45,8533700","4,9081000",69
202000018215,20,11,13,09:30,1,2,3,1,3,69034,M,"45,7932894","4,8391583",69
202000018216,20,11,12,10:21,1,1,1,1,3,91471,M,"48,7042400","2,1728600",91
202000018217,20,11,13,17:40,3,1,1,1,7,78440,M,"48,9793390","1,8866910",78
202000018218,20,11,13,10:40,1,1,1,1,3,76540,M,"49,4382800","1,1220900",76
202000018219,20,11,14,09:45,1,2,2,1,3,71306,M,"46,6725325","4,3594587",71
202000018220,20,11,14,16:25,1,2,1,1,3,69266,M,"45,7574300","4,9037600",69
202000018221,20,11,13,17:56,5,2,2,1,3,69290,M,"45,7084000","4,9087600",69
202000018222,20,11,8,16:35,1,2,1,1,7,68066,M,"48,1050800","7,3551000",68
202000018223,20,11,13,18:00,5,2,1,1,6,63113,M,"45,7792481","3,1142941",63
202000018224,20,11,13,17:35,5,2,1,1,6,45298,M,"47,8933300","1,8761200",45
202000018225,20,11,13,12:10,1,2,3,2,7,37208,M,"47,3686155","0,7383684",37
202000018226,20,11,13,11:40,1,1,1,2,6,35051,M,"48,1489800"," -1,5982800",35
202000018227,20,11,15,01:05,5,2,3,1,2,33063,M,"44,8623600"," -0,5510100",33
202000018228,20,11,14,20:10,3,1,1,2,3,29232,M,"47,9767400"," -4,0928900",29
202000018229,20,11,14,09:25,1,2,1,1,2,25056,M,"47,2485600","6,0302000",25
202000018230,20,11,13,21:30,5,2,1,1,6,13204,M,"43,3165500","5,3976300",13
202000018231,20,11,14,16:00,1,2,1,1,6,13206,M,"43,2817900","5,3773500",13
202000018232,20,11,14,08:10,2,2,1,1,4,13215,M,"43,3300308","5,3589866",13
202000018233,20,11,13,19:30,2,2,1,9,6,13213,M,"43,3163210","5,4060810",13
202000018234,20,11,14,10:20,1,2,1,7,6,13005,M,"43,2855314","5,5813819",13
202000018235,20,11,14,17:50,2,2,1,1,3,06123,M,"43,6687600","7,1863900",06
202000018236,20,11,13,17:05,1,2,1,1,3,75118,M,"48,9008200","2,3684450",75
202000018237,20,11,13,10:30,1,2,1,1,3,75120,M,"48,8572240","2,4142340",75
202000018238,20,11,12,09:25,1,2,1,1,4,75118,M,"48,9008200","2,3684450",75
202000018239,20,11,14,14:51,1,2,5,1,3,75107,M,"48,8625730","2,3190080",75
202000018240,20,11,14,19:00,5,2,1,1,3,75105,M,"48,8414960","2,3553170",75
202000018241,20,11,14,14:45,1,2,2,1,3,75115,M,"48,8258520","2,3002800",75
202000018242,20,11,13,07:20,5,2,1,1,1,75115,M,"48,8510870","2,2857070",75
202000018243,20,11,14,07:40,5,2,3,1,1,94017,M,"48,8081600","2,5249800",94
202000018244,20,11,14,18:00,3,2,1,1,6,94017,M,"48,8152471","2,5059290",94
202000018245,20,11,14,18:40,5,2,1,1,6,93039,M,"48,9342000","2,3410000",93
202000018246,20,11,14,14:40,1,2,4,1,3,93048,M,"48,8570893","2,4219895",93
202000018247,20,11,14,02:30,5,2,1,1,6,93007,M,"48,9284000","2,4770400",93
202000018248,20,11,14,21:15,5,2,9,1,3,93005,M,"48,9267700","2,4886600",93
202000018249,20,11,14,21:00,5,2,9,1,1,93005,M,"48,9317480","2,4998110",93
202000018250,20,11,14,20:15,5,2,1,1,3,92064,M,"48,8435240","2,2206410",92
202000018251,20,11,14,16:55,5,2,1,1,7,92060,M,"48,7758331","2,2426184",92
202000018252,20,11,14,16:10,1,2,1,1,3,92007,M,"48,7876282","2,3081124",92
202000018253,20,11,15,16:00,1,2,1,2,6,95487,M,"49,1485240","2,2809450",95
202000018254,20,11,15,16:15,1,2,1,1,6,97422,R," -21,2746730","55,5183360",974
202000018255,20,11,14,18:05,2,2,1,1,3,97422,R," -21,2382170","55,5362800",974
202000018256,20,11,14,16:30,1,1,1,1,6,23002,M,"46,2139920","2,0243940",23
202000018257,20,10,31,14:30,1,2,1,1,6,83031,M,"43,3995050","6,3701610",83
202000018258,20,11,14,20:50,3,1,1,1,7,77208,M,"48,4935370","3,2895630",77
202000018259,20,11,14,08:30,1,1,1,1,1,86281,M,"46,7209650","0,2054970",86
202000018260,20,11,12,12:55,1,1,1,8,6,39470,M,"46,4920510","6,0442940",39
202000018261,20,11,14,14:35,1,1,9,1,3,02050,M,"50,0236990","3,7442830",02
202000018262,20,11,14,16:45,1,2,1,1,6,45018,M,"48,0951220","2,4648110",45
202000018263,20,11,14,17:15,2,1,1,1,6,16086,M,"45,8619030","0,7908330",16
202000018264,20,11,14,17:20,2,1,1,1,6,21255,M,"47,4042750","4,9792100",21
202000018265,20,11,14,23:30,3,1,1,1,1,30233,M,"43,9256710","4,2045450",30
202000018266,20,11,15,20:45,3,1,1,8,6,52347,M,"48,5779700","5,0807480",52
202000018267,20,11,14,19:30,5,1,1,1,1,98725,P," -17,5199680"," -149,4740280",987
202000018268,20,11,13,07:30,1,1,1,2,1,97114,A,"16,1317770"," -61,5801820",971
202000018269,20,11,15,18:30,3,1,1,8,2,77470,M,"48,7287090","2,8095600",77
202000018270,20,11,13,09:28,1,1,1,1,3,67130,M,"48,4125110","7,7049350",67
202000018271,20,11,13,18:45,3,1,1,1,7,13056,M,"43,3985400","5,0858300",13
202000018272,20,11,10,08:18,2,1,1,8,2,67471,M,"48,6383475","7,7279435",67
202000018273,20,11,13,08:45,1,1,1,1,6,95219,M,"48,9925804","2,2455454",95
202000018274,20,9,14,08:55,1,2,1,7,6,82121,M,"44,0166800","1,3452700",82
202000018275,20,9,5,20:50,5,2,1,1,6,77152,M,"48,5230600","2,6423600",77
202000018276,20,9,11,03:05,5,2,9,1,7,40192,M,"43,9007600"," -0,4830900",40
202000018277,20,11,13,12:30,1,2,1,2,2,97611,Y," -12,8070000","45,2050000",976
202000018278,20,10,2,00:35,3,1,1,1,6,97611,Y," -12,8188400","45,1967100",976
202000018279,20,9,30,19:15,5,2,1,1,6,97611,Y," -12,7845784","45,1761627",976
202000018280,20,11,13,18:25,2,2,1,1,2,97411,R," -20,9004100","55,4763100",974
202000018281,20,11,13,19:00,2,2,3,1,3,69387,M,"45,7470400","4,8331800",69
202000018282,20,11,13,16:00,1,2,1,1,2,69259,M,"45,6955200","4,8729200",69
202000018283,20,11,13,15:45,1,2,2,1,1,69387,M,"45,7488800","4,8391100",69
202000018284,20,5,3,18:15,1,1,3,1,3,37045,M,"47,0126846","0,6190276",37
202000018285,20,5,2,10:25,1,2,7,1,6,48075,M,"44,3702880","3,5352300",48
202000018286,20,5,4,05:05,4,1,3,5,3,01134,M,"46,2805960","4,9038400",01
202000018287,20,5,3,19:15,1,2,1,1,1,13038,M,"43,7257550","4,7043070",13
202000018288,20,3,10,19:45,5,2,1,1,3,83023,M,"43,4055580","6,0790340",83
202000018289,20,5,3,22:05,3,1,1,1,6,35012,M,"47,8496477"," -1,7124954",35
202000018290,20,4,29,21:00,2,2,1,1,6,59139,M,"50,1224380","3,4205610",59
202000018291,20,5,1,16:38,1,1,1,1,4,13055,M,"43,3321770","5,3860510",13
202000018292,20,5,2,19:30,1,2,6,1,3,97407,R," -20,9365360","55,2986530",974
202000018293,20,5,2,20:00,1,2,3,1,3,78486,M,"48,6898700","1,8592000",78
202000018294,20,5,2,20:00,1,2,2,2,3,72181,M,"47,9674300","0,2067100",72
202000018295,20,4,30,15:40,1,2,2,1,6,71270,M,"46,3054454","4,8297726",71
202000018296,20,5,2,13:40,1,2,1,1,6,59599,M,"50,7227250","3,1632480",59
202000018297,20,5,2,16:22,1,2,1,1,3,54257,M,"48,6497400","6,2083600",54
202000018298,20,5,2,11:35,1,2,1,1,6,54395,M,"48,6986460","6,1988390",54
202000018299,20,5,2,17:25,1,2,1,1,3,27351,M,"49,2340100","1,1704100",27
202000018300,20,5,2,12:20,1,2,1,1,1,16113,M,"45,6093800","0,0853300",16
202000018301,20,5,2,20:50,2,2,1,1,2,13204,M,"43,3165300","5,3950900",13
202000018302,20,5,1,19:10,1,2,9,1,7,06027,M,"43,6511100","7,1518600",06
202000018303,20,5,2,14:10,1,2,4,1,6,75112,M,"48,8267250","2,3898930",75
202000018304,20,4,30,19:50,1,2,1,8,2,75113,M,"48,8187970","2,3705670",75
202000018305,20,5,1,23:20,5,2,3,1,6,94081,M,"48,7902300","2,3915300",94
202000018306,20,5,2,19:50,1,2,1,1,6,92051,M,"48,8805431","2,2799373",92
202000018307,20,5,2,08:05,1,2,2,1,3,92044,M,"48,8955100","2,2968600",92
202000018308,20,5,3,18:54,1,2,1,1,1,38425,M,"45,3854630","4,7853600",38
202000018309,20,4,27,11:00,1,1,1,3,6,33076,M,"44,5528700"," -0,3802600",33
202000018310,20,5,2,15:13,1,2,1,2,2,69277,M,"45,7323908","4,9973145",69
202000018311,20,5,3,05:00,3,2,1,1,6,62338,M,"50,6451950","2,8358780",62
202000018312,20,5,3,18:15,1,1,1,1,6,47120,M,"44,5422010","0,0600010",47
202000018313,20,5,3,15:45,1,1,1,1,7,61196,M,"48,4117990","0,5954290",61
202000018314,20,5,3,18:40,1,1,2,1,3,29284,M,"47,8212230"," -4,2723620",29
202000018315,20,5,2,08:45,1,2,1,2,3,70428,M,"47,6433397","6,1439511",70
202000018316,20,5,2,22:00,3,1,1,1,7,04068,M,"43,9075400","5,7840010",04
202000018317,20,5,3,01:30,3,2,1,2,6,17439,M,"46,3042080"," -0,8368280",17