Num_Acc,an,mois,jour,hrmn,lum,agg,int,atm,col,com,gps,lat,long,dep
202000018318,20,4,22,18:30,1,1,1,1,1,35208,M,"47,9869200"," -1,6599440",35
202000018319,20,5,3,13:56,1,1,4,8,6,18279,M,"47,2456890","2,0667650",18
202000018320,20,5,1,18:25,1,1,1,1,6,06088,M,"43,7338950","7,2541090",06
202000018321,20,5,3,05:30,2,1,1,2,2,38565,M,"45,2679500","5,6282200",38
202000018322,20,5,3,15:20,1,1,1,1,6,2B109,M,"42,7308620","9,3451860",2B
202000018323,20,5,2,22:31,3,1,1,1,6,30307,M,"44,1993740","4,0460590",30
202000018324,20,4,25,03:20,5,2,8,1,6,59416,M,"50,6888760","2,5210990",59
202000018325,20,2,26,15:45,1,2,2,2,3,92046,M,"48,8120171","2,3007628",92
202000018326,20,4,21,06:20,1,2,6,1,-1,98818,C," -22,2604100","166,4444600",988
202000018327,20,5,1,01:45,4,2,1,1,6,78401,M,"49,0075170","1,9269500",78
202000018328,20,5,1,19:05,1,2,1,1,7,71445,M,"46,7772515","4,8922218",71
202000018329,20,3,18,19:20,2,2,2,1,3,63113,M,"45,8096200","3,1094200",63
202000018330,20,4,16,11:10,1,2,1,1,6,63113,M,"45,7618300","3,1278800",63
202000018331,20,4,28,03:10,5,2,3,3,6,63113,M,"45,7729074","3,0812676",63
202000018332,20,5,1,21:45,5,2,3,2,6,33032,M,"44,9058900"," -0,5080200",33
202000018333,20,5,1,01:57,5,2,1,1,6,30007,M,"44,1455700","4,1014600",30
202000018334,20,4,30,13:10,1,2,6,1,3,14118,M,"49,1706100"," -0,3396500",14
202000018335,20,5,1,20:08,1,2,2,1,3,13208,M,"43,2820000","5,3862000",13
202000018336,20,5,1,21:00,3,2,1,1,3,13001,M,"43,5653882","5,4645126",13
202000018337,20,4,29,00:15,5,2,4,1,3,75115,M,"48,8348160","2,2740710",75
202000018338,20,5,1,20:30,1,2,2,1,3,75102,M,"48,8688800","2,3367080",75
202000018339,20,5,1,21:50,5,2,2,8,3,94068,M,"48,7875424","2,4952527",94
202000018340,20,5,1,00:15,5,2,2,1,3,94041,M,"48,8172500","2,3670700",94
202000018341,20,5,1,22:15,5,2,2,1,3,93046,M,"48,9221836","2,5432764",93
202000018342,20,5,1,19:58,1,1,1,1,7,22341,M,"48,3865820"," -2,3951910",22
202000018343,20,5,2,10:55,1,2,1,1,6,66028,M,"42,6827040","2,9315690",66
202000018344,20,5,1,13:40,1,1,1,3,6,11413,M,"43,3429517","2,2852467",11
202000018345,20,5,2,11:50,1,1,1,1,6,89200,M,"47,9315424","3,5875475",89
202000018346,20,4,24,08:00,1,1,1,1,6,61316,M,"48,8427740"," -0,0234320",61
202000018347,20,5,1,18:15,1,1,1,2,7,68347,M,"47,5155340","7,2925830",68
202000018348,20,5,1,16:20,1,2,1,2,6,31212,M,"43,6978630","1,5604610",31
202000018349,20,5,2,09:59,1,2,1,8,6,01415,M,"45,8730740","5,7045480",01
202000018350,20,4,30,09:00,1,2,1,1,6,60477,M,"49,4352255","1,9139079",60
202000018351,20,2,27,13:54,1,1,3,2,3,33122,M,"44,7530310"," -0,6851380",33
202000018352,20,4,30,13:50,1,1,1,2,6,69173,M,"45,8755153","4,5420501",69
202000018353,20,5,1,14:20,1,1,1,1,7,34202,M,"43,5785550","3,7652630",34
202000018354,20,5,1,08:40,1,1,1,9,7,94034,M,"48,7575400","2,3349200",94
202000018355,20,5,1,03:40,3,1,1,3,6,60241,M,"49,1595600","2,5948400",60
202000018356,20,2,15,14:15,1,2,1,1,5,28085,M,"48,4479600","1,5315900",28
202000018357,20,2,26,11:45,1,2,1,1,2,27681,M,"49,0895600","1,4822400",27
202000018358,20,2,25,22:20,5,2,1,1,6,19031,M,"45,1600900","1,5313400",19
202000018359,20,2,25,12:10,1,2,1,2,2,19031,M,"45,1531700","1,5343500",19
202000018360,20,2,25,07:55,1,2,3,2,3,19031,M,"45,1697899","1,5310215",19
202000018361,20,4,29,15:30,1,2,1,1,6,97107,A,"16,0300700"," -61,5717100",971
202000018362,20,4,30,12:50,1,2,9,2,7,91549,M,"48,6347880","2,3447710",91
202000018363,20,4,30,18:30,1,2,3,2,3,91326,M,"48,6862300","2,3837500",91
202000018364,20,4,30,20:25,1,1,1,1,6,91223,M,"48,4551950","2,0940460",91
202000018365,20,4,26,17:10,1,2,6,1,3,84087,M,"44,1123900","4,8493500",84
202000018366,20,4,30,08:35,1,2,2,3,3,69256,M,"45,7636000","4,9335000",69
202000018367,20,4,25,18:19,1,2,1,2,7,49353,M,"47,4455000"," -0,4699600",49
202000018368,20,4,24,16:53,1,2,1,1,7,49007,M,"47,4602100"," -0,6146900",49
202000018369,20,4,29,11:10,1,2,1,1,2,38544,M,"45,5413000","4,8540000",38
202000018370,20,4,30,19:50,1,2,1,1,3,35238,M,"48,1027300"," -1,6614400",35
202000018371,20,4,30,10:40,1,2,9,2,2,35051,M,"48,1058800"," -1,6179200",35
202000018372,20,4,30,15:40,1,2,6,1,3,34129,M,"43,5905011","3,9349358",34
202000018373,20,4,30,02:50,5,2,1,2,3,31555,M,"43,6578200","1,4355510",31
202000018374,20,4,30,11:50,1,1,1,1,7,29232,M,"47,9869200"," -4,0239000",29
202000018375,20,4,29,15:30,1,2,6,8,6,27681,M,"49,0938080","1,4685470",27
202000018376,20,5,1,01:00,5,2,1,1,6,17415,M,"45,7428100"," -0,6349800",17
202000018377,20,4,30,13:48,1,2,1,1,1,13205,M,"43,2922800","5,4017350",13
202000018378,20,4,30,11:55,1,2,9,1,1,09225,M,"43,1086880","1,6280730",09
202000018379,20,4,30,12:20,1,2,7,1,3,75119,M,"48,9008490","2,3889510",75
202000018380,20,4,29,15:45,1,2,1,2,3,75113,M,"48,8283050","2,3726080",75
202000018381,20,4,30,16:10,1,2,1,1,3,75111,M,"48,8495060","2,3885300",75
202000018382,20,4,29,18:30,1,2,2,2,3,75111,M,"48,8639960","2,3706690",75
202000018383,20,4,29,12:40,1,2,2,1,3,75111,M,"48,8639960","2,3706690",75
202000018384,20,4,30,21:50,5,2,1,2,2,94028,M,"48,7960730","2,4580740",94
202000018385,20,4,30,18:25,1,2,3,1,3,94028,M,"48,7776920","2,4608387",94
202000018386,20,4,30,15:35,1,2,1,2,4,94017,M,"48,8214500","2,4894600",94
202000018387,20,4,12,03:10,5,2,1,1,2,93070,M,"48,9155220","2,3311480",93
202000018388,20,4,29,23:50,4,2,1,2,6,93078,M,"48,9596600","2,5568400",93
202000018389,20,4,30,20:15,2,2,3,2,3,92050,M,"48,9033553","2,1980918",92
202000018390,20,4,30,19:25,2,2,9,3,3,92026,M,"48,8969260","2,2374600",92
202000018391,20,4,29,14:30,1,1,1,3,6,76146,M,"49,5771361","1,2754243",76
202000018392,20,5,1,01:20,3,1,3,1,6,13078,M,"43,4031380","4,7880840",13
202000018393,20,4,30,16:15,1,1,1,2,1,38332,M,"45,3160900","5,4900400",38
202000018394,20,4,30,19:20,1,1,1,3,6,62036,M,"50,4492006","2,2596832",62
202000018395,20,4,24,00:45,3,1,1,1,7,51380,M,"48,8821761","3,5173384",51
202000018396,20,5,1,01:50,3,1,1,1,2,71426,M,"46,7463190","4,6469595",71
202000018397,20,4,30,18:15,1,1,1,1,7,42149,M,"45,6272370","4,2453470",42
202000018398,20,4,30,11:00,1,2,1,1,6,47051,M,"44,1764450","0,6909180",47
202000018399,20,4,30,16:50,1,2,3,2,6,68201,M,"47,7736324","7,0001953",68
202000018400,20,4,30,21:00,1,1,1,1,5,29191,M,"48,5202710"," -3,7489130",29
202000018401,20,4,30,20:35,2,1,9,1,7,03314,M,"46,2955663","2,6229966",03
202000018402,20,4,30,17:30,1,1,1,1,6,01098,M,"45,7798850","5,6895880",01
202000018403,20,4,30,12:59,1,2,3,3,3,01098,M,"45,8012850","5,6820290",01
202000018404,20,5,1,07:30,2,1,1,2,6,14357,M,"48,9444330"," -0,6623550",14
202000018405,20,4,28,09:30,1,1,1,8,3,10141,M,"48,0591520","4,5181060",10
202000018406,20,4,30,18:15,1,2,1,2,1,16245,M,"45,8641815","0,5364704",16
202000018407,20,4,30,16:25,1,1,1,1,6,53229,M,"48,1275440"," -0,7680130",53
202000018408,20,4,30,17:15,1,1,1,7,1,98715,P," -17,5531730"," -149,5998330",987
202000018409,20,4,30,22:35,5,2,6,1,6,81105,M,"43,7643960","2,0075150",81
202000018410,20,4,29,23:15,3,1,1,2,2,91589,M,"48,6766500","2,3389700",91
202000018411,20,4,29,21:00,3,1,1,2,7,91235,M,"48,6259310","2,3555530",91
202000018412,20,4,30,16:21,1,1,1,1,6,93066,M,"48,9292900","2,3616300",93
202000018413,20,4,30,08:50,1,1,1,1,3,93053,M,"48,8856100","2,4722500",93
202000018414,20,2,29,11:43,1,2,1,8,6,95268,M,"48,9763000","2,3936000",95
202000018415,20,4,30,06:30,1,2,4,1,3,98818,C," -22,2420200","166,4574400",988
202000018416,20,4,29,15:35,1,2,2,1,3,69383,M,"45,7590590","4,8499843",69
202000018417,20,4,26,11:30,1,2,3,2,6,69384,M,"45,7795300","4,8290300",69
202000018418,20,4,29,07:37,2,2,2,2,3,91477,M,"48,7211500","2,2513800",91
202000018419,20,4,29,09:00,1,2,6,1,3,81004,M,"43,9240868","2,1892512",81
202000018420,20,4,27,11:40,1,2,1,1,7,71486,M,"46,6474353","4,3617895",71
202000018421,20,4,23,17:56,1,2,1,1,4,68066,M,"48,0616380","7,3380440",68
202000018422,20,3,28,16:40,1,2,4,1,6,59195,M,"50,6265780","2,9552240",59
202000018423,20,4,29,10:50,1,2,2,8,3,54304,M,"48,6932833","6,1281234",54
202000018424,20,4,28,16:40,1,2,1,1,6,31555,M,"43,6033140","1,4434220",31
202000018425,20,4,28,17:49,1,2,3,1,3,13210,M,"43,2709168","5,4083178",13
202000018426,20,4,28,10:00,1,2,2,1,3,75115,M,"48,8377280","2,2751920",75
202000018427,20,4,29,12:50,1,2,1,1,3,75114,M,"48,8297230","2,3319350",75
202000018428,20,4,29,09:52,1,2,7,1,6,75109,M,"48,8833320","2,3271630",75
202000018429,20,4,29,15:25,1,2,2,2,3,94075,M,"48,7272487","2,5309949",94
202000018430,20,4,29,13:40,1,1,1,1,3,47169,M,"44,1627810","0,6176380",47
202000018431,20,4,25,15:45,1,1,1,1,7,49127,M,"47,6838270"," -0,2393930",49
202000018432,20,4,29,17:30,2,2,6,1,6,97422,R," -21,2768480","55,5214850",974
202000018433,20,4,30,08:30,1,2,6,1,2,83036,M,"43,1822930","6,5386300",83
202000018434,20,4,29,19:00,2,2,1,2,7,58086,M,"47,3992930","2,9155020",58
202000018435,20,4,29,15:50,1,1,1,2,1,79216,M,"46,2654110"," -0,3439300",79
202000018436,20,4,28,15:45,1,1,1,1,5,79109,M,"46,3883120"," -0,4322430",79
202000018437,20,4,30,10:30,1,2,1,1,6,65025,M,"43,0055965"," -0,0874722",65
202000018438,20,4,29,19:00,1,1,1,8,2,03082,M,"46,2620117","2,7505673",03
202000018439,20,4,29,10:49,1,2,6,2,7,85051,M,"46,6985800"," -1,0434960",85
202000018440,20,4,29,16:00,1,1,1,3,7,72376,M,"47,8827000","0,5095470",72
202000018441,20,4,29,20:00,1,1,1,3,6,17106,M,"45,5526750"," -0,3078530",17
202000018442,20,4,29,18:05,1,1,1,3,-1,78043,M,"48,8350070","2,0775320",78
202000018443,20,2,15,17:25,1,1,1,1,2,78537,M,"48,5524240","1,9295170",78
202000018444,20,4,19,06:15,1,2,2,1,7,98831,C," -20,9641200","164,7057870",988
202000018445,20,4,28,18:15,2,1,1,1,2,97110,A,"16,2969710"," -61,0907220",971
202000018446,20,4,28,21:50,5,2,1,1,6,97111,A,"16,3097960"," -61,7917230",971
202000018447,20,4,29,20:45,5,2,1,3,1,77511,M,"49,0337530","2,6389500",77
202000018448,20,4,29,10:35,1,1,1,1,7,13004,M,"43,6570370","4,5827790",13
202000018449,20,4,29,19:00,1,2,4,2,1,89257,M,"47,9679090","3,5184360",89
202000018450,20,4,29,22:40,5,2,3,1,7,64422,M,"43,1902800"," -0,6296910",64
202000018451,20,4,29,14:30,1,1,1,3,6,14328,M,"49,2177650"," -0,2415920",14
202000018452,20,4,30,12:50,1,2,2,1,1,60139,M,"49,1690073","2,2446866",60
202000018453,20,2,14,18:20,2,2,1,1,2,13202,M,"43,2939070","5,3641650",13
202000018454,20,4,28,08:25,1,1,1,2,6,13028,M,"43,1929200","5,6518600",13
202000018455,20,4,14,14:20,1,1,1,1,3,54312,M,"48,9328500","6,1118500",54
202000018456,20,4,28,17:00,1,1,1,1,6,59043,M,"50,7233810","2,7379320",59
202000018457,20,4,29,11:00,1,1,1,1,6,94038,M,"48,7759000","2,3462000",94
202000018458,20,4,29,18:15,1,1,1,3,7,95394,M,"49,0508800","2,1888100",95
202000018459,20,1,12,09:00,1,1,1,7,3,95509,M,"49,0685670","2,4852960",95
202000018460,20,2,26,11:35,1,2,1,1,4,98818,C," -22,2827400","166,4531600",988
202000018461,20,2,15,18:20,5,2,1,1,6,95585,M,"48,9803000","2,3733300",95
202000018462,20,2,25,20:15,3,1,1,1,2,31555,M,"43,5747200","1,4403000",31
202000018463,20,1,27,15:25,1,2,1,2,3,92024,M,"48,9060030","2,3034500",92
202000018464,20,4,28,01:20,3,2,1,1,6,97407,R," -20,9373000","55,2919000",974
202000018465,20,4,28,10:15,1,2,2,2,5,69388,M,"45,7343800","4,8661600",69
202000018466,20,4,28,07:49,1,1,3,1,3,97213,A,"14,6647560"," -60,9947710",972
202000018467,20,4,27,11:15,1,2,1,1,3,97213,A,"14,6181200"," -61,0066900",972
202000018468,20,4,28,11:57,1,2,1,8,2,69202,M,"45,7287000","4,7782000",69
202000018469,20,4,27,22:17,5,2,1,2,6,87085,M,"45,8366600","1,2508000",87
202000018470,20,4,28,12:45,1,2,2,2,3,82121,M,"44,0198500","1,3576800",82
202000018471,20,4,26,17:20,1,2,1,1,6,67482,M,"48,5896030","7,7820420",67
202000018472,20,4,25,19:00,1,2,1,1,3,67482,M,"48,5735565","7,7136942",67
202000018473,20,4,24,14:10,1,2,3,1,3,67482,M,"48,5768090","7,7497380",67
202000018474,20,4,28,19:05,2,2,1,1,6,59343,M,"50,5845500","3,1026000",59
202000018475,20,1,23,16:15,1,2,1,1,1,06085,M,"43,5951940","7,0058320",06
202000018476,20,1,24,19:25,3,1,1,1,6,31004,M,"43,4385735","1,6149970",31
202000018477,20,1,24,07:10,2,1,1,5,6,02443,M,"49,0459700","3,2646560",02
202000018478,20,1,23,16:30,1,1,1,1,1,62355,M,"50,3310390","2,9187050",62
202000018479,20,1,23,17:00,1,2,1,1,6,45273,M,"47,8721460","2,1286470",45
202000018480,20,1,24,18:40,3,1,3,5,3,77095,M,"48,9770060","2,7602080",77
202000018481,20,1,24,13:20,1,1,1,1,-1,77010,M,"48,5933359","2,9139618",77
202000018482,20,1,17,09:44,1,2,6,1,6,13110,M,"43,4493480","5,6894910",13
202000018483,20,1,24,13:15,1,1,3,1,2,03286,M,"46,5237077","3,3540820",03
202000018484,20,1,24,06:00,5,2,1,1,6,74154,M,"46,4058480","6,6744090",74
202000018485,20,1,24,20:50,3,1,1,1,7,26088,M,"44,9994640","5,0959830",26
202000018486,20,1,23,15:00,1,1,1,1,2,60326,M,"49,4026940","2,7303810",60
202000018487,20,1,24,17:20,2,2,1,1,3,59063,M,"50,1440050","3,3684210",59
202000018488,20,1,23,15:50,1,1,1,1,3,13055,M,"43,2975100","5,4247600",13
202000018489,20,1,8,08:10,1,1,1,1,2,13015,M,"43,4321566","5,3938065",13
202000018490,20,1,22,11:10,1,1,9,1,5,67482,M,"48,5902068","7,7327127",67
202000018491,20,1,17,17:53,3,1,1,1,2,67447,M,"48,6112299","7,7266884",67
202000018492,20,1,23,01:20,3,1,1,1,6,33162,M,"44,8742700"," -0,6367400",33
202000018493,20,1,21,08:45,2,1,1,5,4,59507,M,"50,6066925","3,0973291",59
202000018494,20,1,23,18:50,3,1,1,1,2,91534,M,"48,7296000","2,1660000",91
202000018495,20,1,23,17:15,1,1,1,1,3,91534,M,"48,7308980","2,1722920",91
202000018496,20,1,23,13:25,1,1,1,1,3,91174,M,"48,6235000","2,4668000",91
202000018497,20,1,22,17:50,3,1,1,1,4,91339,M,"48,6273000","2,2586000",91
202000018498,20,1,23,17:00,1,1,1,1,4,78466,M,"48,9321390","1,9761470",78
202000018499,20,1,22,14:30,1,1,1,1,4,93008,M,"48,9127300","2,4368000",93
202000018500,20,1,21,22:10,3,1,1,1,2,93053,M,"48,8953000","2,4712000",93
202000018501,20,1,21,18:30,3,1,1,1,2,93010,M,"48,9090100","2,4740700",93
202000018502,20,1,19,21:15,3,1,1,1,4,93066,M,"48,9223100","2,3585800",93
202000018503,20,1,22,14:15,1,1,1,1,2,77249,M,"48,7319138","2,6095878",77
202000018504,20,1,22,05:50,5,2,1,1,6,94052,M,"48,8344155","2,4934304",94
202000018505,20,1,22,03:00,5,1,1,1,6,75112,M,"48,8209000","2,4613000",75
202000018506,20,1,21,09:24,1,2,1,7,3,93029,M,"48,9199800","2,4507000",93
202000018507,20,1,22,15:30,1,1,1,3,2,97611,Y," -12,7973900","45,2159300",976
202000018508,20,1,22,14:35,1,2,1,1,3,97302,G,"4,9410379"," -52,3209929",973
202000018509,20,1,22,09:00,1,2,1,1,-1,69386,M,"45,7701600","4,8509600",69
202000018510,20,1,22,08:00,1,2,1,1,1,69386,M,"45,7686000","4,8673000",69
202000018511,20,1,14,06:10,2,1,6,2,6,97113,A,"16,2075557"," -61,4565539",971
202000018512,20,1,22,12:45,1,2,6,1,6,91377,M,"48,7297800","2,2412800",91
202000018513,20,1,22,16:13,1,2,3,1,6,91345,M,"48,6938400","2,2974700",91
202000018514,20,1,22,08:00,1,2,1,1,2,91103,M,"48,6053900","2,3089500",91
202000018515,20,1,21,09:40,1,2,3,1,7,91103,M,"48,5970550","2,2824570",91
202000018516,20,1,22,17:41,2,2,9,1,3,83126,M,"43,1051660","5,8561810",83
202000018517,20,1,16,18:20,2,2,2,1,6,79191,M,"46,3157600"," -0,4656600",79
202000018518,20,1,21,10:35,1,2,2,1,6,78517,M,"48,6459100","1,8210200",78
202000018519,20,1,21,12:35,1,2,1,1,6,78517,M,"48,6423200","1,8256400",78
202000018520,20,1,22,10:00,1,1,1,1,2,77186,M,"48,3944396","2,6914070",77
202000018521,20,1,21,09:30,1,2,1,1,6,76322,M,"49,3999200","1,0425800",76
202000018522,20,1,21,22:15,5,2,2,1,1,72181,M,"47,9858600","0,2252400",72
202000018523,20,1,21,13:35,1,2,1,1,3,71306,M,"46,6710666","4,3777876",71
202000018524,20,1,22,20:30,5,2,2,1,3,69266,M,"45,7627000","4,8782000",69
202000018525,20,1,21,17:50,5,2,1,1,6,67482,M,"48,5884070","7,7556040",67
202000018526,20,1,22,12:10,1,2,1,3,2,66136,M,"42,6819100","2,9103600",66
202000018527,20,1,22,13:15,1,2,1,1,4,64545,M,"43,3743639"," -1,6790843",64
202000018528,20,1,22,13:00,1,2,1,2,7,64102,M,"43,4990000"," -1,4886000",64
202000018529,20,1,22,07:55,5,2,3,1,3,64140,M,"43,5147900"," -1,4859400",64
202000018530,20,1,21,17:00,1,2,1,1,3,63063,M,"45,8350800","3,0963800",63
202000018531,20,1,21,07:25,5,2,3,1,3,62193,M,"50,9607500","1,8497100",62
202000018532,20,1,22,17:25,2,2,1,1,6,60159,M,"49,4098200","2,8162500",60
202000018533,20,1,22,22:10,5,2,9,9,6,54300,M,"48,6621484","6,2211853",54
202000018534,20,1,22,17:50,1,2,3,1,6,54547,M,"48,6610757","6,1905801",54
202000018535,20,1,22,10:15,1,2,1,1,6,53130,M,"48,0814189"," -0,7660228",53
202000018536,20,1,22,03:00,5,2,1,1,6,51454,M,"49,2576873","4,0372797",51
202000018537,20,1,22,15:55,1,2,3,1,3,50218,M,"48,8277080"," -1,5789510",50
202000018538,20,1,22,11:55,1,2,1,1,3,50129,M,"49,6399300"," -1,6108900",50
202000018539,20,1,21,18:45,2,2,6,1,-1,49007,M,"47,4882100"," -0,5363000",49
202000018540,20,1,21,15:58,1,2,1,1,5,49007,M,"47,4545400"," -0,5475800",49
202000018541,20,1,21,08:00,3,2,1,1,3,49007,M,"47,4619200"," -0,5484700",49
202000018542,20,1,20,12:20,1,2,1,1,1,47001,M,"44,1810200","0,6237500",47
202000018543,20,1,19,02:50,1,2,1,1,6,44162,M,"47,2190550"," -1,6201880",44
202000018544,20,1,3,11:02,1,2,1,1,6,42184,M,"46,0446171","4,0554091",42
202000018545,20,1,22,12:30,1,1,1,1,4,35238,M,"48,1381200"," -1,7007600",35
202000018546,20,1,22,20:25,5,2,2,8,6,34172,M,"43,6222400","3,8831100",34
202000018547,20,1,21,08:35,2,2,1,2,6,34172,M,"43,6174400","3,8676900",34
202000018548,20,1,22,06:35,3,1,6,1,3,33200,M,"44,8616300"," -0,6958800",33
202000018549,20,1,22,07:25,2,2,2,2,4,31069,M,"43,6416800","1,3843900",31
202000018550,20,1,22,07:40,4,1,1,2,6,31555,M,"43,5797300","1,4599400",31
202000018551,20,1,20,16:35,1,2,1,1,6,31483,M,"43,1083220","0,7207670",31
202000018552,20,1,22,14:50,1,1,1,1,1,27701,M,"49,2602000","1,1659000",27
202000018553,20,1,22,07:40,5,2,1,1,4,26198,M,"44,5512000","4,7477050",26
202000018554,20,1,21,17:29,5,2,1,1,3,21231,M,"47,3125514","5,0093633",21
202000018555,20,1,22,21:40,5,2,1,1,1,13209,M,"43,2575900","5,4184300",13
202000018556,20,1,22,14:20,1,2,1,1,4,13213,M,"43,3268770","5,4195390",13
202000018557,20,1,22,12:50,1,2,3,1,5,13212,M,"43,3118000","5,4282000",13
202000018558,20,1,21,07:50,2,1,1,1,1,13047,M,"43,4820800","4,9818100",13
202000018559,20,1,21,09:20,1,2,9,9,7,13001,M,"43,5403300","5,4786400",13
202000018560,20,1,20,11:35,1,2,1,1,1,12174,M,"44,3413170","2,5647460",12
202000018561,20,1,22,15:25,1,2,1,1,3,10387,M,"48,2963450","4,0745630",10
202000018562,20,1,22,08:00,1,2,1,9,6,10362,M,"48,2995500","4,0492100",10
202000018563,20,1,22,17:10,2,2,1,8,6,06088,M,"43,6932000","7,2426000",06
202000018564,20,1,21,15:40,1,2,1,8,1,06104,M,"43,7539000","7,4465600",06
202000018565,20,1,14,13:30,1,2,1,1,6,06029,M,"43,5515100","7,0299300",06
202000018566,20,1,22,09:25,1,2,1,1,3,06027,M,"43,6600000","7,1875000",06
202000018567,20,1,22,20:25,5,2,4,1,4,75118,M,"48,9006745","2,3649403",75
202000018568,20,1,22,08:35,5,2,1,1,-1,75116,M,"48,8439180","2,2549170",75
202000018569,20,1,22,09:15,1,2,1,1,3,75114,M,"48,8229480","2,3129510",75
202000018570,20,1,22,07:51,2,2,1,1,3,75108,M,"48,8666909","2,3138934",75
202000018571,20,1,22,01:10,5,2,2,1,6,75117,M,"48,8801126","2,2879404",75
202000018572,20,1,21,15:36,1,2,2,1,6,75107,M,"48,8543484","2,3261095",75
202000018573,20,1,22,14:35,1,2,3,1,2,75119,M,"48,8951350","2,3827490",75
202000018574,20,1,22,18:00,5,2,1,1,6,75118,M,"48,8962358","2,3592791",75
202000018575,20,1,22,12:55,1,2,3,1,3,75118,M,"48,8920130","2,3598500",75
202000018576,20,1,21,22:35,5,2,2,1,3,75117,M,"48,8815630","2,3007080",75
202000018577,20,1,22,08:45,1,2,1,1,3,75116,M,"48,8541127","2,2373968",75
202000018578,20,1,22,04:30,5,2,1,1,6,75116,M,"48,8385745","2,2594667",75
202000018579,20,1,22,18:05,5,2,3,1,6,75113,M,"48,8296885","2,3494247",75
202000018580,20,1,21,11:00,1,2,3,1,3,75112,M,"48,8402922","2,3927477",75
202000018581,20,1,22,16:30,1,2,4,1,6,75111,M,"48,8517761","2,3893279",75
202000018582,20,1,22,13:10,1,2,4,1,3,75111,M,"48,8664797","2,3681400",75
202000018583,20,1,22,10:30,1,2,5,1,7,75111,M,"48,8652864","2,3745435",75
202000018584,20,1,21,20:28,5,2,2,1,6,75108,M,"48,8705200","2,3052460",75
202000018585,20,1,21,19:00,5,2,3,1,2,75117,M,"48,8885510","2,2972260",75
202000018586,20,1,22,09:30,1,2,3,1,1,75107,M,"48,8626609","2,3190755",75
202000018587,20,1,22,14:20,1,2,1,1,7,75103,M,"48,8609702","2,3578944",75
202000018588,20,1,21,18:15,5,2,3,1,4,75101,M,"48,8660294","2,3250475",75
202000018589,20,1,22,12:07,1,2,9,1,6,94065,M,"48,7608395","2,3427290",94
202000018590,20,1,22,18:00,5,2,3,1,3,94079,M,"48,8256598","2,5405208",94
202000018591,20,1,22,12:35,1,2,3,1,3,94002,M,"48,8048000","2,4167000",94
202000018592,20,1,22,18:00,5,2,7,1,6,93070,M,"48,9103106","2,3342361",93
202000018593,20,1,21,11:15,1,2,1,1,6,93066,M,"48,9152500","2,3618300",93
202000018594,20,1,22,07:10,5,2,1,1,6,93064,M,"48,8737589","2,4726716",93
202000018595,20,1,22,20:35,4,1,1,1,6,93015,M,"48,9244300","2,5647100",93
202000018596,20,1,22,06:20,5,2,1,9,6,93006,M,"48,8639500","2,4171000",93
202000018597,20,1,22,17:40,2,2,1,1,2,93010,M,"48,9035512","2,4777369",93
202000018598,20,1,21,12:15,1,2,1,1,2,93057,M,"48,9086080","2,4986296",93
202000018599,20,1,22,08:45,1,2,1,1,3,92051,M,"48,8812800","2,2521800",92
202000018600,20,1,20,20:20,3,2,2,1,6,92050,M,"48,9039800","2,2187200",92
202000018601,20,1,22,16:30,1,2,1,1,4,92049,M,"48,8205982","2,3117939",92
202000018602,20,1,22,13:15,1,2,1,1,1,92049,M,"48,8185643","2,3193761",92
202000018603,20,1,20,19:50,5,2,2,1,6,92036,M,"48,9331200","2,2941300",92
202000018604,20,1,22,21:24,5,1,6,9,7,86165,M,"46,4054450","0,8919590",86
202000018605,20,1,20,09:15,1,1,1,8,7,08331,M,"49,6598870","4,9377500",08
202000018606,20,1,22,08:40,1,1,1,1,4,51262,M,"48,7067200","4,5982880",51
202000018607,20,1,22,10:00,1,1,2,3,3,31547,M,"43,4882530","1,2754330",31
202000018608,20,1,22,21:55,3,1,1,1,7,51153,M,"49,0245848","3,9890108",51
202000018609,20,1,22,18:00,5,2,1,1,7,74267,M,"45,8814230","6,1418990",74
202000018610,20,1,23,06:00,3,1,1,1,6,89369,M,"48,2686830","3,1443640",89
202000018611,20,1,23,17:45,2,1,1,9,5,89104,M,"47,7782130","3,8419100",89
202000018612,20,1,23,09:00,1,1,2,8,3,63338,M,"46,1790390","2,8405020",63
202000018613,20,1,23,08:50,5,2,2,1,3,42177,M,"46,1460570","4,1084040",42
202000018614,20,1,22,15:15,1,1,1,1,2,44084,M,"47,2425610"," -1,3635920",44
202000018615,20,1,22,17:50,5,2,1,1,6,29106,M,"48,0861820"," -4,0647750",29
202000018616,20,1,23,08:00,3,1,1,1,7,84051,M,"43,8620410","5,2843590",84
202000018617,20,1,23,08:50,1,1,2,1,3,03305,M,"46,3982844","2,6837772",03
202000018618,20,1,20,09:35,1,2,1,7,3,58134,M,"46,9353780","3,2589700",58
202000018619,20,1,23,11:24,1,2,9,1,6,06079,M,"43,5568550","6,9521920",06
202000018620,20,1,20,07:35,3,1,1,9,6,14643,M,"49,1790306"," -0,7803932",14
202000018621,20,1,22,18:40,3,1,1,1,7,50484,M,"48,5694770"," -1,0932760",50
202000018622,20,1,23,16:15,1,1,1,1,1,60407,M,"49,6504794","1,7800157",60
202000018623,20,1,20,16:20,1,1,2,1,3,45109,M,"47,9326210","1,6707750",45