Num_Acc,an,mois,jour,hrmn,lum,agg,int,atm,col,com,gps,lat,long,dep
202000018624,20,1,22,14:30,1,2,1,1,2,18103,M,"47,1367090","1,8525530",18
202000018625,20,1,22,07:00,3,1,1,1,6,18065,M,"46,8325410","2,1104910",18
202000018626,20,1,18,00:00,3,1,1,8,6,43213,M,"45,2515070","4,2732950",43
202000018627,20,1,23,07:30,2,2,1,1,2,16312,M,"45,7678927"," -0,0299223",16
202000018628,20,1,23,16:15,1,1,1,5,2,38530,M,"45,6250600","5,1759500",38
202000018629,20,1,21,21:00,3,1,1,1,3,27091,M,"49,3619750","0,8569230",27
202000018630,20,1,21,11:04,1,1,1,1,7,27091,M,"49,3727610","0,8514180",27
202000018631,20,1,22,11:20,1,1,1,1,3,98814,C," -21,0035728","167,2225732",988
202000018632,20,1,22,20:10,3,1,1,1,6,97117,A,"16,3407440"," -61,3829590",971
202000018633,20,1,1,18:00,2,1,1,1,3,97118,A,"16,1947013"," -61,6060495",971
202000018634,20,1,22,03:20,3,2,1,2,6,13215,M,"43,3764100","5,3589900",13
202000018635,20,1,8,12:45,1,1,1,1,2,13215,M,"43,3769375","5,3587327",13
202000018636,20,1,4,05:00,3,1,1,1,3,13215,M,"43,3634040","5,3607200",13
202000018637,20,1,22,12:45,1,1,1,1,2,94037,M,"48,8096000","2,3390000",94
202000018638,20,1,22,08:05,1,1,1,1,2,91521,M,"48,6377700","2,3980200",91
202000018639,20,1,22,08:35,3,1,1,1,3,78466,M,"48,9314900","1,9780300",78
202000018640,20,1,22,07:45,3,1,1,1,2,92050,M,"48,9115137","2,2166923",92
202000018641,20,1,20,17:00,1,1,1,1,2,93066,M,"48,9193600","2,3575500",93
202000018642,20,1,20,20:41,3,1,1,1,2,93063,M,"48,8752400","2,4403500",93
202000018643,20,1,22,17:15,2,1,1,1,5,94033,M,"48,8517600","2,4903200",94
202000018644,20,1,22,15:00,1,1,1,1,2,77294,M,"48,9705780","2,5962944",77
202000018645,20,1,21,21:25,5,2,9,1,3,69259,M,"45,7016900","4,8907300",69
202000018646,20,1,21,13:50,1,2,2,1,1,69259,M,"45,7267133","4,8624480",69
202000018647,20,1,17,13:40,1,2,2,2,6,69386,M,"45,7737088","4,8473809",69
202000018648,20,1,16,16:50,1,2,1,1,6,69152,M,"45,6981500","4,8146800",69
202000018649,20,1,21,21:15,5,2,1,1,6,2B033,M,"42,6994600","9,4454700",2B
202000018650,20,1,21,16:39,1,2,1,1,6,91645,M,"48,7473800","2,2706900",91
202000018651,20,1,21,13:00,1,2,1,1,2,91687,M,"48,6576000","2,3721300",91
202000018652,20,1,20,06:05,5,2,1,1,6,91326,M,"48,6928800","2,3709200",91
202000018653,20,1,21,17:00,1,2,1,1,3,91201,M,"48,6766610","2,4203090",91
202000018654,20,1,20,07:00,5,2,2,8,3,91657,M,"48,7050400","2,4214200",91
202000018655,20,1,21,08:50,1,2,1,1,6,91174,M,"48,6019710","2,4772910",91
202000018656,20,1,21,07:30,5,2,1,9,3,91027,M,"48,7088400","2,3714700",91
202000018657,20,1,17,15:34,1,2,1,1,6,87085,M,"45,8231900","1,2402900",87
202000018658,20,1,21,17:00,1,1,1,1,2,86133,M,"46,5286080","0,2818450",86
202000018659,20,1,21,17:00,1,2,1,1,2,81004,M,"43,9489000","2,1528700",81
202000018660,20,1,20,21:15,5,2,2,1,3,80021,M,"49,8918000","2,3096100",80
202000018661,20,1,20,20:10,5,2,3,1,3,80021,M,"49,8937300","2,3114400",80
202000018662,20,1,20,08:30,2,2,1,2,6,80021,M,"49,8947700","2,3090800",80
202000018663,20,1,21,08:30,2,2,1,1,6,78551,M,"48,8973700","2,0790000",78
202000018664,20,1,15,20:40,5,2,2,1,6,78498,M,"48,9204000","2,0314000",78
202000018665,20,7,14,17:05,1,1,1,1,6,16001,M,"46,0951270","0,7045140",16
202000018666,20,7,13,15:30,1,1,1,7,1,24451,M,"45,5092420","0,6530590",24
202000018667,20,7,14,12:23,1,1,3,1,5,04053,M,"44,0999032","5,9482195",04
202000018668,20,7,9,17:50,1,2,4,1,1,85014,M,"46,6594590"," -0,9173740",85
202000018669,20,7,14,16:00,1,1,1,1,3,37151,M,"47,4491547","0,6085998",37
202000018670,20,7,13,21:15,2,1,1,1,6,52407,M,"48,2815690","5,4745280",52
202000018671,20,7,11,10:40,1,1,1,1,2,04209,M,"44,2204238","5,9197946",04
202000018672,20,7,14,05:55,1,1,1,1,6,89339,M,"47,5610569","3,9446847",89
202000018673,20,7,13,17:55,1,1,1,1,2,13001,M,"43,5131850","5,4373450",13
202000018674,20,6,21,04:00,3,1,1,1,6,49007,M,"47,4909710"," -0,5367100",49
202000018675,20,7,14,09:45,1,1,1,1,2,97417,R," -21,3580205","55,7700831",974
202000018676,20,7,12,11:45,1,1,1,1,3,77283,M,"49,0777038","3,0397269",77
202000018677,20,7,14,12:20,1,1,2,1,1,77534,M,"48,6447286","2,7798824",77
202000018678,20,7,12,05:50,1,2,1,1,7,78048,M,"48,8056700","1,6759450",78
202000018679,20,7,13,07:35,1,1,1,1,6,78558,M,"48,9829910","1,5316060",78
202000018680,20,7,13,23:50,3,2,1,1,6,34209,M,"43,3031640","3,3436310",34
202000018681,20,7,13,15:30,1,1,1,6,3,04062,M,"44,4499880","6,7409710",04
202000018682,20,7,12,14:50,1,1,1,1,1,70455,M,"47,6887060","6,5317151",70
202000018683,20,7,13,09:15,1,1,1,1,6,55414,M,"48,8298930","4,9142740",55
202000018684,20,7,14,16:30,1,1,1,1,7,03215,M,"46,3040195","3,4497946",03
202000018685,20,7,13,15:45,1,2,1,7,3,85226,M,"46,7232100"," -1,9485520",85
202000018686,20,7,8,20:27,1,1,3,1,6,61228,M,"48,5125390"," -0,0257060",61
202000018687,20,7,14,16:35,1,2,1,2,5,59419,M,"50,5104150","3,2719520",59
202000018688,20,7,9,18:00,1,1,1,1,3,13071,M,"43,4093861","5,2859832",13
202000018689,20,7,9,16:25,1,1,1,1,2,13071,M,"43,4065800","5,2923000",13
202000018690,20,7,11,23:01,3,1,1,1,4,67471,M,"48,6338300","7,7245700",67
202000018691,20,7,13,05:10,2,1,1,1,6,94034,M,"48,7574000","2,3348600",94
202000018692,20,7,13,13:15,1,1,1,1,4,92025,M,"48,9331400","2,2508565",92
202000018693,20,7,13,05:20,2,1,1,1,6,78322,M,"48,7806820","2,1720330",78
202000018694,20,7,13,07:45,1,1,1,1,7,93066,M,"48,9180700","2,3573600",93
202000018695,20,7,13,00:50,5,1,1,1,6,93027,M,"48,9235100","2,3832300",93
202000018696,20,7,13,11:00,1,1,1,1,6,77373,M,"48,7739887","2,6118634",77
202000018697,20,7,13,09:45,1,1,1,1,-1,94017,M,"48,8290200","2,5008100",94
202000018698,20,7,12,23:18,3,1,1,1,6,77372,M,"48,8933665","2,6661937",77
202000018699,20,7,11,12:30,1,2,2,2,3,97411,R," -20,9100900","55,4871300",974
202000018700,20,7,12,19:30,1,2,1,1,3,69383,M,"45,7542600","4,8856600",69
202000018701,20,7,12,13:50,1,2,2,1,3,69386,M,"45,7690600","4,8604400",69
202000018702,20,7,11,19:00,1,2,2,1,3,69383,M,"45,7570000","4,8615800",69
202000018703,20,7,12,09:10,1,2,2,1,3,69383,M,"45,7528000","4,8695100",69
202000018704,20,7,11,11:30,1,1,1,1,2,97213,A,"14,6143880"," -61,0492140",972
202000018705,20,7,12,15:25,1,2,2,1,2,69382,M,"45,7356300","4,8179300",69
202000018706,20,7,12,05:05,2,2,1,1,6,69384,M,"45,7741700","4,8388300",69
202000018707,20,7,12,07:00,1,1,1,2,1,97101,A,"16,2813000"," -61,4938000",971
202000018708,20,7,12,21:15,1,2,6,1,7,95539,M,"48,9960600","2,3467900",95
202000018709,20,7,9,12:15,1,2,6,1,2,91692,M,"48,6763300","2,1943300",91
202000018710,20,7,10,18:15,1,2,1,1,3,86194,M,"46,6091160","0,3436190",86
202000018711,20,7,12,21:45,1,2,1,1,6,78481,M,"48,8945300","2,1051900",78
202000018712,20,7,12,02:43,5,2,1,1,6,78643,M,"48,9535500","1,9688200",78
202000018713,20,7,11,19:55,1,2,1,1,1,69029,M,"45,7522600","4,9007000",69
202000018714,20,7,11,20:00,1,2,6,1,3,69264,M,"45,9793100","4,7346800",69
202000018715,20,6,12,06:27,1,2,1,1,6,62193,M,"50,9538423","1,8476773",62
202000018716,20,7,11,17:15,1,2,1,7,6,61006,M,"48,7475060"," -0,0181300",61
202000018717,20,7,12,02:15,5,2,1,1,6,57566,M,"48,7439400","7,0984400",57
202000018718,20,7,12,18:55,1,2,6,1,3,45338,M,"48,0024167","2,7168564",45
202000018719,20,7,12,16:20,1,1,1,1,7,45004,M,"47,9915700","2,8237800",45
202000018720,20,7,12,17:55,1,2,3,1,6,44184,M,"47,2711900"," -2,2034900",44
202000018721,20,7,12,08:15,1,2,1,1,6,42184,M,"46,0354162","4,0417799",42
202000018722,20,7,11,11:45,1,2,1,1,6,42183,M,"45,4048700","4,3693700",42
202000018723,20,7,12,19:35,1,2,1,1,2,37261,M,"47,4024779","0,6952312",37
202000018724,20,7,12,00:35,5,2,6,1,3,25462,M,"46,9058500","6,3575700",25
202000018725,20,7,11,15:40,1,2,1,1,3,25462,M,"46,9163100","6,3447000",25
202000018726,20,7,12,12:50,1,2,1,1,-1,14137,M,"49,1840400"," -0,4584600",14
202000018727,20,7,12,23:00,5,2,2,1,3,13208,M,"43,2787000","5,3875400",13
202000018728,20,7,12,18:15,1,2,1,1,-1,13212,M,"43,3015820","5,4311650",13
202000018729,20,7,12,08:00,1,1,1,1,6,13209,M,"43,2334710","5,4336120",13
202000018730,20,7,12,05:05,2,2,1,1,6,13203,M,"43,3089850","5,3805660",13
202000018731,20,7,11,08:40,1,2,1,1,5,13208,M,"43,2644094","5,3786069",13
202000018732,20,7,12,12:55,1,2,1,1,5,06088,M,"43,7094800","7,2557700",06
202000018733,20,7,11,19:30,1,1,1,1,6,06069,M,"43,6452590","6,8949960",06
202000018734,20,7,12,01:00,5,1,1,1,7,06004,M,"43,6111830","7,1266900",06
202000018735,20,7,10,17:15,1,1,2,1,3,01289,M,"46,1649900","5,2206400",01
202000018736,20,7,11,20:00,1,2,1,1,2,75117,M,"48,8792730","2,2815290",75
202000018737,20,7,11,19:20,1,2,1,1,3,75113,M,"48,8179160","2,3520350",75
202000018738,20,7,12,19:39,1,2,2,1,3,75107,M,"48,8517540","2,3138750",75
202000018739,20,7,11,00:02,5,2,2,1,-1,75103,M,"48,8624720","2,3668890",75
202000018740,20,7,12,15:27,1,2,3,1,6,75120,M,"48,8702260","2,3972490",75
202000018741,20,7,12,14:00,1,2,1,1,1,75119,M,"48,8954520","2,3942900",75
202000018742,20,7,12,12:45,1,2,1,1,6,75119,M,"48,8828540","2,3942750",75
202000018743,20,7,12,09:30,1,2,2,1,1,75119,M,"48,8988520","2,3798490",75
202000018744,20,7,12,19:00,1,2,4,1,2,75118,M,"48,9012640","2,3441350",75
202000018745,20,7,12,01:55,5,2,1,1,3,75113,M,"48,8352440","2,3529370",75
202000018746,20,7,12,16:00,1,2,2,1,3,75111,M,"48,8615730","2,3825880",75
202000018747,20,7,12,00:10,5,2,2,1,5,75111,M,"48,8507010","2,3785530",75
202000018748,20,7,12,07:00,1,2,3,1,6,75110,M,"48,8755250","2,3642380",75
202000018749,20,7,12,16:05,1,2,1,1,7,75108,M,"48,8681260","2,3127630",75
202000018750,20,7,12,13:15,1,2,2,1,3,75107,M,"48,8468460","2,3166980",75
202000018751,20,7,12,04:50,5,2,3,1,6,75104,M,"48,8612080","2,3535110",75
202000018752,20,7,11,22:45,5,2,2,1,3,94046,M,"48,8082600","2,4499600",94
202000018753,20,7,11,18:50,1,2,1,1,2,94046,M,"48,8054700","2,4418900",94
202000018754,20,7,12,17:00,1,2,4,1,1,94043,M,"48,8033080","2,3583290",94
202000018755,20,7,12,11:20,1,2,2,1,3,94038,M,"48,7774320","2,3511080",94
202000018756,20,7,12,18:08,1,2,2,1,2,93027,M,"48,9280632","2,3905956",93
202000018757,20,7,12,20:30,1,2,1,1,6,93057,M,"48,9023963","2,5019521",93
202000018758,20,7,12,21:28,5,2,1,1,6,93008,M,"48,9052400","2,4443800",93
202000018759,20,7,12,20:25,1,2,3,1,3,93008,M,"48,9005781","2,4288158",93
202000018760,20,7,12,21:05,1,2,1,1,6,93007,M,"48,9387700","2,4706700",93
202000018761,20,7,11,09:54,1,2,1,1,6,93001,M,"48,9171929","2,3796556",93
202000018762,20,7,12,04:20,5,2,3,1,7,92051,M,"48,8793265","2,2784829",92
202000018763,20,7,12,20:00,1,2,2,1,3,92050,M,"48,8866110","2,2067790",92
202000018764,20,7,12,20:00,1,2,1,1,3,92024,M,"48,9131229","2,3140969",92
202000018765,20,7,12,07:00,1,2,6,1,3,92060,M,"48,7794424","2,2517215",92
202000018766,20,7,12,18:20,1,2,2,1,3,92012,M,"48,8361700","2,2366200",92
202000018767,20,7,12,12:30,1,2,6,7,3,35236,M,"47,6483580"," -2,0980610",35
202000018768,20,7,11,12:10,1,2,2,1,1,35236,M,"47,6627280"," -2,0634560",35
202000018769,20,7,12,20:15,1,1,2,1,3,33001,M,"45,0053050"," -0,1283060",33
202000018770,20,6,15,16:42,1,1,3,1,3,67469,M,"48,6677040","7,3948290",67
202000018771,20,7,12,06:30,2,1,1,1,7,97414,R," -21,1990190","55,4285440",974
202000018772,20,7,12,13:45,1,1,1,1,1,22145,M,"48,3878040"," -2,2347680",22
202000018773,20,7,13,13:45,1,2,1,1,6,62130,M,"50,1728830","2,6223370",62
202000018774,20,7,13,18:05,1,1,1,1,6,74263,M,"46,3271020","6,3587080",74
202000018775,20,7,12,11:20,1,1,1,1,3,83031,M,"43,3796320","6,3619210",83
202000018776,20,7,11,00:59,3,1,1,1,6,57580,M,"48,9060360","6,6294870",57
202000018777,20,7,12,18:15,1,2,4,1,1,56182,M,"48,0634360"," -3,4056120",56
202000018778,20,7,11,19:25,1,1,1,1,4,56164,M,"47,6612830"," -2,8716800",56
202000018779,20,7,12,05:54,1,1,1,1,2,77391,M,"48,6075040","3,2948150",77
202000018780,20,7,13,14:40,1,2,1,1,1,2A130,M,"41,8875069","8,8141748",2A
202000018781,20,7,12,22:50,3,1,1,1,7,80383,M,"49,7217330","2,7624710",80
202000018782,20,6,13,20:00,1,1,4,1,6,82054,M,"44,0859980","0,9059480",82
202000018783,20,7,11,15:25,1,1,1,1,3,32128,M,"43,5512700","0,3852080",32
202000018784,20,7,1,14:40,1,1,6,1,6,61375,M,"48,6873340","0,0067380",61
202000018785,20,7,12,19:00,1,1,1,1,6,49370,M,"47,2676091"," -0,1908262",49
202000018786,20,7,7,17:25,1,1,2,1,3,49029,M,"47,3849630"," -0,3954110",49
202000018787,20,7,13,11:10,1,1,1,7,6,42247,M,"45,7414929","3,8502834",42
202000018788,20,7,12,23:35,5,2,1,1,6,68291,M,"47,8524850","7,5257400",68
202000018789,20,7,13,07:50,1,2,1,1,-1,39434,M,"46,8340460","5,7007400",39
202000018790,20,7,11,22:20,2,2,2,1,3,29274,M,"48,0200560"," -3,7201010",29
202000018791,20,7,12,19:25,1,1,1,1,6,29225,M,"47,9383950"," -4,3998370",29
202000018792,20,7,9,09:30,1,1,1,1,7,38075,M,"45,4677100","5,9797300",38
202000018793,20,7,5,10:45,1,1,1,1,6,45281,M,"48,0249500","2,9940320",45
202000018794,20,7,13,11:37,1,1,1,1,6,64504,M,"43,3246170"," -1,6008320",64
202000018795,20,7,13,12:08,1,2,1,7,6,64519,M,"43,3588780"," -0,3817860",64
202000018796,20,7,12,08:30,1,1,1,7,5,18231,M,"46,7312790","2,6244130",18
202000018797,20,7,13,14:40,1,1,2,1,1,43244,M,"45,1209310","4,3384950",43
202000018798,20,7,12,17:30,1,1,1,1,3,53136,M,"47,8650110"," -0,7305910",53
202000018799,20,7,11,19:20,1,2,1,1,1,53007,M,"48,0863790"," -0,6487730",53
202000018800,20,7,13,13:05,1,1,1,1,3,24320,M,"45,3977270","1,2265630",24
202000018801,20,7,13,05:29,2,2,2,1,3,24390,M,"45,1239520","0,8900640",24
202000018802,20,7,13,15:15,1,1,1,1,1,04159,M,"44,0580142","5,6210729",04
202000018803,20,7,13,15:00,1,1,1,1,7,04208,M,"43,9494660","5,5961180",04
202000018804,20,7,12,22:45,3,1,1,1,5,04144,M,"43,7750990","6,3326740",04
202000018805,20,7,11,12:25,1,1,1,1,3,04097,M,"44,1783410","6,3559230",04
202000018806,20,7,13,17:30,1,1,1,1,7,48168,M,"44,6044930","3,2845800",48
202000018807,20,7,12,15:00,1,2,1,1,1,52310,M,"48,2772990","5,0241800",52
202000018808,20,7,13,11:45,1,1,1,1,-1,08408,M,"49,8527880","4,6670650",08
202000018809,20,7,13,15:20,1,1,1,1,2,88465,M,"48,2491910","6,4008820",88
202000018810,20,7,11,10:45,1,2,1,1,2,67388,M,"48,9217240","7,6600240",67
202000018811,20,7,13,13:30,1,1,1,1,3,68082,M,"47,8483030","7,3944850",68
202000018812,20,7,13,15:40,1,1,1,1,3,34337,M,"43,5415590","3,8493490",34
202000018813,20,7,12,15:35,1,1,1,1,6,42295,M,"45,8554503","3,8119819",42
202000018814,20,7,8,14:15,1,1,1,1,3,35275,M,"48,1624230"," -1,8582240",35
202000018815,20,7,11,13:45,1,1,1,1,5,14555,M,"49,3050063","0,2943556",14
202000018816,20,7,12,18:50,1,1,1,1,2,38064,M,"45,5626890","5,3719930",38
202000018817,20,7,12,22:00,5,2,1,1,1,97129,A,"16,3290080"," -61,7041969",971
202000018818,20,7,12,12:00,1,1,1,1,6,45077,M,"47,8684940","2,8599833",45
202000018819,20,7,13,10:15,1,2,1,1,6,48021,M,"44,5917810","3,9056660",48
202000018820,20,7,13,10:45,1,1,9,1,2,30027,M,"44,0775540","4,0625700",30
202000018821,20,7,12,17:15,1,1,1,1,6,34143,M,"43,4621860","3,6083220",34
202000018822,20,7,12,14:20,1,1,1,1,7,05079,M,"45,0605480","6,4112090",05
202000018823,20,7,12,14:40,1,1,1,1,-1,13074,M,"43,6460790","5,5719830",13
202000018824,20,7,13,13:50,1,1,3,1,3,89438,M,"47,7958450","3,6548750",89
202000018825,20,7,12,08:15,1,1,1,1,6,52248,M,"48,0381550","5,4080330",52
202000018826,20,7,12,11:18,1,2,8,1,3,67458,M,"48,8259307","7,7544099",67
202000018827,20,7,13,12:35,1,1,1,1,1,42304,M,"45,5509780","4,1632820",42
202000018828,20,7,10,22:15,3,2,1,1,7,40257,M,"44,2729370"," -1,1909350",40
202000018829,20,7,13,01:25,3,1,1,1,6,56069,M,"47,6408080"," -3,4365430",56
202000018830,20,7,10,19:45,1,1,1,1,4,13215,M,"43,3813500","5,3522200",13
202000018831,20,7,10,17:50,1,1,1,1,4,13055,M,"43,3137000","5,4236000",13
202000018832,20,7,11,11:45,1,1,1,1,2,13070,M,"43,2855200","5,5143900",13
202000018833,20,7,12,05:30,2,1,1,1,3,38336,M,"45,4976000","4,8392000",38
202000018834,20,7,12,22:15,5,1,1,1,2,33397,M,"44,9118000"," -0,4847900",33
202000018835,20,7,11,16:15,1,1,1,1,5,91345,M,"48,6664600","2,3262000",91
202000018836,20,7,12,11:45,1,1,1,1,2,78073,M,"48,8000610","2,0453410",78
202000018837,20,7,12,00:35,3,1,1,1,2,78402,M,"48,9639100","1,7758800",78
202000018838,20,7,10,18:30,1,1,1,1,6,93027,M,"48,9270600","2,4056400",93
202000018839,20,7,12,12:00,1,1,1,1,6,93066,M,"48,9189900","2,3573000",93
202000018840,20,7,11,23:00,3,1,1,1,6,95572,M,"49,0333500","2,1047500",95
202000018841,20,7,11,14:45,1,1,1,1,2,95582,M,"48,9710709","2,2490786",95
202000018842,20,7,12,13:25,1,1,1,1,7,93051,M,"48,8357178","2,5652346",93
202000018843,20,7,11,18:30,5,2,1,1,3,97416,R," -21,2985800","55,4563600",974
202000018844,20,7,8,07:20,1,1,9,1,3,97416,R," -21,3182300","55,4443400",974
202000018845,20,7,11,23:15,5,1,1,2,6,97411,R," -20,8856000","55,4964000",974
202000018846,20,7,11,13:00,1,2,1,1,6,97411,R," -20,8946300","55,4876000",974
202000018847,20,7,11,09:25,1,1,3,1,6,97411,R," -20,8913270","55,4200520",974
202000018848,20,7,11,19:00,1,2,1,1,6,69383,M,"45,7561000","4,8761270",69
202000018849,20,7,9,11:50,1,1,9,1,3,97213,A,"14,6156547"," -61,0147476",972
202000018850,20,7,9,03:30,5,1,1,1,7,97213,A,"14,6177900"," -61,0302200",972
202000018851,20,7,11,18:00,1,2,1,1,5,97209,A,"14,6298200"," -61,0724200",972
202000018852,20,7,11,15:20,1,2,1,1,2,69382,M,"45,7521600","4,8328300",69
202000018853,20,7,11,17:40,1,2,9,9,6,91161,M,"48,7003500","2,3180900",91
202000018854,20,7,11,18:10,1,2,1,1,6,78350,M,"48,8532500","2,1077200",78
202000018855,20,2,4,16:00,1,2,9,1,7,95313,M,"49,1108160","2,2121660",95
202000018856,20,2,24,15:50,1,1,1,1,1,57650,M,"49,4571620","6,3692060",57
202000018857,20,2,15,19:15,2,1,1,6,7,22020,M,"48,3058630"," -2,2357610",22
202000018858,20,2,24,14:40,1,1,1,9,7,42085,M,"45,4178230","4,5635530",42
202000018859,20,2,22,10:45,1,2,1,1,7,51079,M,"49,0782370","4,1537230",51
202000018860,20,2,24,17:15,1,1,2,1,3,55406,M,"49,1071104","5,6694174",55
202000018861,20,2,23,15:40,1,1,1,1,6,34160,M,"43,5672550","2,9743660",34
202000018862,20,2,23,17:47,1,2,1,2,1,29241,M,"47,9630310"," -3,8487660",29
202000018863,20,2,23,17:25,1,2,7,2,6,29162,M,"48,2262953"," -3,9694941",29
202000018864,20,2,22,17:50,1,1,1,1,3,03254,M,"46,2923177","3,2690241",03
202000018865,20,2,23,08:10,1,1,1,1,7,03163,M,"46,0184646","3,4823118",03
202000018866,20,2,23,15:45,1,1,2,1,3,03036,M,"46,5761667","3,0555763",03
202000018867,20,2,23,21:50,5,1,1,1,6,01388,M,"46,4575500","5,0675940",01
202000018868,20,2,23,21:38,3,2,1,1,6,06090,M,"43,5908660","6,9336170",06
202000018869,20,2,24,09:20,1,1,1,1,-1,50582,M,"48,7462820"," -0,9070210",50
202000018870,20,2,20,18:00,2,1,9,1,6,90005,M,"47,7298990","6,7655400",90
202000018871,20,2,23,17:20,1,1,1,1,6,64447,M,"43,5165950"," -0,5078600",64
202000018872,20,2,23,21:50,3,1,1,2,6,18176,M,"47,2217180","2,5466880",18
202000018873,20,2,23,21:40,3,1,2,2,3,18016,M,"47,2181840","2,5646210",18
202000018874,20,2,24,07:30,2,2,9,1,6,10323,M,"48,5212620","3,7151210",10
202000018875,20,2,23,18:40,3,1,1,1,6,10177,M,"48,1633660","3,9924140",10
202000018876,20,2,23,21:20,5,2,3,2,2,53194,M,"48,0562662"," -0,9524796",53
202000018877,20,2,23,19:20,3,1,1,1,2,40286,M,"43,6440030"," -0,5174410",40
202000018878,20,2,23,03:56,3,1,1,1,6,40094,M,"44,1851390"," -1,0287040",40
202000018879,20,2,23,14:50,1,2,1,1,5,24321,M,"45,1259010","1,3842080",24
202000018880,20,2,21,20:30,4,2,3,1,6,17003,M,"46,1103920"," -0,9358120",17
202000018881,20,2,23,16:00,1,1,1,1,7,87146,M,"45,6083000","1,5010660",87
202000018882,20,2,23,23:00,3,1,1,1,2,31104,M,"43,3440940","1,2595650",31
202000018883,20,2,23,03:45,3,1,1,1,2,31476,M,"43,2779940","1,1453460",31
202000018884,20,2,24,05:45,1,2,2,1,3,98821,C," -22,0647410","166,2655020",988
202000018885,20,2,23,16:10,1,1,2,1,3,41130,M,"47,7780180","1,3473920",41
202000018886,20,2,24,11:10,1,1,1,2,3,37003,M,"47,4269363","1,0103618",37
202000018887,20,2,23,19:04,3,1,1,2,7,78548,M,"48,7245110","1,9887180",78
202000018888,20,2,20,08:00,1,2,2,1,1,84092,M,"43,9617020","4,8600190",84
202000018889,20,2,23,17:55,1,1,1,1,1,83008,M,"43,5170620","6,6518780",83
202000018890,20,2,24,08:24,1,1,1,1,5,73297,M,"45,6339960","6,3297020",73
202000018891,20,2,23,17:30,1,1,1,1,7,07018,M,"44,6857640","4,0224080",07
202000018892,20,2,24,18:15,1,2,1,7,6,01262,M,"45,8487202","5,0598650",01
202000018893,20,2,24,00:10,3,1,1,1,2,69019,M,"46,0903170","4,7290990",69
202000018894,20,2,21,08:30,1,2,3,1,3,33519,M,"44,9053100"," -0,6689750",33
202000018895,20,2,24,10:30,1,2,6,8,3,72154,M,"47,7071880"," -0,0834440",72
202000018896,20,2,24,02:35,3,1,1,2,7,76418,M,"49,5464360","0,7019330",76
202000018897,20,2,19,11:50,1,1,1,1,6,60141,M,"49,1937752","2,4654973",60
202000018898,20,2,23,17:40,1,1,1,1,4,13106,M,"43,4054460","5,3602780",13
202000018899,20,2,21,19:00,3,1,1,1,4,13005,M,"43,3016830","5,5663560",13
202000018900,20,2,21,21:50,5,1,1,1,7,13055,M,"43,3270180","5,4199460",13
202000018901,20,2,21,17:05,1,1,1,1,2,13211,M,"43,2934800","5,4564000",13
202000018902,20,2,22,14:30,1,1,1,1,4,13055,M,"43,3292211","5,4141676",13
202000018903,20,2,22,06:00,3,1,1,1,2,13088,M,"43,3913000","5,2503000",13
202000018904,20,2,21,17:15,1,1,1,1,2,13215,M,"43,3595000","5,3622000",13
202000018905,20,2,13,07:30,1,1,1,1,2,69277,M,"45,7408300","4,9863100",69
202000018906,20,2,22,15:30,1,1,1,1,6,67137,M,"48,5058304","7,6955414",67
202000018907,20,2,23,17:30,1,1,1,1,2,94034,M,"48,7597400","2,3219900",94
202000018908,20,2,23,13:35,1,1,1,1,6,77251,M,"48,6164841","2,5590280",77
202000018909,20,2,22,20:05,5,2,9,1,6,91161,M,"48,7153200","2,2982200",91
202000018910,20,2,23,19:15,3,1,1,2,3,94046,M,"48,8085629","2,4490579",94
202000018911,20,2,23,05:50,5,1,1,1,2,94017,M,"48,8288900","2,5003100",94
202000018912,20,2,22,06:45,1,2,3,1,6,97407,R," -20,9388900","55,2983100",974
202000018913,20,2,22,14:01,1,2,1,1,1,97302,G,"4,9212573"," -52,3222173",973
202000018914,20,2,17,17:10,1,2,3,1,3,97302,G,"4,9418100"," -52,3041100",973
202000018915,20,2,21,20:38,5,2,3,1,1,69202,M,"45,7511902","4,8011434",69
202000018916,20,2,22,09:15,1,2,1,1,6,69149,M,"45,7135000","4,8020000",69
202000018917,20,2,22,18:55,5,1,6,1,3,2B120,M,"42,6660000","9,4394000",2B
202000018918,20,2,22,00:07,3,2,5,1,3,2A004,M,"41,9338600","8,7530700",2A
202000018919,20,2,22,19:00,3,1,1,1,2,91421,M,"48,7124000","2,4420600",91
202000018920,20,2,22,18:00,1,2,2,1,3,91434,M,"48,6578000","2,3553000",91
202000018921,20,2,21,13:15,1,2,1,1,6,91326,M,"48,6890500","2,3711800",91
202000018922,20,2,22,09:00,1,2,6,1,3,83069,M,"43,1065000","6,1285000",83
202000018923,20,2,21,19:40,3,1,1,1,1,83069,M,"43,1306300","6,1762060",83
202000018924,20,2,22,14:15,1,1,9,1,7,82033,M,"44,0521400","1,0919200",82
202000018925,20,2,21,23:00,5,2,1,8,6,79329,M,"46,9745100"," -0,1837100",79
202000018926,20,2,22,04:00,3,1,1,1,7,76217,M,"49,9110530","1,0863480",76
202000018927,20,2,22,11:35,1,1,1,1,3,71306,M,"46,6770295","4,3633177",71
202000018928,20,2,21,20:15,3,2,1,1,6,69290,M,"45,7061700","4,9850400",69
202000018929,20,2,22,14:30,1,2,2,1,3,64102,M,"43,4911800"," -1,4814700",64