Num_Acc,an,mois,jour,hrmn,lum,agg,int,atm,col,com,gps,lat,long,dep
202000018930,20,2,22,15:05,1,2,6,8,2,56260,M,"47,6618700"," -2,7951600",56
202000018931,20,2,22,13:20,1,2,2,1,3,51454,M,"49,2514400","4,0419700",51
202000018932,20,2,22,06:20,3,2,1,8,6,50502,M,"49,0941900"," -1,0922700",50
202000018933,20,2,22,12:05,1,2,9,1,6,45285,M,"47,9069367","1,8786130",45
202000018934,20,2,22,20:25,5,2,2,2,7,35238,M,"48,1295600"," -1,6433100",35
202000018935,20,2,22,14:20,1,1,1,8,6,35051,M,"48,1047700"," -1,6038000",35
202000018936,20,2,23,00:25,5,2,4,1,1,34172,M,"43,6449746","3,8427854",34
202000018937,20,2,22,14:40,1,2,1,1,3,34172,M,"43,6035200","3,9132400",34
202000018938,20,2,21,18:50,5,2,2,1,3,33281,M,"44,8265000"," -0,6135500",33
202000018939,20,2,22,16:30,1,2,2,1,3,32013,M,"43,6466400","0,5917500",32
202000018940,20,2,22,18:25,1,1,1,2,7,29232,M,"47,9847444"," -4,1132108",29
202000018941,20,2,22,10:15,1,1,6,1,3,25204,M,"46,9245100","6,3368100",25
202000018942,20,2,21,13:15,1,2,1,1,3,18279,M,"47,2307100","2,0889200",18
202000018943,20,2,22,15:20,1,2,2,1,6,17300,M,"46,1622167"," -1,1761836",17
202000018944,20,2,22,15:10,1,2,1,1,6,13215,M,"43,3342200","5,3637200",13
202000018945,20,2,22,08:30,1,2,3,1,6,06088,M,"43,7100000","7,2800000",06
202000018946,20,2,22,17:15,1,2,3,7,2,06027,M,"43,6527600","7,1548500",06
202000018947,20,2,21,20:25,3,1,1,1,1,01289,M,"46,1697600","5,2264900",01
202000018948,20,2,22,17:20,1,2,1,1,2,75112,M,"48,8289990","2,4001340",75
202000018949,20,2,22,00:44,5,2,2,1,3,75112,M,"48,8370530","2,3900310",75
202000018950,20,2,22,17:45,1,2,2,1,6,75106,M,"48,8513880","2,3431670",75
202000018951,20,2,22,17:40,5,2,7,1,-1,75120,M,"48,8776830","2,4082650",75
202000018952,20,2,22,01:15,5,2,2,1,6,75119,M,"48,8728530","2,3798520",75
202000018953,20,2,21,20:30,5,2,7,1,6,75118,M,"48,8960050","2,3459840",75
202000018954,20,2,22,12:50,1,2,5,1,6,75117,M,"48,8974450","2,3242780",75
202000018955,20,2,22,01:56,5,2,2,1,4,75113,M,"48,8362100","2,3714930",75
202000018956,20,2,22,00:30,5,2,1,1,2,75112,M,"48,8309190","2,3856380",75
202000018957,20,2,22,20:10,5,2,1,1,3,75108,M,"48,8761960","2,2968000",75
202000018958,20,2,22,16:20,1,2,2,1,3,75107,M,"48,8559590","2,3080290",75
202000018959,20,2,22,16:10,1,2,3,1,3,75103,M,"48,8670340","2,3529750",75
202000018960,20,2,22,02:20,5,2,2,1,-1,75103,M,"48,8572440","2,3617660",75
202000018961,20,2,21,12:10,1,2,1,1,2,75103,M,"48,8683390","2,3596950",75
202000018962,20,2,22,01:00,5,2,9,1,3,93005,M,"48,9494024","2,5196408",93
202000018963,20,2,22,15:00,1,2,3,1,2,92072,M,"48,8245700","2,2200200",92
202000018964,20,2,22,10:49,1,2,2,1,3,92050,M,"48,8839200","2,2150300",92
202000018965,20,2,22,12:24,1,2,3,1,6,92020,M,"48,8094553","2,2982638",92
202000018966,20,2,22,13:44,5,2,9,1,5,92040,M,"48,8147000","2,2645800",92
202000018967,20,2,22,21:05,5,2,1,1,2,92062,M,"48,8869000","2,2529100",92
202000018968,20,2,22,08:10,1,2,2,8,7,92024,M,"48,8999700","2,3180320",92
202000018969,20,2,22,05:50,2,1,1,1,7,47044,M,"44,6691560","0,5565260",47
202000018970,20,2,22,12:35,1,1,1,2,3,62212,M,"50,3506910","1,9834940",62
202000018971,20,2,22,14:40,1,1,3,1,3,22206,M,"48,5511460"," -2,9812750",22
202000018972,20,2,21,08:20,2,1,1,1,6,41189,M,"47,4648480","1,1290280",41
202000018973,20,2,22,03:20,5,2,9,1,1,97205,A,"14,6459150"," -61,1387600",972
202000018974,20,2,22,22:45,3,1,1,1,1,60395,M,"49,2494547","2,1550155",60
202000018975,20,2,22,17:45,1,2,3,1,2,01339,M,"45,9461550","4,7390820",01
202000018976,20,2,23,05:00,3,1,1,2,6,29105,M,"48,5105350"," -4,0989730",29
202000018977,20,2,21,19:00,3,2,1,1,6,83017,M,"43,2399350","6,0045060",83
202000018978,20,2,22,18:30,3,1,1,2,7,35197,M,"48,2312500"," -1,5952350",35
202000018979,20,2,21,14:36,1,1,3,1,1,56140,M,"47,8964630"," -2,8393220",56
202000018980,20,2,23,17:25,2,1,1,1,7,74168,M,"46,0092430","6,0013680",74
202000018981,20,2,23,13:50,1,1,1,1,3,71364,M,"46,8176208","5,1716150",71
202000018982,20,2,22,15:00,1,1,1,1,6,71377,M,"46,5552596","4,8288903",71
202000018983,20,2,22,12:00,1,1,2,1,3,63231,M,"45,8776850","3,6262710",63
202000018984,20,2,22,16:30,1,1,1,1,3,63173,M,"45,5260880","3,8452660",63
202000018985,20,2,23,14:30,1,1,1,1,7,47218,M,"44,5999250","0,3129390",47
202000018986,20,2,23,12:30,1,1,1,1,1,39156,M,"46,5789260","5,7557790",39
202000018987,20,2,23,17:35,1,2,1,1,6,25228,M,"47,5071350","6,8701140",25
202000018988,20,2,23,10:25,1,1,1,2,6,44189,M,"47,4386110"," -2,1701750",44
202000018989,20,2,22,03:50,3,1,3,1,6,35248,M,"48,5483620"," -1,5876750",35
202000018990,20,2,23,07:00,4,1,6,2,6,29172,M,"48,1672120"," -4,2672280",29
202000018991,20,2,21,22:30,3,1,6,1,1,29173,M,"48,0115662"," -4,1973791",29
202000018992,20,2,22,18:50,3,1,1,1,3,02650,M,"50,0182901","3,9650361",02
202000018993,20,2,22,17:00,1,1,1,1,6,58226,M,"47,3420360","4,1249800",58
202000018994,20,2,23,17:15,2,2,1,7,6,05145,M,"44,6699350","6,2207650",05
202000018995,20,2,23,06:15,3,1,1,1,6,73084,M,"45,5155963","6,0055999",73
202000018996,20,2,23,16:00,1,1,1,1,6,43162,M,"45,2182164","4,0219918",43
202000018997,20,2,22,19:40,3,1,1,1,7,53189,M,"48,4934730"," -0,5206060",53
202000018998,20,2,22,15:20,1,1,2,7,3,21272,M,"47,4260690","4,3093010",21
202000018999,20,2,21,15:45,1,2,1,1,6,85227,M,"46,4727600"," -0,6710300",85
202000019000,20,2,23,03:15,3,1,1,1,7,85197,M,"46,8741280"," -1,3947060",85
202000019001,20,2,23,14:00,1,1,1,2,5,28236,M,"48,3450870","0,8722650",28
202000019002,20,2,21,17:00,1,2,3,1,5,13051,M,"43,5900900","5,1147740",13
202000019003,20,2,15,02:10,5,1,4,1,1,06088,M,"43,6692060","7,2001860",06
202000019004,20,2,22,12:00,1,1,1,1,3,27517,M,"49,1187710","1,3305690",27
202000019005,20,2,23,15:00,1,1,1,1,7,98829,C," -21,7149720","166,1221650",988
202000019006,20,2,22,06:40,2,2,1,1,3,97116,A,"16,3156860"," -61,4816110",971
202000019007,20,2,23,10:15,1,2,2,1,3,91047,M,"48,4888730","2,3539280",91
202000019008,20,2,23,20:20,3,1,3,2,7,55514,M,"48,7449648","5,0495911",55
202000019009,20,2,22,17:00,1,1,1,1,1,69227,M,"45,6693422","4,5535327",69
202000019010,20,2,22,16:00,1,2,2,1,5,69178,M,"45,7096636","4,4680963",69
202000019011,20,2,22,13:15,1,2,1,1,6,64407,M,"43,4845240"," -1,4359100",64
202000019012,20,2,23,12:00,1,1,1,1,6,14712,M,"49,1902726"," -0,1952648",14
202000019013,20,2,22,18:10,2,1,1,1,2,93010,M,"48,9147300","2,4776200",93
202000019014,20,2,21,21:00,5,1,1,1,2,94018,M,"48,8183128","2,4105654",94
202000019015,20,2,20,12:39,1,2,1,1,2,98818,C," -22,2796200","166,4447600",988
202000019016,20,2,21,13:30,1,2,9,1,6,97411,R," -20,8931200","55,4843200",974
202000019017,20,2,21,12:05,1,2,4,1,3,69386,M,"45,7733000","4,8516000",69
202000019018,20,2,20,17:45,1,2,2,1,3,97209,A,"14,6062800"," -61,0483200",972
202000019019,20,2,21,16:10,1,1,1,1,3,2B037,M,"42,3727500","9,2814500",2B
202000019020,20,2,21,11:45,1,1,1,1,1,97101,A,"16,2717700"," -61,5244900",971
202000019021,20,2,20,19:05,5,2,1,3,6,91549,M,"48,6333300","2,3333300",91
202000019022,20,2,20,20:45,5,2,6,1,3,91223,M,"48,4373200","2,1631800",91
202000019023,20,2,21,11:00,1,2,1,7,4,91027,M,"48,7130200","2,3954800",91
202000019024,20,2,20,11:40,1,2,3,1,3,88413,M,"48,2834200","6,9529200",88
202000019025,20,2,3,20:57,3,1,1,2,4,88383,M,"48,0262300","6,5876100",88
202000019026,20,2,20,16:10,1,2,1,1,3,84087,M,"44,1328800","4,8242200",84
202000019027,20,2,14,15:45,1,1,1,1,7,84007,M,"43,9257000","4,8474000",84
202000019028,20,2,18,13:04,1,2,1,1,2,84007,M,"43,9526800","4,8164300",84
202000019029,20,2,7,12:50,1,2,4,1,2,84007,M,"43,9526800","4,8164300",84
202000019030,20,2,20,10:00,1,2,1,1,6,83137,M,"43,1303000","5,9097800",83
202000019031,20,2,21,08:20,1,2,9,1,1,83129,M,"43,0914300","5,8371000",83
202000019032,20,2,21,17:25,2,2,1,1,6,78498,M,"48,9303900","2,0398000",78
202000019033,20,2,6,13:30,1,1,1,1,6,76319,M,"49,3485030","1,0207340",76
202000019034,20,2,19,11:15,1,1,1,1,1,74218,M,"46,3850428","6,5153813",74
202000019035,20,2,21,05:55,4,2,3,1,6,69275,M,"45,7533587","4,9350484",69
202000019036,20,2,20,18:20,2,2,1,1,3,69256,M,"45,7466252","4,9330761",69
202000019037,20,2,21,12:45,1,2,2,1,3,67482,M,"48,5989700","7,7527900",67
202000019038,20,2,20,18:00,1,2,1,1,-1,66136,M,"42,6881400","2,8861900",66
202000019039,20,2,20,13:40,1,2,1,1,-1,66136,M,"42,6881492","2,9091807",66
202000019040,20,2,7,18:40,5,2,1,1,6,64348,M,"43,3228300"," -0,3794500",64
202000019041,20,2,5,16:15,1,2,1,1,6,64129,M,"43,3048400"," -0,4011000",64
202000019042,20,2,21,11:20,1,2,6,1,3,64024,M,"43,4817417"," -1,5099217",64
202000019043,20,2,20,18:50,3,1,1,1,3,63300,M,"45,8983768","3,1370583",63
202000019044,20,2,21,08:08,1,2,3,1,3,63113,M,"45,7873600","3,1058300",63
202000019045,20,2,21,12:55,1,2,1,1,-1,63113,M,"45,7848744","3,0996595",63
202000019046,20,2,20,09:20,1,1,6,1,-1,63113,M,"45,7932300","3,0957800",63
202000019047,20,9,10,14:50,1,2,2,1,3,69383,M,"45,7626886","4,8451538",69
202000019048,20,9,10,06:10,1,1,3,1,3,97209,A,"14,6154100"," -61,0720000",972
202000019049,20,9,8,18:30,5,2,3,1,3,97209,A,"14,6220900"," -61,0556300",972
202000019050,20,9,7,08:42,1,2,9,1,3,97209,A,"14,6124400"," -61,0408300",972
202000019051,20,9,8,11:45,1,2,2,1,6,69385,M,"45,7541900","4,7963200",69
202000019052,20,9,9,19:00,1,1,9,1,7,91433,M,"48,4581300","2,1769300",91
202000019053,20,9,9,08:37,1,2,1,1,7,91103,M,"48,6078200","2,3059700",91
202000019054,20,9,9,09:29,1,2,1,1,6,87085,M,"45,8298600","1,2530800",87
202000019055,20,9,9,16:55,1,2,2,1,3,78646,M,"48,8048900","2,1309300",78
202000019056,20,9,10,19:20,2,1,9,1,3,78126,M,"48,8483000","2,1090000",78
202000019057,20,8,22,03:10,1,2,9,1,6,76245,M,"49,5513839","1,0427356",76
202000019058,20,9,10,00:55,5,2,3,1,3,76322,M,"49,4098300","1,0471800",76
202000019059,20,9,9,17:15,1,1,3,1,3,74218,M,"46,3865800","6,5198800",74
202000019060,20,9,9,07:20,1,2,2,1,3,73065,M,"45,5629400","5,9081800",73
202000019061,20,9,9,17:50,1,2,3,1,3,72181,M,"47,9983000","0,1886900",72
202000019062,20,9,9,13:00,1,2,1,1,3,71040,M,"46,6997416","4,3943142",71
202000019063,20,9,8,07:50,1,1,1,1,5,71040,M,"46,7005364","4,4081499",71
202000019064,20,9,10,13:00,1,2,1,1,6,71153,M,"46,7977311","4,4229418",71
202000019065,20,9,10,19:25,1,2,6,1,3,71475,M,"46,7738595","4,8289165",71
202000019066,20,9,10,15:15,1,2,2,7,3,69256,M,"45,7670900","4,9326900",69
202000019067,20,9,9,18:08,1,2,1,1,-1,67482,M,"48,5862880","7,7429660",67
202000019068,20,9,9,16:58,1,2,1,1,6,66136,M,"42,6854751","2,9070009",66
202000019069,20,9,9,15:42,1,2,1,1,3,66136,M,"42,7338000","2,8896300",66
202000019070,20,9,10,17:30,1,2,1,1,4,64348,M,"43,3218050"," -0,3955670",64
202000019071,20,9,10,21:08,2,2,1,1,5,64140,M,"43,5278300"," -1,4743400",64
202000019072,20,9,9,16:00,1,2,4,1,3,63124,M,"45,7337000","3,1819300",63
202000019073,20,9,8,08:50,1,1,4,1,5,63193,M,"45,7733200","3,2126700",63
202000019074,20,9,9,14:30,1,2,1,1,-1,59178,M,"50,4016200","3,1306500",59
202000019075,20,9,8,10:20,1,1,2,1,3,54431,M,"48,9240950","6,0653650",54
202000019076,20,9,10,17:30,1,2,1,1,2,54395,M,"48,6979000","6,1429000",54
202000019077,20,8,22,23:45,5,2,1,1,2,54395,M,"48,6913662","6,1761744",54
202000019078,20,9,4,08:00,1,2,2,1,3,54395,M,"48,6889300","6,1919200",54
202000019079,20,9,9,22:25,5,2,1,1,6,54395,M,"48,6919554","6,1862777",54
202000019080,20,9,9,06:25,2,2,1,1,6,54300,M,"48,6617205","6,2218887",54
202000019081,20,9,10,11:35,1,2,1,1,7,51454,M,"49,2700519","4,0151185",51
202000019082,20,9,9,16:20,1,2,1,1,1,50165,M,"48,8550100"," -1,5688500",50
202000019083,20,9,10,08:50,1,1,4,1,2,50129,M,"49,6423800"," -1,6129700",50
202000019084,20,9,7,08:05,2,2,1,7,3,49007,M,"47,4410600"," -0,5512000",49
202000019085,20,9,9,18:30,1,1,1,1,6,49007,M,"47,4751116"," -0,5047520",49
202000019086,20,9,9,20:50,2,2,1,1,3,49007,M,"47,4556500"," -0,5299000",49
202000019087,20,9,8,08:05,1,2,1,1,3,49007,M,"47,4946800"," -0,5640400",49
202000019088,20,9,7,14:30,1,1,1,1,6,49007,M,"47,5062500"," -0,5660200",49
202000019089,20,9,7,07:50,1,2,1,1,7,49007,M,"47,4446900"," -0,5498700",49
202000019090,20,9,10,07:45,1,2,3,1,3,45286,M,"47,8917500","1,9309900",45
202000019091,20,9,10,11:40,1,2,1,1,6,44162,M,"47,2113400"," -1,6115700",44
202000019092,20,9,9,12:30,1,2,2,1,6,38185,M,"45,1802900","5,7168800",38
202000019093,20,9,10,10:40,1,2,1,1,4,37261,M,"47,4146743","0,6872570",37
202000019094,20,9,10,08:36,1,2,1,1,3,35238,M,"48,0984900"," -1,7036400",35
202000019095,20,9,10,15:25,1,2,1,1,3,34172,M,"43,6009095","3,8681102",34
202000019096,20,9,10,19:10,1,2,3,1,3,33063,M,"44,8556900"," -0,6254200",33
202000019097,20,9,10,15:45,1,2,2,1,2,33192,M,"44,7818700"," -0,6236100",33
202000019098,20,9,10,08:35,1,2,2,1,-1,33063,M,"44,8211600"," -0,5501300",33
202000019099,20,9,10,07:15,2,2,6,1,3,31555,M,"43,6523500","1,4243700",31
202000019100,20,9,9,14:10,1,1,1,2,4,31069,M,"43,6565800","1,3639000",31
202000019101,20,9,9,11:55,1,1,1,1,2,29232,M,"48,0349500"," -4,0820200",29
202000019102,20,9,9,07:56,1,2,9,1,1,28218,M,"48,4338000","1,4576000",28
202000019103,20,9,10,14:50,1,2,1,1,3,25056,M,"47,2586960","6,0449240",25
202000019104,20,9,8,14:40,1,2,1,1,7,22360,M,"48,4919176"," -2,7584106",22
202000019105,20,9,10,17:00,1,2,3,1,3,14333,M,"49,4186334","0,2376274",14
202000019106,20,9,9,13:00,1,2,9,1,3,13077,M,"43,4212900","4,9776200",13
202000019107,20,9,9,10:00,1,1,1,1,1,13056,M,"43,3454390","5,0754840",13
202000019108,20,9,10,09:40,1,2,3,2,2,13204,M,"43,3094340","5,4028910",13
202000019109,20,9,9,09:30,1,2,1,8,2,13212,M,"43,3178988","5,4457641",13
202000019110,20,9,9,10:50,1,2,1,1,2,06088,M,"43,6933520","7,2448760",06
202000019111,20,9,7,11:55,1,2,1,1,2,05023,M,"44,8910670","6,6290350",05
202000019112,20,9,10,19:43,1,2,2,1,3,03185,M,"46,3279845","2,6059967",03
202000019113,20,9,9,10:15,1,2,1,1,4,75119,M,"48,9004790","2,3752800",75
202000019114,20,9,9,08:10,1,2,1,1,4,75119,M,"48,9004250","2,3902070",75
202000019115,20,9,10,16:20,1,2,5,1,2,75106,M,"48,8439850","2,3306150",75
202000019116,20,9,10,20:00,1,2,2,1,2,75120,M,"48,8584050","2,3900100",75
202000019117,20,9,10,13:10,1,2,3,1,3,75120,M,"48,8759680","2,4074910",75
202000019118,20,9,8,17:00,1,2,2,1,3,75119,M,"48,8953070","2,3720940",75
202000019119,20,9,10,08:48,1,2,2,1,3,75116,M,"48,8558290","2,2854870",75
202000019120,20,9,9,20:20,5,2,1,1,7,75115,M,"48,8379990","2,2716470",75
202000019121,20,9,9,19:30,2,2,5,1,3,75115,M,"48,8297370","2,2956470",75
202000019122,20,9,10,14:15,1,2,2,1,7,75114,M,"48,8275960","2,3209940",75
202000019123,20,9,5,07:30,1,2,1,1,6,75114,M,"48,8408880","2,3260680",75
202000019124,20,9,9,14:10,1,2,4,1,7,75114,M,"48,8341010","2,3243530",75
202000019125,20,9,10,18:00,1,2,7,1,6,75113,M,"48,8224650","2,3464710",75
202000019126,20,9,10,13:50,1,2,2,1,3,75113,M,"48,8244080","2,3764090",75
202000019127,20,9,10,16:15,1,2,1,1,6,75112,M,"48,8478070","2,4024610",75
202000019128,20,9,10,16:15,1,2,1,1,6,75111,M,"48,8626720","2,3698740",75
202000019129,20,9,10,19:15,2,2,1,1,7,75108,M,"48,8776520","2,3223140",75
202000019130,20,9,8,22:40,5,2,2,1,3,75108,M,"48,8736960","2,3065220",75
202000019131,20,9,9,22:15,5,2,1,1,3,75107,M,"48,8510930","2,3263340",75
202000019132,20,9,10,23:40,5,2,3,1,1,75101,M,"48,8593390","2,3456800",75
202000019133,20,9,10,14:50,1,2,2,1,6,75102,M,"48,8649620","2,3484960",75
202000019134,20,9,10,01:15,5,2,5,1,2,75102,M,"48,8638560","2,3490520",75
202000019135,20,9,8,08:30,1,2,9,8,3,94042,M,"48,8200850","2,4768830",94
202000019136,20,9,10,11:05,1,2,1,1,3,94076,M,"48,7888800","2,3679400",94
202000019137,20,9,10,06:30,5,2,1,1,2,94034,M,"48,7580260","2,3167050",94
202000019138,20,9,10,09:00,1,2,1,1,2,94075,M,"48,7133690","2,5379300",94
202000019139,20,9,10,12:05,1,2,1,1,4,93077,M,"48,8842128","2,5092572",93
202000019140,20,9,8,14:00,1,2,3,1,3,93029,M,"48,9244100","2,4429200",93
202000019141,20,9,8,07:00,2,2,3,1,3,93029,M,"48,9303933","2,4308138",93
202000019142,20,9,10,19:10,1,2,1,1,5,93013,M,"48,9334700","2,4429000",93
202000019143,20,9,10,13:34,1,2,1,1,3,93013,M,"48,9344312","2,4253080",93
202000019144,20,9,9,15:30,1,2,3,1,3,93027,M,"48,9295900","2,4203300",93
202000019145,20,9,10,19:10,1,2,1,1,6,93001,M,"48,9026660","2,3905748",93
202000019146,20,9,10,13:50,1,2,1,1,3,92078,M,"48,9420800","2,3206450",92
202000019147,20,9,10,11:50,1,1,1,1,6,92064,M,"48,8369453","2,2037103",92
202000019148,20,9,8,13:05,1,2,1,1,6,92063,M,"48,8707112","2,1955102",92
202000019149,20,9,4,08:00,1,2,3,1,2,92062,M,"48,8798112","2,2399617",92
202000019150,20,9,10,20:45,5,2,1,1,7,92040,M,"48,8199270","2,2497880",92
202000019151,20,9,10,10:15,1,2,2,1,3,92075,M,"48,8205100","2,3039600",92
202000019152,20,9,10,08:20,1,2,1,1,3,92040,M,"48,8191700","2,2513800",92
202000019153,20,9,10,22:10,5,2,1,1,3,92025,M,"48,9299870","2,2626480",92
202000019154,20,9,10,16:50,1,2,1,1,2,92024,M,"48,9128827","2,3132980",92
202000019155,20,9,10,20:48,5,2,8,1,3,92023,M,"48,7835298","2,2469428",92
202000019156,20,9,9,19:53,1,2,1,1,3,92023,M,"48,7820738","2,2433171",92
202000019157,20,9,11,08:20,1,1,1,7,6,63345,M,"45,6847338","3,0547867",63
202000019158,20,8,25,13:05,1,1,1,1,5,97610,Y," -12,7297990","45,1803620",976
202000019159,20,9,11,06:47,5,2,4,1,1,24294,M,"45,0141230","0,1609920",24
202000019160,20,9,11,10:10,1,2,1,1,-1,62760,M,"50,6095250","2,1048800",62
202000019161,20,9,11,09:25,1,2,1,7,6,38157,M,"45,4916050","4,9471800",38
202000019162,20,9,11,14:30,1,1,3,1,3,91390,M,"48,3177640","2,1068890",91
202000019163,20,8,13,08:30,1,1,1,1,3,2A308,M,"41,6830358","9,0408018",2A
202000019164,20,9,10,18:00,1,2,1,1,6,42332,M,"46,0198170","4,0464170",42
202000019165,20,9,9,16:20,1,1,3,1,1,68162,M,"48,1290130","7,3142709",68
202000019166,20,9,10,18:00,1,1,1,1,4,67173,M,"48,6273070","7,6843200",67
202000019167,20,9,10,17:30,1,1,1,1,1,01354,M,"46,2582640","6,0371870",01
202000019168,20,9,11,12:07,1,1,1,1,1,01033,M,"46,1511690","5,7913670",01
202000019169,20,9,11,15:20,1,1,2,1,1,59641,M,"50,9881220","2,5280950",59
202000019170,20,9,11,09:05,1,1,1,1,6,44137,M,"47,3589440"," -2,0446590",44
202000019171,20,9,11,09:45,1,1,2,1,3,27011,M,"49,2188480","0,9340340",27
202000019172,20,8,6,14:40,1,1,1,1,2,51076,M,"49,0632615","3,8577633",51
202000019173,20,9,10,07:50,2,2,1,1,6,56172,M,"47,8379440"," -2,6419120",56
202000019174,20,8,31,10:45,1,1,3,1,3,56137,M,"47,7459320"," -2,6918860",56
202000019175,20,9,4,17:50,1,1,1,1,7,74051,M,"46,0232060","6,0359360",74
202000019176,20,9,10,17:25,1,2,2,1,3,42218,M,"45,4314000","4,3886378",42
202000019177,20,9,10,23:00,3,1,1,1,6,79242,M,"46,9126920"," -0,4974100",79
202000019178,20,9,9,17:40,1,2,2,1,5,80199,M,"49,9583760","2,8882280",80
202000019179,20,9,11,15:00,1,1,1,1,1,80566,M,"50,0907000","2,2378370",80
202000019180,20,9,10,10:15,1,1,2,1,3,80800,M,"49,8569140","1,8540560",80
202000019181,20,9,10,17:30,1,1,9,1,7,65373,M,"43,3079890","0,4565330",65
202000019182,20,9,10,18:10,2,1,1,1,2,81064,M,"43,9572790","1,8581590",81
202000019183,20,9,11,09:07,1,2,2,1,3,32027,M,"43,6999450"," -0,2329150",32
202000019184,20,9,11,09:40,1,1,1,1,1,11043,M,"43,2178900","2,4390720",11
202000019185,20,9,3,16:00,1,2,2,1,2,61081,M,"48,6488910","0,1913020",61
202000019186,20,9,3,15:45,1,1,2,1,6,55398,M,"48,6836970","5,7242100",55
202000019187,20,9,10,22:30,3,1,1,1,2,49180,M,"47,3652730"," -0,0936160",49
202000019188,20,9,11,14:20,1,2,2,1,3,42011,M,"45,8176603","4,1851057",42
202000019189,20,9,11,18:20,1,1,1,1,6,42006,M,"45,3746398","3,9957714",42
202000019190,20,9,8,14:40,1,1,3,1,3,22212,M,"48,6580740"," -3,1958630",22
202000019191,20,9,10,18:18,1,1,4,1,7,22055,M,"48,6203755"," -2,8406317",22
202000019192,20,9,9,13:04,1,1,3,1,5,44087,M,"46,9750260"," -1,8081740",44
202000019193,20,9,10,19:10,1,1,1,1,2,31224,M,"43,0637730","0,5885460",31
202000019194,20,9,11,21:45,3,2,1,1,2,31232,M,"43,7703110","1,2837160",31
202000019195,20,9,9,07:30,2,2,9,1,7,02668,M,"49,8304950","3,6983910",02
202000019196,20,9,10,17:15,1,1,1,7,3,02012,M,"49,3214580","3,4282490",02
202000019197,20,8,27,16:45,1,2,3,1,3,01266,M,"46,3384850","5,1280580",01
202000019198,20,9,9,14:10,1,2,3,1,3,01266,M,"46,3384920","5,1280350",01
202000019199,20,9,11,08:00,1,2,1,1,1,50615,M,"49,5000370"," -1,4705350",50
202000019200,20,9,10,11:30,1,1,1,1,2,31112,M,"43,0420060","0,9915320",31
202000019201,20,9,11,11:30,1,2,1,1,3,64436,M,"43,2330100"," -1,2987710",64
202000019202,20,9,8,22:00,3,1,1,1,7,64190,M,"43,5120050"," -0,3132610",64
202000019203,20,9,11,17:45,1,1,2,1,3,64488,M,"43,3950800"," -0,2108280",64
202000019204,20,9,11,12:00,1,2,2,1,2,73151,M,"45,4956275","5,9903439",73
202000019205,20,9,6,17:50,1,1,1,1,7,43267,M,"45,1993670","3,9612579",43
202000019206,20,9,11,07:50,2,1,1,1,2,16028,M,"45,4660000"," -0,1826530",16
202000019207,20,9,11,18:58,1,1,1,1,6,07338,M,"44,8903660","4,6609484",07
202000019208,20,8,5,22:50,5,2,6,1,6,07031,M,"44,3747910","4,1954500",07
202000019209,20,9,10,21:10,2,1,1,1,1,40110,M,"43,6309820"," -0,3631490",40
202000019210,20,9,10,16:50,1,1,2,1,1,24120,M,"45,2778710","1,1055850",24
202000019211,20,9,11,11:45,1,1,3,1,3,04139,M,"44,1691828","5,8379727",04
202000019212,20,9,5,11:20,1,2,2,1,3,27284,M,"49,2781540","1,7852410",27
202000019213,20,9,9,13:43,1,1,1,3,7,48189,M,"44,6113910","3,4239260",48
202000019214,20,8,28,22:40,3,1,3,1,1,04128,M,"43,8438560","5,6882360",04
202000019215,20,9,10,19:55,3,1,1,1,6,38454,M,"45,1598600","5,3624800",38
202000019216,20,8,14,14:00,1,1,1,1,3,97801,,"18,0779630"," -63,0290510",978
202000019217,20,9,11,14:10,1,1,1,1,6,42243,M,"45,8610266","3,9935162",42
202000019218,20,9,9,19:40,3,1,1,1,3,97306,G,"5,6521600"," -53,8395740",973
202000019219,20,9,11,16:10,1,2,2,1,3,33199,M,"44,6409260"," -1,0640110",33
202000019220,20,9,11,08:00,1,2,3,1,6,37131,M,"47,4575942","1,0415565",37
202000019221,20,9,7,18:50,1,1,1,1,1,91315,M,"48,5196740","2,3549800",91
202000019222,20,9,10,21:00,3,1,1,1,7,30051,M,"44,2273960","4,0004610",30
202000019223,20,9,10,01:15,5,2,1,9,1,06011,M,"43,7038640","7,3309060",06
202000019224,20,9,11,08:20,1,2,3,1,1,13076,M,"43,8204170","5,0145180",13
202000019225,20,9,11,08:05,1,2,1,1,6,71176,M,"46,4768840","3,9917215",71
202000019226,20,9,11,18:05,1,1,1,1,-1,54262,M,"48,7082100","6,4288900",54
202000019227,20,9,11,00:15,3,1,1,1,6,57415,M,"49,1417060","6,1070090",57
202000019228,20,9,10,17:05,1,1,1,1,7,03286,M,"46,4874818","3,3454280",03
202000019229,20,9,11,13:55,1,1,1,1,5,74220,M,"46,1480380","6,2613270",74
202000019230,20,9,9,16:45,1,1,1,8,6,38445,M,"45,0397940","5,7829020",38
202000019231,20,9,11,16:30,1,2,1,1,1,38170,M,"45,2485310","5,6665740",38
202000019232,20,8,16,15:45,1,1,1,1,4,26116,M,"44,4536030","4,7502780",26
202000019233,20,9,10,17:20,1,1,2,1,2,01262,M,"45,8659830","4,9999270",01
202000019234,20,9,10,12:30,1,1,1,1,1,81038,M,"43,8953490","1,9611240",81
202000019235,20,9,9,06:10,3,1,1,1,6,33392,M,"44,5844880"," -0,2689400",33
202000019236,20,9,10,21:00,3,1,3,1,3,49301,M,"47,0223650"," -1,0469660",49