Num_Acc,an,mois,jour,hrmn,lum,agg,int,atm,col,com,gps,lat,long,dep
202000019237,20,9,11,09:10,1,1,1,1,7,50531,M,"48,6634350"," -1,2482040",50
202000019238,20,9,10,14:40,1,1,1,1,7,14720,M,"48,9431260"," -0,2907940",14
202000019239,20,8,16,17:30,1,1,1,1,7,29042,M,"48,2191110"," -4,5452180",29
202000019240,20,6,10,13:15,1,2,1,1,2,97209,A,"14,6115700"," -61,0793600",972
202000019241,20,6,11,01:08,5,2,1,2,3,95582,M,"48,9833420","2,2429400",95
202000019242,20,6,10,18:10,1,2,2,1,3,91477,M,"48,7136400","2,2577400",91
202000019243,20,6,11,09:50,1,2,1,1,6,91477,M,"48,7237180","2,2488990",91
202000019244,20,6,11,15:40,1,2,1,1,3,91514,M,"48,6755110","2,5358290",91
202000019245,20,6,9,16:20,1,1,6,1,6,87085,M,"45,8686000","1,2781000",87
202000019246,20,6,10,18:30,1,1,1,1,3,83144,M,"43,1432130","6,0100740",83
202000019247,20,6,11,14:30,1,2,1,1,3,81163,M,"43,4979000","2,3737700",81
202000019248,20,6,10,10:55,1,1,1,1,3,80021,M,"49,8840100","2,2823900",80
202000019249,20,6,11,17:40,1,2,3,1,6,77330,M,"48,9445000","2,8820200",77
202000019250,20,6,9,17:00,1,1,1,2,3,74118,M,"46,1751923","6,2362166",74
202000019251,20,6,11,11:10,1,2,2,1,3,74010,M,"45,9027000","6,1281000",74
202000019252,20,6,11,20:00,2,2,1,2,2,69266,M,"45,7606000","4,9051000",69
202000019253,20,6,7,19:00,1,2,1,1,6,69264,M,"45,9818000","4,7348700",69
202000019254,20,6,9,14:53,1,2,1,1,4,66136,M,"42,6995300","2,9344400",66
202000019255,20,5,25,13:25,1,2,1,1,1,66136,M,"42,6933600","2,8596600",66
202000019256,20,6,11,18:00,1,2,1,2,2,65440,M,"43,2200970","0,0657870",65
202000019257,20,6,3,09:50,1,2,3,1,6,59560,M,"50,5476500","3,0276500",59
202000019258,20,6,5,14:30,1,1,1,1,6,59390,M,"50,3333900","3,2050200",59
202000019259,20,6,7,21:05,1,2,1,1,3,57672,M,"49,3664700","6,1540400",57
202000019260,20,6,4,09:51,1,2,1,3,3,57240,M,"49,1510000","6,8340000",57
202000019261,20,6,10,17:00,1,2,2,1,3,52121,M,"48,0951200","5,1509300",52
202000019262,20,6,11,17:40,1,2,1,1,1,51454,M,"49,2526573","4,0413992",51
202000019263,20,6,11,05:40,2,2,2,8,3,50129,M,"49,6302900"," -1,6000500",50
202000019264,20,6,8,21:00,1,2,2,1,-1,50129,M,"49,6324100"," -1,6234800",50
202000019265,20,6,11,08:20,1,1,1,1,7,45169,M,"47,8999710","1,8091598",45
202000019266,20,6,11,14:10,1,2,2,1,-1,42187,M,"46,0325100","4,0597700",42
202000019267,20,6,11,11:45,1,2,1,1,6,38185,M,"45,1761200","5,7260300",38
202000019268,20,6,11,16:20,1,2,6,2,-1,37261,M,"47,4222500","0,6797500",37
202000019269,20,6,11,17:15,1,1,1,2,6,35238,M,"48,0854800"," -1,6388200",35
202000019270,20,6,11,13:30,1,2,1,2,6,35238,M,"48,1068300"," -1,6810400",35
202000019271,20,6,11,10:50,1,2,1,3,2,35238,M,"48,0846600"," -1,6608300",35
202000019272,20,6,10,17:50,1,2,2,1,3,34172,M,"43,6011500","3,8816200",34
202000019273,20,6,11,08:34,1,1,4,2,6,33013,M,"44,8681548"," -0,4724721",33
202000019274,20,6,6,21:15,1,2,1,1,6,33529,M,"44,6131700"," -1,1281100",33
202000019275,20,6,10,15:15,1,2,6,1,4,31555,M,"43,6172000","1,4081200",31
202000019276,20,6,10,18:04,1,2,2,1,3,29019,M,"48,3928700"," -4,4620900",29
202000019277,20,6,9,20:40,1,2,6,1,3,29019,M,"48,3900030"," -4,5036718",29
202000019278,20,6,11,09:45,1,2,1,8,3,25462,M,"46,9179900","6,3438600",25
202000019279,20,6,8,17:50,1,2,1,1,5,22278,M,"48,5232933"," -2,7500550",22
202000019280,20,6,10,23:50,5,2,6,1,3,21231,M,"47,3220400","5,0516600",21
202000019281,20,6,10,17:22,1,2,3,8,7,17300,M,"46,1613000"," -1,2073600",17
202000019282,20,6,10,16:45,1,2,1,1,4,13106,M,"43,3920900","5,3518200",13
202000019283,20,6,11,20:30,2,2,1,1,3,13210,M,"43,2724430","5,4210920",13
202000019284,20,6,11,10:35,1,2,2,1,-1,13202,M,"43,3137750","5,3680590",13
202000019285,20,6,10,11:40,1,2,9,1,2,13214,M,"43,3300540","5,3876660",13
202000019286,20,6,10,15:45,1,2,1,1,5,13209,M,"43,2589700","5,4170000",13
202000019287,20,6,9,16:25,1,2,1,1,3,13004,M,"43,6782600","4,6074700",13
202000019288,20,6,11,20:00,2,2,2,1,6,06088,M,"43,6982500","7,2871000",06
202000019289,20,6,10,01:40,5,2,1,2,6,06088,M,"43,6654080","7,2034694",06
202000019290,20,6,9,18:20,1,2,4,1,4,75113,M,"48,8266350","2,3889950",75
202000019291,20,6,9,16:20,1,2,1,1,2,75116,M,"48,8524220","2,2525860",75
202000019292,20,6,10,20:37,1,2,3,1,6,75118,M,"48,8902450","2,3599170",75
202000019293,20,6,11,12:30,1,2,4,1,6,75105,M,"48,8431840","2,3641600",75
202000019294,20,6,11,17:00,1,2,3,1,3,75120,M,"48,8737850","2,3883180",75
202000019295,20,6,11,17:40,1,2,3,1,7,75117,M,"48,8918660","2,3178830",75
202000019296,20,6,11,21:13,2,2,2,2,3,75113,M,"48,8272280","2,3857040",75
202000019297,20,6,11,10:40,1,2,1,1,6,75113,M,"48,8279540","2,3768320",75
202000019298,20,6,10,21:45,2,2,1,1,3,75110,M,"48,8692740","2,3665730",75
202000019299,20,6,11,20:05,1,2,2,1,3,75108,M,"48,8796540","2,3270120",75
202000019300,20,6,10,20:20,1,2,2,1,3,75101,M,"48,8638160","2,3342450",75
202000019301,20,6,10,07:20,1,2,1,1,1,94081,M,"48,7935100","2,3959800",94
202000019302,20,6,11,05:30,2,2,3,1,3,94068,M,"48,8041770","2,4868700",94
202000019303,20,6,9,17:15,1,2,2,1,2,94068,M,"48,8110560","2,4694280",94
202000019304,20,6,11,12:10,1,2,1,1,7,94038,M,"48,7822350","2,3425810",94
202000019305,20,6,10,02:00,5,2,1,1,6,94054,M,"48,7464900","2,3830200",94
202000019306,20,6,11,18:45,1,2,1,1,2,94079,M,"48,8298500","2,5574800",94
202000019307,20,6,11,09:50,1,2,1,1,7,94017,M,"48,8171500","2,5238100",94
202000019308,20,6,11,07:40,1,2,1,1,3,94017,M,"48,8215900","2,4992100",94
202000019309,20,6,11,07:40,2,2,2,1,3,93048,M,"48,8648880","2,4394860",93
202000019310,20,7,21,22:35,5,2,3,1,3,93032,M,"48,8993000","2,5395800",93
202000019311,20,6,10,19:45,1,2,3,1,3,92063,M,"48,8676909","2,1964312",92
202000019312,20,6,10,17:40,1,2,1,1,7,92036,M,"48,9300180","2,2950600",92
202000019313,20,6,11,01:20,5,2,1,1,7,92023,M,"48,7884307","2,2530106",92
202000019314,20,6,3,18:24,1,2,1,1,-1,22050,M,"48,4405190"," -2,0480700",22
202000019315,20,6,9,18:20,1,1,2,1,3,17183,M,"45,6048360"," -0,8104130",17
202000019316,20,6,11,20:45,1,2,3,1,1,68146,M,"48,1279640","7,3783940",68
202000019317,20,6,11,18:20,1,2,2,1,3,84028,M,"44,2273350","4,9368100",84
202000019318,20,6,10,19:15,1,2,3,1,6,57428,M,"49,0969270","6,7516460",57
202000019319,20,6,11,15:54,1,1,1,1,4,67437,M,"48,7470070","7,3445320",67
202000019320,20,6,11,22:15,5,2,1,1,6,83070,M,"43,1374140","6,3744840",83
202000019321,20,6,13,09:40,1,1,1,2,1,34270,M,"43,5881490","3,8252490",34
202000019322,20,6,12,05:16,3,1,4,1,6,80622,M,"49,9242480","2,1399310",80
202000019323,20,6,12,13:30,1,1,2,3,3,80443,M,"49,8517470","1,9140780",80
202000019324,20,6,12,08:45,1,1,1,2,1,69033,M,"45,8606650","4,8817300",69
202000019325,20,6,11,18:40,1,1,1,2,3,63055,M,"45,8346250","2,8428170",63
202000019326,20,6,11,22:10,4,2,1,1,6,42302,M,"45,4868246","4,4491189",42
202000019327,20,6,12,17:00,1,1,1,8,6,41231,M,"47,5128530","1,8575910",41
202000019328,20,6,8,15:10,1,1,1,1,7,86083,M,"46,4691230","0,1648700",86
202000019329,20,6,11,12:25,1,1,1,2,1,86293,M,"46,3876750","0,2863690",86
202000019330,20,6,12,07:55,1,2,2,7,3,68120,M,"47,5400780","7,4965810",68
202000019331,20,6,10,16:15,1,1,1,2,1,44139,M,"47,4683920"," -1,9569620",44
202000019332,20,6,12,19:30,1,2,2,1,3,38457,M,"45,3293100","5,2665300",38
202000019333,20,6,11,12:15,1,1,1,1,3,03025,M,"46,4443605","3,4117484",03
202000019334,20,6,12,04:50,3,1,1,2,6,72039,M,"48,1729370","0,4712720",72
202000019335,20,6,11,21:30,2,2,1,2,6,14020,M,"49,1205820"," -0,1685070",14
202000019336,20,6,11,22:00,5,2,1,1,2,88520,M,"48,0334450","6,2934730",88
202000019337,20,6,11,21:40,3,1,1,3,7,77279,M,"48,3769953","3,0190006",77
202000019338,20,6,10,08:00,1,1,1,1,2,13109,M,"43,5104440","5,4974650",13
202000019339,20,6,11,18:30,1,1,1,1,6,21001,M,"47,1294470","4,9717960",21
202000019340,20,6,11,15:45,1,1,1,1,7,97128,A,"16,2342580"," -61,3709590",971
202000019341,20,6,11,19:43,1,1,2,2,-1,77238,M,"48,8686920","3,0917390",77
202000019342,20,5,24,10:15,1,1,2,1,3,91338,M,"48,6616740","2,0926390",91
202000019343,20,6,11,18:00,1,1,1,1,-1,83107,M,"43,4216350","6,6808460",83
202000019344,20,6,11,17:00,1,2,1,1,3,06122,M,"43,7445720","7,1771030",06
202000019345,20,6,12,12:40,1,1,1,1,1,05065,M,"44,6374680","6,6657400",05
202000019346,20,6,12,14:00,1,2,1,1,2,71150,M,"46,2414617","4,7850385",71
202000019347,20,6,12,12:28,1,1,2,3,3,03008,M,"46,0341013","3,5613406",03
202000019348,20,6,12,16:00,1,1,3,1,3,47326,M,"44,5015440","0,2443870",47
202000019349,20,6,3,20:15,2,2,1,1,3,47157,M,"44,5016350","0,1706550",47
202000019350,20,6,11,07:20,2,1,3,3,1,44052,M,"47,3502000"," -2,1023270",44
202000019351,20,6,12,19:10,1,2,1,1,6,60439,M,"49,3122541","2,3175220",60
202000019352,20,6,12,14:30,1,1,1,2,7,60639,M,"49,4693370","2,1017580",60
202000019353,20,6,11,15:40,1,1,1,1,4,94038,M,"48,7784600","2,3465400",94
202000019354,20,6,11,08:00,1,1,1,1,4,91589,M,"48,6794000","2,3338000",91
202000019355,20,6,10,23:00,3,1,1,2,7,78208,M,"48,7994600","1,9854400",78
202000019356,20,6,11,20:15,1,1,1,1,-1,92036,M,"48,9458900","2,2832300",92
202000019357,20,6,10,18:45,1,1,1,1,3,93008,M,"48,9083100","2,4507900",93
202000019358,20,6,10,19:00,1,1,1,1,7,92078,M,"48,9374100","2,3171200",92
202000019359,20,6,10,15:15,1,1,1,1,2,93006,M,"48,8686000","2,4284900",93
202000019360,20,6,10,15:30,1,1,1,1,3,93008,M,"48,9140000","2,4331900",93
202000019361,20,6,10,07:40,1,1,1,1,2,95572,M,"49,0379400","2,1232900",95
202000019362,20,6,9,19:14,1,1,1,1,2,92036,M,"48,9379200","2,3147600",92
202000019363,20,6,9,13:20,1,1,1,1,4,93066,M,"48,9148600","2,3579300",93
202000019364,20,6,11,18:50,1,1,1,1,7,77373,M,"48,7659278","2,6141926",77
202000019365,20,6,11,14:30,1,1,1,1,2,77373,M,"48,7848329","2,6169011",77
202000019366,20,6,11,13:30,1,1,1,1,6,94073,M,"48,7709000","2,3875000",94
202000019367,20,6,6,12:00,1,1,1,1,3,77258,M,"48,8322146","2,6519244",77
202000019368,20,2,4,07:10,5,2,1,1,6,91471,M,"48,6973400","2,1818700",91
202000019369,20,6,11,08:05,1,2,3,1,3,98818,C," -22,2420200","166,4573000",988
202000019370,20,6,10,15:10,1,1,2,1,3,97416,R," -21,3069040","55,4246790",974
202000019371,20,6,9,10:50,1,1,1,1,3,97416,R," -21,3263300","55,4490400",974
202000019372,20,6,9,10:35,1,2,1,1,3,97409,R," -20,9408000","55,6473000",974
202000019373,20,6,10,09:05,1,2,1,1,-1,97302,G,"4,9384511"," -52,3211002",973
202000019374,20,6,9,11:30,1,2,1,1,3,97302,G,"4,9145000"," -52,3209000",973
202000019375,20,6,10,17:36,1,2,2,8,3,69388,M,"45,7244084","4,8716574",69
202000019376,20,6,10,14:20,1,2,2,1,3,69386,M,"45,7691694","4,8489860",69
202000019377,20,6,10,15:40,1,1,1,2,4,97213,A,"14,6150000"," -61,0130000",972
202000019378,20,6,10,21:50,5,2,1,1,6,69384,M,"45,7776300","4,8265000",69
202000019379,20,6,9,17:40,1,2,1,1,6,91103,M,"48,6075400","2,2728600",91
202000019380,20,6,9,17:40,1,2,1,1,2,87085,M,"45,8726200","1,3013000",87
202000019381,20,6,9,23:50,3,1,1,1,6,77487,M,"48,5379200","2,6925500",77
202000019382,20,6,9,07:45,1,2,1,1,3,76231,M,"49,2832100","1,0082400",76
202000019383,20,6,10,02:15,5,2,2,1,3,76540,M,"49,4485390","1,0997066",76
202000019384,20,6,9,16:15,1,2,2,1,6,76351,M,"49,4942000","0,1037000",76
202000019385,20,6,9,17:25,1,1,1,1,2,71040,M,"46,6965201","4,3910704",71
202000019386,20,6,6,19:15,1,2,1,1,3,69275,M,"45,7746100","4,9643500",69
202000019387,20,6,9,18:45,1,2,3,2,5,67482,M,"48,5892300","7,7025700",67
202000019388,20,6,6,11:15,1,2,1,8,7,64122,M,"43,4740444"," -1,5442604",64
202000019389,20,6,9,15:40,1,2,1,1,2,64024,M,"43,5236600"," -1,5040700",64
202000019390,20,5,13,16:45,1,2,6,1,2,62510,M,"50,4275910","2,7882850",62
202000019391,20,6,9,20:50,1,2,2,1,3,62401,M,"50,5062500","2,8009700",62
202000019392,20,6,9,16:30,1,2,1,1,3,56121,M,"47,7401400"," -3,3934300",56
202000019393,20,6,9,18:16,1,2,1,1,2,54526,M,"48,6807009","6,2139176",54
202000019394,20,6,10,08:54,1,1,1,8,4,52448,M,"48,6255200","4,9354500",52
202000019395,20,6,10,18:10,1,2,1,1,3,51454,M,"49,2230997","4,0140899",51
202000019396,20,6,9,20:15,1,2,1,1,7,49007,M,"47,4751400"," -0,5499000",49
202000019397,20,6,9,10:39,1,2,1,1,6,49007,M,"47,4489900"," -0,5646800",49
202000019398,20,6,9,09:52,1,2,1,1,7,49007,M,"47,4751300"," -0,5622900",49
202000019399,20,6,10,08:30,1,2,3,1,2,45004,M,"47,9617939","2,7620579",45
202000019400,20,6,2,10:30,1,2,1,1,6,43157,M,"45,0377000","3,8878000",43
202000019401,20,5,28,15:20,1,2,1,1,2,43157,M,"45,0483000","3,8778000",43
202000019402,20,2,28,16:33,1,2,1,1,4,42330,M,"45,4771950","4,3464720",42
202000019403,20,6,10,20:10,1,1,1,2,6,35278,M,"48,1425000"," -1,6990000",35
202000019404,20,6,10,17:20,1,2,2,2,3,35238,M,"48,0944880"," -1,6856069",35
202000019405,20,6,10,15:45,1,1,9,2,2,35206,M,"48,0788658"," -1,6926348",35
202000019406,20,6,10,17:50,1,2,3,2,1,33529,M,"44,6143500"," -1,1216500",33
202000019407,20,6,9,17:35,1,2,1,2,6,31069,M,"43,6530000","1,3744200",31
202000019408,20,6,9,20:20,1,2,1,1,6,30189,M,"43,8372600","4,3300600",30
202000019409,20,6,9,16:45,1,2,3,1,7,30189,M,"43,8143250","4,3966100",30
202000019410,20,6,10,13:03,1,2,2,1,2,29019,M,"48,4073800"," -4,4850700",29
202000019411,20,6,5,07:40,1,2,1,1,3,22106,M,"48,4905915"," -2,7169168",22
202000019412,20,6,10,21:30,3,1,1,1,7,17306,M,"45,6358418"," -1,0159457",17
202000019413,20,6,10,14:00,1,2,1,1,7,15012,M,"44,9015960","2,4586620",15
202000019414,20,6,10,14:40,1,2,4,1,6,13203,M,"43,3077320","5,3738820",13
202000019415,20,6,10,02:50,3,2,1,1,2,13213,M,"43,3222700","5,4182200",13
202000019416,20,6,10,04:00,5,2,1,1,5,13210,M,"43,2808910","5,4069000",13
202000019417,20,6,10,00:30,5,2,3,1,3,13211,M,"43,2820400","5,4297700",13
202000019418,20,6,9,09:50,1,2,1,1,2,11262,M,"43,1812000","2,9717300",11
202000019419,20,6,9,19:32,1,2,1,8,7,10362,M,"48,2918100","4,0345000",10
202000019420,20,6,8,12:07,1,2,1,1,3,10081,M,"48,3057200","4,0254800",10
202000019421,20,6,10,18:27,1,2,1,1,6,06069,M,"43,6417000","6,9424000",06
202000019422,20,6,9,20:30,1,2,1,1,1,06029,M,"43,5572820","6,9685250",06
202000019423,20,6,10,13:30,1,2,1,1,2,75117,M,"48,8937770","2,3045340",75
202000019424,20,6,10,12:00,1,2,4,1,2,75118,M,"48,9006670","2,3337850",75
202000019425,20,6,9,16:40,1,2,1,1,2,75118,M,"48,9010550","2,3535030",75
202000019426,20,6,9,13:25,1,2,1,1,4,75112,M,"48,8320220","2,4048750",75
202000019427,20,6,10,14:35,1,2,1,1,7,75120,M,"48,8592270","2,3893060",75
202000019428,20,8,11,03:30,5,2,1,1,7,92040,M,"48,8224825","2,2718766",92
202000019429,20,8,9,21:55,2,2,2,1,3,92025,M,"48,9309720","2,2446050",92
202000019430,20,8,10,16:35,1,2,2,1,3,92012,M,"48,8303650","2,2453280",92
202000019431,20,8,11,17:20,1,1,3,1,5,37276,M,"47,5395302","0,8515965",37
202000019432,20,8,11,18:45,1,1,1,1,6,09079,M,"43,1519740","1,3942550",09
202000019433,20,8,12,06:41,1,1,1,1,6,95116,M,"49,1599580","2,3196600",95
202000019434,20,8,12,15:45,1,1,1,1,1,07346,M,"44,4930863","4,6626207",07
202000019435,20,8,10,16:00,1,1,3,1,-1,97422,R," -21,2747985","55,5071354",974
202000019436,20,8,12,17:00,1,2,9,1,3,60395,M,"49,2172190","2,1284940",60
202000019437,20,8,12,08:30,1,2,1,1,6,60218,M,"49,2167601","2,1656424",60
202000019438,20,8,12,07:45,1,1,2,7,3,01173,M,"46,3178982","6,0613429",01
202000019439,20,8,11,15:25,1,1,1,1,3,85144,M,"46,8541050"," -1,1143180",85
202000019440,20,8,12,13:10,1,1,1,1,2,12145,M,"44,0965080","3,0208650",12
202000019441,20,8,6,05:40,2,1,1,1,2,62499,M,"50,3854707","1,7280119",62
202000019442,20,8,11,15:45,1,2,1,1,3,62297,M,"50,8108200","2,1385680",62
202000019443,20,8,10,20:15,1,1,1,1,7,51064,M,"49,0474376","4,1000812",51
202000019444,20,8,10,16:00,1,2,1,1,7,51151,M,"48,6913470","3,7543469",51
202000019445,20,8,11,18:30,1,1,1,1,7,79092,M,"46,5093510"," -0,2124310",79
202000019446,20,8,11,16:45,1,2,4,1,7,71550,M,"46,5029132","4,8861675",71
202000019447,20,8,12,08:40,1,2,1,1,3,76618,M,"49,9403600","1,1423420",76
202000019448,20,8,12,10:55,1,2,4,1,1,12203,M,"43,9781400","2,9869190",12
202000019449,20,8,12,15:30,1,1,1,1,1,68307,M,"47,8160510","6,8659510",68
202000019450,20,8,11,09:10,1,1,2,1,3,22031,M,"48,3821650"," -3,5423610",22
202000019451,20,8,8,10:50,1,1,1,1,7,25231,M,"47,2056770","6,4350270",25
202000019452,20,8,12,09:40,1,1,3,1,3,29272,M,"47,9596977"," -3,9493138",29
202000019453,20,8,12,11:25,1,1,1,1,7,01363,M,"46,0390530","5,3371290",01
202000019454,20,8,6,16:40,1,1,3,1,3,01369,M,"46,1888700","5,2901370",01
202000019455,20,8,10,08:30,1,1,1,2,6,58029,M,"47,3436860","3,4904340",58
202000019456,20,8,10,08:30,2,2,1,1,6,06032,M,"43,7236450","7,3960410",06
202000019457,20,8,11,16:25,1,1,1,1,6,14287,M,"49,1398180"," -0,2406260",14
202000019458,20,10,6,22:15,5,2,2,1,3,91657,M,"48,6958500","2,4170500",91
202000019459,20,9,29,16:30,1,2,3,2,3,91174,M,"48,6108500","2,4507900",91
202000019460,20,8,4,18:15,1,1,1,1,7,05098,M,"44,5131912","6,5770474",05
202000019461,20,10,3,11:15,1,2,1,2,6,88424,M,"48,2710300","6,9726800",88
202000019462,20,8,11,18:10,1,2,9,1,1,09223,M,"42,8832320","1,2154320",09
202000019463,20,8,9,03:30,3,1,1,1,6,64017,M,"43,1122210"," -0,8718840",64
202000019464,20,10,5,18:14,1,2,2,3,3,88209,M,"48,2026000","6,4375500",88
202000019465,20,8,12,17:30,1,1,1,1,1,10288,M,"47,9991660","4,4777260",10
202000019466,20,8,11,12:05,1,2,7,1,4,16070,M,"45,8816060","0,7380800",16
202000019467,20,9,6,16:59,1,2,2,1,3,87114,M,"45,8364100","1,2912800",87
202000019468,20,10,6,17:44,1,2,1,1,3,87085,M,"45,8324700","1,2498900",87
202000019469,20,8,11,17:10,1,1,1,1,7,24098,M,"45,2348460","0,6979480",24
202000019470,20,10,6,16:13,1,2,1,2,6,87075,M,"45,8132500","1,2283900",87
202000019471,20,10,6,10:46,1,1,1,2,1,87050,M,"45,8733300","1,2547700",87
202000019472,20,8,6,08:50,1,1,1,1,5,27129,M,"49,0787010","0,5600450",27
202000019473,20,10,6,16:05,1,2,1,2,7,87050,M,"45,8797000","1,2384700",87
202000019474,20,10,6,12:30,1,2,2,2,3,82121,M,"44,0354959","1,3704962",82
202000019475,20,8,12,19:00,1,1,9,1,1,08284,M,"49,8730930","4,5992160",08
202000019476,20,10,6,21:20,5,1,1,3,7,76351,M,"49,5246970","0,1235200",76
202000019477,20,10,6,11:10,1,2,2,8,5,74133,M,"46,1886000","6,2156300",74
202000019478,20,10,7,17:20,1,1,1,2,6,71059,M,"46,8200583","4,4738646",71
202000019479,20,10,7,17:50,1,2,1,1,2,69275,M,"45,7714900","4,9799800",69
202000019480,20,8,10,07:10,1,1,1,1,4,67205,M,"48,6781305","7,7952922",67
202000019481,20,10,7,09:45,1,2,2,1,3,69029,M,"45,7336740","4,9086215",69
202000019482,20,8,12,17:15,1,1,1,1,1,09239,M,"42,6859770","2,1345500",09
202000019483,20,10,6,15:05,1,2,1,2,6,69290,M,"45,6850600","4,9584600",69
202000019484,20,10,7,16:00,1,2,6,1,2,69092,M,"45,9946272","4,7071743",69
202000019485,20,10,7,12:10,1,2,1,1,6,69096,M,"45,6088000","4,7796000",69
202000019486,20,8,6,16:25,1,1,1,1,4,01049,M,"45,8357960","5,0359440",01
202000019487,20,10,4,17:55,1,2,1,1,6,68149,M,"47,5936100","7,5753700",68
202000019488,20,10,6,22:40,5,2,8,2,3,67482,M,"48,5727900","7,7945800",67
202000019489,20,8,4,13:00,1,1,1,1,3,89341,M,"47,7084332","3,7916458",89
202000019490,20,10,6,15:30,1,2,1,1,1,67482,M,"48,5903400","7,7161800",67
202000019491,20,10,6,18:00,2,2,1,1,2,66136,M,"42,7022900","2,8830500",66
202000019492,20,8,10,13:52,1,1,1,1,7,21022,M,"47,0456910","5,0122440",21
202000019493,20,10,7,15:05,1,2,2,1,3,64445,M,"43,3228100"," -0,3701900",64
202000019494,20,8,9,18:20,5,2,1,1,1,98747,P," -17,7515450"," -149,2403540",987
202000019495,20,10,6,07:40,5,2,1,1,3,64445,M,"43,3141900"," -0,3332300",64
202000019496,20,8,5,05:40,5,2,1,1,5,98733,P," -17,6927060"," -149,5835680",987
202000019497,20,10,7,13:35,1,2,2,1,2,64102,M,"43,4846003"," -1,4827011",64
202000019498,20,8,11,18:42,1,1,1,1,7,77476,M,"49,0411880","2,9561810",77
202000019499,20,10,7,08:30,1,2,1,3,7,64102,M,"43,4924400"," -1,4786700",64
202000019500,20,7,28,17:55,1,2,1,1,2,77483,M,"48,9985536","2,9352616",77
202000019501,20,9,30,08:50,1,2,4,1,1,62065,M,"50,4097255","2,8293282",62
202000019502,20,8,10,19:55,1,1,4,1,3,77153,M,"49,0457815","2,6777732",77
202000019503,20,10,5,23:00,5,2,8,3,6,59163,M,"50,6676000","3,1517500",59
202000019504,20,8,11,12:35,1,1,1,1,7,77505,M,"48,9377100","2,9761520",77
202000019505,20,10,6,09:50,1,2,1,1,7,56121,M,"47,7609900"," -3,3929700",56
202000019506,20,10,7,09:25,1,2,2,2,6,54395,M,"48,6769690","6,1779413",54
202000019507,20,8,12,19:20,1,1,3,1,3,2B311,M,"42,3501630","9,5325547",2B
202000019508,20,10,6,18:15,1,2,1,1,3,54395,M,"48,6781868","6,2021127",54
202000019509,20,8,11,23:20,3,1,1,1,1,30211,M,"43,8020130","4,5385550",30
202000019510,20,8,11,12:45,1,2,1,1,6,34157,M,"43,4241550","3,6068900",34
202000019511,20,10,6,16:48,1,2,6,1,2,54547,M,"48,6675054","6,1914799",54
202000019512,20,10,6,10:04,1,2,1,1,3,49007,M,"47,4872800"," -0,5277400",49
202000019513,20,8,12,16:20,1,1,1,1,1,84065,M,"43,7481260","5,2897670",84
202000019514,20,8,11,15:45,1,2,9,1,6,84081,M,"43,9529370","4,9020070",84
202000019515,20,10,5,18:30,1,1,1,1,3,49015,M,"47,5007500"," -0,6210100",49
202000019516,20,10,2,18:00,2,1,1,1,4,49246,M,"47,4249800"," -0,5039500",49
202000019517,20,8,11,18:30,1,1,1,1,5,05136,M,"44,6951960","6,6112700",05
202000019518,20,10,6,07:30,5,2,2,1,1,49007,M,"47,4576400"," -0,5331200",49
202000019519,20,8,12,01:45,3,1,1,1,6,13100,M,"43,7970260","4,8011110",13
202000019520,20,10,5,09:05,1,2,1,1,3,49007,M,"47,4565400"," -0,5400300",49
202000019521,20,8,11,19:36,1,2,1,1,6,71090,M,"46,2084181","4,7714515",71
202000019522,20,10,6,15:00,1,2,1,1,7,49007,M,"47,4619100"," -0,5324300",49
202000019523,20,8,10,18:55,1,1,1,1,7,52392,M,"47,8857300","5,4946230",52
202000019524,20,10,6,16:25,1,2,1,1,7,49007,M,"47,4770700"," -0,5413700",49
202000019525,20,8,11,15:40,1,1,1,1,6,69061,M,"45,9958360","4,6244720",69
202000019526,20,10,5,21:45,3,1,1,6,7,44109,M,"47,2082840"," -1,5699510",44
202000019527,20,7,30,11:15,1,2,1,1,6,69194,M,"45,8100650","4,7981930",69
202000019528,20,10,7,17:10,1,2,1,1,3,41212,M,"47,5778180","1,3667050",41
202000019529,20,10,7,19:10,5,2,1,1,3,38185,M,"45,1596200","5,7237500",38
202000019530,20,8,12,11:40,1,1,1,1,2,16078,M,"45,6944450","0,1858970",16
202000019531,20,8,11,21:00,2,1,1,2,6,27611,M,"49,0807740","1,2592920",27
202000019532,20,10,7,17:50,1,2,1,1,2,37261,M,"47,4188084","0,6987018",37
202000019533,20,10,7,12:37,1,2,1,1,6,35238,M,"48,1218938"," -1,7146180",35
202000019534,20,10,7,23:30,5,2,6,1,2,35238,M,"48,1091000"," -1,6976000",35
202000019535,20,8,9,05:30,2,1,1,1,5,13081,M,"43,5008560","5,2385050",13
202000019536,20,10,5,15:30,1,2,2,1,-1,34172,M,"43,6063905","3,8721657",34
202000019537,20,8,8,10:56,1,1,1,1,2,83137,M,"43,1213200","5,9533100",83
202000019538,20,8,11,13:00,1,1,1,1,6,33550,M,"44,7788800"," -0,5574200",33
202000019539,20,10,7,16:45,1,2,6,1,4,33281,M,"44,8157100"," -0,6815200",33
202000019540,20,8,11,03:40,5,1,1,1,2,33192,M,"44,7865900"," -0,5962800",33
202000019541,20,10,7,07:20,3,1,1,1,1,33063,M,"44,9100900"," -0,5576600",33
202000019542,20,8,11,19:38,1,1,1,2,1,91363,M,"48,6392200","2,2014000",91
202000019543,20,9,28,08:35,1,2,1,1,2,33075,M,"44,8768600"," -0,6032800",33