Num_Acc,an,mois,jour,hrmn,lum,agg,int,atm,col,com,gps,lat,long,dep
202000019544,20,8,11,18:45,1,1,1,2,1,91312,M,"48,7327700","2,2340300",91
202000019545,20,8,11,17:00,1,1,1,2,7,78322,M,"48,7813020","2,1687850",78
202000019546,20,10,7,12:50,1,2,2,1,2,29019,M,"48,3778272"," -4,5452456",29
202000019547,20,8,10,18:15,1,1,1,1,4,92036,M,"48,9379200","2,2979100",92
202000019548,20,8,10,12:45,1,1,1,1,6,93007,M,"48,9531300","2,4543100",93
202000019549,20,8,11,16:50,1,1,1,2,7,94081,M,"48,7765000","2,4154000",94
202000019550,20,10,7,22:30,5,2,3,1,3,27229,M,"49,0335800","1,1559300",27
202000019551,20,8,18,18:35,1,1,1,1,3,26198,M,"44,5439000","4,7326000",26
202000019552,20,8,10,14:05,1,2,1,1,6,97416,R," -21,2970300","55,4514300",974
202000019553,20,10,5,09:35,1,2,6,1,3,22278,M,"48,5075000"," -2,7606200",22
202000019554,20,8,10,05:30,5,2,1,1,1,97409,R," -20,9705130","55,6936790",974
202000019555,20,10,5,19:30,2,1,1,2,6,15014,M,"44,9515390","2,4656280",15
202000019556,20,8,10,10:50,1,2,2,1,6,69383,M,"45,7430000","4,8912000",69
202000019557,20,10,7,21:30,5,2,9,1,3,13213,M,"43,3283600","5,4256500",13
202000019558,20,8,10,17:12,1,2,1,1,3,2B120,M,"42,6279238","9,4318303",2B
202000019559,20,10,7,20:15,5,2,1,1,2,13210,M,"43,2834520","5,3969180",13
202000019560,20,10,7,14:25,1,2,1,1,6,13206,M,"43,2913510","5,3830410",13
202000019561,20,8,9,13:40,1,1,1,1,1,97113,A,"16,2181429"," -61,4997107",971
202000019562,20,10,7,12:30,1,2,1,1,3,13211,M,"43,2887881","5,4367036",13
202000019563,20,8,10,13:05,1,1,6,1,3,2A004,M,"41,9085739","8,6863393",2A
202000019564,20,10,7,10:50,1,2,1,1,6,13215,M,"43,3727100","5,3564300",13
202000019565,20,10,7,09:10,1,2,1,1,6,13205,M,"43,2950800","5,4000900",13
202000019566,20,8,9,11:05,1,1,1,1,3,2A004,M,"41,9274500","8,7784200",2A
202000019567,20,10,6,18:45,5,2,1,1,2,13208,M,"43,2510480","5,3897750",13
202000019568,20,7,15,11:00,1,2,1,1,6,84007,M,"43,9309919","4,8426342",84
202000019569,20,10,6,16:05,1,2,1,1,3,13208,M,"43,2790000","5,3875500",13
202000019570,20,8,4,16:55,1,2,1,1,6,83123,M,"43,1172000","5,8055000",83
202000019571,20,10,6,17:51,1,2,1,2,7,13001,M,"43,5408900","5,4538000",13
202000019572,20,10,6,13:50,1,1,1,2,1,12145,M,"44,1211300","3,0627500",12
202000019573,20,10,6,00:39,5,2,1,1,1,10387,M,"48,2911100","4,0963700",10
202000019574,20,10,7,15:00,1,1,9,1,6,09122,M,"42,9663390","1,5980279",09
202000019575,20,8,10,11:08,1,2,3,1,3,78498,M,"48,9311000","2,0459000",78
202000019576,20,10,6,21:15,5,2,6,1,3,03101,M,"46,3700969","2,5850219",03
202000019577,20,8,8,19:40,1,2,1,1,5,77305,M,"48,3896000","2,9568000",77
202000019578,20,10,7,09:35,1,2,1,1,3,75112,M,"48,8386950","2,4132140",75
202000019579,20,10,7,19:25,2,2,2,1,4,75120,M,"48,8591520","2,4021390",75
202000019580,20,8,8,01:30,5,2,3,1,3,77296,M,"48,6280969","2,5900134",77
202000019581,20,10,7,13:00,1,2,4,1,2,75120,M,"48,8705650","2,3882410",75
202000019582,20,8,10,05:30,3,1,6,8,3,77438,M,"48,8612000","2,6685000",77
202000019583,20,10,6,10:40,1,2,2,2,3,75117,M,"48,8856720","2,3168310",75
202000019584,20,10,7,21:30,5,2,3,1,3,75116,M,"48,8496840","2,2760040",75
202000019585,20,8,10,18:25,1,1,2,1,3,77186,M,"48,4136200","2,6441900",77
202000019586,20,10,6,19:20,2,2,4,1,2,75116,M,"48,8410070","2,2541930",75
202000019587,20,8,9,16:18,1,1,1,1,-1,77449,M,"48,8405800","2,7766400",77
202000019588,20,10,7,16:00,1,2,4,1,3,75114,M,"48,8278270","2,3301190",75
202000019589,20,10,7,21:00,5,2,1,1,2,75113,M,"48,8352240","2,3450420",75
202000019590,20,10,7,07:27,5,2,3,2,1,75113,M,"48,8210500","2,3506290",75
202000019591,20,8,10,16:23,1,2,1,1,3,69029,M,"45,7268300","4,9276500",69
202000019592,20,10,7,16:00,1,2,1,1,2,75112,M,"48,8292950","2,3875200",75
202000019593,20,10,7,07:35,2,2,1,2,4,75112,M,"48,8240790","2,4208970",75
202000019594,20,8,10,01:00,5,2,2,1,3,69266,M,"45,7646900","4,8844000",69
202000019595,20,10,6,08:50,1,2,1,2,3,75112,M,"48,8361750","2,4127210",75
202000019596,20,8,10,08:00,1,2,9,1,3,69091,M,"45,5846000","4,7661500",69
202000019597,20,10,7,16:50,1,2,1,1,7,75110,M,"48,8837690","2,3516930",75
202000019598,20,8,9,17:40,1,2,1,1,3,67482,M,"48,5427560","7,7661100",67
202000019599,20,10,7,18:20,1,2,3,1,6,75109,M,"48,8721950","2,3467190",75
202000019600,20,8,7,03:15,3,2,1,1,6,64483,M,"43,4134000"," -1,6140000",64
202000019601,20,10,7,14:30,1,2,1,1,3,75109,M,"48,8818010","2,3316970",75
202000019602,20,8,8,20:05,1,2,1,1,2,64024,M,"43,4808530"," -1,5135800",64
202000019603,20,10,7,10:40,1,2,3,8,6,75108,M,"48,8721300","2,3090350",75
202000019604,20,10,7,10:15,1,2,1,8,6,75114,M,"48,8345220","2,3354320",75
202000019605,20,8,8,17:10,1,2,1,1,6,63075,M,"45,7725700","3,0602900",63
202000019606,20,10,7,02:49,5,2,1,2,6,75104,M,"48,8493930","2,3618060",75
202000019607,20,10,7,13:10,1,2,1,1,7,75101,M,"48,8631280","2,3234630",75
202000019608,20,8,6,09:10,1,2,6,1,3,60159,M,"49,4156300","2,8194400",60
202000019609,20,8,8,08:10,1,2,1,1,2,60382,M,"49,4266300","2,8298300",60
202000019610,20,10,7,19:45,5,2,2,1,3,94081,M,"48,7927300","2,3913300",94
202000019611,20,8,9,04:30,5,2,2,1,3,59350,M,"50,6297300","3,0534300",59
202000019612,20,10,7,21:05,5,2,1,1,6,94078,M,"48,7285900","2,4481000",94
202000019613,20,10,6,11:58,1,2,1,2,6,94068,M,"48,7980800","2,4857400",94
202000019614,20,8,8,19:15,1,2,1,1,3,59009,M,"50,6430100","3,1354100",59
202000019615,20,10,6,06:15,5,2,3,2,3,94076,M,"48,7879247","2,3565658",94
202000019616,20,10,7,07:45,2,2,2,1,3,94028,M,"48,7920000","2,4663400",94
202000019617,20,8,7,16:45,1,1,1,1,3,56098,M,"47,7804900"," -3,3438100",56
202000019618,20,10,6,13:00,1,1,2,1,3,94079,M,"48,8350400","2,5473700",94
202000019619,20,8,7,16:05,1,1,1,1,4,56098,M,"47,7800300"," -3,3450300",56
202000019620,20,10,7,11:30,1,2,1,1,6,94018,M,"48,8219900","2,3997000",94
202000019621,20,8,10,21:15,2,2,4,1,3,51172,M,"49,2242991","4,0517599",51
202000019622,20,10,6,09:10,1,1,1,2,6,94056,M,"48,6969280","2,5702270",94
202000019623,20,8,7,13:40,1,2,3,1,3,50218,M,"48,8337000"," -1,5565900",50
202000019624,20,10,7,08:45,1,2,1,8,-1,93078,M,"48,9599139","2,5523259",93
202000019625,20,8,9,17:00,1,1,1,1,6,49328,M,"47,2830000"," -0,0946000",49
202000019626,20,10,7,13:00,1,2,1,1,2,93059,M,"48,9634500","2,3602600",93
202000019627,20,8,8,13:50,1,2,1,1,7,49267,M,"47,4670200"," -0,4761900",49
202000019628,20,10,7,08:20,1,2,1,2,3,93070,M,"48,9132770","2,3443093",93
202000019629,20,8,7,12:20,1,2,1,1,2,49267,M,"47,4612000"," -0,5015500",49
202000019630,20,10,6,13:55,1,2,1,1,3,93066,M,"48,9407940","2,3551694",93
202000019631,20,8,9,22:50,5,1,1,1,6,44172,M,"47,2388000"," -1,4848000",44
202000019632,20,8,9,03:50,5,2,6,1,7,44020,M,"47,1877000"," -1,5870000",44
202000019633,20,8,7,12:15,1,2,2,1,3,41018,M,"47,6104000","1,3083080",41
202000019634,20,10,7,21:30,5,2,1,1,-1,93048,M,"48,8735052","2,4540315",93
202000019635,20,8,5,19:20,1,2,3,1,3,41018,M,"47,5867900","1,3370900",41
202000019636,20,10,7,19:15,1,2,9,1,3,93061,M,"48,8865189","2,4073740",93
202000019637,20,8,8,20:30,1,2,1,1,6,40279,M,"43,7261200"," -1,0735100",40
202000019638,20,8,10,10:45,1,2,1,1,6,37261,M,"47,3682618","0,6763548",37
202000019639,20,8,10,17:50,1,2,3,1,3,35238,M,"48,0951000"," -1,6378700",35
202000019640,20,10,7,12:35,1,2,2,8,6,93014,M,"48,9065840","2,5495104",93
202000019641,20,10,7,09:05,1,2,1,2,6,93047,M,"48,9014286","2,5855787",93
202000019642,20,8,10,17:55,1,2,2,1,3,35238,M,"48,0952100"," -1,6376000",35
202000019643,20,10,7,08:45,1,2,2,2,3,93005,M,"48,9359290","2,4846525",93
202000019644,20,8,8,20:20,2,2,6,1,3,34032,M,"43,3642100","3,2091900",34
202000019645,20,10,7,19:35,5,2,1,8,7,92073,M,"48,8597503","2,2157688",92
202000019646,20,8,10,19:30,1,2,2,1,3,33249,M,"44,8668800"," -0,5205600",33
202000019647,20,8,10,19:15,1,1,1,1,3,33529,M,"44,5854400"," -1,2076100",33
202000019648,20,8,10,23:45,5,2,1,1,7,32013,M,"43,6527500","0,5732400",32
202000019649,20,10,6,21:20,5,2,2,1,3,92049,M,"48,8174000","2,3268000",92
202000019650,20,8,7,13:24,1,1,1,1,6,31555,M,"43,6052700","1,4033800",31
202000019651,20,8,9,01:00,5,1,1,1,2,31555,M,"43,6056500","1,4040700",31
202000019652,20,8,8,23:05,5,2,1,1,6,31555,M,"43,5670966","1,4120167",31
202000019653,20,8,7,19:20,1,2,1,1,1,31555,M,"43,5476357","1,3852376",31
202000019654,20,8,7,16:30,1,2,1,1,3,31555,M,"43,5774000","1,4363700",31
202000019655,20,10,7,22:30,5,2,3,1,3,92024,M,"48,9077300","2,3172900",92
202000019656,20,8,10,16:50,1,2,1,1,2,30189,M,"43,8282000","4,3596000",30
202000019657,20,10,7,17:30,1,2,2,1,6,92060,M,"48,7823500","2,2589400",92
202000019658,20,8,10,07:10,1,2,6,1,3,29019,M,"48,4149159"," -4,4789842",29
202000019659,20,10,7,22:28,3,1,1,8,6,60371,M,"49,5942730","1,8432350",60
202000019660,20,10,6,08:00,2,1,1,1,6,28075,M,"48,0450230","1,3151920",28
202000019661,20,8,10,17:00,1,2,1,1,2,28085,M,"48,4367400","1,5051200",28
202000019662,20,10,8,15:30,1,1,1,1,6,28358,M,"48,4981620","1,5007710",28
202000019663,20,8,10,23:50,5,2,2,1,3,27229,M,"49,0264200","1,1572000",27
202000019664,20,10,8,08:30,1,2,1,1,6,62571,M,"50,4598880","1,5917140",62
202000019665,20,8,8,03:15,4,1,6,1,7,22360,M,"48,4934900"," -2,7616500",22
202000019666,20,8,8,00:35,3,2,1,1,6,14557,M,"49,3416200","0,0965100",14
202000019667,20,9,24,17:30,1,2,1,1,2,62261,M,"50,5094020","1,6248600",62
202000019668,20,10,8,17:00,1,1,1,1,2,37233,M,"47,3972151","0,7083304",37
202000019669,20,10,4,11:45,1,2,1,3,1,62176,M,"50,4994310","1,6945350",62
202000019670,20,10,6,08:40,1,1,1,1,3,34095,M,"43,5608800","3,7991240",34
202000019671,20,10,8,07:30,2,1,1,1,2,24029,M,"45,0071140","0,2738320",24
202000019672,20,10,6,17:15,1,1,1,1,1,35173,M,"48,2254270"," -1,6566930",35
202000019673,20,10,4,05:00,3,1,1,2,6,19125,M,"45,2771210","1,9938470",19
202000019674,20,8,10,19:00,1,2,1,1,6,13215,M,"43,3415493","5,3721049",13
202000019675,20,10,8,19:40,3,1,1,1,1,74314,M,"46,1040210","5,9567140",74
202000019676,20,10,4,18:25,2,2,1,2,6,80692,M,"50,1774270","1,7670230",80
202000019677,20,10,8,11:10,1,1,1,2,1,61473,M,"48,6901530"," -0,1618340",61
202000019678,20,8,10,17:45,1,2,1,1,6,13201,M,"43,2990837","5,3853406",13
202000019679,20,8,9,23:30,5,2,1,1,3,13207,M,"43,2922272","5,3644836",13
202000019680,20,8,9,18:50,1,2,1,1,6,11069,M,"43,2061240","2,3161250",11
202000019681,20,8,8,16:00,1,2,4,1,1,11069,M,"43,1992700","2,3271300",11
202000019682,20,8,10,11:15,1,2,1,1,2,09225,M,"43,1164400","1,6089100",09
202000019683,20,10,7,08:43,1,2,1,2,-1,47052,M,"44,3213982","0,0948947",47
202000019684,20,8,9,19:00,1,2,1,1,2,75119,M,"48,8900690","2,3962740",75
202000019685,20,8,10,19:20,1,2,2,1,3,75119,M,"48,8842960","2,3675610",75
202000019686,20,8,10,18:05,1,2,2,1,3,75115,M,"48,8481110","2,2868010",75
202000019687,20,8,10,22:00,3,2,5,1,6,75108,M,"48,8782340","2,3198620",75
202000019688,20,8,10,11:20,1,2,3,1,1,94065,M,"48,7510800","2,3536800",94
202000019689,20,10,7,18:25,1,1,1,1,1,31377,M,"43,4236890","1,7205730",31
202000019690,20,8,10,07:22,1,2,1,1,6,94038,M,"48,7756000","2,3259000",94
202000019691,20,8,8,22:50,5,2,1,1,2,94033,M,"48,8547200","2,4931000",94
202000019692,20,8,10,22:00,5,2,1,1,6,94022,M,"48,7651400","2,4004595",94
202000019693,20,8,9,22:30,5,2,1,1,6,93078,M,"48,9474500","2,5584500",93
202000019694,20,8,10,14:40,1,2,1,1,3,93070,M,"48,9042500","2,3387700",93
202000019695,20,8,10,17:35,1,1,1,1,6,93039,M,"48,9464463","2,3279555",93
202000019696,20,8,10,14:15,1,2,1,1,6,93066,M,"48,9367000","2,3531900",93
202000019697,20,8,9,05:40,2,2,1,1,6,93077,M,"48,8827600","2,4984100",93
202000019698,20,8,10,16:50,1,2,9,7,3,93055,M,"48,9159400","2,4054400",93
202000019699,20,8,10,19:30,1,2,9,1,3,93051,M,"48,8442600","2,5515900",93
202000019700,20,8,10,13:30,1,2,2,1,3,93006,M,"48,8735900","2,4336800",93
202000019701,20,8,10,12:30,1,2,9,1,3,93027,M,"48,9249100","2,4045800",93
202000019702,20,8,10,04:25,5,2,1,1,6,93057,M,"48,9103999","2,5114321",93
202000019703,20,10,8,15:15,1,1,2,1,3,31528,M,"43,2377460","0,7399150",31
202000019704,20,10,7,19:15,1,1,1,1,6,15162,M,"45,2919090","2,6279740",15
202000019705,20,10,8,11:20,1,2,1,1,6,66161,M,"42,6067070","2,4009680",66
202000019706,20,10,8,11:25,1,1,1,1,1,14754,M,"49,3012750","0,0267740",14
202000019707,20,8,11,17:15,1,2,1,1,7,34069,M,"43,3936770","3,1019740",34
202000019708,20,10,7,19:00,2,2,1,1,6,09064,M,"42,8000060","1,6472840",09
202000019709,20,10,8,07:30,2,1,1,8,1,60642,M,"49,4841680","3,0095620",60
202000019710,20,10,6,17:15,1,1,3,3,3,43185,M,"45,4162860","3,3012840",43
202000019711,20,10,7,16:15,1,2,2,1,1,85160,M,"46,5886050"," -1,3990890",85
202000019712,20,10,7,18:50,1,2,1,1,2,27090,M,"49,2964790","0,9184800",27
202000019713,20,10,7,07:45,2,1,1,1,4,17087,M,"45,9698550"," -0,6554460",17
202000019714,20,10,7,16:20,1,2,1,1,6,30350,M,"43,9928690","3,5944390",30
202000019715,20,10,7,12:35,1,2,1,1,6,30227,M,"44,2605490","4,1983920",30
202000019716,20,8,10,18:00,1,1,1,1,3,49110,M,"47,5423530"," -0,4004000",49
202000019717,20,10,8,06:35,3,1,1,2,2,76533,M,"49,4952420","0,2589000",76
202000019718,20,10,8,10:20,1,1,9,8,1,18141,M,"47,1569510","2,1833830",18
202000019719,20,10,8,01:50,5,2,1,1,3,69244,M,"45,7700868","4,7886149",69
202000019720,20,10,8,11:20,1,2,1,1,6,68278,M,"47,7548120","7,3842500",68
202000019721,20,8,11,11:20,1,1,1,1,6,28261,M,"48,2697120","1,1584570",28
202000019722,20,8,11,04:30,3,1,1,1,6,71090,M,"46,2129471","4,7852647",71
202000019723,20,8,10,17:05,1,1,1,2,1,65104,M,"43,2518650","0,1345070",65
202000019724,20,7,21,16:50,1,1,1,1,6,34123,M,"43,6172490","3,7958210",34
202000019725,20,10,8,09:40,1,1,1,1,2,38053,M,"45,6049110","5,2488040",38
202000019726,20,8,9,22:40,3,1,1,6,6,77405,M,"48,9055210","3,1685260",77
202000019727,20,8,10,12:00,1,1,1,1,2,57046,M,"48,9846670","7,4923810",57
202000019728,20,8,6,18:45,1,1,1,1,7,19057,M,"45,0575160","1,6638330",19
202000019729,20,8,11,11:35,1,2,1,1,5,74011,M,"45,9222650","6,1758800",74
202000019730,20,8,10,17:53,1,1,1,1,6,79002,M,"46,7027370"," -0,3226400",79
202000019731,20,7,11,17:20,1,2,1,1,6,42052,M,"46,1594830","4,1686730",42
202000019732,20,8,9,16:35,1,1,1,1,1,46236,M,"44,7743800","1,5093230",46
202000019733,20,7,19,10:50,1,1,1,1,6,46045,M,"44,4537720","1,8192240",46
202000019734,20,8,11,11:40,1,1,1,1,7,47320,M,"44,3174230","0,2122220",47
202000019735,20,8,10,16:00,1,1,1,1,7,39390,M,"46,5978250","5,6474630",39
202000019736,20,8,10,21:45,3,1,1,1,3,38118,M,"45,3974500","5,4670700",38
202000019737,20,8,3,15:00,1,2,1,1,7,03289,M,"46,3650214","3,5275265",03
202000019738,20,8,10,10:00,1,1,1,1,7,15026,M,"45,0132620","2,7802280",15
202000019739,20,10,7,11:00,1,1,1,1,1,98729,P," -17,5331890"," -149,8386110",987
202000019740,20,10,8,00:30,3,1,9,1,6,98804,C," -21,5387990","165,8884910",988
202000019741,20,8,11,15:10,1,1,1,1,1,15063,M,"45,1421020","2,3980580",15
202000019742,20,10,8,07:30,2,1,1,1,1,66069,M,"42,7802760","2,8074320",66
202000019743,20,10,8,17:50,1,2,1,1,1,83112,M,"43,1835660","5,7091240",83
202000019744,20,10,3,23:00,3,1,1,1,6,13027,M,"43,8636730","4,7983440",13
202000019745,20,8,11,09:35,1,1,1,1,7,01042,M,"46,2259290","4,8339880",01
202000019746,20,10,7,19:00,2,1,2,1,3,42304,M,"45,5359040","4,1501390",42
202000019747,20,10,8,19:15,5,2,1,1,3,69040,M,"45,8018940","4,7837950",69
202000019748,20,10,6,19:45,3,1,1,3,6,81093,M,"43,8881622","2,0167997",81
202000019749,20,9,11,18:15,1,1,1,1,3,29247,M,"47,9486650"," -3,9971630",29
202000019750,20,10,8,00:57,3,1,1,2,7,02031,M,"49,8265780","4,2006830",02
202000019751,20,10,7,15:45,1,1,1,1,5,13216,M,"43,3541400","5,3481300",13
202000019752,20,10,7,08:00,2,1,1,1,2,13117,M,"43,4688900","5,2338400",13
202000019753,20,10,7,15:50,1,1,1,1,2,69256,M,"45,8038500","4,9262300",69
202000019754,20,10,3,14:22,1,1,1,1,2,69296,M,"45,6430300","4,8284300",69
202000019755,20,10,5,09:00,1,1,1,1,4,62274,M,"50,4329760","2,9787110",62
202000019756,20,5,17,20:40,3,2,1,1,1,97611,Y," -12,7809510","45,2319990",976
202000019757,20,7,30,13:55,1,2,6,1,6,76351,M,"49,4854600","0,1368300",76
202000019758,20,7,2,17:00,1,1,1,1,2,59507,M,"50,6031398","3,1019613",59
202000019759,20,5,25,22:59,3,2,1,1,6,97611,Y," -12,7891717","45,2243883",976
202000019760,20,10,7,01:40,3,1,9,1,6,97416,R," -21,2988000","55,4194000",974
202000019761,20,10,6,20:45,3,1,9,1,-1,97416,R," -21,3189200","55,4726500",974
202000019762,20,10,6,16:20,1,2,9,1,3,97302,G,"4,9421388"," -52,3317271",973
202000019763,20,10,6,12:00,1,2,1,1,3,97302,G,"4,9415296"," -52,3257888",973
202000019764,20,10,6,08:30,1,2,2,2,3,69383,M,"45,7497251","4,8897918",69
202000019765,20,8,10,17:00,1,1,9,1,6,06144,M,"43,9449400","7,1629570",06
202000019766,20,10,5,09:25,1,1,6,2,2,97209,A,"14,6273700"," -61,0401900",972
202000019767,20,10,6,15:00,1,2,9,2,3,69389,M,"45,7804653","4,8090394",69
202000019768,20,10,6,13:15,1,2,1,1,2,69034,M,"45,7874300","4,8524500",69
202000019769,20,8,9,11:05,1,2,1,1,6,14257,M,"49,0960690"," -0,5120610",14
202000019770,20,10,6,08:50,1,2,6,1,3,2B033,M,"42,6660000","9,4393800",2B
202000019771,20,8,5,20:10,1,1,1,1,7,53120,M,"48,2078260"," -0,3054340",53
202000019772,20,10,5,04:35,5,1,1,3,6,95277,M,"48,9861280","2,4716530",95
202000019773,20,8,10,12:15,1,1,1,1,1,21155,M,"47,1628050","4,6458860",21
202000019774,20,10,5,23:50,5,2,9,1,6,95450,M,"49,0184450","2,0538373",95
202000019775,20,8,6,17:30,1,2,3,1,2,40046,M,"44,3907930"," -1,1680430",40
202000019776,20,10,3,21:00,5,2,1,3,3,89287,M,"48,1930300","3,2592800",89
202000019777,20,8,10,22:55,5,2,6,1,3,85234,M,"46,7935960"," -2,0309580",85
202000019778,20,10,5,17:34,1,1,1,3,6,87085,M,"45,8391400","1,2811500",87
202000019779,20,10,5,15:25,1,2,1,2,6,87085,M,"45,8277600","1,2579900",87
202000019780,20,8,2,15:00,1,2,1,1,2,27512,M,"49,1711970","0,4753730",27
202000019781,20,10,6,11:30,1,2,1,2,6,86194,M,"46,5681000","0,3867000",86
202000019782,20,8,10,16:45,1,1,3,7,3,87003,M,"46,2404400","1,3813680",87
202000019783,20,8,6,11:30,1,2,2,5,3,86066,M,"46,8172440","0,5316700",86
202000019784,20,8,11,14:15,1,1,1,1,6,48121,M,"44,8274290","3,3354560",48
202000019785,20,8,9,23:30,5,2,3,1,6,08362,M,"49,5147610","4,3749620",08
202000019786,20,10,6,16:40,1,2,1,1,6,83137,M,"43,1120012","5,9416884",83
202000019787,20,8,10,15:30,1,1,1,1,3,24294,M,"44,9821030","0,1446250",24
202000019788,20,10,6,09:50,1,1,1,1,-1,83062,M,"43,1150600","6,0410800",83
202000019789,20,10,6,16:20,1,1,1,2,7,81033,M,"44,0369033","2,1397000",81
202000019790,20,8,10,19:15,1,1,1,2,2,73256,M,"45,2187360","6,4589280",73
202000019791,20,10,6,14:01,1,2,1,8,6,78502,M,"48,8844600","2,1062000",78
202000019792,20,8,10,12:40,1,2,6,1,3,74010,M,"45,8906990","6,0869940",74
202000019793,20,10,5,15:45,1,2,3,3,3,78643,M,"48,9789100","1,9917900",78
202000019794,20,8,11,03:06,3,1,1,1,2,82037,M,"44,1527750","1,5132490",82
202000019795,20,8,10,18:30,1,1,1,1,7,53267,M,"48,0575880"," -0,4896640",53
202000019796,20,8,10,07:30,1,1,1,1,2,47046,M,"44,3736690","0,2346880",47
202000019797,20,8,10,13:10,1,1,1,1,5,13001,M,"43,5118570","5,4420640",13
202000019798,20,10,6,17:10,1,1,9,2,5,71475,M,"46,7411226","4,8122195",71
202000019799,20,8,10,06:10,2,1,1,5,2,13058,M,"43,6927940","4,8002530",13
202000019800,20,10,6,15:10,1,1,1,8,5,69290,M,"45,6994300","4,9213000",69
202000019801,20,10,6,07:30,2,2,1,2,6,69029,M,"45,7356820","4,9106840",69
202000019802,20,10,2,17:50,1,2,1,8,6,67447,M,"48,6051800","7,7345500",67
202000019803,20,10,2,07:40,1,2,3,2,3,67482,M,"48,5696100","7,7808900",67
202000019804,20,10,5,15:10,1,2,1,1,1,66136,M,"42,6931200","2,9438500",66
202000019805,20,10,3,19:45,1,2,1,1,6,66136,M,"42,6824000","2,8563600",66
202000019806,20,10,5,07:44,2,2,1,1,3,66136,M,"42,7165400","2,8878400",66
202000019807,20,7,24,07:50,1,1,1,1,3,34340,M,"43,7221340","4,1476820",34
202000019808,20,10,4,01:35,5,2,1,1,2,66136,M,"42,7106400","2,8901800",66
202000019809,20,9,23,15:50,1,2,1,1,6,66136,M,"42,6930714","2,9041940",66
202000019810,20,10,6,15:36,1,1,1,2,2,65100,M,"43,2690860","0,0709180",65
202000019811,20,10,5,07:35,5,2,6,1,2,65440,M,"43,2228600","0,0915900",65
202000019812,20,9,28,07:35,3,2,1,2,6,62083,M,"50,4618460","2,6124660",62
202000019813,20,9,30,19:00,1,2,2,1,3,62724,M,"50,4034200","2,9141400",62
202000019814,20,12,21,21:45,5,2,1,1,6,93064,M,"48,8774500","2,4783001",93
202000019815,20,12,21,08:25,2,2,1,2,2,93049,M,"48,8616900","2,5105500",93
202000019816,20,12,21,06:00,5,2,2,3,3,93050,M,"48,8590200","2,5264500",93
202000019817,20,12,21,03:05,5,2,6,1,6,93007,M,"48,9248238","2,4743177",93
202000019818,20,12,21,21:00,5,2,1,2,2,93066,M,"48,9452663","2,3516665",93
202000019819,20,12,21,12:20,1,2,8,2,7,92036,M,"48,9327048","2,2972946",92
202000019820,20,12,20,19:12,5,2,1,1,4,92036,M,"48,9297173","2,2844763",92
202000019821,20,12,21,12:17,1,2,6,2,6,92012,M,"48,8334743","2,2435123",92
202000019822,20,12,21,11:07,1,2,1,2,6,92012,M,"48,8398900","2,2378400",92
202000019823,20,12,20,15:15,1,1,1,1,7,91613,M,"48,3793640","1,9976020",91
202000019824,20,12,22,12:28,1,1,2,1,-1,42338,M,"46,0729550","4,1189070",42
202000019825,20,12,21,10:15,1,2,7,2,7,51217,M,"49,0733011","3,6400745",51
202000019826,20,12,21,16:00,1,1,1,1,6,97214,A,"14,8224060"," -61,0530750",972
202000019827,20,12,22,06:45,2,1,1,2,1,97204,A,"14,6794820"," -61,1646870",972
202000019828,20,12,20,22:51,5,2,1,8,7,54378,M,"49,4824830","5,6657830",54
202000019829,20,12,22,08:00,5,1,1,1,5,22093,M,"48,4573270"," -2,5156970",22
202000019830,20,12,20,19:30,3,1,1,1,6,97410,R," -21,0998360","55,7105340",974
202000019831,20,12,22,16:15,2,1,1,8,1,42271,M,"45,4692510","4,5465370",42
202000019832,20,12,17,16:40,1,1,1,1,3,65272,M,"43,2004680","0,1958760",65
202000019833,20,12,15,08:50,2,2,9,1,6,72200,M,"47,8926510","0,1979040",72
202000019834,20,12,22,10:00,1,1,1,8,2,08402,M,"49,5702880","4,4740960",08
202000019835,20,12,19,15:00,1,2,1,1,2,62376,M,"50,5587600","2,5723840",62
202000019836,20,12,22,12:55,1,1,1,1,1,83089,M,"43,4900300","5,8175210",83
202000019837,20,12,22,08:00,2,1,1,3,7,51165,M,"48,7292765","3,8952102",51
202000019838,20,12,21,21:00,3,2,1,2,1,56101,M,"47,8640250"," -3,0939390",56
202000019839,20,12,22,07:35,4,2,1,2,6,76752,M,"49,6681760","0,8971350",76
202000019840,20,12,21,18:15,3,1,1,1,6,65184,M,"43,1846830","0,4009580",65
202000019841,20,12,22,07:15,2,1,1,5,5,11258,M,"43,2133527","2,9356027",11
202000019842,20,12,21,18:00,5,2,1,2,7,11397,M,"43,2046900","2,4387100",11
202000019843,20,12,22,08:20,1,1,2,2,3,89251,M,"47,7798230","3,2955660",89
202000019844,20,12,21,16:00,1,1,1,2,1,76619,M,"49,9972310","1,3575380",76
202000019845,20,12,22,18:55,3,1,1,3,6,61345,M,"48,4369460","0,8240180",61
202000019846,20,12,21,15:05,1,2,1,2,4,55543,M,"48,7014920","5,3022360",55
202000019847,20,12,21,19:00,3,1,2,2,3,49018,M,"47,5279020"," -0,1516740",49
202000019848,20,12,20,14:45,1,2,4,2,1,42061,M,"45,9797720","3,9197370",42
202000019849,20,12,21,15:30,1,1,1,8,1,86245,M,"46,7713860","0,6552630",86