Num_Acc,an,mois,jour,hrmn,lum,agg,int,atm,col,com,gps,lat,long,dep
202000019850,20,12,22,18:40,5,2,3,1,1,38499,M,"44,9143630","5,7825690",38
202000019851,20,12,21,18:45,5,1,2,8,3,03071,M,"46,3675184","3,6219148",03
202000019852,20,12,22,13:30,1,1,2,1,3,03047,M,"46,2253011","2,7635198",03
202000019853,20,12,21,22:00,3,1,6,1,6,43216,M,"45,1033350","3,8115050",43
202000019854,20,12,21,18:10,5,2,1,2,2,10268,M,"48,4866510","3,4924720",10
202000019855,20,12,20,21:00,5,2,1,8,7,53265,M,"48,0967410"," -0,2649060",53
202000019856,20,12,22,14:15,1,1,3,1,1,40228,M,"43,6291400"," -0,8207880",40
202000019857,20,12,13,16:05,3,1,1,3,6,72115,M,"47,6510500","0,4574990",72
202000019858,20,12,22,14:50,1,1,1,2,4,57660,M,"49,1949980","6,9328020",57
202000019859,20,12,22,10:35,1,1,1,2,3,91085,M,"48,5727630","2,1667910",91
202000019860,20,12,22,19:05,3,1,1,5,6,34298,M,"43,3063020","3,2398510",34
202000019861,20,12,20,19:45,3,1,6,8,6,13032,M,"43,5438280","5,3589890",13
202000019862,20,12,21,21:00,3,1,1,8,2,27351,M,"49,2550610","1,1590580",27
202000019863,20,12,22,10:00,1,2,1,1,6,27413,M,"49,2958170","0,6634390",27
202000019864,20,12,21,20:30,3,1,1,1,7,04063,M,"43,7717720","5,7644640",04
202000019865,20,12,21,15:15,1,2,1,8,6,68063,M,"47,7963710","7,1725650",68
202000019866,20,10,9,21:15,5,2,1,1,6,67497,M,"48,8119940","7,6619760",67
202000019867,20,12,21,21:30,5,2,3,2,6,73261,M,"45,2197559","6,4657036",73
202000019868,20,12,16,10:27,1,2,1,1,6,38468,M,"45,3422520","4,8076020",38
202000019869,20,12,20,16:15,1,1,9,3,3,62201,M,"50,5707420","1,6044300",62
202000019870,20,12,21,14:08,1,1,1,1,6,13001,M,"43,5159900","5,4333600",13
202000019871,20,12,21,06:10,5,1,1,1,3,13055,M,"43,3246215","5,4222910",13
202000019872,20,12,17,13:45,1,1,1,1,5,83137,M,"43,1213200","5,9533100",83
202000019873,20,12,21,14:49,1,1,1,2,4,33013,M,"44,8666610"," -0,5038900",33
202000019874,20,12,21,20:50,3,1,1,2,7,91064,M,"48,7498600","2,2209100",91
202000019875,20,12,21,12:20,1,1,1,2,5,91661,M,"48,7068400","2,2505300",91
202000019876,20,12,21,13:49,1,1,1,2,6,91340,M,"48,6091810","2,4319850",91
202000019877,20,10,8,09:45,1,2,1,1,6,38185,M,"45,1722100","5,7225400",38
202000019878,20,12,19,02:08,5,2,1,1,6,98818,C," -22,2516800","166,4491900",988
202000019879,20,2,20,21:30,5,2,1,1,6,97409,R," -20,9752300","55,6473100",974
202000019880,20,12,19,09:40,1,2,9,1,3,97409,R," -20,9717440","55,6525220",974
202000019881,20,12,19,17:45,1,1,9,1,2,97407,R," -20,9560100","55,3107900",974
202000019882,20,12,20,15:40,1,2,6,1,3,97302,G,"4,9077088"," -52,3225379",973
202000019883,20,12,20,20:55,5,2,1,1,6,69276,M,"45,6644000","4,8540600",69
202000019884,20,12,19,22:35,5,2,2,2,6,69259,M,"45,7114473","4,9020044",69
202000019885,20,12,19,20:20,5,2,2,2,3,69383,M,"45,7550600","4,8457100",69
202000019886,20,12,18,00:50,5,1,2,1,3,97213,A,"14,6130835"," -60,9948349",972
202000019887,20,12,15,19:30,5,2,2,3,3,69202,M,"45,7360300","4,7955500",69
202000019888,20,12,19,19:10,5,2,9,2,4,69382,M,"45,7356315","4,8193663",69
202000019889,20,12,19,14:04,1,2,1,2,6,69389,M,"45,7921700","4,8151300",69
202000019890,20,12,20,17:50,5,2,9,1,5,2B033,M,"42,4800000","9,4400000",2B
202000019891,20,12,19,10:40,1,2,9,1,2,97120,A,"16,2360300"," -61,5338400",971
202000019892,20,12,18,20:45,5,2,4,1,1,97101,A,"16,2395454"," -61,5204841",971
202000019893,20,12,20,15:00,1,1,1,1,2,97105,A,"16,0059030"," -61,7370701",971
202000019894,20,12,19,19:40,2,2,3,1,6,2A004,M,"41,9329748","8,7374074",2A
202000019895,20,12,20,07:57,5,2,1,1,2,2A004,M,"41,9303200","8,7570900",2A
202000019896,20,12,20,13:15,1,2,3,1,3,95539,M,"49,0039760","2,3520560",95
202000019897,20,12,19,03:04,3,1,6,8,6,91692,M,"48,6755700","2,1923400",91
202000019898,20,12,19,01:05,5,2,2,8,3,91027,M,"48,7060930","2,3807520",91
202000019899,20,12,20,18:55,5,2,1,2,3,83137,M,"43,1293040","5,8995850",83
202000019900,20,12,19,09:15,1,2,3,2,3,83137,M,"43,1430300","5,9017000",83
202000019901,20,12,14,17:00,2,2,9,8,-1,83137,M,"43,1281700","5,8924900",83
202000019902,20,12,20,15:15,1,2,1,1,6,83069,M,"43,1058000","6,1293300",83
202000019903,20,12,18,19:00,5,2,2,1,1,78138,M,"48,9764900","2,0331100",78
202000019904,20,12,20,18:20,3,1,1,8,6,77131,M,"48,8305200","3,0883200",77
202000019905,20,12,18,15:20,1,2,1,1,2,76540,M,"49,4414300","1,1126700",76
202000019906,20,12,14,10:45,1,2,9,1,6,73065,M,"45,5595912","5,9022882",73
202000019907,20,12,19,19:30,5,2,1,1,2,72181,M,"47,9750800","0,2150200",72
202000019908,20,12,19,13:15,1,2,6,1,3,71270,M,"46,3189597","4,8385127",71
202000019909,20,12,19,21:30,5,2,1,2,3,69256,M,"45,7863400","4,9246400",69
202000019910,20,12,20,16:33,1,2,1,1,3,65100,M,"43,2697300","0,0586000",65
202000019911,20,12,19,16:45,1,2,1,1,1,64335,M,"43,3378836"," -0,4619693",64
202000019912,20,12,19,18:56,5,2,6,1,6,64102,M,"43,4988700"," -1,4817000",64
202000019913,20,12,19,15:06,1,2,1,1,2,54395,M,"48,6928522","6,1845215",54
202000019914,20,12,20,16:00,1,2,1,1,7,51172,M,"49,2162839","4,0500903",51
202000019915,20,12,19,22:15,5,2,1,1,1,51454,M,"49,2599524","4,0216817",51
202000019916,20,12,19,09:00,1,2,1,1,6,49267,M,"47,4684300"," -0,5148800",49
202000019917,20,12,19,12:10,1,1,1,1,6,46191,M,"44,4975900","1,3815150",46
202000019918,20,12,19,12:25,1,2,1,2,6,45169,M,"47,9390500","1,8411300",45
202000019919,20,12,20,15:24,1,2,3,1,7,37261,M,"47,3995421","0,6752694",37
202000019920,20,12,20,08:30,1,2,1,8,7,37214,M,"47,4180731","0,6650292",37
202000019921,20,12,19,16:15,1,2,1,1,-1,37122,M,"47,3091753","0,6523096",37
202000019922,20,12,18,11:47,1,2,6,1,-1,37233,M,"47,3950403","0,7263519",37
202000019923,20,12,20,19:05,3,1,9,1,6,35281,M,"48,0930910"," -1,7082970",35
202000019924,20,12,19,20:10,3,1,1,1,2,35238,M,"48,1109400"," -1,7181300",35
202000019925,20,12,19,15:30,1,2,1,1,2,34172,M,"43,5838494","3,8859259",34
202000019926,20,12,19,09:30,1,2,8,1,3,34172,M,"43,5915071","3,8822226",34
202000019927,20,12,20,19:30,5,2,2,9,3,30189,M,"43,8385500","4,3842800",30
202000019928,20,12,20,17:30,2,2,1,8,3,30189,M,"43,8308800","4,3228700",30
202000019929,20,12,17,15:53,1,2,3,1,3,29232,M,"47,9777258"," -4,1234325",29
202000019930,20,12,17,12:28,1,2,3,1,6,29019,M,"48,4026400"," -4,4984600",29
202000019931,20,12,18,07:20,5,2,6,2,3,29019,M,"48,4139631"," -4,4794706",29
202000019932,20,12,18,15:20,1,2,9,7,6,28085,M,"48,4376700","1,5040800",28
202000019933,20,12,3,18:00,5,2,1,2,6,18033,M,"47,0833200","2,4000000",18
202000019934,20,12,20,12:58,1,2,1,1,6,14118,M,"49,1999500"," -0,3692700",14
202000019935,20,12,19,13:55,1,1,1,1,4,14437,M,"49,1591600"," -0,3100400",14
202000019936,20,12,20,17:20,5,2,3,2,3,13202,M,"43,3015866","5,3740257",13
202000019937,20,12,20,17:00,5,2,3,2,3,13209,M,"43,2596800","5,4023400",13
202000019938,20,12,20,14:00,1,2,9,2,1,13215,M,"43,3603000","5,3638600",13
202000019939,20,12,19,22:45,5,2,1,1,1,13203,M,"43,3076100","5,3874200",13
202000019940,20,12,19,17:40,1,2,1,8,5,13213,M,"43,3238200","5,4506200",13
202000019941,20,12,19,11:30,1,1,1,8,7,13209,M,"43,2399500","5,4515700",13
202000019942,20,12,19,03:20,5,2,1,1,6,13208,M,"43,2682700","5,3874000",13
202000019943,20,12,19,18:17,5,2,1,2,6,10387,M,"48,2880900","4,0819300",10
202000019944,20,12,19,11:55,1,2,9,2,3,06027,M,"43,6637800","7,1312500",06
202000019945,20,12,19,00:02,5,2,3,1,2,75105,M,"48,8371540","2,3530580",75
202000019946,20,12,19,19:50,5,2,4,2,3,75120,M,"48,8632860","2,3997700",75
202000019947,20,12,20,20:10,5,2,7,1,3,75117,M,"48,8826620","2,3102480",75
202000019948,20,12,20,11:25,1,2,7,1,3,75117,M,"48,8786690","2,2820320",75
202000019949,20,12,19,10:30,1,2,4,2,6,75117,M,"48,8789980","2,2928190",75
202000019950,20,12,20,20:00,5,2,1,1,2,75115,M,"48,8395830","2,2911950",75
202000019951,20,12,19,20:50,5,2,3,1,3,75115,M,"48,8343620","2,3064610",75
202000019952,20,12,19,13:10,1,2,1,1,2,75114,M,"48,8168200","2,3375730",75
202000019953,20,12,19,13:55,1,2,3,8,3,75113,M,"48,8204280","2,3590910",75
202000019954,20,12,20,08:50,1,2,1,1,6,75112,M,"48,8450900","2,4048310",75
202000019955,20,12,19,00:01,5,2,1,1,3,75109,M,"48,8833320","2,3336830",75
202000019956,20,12,20,14:25,1,2,7,1,3,75108,M,"48,8697420","2,3234820",75
202000019957,20,12,19,17:15,5,2,9,1,1,94033,M,"48,8443500","2,4507000",94
202000019958,20,12,19,08:30,1,2,4,2,3,94078,M,"48,7552900","2,4443000",94
202000019959,20,12,20,21:19,5,2,5,1,2,94046,M,"48,8153200","2,4205180",94
202000019960,20,12,20,21:25,5,2,3,1,3,94041,M,"48,8137200","2,3954700",94
202000019961,20,12,19,14:45,1,2,2,8,6,94041,M,"48,8189290","2,3969260",94
202000019962,20,12,19,22:40,5,2,1,1,7,94038,M,"48,7749200","2,3300900",94
202000019963,20,12,20,09:21,1,2,2,1,5,93005,M,"48,9337700","2,4905400",93
202000019964,20,12,19,22:50,5,2,1,2,2,93071,M,"48,9270878","2,5198023",93
202000019965,20,12,19,16:30,2,2,3,1,3,93070,M,"48,9080800","2,3274400",93
202000019966,20,12,19,15:30,1,2,1,1,3,93070,M,"48,9026510","2,3441225",93
202000019967,20,12,18,21:40,5,2,9,1,6,93066,M,"48,9068827","2,3587619",93
202000019968,20,12,19,15:21,1,2,6,2,3,93053,M,"48,8836012","2,4551578",93
202000019969,20,12,20,13:50,1,2,3,1,6,93048,M,"48,8663389","2,4695090",93
202000019970,20,12,19,15:45,1,2,1,2,4,93032,M,"48,8819000","2,5345000",93
202000019971,20,12,20,20:52,5,2,5,1,2,93031,M,"48,9616200","2,2949300",93
202000019972,20,12,19,19:10,5,2,9,2,1,93029,M,"48,9133162","2,4491921",93
202000019973,20,12,20,14:55,1,2,1,1,7,92073,M,"48,8741700","2,2303890",92
202000019974,20,12,20,19:47,5,2,1,1,6,92050,M,"48,8883200","2,2273400",92
202000019975,20,12,19,13:51,1,2,2,2,3,92044,M,"48,8980410","2,2796540",92
202000019976,20,12,19,18:35,3,2,1,2,3,92026,M,"48,8910350","2,2419040",92
202000019977,20,12,19,19:00,5,2,2,1,1,92026,M,"48,8901177","2,2562662",92
202000019978,20,12,20,17:00,5,2,9,1,3,92019,M,"48,7670211","2,2897388",92
202000019979,20,12,18,09:40,1,1,1,1,2,57086,M,"48,7993550","6,8985400",57
202000019980,20,12,19,22:01,3,1,1,1,6,28161,M,"48,2406710","1,0903130",28
202000019981,20,12,19,11:10,1,2,1,8,7,51217,M,"49,0759316","3,6396338",51
202000019982,20,12,20,20:15,3,1,1,1,1,97405,R," -21,3698660","55,5817970",974
202000019983,20,12,19,20:10,5,2,1,1,1,97214,A,"14,8328920"," -61,0564810",972
202000019984,20,12,19,18:20,3,1,1,1,3,97206,A,"14,4817430"," -61,0094190",972
202000019985,20,12,20,04:05,3,1,1,2,6,97210,A,"14,6032480"," -60,9334370",972
202000019986,20,12,19,11:15,1,1,1,1,1,12092,M,"44,0984040","2,6020220",12
202000019987,20,12,19,17:00,2,2,1,1,3,74272,M,"45,9476700","6,0342090",74
202000019988,20,12,20,07:30,1,2,1,1,5,97414,R," -21,2811920","55,4098570",974
202000019989,20,12,20,11:45,1,2,1,1,6,59309,M,"50,9799140","2,5823690",59
202000019990,20,12,21,18:20,3,2,1,1,6,04205,M,"44,3417670","6,3714270",04
202000019991,20,12,20,15:20,1,2,1,1,1,59432,M,"50,1468480","3,2549670",59
202000019992,20,12,21,16:58,3,1,3,2,1,74123,M,"45,7568570","6,2808430",74
202000019993,20,12,18,11:00,1,1,2,2,3,79059,M,"46,5479890"," -0,6017750",79
202000019994,20,12,19,16:55,2,2,1,1,1,2A085,M,"41,9184290","8,9122080",2A
202000019995,20,12,20,16:00,1,1,1,1,6,2A062,M,"42,0307750","8,9289020",2A
202000019996,20,12,21,08:50,1,1,2,1,4,71158,M,"46,5708591","4,9861872",71
202000019997,20,12,20,19:30,5,2,2,1,3,71014,M,"46,9540409","4,3020051",71
202000019998,20,12,21,17:10,5,2,1,2,6,68374,M,"48,0853540","7,3113260",68
202000019999,20,12,19,16:33,1,2,3,1,3,22266,M,"48,2357570"," -3,3197060",22
202000020000,20,12,20,08:10,1,1,1,2,5,25517,M,"47,0148490","6,3258290",25
202000020001,20,12,21,15:00,1,1,1,2,2,44119,M,"46,9608750"," -1,7904640",44
202000020002,20,12,20,15:15,1,1,1,2,6,29271,M,"48,5990970"," -4,1522630",29
202000020003,20,12,18,19:30,3,1,1,3,1,29158,M,"47,8036720"," -4,3051820",29
202000020004,20,12,18,18:23,3,1,1,1,7,84057,M,"43,9139090","5,2509500",84
202000020005,20,12,18,12:00,1,1,1,1,5,01130,M,"46,3342320","5,2008190",01
202000020006,20,12,14,07:00,5,2,1,2,6,72051,M,"47,8293790","0,0774510",72
202000020007,20,12,21,10:15,1,1,3,3,3,14672,M,"49,0422570"," -0,8255520",14
202000020008,20,11,13,13:00,1,2,6,1,3,69259,M,"45,6881900","4,8912300",69
202000020009,20,11,13,11:40,1,2,3,1,3,69259,M,"45,7113300","4,8815800",69
202000020010,20,11,13,13:10,1,1,2,1,3,69034,M,"45,7910100","4,8607300",69
202000020011,20,11,13,09:25,1,2,3,1,6,69202,M,"45,7409300","4,8035800",69
202000020012,20,11,13,17:55,3,1,9,2,4,97101,A,"16,3031200"," -61,4942600",971
202000020013,20,11,13,11:30,1,1,3,1,3,97101,A,"16,2886570"," -61,4819330",971
202000020014,20,11,13,12:00,1,2,3,1,3,2A004,M,"41,9353892","8,7362978",2A
202000020015,20,11,13,08:45,1,2,1,2,2,95018,M,"48,9561360","2,2053250",95
202000020016,20,11,11,20:07,5,2,2,1,6,87085,M,"45,8480200","1,2454000",87
202000020017,20,11,12,08:25,1,2,1,2,1,86214,M,"46,5579000","0,3610000",86
202000020018,20,11,13,19:10,5,2,6,8,3,83137,M,"43,1195382","5,9781643",83
202000020019,20,11,12,16:40,1,1,9,1,2,83129,M,"43,1085891","5,8277970",83
202000020020,20,11,12,18:25,5,2,6,1,6,83123,M,"43,1188900","5,8107800",83
202000020021,20,11,12,12:05,1,2,6,1,3,76341,M,"49,5161500","0,1857400",76
202000020022,20,11,13,10:32,1,2,3,1,2,74012,M,"46,1853400","6,2259800",74
202000020023,20,11,12,15:40,1,2,1,1,6,71153,M,"46,8036315","4,4446018",71
202000020024,20,11,12,14:19,1,2,1,1,3,66136,M,"42,6969100","2,8823500",66
202000020025,20,11,13,15:30,1,2,1,7,6,64024,M,"43,4943100"," -1,5282000",64
202000020026,20,11,12,09:50,1,2,6,1,6,63069,M,"45,7267200","3,1887300",63
202000020027,20,11,12,15:21,1,2,1,1,6,63032,M,"45,7535883","3,0861115",63
202000020028,20,11,12,20:40,5,2,1,1,3,63014,M,"45,7541100","3,1046200",63
202000020029,20,10,29,17:20,2,2,1,3,6,62755,M,"50,6905720","1,6235390",62
202000020030,20,11,12,16:50,1,2,1,1,6,54382,M,"49,5460000","5,7815000",54
202000020031,20,11,13,08:30,1,2,3,1,3,51108,M,"48,9549925","4,3543263",51
202000020032,20,11,11,03:50,5,2,1,2,6,49007,M,"47,4597000"," -0,5605000",49
202000020033,20,11,13,15:30,1,2,2,1,2,45147,M,"47,9439867","1,9174779",45
202000020034,20,11,12,16:10,1,2,1,1,6,44184,M,"47,2642000"," -2,2584800",44
202000020035,20,10,22,17:45,1,2,2,1,6,44184,M,"47,2989700"," -2,1886500",44
202000020036,20,11,13,17:40,5,2,3,1,3,41212,M,"47,5730330","1,3556640",41
202000020037,20,10,28,16:30,1,2,3,1,3,38544,M,"45,5375000","4,8678200",38
202000020038,20,11,13,19:40,5,2,6,2,3,35278,M,"48,1616300"," -1,6899000",35
202000020039,20,11,13,14:50,1,1,1,1,7,35051,M,"48,1439900"," -1,6261500",35
202000020040,20,11,13,04:10,3,1,1,2,3,35238,M,"48,1304780"," -1,7102370",35
202000020041,20,11,12,17:15,1,1,1,1,4,34032,M,"43,3677000","3,2074600",34
202000020042,20,11,3,19:15,3,2,3,1,3,33522,M,"44,8181300"," -0,5780500",33
202000020043,20,10,30,06:15,5,2,8,1,1,33318,M,"44,8008900"," -0,6087600",33
202000020044,20,11,13,10:45,1,2,1,2,7,29039,M,"47,8753976"," -3,9177406",29
202000020045,20,10,26,17:05,1,2,1,5,6,29019,M,"48,4154892"," -4,4807383",29
202000020046,20,10,16,13:00,1,2,1,1,2,29019,M,"48,3866048"," -4,4931132",29
202000020047,20,11,11,20:50,3,1,1,8,4,27562,M,"49,0940800","1,4141500",27
202000020048,20,11,13,17:40,5,2,1,1,6,27229,M,"49,0212600","1,1345000",27
202000020049,20,2,5,17:40,1,2,1,1,3,26198,M,"44,5639300","4,7450600",26
202000020050,20,11,13,15:20,1,2,1,1,2,17300,M,"46,1538800"," -1,1474300",17
202000020051,20,11,10,19:45,5,2,2,1,3,14118,M,"49,1724000"," -0,3811000",14
202000020052,20,11,13,15:50,1,2,1,1,5,13211,M,"43,2868360","5,4314440",13
202000020053,20,11,12,18:15,2,2,1,1,5,13211,M,"43,2889720","5,4318900",13
202000020054,20,11,12,10:18,1,2,1,1,3,12145,M,"44,1028000","3,0796900",12
202000020055,20,11,13,14:30,1,2,1,8,2,10387,M,"48,2796500","4,0869300",10
202000020056,20,11,13,09:00,1,2,1,1,-1,10387,M,"48,2833830","4,0791100",10
202000020057,20,11,12,07:01,5,2,1,2,6,10387,M,"48,2832400","4,0716300",10
202000020058,20,11,13,11:20,1,2,3,1,3,09225,M,"43,1279300","1,6163100",09
202000020059,20,11,11,18:25,4,2,1,1,6,07281,M,"44,9463900","4,8484700",07
202000020060,20,11,13,18:55,5,2,-1,2,2,06027,M,"43,6588400","7,1695900",06
202000020061,20,11,13,10:15,1,2,1,1,7,06027,M,"43,6617946","7,1728063",06
202000020062,20,11,11,10:45,1,2,1,7,6,04070,M,"44,0855287","6,2113026",04
202000020063,20,11,13,18:40,2,2,1,1,3,75120,M,"48,8544570","2,4138350",75
202000020064,20,11,13,09:20,1,2,2,8,6,75120,M,"48,8663890","2,4063170",75
202000020065,20,11,13,15:40,1,2,4,1,3,75118,M,"48,8936620","2,3479490",75
202000020066,20,11,13,14:50,1,2,1,1,3,75118,M,"48,8972340","2,3526840",75
202000020067,20,11,13,09:20,1,2,2,1,3,75118,M,"48,8893270","2,3446870",75
202000020068,20,11,13,15:00,1,2,3,1,3,75117,M,"48,8952970","2,3163800",75
202000020069,20,11,13,12:55,1,2,4,1,6,75117,M,"48,8818160","2,2958290",75
202000020070,20,11,13,09:00,1,2,3,8,3,75116,M,"48,8735730","2,2879710",75
202000020071,20,11,13,07:30,2,2,7,1,7,75116,M,"48,8627510","2,2670840",75
202000020072,20,11,12,15:10,1,2,4,1,3,75116,M,"48,8770830","2,2834640",75
202000020073,20,11,12,11:40,1,2,2,1,3,75116,M,"48,8650060","2,2885130",75
202000020074,20,11,13,21:00,3,2,2,1,3,75113,M,"48,8339710","2,3647430",75
202000020075,20,11,13,13:15,1,2,7,1,4,75112,M,"48,8472850","2,3956830",75
202000020076,20,11,13,12:15,1,2,1,2,6,75112,M,"48,8451417","2,3663118",75
202000020077,20,11,13,09:15,1,2,2,2,3,75112,M,"48,8458480","2,3676360",75
202000020078,20,11,13,20:55,5,2,3,1,6,75108,M,"48,8719230","2,3008390",75
202000020079,20,11,13,09:20,1,2,2,2,3,75108,M,"48,8741990","2,3239140",75
202000020080,20,11,13,15:35,1,2,1,1,5,75103,M,"48,8684940","2,3586870",75
202000020081,20,11,13,21:40,5,2,9,1,3,94081,M,"48,7913070","2,3817780",94
202000020082,20,11,13,14:15,1,2,1,1,6,94074,M,"48,7470000","2,4620000",94
202000020083,20,11,13,19:50,5,2,1,1,1,94042,M,"48,8208220","2,4643020",94
202000020084,20,11,13,13:30,1,2,3,1,6,94058,M,"48,8430640","2,5038850",94
202000020085,20,11,12,05:25,5,2,1,1,6,94041,M,"48,8178200","2,3686800",94
202000020086,20,11,13,18:11,5,2,1,1,6,94069,M,"48,8178300","2,4225180",94
202000020087,20,11,13,12:20,1,2,3,2,3,93073,M,"48,9594900","2,5616200",93
202000020088,20,11,13,19:27,5,2,3,1,3,93072,M,"48,9521900","2,3848200",93
202000020089,20,11,13,09:00,1,2,3,1,6,93072,M,"48,9533200","2,3909800",93
202000020090,20,11,13,08:10,1,2,1,9,3,93059,M,"48,9609449","2,3585785",93
202000020091,20,11,12,19:00,5,2,1,1,6,93063,M,"48,8727800","2,4425400",93
202000020092,20,11,13,07:50,1,2,2,1,3,93057,M,"48,9094682","2,5112177",93
202000020093,20,11,13,12:31,1,2,1,1,6,93007,M,"48,9456300","2,4612300",93
202000020094,20,11,13,15:20,1,2,1,8,2,93005,M,"48,9321254","2,5048468",93
202000020095,20,11,13,11:38,1,2,9,1,3,92064,M,"48,8415700","2,1993200",92
202000020096,20,11,12,14:45,1,2,2,1,3,92050,M,"48,9188340","2,2227820",92
202000020097,20,11,13,13:30,1,2,2,2,3,92020,M,"48,7997917","2,2856986",92
202000020098,20,11,13,03:20,5,2,3,1,3,92025,M,"48,9180941","2,2241848",92
202000020099,20,11,12,18:40,5,2,1,1,3,92025,M,"48,9157460","2,2423970",92
202000020100,20,11,12,12:20,1,2,1,7,6,92025,M,"48,9179830","2,2526830",92
202000020101,20,11,14,14:40,1,1,1,1,6,60296,M,"49,5137160","1,8184950",60
202000020102,20,11,13,10:20,1,2,1,1,6,16390,M,"45,9329550","0,0662010",16
202000020103,20,11,14,10:20,1,2,1,1,6,84088,M,"44,0031050","5,0536890",84
202000020104,20,11,14,09:15,1,1,1,1,6,98812,C," -20,4616150","164,3510060",988
202000020105,20,11,13,16:00,1,1,1,1,6,41252,M,"47,6845480","1,4175640",41
202000020106,20,11,14,09:30,1,1,1,1,3,83097,M,"43,4927290","5,7232960",83
202000020107,20,11,14,09:30,1,1,2,1,3,33348,M,"45,3653650"," -1,0128240",33
202000020108,20,11,13,21:45,3,1,1,1,6,89208,M,"47,6345850","3,8907600",89
202000020109,20,11,13,22:45,3,2,1,1,6,49140,M,"47,1834370","0,0386170",49
202000020110,20,11,11,14:45,1,2,2,1,3,86271,M,"46,7674590","0,2415650",86
202000020111,20,11,14,08:15,1,1,1,1,6,34245,M,"43,4109090","2,9450230",34
202000020112,20,11,11,10:25,1,1,1,8,3,22148,M,"48,2507410"," -2,4015800",22
202000020113,20,11,13,17:50,5,2,9,1,6,02141,M,"49,9747680","3,9166310",02
202000020114,20,11,14,13:58,1,1,1,1,3,26208,M,"44,7981140","4,9336770",26
202000020115,20,9,6,20:00,3,2,1,1,1,45040,M,"47,5672380","2,8505880",45
202000020116,20,11,13,22:40,3,1,1,1,6,18218,M,"47,0058620","2,5247530",18
202000020117,20,11,14,00:45,3,1,1,1,6,85224,M,"47,0036100"," -1,3150200",85
202000020118,20,11,14,14:00,1,1,2,1,2,27340,M,"49,3798580","0,8035470",27
202000020119,20,11,14,02:00,4,2,1,1,6,23148,M,"46,4216680","1,9585570",23
202000020120,20,11,14,07:40,2,2,3,1,3,37159,M,"47,2775061","0,6377993",37
202000020121,20,11,13,19:25,3,1,1,1,-1,88465,M,"48,2429030","6,4456270",88
202000020122,20,11,10,14:00,1,2,3,1,3,97309,G,"4,9046410"," -52,2733090",973
202000020123,20,11,13,19:30,3,1,1,1,1,98724,P," -16,7273840"," -151,0112500",987
202000020124,20,11,13,18:35,5,1,1,1,6,98758,P," -16,7382840"," -151,4350320",987
202000020125,20,11,11,17:35,1,2,1,1,7,97406,R," -21,1332880","55,6125780",974
202000020126,20,11,13,15:45,1,2,2,1,3,33214,M,"44,9838670"," -1,0506160",33
202000020127,20,11,14,15:25,1,1,1,1,5,78615,M,"48,8427180","1,9603730",78
202000020128,20,11,14,14:25,1,2,1,1,2,83115,M,"43,3226370","6,6524600",83
202000020129,20,11,13,15:00,1,2,1,1,1,87005,M,"45,8001930","1,3853130",87
202000020130,20,9,12,11:40,1,1,3,1,2,33284,M,"44,6240900"," -0,8537900",33
202000020131,20,11,10,17:20,4,1,1,5,3,67309,M,"48,6411866","7,7304536",67
202000020132,20,11,11,23:00,3,1,1,8,2,91136,M,"48,7152700","2,2683300",91
202000020133,20,11,13,01:50,5,1,1,1,6,92050,M,"48,9020577","2,2042488",92
202000020134,20,8,13,19:00,1,2,1,1,6,62510,M,"50,4188170","2,7998189",62
202000020135,20,6,22,16:30,1,2,1,1,6,05061,M,"44,5662800","6,0836400",05
202000020136,20,11,11,12:00,1,1,3,1,3,97416,R," -21,3034500","55,4602000",974
202000020137,20,11,12,17:34,1,2,1,1,3,97302,G,"4,9294723"," -52,2903514",973
202000020138,20,11,11,11:50,1,2,1,1,3,97302,G,"4,9050400"," -52,3193200",973
202000020139,20,11,12,19:25,5,2,1,1,7,69388,M,"45,7281296","4,8686909",69
202000020140,20,11,12,16:45,1,2,2,1,3,69383,M,"45,7496201","4,8760763",69
202000020141,20,11,12,14:50,1,2,1,1,2,69259,M,"45,7165400","4,8551600",69
202000020142,20,11,12,05:45,5,2,1,1,3,69388,M,"45,7493263","4,8604254",69
202000020143,20,5,8,18:40,1,2,1,1,2,69286,M,"45,8159600","4,8901900",69
202000020144,20,11,12,19:55,5,2,4,1,3,69389,M,"45,7779200","4,7954000",69
202000020145,20,11,10,11:30,1,2,1,1,3,69034,M,"45,7892200","4,8550500",69
202000020146,20,11,12,11:20,1,2,2,1,3,2B033,M,"42,6761600","9,4385000",2B
202000020147,20,11,12,15:48,1,2,1,1,6,2A004,M,"41,9524506","8,7814170",2A
202000020148,20,11,12,12:49,1,2,1,1,6,95063,M,"48,9229810","2,2057060",95
202000020149,20,11,8,03:25,5,2,1,1,1,91657,M,"48,6954330","2,4368180",91
202000020150,20,11,11,20:07,3,1,1,8,2,91421,M,"48,7172400","2,4428900",91
202000020151,20,11,10,06:54,5,2,3,2,3,87085,M,"45,8426900","1,2589300",87