Num_Acc,an,mois,jour,hrmn,lum,agg,int,atm,col,com,gps,lat,long,dep
202000020152,20,11,10,05:00,3,1,1,2,6,87075,M,"45,7852584","1,1889178",87
202000020153,20,11,9,18:37,2,2,1,2,6,87114,M,"45,8353500","1,3150000",87
202000020154,20,11,6,17:00,1,2,1,1,6,86194,M,"46,5759839","0,3756541",86
202000020155,20,11,12,07:20,2,2,1,1,6,80021,M,"49,8905100","2,3063700",80
202000020156,20,11,12,14:42,1,2,9,7,3,80001,M,"50,1140000","1,8258000",80
202000020157,20,11,12,11:00,1,2,1,1,6,78486,M,"48,6947700","1,8546100",78
202000020158,20,11,12,18:55,5,2,1,1,4,69115,M,"45,9711300","4,7168600",69
202000020159,20,11,10,21:00,4,2,3,5,1,67482,M,"48,6014300","7,7102700",67
202000020160,20,11,10,20:04,3,1,1,1,3,66136,M,"42,7285700","2,8769500",66
202000020161,20,11,12,18:50,5,2,3,1,3,64269,M,"43,2988600"," -0,3055100",64
202000020162,20,11,12,12:15,1,2,1,1,6,64129,M,"43,3000000"," -0,3900000",64
202000020163,20,11,10,15:30,1,2,1,1,5,62413,M,"50,4430000","2,8969900",62
202000020164,20,11,11,18:20,5,2,1,1,6,59155,M,"51,0280512","2,3982315",59
202000020165,20,11,10,16:45,1,2,1,1,6,56083,M,"47,8171700"," -3,2593000",56
202000020166,20,11,10,13:59,1,2,1,1,6,56121,M,"47,7453500"," -3,3688600",56
202000020167,20,11,11,19:35,5,2,1,1,2,54395,M,"48,6896856","6,1593658",54
202000020168,20,11,10,16:40,1,2,1,1,2,49328,M,"47,2565400"," -0,0850000",49
202000020169,20,11,12,07:50,2,2,1,1,3,45169,M,"47,9337304","1,8308179",45
202000020170,20,11,12,03:00,3,1,1,2,2,44215,M,"47,1829500"," -1,5007300",44
202000020171,20,11,12,22:45,5,2,1,1,7,37122,M,"47,3457479","0,6577034",37
202000020172,20,11,12,12:40,1,2,2,1,3,35238,M,"48,0948200"," -1,6901400",35
202000020173,20,11,12,12:00,1,1,1,1,2,33281,M,"44,8464500"," -0,7215000",33
202000020174,20,11,12,12:57,1,1,6,1,1,33550,M,"44,7770000"," -0,5670000",33
202000020175,20,11,10,18:45,4,2,1,1,6,31555,M,"43,6412400","1,4523100",31
202000020176,20,11,10,17:55,5,2,1,1,2,31555,M,"43,5850400","1,4476200",31
202000020177,20,11,10,14:24,1,2,1,1,3,31157,M,"43,5603800","1,3593600",31
202000020178,20,11,12,19:20,5,2,1,1,7,29039,M,"47,8787000"," -3,9243000",29
202000020179,20,11,12,07:50,3,1,9,1,1,24037,M,"44,8221000","0,5036100",24
202000020180,20,11,12,14:10,1,1,1,1,6,15014,M,"44,9491600","2,4548100",15
202000020181,20,11,11,14:45,1,2,1,1,2,14059,M,"49,3461200","0,0441900",14
202000020182,20,11,12,15:30,1,2,1,1,3,13209,M,"43,2729650","5,3991940",13
202000020183,20,11,11,17:20,2,2,1,1,3,13209,M,"43,2588300","5,4171300",13
202000020184,20,11,12,07:15,1,2,2,1,3,06069,M,"43,6396700","6,9129600",06
202000020185,20,11,12,07:35,1,2,4,1,5,75114,M,"48,8209260","2,3217940",75
202000020186,20,11,12,09:02,1,2,4,1,3,75106,M,"48,8520930","2,3403100",75
202000020187,20,11,12,15:15,1,2,2,1,6,75119,M,"48,8863490","2,3952720",75
202000020188,20,11,12,10:30,1,2,2,1,3,75119,M,"48,8775030","2,3938130",75
202000020189,20,11,12,10:25,1,2,1,1,6,75115,M,"48,8460740","2,2984090",75
202000020190,20,11,12,07:15,5,2,1,1,6,75113,M,"48,8297910","2,3753060",75
202000020191,20,11,12,12:00,1,2,9,1,3,94080,M,"48,8461000","2,4222000",94
202000020192,20,11,12,18:50,5,2,1,1,5,94041,M,"48,8135900","2,3885600",94
202000020193,20,11,12,17:20,5,2,1,1,6,94017,M,"48,8147400","2,5119400",94
202000020194,20,11,12,17:30,2,2,1,1,6,93053,M,"48,8869800","2,4659700",93
202000020195,20,11,12,00:15,5,2,2,1,3,93046,M,"48,9201226","2,5392454",93
202000020196,20,11,12,08:55,1,2,3,1,3,93031,M,"48,9499888","2,3410299",93
202000020197,20,11,12,10:30,1,2,1,1,3,93027,M,"48,9183969","2,4081164",93
202000020198,20,11,12,21:00,5,2,3,1,3,93005,M,"48,9493475","2,4890020",93
202000020199,20,11,12,10:00,1,2,3,1,3,92036,M,"48,9232240","2,2871820",92
202000020200,20,11,12,10:00,2,2,2,1,4,92035,M,"48,9125710","2,2537700",92
202000020201,20,11,11,15:56,1,2,3,1,3,92026,M,"48,9006082","2,2752395",92
202000020202,20,11,13,11:20,1,1,1,1,1,97610,Y," -12,7278630","45,1824760",976
202000020203,20,11,10,23:00,3,1,1,1,6,2A064,M,"41,8471630","8,9647690",2A
202000020204,20,4,20,07:00,2,1,4,2,6,50203,M,"49,5981200"," -1,5968300",50
202000020205,20,4,27,15:25,1,1,4,3,1,42127,M,"46,0928638","4,0458976",42
202000020206,20,4,28,20:20,1,2,1,1,7,37122,M,"47,3441004","0,6571964",37
202000020207,20,3,16,18:30,1,2,3,1,3,33039,M,"44,8094300"," -0,5373300",33
202000020208,20,4,28,05:10,5,2,2,2,2,26252,M,"44,8885500","4,8636070",26
202000020209,20,4,24,08:25,1,2,1,1,-1,11262,M,"43,1879747","3,0087633",11
202000020210,20,4,28,12:00,1,2,1,2,6,06123,M,"43,6845000","7,1840200",06
202000020211,20,4,27,14:15,1,2,1,1,5,75117,M,"48,9001880","2,3207810",75
202000020212,20,4,27,06:45,1,2,1,1,6,75119,M,"48,9002060","2,3806370",75
202000020213,20,4,28,19:10,1,2,1,1,1,75119,M,"48,8890200","2,3722260",75
202000020214,20,4,28,15:00,1,2,2,1,3,75119,M,"48,8785460","2,4001150",75
202000020215,20,4,27,09:30,1,2,3,1,6,75116,M,"48,8555360","2,2661190",75
202000020216,20,4,28,19:30,1,2,2,3,3,75113,M,"48,8311070","2,3442370",75
202000020217,20,4,28,14:40,1,2,1,1,3,75113,M,"48,8294780","2,3562430",75
202000020218,20,4,28,11:38,1,2,1,1,6,75109,M,"48,8770280","2,3389310",75
202000020219,20,4,26,18:45,1,2,1,1,-1,94080,M,"48,8462540","2,4559230",94
202000020220,20,4,28,15:50,1,2,1,1,6,94028,M,"48,7956656","2,4474985",94
202000020221,20,4,26,10:35,1,2,5,1,3,94052,M,"48,8455000","2,4882900",94
202000020222,20,4,28,21:10,5,2,3,1,3,94043,M,"48,8066250","2,3510080",94
202000020223,20,4,27,20:40,1,2,1,1,2,94011,M,"48,7648750","2,4808535",94
202000020224,20,4,28,20:36,2,2,9,2,3,93078,M,"48,9562770","2,5412804",93
202000020225,20,4,28,21:10,5,2,1,1,1,93071,M,"48,9326900","2,5373630",93
202000020226,20,4,27,11:00,1,2,1,1,5,93053,M,"48,8962657","2,4611631",93
202000020227,20,4,28,19:15,1,2,3,2,1,93049,M,"48,8747500","2,4547680",93
202000020228,20,4,28,14:20,1,2,1,2,2,93013,M,"48,9319900","2,4226200",93
202000020229,20,4,14,07:50,1,2,1,1,3,92078,M,"48,9394840","2,3238730",92
202000020230,20,4,21,19:30,1,2,1,1,1,92063,M,"48,8744300","2,1810300",92
202000020231,20,4,29,00:45,3,1,1,1,6,83019,M,"43,2049100","6,4359500",83
202000020232,20,4,27,21:10,3,1,1,2,6,61466,M,"48,7308110"," -0,5191150",61
202000020233,20,4,27,17:30,1,1,1,3,6,47309,M,"44,5108610","0,4492150",47
202000020234,20,4,29,08:35,1,1,2,1,1,72158,M,"48,0525330","0,6851740",72
202000020235,20,4,29,11:10,1,2,1,1,3,60431,M,"49,5659608","3,0265832",60
202000020236,20,4,28,21:55,3,1,6,1,6,07005,M,"44,5676074","4,5914082",07
202000020237,20,4,27,19:00,1,2,1,3,-1,27218,M,"49,2791600","0,4398180",27
202000020238,20,4,27,13:20,1,2,3,1,3,27103,M,"49,3568030","0,8182350",27
202000020239,20,4,28,13:35,1,1,1,1,7,30029,M,"44,3134390","4,3311880",30
202000020240,20,4,25,13:30,1,2,1,1,3,98715,P," -17,5845220"," -149,5685780",987
202000020241,20,4,29,06:41,1,1,1,1,6,17277,M,"45,9993030"," -0,5428640",17
202000020242,20,4,28,11:15,1,1,1,3,7,2B265,M,"42,5978290","9,3945120",2B
202000020243,20,4,23,12:30,1,2,2,1,1,13110,M,"43,4578410","5,6842660",13
202000020244,20,4,28,12:45,1,1,1,2,7,13043,M,"43,3845610","5,2364170",13
202000020245,20,4,28,06:30,3,1,1,3,7,13215,M,"43,3515180","5,3668440",13
202000020246,20,4,28,07:35,1,1,1,1,2,78238,M,"48,9703900","1,8737480",78
202000020247,20,4,28,14:45,1,1,1,1,5,93013,M,"48,9411900","2,4278400",93
202000020248,20,2,26,00:05,5,1,1,1,7,97213,A,"14,5933600"," -60,9838500",972
202000020249,20,2,25,20:40,5,2,3,1,7,54184,M,"48,7007730","6,2245850",54
202000020250,20,2,25,08:23,1,2,2,2,6,54184,M,"48,7098100","6,2412700",54
202000020251,20,2,21,06:05,2,2,1,1,6,44184,M,"47,2885866"," -2,1921206",44
202000020252,20,2,24,18:40,2,2,1,1,3,22106,M,"48,4897003"," -2,7147517",22
202000020253,20,2,26,21:30,5,2,1,1,7,94067,M,"48,8454820","2,4197160",94
202000020254,20,4,25,09:00,1,2,1,1,6,97416,R," -21,2824600","55,4747300",974
202000020255,20,4,27,12:40,1,2,3,1,3,2B033,M,"42,6889200","9,4323700",2B
202000020256,20,4,24,17:00,1,2,1,1,6,87085,M,"45,8750100","1,2943000",87
202000020257,20,4,24,15:40,1,2,1,1,7,87085,M,"45,8371000","1,2790700",87
202000020258,20,4,25,12:08,1,2,1,1,6,83129,M,"43,0938000","5,8391000",83
202000020259,20,4,27,20:25,2,2,1,1,6,78642,M,"48,9865300","1,9722900",78
202000020260,20,4,26,13:15,1,2,1,1,6,76540,M,"49,4484400","1,1024100",76
202000020261,20,4,23,12:55,1,2,6,1,3,76212,M,"49,4490400","1,1509600",76
202000020262,20,4,24,19:20,1,2,1,1,2,76540,M,"49,4503400","1,0623500",76
202000020263,20,4,26,16:40,1,2,1,1,6,76481,M,"49,5541400","0,1109100",76
202000020264,20,4,24,00:15,5,2,1,1,2,76447,M,"49,5280100","0,1824300",76
202000020265,20,4,27,11:32,1,2,3,1,3,69266,M,"45,7798500","4,8821300",69
202000020266,20,4,26,20:00,1,1,1,1,6,69290,M,"45,6919400","4,9668200",69
202000020267,20,4,25,18:20,1,2,1,1,6,64122,M,"43,4801200"," -1,5555000",64
202000020268,20,4,27,20:20,1,2,1,1,7,60057,M,"49,4422000","2,0777700",60
202000020269,20,4,27,11:40,1,2,2,1,1,54257,M,"48,6456884","6,1923938",54
202000020270,20,4,27,13:00,1,2,1,1,1,45169,M,"47,9022400","1,8592000",45
202000020271,20,4,27,14:47,1,2,9,1,1,45004,M,"47,9766510","2,7386300",45
202000020272,20,4,24,13:05,1,2,1,1,6,34301,M,"43,4083000","3,6748500",34
202000020273,20,4,26,01:30,5,2,1,1,7,31555,M,"43,6098050","1,4217090",31
202000020274,20,4,24,20:30,2,2,1,1,3,31555,M,"43,5836120","1,4523040",31
202000020275,20,4,27,13:30,1,1,1,1,2,29232,M,"47,9533800"," -4,0391000",29
202000020276,20,4,26,08:00,1,2,1,7,6,28085,M,"48,4326000","1,4929000",28
202000020277,20,4,26,22:45,5,2,6,1,7,17274,M,"46,1543000"," -1,1124000",17
202000020278,20,4,27,20:14,2,2,1,1,7,13215,M,"43,3330580","5,3642710",13
202000020279,20,4,25,11:45,1,2,3,1,3,13206,M,"43,3000000","5,4000000",13
202000020280,20,4,27,18:05,1,2,3,7,6,10387,M,"48,2949840","4,0644310",10
202000020281,20,4,27,06:00,2,2,2,1,3,75117,M,"48,8851420","2,2956770",75
202000020282,20,4,27,08:05,1,2,7,1,7,75114,M,"48,8374460","2,3181440",75
202000020283,20,4,27,14:45,1,2,5,2,6,75111,M,"48,8574330","2,3796620",75
202000020284,20,4,26,22:25,3,2,1,1,3,94044,M,"48,7564200","2,4725400",94
202000020285,20,4,26,18:45,1,2,1,1,7,94080,M,"48,8433000","2,4284000",94
202000020286,20,4,27,12:10,1,2,1,1,1,93046,M,"48,9106600","2,5126900",93
202000020287,20,4,27,22:30,5,2,2,2,1,93006,M,"48,8735100","2,4336300",93
202000020288,20,4,27,17:15,1,2,2,1,3,92020,M,"48,7997900","2,2857000",92
202000020289,20,4,28,07:35,1,1,1,8,2,11018,M,"43,2079285","2,2389793",11
202000020290,20,4,27,13:00,1,1,1,1,6,67375,M,"48,6389359","7,6512980",67
202000020291,20,4,27,07:50,2,1,1,1,7,41099,M,"47,3496400","1,6107630",41
202000020292,20,4,28,10:30,1,1,1,3,3,15111,M,"45,3641320","2,4528480",15
202000020293,20,4,26,21:10,2,1,1,1,6,72156,M,"48,1015171","0,6876987",72
202000020294,20,4,24,23:30,3,1,1,1,6,07110,M,"44,4659885","4,2285513",07
202000020295,20,4,27,08:35,1,1,1,1,3,85004,M,"46,4197200"," -1,4045800",85
202000020296,20,4,24,19:35,1,1,1,1,7,27181,M,"48,7998250","1,2547590",27
202000020297,20,4,27,14:15,1,1,1,1,7,30147,M,"44,0244870","4,0687020",30
202000020298,20,4,18,20:20,3,1,2,1,6,49092,M,"47,2695080"," -0,6213420",49
202000020299,20,4,28,08:05,1,1,1,2,4,97309,G,"4,9017650"," -52,3039340",973
202000020300,20,4,27,18:10,1,2,4,1,3,77283,M,"49,0742590","3,0242230",77
202000020301,20,4,28,08:30,1,2,3,1,3,91630,M,"48,5662770","2,0686790",91
202000020302,20,4,27,17:15,1,2,3,1,6,73197,M,"45,5470260","6,7555990",73
202000020303,20,4,27,19:45,1,2,1,1,7,60446,M,"49,1401810","2,7892250",60
202000020304,20,4,25,15:10,1,1,1,2,6,33167,M,"44,8229200"," -0,5128500",33
202000020305,20,2,26,10:40,1,2,2,2,6,92002,M,"48,7531200","2,3067500",92
202000020306,20,4,26,16:40,1,2,3,1,7,98818,C," -22,2980100","166,4487000",988
202000020307,20,4,25,23:00,5,2,1,1,6,98818,C," -22,2596800","166,4449500",988
202000020308,20,4,25,18:38,5,2,1,1,6,98818,C," -22,2667000","166,4618500",988
202000020309,20,4,26,22:55,5,2,9,1,6,97611,Y," -12,8069000","45,2078500",976
202000020310,20,4,26,17:50,1,2,2,1,3,69259,M,"45,6907700","4,8662800",69
202000020311,20,4,24,17:26,1,2,1,1,7,77152,M,"48,5201600","2,6404500",77
202000020312,20,4,25,17:00,1,2,3,1,3,59526,M,"50,4402100","3,4316000",59
202000020313,20,4,26,09:50,1,2,3,1,3,06069,M,"43,6574690","6,9334170",06
202000020314,20,4,26,06:00,2,2,7,1,6,75120,M,"48,8536710","2,4132060",75
202000020315,20,4,26,12:37,1,2,1,1,7,94078,M,"48,7247700","2,4449300",94
202000020316,20,4,26,16:40,1,2,2,1,3,93066,M,"48,9443000","2,3573000",93
202000020317,20,4,26,15:30,1,2,1,1,2,93006,M,"48,8670000","2,4180000",93
202000020318,20,4,26,18:25,1,2,1,1,3,93079,M,"48,9533516","2,3436439",93
202000020319,20,4,26,16:30,1,2,1,1,3,92020,M,"48,8061233","2,2817904",92
202000020320,20,4,26,14:35,1,2,1,1,6,37187,M,"47,0291245","0,5448607",37
202000020321,20,4,26,19:45,1,1,1,1,6,37123,M,"47,3353481","0,3985261",37
202000020322,20,4,27,15:00,1,1,1,1,6,91340,M,"48,5917030","2,4287190",91
202000020323,20,4,26,18:15,1,1,1,1,6,33332,M,"45,0239400","0,0000090",33
202000020324,20,4,27,09:03,1,1,1,1,5,06161,M,"43,6278590","7,1337660",06
202000020325,20,4,26,19:00,1,1,1,1,7,79150,M,"46,1424520","0,2147270",79
202000020326,20,4,27,13:30,1,2,1,1,6,60260,M,"49,2785490","2,9420730",60
202000020327,20,4,25,18:20,1,1,1,1,7,51612,M,"48,9543420","3,9939145",51
202000020328,20,4,26,00:45,3,1,1,1,6,56061,M,"47,7568812"," -2,1450034",56
202000020329,20,4,27,11:25,1,2,2,1,2,2B319,M,"42,4154330","9,5296630",2B
202000020330,20,4,26,05:10,5,2,3,2,6,01263,M,"46,0806485","4,7691212",01
202000020331,20,4,25,09:00,1,1,1,1,7,70533,M,"47,4282736","5,8314671",70
202000020332,20,4,27,09:20,1,2,1,1,6,58059,M,"47,1794020","3,0251460",58
202000020333,20,4,26,14:30,1,2,4,1,6,40243,M,"43,9344290"," -0,9224810",40
202000020334,20,4,26,23:00,3,1,1,1,7,52370,M,"48,5058622","5,2272163",52
202000020335,20,4,27,13:15,1,1,1,8,6,38052,M,"45,1048000","6,0080000",38
202000020336,20,4,27,10:45,1,1,9,1,3,59435,M,"50,4971860","3,2656910",59
202000020337,20,4,26,15:55,1,1,1,1,6,13055,M,"43,3157928","5,4225308",13
202000020338,20,4,24,20:40,3,1,1,1,7,78423,M,"48,7962000","2,0457000",78
202000020339,20,4,26,20:30,1,1,1,1,7,92078,M,"48,9274600","2,3335300",92
202000020340,20,2,25,08:49,1,1,1,1,4,95680,M,"49,0099000","2,4215000",95
202000020341,20,4,25,19:05,3,1,1,1,6,97101,A,"16,2959729"," -61,4760152",971
202000020342,20,4,25,10:45,1,2,1,1,6,91201,M,"48,6701200","2,4144200",91
202000020343,20,4,25,15:20,1,2,1,7,3,64445,M,"43,3053109"," -0,3285242",64
202000020344,20,4,24,12:30,1,2,1,1,6,60463,M,"49,2683000","2,4700000",60
202000020345,20,4,25,14:25,1,1,7,1,6,35238,M,"48,0883800"," -1,6461200",35
202000020346,20,4,25,17:25,1,2,3,1,3,33281,M,"44,8344000"," -0,6408000",33
202000020347,20,4,25,19:00,1,2,2,1,1,29039,M,"47,8742600"," -3,9052300",29
202000020348,20,4,25,11:45,1,2,3,1,6,27681,M,"49,0926400","1,4848900",27
202000020349,20,4,25,18:16,1,2,1,1,6,10325,M,"48,2674000","4,0858000",10
202000020350,20,4,25,12:50,1,2,1,1,2,94017,M,"48,8185600","2,4999400",94
202000020351,20,4,25,12:30,1,2,3,1,3,94017,M,"48,8179900","2,4860200",94
202000020352,20,4,25,17:40,1,2,1,1,6,93005,M,"48,9252210","2,5047010",93
202000020353,20,4,24,20:20,2,1,1,1,6,37175,M,"47,5522308","0,7869941",37
202000020354,20,3,15,16:25,1,1,1,1,7,51531,M,"48,7741550","4,9006750",51
202000020355,20,4,26,17:40,1,1,1,1,1,10396,M,"48,2288070","3,9299830",10
202000020356,20,4,26,00:15,3,1,1,1,7,57226,M,"49,3618060","5,9575080",57
202000020357,20,4,25,03:00,3,1,1,1,1,57461,M,"48,6583120","7,0335620",57
202000020358,20,4,22,18:45,1,1,1,1,6,56097,M,"47,7572360"," -3,0852340",56
202000020359,20,4,24,21:45,3,1,1,1,7,71161,M,"46,5966673","3,9954432",71
202000020360,20,4,26,07:15,2,1,1,1,7,46024,M,"44,8898540","1,8796720",46
202000020361,20,4,25,16:05,1,1,1,1,7,25213,M,"47,1946120","6,8061750",25
202000020362,20,4,25,20:40,1,1,1,1,3,72022,M,"47,7553800"," -0,1690200",72
202000020363,20,4,24,17:15,1,2,1,3,2,04088,M,"43,9627290","5,7902020",04
202000020364,20,4,25,20:00,2,1,1,3,3,23217,M,"45,9317820","1,5407470",23
202000020365,20,4,25,10:00,1,1,1,1,3,87110,M,"45,9448760","1,0230960",87
202000020366,20,4,26,14:40,1,1,1,1,6,52423,M,"48,2619410","5,3511570",52
202000020367,20,4,26,15:50,1,2,1,1,6,08502,M,"49,5657480","5,0136010",08
202000020368,20,4,25,09:30,1,1,1,1,6,08212,M,"49,8296920","4,5656990",08
202000020369,20,4,24,18:30,1,1,1,1,1,06088,M,"43,6717210","7,2014950",06
202000020370,20,4,25,18:50,5,1,1,1,6,97128,A,"16,2566120"," -61,4294130",971
202000020371,20,4,26,16:00,1,1,1,1,1,77126,M,"49,0137124","2,9488313",77
202000020372,20,3,8,13:40,1,2,1,1,2,84141,M,"43,9622490","4,8990060",84
202000020373,20,4,14,08:48,1,2,1,1,3,74087,M,"46,1323450","6,3373680",74
202000020374,20,4,25,23:05,3,1,1,1,6,42124,M,"45,3737661","4,6900906",42
202000020375,20,4,16,18:15,1,1,1,1,6,35333,M,"47,9228130"," -1,4361940",35
202000020376,20,4,25,10:45,1,1,1,1,6,33192,M,"44,7890500"," -0,6203000",33
202000020377,20,4,24,17:25,1,1,1,1,2,93066,M,"48,9147900","2,3576500",93
202000020378,20,4,23,17:20,1,2,3,1,3,98818,C," -22,2960100","166,4451800",988
202000020379,20,4,23,16:10,1,1,1,1,6,97416,R," -21,3035500","55,4997800",974
202000020380,20,4,23,16:43,1,2,2,1,3,97411,R," -20,8766000","55,4479000",974
202000020381,20,4,23,19:35,3,1,1,1,1,97213,A,"14,6329030"," -60,9707200",972
202000020382,20,4,24,10:55,1,1,1,1,3,97209,A,"14,6176600"," -61,0466500",972
202000020383,20,4,24,15:50,1,2,1,1,6,97113,A,"16,2055433"," -61,4925438",971
202000020384,20,4,13,12:00,1,2,1,1,2,95555,M,"48,9647170","2,2864770",95
202000020385,20,4,24,13:15,1,2,1,1,3,91549,M,"48,6281850","2,3432350",91
202000020386,20,4,23,17:40,1,1,1,1,6,76341,M,"49,5047800","0,1940800",76
202000020387,20,4,24,02:10,5,2,3,1,7,67482,M,"48,5664658","7,7203336",67
202000020388,20,4,21,18:39,1,2,1,3,1,64483,M,"43,3775940"," -1,6377570",64
202000020389,20,4,23,07:30,2,2,2,1,3,60159,M,"49,4074500","2,8266400",60
202000020390,20,2,22,22:30,5,2,1,1,2,60057,M,"49,4270500","2,0951600",60
202000020391,20,4,22,12:55,1,1,2,1,3,49328,M,"47,2722000"," -0,1278500",49
202000020392,20,4,23,21:42,5,2,1,1,7,45208,M,"47,9979900","2,7415900",45
202000020393,20,4,24,08:45,1,2,2,1,3,38169,M,"45,1986300","5,6852100",38
202000020394,20,4,24,15:00,1,2,3,1,3,34172,M,"43,6146800","3,8297800",34
202000020395,20,4,24,15:20,1,1,9,1,6,33063,M,"44,8784300"," -0,5632300",33
202000020396,20,3,13,17:55,1,2,3,1,6,33063,M,"44,8214700"," -0,5522300",33
202000020397,20,4,23,16:40,1,2,1,1,4,31555,M,"43,6494800","1,4309800",31
202000020398,20,2,26,10:05,1,2,1,7,6,29019,M,"48,4014330"," -4,5013400",29
202000020399,20,1,21,08:00,2,2,1,8,6,77243,M,"48,8697100","2,7082800",77
202000020400,20,1,20,07:32,1,1,1,1,6,76497,M,"49,3805000","1,0484500",76
202000020401,20,1,17,17:00,1,2,2,1,3,76575,M,"49,3796394","1,1076450",76
202000020402,20,1,20,16:50,1,2,1,1,-1,74012,M,"46,1910000","6,2361090",74
202000020403,20,1,20,18:20,5,2,4,1,1,71306,M,"46,6562470","4,3498119",71
202000020404,20,1,21,16:00,1,2,1,1,2,69275,M,"45,7718900","4,9780100",69
202000020405,20,1,20,06:00,5,2,3,1,3,69275,M,"45,7472600","4,9365400",69
202000020406,20,1,20,21:30,3,1,1,1,6,67218,M,"48,5050600","7,7312900",67
202000020407,20,1,20,09:00,1,2,1,1,-1,67482,M,"48,5522147","7,7403255",67
202000020408,20,1,21,09:02,1,2,1,1,4,66136,M,"42,6895600","2,8318400",66
202000020409,20,1,18,10:20,1,2,2,1,3,66136,M,"42,6756800","2,8442600",66
202000020410,20,1,21,21:00,3,1,1,1,6,65286,M,"43,1007100"," -0,0726880",65
202000020411,20,1,20,18:25,5,2,1,1,3,64102,M,"43,5117000"," -1,4402000",64
202000020412,20,1,20,16:05,1,2,1,1,7,64102,M,"43,4970100"," -1,4683600",64
202000020413,20,1,20,15:38,1,2,1,1,2,63113,M,"45,7784300","3,1096900",63
202000020414,20,1,21,15:45,1,2,1,7,6,60057,M,"49,4151264","2,0724946",60
202000020415,20,1,17,08:20,2,2,1,1,6,59512,M,"50,6810000","3,1852400",59
202000020416,20,1,21,19:10,5,2,2,1,6,59392,M,"50,2791050","3,9711650",59
202000020417,20,1,17,19:15,5,2,1,1,6,59009,M,"50,6644200","3,1456700",59
202000020418,20,1,17,18:58,5,2,1,1,7,57019,M,"49,2613200","6,1421700",57
202000020419,20,1,20,17:20,1,2,3,1,3,56121,M,"47,7576828"," -3,3728001",56
202000020420,20,1,20,14:05,1,2,6,7,6,56121,M,"47,7357900"," -3,3655200",56
202000020421,20,1,20,17:10,2,2,2,1,1,54274,M,"48,6659250","6,1976740",54
202000020422,20,1,20,09:00,1,2,1,8,7,51493,M,"49,2226571","4,1031969",51
202000020423,20,1,20,16:20,1,2,1,1,7,49020,M,"47,4731300"," -0,6022200",49
202000020424,20,1,20,14:07,1,2,1,1,-1,49007,M,"47,4695000"," -0,5942900",49
202000020425,20,1,20,08:26,1,2,1,1,6,49007,M,"47,4833500"," -0,5265900",49
202000020426,20,1,21,08:50,1,2,3,1,3,45286,M,"47,8903500","1,9412100",45
202000020427,20,1,20,12:33,1,2,1,1,2,45285,M,"47,9139400","1,8716600",45
202000020428,20,1,20,17:40,5,2,1,1,6,44184,M,"47,2734256"," -2,2320333",44
202000020429,20,1,21,22:15,5,2,1,1,3,44109,M,"47,2360541"," -1,5681985",44
202000020430,20,1,17,18:20,2,1,1,1,5,40281,M,"43,8660000"," -0,5016800",40
202000020431,20,1,21,21:10,5,2,2,1,3,35238,M,"48,1069200"," -1,6743800",35
202000020432,20,1,21,19:15,5,2,2,1,3,35238,M,"48,0980700"," -1,6556100",35
202000020433,20,1,21,14:30,1,2,2,1,3,35238,M,"48,1232600"," -1,6627900",35
202000020434,20,1,21,08:20,4,2,1,1,6,35238,M,"48,0878800"," -1,6821400",35
202000020435,20,1,21,17:00,1,2,1,8,6,34172,M,"43,6091880","3,8882560",34
202000020436,20,1,21,13:40,1,2,2,1,3,33318,M,"44,7925000"," -0,6672600",33
202000020437,20,1,21,14:00,1,1,6,1,2,33529,M,"44,6169800"," -1,1381900",33
202000020438,20,1,21,09:40,1,2,1,1,6,27681,M,"49,0997030","1,4735000",27
202000020439,20,1,20,13:45,1,2,6,1,3,19031,M,"45,1427700","1,4912500",19
202000020440,20,1,20,10:40,1,2,2,1,3,19031,M,"45,1541400","1,5299100",19
202000020441,20,1,20,04:10,5,2,5,1,3,18033,M,"47,0712800","2,3885300",18
202000020442,20,1,21,07:25,5,2,1,1,6,16015,M,"45,6491780","0,1750710",16
202000020443,20,1,21,18:00,2,2,1,1,3,14341,M,"49,1470200"," -0,3483800",14
202000020444,20,1,22,00:05,4,2,1,1,6,13214,M,"43,3408401","5,3916210",13
202000020445,20,1,21,19:15,5,2,3,1,3,13002,M,"43,3340800","5,4806100",13
202000020446,20,1,21,19:55,5,2,1,1,3,13205,M,"43,2927100","5,4014030",13
202000020447,20,1,21,06:00,5,2,9,1,6,13203,M,"43,3074600","5,3746060",13
202000020448,20,1,20,11:45,1,2,1,1,3,13212,M,"43,3038870","5,4362080",13
202000020449,20,1,20,23:30,5,2,1,1,6,13212,M,"43,2945840","5,4430620",13
202000020450,20,1,20,15:15,1,2,2,1,3,13202,M,"43,3153800","5,3681600",13
202000020451,20,1,20,11:30,1,2,7,8,3,13210,M,"43,2775880","5,3991960",13
202000020452,20,1,21,15:30,1,2,1,1,7,09122,M,"42,9637610","1,6057700",09
202000020453,20,1,20,09:00,1,2,1,4,3,08298,M,"49,7918300","4,7413700",08
202000020454,20,1,21,07:25,2,2,2,8,6,06088,M,"43,7143900","7,2842400",06
202000020455,20,1,21,19:15,5,2,1,1,3,06069,M,"43,6479000","6,9275000",06
202000020456,20,1,21,07:54,2,2,3,1,3,06069,M,"43,6474700","6,9363100",06