Num_Acc,an,mois,jour,hrmn,lum,agg,int,atm,col,com,gps,lat,long,dep
202000020457,20,1,13,08:10,2,2,1,4,6,06004,M,"43,6115100","7,0700000",06
202000020458,20,1,18,01:00,4,2,6,9,6,05061,M,"44,5454411","6,0629310",05
202000020459,20,1,21,11:25,1,2,4,1,2,75116,M,"48,8369344","2,2554454",75
202000020460,20,1,20,13:50,1,2,1,1,3,75120,M,"48,8705630","2,4134560",75
202000020461,20,1,21,09:13,1,2,1,1,6,75112,M,"48,8374545","2,3777396",75
202000020462,20,1,20,13:20,1,2,1,1,6,75114,M,"48,8333400","2,3169750",75
202000020463,20,1,21,10:40,1,2,7,1,2,75106,M,"48,8440360","2,3233680",75
202000020464,20,1,21,10:00,1,2,2,1,3,75120,M,"48,8646848","2,4041377",75
202000020465,20,1,21,16:30,1,2,1,1,3,75119,M,"48,8902380","2,3980020",75
202000020466,20,1,21,15:55,1,2,1,1,6,75117,M,"48,8891700","2,3041700",75
202000020467,20,1,21,15:30,1,2,2,1,3,75117,M,"48,8799870","2,2883960",75
202000020468,20,1,20,14:00,1,2,4,1,3,75117,M,"48,8818462","2,2855653",75
202000020469,20,1,21,14:45,1,2,1,1,6,75116,M,"48,8724496","2,2831044",75
202000020470,20,1,21,01:45,5,2,1,1,1,75116,M,"48,8660920","2,2894640",75
202000020471,20,1,21,15:15,1,2,7,1,3,75114,M,"48,8372487","2,3187624",75
202000020472,20,1,21,08:05,1,2,1,1,3,75112,M,"48,8290620","2,3897400",75
202000020473,20,1,20,13:25,1,2,1,1,6,75111,M,"48,8517660","2,3742620",75
202000020474,20,1,21,10:45,1,2,2,1,3,75108,M,"48,8705410","2,3100360",75
202000020475,20,1,21,09:45,1,2,3,1,2,75108,M,"48,8714521","2,3023577",75
202000020476,20,1,21,08:20,2,2,1,9,7,94078,M,"48,7375600","2,4461000",94
202000020477,20,1,20,17:20,5,2,1,1,1,94068,M,"48,7909100","2,4867810",94
202000020478,20,1,21,14:35,1,2,1,1,2,94076,M,"48,7907500","2,3532500",94
202000020479,20,1,20,21:50,3,2,1,1,-1,94076,M,"48,8060800","2,3640000",94
202000020480,20,1,20,07:30,2,2,1,1,6,94076,M,"48,8079800","2,3572510",94
202000020481,20,1,21,09:10,1,2,2,1,3,94054,M,"48,7450000","2,4001000",94
202000020482,20,1,21,12:00,1,2,9,1,6,93078,M,"48,9535419","2,5625991",93
202000020483,20,1,21,09:30,1,1,4,1,2,93073,M,"48,9838000","2,5413400",93
202000020484,20,1,21,17:00,2,2,9,1,3,93070,M,"48,9147500","2,3195700",93
202000020485,20,1,20,13:23,1,2,1,1,3,93077,M,"48,8852400","2,5037500",93
202000020486,20,1,21,18:40,5,2,3,1,5,93053,M,"48,9022338","2,4621472",93
202000020487,20,1,20,22:50,5,2,4,1,6,93051,M,"48,8474297","2,5491666",93
202000020488,20,1,21,17:00,1,2,1,1,6,93048,M,"48,8655000","2,4321000",93
202000020489,20,1,20,08:20,1,2,9,1,6,93063,M,"48,8738188","2,4383268",93
202000020490,20,1,21,09:20,1,2,1,1,3,93031,M,"48,9495766","2,3309240",93
202000020491,20,1,21,12:45,1,2,3,1,3,93013,M,"48,9330900","2,4284200",93
202000020492,20,1,21,21:10,5,2,4,1,6,93007,M,"48,9294062","2,4801400",93
202000020493,20,1,20,10:10,1,2,1,1,1,92075,M,"48,8170000","2,2814000",92
202000020494,20,1,20,18:00,5,2,1,1,2,92077,M,"48,8261000","2,1957000",92
202000020495,20,1,20,13:50,1,2,9,1,6,92064,M,"48,8416500","2,2219120",92
202000020496,20,1,20,12:00,1,2,2,1,3,92050,M,"48,9013200","2,1923100",92
202000020497,20,1,19,22:10,5,2,1,1,2,92036,M,"48,9411590","2,2961750",92
202000020498,20,1,20,16:25,1,2,2,1,3,92036,M,"48,9212000","2,2993900",92
202000020499,20,1,20,19:50,2,2,2,1,3,92025,M,"48,9357392","2,2606301",92
202000020500,20,1,20,17:30,2,1,1,1,6,50493,M,"48,8382700"," -1,4629560",50
202000020501,20,1,19,17:10,2,1,1,1,1,47100,M,"44,2502680","0,6509420",47
202000020502,20,1,20,09:35,1,2,1,9,1,08403,M,"49,4942780","4,3632020",08
202000020503,20,1,22,08:06,2,2,1,2,6,31022,M,"43,6744700","1,4251850",31
202000020504,20,1,21,09:40,1,1,1,1,1,14027,M,"49,0199523"," -0,6461763",14
202000020505,20,1,21,15:50,2,1,1,7,2,51486,M,"49,1550016","4,4055134",51
202000020506,20,1,11,11:45,1,2,3,2,2,97109,A,"16,0014920"," -61,6967730",971
202000020507,20,1,20,17:05,1,1,4,1,2,97132,A,"15,9877550"," -61,6178730",971
202000020508,20,1,22,14:25,1,1,1,1,1,72058,M,"47,9594180","0,3027950",72
202000020509,20,1,21,15:40,1,1,1,1,1,34077,M,"43,6506210","3,8835440",34
202000020510,20,1,21,08:00,1,2,6,1,6,81120,M,"43,5402600","2,2642860",81
202000020511,20,1,22,15:45,1,1,1,1,1,89391,M,"48,3657160","3,2330700",89
202000020512,20,1,21,10:15,1,1,1,1,6,49043,M,"47,5940960"," -0,7498280",49
202000020513,20,1,22,07:55,2,1,1,8,5,49331,M,"47,7041880"," -0,7091760",49
202000020514,20,1,21,17:20,1,1,2,1,1,49211,M,"47,1890420"," -0,5263140",49
202000020515,20,1,20,07:30,2,1,1,1,2,35040,M,"48,1336730"," -1,9395640",35
202000020516,20,1,19,17:20,2,2,1,7,6,29160,M,"48,5060710"," -4,4209680",29
202000020517,20,1,22,07:15,2,1,1,1,4,54415,M,"48,9987860","6,0353350",54
202000020518,20,1,21,23:40,3,1,1,5,1,60191,M,"49,5589980","2,6987453",60
202000020519,20,1,21,07:45,2,2,2,1,3,40046,M,"44,3891650"," -1,1650580",40
202000020520,20,1,21,20:05,3,1,1,1,5,24460,M,"45,2512200","0,4032040",24
202000020521,20,1,22,08:00,2,2,1,1,6,85288,M,"46,4649900"," -1,6066800",85
202000020522,20,1,22,07:30,5,2,7,1,6,27056,M,"49,0879050","0,5923000",27
202000020523,20,1,22,13:25,1,1,1,1,7,28236,M,"48,3467700","0,8858850",28
202000020524,20,1,21,13:10,1,1,1,1,6,37111,M,"47,1348040","1,0986269",37
202000020525,20,1,21,06:55,3,1,1,1,1,49218,M,"47,2567320"," -1,0219390",49
202000020526,20,1,22,19:05,3,1,1,1,2,03118,M,"46,1083008","3,1383884",03
202000020527,20,1,22,11:45,1,1,1,3,3,31451,M,"43,4497800","1,9718100",31
202000020528,20,1,16,12:05,1,2,6,1,1,74081,M,"46,0714090","6,5567870",74
202000020529,20,1,20,16:36,1,1,1,1,5,49007,M,"47,4920670"," -0,5308530",49
202000020530,20,1,21,19:00,3,1,1,1,7,98825,C," -21,1209440","164,9504740",988
202000020531,20,1,18,18:50,2,1,1,1,3,97304,G,"5,1100664"," -52,6406408",973
202000020532,20,1,22,12:40,1,2,1,1,-1,29233,M,"47,8725512"," -3,5467552",29
202000020533,20,1,17,08:50,1,1,1,2,2,91041,M,"48,5735870","2,2353910",91
202000020534,20,1,20,23:06,3,2,1,1,6,91148,M,"48,5034530","2,1687830",91
202000020535,20,1,22,09:30,1,1,2,1,3,2A247,M,"41,6398860","9,2946480",2A
202000020536,20,1,22,08:37,1,1,9,8,1,83106,M,"43,3164120","6,0754020",83
202000020537,20,1,21,17:05,2,2,1,1,6,52269,M,"47,8447670","5,3316150",52
202000020538,20,1,18,20:25,5,2,1,1,3,73213,M,"45,5714690","5,9606990",73
202000020539,20,1,21,10:30,1,2,4,1,3,38382,M,"45,2387790","5,6676040",38
202000020540,20,1,21,18:45,5,2,1,1,6,85222,M,"46,6949250"," -1,9336530",85
202000020541,20,1,6,07:15,3,1,3,1,1,49301,M,"47,1268300"," -1,0382110",49
202000020542,20,1,21,21:20,5,2,1,9,6,60612,M,"49,2097380","2,5868260",60
202000020543,20,1,20,09:00,1,2,1,1,2,13055,M,"43,2860170","5,4254370",13
202000020544,20,1,13,02:20,5,1,1,1,3,69199,M,"45,6869490","4,8463410",69
202000020545,20,1,17,23:55,3,1,1,1,4,01249,M,"45,8152360","4,9622770",01
202000020546,20,1,16,17:55,3,1,1,1,5,69297,M,"45,6075689","4,8026546",69
202000020547,20,1,20,06:00,3,1,1,1,2,69256,M,"45,7961861","4,9445686",69
202000020548,20,1,16,13:30,1,1,1,1,2,67389,M,"48,6521418","7,7355545",67
202000020549,20,1,21,17:45,2,1,1,1,2,94038,M,"48,7876500","2,3452000",94
202000020550,20,1,21,08:00,1,1,1,1,2,78126,M,"48,8393550","2,1190480",78
202000020551,20,1,21,07:20,3,1,1,1,3,78423,M,"48,7943720","2,0500560",78
202000020552,20,1,20,20:35,3,1,1,1,2,92036,M,"48,9309388","2,3022420",92
202000020553,20,1,18,04:30,5,1,1,1,2,78133,M,"48,8890000","2,0107800",78
202000020554,20,1,20,07:18,3,1,1,1,4,93013,M,"48,9413200","2,4269500",93
202000020555,20,1,19,15:45,1,1,1,1,2,93005,M,"48,9605600","2,4679600",93
202000020556,20,1,19,08:30,1,1,1,1,4,93066,M,"48,9359500","2,3721900",93
202000020557,20,1,21,10:00,1,1,1,1,3,94033,M,"48,8542300","2,4888200",94
202000020558,20,1,21,08:50,1,1,1,1,3,94022,M,"48,7763087","2,4242660",94
202000020559,20,1,20,11:15,1,1,1,1,2,77055,M,"48,9016285","2,6509328",77
202000020560,20,1,19,15:30,1,2,3,1,1,94034,M,"48,7543300","2,3145100",94
202000020561,20,1,20,09:05,1,1,1,8,4,97411,R," -20,8885220","55,4451280",974
202000020562,20,1,20,09:20,1,1,1,8,2,97411,R," -20,8872000","55,4405000",974
202000020563,20,1,20,18:33,1,2,1,1,3,97302,G,"4,9161107"," -52,3266041",973
202000020564,20,1,20,18:30,2,2,1,2,2,69383,M,"45,7527972","4,8504156",69
202000020565,20,1,20,08:35,1,2,2,1,6,69387,M,"45,7451500","4,8419700",69
202000020566,20,1,20,08:10,1,2,3,1,1,97213,A,"14,6262500"," -61,0079200",972
202000020567,20,1,19,20:00,5,1,9,1,4,97213,A,"14,6180000"," -61,0340000",972
202000020568,20,1,20,00:35,5,1,1,1,1,97113,A,"16,2081000"," -61,4646000",971
202000020569,20,1,20,08:15,1,2,1,8,3,95277,M,"48,9926900","2,4548920",95
202000020570,20,1,20,11:50,1,2,1,7,6,91174,M,"48,6154970","2,4589350",91
202000020571,20,1,20,07:59,1,2,2,1,3,91347,M,"48,6442400","2,2816000",91
202000020572,20,1,18,02:35,5,2,1,1,1,86194,M,"46,5835900","0,3568800",86
202000020573,20,1,18,21:44,5,2,1,1,7,86194,M,"46,5905600","0,3404400",86
202000020574,20,1,19,05:25,5,2,1,1,6,84007,M,"43,9530400","4,8308900",84
202000020575,20,1,19,07:10,3,1,1,2,7,80164,M,"49,9012100","2,3443600",80
202000020576,20,1,17,15:35,1,2,1,1,6,80021,M,"49,8929200","2,2912100",80
202000020577,20,1,20,15:40,1,2,1,1,6,77513,M,"48,9555800","2,8658300",77
202000020578,20,1,16,19:45,5,2,1,1,6,76575,M,"49,3852200","1,0748300",76
202000020579,20,1,18,14:30,1,2,4,1,3,76351,M,"49,5022494","0,1866872",76
202000020580,20,1,11,23:30,5,2,2,1,1,76217,M,"49,9245850","1,1038150",76
202000020581,20,1,20,13:20,1,2,1,7,6,73065,M,"45,5624864","5,9050764",73
202000020582,20,1,16,18:52,5,2,9,1,3,71153,M,"46,8055100","4,4572600",71
202000020583,20,1,19,09:10,1,2,1,1,6,67482,M,"48,5982500","7,7257200",67
202000020584,20,1,17,07:55,2,2,1,1,3,67482,M,"48,5971830","7,7411110",67
202000020585,20,1,17,18:40,1,1,1,1,3,66136,M,"42,6746250","2,8643850",66
202000020586,20,1,18,14:00,1,2,1,1,-1,66136,M,"42,6826300","2,8858800",66
202000020587,20,1,20,11:10,1,1,6,1,3,64269,M,"43,2992000"," -0,3072000",64
202000020588,20,1,20,12:35,1,2,1,1,3,64102,M,"43,4941500"," -1,4947000",64
202000020589,20,1,20,11:47,1,2,1,1,7,64140,M,"43,5166200"," -1,4864100",64
202000020590,20,1,20,08:40,1,2,1,1,6,64102,M,"43,4768500"," -1,4900300",64
202000020591,20,1,19,11:00,1,2,2,1,2,63032,M,"45,7549396","3,0968648",63
202000020592,20,1,17,08:18,1,2,1,1,3,63075,M,"45,7827995","3,0629164",63
202000020593,20,1,18,21:15,5,2,1,1,2,63113,M,"45,7735500","3,0868400",63
202000020594,20,7,11,07:45,1,1,9,1,2,77146,M,"48,8312341","2,6428900",77
202000020595,20,7,9,12:25,1,2,2,1,3,74133,M,"46,1886000","6,2156400",74
202000020596,20,7,11,16:11,1,2,6,1,3,67462,M,"48,2760800","7,4627400",67
202000020597,20,7,7,08:40,1,1,1,1,4,67180,M,"48,7934940","7,7509866",67
202000020598,20,7,12,00:00,5,2,1,1,7,64122,M,"43,4867200"," -1,5549500",64
202000020599,20,7,11,13:10,1,2,1,8,3,64102,M,"43,4882700"," -1,4597600",64
202000020600,20,7,11,19:45,1,2,3,1,3,45274,M,"47,8787838","1,9551193",45
202000020601,20,7,11,14:35,1,2,2,1,3,45232,M,"47,8443100","1,9200600",45
202000020602,20,7,11,08:10,1,2,6,1,3,44109,M,"47,2524600"," -1,5534000",44
202000020603,20,7,10,21:50,2,2,1,1,7,41018,M,"47,5790100","1,3340000",41
202000020604,20,7,11,09:45,1,1,1,1,2,35051,M,"48,1138000"," -1,5527900",35
202000020605,20,7,11,17:50,1,1,3,1,2,30189,M,"43,8370500","4,4304900",30
202000020606,20,7,11,11:00,1,2,1,1,6,30189,M,"43,8382000","4,3483000",30
202000020607,20,7,11,15:00,1,1,1,1,2,29039,M,"47,8793400"," -3,9047000",29
202000020608,20,7,11,02:45,5,2,1,1,6,17028,M,"46,1375860"," -1,1266220",17
202000020609,20,7,11,12:30,1,2,1,1,1,13117,M,"43,4728314","5,2343691",13
202000020610,20,7,7,18:20,1,2,3,1,6,13204,M,"43,2987200","5,3987000",13
202000020611,20,7,10,16:55,1,2,1,1,4,13005,M,"43,2850100","5,5518400",13
202000020612,20,7,11,08:57,1,2,1,1,2,10387,M,"48,3005800","4,0758800",10
202000020613,20,7,11,19:30,1,1,1,1,1,09122,M,"42,9594030","1,5884140",09
202000020614,20,7,11,10:43,1,1,1,1,6,07316,M,"44,9076400","4,8535400",07
202000020615,20,7,6,19:34,1,2,6,1,3,03185,M,"46,3330671","2,6040570",03
202000020616,20,7,10,11:22,1,2,2,8,3,75105,M,"48,8494070","2,3567860",75
202000020617,20,7,10,20:10,1,2,1,1,3,75105,M,"48,8521680","2,3463180",75
202000020618,20,7,11,07:45,1,2,1,1,2,75119,M,"48,8945600","2,3818350",75
202000020619,20,7,11,00:10,5,2,2,1,3,75119,M,"48,8772530","2,4067940",75
202000020620,20,7,11,16:50,1,2,2,1,4,75118,M,"48,8986950","2,3593560",75
202000020621,20,7,10,23:40,5,2,7,1,2,75116,M,"48,8629640","2,2878760",75
202000020622,20,7,11,19:35,1,2,5,1,6,75113,M,"48,8258050","2,3503590",75
202000020623,20,7,11,13:30,1,2,1,1,2,75113,M,"48,8210210","2,3784730",75
202000020624,20,7,11,08:50,1,2,2,7,6,75112,M,"48,8349800","2,4197910",75
202000020625,20,7,10,17:55,1,2,4,1,4,75112,M,"48,8340430","2,3814380",75
202000020626,20,6,19,15:40,1,2,2,1,3,75111,M,"48,8535580","2,3927060",75
202000020627,20,7,11,17:00,1,2,7,1,6,75108,M,"48,8747320","2,3199660",75
202000020628,20,7,10,14:45,1,2,2,1,6,75108,M,"48,8731310","2,2970650",75
202000020629,20,7,10,23:00,5,2,1,1,6,75107,M,"48,8586260","2,2928930",75
202000020630,20,7,11,02:33,5,2,7,1,7,75101,M,"48,8601050","2,3333770",75
202000020631,20,7,11,19:25,1,2,1,1,7,75104,M,"48,8526950","2,3595180",75
202000020632,20,7,11,18:15,1,2,2,1,3,94058,M,"48,8513500","2,5108200",94
202000020633,20,7,11,10:30,1,2,9,1,6,94033,M,"48,8496000","2,4898000",94
202000020634,20,7,11,19:50,1,2,1,1,3,94028,M,"48,7751900","2,4562100",94
202000020635,20,7,11,13:05,1,2,9,1,6,94028,M,"48,7730300","2,4349000",94
202000020636,20,7,11,14:30,1,1,1,1,2,94022,M,"48,7733000","2,4022000",94
202000020637,20,7,11,19:30,1,2,2,1,1,94079,M,"48,8350400","2,5472800",94
202000020638,20,7,11,08:30,1,2,1,1,6,94017,M,"48,8167700","2,5335000",94
202000020639,20,7,11,13:25,1,1,1,1,4,94070,M,"48,7158240","2,5736320",94
202000020640,20,7,11,14:20,1,2,3,1,3,93073,M,"48,9518600","2,5748500",93
202000020641,20,7,11,09:00,1,2,2,1,3,93078,M,"48,9536019","2,5627155",93
202000020642,20,7,10,23:35,5,2,9,1,1,93078,M,"48,9559600","2,5404000",93
202000020643,20,7,11,18:05,1,2,1,1,-1,93046,M,"48,9233100","2,5446000",93
202000020644,20,7,11,22:18,5,2,9,1,7,93008,M,"48,9092805","2,4491143",93
202000020645,20,7,11,18:15,1,2,3,1,3,93001,M,"48,9144000","2,3888400",93
202000020646,20,7,11,01:15,3,2,7,1,6,93001,M,"48,9106270","2,3873600",93
202000020647,20,7,9,19:05,1,2,1,1,6,92044,M,"48,8966856","2,2957832",92
202000020648,20,7,11,11:09,1,2,2,1,3,92040,M,"48,8253311","2,2729200",92
202000020649,20,7,11,13:20,1,2,7,1,1,92025,M,"48,9227490","2,2524900",92
202000020650,20,7,3,12:30,1,1,1,1,3,84142,M,"43,9448320","5,0122550",84
202000020651,20,7,12,09:30,1,2,4,1,1,28088,M,"48,0684620","1,3136230",28
202000020652,20,7,12,00:25,5,2,2,1,6,28088,M,"48,0705890","1,3320400",28
202000020653,20,7,12,12:45,1,1,1,1,2,41232,M,"47,3970020","2,0388060",41
202000020654,20,7,12,13:30,1,1,1,1,6,52114,M,"48,0560610","4,9572690",52
202000020655,20,7,12,11:56,1,1,1,1,4,68300,M,"47,7969590","7,3627010",68
202000020656,20,7,11,14:57,1,1,1,1,1,38419,M,"44,8498750","5,6205580",38
202000020657,20,7,11,12:05,1,1,1,1,1,30334,M,"44,0196310","4,4303120",30
202000020658,20,7,12,10:01,1,1,1,1,-1,22185,M,"48,3833620"," -2,4750670",22
202000020659,20,7,12,09:30,1,1,1,1,7,19004,M,"45,1375431","1,8612546",19
202000020660,20,7,12,11:35,1,2,2,1,3,74282,M,"46,0603210","6,2262940",74
202000020661,20,7,12,11:00,1,1,1,1,1,80017,M,"49,9659320","2,9503020",80
202000020662,20,7,11,17:05,1,1,2,1,3,82025,M,"43,9464410","1,2964220",82
202000020663,20,7,12,04:45,2,1,1,1,6,89368,M,"47,6534060","3,1845330",89
202000020664,20,7,10,21:20,2,1,1,1,1,89158,M,"47,4954580","3,3097600",89
202000020665,20,7,11,19:30,1,2,1,1,1,49367,M,"47,6306630"," -0,8019640",49
202000020666,20,7,11,22:30,3,1,3,1,3,44096,M,"47,4340060"," -1,1931860",44
202000020667,20,7,11,16:45,1,1,1,1,7,29155,M,"48,4658549"," -5,0778150",29
202000020668,20,7,11,17:30,1,1,1,1,6,31451,M,"43,4748510","1,9932620",31
202000020669,20,7,11,18:30,1,2,1,1,6,15050,M,"45,1653428","2,7094021",15
202000020670,20,7,12,00:14,3,1,6,1,6,01138,M,"45,8494590","5,7982710",01
202000020671,20,7,11,22:00,3,1,1,1,1,14570,M,"49,0342367","0,3037983",14
202000020672,20,7,12,01:40,5,2,1,1,7,05004,M,"44,6323830","6,1724710",05
202000020673,20,7,11,19:40,1,2,3,1,3,90009,M,"47,4848490","6,9246610",90
202000020674,20,7,12,16:10,1,1,1,1,3,73221,M,"45,3129900","6,2649910",73
202000020675,20,7,12,07:15,1,1,1,1,6,73084,M,"45,5209793","5,9971717",73
202000020676,20,7,11,13:00,1,2,9,1,3,10268,M,"48,5003060","3,5093160",10
202000020677,20,7,11,19:20,1,1,1,1,7,10255,M,"48,2164410","4,2859610",10
202000020678,20,7,12,14:50,1,1,1,1,4,04135,M,"43,8402600","6,2011970",04
202000020679,20,7,12,01:30,5,2,3,1,3,28423,M,"48,5556310","1,6215190",28
202000020680,20,7,12,10:00,1,2,2,1,3,17337,M,"45,9845210"," -1,3738890",17
202000020681,20,7,11,11:30,1,2,1,1,1,30339,M,"44,0804340","3,6412880",30
202000020682,20,7,12,09:20,1,1,1,1,6,49092,M,"47,2400474"," -0,7293968",49
202000020683,20,7,7,12:30,1,2,3,1,1,35275,M,"48,1483360"," -1,8300710",35
202000020684,20,7,11,21:00,3,1,1,1,2,97309,G,"4,8781180"," -52,2964830",973
202000020685,20,7,11,04:15,3,1,9,1,3,62427,M,"50,3975960","2,9827340",62
202000020686,20,7,11,23:50,3,2,3,1,1,33005,M,"44,7627480"," -1,0688500",33
202000020687,20,7,13,01:45,3,1,1,1,7,98813,C," -21,7252380","165,8077290",988
202000020688,20,7,11,15:50,1,1,1,1,1,97306,G,"5,5470093"," -53,4841759",973
202000020689,20,7,12,11:45,1,1,1,7,-1,77104,M,"48,7029131","2,8117179",77
202000020690,20,7,12,18:40,1,1,1,1,7,77478,M,"48,9538746","3,0739832",77
202000020691,20,7,12,06:00,1,2,1,1,-1,34289,M,"43,3944770","3,4180780",34
202000020692,20,7,12,02:10,5,2,1,1,6,70331,M,"47,4157180","5,5344600",70
202000020693,20,7,8,01:15,5,2,1,1,3,21292,M,"47,2495140","5,2242920",21
202000020694,20,7,12,17:30,1,1,3,7,3,73248,M,"45,2598275","6,3237614",73
202000020695,20,7,12,12:15,1,1,1,1,1,38252,M,"45,0834100","5,7467000",38
202000020696,20,7,11,21:25,5,1,1,1,7,16078,M,"45,6943440","0,1800420",16
202000020697,20,6,22,18:30,1,1,3,1,3,33003,M,"44,9542420"," -0,5179240",33
202000020698,20,7,10,19:20,1,2,1,1,7,14762,M,"48,8342600"," -0,8921630",14
202000020699,20,7,10,23:30,3,1,1,1,6,14250,M,"49,2731440"," -0,6523960",14
202000020700,20,7,11,20:00,1,1,4,1,6,35041,M,"47,9342290"," -1,5585140",35
202000020701,20,7,10,19:55,1,1,1,1,3,13001,M,"43,5023580","5,4078410",13
202000020702,20,7,10,18:15,1,1,1,1,2,13085,M,"43,2559000","5,5938000",13
202000020703,20,7,11,18:00,1,1,1,1,3,91589,M,"48,6793200","2,3338800",91
202000020704,20,7,11,15:50,1,1,1,1,2,94038,M,"48,7779300","2,3466700",94
202000020705,20,7,11,12:20,1,1,1,1,2,91589,M,"48,6783700","2,3356700",91
202000020706,20,7,10,17:40,1,1,1,1,4,78297,M,"48,7915400","2,0560810",78
202000020707,20,7,10,17:10,1,1,1,1,4,92050,M,"48,9133678","2,2186271",92
202000020708,20,7,11,15:45,1,1,1,1,4,93064,M,"48,8791700","2,4763300",93
202000020709,20,7,11,01:00,3,1,1,1,6,93005,M,"48,9480500","2,4758900",93
202000020710,20,7,10,09:15,1,1,1,2,7,95252,M,"48,9876800","2,2429000",95
202000020711,20,7,10,09:40,1,1,1,1,6,94015,M,"48,8333300","2,5167000",94
202000020712,20,5,10,05:06,2,2,1,1,7,02805,M,"49,3783000","3,3614300",02
202000020713,20,7,9,11:45,1,2,1,1,3,98818,C," -22,2991400","166,4441400",988
202000020714,20,7,9,11:00,1,2,1,1,6,97411,R," -20,9156000","55,4943000",974
202000020715,20,7,10,22:05,5,2,1,2,7,69387,M,"45,7493300","4,8384800",69
202000020716,20,7,10,08:25,1,2,1,1,3,69387,M,"45,7522532","4,8478525",69
202000020717,20,7,9,16:30,1,2,1,1,3,69387,M,"45,7352072","4,8236599",69
202000020718,20,7,10,19:15,5,2,1,1,2,97209,A,"14,6268200"," -61,0565400",972
202000020719,20,7,10,14:40,1,2,1,1,3,69385,M,"45,7599356","4,7975329",69
202000020720,20,7,10,08:30,1,2,1,1,3,69385,M,"45,7648300","4,7884500",69
202000020721,20,7,10,16:47,1,2,1,1,6,95585,M,"48,9733000","2,3820000",95
202000020722,20,7,9,19:39,1,2,1,1,1,91432,M,"48,6966110","2,3229220",91
202000020723,20,7,10,20:15,1,2,2,1,3,91687,M,"48,6544500","2,3641300",91
202000020724,20,7,10,13:50,1,2,1,1,3,87085,M,"45,8384300","1,2625900",87
202000020725,20,7,3,13:45,1,2,1,1,7,84007,M,"43,9510600","4,8120000",84
202000020726,20,7,10,10:15,1,1,2,1,3,83069,M,"43,1110000","6,1210000",83
202000020727,20,7,9,00:20,5,2,1,1,7,83034,M,"43,1032300","6,0558500",83
202000020728,20,7,9,12:05,1,2,1,1,6,80021,M,"49,9232200","2,3051200",80
202000020729,20,7,10,16:25,1,2,3,1,2,78350,M,"48,8557000","2,1073000",78
202000020730,20,7,10,03:20,3,1,2,9,2,78551,M,"48,9220130","2,0843270",78
202000020731,20,7,2,19:45,1,2,3,1,2,78643,M,"48,9773580","1,9839750",78
202000020732,20,7,10,02:40,3,1,1,1,3,77186,M,"48,4577080","2,6698870",77
202000020733,20,7,9,10:30,1,1,1,1,2,77449,M,"48,8336094","2,7955237",77
202000020734,20,7,10,14:00,1,2,2,1,1,76561,M,"49,2973400","1,0111800",76
202000020735,20,7,2,15:50,1,1,1,1,4,73065,M,"45,5913200","5,8982700",73
202000020736,20,7,10,23:50,5,2,1,8,6,69264,M,"45,9851000","4,7164900",69
202000020737,20,7,10,10:30,1,2,1,1,6,68224,M,"47,7471450","7,3374270",68
202000020738,20,7,10,11:30,1,2,3,1,3,67482,M,"48,5511283","7,7579402",67
202000020739,20,7,9,17:30,1,2,1,1,3,67482,M,"48,5800500","7,7189200",67
202000020740,20,7,9,10:00,1,2,2,7,3,67482,M,"48,5715050","7,7703550",67
202000020741,20,7,7,15:40,1,2,1,1,4,67482,M,"48,5772802","7,7798312",67
202000020742,20,7,9,12:00,1,2,1,1,2,66136,M,"42,6983800","2,9288400",66
202000020743,20,7,10,14:20,1,2,2,1,3,64189,M,"43,3826000"," -1,6664400",64
202000020744,20,7,10,12:25,1,2,1,1,2,64445,M,"43,3277800"," -0,3461800",64
202000020745,20,7,5,19:30,1,2,1,1,1,62498,M,"50,4505090","2,8371500",62
202000020746,20,7,10,10:45,1,2,2,2,6,59183,M,"51,0412000","2,3891000",59
202000020747,20,7,8,06:35,1,1,1,1,1,59574,M,"50,3752100","3,2718400",59
202000020748,20,7,9,15:00,1,2,1,1,1,57647,M,"49,3212700","6,0830000",57
202000020749,20,7,10,13:35,2,2,1,1,6,57463,M,"49,0909922","6,1804578",57
202000020750,20,7,9,19:55,1,2,6,8,-1,56098,M,"47,7593500"," -3,3263800",56
202000020751,20,7,6,18:32,1,2,1,1,3,54167,M,"48,6720850","5,9129270",54
202000020752,20,7,8,14:03,1,2,2,1,3,54395,M,"48,6834172","6,1734742",54
202000020753,20,7,9,10:35,1,2,1,1,2,54498,M,"48,7121400","6,2524900",54
202000020754,20,7,9,07:15,1,2,1,1,2,54547,M,"48,6643100","6,1699500",54
202000020755,20,7,10,02:10,3,1,1,1,7,51108,M,"48,9777872","4,3694664",51
202000020756,20,7,8,20:05,2,1,1,2,6,50129,M,"49,6264400"," -1,6531200",50
202000020757,20,7,9,14:55,1,2,1,1,3,49007,M,"47,4498100"," -0,5758300",49
202000020758,20,7,10,18:00,1,2,3,1,1,45302,M,"47,9543160","1,8963880",45
202000020759,20,7,10,14:00,1,2,1,1,3,45068,M,"48,0067700","2,7196500",45
202000020760,20,7,9,15:35,1,2,1,1,5,44184,M,"47,2850000"," -2,2440000",44
202000020761,20,7,9,13:15,1,2,6,1,3,44114,M,"47,2542790"," -1,6294850",44
202000020762,20,7,9,13:45,1,2,1,1,3,42123,M,"45,5048300","4,5755800",42
202000020763,20,7,10,17:15,1,2,1,1,2,37261,M,"47,3594377","0,6979594",37