Num_Acc,an,mois,jour,hrmn,lum,agg,int,atm,col,com,gps,lat,long,dep
202000020764,20,7,9,22:10,3,1,1,1,7,35288,M,"48,6541400"," -1,9523400",35
202000020765,20,7,9,20:40,1,2,6,1,7,35051,M,"48,1356900"," -1,6259900",35
202000020766,20,7,9,15:30,1,2,2,1,3,35238,M,"48,0913500"," -1,6675000",35
202000020767,20,7,10,22:10,5,2,2,1,3,34172,M,"43,6269400","3,8896730",34
202000020768,20,7,10,18:40,1,2,2,1,6,34172,M,"43,5995480","3,8430640",34
202000020769,20,7,2,07:35,1,2,1,1,-1,34172,M,"43,5994760","3,8924593",34
202000020770,20,6,23,13:50,1,2,1,1,6,34172,M,"43,6306700","3,8210200",34
202000020771,20,7,10,17:00,1,2,1,1,2,33529,M,"44,6168900"," -1,1149500",33
202000020772,20,7,10,02:10,5,2,1,1,7,31555,M,"43,6085900","1,4251100",31
202000020773,20,7,9,22:18,5,2,2,1,3,30189,M,"43,8231200","4,3643200",30
202000020774,20,7,7,17:15,1,2,1,7,1,28404,M,"48,7357200","1,3293300",28
202000020775,20,7,10,20:10,2,1,1,1,6,27554,M,"49,0941200","1,3951300",27
202000020776,20,7,10,16:20,1,2,1,1,3,27229,M,"49,0349297","1,1757902",27
202000020777,20,7,9,09:55,1,2,1,1,2,27229,M,"49,0158860","1,1697900",27
202000020778,20,7,9,07:50,1,2,2,7,6,21054,M,"47,0216730","4,8407480",21
202000020779,20,7,10,23:40,5,2,1,1,6,18033,M,"47,0806491","2,3985089",18
202000020780,20,7,9,21:35,1,2,2,1,3,17306,M,"45,6447010"," -1,0246850",17
202000020781,20,7,10,20:42,1,2,2,1,3,17300,M,"46,1531330"," -1,1237010",17
202000020782,20,7,10,08:28,1,2,1,1,3,15014,M,"44,9319500","2,4418900",15
202000020783,20,7,10,19:00,1,1,1,1,3,14437,M,"49,1616100"," -0,2980700",14
202000020784,20,7,10,09:45,1,2,1,1,3,14271,M,"49,1485937"," -0,3743268",14
202000020785,20,7,10,07:50,1,2,2,1,-1,14118,M,"49,1703350"," -0,3534650",14
202000020786,20,7,10,01:15,3,2,1,1,6,13209,M,"43,2397500","5,4517400",13
202000020787,20,7,9,22:25,5,2,2,1,3,13215,M,"43,3480000","5,3625000",13
202000020788,20,7,9,19:45,2,2,1,1,2,13211,M,"43,2931000","5,4553000",13
202000020789,20,2,18,15:30,1,2,1,1,1,62041,M,"50,2842250","2,7857560",62
202000020790,20,2,21,23:05,5,2,2,1,1,59350,M,"50,6420060","3,0564890",59
202000020791,20,2,21,23:00,5,2,1,1,1,59178,M,"50,3997337","3,1178336",59
202000020792,20,2,18,09:05,1,2,3,1,3,58194,M,"46,9936000","3,1594000",58
202000020793,20,2,21,15:35,1,2,2,1,7,57463,M,"49,1080000","6,1694200",57
202000020794,20,2,20,15:20,1,2,6,1,3,56121,M,"47,7429900"," -3,3659200",56
202000020795,20,2,21,16:49,1,2,1,1,2,54395,M,"48,6889720","6,1767410",54
202000020796,20,2,21,10:25,1,2,1,1,7,51454,M,"49,2583903","4,0307818",51
202000020797,20,2,21,17:07,1,2,1,1,3,50218,M,"48,8379100"," -1,5702900",50
202000020798,20,2,19,07:20,2,2,3,1,6,49328,M,"47,2595300"," -0,0788400",49
202000020799,20,2,20,21:20,5,2,1,1,2,49007,M,"47,4681500"," -0,5571800",49
202000020800,20,2,20,18:56,5,2,1,8,3,49007,M,"47,4868600"," -0,5729100",49
202000020801,20,2,20,11:41,1,2,1,1,3,49007,M,"47,4793100"," -0,5556400",49
202000020802,20,2,21,16:45,1,1,1,1,3,45068,M,"48,0334197","2,7454774",45
202000020803,20,2,21,18:15,2,2,1,2,-1,44143,M,"47,1584345"," -1,5565825",44
202000020804,20,2,21,14:20,1,2,3,1,-1,37261,M,"47,3759167","0,6945862",37
202000020805,20,2,20,11:55,1,2,1,1,6,34301,M,"43,4104000","3,7021100",34
202000020806,20,2,21,08:30,1,2,2,1,3,34172,M,"43,6143633","3,9146364",34
202000020807,20,2,20,11:15,1,2,1,1,2,34172,M,"43,6080500","3,9309000",34
202000020808,20,2,22,00:55,5,2,1,1,6,33063,M,"44,8410395"," -0,6002796",33
202000020809,20,2,21,23:00,5,1,1,1,2,33063,M,"44,8977600"," -0,5746100",33
202000020810,20,2,21,08:50,1,2,3,1,3,33318,M,"44,8201800"," -0,6107500",33
202000020811,20,2,15,04:15,4,2,1,1,6,33162,M,"44,8864000"," -0,6398600",33
202000020812,20,2,21,11:00,1,2,1,1,3,33009,M,"44,6560900"," -1,1471500",33
202000020813,20,2,20,08:55,1,2,6,1,3,33009,M,"44,6626500"," -1,1643000",33
202000020814,20,2,21,07:25,2,2,1,1,2,31149,M,"43,6317193","1,3463325",31
202000020815,20,2,20,22:35,5,2,1,1,3,31555,M,"43,5721320","1,4962600",31
202000020816,20,2,20,14:35,1,2,9,1,3,31557,M,"43,5604800","1,3571200",31
202000020817,20,2,21,00:55,5,2,1,1,6,31149,M,"43,6175900","1,3156700",31
202000020818,20,2,21,13:40,1,2,1,1,3,29051,M,"47,9976500"," -4,0586100",29
202000020819,20,2,21,20:00,5,2,9,1,6,28134,M,"48,7404700","1,3869000",28
202000020820,20,2,21,08:20,1,2,1,1,3,27229,M,"49,0283300","1,1490800",27
202000020821,20,2,21,13:55,1,2,1,1,3,26198,M,"44,5637100","4,7542200",26
202000020822,20,2,16,06:37,5,2,1,1,6,22187,M,"48,5235700"," -2,7643400",22
202000020823,20,2,20,07:45,1,2,1,5,3,19031,M,"45,1680222","1,5348619",19
202000020824,20,2,21,08:30,1,2,1,1,1,17300,M,"46,1699000"," -1,1294000",17
202000020825,20,2,21,07:50,1,2,2,1,3,17300,M,"46,1598900"," -1,1514100",17
202000020826,20,2,21,20:25,5,2,8,1,3,13103,M,"43,6506500","5,0832400",13
202000020827,20,2,21,21:00,5,2,1,1,3,13214,M,"43,3301890","5,3698360",13
202000020828,20,2,21,16:15,1,2,9,1,3,13208,M,"43,2617900","5,3747800",13
202000020829,20,2,21,06:15,5,2,1,1,3,13211,M,"43,2901050","5,4380440",13
202000020830,20,2,20,14:09,1,2,6,1,3,13202,M,"43,2960000","5,3627000",13
202000020831,20,2,21,22:30,5,2,2,1,3,13028,M,"43,1830410","5,6126400",13
202000020832,20,2,20,16:05,1,2,1,1,2,12176,M,"44,3687540","2,5893220",12
202000020833,20,2,20,16:30,1,2,1,1,6,10387,M,"48,3017400","4,0638400",10
202000020834,20,2,21,12:20,1,2,1,1,6,06088,M,"43,7173800","7,2529700",06
202000020835,20,2,21,08:30,1,2,1,1,3,06029,M,"43,5592827","7,0107574",06
202000020836,20,2,21,12:05,1,2,3,1,6,75106,M,"48,8526600","2,3336970",75
202000020837,20,2,21,17:45,1,2,7,1,6,75120,M,"48,8650700","2,3983320",75
202000020838,20,2,21,07:35,1,2,1,1,-1,75119,M,"48,8880790","2,3673570",75
202000020839,20,2,21,01:19,5,2,1,1,3,75118,M,"48,8968450","2,3453090",75
202000020840,20,2,20,22:35,5,2,1,8,3,75116,M,"48,8535590","2,2822240",75
202000020841,20,2,20,13:35,1,2,1,1,6,75116,M,"48,8469830","2,2722920",75
202000020842,20,2,20,10:10,1,2,7,1,3,75116,M,"48,8740890","2,2941950",75
202000020843,20,2,21,15:00,1,2,2,1,6,75115,M,"48,8493230","2,2838600",75
202000020844,20,2,21,08:40,1,2,2,1,3,75115,M,"48,8286500","2,3014250",75
202000020845,20,2,21,19:45,5,2,3,1,6,75114,M,"48,8435380","2,3246430",75
202000020846,20,2,21,13:12,1,2,4,1,6,75113,M,"48,8311020","2,3442430",75
202000020847,20,2,21,02:30,5,2,1,1,6,75113,M,"48,8189480","2,3586950",75
202000020848,20,2,21,18:05,2,2,1,1,3,75108,M,"48,8754230","2,3254140",75
202000020849,20,2,21,17:20,1,2,7,1,3,75108,M,"48,8667590","2,3220700",75
202000020850,20,2,21,20:30,5,2,5,1,6,75103,M,"48,8648230","2,3532740",75
202000020851,20,2,21,18:50,5,2,4,1,6,75103,M,"48,8643620","2,3578840",75
202000020852,20,2,20,09:38,1,2,1,1,6,94067,M,"48,8460000","2,4176000",94
202000020853,20,2,21,12:10,1,2,1,1,6,94078,M,"48,7289820","2,4472600",94
202000020854,20,2,21,15:35,1,2,1,1,3,94041,M,"48,8111000","2,3879000",94
202000020855,20,2,21,08:50,1,2,1,1,6,94065,M,"48,7517500","2,3541700",94
202000020856,20,2,21,17:35,1,1,1,1,3,94070,M,"48,7260130","2,5553124",94
202000020857,20,2,21,16:00,1,2,2,1,3,94075,M,"48,7274800","2,5310700",94
202000020858,20,2,21,19:50,5,2,1,1,1,93059,M,"48,9708500","2,3640500",93
202000020859,20,2,21,10:00,1,2,1,1,6,93071,M,"48,9411522","2,5320899",93
202000020860,20,2,21,10:05,1,2,4,1,3,93064,M,"48,8805270","2,4804120",93
202000020861,20,2,20,23:20,5,2,1,1,6,93053,M,"48,8923309","2,4425798",93
202000020862,20,2,21,13:45,1,2,1,1,3,93051,M,"48,8504000","2,5534000",93
202000020863,20,2,21,19:30,5,2,2,1,3,93046,M,"48,9245988","2,5224811",93
202000020864,20,2,21,09:55,1,2,1,1,2,93046,M,"48,9140890","2,5362900",93
202000020865,20,2,21,15:20,1,2,1,1,2,93006,M,"48,8648000","2,4182000",93
202000020866,20,2,21,20:20,5,2,1,1,3,93031,M,"48,9498931","2,3295189",93
202000020867,20,2,21,16:00,1,2,1,1,4,93007,M,"48,9373500","2,4632400",93
202000020868,20,2,21,17:00,1,2,1,1,1,93005,M,"48,9456220","2,5089080",93
202000020869,20,2,21,22:00,5,2,1,1,2,92072,M,"48,8244600","2,2288690",92
202000020870,20,2,21,09:20,1,2,1,1,3,92064,M,"48,8534140","2,2226810",92
202000020871,20,2,20,07:41,2,2,1,1,3,92026,M,"48,8983107","2,2552194",92
202000020872,20,2,21,12:50,1,2,1,1,6,92025,M,"48,9187150","2,2526700",92
202000020873,20,2,21,20:16,5,2,9,2,2,92023,M,"48,8066629","2,2676225",92
202000020874,20,2,11,18:00,2,2,1,8,1,47048,M,"44,5288830","0,6259260",47
202000020875,20,2,22,11:30,1,1,2,1,3,41157,M,"47,4547830","1,5757010",41
202000020876,20,2,22,10:17,1,1,1,1,7,77505,M,"48,9132180","2,9726860",77
202000020877,20,2,21,21:15,3,2,1,1,1,97207,A,"14,5733610"," -60,9637890",972
202000020878,20,2,22,08:55,1,1,1,1,5,97232,A,"14,5425660"," -60,8596870",972
202000020879,20,2,22,14:50,1,1,3,1,3,12079,M,"44,5354800","2,7328220",12
202000020880,20,2,21,19:35,3,1,1,1,1,22305,M,"48,2755009"," -2,1846452",22
202000020881,20,2,21,19:25,3,1,1,1,7,22240,M,"48,2365220"," -2,2645780",22
202000020882,20,2,19,09:15,1,2,1,7,7,66186,M,"42,6691350","2,9913890",66
202000020883,20,2,22,07:00,2,1,1,1,2,83057,M,"43,3837410","6,1753460",83
202000020884,20,2,21,19:35,3,1,1,1,7,51176,M,"48,7109164","3,9518261",51
202000020885,20,2,21,18:58,3,1,1,1,1,51418,M,"49,2369227","3,9816684",51
202000020886,20,2,22,04:00,5,2,1,1,6,59474,M,"50,0791350","3,7651080",59
202000020887,20,2,22,00:00,3,1,1,1,6,19249,M,"45,4354760","1,9547720",19
202000020888,20,2,19,11:05,1,2,6,1,3,56034,M,"47,5795080"," -3,0815150",56
202000020889,20,2,22,14:25,1,1,9,1,3,49069,M,"47,3120460"," -1,1619540",49
202000020890,20,2,22,00:00,3,1,1,1,1,49284,M,"47,4259240"," -0,8223280",49
202000020891,20,2,22,01:30,3,1,1,1,1,39333,M,"46,4150350","5,7183140",39
202000020892,20,2,21,19:30,3,1,3,1,1,35133,M,"48,1001270"," -2,0635360",35
202000020893,20,2,21,15:40,1,1,1,1,1,31495,M,"43,4024440","1,5424780",31
202000020894,20,2,22,15:20,1,1,2,1,1,38130,M,"45,3926800","5,2388400",38
202000020895,20,2,22,02:35,3,1,1,1,7,02524,M,"49,0849690","3,4750700",02
202000020896,20,2,21,15:45,1,1,1,1,7,03217,M,"46,3401960","2,6506633",03
202000020897,20,2,17,19:30,1,1,1,1,1,66024,M,"42,5247910","2,8385000",66
202000020898,20,2,22,04:00,3,1,1,1,6,09189,M,"42,6212600","1,8224390",09
202000020899,20,2,22,11:40,1,2,1,1,6,45248,M,"48,0480250","1,6982030",45
202000020900,20,2,22,15:45,1,1,1,1,1,21065,M,"47,0773580","4,7354390",21
202000020901,20,2,18,21:30,3,2,1,1,6,85288,M,"46,4471000"," -1,6817600",85
202000020902,20,2,21,16:15,1,1,1,1,1,87060,M,"45,6157180","0,8912660",87
202000020903,20,2,22,09:45,1,2,9,1,6,87011,M,"46,1223700","1,0453860",87
202000020904,20,2,21,18:25,3,1,1,1,3,52332,M,"47,9918240","5,4855680",52
202000020905,20,2,21,10:55,1,1,1,1,7,44163,M,"47,4205527"," -1,0664320",44
202000020906,20,2,21,19:10,3,1,1,1,7,44104,M,"47,4173730"," -0,9988120",44
202000020907,20,2,8,10:30,1,1,1,1,2,90062,M,"47,6752420","6,9798680",90
202000020908,20,2,21,15:35,1,1,1,1,2,34172,M,"43,6053810","3,9317320",34
202000020909,20,2,21,23:30,3,1,6,1,7,95580,M,"49,0909560","2,5367690",95
202000020910,20,2,22,01:40,5,1,2,2,3,97128,A,"16,2780910"," -61,3759130",971
202000020911,20,2,22,05:45,3,1,2,1,7,77050,M,"48,1508270","2,8167060",77
202000020912,20,2,22,13:45,1,1,1,6,7,77253,M,"48,6144170","2,6948370",77
202000020913,20,2,21,16:30,1,2,1,1,6,34161,M,"43,3326430","3,1224290",34
202000020914,20,2,16,19:00,5,2,6,1,6,83112,M,"43,1830010","5,6855540",83
202000020915,20,2,22,12:30,1,1,1,1,7,83063,M,"43,3161150","6,4706800",83
202000020916,20,2,21,18:40,2,2,1,1,2,04245,M,"43,8777850","5,8448550",04
202000020917,20,2,22,13:05,1,2,6,1,6,04039,M,"43,8513690","6,5078710",04
202000020918,20,2,22,19:20,3,1,1,1,6,39543,M,"46,7822680","5,9136070",39
202000020919,20,2,21,21:15,3,2,1,1,6,71371,M,"46,3453710","4,7212769",71
202000020920,20,2,22,01:00,3,1,2,1,3,49194,M,"47,4655410"," -0,2946810",49
202000020921,20,2,22,13:10,1,1,6,6,7,14530,M,"49,2159640"," -0,2770940",14
202000020922,20,2,22,11:50,1,1,1,1,-1,60612,M,"49,2233730","2,5743882",60
202000020923,20,2,21,19:30,3,1,1,1,1,59558,M,"50,2427520","3,4095920",59
202000020924,20,2,19,12:00,1,1,1,1,4,13005,M,"43,2867810","5,5384400",13
202000020925,20,2,20,09:40,1,1,1,1,5,13215,M,"43,3643200","5,3606000",13
202000020926,20,2,19,19:10,3,1,1,1,2,83144,M,"43,1334900","5,9847600",83
202000020927,20,2,20,18:35,2,1,1,1,4,57764,M,"49,4564951","6,1211251",57
202000020928,20,2,21,20:00,5,1,1,1,2,33397,M,"44,8942000"," -0,4984400",33
202000020929,20,2,21,17:00,1,1,1,1,4,33162,M,"44,8767600"," -0,6325100",33
202000020930,20,2,21,12:25,1,1,1,1,3,33143,M,"44,9564800"," -0,4511700",33
202000020931,20,2,20,07:25,2,1,1,1,3,33249,M,"44,8780500"," -0,5090900",33
202000020932,20,2,16,18:00,1,1,1,2,2,62193,M,"50,9355072","1,8641774",62
202000020933,20,2,21,15:37,1,1,1,1,2,91521,M,"48,6330700","2,4054800",91
202000020934,20,2,21,14:10,1,1,1,1,4,91589,M,"48,6739300","2,3426700",91
202000020935,20,2,21,15:55,1,1,1,1,2,78423,M,"48,7963330","2,0293380",78
202000020936,20,2,21,15:36,1,1,1,1,2,78242,M,"48,8066500","2,0517540",78
202000020937,20,2,21,11:00,1,1,1,1,4,78133,M,"48,8944310","2,0076110",78
202000020938,20,2,21,17:55,1,1,1,1,5,93066,M,"48,9244400","2,3569200",93
202000020939,20,2,20,18:55,2,1,1,2,5,93063,M,"48,8752400","2,4403700",93
202000020940,20,2,19,10:00,1,1,1,1,4,92036,M,"48,9435500","2,2873700",92
202000020941,20,2,19,19:32,5,2,2,1,5,98735,P," -17,5348400"," -149,5635300",987
202000020942,20,2,20,09:05,1,2,1,1,7,97416,R," -21,2909022","55,4663725",974
202000020943,20,2,16,18:05,1,2,6,1,5,97416,R," -21,3337300","55,4605200",974
202000020944,20,2,19,11:45,1,2,1,1,2,97407,R," -20,9573500","55,3152300",974
202000020945,20,2,20,14:29,1,2,1,1,3,97302,G,"4,9283606"," -52,3084831",973
202000020946,20,2,20,19:50,5,2,1,1,6,69386,M,"45,7861300","4,8575900",69
202000020947,20,2,20,11:50,1,2,2,1,3,69383,M,"45,7545300","4,8665500",69
202000020948,20,2,20,11:30,1,2,1,1,2,69387,M,"45,7452000","4,8420000",69
202000020949,20,2,20,09:15,1,2,1,1,3,69386,M,"45,7648800","4,8300000",69
202000020950,20,2,20,14:50,1,2,1,1,6,69202,M,"45,7288000","4,8058800",69
202000020951,20,1,30,20:15,5,2,1,1,6,69382,M,"45,7483300","4,8319300",69
202000020952,20,2,18,07:25,5,2,3,1,6,69385,M,"45,7590000","4,7926000",69
202000020953,20,2,20,09:35,1,2,3,1,3,2A004,M,"41,9347008","8,7434736",2A
202000020954,20,2,19,09:15,1,2,1,1,6,91645,M,"48,7461000","2,2693100",91
202000020955,20,2,20,17:55,2,2,3,2,3,91687,M,"48,6751000","2,3645000",91
202000020956,20,2,20,09:15,1,2,9,1,6,91174,M,"48,6112800","2,4619200",91
202000020957,20,2,14,17:30,1,2,2,1,6,91027,M,"48,7001400","2,3676400",91
202000020958,20,2,20,21:50,5,2,1,2,6,88519,M,"48,3447300","6,8942500",88
202000020959,20,2,20,06:55,5,2,3,8,3,88160,M,"48,1890900","6,4626100",88
202000020960,20,2,13,06:37,3,2,1,1,2,86194,M,"46,5670770","0,3744050",86
202000020961,20,2,19,11:35,1,2,6,2,3,85194,M,"46,4995900"," -1,7564300",85
202000020962,20,2,19,16:45,1,2,1,1,6,83129,M,"43,1077500","5,8163500",83
202000020963,20,1,22,12:05,1,2,6,1,6,78545,M,"48,8065900","2,0605900",78
202000020964,20,2,19,19:05,2,2,3,1,2,77445,M,"48,5933953","2,5837917",77
202000020965,20,2,18,18:15,2,2,1,1,6,77186,M,"48,4078000","2,6890700",77
202000020966,20,2,19,19:40,5,2,2,1,3,76351,M,"49,4921800","0,1113600",76
202000020967,20,2,20,08:20,1,2,6,1,6,71270,M,"46,3153758","4,8239149",71
202000020968,20,2,19,11:50,1,2,1,1,2,71153,M,"46,8057248","4,4335741",71
202000020969,20,2,20,11:25,1,2,1,1,6,71076,M,"46,8126894","4,8556609",71
202000020970,20,2,20,15:50,1,2,2,1,3,69256,M,"45,7857000","4,9275000",69
202000020971,20,2,20,14:00,1,2,1,1,6,69266,M,"45,7657100","4,8996800",69
202000020972,20,2,18,11:10,1,2,3,1,3,69264,M,"45,9936283","4,7255064",69
202000020973,20,2,19,07:45,2,1,3,6,3,67482,M,"48,5523381","7,7955682",67
202000020974,20,2,19,14:05,1,2,1,7,6,64445,M,"43,2964900"," -0,3616600",64
202000020975,20,2,20,08:10,1,2,1,1,3,64102,M,"43,4860000"," -1,4762400",64
202000020976,20,2,19,17:50,1,2,9,1,1,64024,M,"43,5212452"," -1,5217921",64
202000020977,20,2,20,09:40,1,2,1,1,3,51454,M,"49,2407953","4,0443883",51
202000020978,20,2,19,22:25,5,2,2,2,3,51454,M,"49,2897150","4,0068590",51
202000020979,20,2,20,15:44,1,2,1,2,6,50218,M,"48,8414520"," -1,5715500",50
202000020980,20,9,8,18:40,2,2,1,1,3,60360,M,"49,3255910","2,4538830",60
202000020981,20,9,11,13:34,1,1,1,1,3,80033,M,"49,9013660","2,8480340",80
202000020982,20,9,9,18:07,1,1,1,1,2,13215,M,"43,3460060","5,3734975",13
202000020983,20,9,2,14:45,1,1,1,1,5,57582,M,"49,2797000","6,1727800",57
202000020984,20,9,10,16:20,1,1,1,1,5,33063,M,"44,8839200"," -0,5580500",33
202000020985,20,9,4,08:40,1,1,1,1,2,94021,M,"48,7686600","2,3447400",94
202000020986,20,9,10,07:45,1,1,1,1,4,91086,M,"48,6238000","2,3763000",91
202000020987,20,9,10,18:30,1,1,1,1,2,92012,M,"48,8482424","2,2390392",92
202000020988,20,9,9,07:40,1,1,1,1,7,78297,M,"48,7888920","2,0607800",78
202000020989,20,9,10,18:40,1,1,1,1,2,93064,M,"48,8816855","2,4736059",93
202000020990,20,9,10,17:20,1,1,1,1,2,95277,M,"48,9753140","2,4834980",95
202000020991,20,9,10,15:10,1,1,1,1,6,93001,M,"48,9216500","2,3770800",93
202000020992,20,9,10,13:15,1,1,1,1,3,93005,M,"48,9592900","2,4734800",93
202000020993,20,9,9,17:10,1,1,1,1,2,95572,M,"49,0323300","2,1120700",95
202000020994,20,9,9,17:15,1,1,1,1,3,93066,M,"48,9316200","2,3706100",93
202000020995,20,9,9,12:00,1,1,1,1,6,95277,M,"48,9709800","2,4830100",95
202000020996,20,9,10,18:30,1,1,1,1,2,77294,M,"48,9735400","2,5894100",77
202000020997,20,9,10,09:45,1,1,1,1,2,93051,M,"48,8354403","2,5706513",93
202000020998,20,9,10,09:20,1,1,1,1,3,94017,M,"48,8267112","2,5225883",94
202000020999,20,9,9,07:45,1,1,1,1,4,94069,M,"48,8173200","2,4380700",94
202000021000,20,9,9,08:15,1,2,6,1,7,98818,C," -22,2606300","166,4695800",988
202000021001,20,9,7,18:14,5,2,3,8,3,97411,R," -20,8918700","55,4674500",974
202000021002,20,9,9,17:30,1,2,1,1,3,69387,M,"45,7298000","4,8313000",69
202000021003,20,9,9,14:45,1,2,1,1,3,69383,M,"45,7480539","4,8714576",69
202000021004,20,9,7,15:10,1,2,2,1,3,69383,M,"45,7574600","4,8512100",69
202000021005,20,9,9,22:35,5,2,2,1,1,69384,M,"45,7737100","4,8235000",69
202000021006,20,9,9,17:55,1,2,7,1,3,69384,M,"45,7743935","4,8323044",69
202000021007,20,9,9,13:50,1,2,2,1,3,69389,M,"45,7786200","4,7982200",69
202000021008,20,9,7,12:15,1,2,9,1,6,69286,M,"45,8110792","4,8954204",69
202000021009,20,9,9,17:14,1,2,1,1,3,95219,M,"48,9840571","2,2722070",95
202000021010,20,9,9,07:30,1,2,1,1,4,91589,M,"48,6770500","2,3379200",91
202000021011,20,9,6,16:00,1,1,1,1,7,91433,M,"48,4504000","2,1739000",91
202000021012,20,9,8,22:07,5,2,6,1,7,91021,M,"48,5829700","2,2433300",91
202000021013,20,9,2,18:30,1,2,1,1,6,91347,M,"48,6428300","2,2923900",91
202000021014,20,9,9,11:02,1,2,1,1,6,87085,M,"45,8783500","1,3004900",87
202000021015,20,9,7,22:32,5,2,1,1,-1,87085,M,"45,8360900","1,2559400",87
202000021016,20,9,9,23:15,5,2,1,1,3,83137,M,"43,1273300","5,9176900",83
202000021017,20,9,8,13:20,1,2,1,1,-1,83137,M,"43,1237940","5,8958450",83
202000021018,20,9,7,13:00,1,1,2,1,3,77384,M,"48,5981600","2,5913200",77
202000021019,20,9,8,08:20,1,1,1,1,1,77180,M,"48,7296000","2,6363000",77
202000021020,20,9,8,15:30,1,2,1,1,6,76484,M,"49,3553000","1,0952700",76
202000021021,20,9,9,06:28,1,2,1,1,2,74118,M,"46,1831300","6,2306600",74
202000021022,20,9,9,19:15,1,2,3,1,3,69266,M,"45,7516100","4,9047100",69
202000021023,20,9,8,18:39,1,2,1,1,5,69259,M,"45,7013600","4,8835500",69
202000021024,20,9,8,20:33,2,2,2,1,3,68297,M,"47,5839100","7,5710300",68
202000021025,20,9,8,13:22,1,2,1,1,-1,66136,M,"42,6867000","2,8876900",66
202000021026,20,9,9,16:25,1,2,1,1,2,65440,M,"43,2333000","0,0865000",65
202000021027,20,9,9,07:45,1,1,1,1,2,64445,M,"43,3402600"," -0,3798100",64
202000021028,20,9,8,10:45,1,2,1,1,3,64445,M,"43,3009347"," -0,3694957",64
202000021029,20,9,9,16:20,1,2,3,7,3,64024,M,"43,4855800"," -1,5195100",64
202000021030,20,9,9,08:45,1,2,3,1,3,64102,M,"43,4939590"," -1,4859970",64
202000021031,20,9,4,18:00,1,2,3,1,3,62528,M,"50,4604539","2,7969026",62
202000021032,20,9,9,03:19,5,2,3,1,7,59512,M,"50,6802900","3,1645900",59
202000021033,20,9,8,12:15,1,2,1,1,1,59346,M,"50,6128265","3,1219435",59
202000021034,20,9,9,10:15,1,2,2,1,-1,59350,M,"50,6206351","3,0343961",59
202000021035,20,9,3,21:30,5,2,1,1,1,59410,M,"50,6421000","3,1107000",59
202000021036,20,9,9,10:05,1,2,1,1,6,57463,M,"49,1154700","6,1737300",57
202000021037,20,9,6,11:30,1,2,2,1,3,56260,M,"47,6612200"," -2,7571700",56
202000021038,20,9,8,20:10,1,2,4,1,7,56121,M,"47,7395100"," -3,3933600",56
202000021039,20,9,8,18:35,1,1,1,1,4,56036,M,"47,7747200"," -3,3672200",56
202000021040,20,9,9,11:10,1,2,1,1,7,51454,M,"49,2394975","4,0136851",51
202000021041,20,9,8,22:05,5,2,2,1,3,50129,M,"49,6322100"," -1,6234200",50
202000021042,20,9,8,18:10,1,2,1,1,3,49328,M,"47,2785900"," -0,0568900",49
202000021043,20,9,8,07:20,2,2,3,1,3,49328,M,"47,2672400"," -0,0700500",49
202000021044,20,9,8,14:05,1,2,1,1,6,49007,M,"47,4763800"," -0,5662700",49
202000021045,20,9,9,07:35,1,2,1,1,6,45234,M,"47,9071500","1,8932400",45
202000021046,20,9,9,16:45,1,1,1,1,2,42183,M,"45,4165714","4,3723467",42
202000021047,20,9,9,15:10,1,2,1,1,2,35051,M,"48,1140000"," -1,6119900",35
202000021048,20,9,9,15:00,1,2,1,1,6,35238,M,"48,1053722"," -1,7343495",35
202000021049,20,9,9,12:30,1,2,6,1,6,35238,M,"48,0933100"," -1,6584700",35
202000021050,20,9,9,12:30,1,2,3,1,3,35238,M,"48,1170700"," -1,7080300",35
202000021051,20,9,9,08:27,1,2,3,1,3,35238,M,"48,0997900"," -1,6608400",35
202000021052,20,9,9,09:50,1,2,3,1,3,33063,M,"44,8282493"," -0,5399744",33
202000021053,20,9,9,07:30,2,2,1,1,3,31555,M,"43,5821400","1,4630500",31
202000021054,20,9,8,11:45,1,2,1,1,3,31555,M,"43,6618300","1,4324700",31
202000021055,20,9,5,14:25,1,1,1,1,2,31555,M,"43,5687700","1,4207100",31
202000021056,20,9,9,13:40,1,2,1,2,1,30189,M,"43,8436000","4,3078000",30
202000021057,20,9,9,19:10,1,1,1,1,7,29051,M,"48,0041100"," -4,0341900",29
202000021058,20,9,9,14:30,1,1,9,1,2,28220,M,"48,4162300","1,4755800",28
202000021059,20,9,8,21:22,3,2,2,1,2,27229,M,"49,0185500","1,1425000",27
202000021060,20,9,7,11:10,1,2,1,1,6,26362,M,"44,9104500","4,8840900",26
202000021061,20,9,9,15:57,1,2,6,1,6,25056,M,"47,2606240","6,0274650",25
202000021062,20,9,8,18:38,2,2,1,7,3,25056,M,"47,2487000","6,0452000",25
202000021063,20,9,9,19:40,1,2,6,1,7,17200,M,"46,1779500"," -1,1526600",17
202000021064,20,9,8,11:15,1,2,1,1,2,14366,M,"49,1540588","0,2233062",14
202000021065,20,9,10,01:25,5,2,1,1,6,13214,M,"43,3294000","5,3748600",13
202000021066,20,9,9,13:00,1,2,1,1,2,13212,M,"43,5789600","5,5549400",13
202000021067,20,9,9,07:30,1,1,1,8,7,13001,M,"43,4856500","5,3570100",13
202000021068,20,9,8,13:30,1,2,1,1,7,10333,M,"48,2650700","4,0401800",10
202000021069,20,9,8,19:00,2,2,1,1,6,06088,M,"43,7000000","7,2500000",06