Num_Acc,an,mois,jour,hrmn,lum,agg,int,atm,col,com,gps,lat,long,dep
202000021070,20,9,9,20:20,5,2,1,1,1,06083,M,"43,8069000","7,4876000",06
202000021071,20,9,8,16:39,1,2,6,1,3,05061,M,"44,5637858","6,0785582",05
202000021072,20,7,29,14:40,1,2,7,1,2,02722,M,"49,3855600","3,3326900",02
202000021073,20,7,18,14:50,1,1,1,1,4,02064,M,"49,3639900","3,3446800",02
202000021074,20,9,8,16:20,1,2,1,1,3,75112,M,"48,8330990","2,4071660",75
202000021075,20,9,8,15:50,1,2,1,1,3,75119,M,"48,9004330","2,3861580",75
202000021076,20,9,8,20:42,5,2,1,1,6,75113,M,"48,8254320","2,3883750",75
202000021077,20,9,9,15:55,1,2,1,1,3,75120,M,"48,8653550","2,3847990",75
202000021078,20,9,9,12:10,1,2,1,1,4,75112,M,"48,8420120","2,3725720",75
202000021079,20,9,9,19:35,1,2,1,1,7,75117,M,"48,8868070","2,2936570",75
202000021080,20,9,9,17:15,1,2,1,1,6,75117,M,"48,8871760","2,2870250",75
202000021081,20,9,9,13:30,1,2,3,1,6,75117,M,"48,8911250","2,3180210",75
202000021082,20,9,9,16:30,1,2,2,1,3,75116,M,"48,8749330","2,2710940",75
202000021083,20,9,9,18:45,1,2,2,1,6,75114,M,"48,8360190","2,3276350",75
202000021084,20,9,9,09:30,1,2,4,1,3,75115,M,"48,8344150","2,2899420",75
202000021085,20,9,8,18:35,1,2,3,1,3,75115,M,"48,8406080","2,3049920",75
202000021086,20,9,9,17:25,1,2,3,1,6,75114,M,"48,8239710","2,3257030",75
202000021087,20,9,9,18:16,1,2,1,1,3,75113,M,"48,8429900","2,3664130",75
202000021088,20,9,9,20:50,5,2,2,1,6,75112,M,"48,8262030","2,4627120",75
202000021089,20,9,8,18:30,1,2,1,1,3,75120,M,"48,8527130","2,4144640",75
202000021090,20,9,9,08:10,1,2,1,1,3,75112,M,"48,8470560","2,3746410",75
202000021091,20,9,8,13:45,1,2,1,1,2,75112,M,"48,8436490","2,3966950",75
202000021092,20,9,9,18:40,1,2,5,1,3,75111,M,"48,8640120","2,3811730",75
202000021093,20,9,9,17:45,1,2,2,1,3,75111,M,"48,8664750","2,3682030",75
202000021094,20,9,9,19:45,4,2,1,1,6,75108,M,"48,8685670","2,3063600",75
202000021095,20,9,9,14:30,1,2,3,1,3,75108,M,"48,8804600","2,3213260",75
202000021096,20,9,9,08:45,1,2,1,1,2,75107,M,"48,8623250","2,3067600",75
202000021097,20,9,9,22:10,5,2,1,1,3,75102,M,"48,8656840","2,3522240",75
202000021098,20,9,9,20:15,5,2,3,1,3,75101,M,"48,8629370","2,3506870",75
202000021099,20,9,9,07:55,1,2,1,1,3,94068,M,"48,8028700","2,4764480",94
202000021100,20,9,8,15:20,1,2,3,1,1,94068,M,"48,7940100","2,4991400",94
202000021101,20,9,9,12:20,1,2,2,1,6,94046,M,"48,8082400","2,4434600",94
202000021102,20,9,8,23:00,5,2,1,1,-1,94041,M,"48,8129540","2,3875250",94
202000021103,20,9,9,18:50,1,2,1,1,6,94078,M,"48,7472000","2,4540000",94
202000021104,20,9,9,15:30,1,2,1,1,6,94054,M,"48,7414000","2,4029000",94
202000021105,20,9,9,14:30,1,2,1,1,4,93078,M,"48,9563800","2,5415000",93
202000021106,20,9,9,18:00,1,2,1,1,3,93071,M,"48,9269702","2,5199346",93
202000021107,20,9,9,21:30,5,2,2,1,3,93064,M,"48,8839100","2,4882900",93
202000021108,20,9,9,08:00,1,2,1,1,6,93055,M,"48,8951000","2,4255100",93
202000021109,20,9,9,16:00,1,2,1,1,3,93051,M,"48,8450500","2,5388300",93
202000021110,20,9,8,16:30,1,2,6,1,2,93051,M,"48,8379000","2,5817000",93
202000021111,20,9,9,09:45,1,2,1,1,6,93050,M,"48,8544300","2,5211900",93
202000021112,20,9,9,16:00,1,2,1,1,2,93048,M,"48,8590974","2,4379793",93
202000021113,20,9,8,20:30,2,2,1,1,6,93031,M,"48,9552900","2,2952000",93
202000021114,20,9,9,22:39,5,2,1,1,6,93027,M,"48,9279049","2,3910463",93
202000021115,20,9,9,17:35,1,2,1,1,3,93010,M,"48,9035892","2,4774775",93
202000021116,20,9,9,11:05,1,2,1,1,2,93010,M,"48,9047865","2,4748812",93
202000021117,20,9,8,08:00,1,2,1,1,6,93057,M,"48,9078435","2,4934573",93
202000021118,20,9,9,20:45,5,2,2,1,6,93008,M,"48,9088312","2,4537741",93
202000021119,20,9,9,18:15,1,2,1,1,2,93055,M,"48,9081700","2,3970500",93
202000021120,20,9,7,22:00,5,2,1,1,6,93007,M,"48,9275186","2,4680880",93
202000021121,20,9,9,15:10,1,2,9,1,6,93005,M,"48,9248140","2,4995140",93
202000021122,20,9,9,14:05,1,2,2,1,3,93005,M,"48,9367580","2,4972400",93
202000021123,20,9,8,12:50,1,2,3,2,-1,93001,M,"48,9043184","2,3914590",93
202000021124,20,9,8,23:35,5,2,6,1,3,92075,M,"48,8204002","2,2909713",92
202000021125,20,9,9,00:45,5,2,2,1,3,92072,M,"48,8264500","2,2193900",92
202000021126,20,9,9,12:40,1,2,1,1,6,92050,M,"48,8894620","2,1874950",92
202000021127,20,9,9,20:20,5,2,1,1,7,92020,M,"48,8005500","2,2832900",92
202000021128,20,9,9,15:30,1,2,1,1,7,92040,M,"48,8330840","2,2638440",92
202000021129,20,9,9,10:30,1,2,2,1,3,92036,M,"48,9368200","2,3039120",92
202000021130,20,9,8,17:45,1,2,1,1,4,92035,M,"48,9066460","2,2380680",92
202000021131,20,9,9,21:10,5,2,1,1,7,92062,M,"48,8882500","2,2447700",92
202000021132,20,9,9,13:35,1,2,9,1,3,92026,M,"48,8929454","2,2550189",92
202000021133,20,9,9,15:00,1,2,1,1,1,92002,M,"48,7480797","2,3087095",92
202000021134,20,9,5,19:20,1,2,7,1,3,92002,M,"48,7633200","2,3091400",92
202000021135,20,9,9,19:59,2,1,1,1,7,08329,M,"49,6059820","4,4648270",08
202000021136,20,9,9,12:15,1,1,1,1,6,86203,M,"46,2950500","0,6659070",86
202000021137,20,9,9,17:30,1,1,1,1,6,01033,M,"46,1062930","5,8094650",01
202000021138,20,9,9,18:45,1,2,1,1,3,16316,M,"45,5770230"," -0,2994890",16
202000021139,20,9,9,14:50,1,1,1,1,5,74295,M,"46,3069870","6,6134910",74
202000021140,20,9,9,14:00,1,2,6,1,3,64410,M,"43,3831870"," -0,6111570",64
202000021141,20,9,10,10:50,1,1,2,1,3,62769,M,"50,9083200","1,8584600",62
202000021142,20,9,10,12:00,1,2,1,1,6,42032,M,"45,5136319","4,5601364",42
202000021143,20,9,9,15:30,1,2,1,1,6,69260,M,"45,6504850","4,8024350",69
202000021144,20,9,10,05:43,3,1,1,1,1,57465,M,"49,3239750","6,2595460",57
202000021145,20,9,9,07:29,2,1,3,7,1,57414,M,"48,6589810","7,0195340",57
202000021146,20,9,10,18:50,1,1,1,1,1,19117,M,"45,0955239","1,4721304",19
202000021147,20,9,9,22:15,3,2,1,1,6,74062,M,"45,9784450","6,1642850",74
202000021148,20,9,10,10:25,1,1,2,1,3,76387,M,"49,7052220","0,8885190",76
202000021149,20,8,31,17:10,1,1,1,1,6,76728,M,"49,4875310","0,9837380",76
202000021150,20,9,9,08:40,1,1,2,1,3,80062,M,"49,8371490","1,7654030",80
202000021151,20,9,10,17:00,1,1,2,1,3,65171,M,"42,8210760","0,4172550",65
202000021152,20,9,10,10:35,1,1,1,1,6,32410,M,"43,5084100","0,9488050",32
202000021153,20,9,10,11:20,1,2,1,1,6,11170,M,"43,1048150","3,0951080",11
202000021154,20,9,9,15:50,1,2,3,1,3,49339,M,"47,5777960"," -0,5467740",49
202000021155,20,9,9,17:30,1,2,3,2,1,34013,M,"43,5632160","3,4490740",34
202000021156,20,9,9,20:30,3,1,1,1,5,39099,M,"47,0186090","5,3801680",39
202000021157,20,9,8,16:00,1,2,3,1,3,25367,M,"47,4512790","6,8071030",25
202000021158,20,9,10,10:40,1,1,1,1,1,25537,M,"47,1278760","6,1239980",25
202000021159,20,9,9,17:55,1,2,2,1,3,29185,M,"48,6584096"," -4,1683251",29
202000021160,20,9,9,20:00,2,1,4,1,6,29036,M,"48,2918239"," -3,7408907",29
202000021161,20,9,9,18:45,1,1,2,1,1,29100,M,"48,5704762"," -4,3925999",29
202000021162,20,9,10,12:30,1,1,4,1,3,38249,M,"45,2231000","5,8213810",38
202000021163,20,9,9,16:05,1,2,1,1,3,02307,M,"49,1752970","3,1259540",02
202000021164,20,9,10,10:45,1,2,9,1,6,15187,M,"45,0335750","3,1029993",15
202000021165,20,9,10,09:20,1,1,2,1,1,01163,M,"46,3716950","5,1906110",01
202000021166,20,9,9,15:05,1,2,1,1,3,66222,M,"42,5476770","2,3888970",66
202000021167,20,9,10,17:30,1,2,1,1,2,06079,M,"43,5380170","6,9350410",06
202000021168,20,9,10,07:30,1,2,3,1,3,14738,M,"49,1581520"," -0,4585670",14
202000021169,20,9,10,11:30,1,1,1,1,3,05128,M,"44,5662570","6,5216200",05
202000021170,20,9,7,10:15,1,2,6,1,6,05040,M,"44,5471910","6,2776140",05
202000021171,20,9,9,21:40,3,1,1,1,6,90084,M,"47,6511730","7,0196310",90
202000021172,20,6,10,10:28,1,2,3,1,3,75119,M,"48,8851710","2,3793630",75
202000021173,20,6,10,13:10,1,2,1,1,6,75118,M,"48,8966420","2,3454390",75
202000021174,20,6,10,01:25,5,2,2,1,6,75116,M,"48,8637240","2,2401460",75
202000021175,20,6,10,07:35,1,2,7,1,6,75114,M,"48,8230390","2,3254970",75
202000021176,20,6,10,13:56,1,2,1,1,6,75107,M,"48,8628650","2,3145050",75
202000021177,20,6,10,17:45,1,2,3,1,6,75101,M,"48,8595310","2,3487850",75
202000021178,20,6,9,15:55,1,2,4,1,6,75102,M,"48,8677680","2,3335640",75
202000021179,20,6,9,15:55,1,2,3,1,1,75104,M,"48,8546360","2,3627680",75
202000021180,20,6,9,18:05,1,2,2,1,3,94081,M,"48,7982800","2,4117400",94
202000021181,20,6,10,21:35,2,2,3,1,6,94003,M,"48,8011400","2,3367900",94
202000021182,20,6,10,19:00,5,2,9,8,3,94076,M,"48,7822800","2,3670400",94
202000021183,20,6,10,18:00,1,2,1,1,7,94038,M,"48,7757800","2,3303400",94
202000021184,20,6,8,22:25,5,2,1,1,7,94028,M,"48,7853522","2,4578092",94
202000021185,20,6,10,18:20,1,2,2,1,3,94077,M,"48,7372240","2,4110720",94
202000021186,20,6,9,16:55,1,2,9,1,6,94022,M,"48,7654770","2,4046720",94
202000021187,20,6,10,18:00,1,2,1,1,3,94017,M,"48,8272900","2,5126400",94
202000021188,20,6,9,15:35,1,2,1,1,3,94002,M,"48,8078300","2,4235500",94
202000021189,20,6,10,16:15,1,2,3,1,3,93078,M,"48,9524082","2,5504720",93
202000021190,20,6,10,11:05,1,2,2,1,3,93051,M,"48,8418997","2,5687847",93
202000021191,20,6,10,12:45,1,2,1,1,6,93047,M,"48,9012521","2,5584483",93
202000021192,20,6,10,21:45,5,2,1,1,1,93007,M,"48,9282453","2,4635475",93
202000021193,20,6,10,13:50,1,2,9,1,6,93001,M,"48,9111308","2,3792800",93
202000021194,20,6,8,17:50,1,2,5,8,3,92050,M,"48,9188200","2,2228000",92
202000021195,20,6,10,14:00,1,2,2,1,3,92044,M,"48,8904165","2,2836529",92
202000021196,20,4,12,14:30,1,2,2,1,6,92025,M,"48,9146190","2,2290370",92
202000021197,20,6,10,18:15,1,2,1,1,6,92023,M,"48,7796300","2,2401600",92
202000021198,20,6,10,11:35,1,2,1,1,3,92012,M,"48,8417350","2,2483670",92
202000021199,20,6,11,17:15,1,1,1,3,7,51352,M,"48,7143270","4,6364450",51
202000021200,20,6,10,13:35,1,1,2,1,3,24139,M,"45,1215630","0,6442830",24
202000021201,20,6,11,16:10,1,1,1,1,3,06161,M,"43,6195940","7,1302720",06
202000021202,20,6,11,16:15,1,2,3,1,3,38133,M,"45,3506750","5,5960700",38
202000021203,20,6,11,12:50,1,1,1,1,3,23082,M,"46,2213590","1,6876190",23
202000021204,20,6,11,09:35,1,1,1,1,6,62677,M,"50,3311600","2,0236050",62
202000021205,20,6,10,18:32,1,1,2,1,3,51093,M,"49,0022730","3,8798150",51
202000021206,20,6,7,14:25,1,1,1,8,7,19164,M,"45,7063453","1,9930182",19
202000021207,20,6,11,16:15,1,1,1,1,1,80656,M,"49,8120410","2,0648290",80
202000021208,20,6,11,21:00,3,1,1,2,6,82013,M,"43,8848760","1,0167020",82
202000021209,20,6,10,21:10,2,1,1,1,6,81045,M,"44,0764180","1,9370810",81
202000021210,20,6,10,12:44,1,1,3,1,3,61196,M,"48,3772400","0,5917600",61
202000021211,20,6,10,13:45,1,1,2,1,3,61103,M,"48,8566820","0,3629030",61
202000021212,20,6,11,20:40,1,1,1,8,7,49069,M,"47,3069724"," -1,2182592",49
202000021213,20,6,8,12:30,1,1,1,1,7,34072,M,"43,6679100","3,3354130",34
202000021214,20,6,9,23:45,3,1,1,1,7,29014,M,"48,5412680"," -3,6348230",29
202000021215,20,6,11,05:45,2,1,1,2,6,31536,M,"43,1677675","0,7464456",31
202000021216,20,6,11,17:15,1,1,2,1,3,38069,M,"45,4359500","5,3050600",38
202000021217,20,6,10,20:00,2,1,1,2,6,73032,M,"45,6244223","6,4461316",73
202000021218,20,6,8,08:55,1,1,4,1,-1,07204,M,"45,0187600","4,4069930",07
202000021219,20,6,11,07:45,1,1,1,3,1,85081,M,"46,7712300"," -1,3398170",85
202000021220,20,6,10,18:55,1,2,2,1,3,08222,M,"50,0001400","4,6982220",08
202000021221,20,6,10,18:20,1,1,1,8,4,33199,M,"44,6148605"," -1,0940090",33
202000021222,20,5,13,03:45,3,1,1,1,7,67434,M,"48,9378225","7,1072833",67
202000021223,20,6,10,15:20,1,1,1,1,2,45093,M,"48,0282006","1,8405755",45
202000021224,20,6,9,17:20,1,2,1,1,5,95250,M,"49,1028700","2,5165500",95
202000021225,20,6,7,18:20,2,1,1,1,-1,97125,A,"16,2541580"," -61,3190960",971
202000021226,20,6,9,13:00,1,1,1,1,1,77222,M,"48,6313100","2,7805580",77
202000021227,20,6,9,12:30,1,2,3,1,1,2B042,M,"42,5780760","9,4355990",2B
202000021228,20,6,10,15:15,1,1,1,1,7,34318,M,"43,8126360","3,9321830",34
202000021229,20,6,11,12:20,1,1,2,1,3,13040,M,"43,4404130","5,5292940",13
202000021230,20,6,11,12:45,1,2,1,1,2,74056,M,"45,9238060","6,8756420",74
202000021231,20,6,9,16:15,1,1,1,1,6,16121,M,"45,7002670","0,0066030",16
202000021232,20,6,11,06:45,1,2,1,1,6,27330,M,"49,2432860","1,2631220",27
202000021233,20,6,7,02:30,3,1,1,1,-1,13026,M,"43,3799430","5,1616300",13
202000021234,20,6,10,21:10,2,1,1,1,3,92002,M,"48,7605470","2,2883360",92
202000021235,20,6,10,03:20,3,1,1,1,2,94034,M,"48,7505000","2,3286200",94
202000021236,20,6,2,09:55,1,1,1,1,4,93053,M,"48,8841900","2,4651800",93
202000021237,20,6,10,08:00,1,1,1,1,-1,77363,M,"48,9184372","2,6322883",77
202000021238,20,6,9,00:30,4,1,1,1,2,94028,M,"48,7894964","2,4402226",94
202000021239,20,1,29,13:10,1,2,2,1,2,76341,M,"49,5181129","0,2037496",76
202000021240,20,6,8,17:50,5,2,3,1,2,98818,C," -22,2990900","166,4447500",988
202000021241,20,6,9,08:40,1,1,1,7,6,97416,R," -21,2762193","55,4702146",974
202000021242,20,6,9,13:40,1,2,2,1,6,97411,R," -20,8781000","55,4458000",974
202000021243,20,6,9,20:48,2,2,2,2,7,69149,M,"45,7174024","4,8096478",69
202000021244,20,6,9,16:15,1,2,1,2,6,69389,M,"45,7656700","4,7948700",69
202000021245,20,6,6,18:40,1,2,1,1,6,69149,M,"45,7112200","4,8026500",69
202000021246,20,6,9,06:55,2,2,1,2,7,69382,M,"45,7485500","4,8312200",69
202000021247,20,6,9,10:05,1,2,1,1,-1,2B037,M,"42,6217500","9,4370300",2B
202000021248,20,6,9,17:30,1,2,9,1,1,91174,M,"48,5795400","2,4761900",91
202000021249,20,6,6,15:45,1,2,2,1,3,91347,M,"48,6604000","2,2761800",91
202000021250,20,6,8,21:47,2,2,1,2,6,87085,M,"45,8386900","1,2584200",87
202000021251,20,6,9,07:40,1,2,1,7,1,85191,M,"46,7037000"," -1,4303900",85
202000021252,20,6,9,18:55,1,2,1,1,3,83137,M,"43,1281962","5,9057867",83
202000021253,20,6,9,15:20,1,2,1,1,3,83137,M,"43,1301000","5,9267600",83
202000021254,20,6,8,11:55,1,2,1,1,3,83137,M,"43,1352574","5,9424338",83
202000021255,20,6,8,16:00,1,2,1,1,3,76540,M,"49,4468600","1,0608200",76
202000021256,20,6,8,20:05,1,2,3,1,-1,76481,M,"49,5296700","0,1070100",76
202000021257,20,6,8,10:44,1,2,1,1,3,72181,M,"47,9751300","0,2183800",72
202000021258,20,6,8,21:52,2,2,8,1,3,67482,M,"48,5840750","7,7590600",67
202000021259,20,6,8,08:05,1,2,1,1,-1,67482,M,"48,5905200","7,7685100",67
202000021260,20,6,8,19:27,1,2,1,1,2,66136,M,"42,7013900","2,9004100",66
202000021261,20,6,8,14:25,1,2,1,1,-1,64445,M,"43,3091600"," -0,3440000",64
202000021262,20,6,9,12:55,1,2,1,1,7,64102,M,"43,4812000"," -1,4882000",64
202000021263,20,6,9,05:10,3,2,1,8,1,64024,M,"43,4727570"," -1,5348622",64
202000021264,20,6,8,09:45,1,2,1,1,2,64102,M,"43,4982600"," -1,4873600",64
202000021265,20,6,8,08:10,1,2,1,3,7,64024,M,"43,4775500"," -1,5242100",64
202000021266,20,6,9,21:25,2,1,3,1,3,61117,M,"48,4353000","0,0253570",61
202000021267,20,6,8,14:25,1,2,4,1,2,56121,M,"47,7452800"," -3,3706100",56
202000021268,20,6,9,16:15,1,2,1,1,3,51573,M,"49,2411609","3,9914872",51
202000021269,20,6,8,17:07,1,2,1,8,3,51454,M,"49,2256662","4,0201274",51
202000021270,20,6,5,18:02,1,2,1,1,2,49246,M,"47,4366500"," -0,5138800",49
202000021271,20,6,8,11:05,1,1,1,1,3,47031,M,"44,1764653","0,6292731",47
202000021272,20,6,8,21:45,2,2,2,1,3,44184,M,"47,2778000"," -2,2171000",44
202000021273,20,6,9,00:05,2,1,1,3,6,44109,M,"47,2144390"," -1,5719820",44
202000021274,20,6,9,20:07,1,2,3,1,3,37233,M,"47,3840405","0,7299993",37
202000021275,20,6,9,18:55,1,2,1,1,3,35238,M,"48,0983700"," -1,6984700",35
202000021276,20,6,9,18:45,1,2,9,1,3,35238,M,"48,1322100"," -1,6563800",35
202000021277,20,6,9,17:50,1,1,9,1,2,35238,M,"48,0834000"," -1,6982600",35
202000021278,20,6,9,17:30,1,1,1,1,2,35055,M,"48,0938700"," -1,6238400",35
202000021279,20,6,9,12:30,1,2,1,1,2,35238,M,"48,1043000"," -1,6774000",35
202000021280,20,6,8,11:30,1,2,3,1,1,35238,M,"48,0970000"," -1,6847000",35
202000021281,20,6,9,12:55,1,2,3,1,3,33318,M,"44,8121907"," -0,6426127",33
202000021282,20,6,2,07:10,1,1,1,1,3,33281,M,"44,8428600"," -0,6928300",33
202000021283,20,6,9,12:05,1,2,9,1,3,33529,M,"44,6375000"," -1,1253000",33
202000021284,20,6,9,14:00,1,2,1,3,3,31555,M,"43,6090680","1,4452070",31
202000021285,20,6,8,17:45,1,2,1,1,3,21231,M,"47,3340108","5,0451214",21
202000021286,20,6,8,12:25,1,2,1,1,3,18033,M,"47,0754000","2,4051200",18
202000021287,20,6,9,14:28,1,1,1,1,6,16374,M,"45,6322400","0,2167500",16
202000021288,20,6,9,19:25,1,2,1,1,2,14181,M,"49,1500400"," -0,3233000",14
202000021289,20,6,9,17:30,1,2,1,1,7,13211,M,"43,2925900","5,4497800",13
202000021290,20,6,9,22:00,5,2,1,1,7,13206,M,"43,2876314","5,3786663",13
202000021291,20,6,9,21:40,5,2,9,1,6,13214,M,"43,3359970","5,3921470",13
202000021292,20,6,9,18:35,1,2,1,1,6,13211,M,"43,2860230","5,4191360",13
202000021293,20,6,9,15:30,1,2,1,1,6,13202,M,"43,3040000","5,3677600",13
202000021294,20,6,9,16:00,1,2,1,1,4,13205,M,"43,2915808","5,4105484",13
202000021295,20,6,9,13:30,1,1,1,8,3,09122,M,"43,0029080","1,6137040",09
202000021296,20,6,8,22:35,5,2,3,1,3,06027,M,"43,6579500","7,1697700",06
202000021297,20,6,9,12:00,1,2,1,1,7,75115,M,"48,8324690","2,2806440",75
202000021298,20,6,7,22:15,5,2,1,1,-1,75119,M,"48,8874200","2,3970200",75
202000021299,20,6,9,10:21,1,2,2,1,3,75114,M,"48,8327500","2,3115200",75
202000021300,20,6,9,15:00,1,2,2,1,3,75120,M,"48,8683040","2,4014310",75
202000021301,20,6,9,20:00,2,2,1,1,-1,75119,M,"48,8814650","2,4036080",75
202000021302,20,6,9,17:55,1,2,2,1,6,75118,M,"48,8855640","2,3495330",75
202000021303,20,6,9,17:50,1,2,3,1,3,75108,M,"48,8710880","2,3034930",75
202000021304,20,6,9,15:55,1,2,3,1,6,75117,M,"48,8892420","2,3019710",75
202000021305,20,6,9,13:50,1,2,3,1,7,75117,M,"48,8905550","2,3202580",75
202000021306,20,6,9,18:00,1,2,3,1,6,75116,M,"48,8668540","2,2842830",75
202000021307,20,6,8,14:00,1,2,3,1,6,75116,M,"48,8631480","2,2751420",75
202000021308,20,6,9,19:50,1,2,2,1,3,75115,M,"48,8420910","2,3129970",75
202000021309,20,6,9,08:40,1,2,3,1,3,75115,M,"48,8453790","2,3020670",75
202000021310,20,6,9,19:00,1,2,3,1,3,75114,M,"48,8302400","2,3200650",75
202000021311,20,6,8,19:55,1,2,2,1,3,75107,M,"48,8600360","2,3245890",75
202000021312,20,6,9,06:45,1,2,3,1,3,75113,M,"48,8234070","2,3750230",75
202000021313,20,6,9,21:38,1,2,3,1,3,75111,M,"48,8626340","2,3764800",75
202000021314,20,6,9,06:30,2,2,1,1,6,75111,M,"48,8640140","2,3811920",75
202000021315,20,6,8,19:00,1,2,1,1,2,75107,M,"48,8625190","2,3077720",75
202000021316,20,6,9,02:40,5,2,1,1,6,75107,M,"48,8553780","2,3258090",75
202000021317,20,6,9,12:25,1,2,3,1,3,93059,M,"48,9593400","2,3650800",93
202000021318,20,6,9,08:30,1,2,1,1,3,93071,M,"48,9270221","2,5199202",93
202000021319,20,6,8,20:20,2,2,9,1,3,93066,M,"48,9384920","2,3563450",93
202000021320,20,6,9,19:50,1,2,3,1,3,93064,M,"48,8831200","2,4954500",93
202000021321,20,6,9,13:40,1,2,1,1,2,93051,M,"48,8448000","2,5642000",93
202000021322,20,6,9,17:45,1,2,1,1,3,93048,M,"48,8584900","2,4311800",93
202000021323,20,6,9,13:50,1,2,1,1,4,93047,M,"48,8977373","2,5752646",93
202000021324,20,6,7,23:30,5,2,2,1,2,93010,M,"48,9072712","2,4889921",93
202000021325,20,6,9,21:08,2,2,9,1,6,92051,M,"48,8907382","2,2757327",92
202000021326,20,6,9,20:55,1,2,9,1,3,92048,M,"48,8188000","2,2437000",92
202000021327,20,6,5,18:55,1,2,1,1,2,92044,M,"48,8978533","2,2925266",92
202000021328,20,5,30,01:55,5,2,1,1,2,92044,M,"48,8962050","2,2916096",92
202000021329,20,6,8,21:22,2,2,1,1,-1,92036,M,"48,9245090","2,3245070",92
202000021330,20,6,9,11:00,1,2,1,1,3,92026,M,"48,9023554","2,2429909",92
202000021331,20,6,10,01:25,3,1,6,1,6,84088,M,"43,9815060","5,0165780",84
202000021332,20,6,9,08:15,1,2,1,1,1,97232,A,"14,5406970"," -60,8687420",972
202000021333,20,6,9,15:45,1,2,1,1,1,63326,M,"45,7161130","2,8636340",63
202000021334,20,6,9,21:00,2,1,1,1,-1,82013,M,"43,8964390","0,9665930",82
202000021335,20,6,9,22:17,3,1,1,1,7,82195,M,"44,0832960","1,2758950",82
202000021336,20,5,29,15:30,1,1,2,1,1,35327,M,"48,1043424"," -1,4651763",35
202000021337,20,6,10,15:15,1,1,1,1,6,26113,M,"44,7693370","5,3379290",26
202000021338,20,6,9,13:45,1,1,1,2,1,50359,M,"48,6401470"," -0,9405060",50
202000021339,20,6,10,17:00,1,1,1,1,6,83032,M,"43,4563460","6,2146570",83
202000021340,20,6,10,18:25,1,2,1,1,3,60129,M,"49,5097100","3,0357720",60
202000021341,20,6,9,17:50,1,1,1,1,4,64152,M,"43,3365480"," -0,3286900",64
202000021342,20,6,10,13:25,1,2,9,1,6,10033,M,"48,2308910","4,7108280",10
202000021343,20,6,10,11:10,1,1,1,1,3,28027,M,"48,1429830","1,0188530",28
202000021344,20,8,10,11:15,1,2,6,1,6,95580,M,"49,0880860","2,5710260",95
202000021345,20,5,20,16:45,1,1,1,1,7,28057,M,"48,2479040","1,3919380",28
202000021346,20,8,10,22:50,3,1,1,1,6,30221,M,"44,0278370","4,7461190",30
202000021347,20,6,10,12:57,1,2,3,1,1,77365,M,"48,7156123","3,0298534",77
202000021348,20,8,9,18:30,4,1,1,1,6,98753,P," -23,3613650"," -149,4377300",987
202000021349,20,8,1,15:00,1,1,1,1,7,98714,P," -16,4954170"," -151,7388890",987
202000021350,20,6,9,08:08,1,1,1,2,5,38537,M,"45,6395930","5,1491120",38
202000021351,20,1,9,19:10,3,1,1,1,3,77283,M,"49,0584120","3,0078200",77
202000021352,20,6,9,15:15,1,1,1,1,6,78003,M,"48,5173430","1,8547150",78
202000021353,20,8,10,19:15,5,1,1,1,3,97128,A,"16,2567230"," -61,4290670",971
202000021354,20,8,10,10:20,1,1,3,1,3,33165,M,"44,8049770"," -0,4413150",33
202000021355,20,8,10,14:45,1,1,1,1,5,28185,M,"48,7752250","1,5611390",28
202000021356,20,6,10,14:15,1,1,1,1,7,34162,M,"43,4803280","3,4673240",34
202000021357,20,6,7,02:45,3,2,1,1,1,06048,M,"43,8038910","7,3376710",06
202000021358,20,6,10,13:55,1,2,1,1,6,74040,M,"46,1681610","6,3207460",74
202000021359,20,6,9,22:05,3,1,1,2,2,38190,M,"45,8030580","5,2862640",38
202000021360,20,8,8,19:22,1,1,1,1,6,95054,M,"49,1472290","1,8861290",95
202000021361,20,8,11,19:05,1,2,1,1,3,34143,M,"43,4476460","3,6157410",34
202000021362,20,6,9,23:35,5,2,1,1,6,14167,M,"49,1952449"," -0,2807783",14
202000021363,20,8,10,15:15,1,1,2,1,3,13084,M,"43,7261110","5,2749820",13
202000021364,20,8,11,13:55,1,1,1,1,1,13004,M,"43,5427620","4,6876860",13
202000021365,20,8,11,07:15,1,1,3,1,-1,13041,M,"43,4558400","5,4592340",13
202000021366,20,8,10,13:20,1,1,1,1,3,71385,M,"46,2442065","4,7566465",71
202000021367,20,8,10,21:30,5,2,1,1,7,63247,M,"45,5753900","2,9461600",63
202000021368,20,6,10,13:10,1,1,1,1,6,60446,M,"49,1478540","2,7907110",60
202000021369,20,8,11,02:58,4,2,1,1,6,74063,M,"46,2606720","6,8379590",74
202000021370,20,6,10,15:35,1,2,9,1,3,60346,M,"49,1540280","2,4445660",60
202000021371,20,8,11,17:18,1,1,9,7,4,74027,M,"45,8960720","6,2748030",74
202000021372,20,8,10,23:00,3,1,1,8,2,38344,M,"45,4056000","4,8109100",38
202000021373,20,6,9,18:15,1,1,1,1,4,13055,M,"43,3104300","5,4243900",13
202000021374,20,8,11,08:15,1,1,1,1,2,69255,M,"45,7351220","4,6954110",69
202000021375,20,8,11,14:10,1,2,1,1,1,81054,M,"43,5758490","2,1196740",81
202000021376,20,8,10,20:30,1,2,2,1,1,49301,M,"47,0192280"," -1,0534680",49
202000021377,20,6,9,17:15,1,1,1,1,2,13015,M,"43,4405200","5,3962300",13
202000021378,20,8,11,12:50,1,1,4,1,1,56152,M,"47,3407630"," -3,1585860",56
202000021379,20,6,8,18:25,1,1,1,1,4,13211,M,"43,2869640","5,4367380",13