Num_Acc,an,mois,jour,hrmn,lum,agg,int,atm,col,com,gps,lat,long,dep
202000021380,20,8,11,17:00,1,1,1,1,6,76535,M,"49,6259460","1,4878750",76
202000021381,20,8,10,18:30,1,2,1,7,7,59630,M,"50,4854510","3,0419530",59
202000021382,20,7,12,21:00,2,1,2,1,3,59025,M,"50,5839250","2,8175370",59
202000021383,20,6,9,18:15,1,1,4,1,6,91689,M,"48,7355400","2,3170000",91
202000021384,20,8,7,00:35,3,1,9,1,6,42097,M,"45,5203100","4,2937100",42
202000021385,20,8,10,01:16,3,1,1,1,7,54483,M,"48,6168900","6,2815900",54
202000021386,20,6,9,17:20,1,1,1,1,3,77251,M,"48,6261481","2,5390803",77
202000021387,20,8,10,19:20,1,1,1,1,2,95277,M,"48,9748300","2,4902000",95
202000021388,20,6,8,10:20,1,1,1,1,3,92025,M,"48,9224664","2,2270148",92
202000021389,20,8,10,12:15,1,1,1,1,2,94073,M,"48,7545800","2,3479100",94
202000021390,20,8,10,12:00,1,1,1,1,2,94065,M,"48,7541000","2,3499000",94
202000021391,20,6,8,16:00,1,1,1,1,2,95306,M,"49,0008700","2,1732800",95
202000021392,20,6,8,14:00,1,1,1,1,2,93066,M,"48,9252900","2,3395300",93
202000021393,20,7,28,19:35,1,1,3,1,3,04086,M,"44,3913923","6,6725368",04
202000021394,20,8,6,19:00,3,2,1,1,6,97409,R," -20,9266050","55,6615660",974
202000021395,20,8,6,19:45,5,2,9,1,3,97409,R," -20,9518050","55,6488410",974
202000021396,20,8,4,19:35,3,2,6,1,3,97409,R," -20,9629070","55,6589270",974
202000021397,20,8,9,14:40,1,2,1,1,3,97302,G,"4,9374954"," -52,3067413",973
202000021398,20,8,9,12:00,1,2,1,1,-1,69383,M,"45,7493700","4,8733200",69
202000021399,20,8,9,06:20,2,2,2,1,3,69387,M,"45,7492000","4,8420000",69
202000021400,20,8,9,02:34,5,2,2,1,3,69387,M,"45,7560600","4,8402300",69
202000021401,20,8,8,19:20,3,2,1,1,1,97213,A,"14,6401000"," -60,9741000",972
202000021402,20,8,7,20:51,4,1,1,1,6,97213,A,"14,6241658"," -61,0193932",972
202000021403,20,8,9,20:55,2,2,1,1,6,2A004,M,"41,9092200","8,6876500",2A
202000021404,20,8,9,22:20,5,2,1,1,6,95268,M,"48,9690500","2,3986700",95
202000021405,20,8,8,19:07,1,2,2,1,3,91191,M,"48,7186700","2,4560300",91
202000021406,20,8,4,10:40,1,2,6,1,2,83126,M,"43,1205100","5,8523100",83
202000021407,20,8,9,21:35,3,1,1,1,4,83069,M,"43,0816500","6,1402200",83
202000021408,20,8,8,11:10,1,2,1,7,2,83069,M,"43,1024700","6,1293500",83
202000021409,20,7,2,18:00,1,1,1,1,-1,83069,M,"43,0844000","6,1117400",83
202000021410,20,8,8,11:50,1,1,1,7,3,77058,M,"48,8507251","2,7307287",77
202000021411,20,8,6,02:50,5,2,1,1,7,69266,M,"45,7695960","4,8965379",69
202000021412,20,8,8,12:05,1,2,3,1,3,69290,M,"45,6912588","4,9489329",69
202000021413,20,8,8,20:10,1,2,1,1,1,64260,M,"43,3700000"," -1,7800000",64
202000021414,20,8,8,22:50,5,2,1,1,6,62160,M,"50,7231310","1,6007140",62
202000021415,20,8,9,03:05,3,1,1,1,7,62735,M,"50,4952480","2,7043960",62
202000021416,20,8,8,19:15,1,2,9,1,6,62108,M,"50,4035300","1,5839400",62
202000021417,20,8,9,01:00,5,2,2,1,3,59350,M,"50,6311269","3,0770034",59
202000021418,20,8,9,13:53,1,2,2,1,3,51454,M,"49,2581128","4,0383400",51
202000021419,20,8,8,23:40,3,1,1,1,7,46042,M,"44,4597900","1,4848300",46
202000021420,20,8,8,03:19,5,2,1,1,6,34172,M,"43,6150630","3,9084790",34
202000021421,20,8,9,18:15,1,1,1,1,3,33119,M,"44,8443400"," -0,5310900",33
202000021422,20,8,9,23:50,5,2,1,1,6,33529,M,"44,6400712"," -1,1401088",33
202000021423,20,8,9,10:40,1,1,4,1,1,33529,M,"44,5745800"," -1,2161600",33
202000021424,20,8,9,11:30,1,1,1,1,3,30243,M,"44,0877420","4,0622580",30
202000021425,20,8,9,12:00,1,1,1,1,3,17300,M,"46,1598500"," -1,1665900",17
202000021426,20,8,8,10:45,1,2,1,1,3,17300,M,"46,1693990"," -1,1488100",17
202000021427,20,8,8,15:45,1,2,1,1,2,13043,M,"43,3965000","5,2451000",13
202000021428,20,8,9,23:00,5,2,1,1,2,13208,M,"43,2589540","5,3847850",13
202000021429,20,8,8,20:00,1,2,2,1,3,13206,M,"43,2899700","5,3725200",13
202000021430,20,8,8,06:15,2,2,9,1,3,13202,M,"43,3017640","5,3660600",13
202000021431,20,8,8,14:30,1,2,1,1,3,13028,M,"43,1891600","5,6165700",13
202000021432,20,8,6,19:23,1,2,1,1,1,12145,M,"44,1151900","3,0716000",12
202000021433,20,8,8,21:32,5,2,1,1,6,75101,M,"48,8657530","2,3352600",75
202000021434,20,8,9,10:10,1,2,5,1,6,75120,M,"48,8683120","2,4014260",75
202000021435,20,8,9,01:10,5,2,3,1,6,75119,M,"48,8870030","2,3863370",75
202000021436,20,8,8,22:30,5,2,7,1,4,75111,M,"48,8493630","2,3953050",75
202000021437,20,8,9,13:30,1,2,2,1,3,75110,M,"48,8814080","2,3618660",75
202000021438,20,8,9,14:40,1,2,1,1,3,75109,M,"48,8742180","2,3479250",75
202000021439,20,8,9,16:40,1,2,2,1,3,75107,M,"48,8625880","2,3190190",75
202000021440,20,8,9,02:40,5,2,5,1,1,94046,M,"48,8153530","2,4205660",94
202000021441,20,8,9,19:45,2,2,1,1,7,94043,M,"48,8092400","2,3649300",94
202000021442,20,8,9,15:20,1,2,1,7,7,94073,M,"48,7528500","2,3779900",94
202000021443,20,8,9,08:45,1,2,3,1,2,94038,M,"48,7742600","2,3315800",94
202000021444,20,8,9,15:00,1,2,9,1,5,94022,M,"48,7672300","2,4146700",94
202000021445,20,8,9,15:50,1,2,6,1,2,93070,M,"48,9177300","2,3297800",93
202000021446,20,8,9,09:48,1,2,2,1,3,93066,M,"48,9181145","2,3442638",93
202000021447,20,8,9,15:10,1,2,1,1,2,93077,M,"48,8864066","2,4951770",93
202000021448,20,8,9,15:30,1,2,2,1,3,93051,M,"48,8471300","2,5329300",93
202000021449,20,8,8,22:35,5,2,9,1,1,93010,M,"48,9050597","2,4702179",93
202000021450,20,8,9,16:21,1,2,9,1,1,93001,M,"48,9154700","2,3708000",93
202000021451,20,8,9,13:00,1,2,1,1,2,93001,M,"48,9100832","2,3857564",93
202000021452,20,8,9,11:15,1,2,9,1,3,92025,M,"48,9288370","2,2543780",92
202000021453,20,8,9,06:45,1,2,2,8,7,92044,M,"48,8970852","2,2741868",92
202000021454,20,8,9,22:30,3,1,9,1,2,50565,M,"48,7393520"," -1,4354320",50
202000021455,20,8,10,16:35,1,1,1,1,6,26087,M,"45,0768850","5,1197580",26
202000021456,20,8,8,18:30,3,2,1,3,3,97422,R," -21,2441950","55,5125860",974
202000021457,20,8,9,15:30,1,1,1,1,1,05027,M,"44,8502400","6,7250970",05
202000021458,20,8,5,18:45,5,2,1,1,7,97221,A,"14,5091340"," -60,9582800",972
202000021459,20,8,6,00:20,3,1,1,1,6,41231,M,"47,4694570","2,0077940",41
202000021460,20,8,10,13:45,1,1,1,1,6,52469,M,"48,0409060","5,0537970",52
202000021461,20,8,9,01:45,3,1,1,1,1,54212,M,"49,5070086","5,6628811",54
202000021462,20,8,1,14:55,1,1,1,1,7,04126,M,"44,4122100","6,3415250",04
202000021463,20,8,10,18:45,1,2,3,1,6,79253,M,"46,4686590"," -0,2134450",79
202000021464,20,8,9,23:50,5,1,2,1,3,80775,M,"50,0813410","1,6349510",80
202000021465,20,8,9,03:55,3,1,1,1,6,82096,M,"44,0434572","1,2553959",82
202000021466,20,8,9,12:10,1,2,2,1,3,63178,M,"45,5387670","3,2440570",63
202000021467,20,7,13,10:00,1,1,1,1,6,61442,M,"48,5375720"," -0,3014370",61
202000021468,20,8,10,13:45,1,1,1,7,6,12104,M,"44,4817490","2,0282220",12
202000021469,20,8,9,19:50,1,1,1,1,6,68362,M,"47,5547360","7,4655530",68
202000021470,20,8,8,17:10,1,1,3,1,2,68062,M,"47,6296820","7,1953580",68
202000021471,20,8,9,22:20,3,1,2,1,3,22250,M,"48,6992250"," -3,1554370",22
202000021472,20,8,9,11:30,1,1,1,1,7,39497,M,"46,9758460","5,9348270",39
202000021473,20,8,7,07:10,1,2,1,8,6,25516,M,"47,3995080","6,5555790",25
202000021474,20,8,10,10:05,1,1,1,1,6,25070,M,"46,9972170","6,1185690",25
202000021475,20,8,5,10:25,1,1,1,1,1,15004,M,"45,0645040","3,0832100",15
202000021476,20,8,10,14:10,1,1,1,1,6,15252,M,"44,9948660","2,5485490",15
202000021477,20,8,9,23:30,3,1,1,1,6,15021,M,"44,7806850","2,2955740",15
202000021478,20,8,9,09:35,1,2,1,1,6,01348,M,"46,1771590","4,8139580",01
202000021479,20,8,9,22:30,3,2,2,1,3,72276,M,"48,2735950","0,4633280",72
202000021480,20,8,9,18:45,1,1,1,1,-1,14528,M,"49,3270240","0,2965880",14
202000021481,20,8,9,19:30,1,1,1,1,2,05008,M,"44,4997000","5,7309510",05
202000021482,20,8,9,16:00,1,1,1,1,1,83122,M,"43,7620440","6,2180260",83
202000021483,20,8,10,12:45,1,2,1,1,7,10323,M,"48,5141060","3,7187540",10
202000021484,20,7,25,20:05,1,2,1,1,3,10114,M,"48,5101510","3,6325850",10
202000021485,20,8,8,21:45,3,1,1,1,6,16104,M,"46,0153210","0,2182950",16
202000021486,20,8,9,17:05,1,1,1,1,6,87104,M,"45,7213120","1,8702080",87
202000021487,20,8,9,16:50,1,1,9,1,6,08363,M,"49,9242820","4,6427270",08
202000021488,20,8,10,08:58,1,1,1,1,3,49323,M,"47,5005610"," -0,4872290",49
202000021489,20,8,9,08:30,1,1,1,1,3,01232,M,"46,3798600","5,2698970",01
202000021490,20,8,4,21:00,5,2,3,1,3,73296,M,"45,4723010","6,9099340",73
202000021491,20,8,10,11:01,1,1,1,1,2,27227,M,"49,3760970","0,6365900",27
202000021492,20,8,9,13:45,1,1,1,1,3,13051,M,"43,5935320","5,1745390",13
202000021493,20,8,7,21:15,3,1,1,1,7,98817,C," -22,1993260","166,7064570",988
202000021494,20,8,9,17:15,1,2,1,1,6,97420,R," -20,9094400","55,6102100",974
202000021495,20,8,7,19:00,1,1,1,1,6,45332,M,"47,8707400","2,6539920",45
202000021496,20,8,8,20:24,2,1,1,1,-1,91461,M,"48,6229180","2,2200930",91
202000021497,20,8,5,21:20,3,1,3,1,3,2A247,M,"41,6316910","9,3190480",2A
202000021498,20,8,10,05:40,3,1,1,1,6,83068,M,"43,2649880","6,5626900",83
202000021499,20,8,2,13:00,1,2,3,1,3,13007,M,"43,3690590","5,6295740",13
202000021500,20,8,10,12:00,1,1,1,1,6,21458,M,"47,1990920","5,0835050",21
202000021501,20,8,10,11:30,1,1,2,7,3,68001,M,"48,0027230","7,5512770",68
202000021502,20,8,7,16:55,1,1,9,1,6,67172,M,"48,4985655","7,5252649",67
202000021503,20,8,10,11:50,1,1,1,7,6,67101,M,"48,5299233","7,4677435",67
202000021504,20,10,6,13:50,1,2,2,1,3,62193,M,"50,9542600","1,8474900",62
202000021505,20,10,6,16:30,1,2,9,1,6,59350,M,"50,6308000","3,0486300",59
202000021506,20,8,2,00:30,3,2,1,3,7,74229,M,"46,2251150","6,2999670",74
202000021507,20,8,9,11:35,1,1,3,1,3,73040,M,"45,3294747","7,0117805",73
202000021508,20,10,6,16:55,1,2,1,2,5,59009,M,"50,6261900","3,1524200",59
202000021509,20,10,6,13:10,1,2,1,8,2,59378,M,"50,6614700","3,0973600",59
202000021510,20,8,9,17:15,1,1,3,7,3,38148,M,"45,6154750","5,4651690",38
202000021511,20,10,2,07:45,5,2,2,2,6,59527,M,"50,6620700","3,0500500",59
202000021512,20,8,7,09:25,1,1,1,1,6,13055,M,"43,3242400","5,4223000",13
202000021513,20,8,7,07:10,1,1,1,1,7,13055,M,"43,3149000","5,4228000",13
202000021514,20,8,8,23:45,3,1,1,1,6,01275,M,"45,8138654","4,9497753",01
202000021515,20,10,5,21:45,5,2,1,2,4,56121,M,"47,7484000"," -3,3865600",56
202000021516,20,8,7,21:45,3,1,1,1,6,69282,M,"45,7576100","4,9866400",69
202000021517,20,10,5,13:00,1,2,1,2,3,54304,M,"48,6856300","6,1323400",54
202000021518,20,8,9,07:20,1,1,1,1,7,94033,M,"48,8496400","2,4905100",94
202000021519,20,10,5,08:18,1,2,3,2,6,52448,M,"48,6398700","4,9472100",52
202000021520,20,8,8,12:00,1,1,1,1,-1,77514,M,"48,9523250","2,6285090",77
202000021521,20,10,6,09:05,1,2,4,3,3,51454,M,"49,2407917","4,0531229",51
202000021522,20,10,2,16:25,1,2,1,1,6,49007,M,"47,4709300"," -0,5647300",49
202000021523,20,10,1,20:15,2,2,1,1,5,49007,M,"47,4883300"," -0,5370400",49
202000021524,20,8,8,06:55,1,2,2,1,3,69259,M,"45,6939800","4,8750800",69
202000021525,20,10,6,05:23,5,2,3,2,3,41018,M,"47,5969300","1,3058100",41
202000021526,20,10,6,18:23,3,2,1,2,3,38151,M,"45,1545200","5,7162100",38
202000021527,20,8,8,14:45,1,2,3,1,6,95268,M,"48,9705000","2,4029000",95
202000021528,20,10,6,15:30,1,2,1,1,6,37261,M,"47,3928467","0,6786664",37
202000021529,20,8,7,20:27,1,2,9,1,6,91174,M,"48,6069000","2,4683000",91
202000021530,20,10,6,10:30,1,2,2,1,6,37261,M,"47,3892572","0,6828301",37
202000021531,20,8,7,18:50,1,1,6,1,7,77152,M,"48,5055800","2,6071500",77
202000021532,20,8,6,20:25,1,2,1,1,2,76540,M,"49,4499300","1,1344000",76
202000021533,20,10,5,12:43,1,1,9,2,7,37122,M,"47,3423333","0,6474490",37
202000021534,20,8,8,18:30,1,2,1,1,3,76026,M,"49,8797800","1,1279900",76
202000021535,20,10,3,12:05,1,2,2,2,3,35093,M,"48,6305600"," -2,0583200",35
202000021536,20,8,8,22:05,5,2,1,1,1,69266,M,"45,7605800","4,9048900",69
202000021537,20,10,6,10:15,1,2,1,8,4,35238,M,"48,1276500"," -1,6842400",35
202000021538,20,8,8,20:02,2,2,2,1,3,69256,M,"45,7864400","4,9241300",69
202000021539,20,10,5,14:35,1,2,1,1,7,34172,M,"43,6089386","3,8411808",34
202000021540,20,8,7,12:10,1,2,1,1,3,69266,M,"45,7702200","4,8752300",69
202000021541,20,10,6,20:40,5,2,1,2,2,33075,M,"44,8775900"," -0,5913400",33
202000021542,20,8,8,15:25,1,2,6,1,2,64348,M,"43,3304380"," -0,3852403",64
202000021543,20,9,18,19:24,1,2,2,1,3,29019,M,"48,4071036"," -4,5016407",29
202000021544,20,8,8,11:05,1,2,2,1,3,64024,M,"43,4819000"," -1,5091800",64
202000021545,20,10,6,22:10,3,2,9,1,6,27229,M,"49,0220900","1,1356000",27
202000021546,20,8,8,22:20,5,2,2,1,3,59599,M,"50,7198000","3,1738000",59
202000021547,20,10,6,21:00,5,2,1,2,4,13215,M,"43,3600300","5,3645400",13
202000021548,20,8,7,07:50,1,2,1,1,7,59359,M,"51,0000230","2,2521060",59
202000021549,20,10,6,15:15,1,2,1,2,3,13203,M,"43,3198400","5,3674700",13
202000021550,20,10,6,17:20,1,2,1,2,3,13202,M,"43,3086983","5,3686767",13
202000021551,20,8,8,21:30,5,2,1,1,1,42187,M,"46,0437900","4,0716000",42
202000021552,20,10,6,17:37,1,2,1,8,6,10387,M,"48,2990420","4,0850400",10
202000021553,20,8,7,21:30,2,1,1,1,2,42187,M,"46,0523600","4,0810600",42
202000021554,20,8,11,14:15,1,2,3,1,3,38185,M,"45,1640100","5,7286300",38
202000021555,20,10,5,17:15,1,2,3,8,1,05061,M,"44,5666000","6,0632100",05
202000021556,20,8,8,21:00,5,2,9,1,5,34172,M,"43,5821500","3,8635500",34
202000021557,20,9,30,16:58,1,2,3,1,7,05061,M,"44,5549830","6,0745503",05
202000021558,20,10,5,11:45,1,2,6,1,3,04070,M,"44,0720369","6,1800402",04
202000021559,20,8,7,18:20,1,2,3,1,-1,34172,M,"43,6019300","3,8916600",34
202000021560,20,10,6,14:15,1,2,1,1,6,75120,M,"48,8483160","2,4147680",75
202000021561,20,8,8,22:15,5,2,3,1,6,33063,M,"44,8415400"," -0,6193300",33
202000021562,20,8,8,07:15,2,2,3,1,6,33318,M,"44,8090900"," -0,6338300",33
202000021563,20,10,6,09:30,1,2,4,1,4,75116,M,"48,8697010","2,2712660",75
202000021564,20,10,5,18:40,1,2,1,2,2,75116,M,"48,8572460","2,2584890",75
202000021565,20,8,8,03:20,5,2,3,1,7,33063,M,"44,8260400"," -0,5367400",33
202000021566,20,10,6,08:20,1,2,2,2,6,75120,M,"48,8646670","2,4046400",75
202000021567,20,8,8,16:05,1,2,2,1,6,33009,M,"44,6613200"," -1,1743900",33
202000021568,20,10,6,18:30,2,2,1,1,6,75118,M,"48,8839700","2,3272350",75
202000021569,20,10,6,17:20,1,2,3,1,6,75115,M,"48,8317070","2,2930160",75
202000021570,20,8,8,16:08,1,2,2,1,1,30189,M,"43,8169200","4,3531000",30
202000021571,20,8,7,19:30,1,2,6,7,7,29232,M,"47,9910494"," -4,0740051",29
202000021572,20,10,5,12:05,1,2,5,8,6,75114,M,"48,8297630","2,3339340",75
202000021573,20,8,9,00:40,1,2,1,8,7,25056,M,"47,2518250","5,9857250",25
202000021574,20,10,6,14:00,1,2,1,1,6,75113,M,"48,8241970","2,3513250",75
202000021575,20,8,7,15:05,1,2,3,8,3,25056,M,"47,2196260","5,9754360",25
202000021576,20,7,29,15:00,1,2,2,1,3,18033,M,"47,0715618","2,3903463",18
202000021577,20,10,6,14:35,1,2,3,2,3,75112,M,"48,8415740","2,4048810",75
202000021578,20,10,6,14:30,1,2,2,2,4,75108,M,"48,8723600","2,2994900",75
202000021579,20,8,8,21:50,5,2,1,1,6,13206,M,"43,2852800","5,3851100",13
202000021580,20,8,8,20:10,1,2,1,1,6,13211,M,"43,2944590","5,4755360",13
202000021581,20,10,6,10:05,1,2,5,8,6,75108,M,"48,8796520","2,3270130",75
202000021582,20,10,6,08:30,1,2,3,1,4,75108,M,"48,8710830","2,3034890",75
202000021583,20,8,8,16:10,1,2,1,1,2,13207,M,"43,2862240","5,3512080",13
202000021584,20,10,6,17:42,1,2,1,1,6,75107,M,"48,8607510","2,3186030",75
202000021585,20,8,4,19:40,1,2,6,1,2,13202,M,"43,2968900","5,3626900",13
202000021586,20,10,6,07:55,1,2,2,2,3,75107,M,"48,8570680","2,3042120",75
202000021587,20,8,8,13:15,1,2,1,1,2,13209,M,"43,2450000","5,4140000",13
202000021588,20,8,8,12:50,1,2,1,1,6,13204,M,"43,3123970","5,4014300",13
202000021589,20,10,6,01:23,5,2,4,8,4,75114,M,"48,8209250","2,3217860",75
202000021590,20,10,6,11:30,1,2,2,2,3,75104,M,"48,8540480","2,3557470",75
202000021591,20,8,8,04:15,5,2,9,1,-1,13204,M,"43,3017428","5,4006547",13
202000021592,20,10,6,15:15,1,2,1,2,2,94076,M,"48,7904920","2,3537440",94
202000021593,20,8,8,21:00,2,2,1,1,6,13047,M,"43,5092100","4,9835300",13
202000021594,20,8,8,12:35,1,1,1,1,6,13047,M,"43,4794610","4,9964140",13
202000021595,20,10,6,08:45,1,2,3,2,3,94041,M,"48,8122900","2,3719500",94
202000021596,20,8,5,17:30,1,1,3,1,5,13098,M,"43,4375100","5,0144600",13
202000021597,20,10,5,06:30,5,2,1,2,3,94019,M,"48,7953100","2,5574800",94
202000021598,20,8,8,22:20,5,2,1,1,7,13001,M,"43,5265000","5,4448000",13
202000021599,20,10,5,13:00,1,2,1,2,5,94004,M,"48,7455700","2,5083600",94
202000021600,20,8,8,17:50,1,2,2,1,1,10297,M,"48,3180600","4,1041000",10
202000021601,20,10,6,20:10,5,2,1,2,1,94018,M,"48,8219000","2,4155000",94
202000021602,20,10,6,11:10,1,2,1,1,6,94002,M,"48,8009300","2,4223100",94
202000021603,20,10,5,19:47,5,2,3,2,3,94002,M,"48,8064900","2,4192100",94
202000021604,20,10,6,10:30,1,1,2,2,3,93073,M,"49,0027404","2,5387090",93
202000021605,20,10,6,05:22,5,2,1,2,1,93072,M,"48,9535200","2,3913900",93
202000021606,20,10,6,19:48,5,2,1,1,6,93071,M,"48,9399000","2,5169700",93
202000021607,20,10,6,13:20,1,2,1,1,6,93066,M,"48,9369000","2,3720000",93
202000021608,20,10,6,15:10,1,2,1,9,6,93064,M,"48,8772700","2,4800200",93
202000021609,20,10,6,07:40,2,2,2,2,-1,93064,M,"48,8765000","2,4760300",93
202000021610,20,10,6,19:20,5,2,1,8,3,93050,M,"48,8645628","2,5532595",93
202000021611,20,10,5,19:50,5,2,1,2,6,93079,M,"48,9656100","2,3444800",93
202000021612,20,10,6,18:45,1,2,3,2,3,93027,M,"48,9233000","2,3951000",93
202000021613,20,10,6,19:15,5,2,1,2,6,93047,M,"48,9016825","2,5593634",93
202000021614,20,10,6,21:40,5,2,1,2,3,93057,M,"48,9097200","2,5065600",93
202000021615,20,10,6,10:00,1,2,1,2,6,93001,M,"48,9082790","2,3874946",93
202000021616,20,10,6,10:00,1,2,1,8,3,93001,M,"48,9098200","2,3786800",93
202000021617,20,10,3,14:30,1,2,1,1,-1,92063,M,"48,8705700","2,1592900",92
202000021618,20,9,29,19:30,2,2,1,1,6,92063,M,"48,8676400","2,1996100",92
202000021619,20,10,6,20:50,5,2,1,1,3,92044,M,"48,8925252","2,2815890",92
202000021620,20,10,6,17:35,1,2,7,3,3,92035,M,"48,9072830","2,2403570",92
202000021621,20,10,6,11:30,1,2,1,2,3,92007,M,"48,7908891","2,3196591",92
202000021622,20,10,2,10:30,1,2,1,8,4,92004,M,"48,9133100","2,3071000",92
202000021623,20,10,6,09:00,1,2,1,1,3,92004,M,"48,9059447","2,2893964",92
202000021624,20,10,7,13:00,1,1,1,8,7,22180,M,"48,4190620"," -2,2174790",22
202000021625,20,10,7,14:40,1,1,1,3,6,25479,M,"47,4151370","6,5787940",25
202000021626,20,10,6,12:15,1,1,1,3,7,62261,M,"50,4971590","1,6376500",62
202000021627,20,10,6,15:06,1,2,1,2,2,68043,M,"47,8556140","7,2669410",68
202000021628,20,10,6,18:45,5,2,1,1,6,97413,R," -21,1660640","55,2875800",974
202000021629,20,10,6,20:00,3,1,9,1,6,34032,M,"43,3615770","3,2747630",34
202000021630,20,10,7,07:45,1,1,2,8,5,71002,M,"46,7503741","5,0371771",71
202000021631,20,10,5,10:10,1,2,1,1,6,30334,M,"44,0030010","4,4162840",30
202000021632,20,10,5,14:45,1,2,2,2,3,22175,M,"48,4482690"," -2,3878630",22
202000021633,20,10,4,16:30,1,1,1,2,7,19274,M,"45,1886392","1,4895481",19
202000021634,20,10,7,18:30,1,1,1,1,1,69070,M,"46,0240500","4,3902610",69
202000021635,20,10,1,17:15,1,2,4,2,4,71584,M,"46,4461520","4,8652050",71
202000021636,20,10,6,08:40,2,1,1,2,6,61324,M,"48,5288030"," -0,7460110",61
202000021637,20,10,3,23:55,3,1,2,2,3,49018,M,"47,4694140"," -0,1020530",49
202000021638,20,10,3,16:15,1,2,3,8,6,42156,M,"45,9021340","4,1807430",42
202000021639,20,10,6,16:45,1,2,1,2,6,68240,M,"47,5738620","7,2884850",68
202000021640,20,10,6,19:15,3,2,1,8,6,39209,M,"46,4075120","5,3999040",39
202000021641,20,10,6,18:00,1,1,2,2,3,39061,M,"46,5894110","5,7302040",39
202000021642,20,10,6,08:45,1,2,1,1,3,44069,M,"47,3323770"," -2,4220880",44
202000021643,20,10,6,12:30,1,1,1,3,1,35207,M,"48,0802310"," -1,5130270",35
202000021644,20,10,6,18:00,1,1,1,1,7,29182,M,"48,6256820"," -3,6928028",29
202000021645,20,10,7,15:50,1,1,2,1,3,38434,M,"45,5260660","5,5522420",38
202000021646,20,10,6,12:00,1,2,1,2,7,03254,M,"46,3072698","3,2930377",03
202000021647,20,10,5,11:35,1,1,1,2,5,54073,M,"48,6443660","5,8923630",54
202000021648,20,10,6,21:10,3,1,1,2,6,72358,M,"48,0511480","0,5182460",72
202000021649,20,10,7,14:45,1,1,1,1,6,05123,M,"44,5483780","5,9816510",05
202000021650,20,10,7,13:40,1,1,1,2,7,09299,M,"42,9132210","1,1948060",09
202000021651,20,10,4,20:40,3,1,1,2,6,18160,M,"46,9902170","2,8141740",18
202000021652,20,10,6,11:15,1,1,4,2,1,43198,M,"44,9708630","3,7089370",43
202000021653,20,10,7,16:15,1,1,1,1,1,10231,M,"48,5016210","3,4662720",10
202000021654,20,10,7,17:50,1,2,3,1,1,27467,M,"49,3584100","0,5089700",27
202000021655,20,10,6,11:30,1,1,3,2,7,87185,M,"45,8867330","1,0144440",87
202000021656,20,10,6,13:55,1,2,1,2,1,30325,M,"43,9775720","3,7150200",30
202000021657,20,10,4,19:00,5,2,1,1,6,97801,,"18,0693150"," -63,0352970",978
202000021658,20,10,6,15:20,1,2,1,1,1,35210,M,"48,1490370"," -1,7883410",35
202000021659,20,10,7,07:40,2,1,1,1,6,01323,M,"46,4200520","4,9319440",01
202000021660,20,10,7,10:00,1,2,9,1,3,69244,M,"45,7673770","4,7617470",69
202000021661,20,10,6,17:55,1,1,1,2,4,68042,M,"47,6195290","7,5131030",68
202000021662,20,10,6,07:55,2,1,1,3,7,51507,M,"49,0762164","4,9162008",51
202000021663,20,10,7,06:40,3,1,1,1,1,01224,M,"45,7839260","5,2283980",01
202000021664,20,10,6,16:30,1,1,1,1,6,98740,P," -14,9448640"," -147,7067840",987
202000021665,20,10,6,06:40,1,1,1,1,3,98733,P," -17,6766850"," -149,5890820",987
202000021666,20,9,10,06:00,1,1,9,1,1,98733,P," -17,6884280"," -149,5781490",987
202000021667,20,8,19,23:00,3,1,2,1,3,97125,A,"16,2956730"," -61,3018870",971
202000021668,20,10,7,04:15,3,1,1,1,6,77477,M,"48,3326152","2,5909688",77
202000021669,20,10,7,16:15,1,1,4,1,3,77091,M,"48,7424848","2,8307337",77
202000021670,20,10,6,15:00,1,1,1,2,2,95212,M,"49,0351110","2,5624910",95
202000021671,20,10,7,08:55,1,1,1,8,1,78320,M,"49,0306060","1,5543280",78
202000021672,20,10,6,17:00,1,1,1,1,2,83094,M,"43,3412540","6,5598460",83
202000021673,20,10,7,16:00,1,1,1,1,1,69163,M,"45,9071838","4,7433881",69
202000021674,20,10,6,22:50,3,1,1,3,6,81112,M,"43,9204370","2,0119573",81
202000021675,20,10,7,11:05,1,1,6,1,3,14068,M,"49,2293970"," -0,3713250",14
202000021676,20,10,6,23:25,3,1,1,1,6,35047,M,"48,0500730"," -1,7478670",35
202000021677,20,10,7,15:30,1,2,1,1,6,60360,M,"49,3286290","2,4626500",60
202000021678,20,10,7,11:50,1,2,2,1,5,60090,M,"49,1751035","1,9096686",60
202000021679,20,10,7,16:45,1,1,2,1,3,60009,M,"49,3995730","2,0824590",60
202000021680,20,10,7,15:40,1,2,1,1,6,62014,M,"50,6395750","2,4028190",62
202000021681,20,10,2,17:30,1,1,1,2,1,59256,M,"50,5753880","3,1180140",59
202000021682,20,10,6,14:40,1,1,1,1,2,13026,M,"43,3782490","5,1700270",13
202000021683,20,10,2,09:30,1,1,1,1,2,59512,M,"50,7028301","3,1601599",59
202000021684,20,10,2,11:30,1,1,1,1,3,59343,M,"50,6003280","3,1307850",59
202000021685,20,10,6,09:45,1,1,1,8,7,91659,M,"48,5936770","2,4437590",91
202000021686,20,10,6,10:00,1,1,1,1,2,91687,M,"48,6649000","2,3642000",91
202000021687,20,10,6,08:40,1,1,1,2,2,91553,M,"48,6317000","2,4946000",91