Num_Acc,an,mois,jour,hrmn,lum,agg,int,atm,col,com,gps,lat,long,dep
202000021688,20,10,6,06:45,3,1,1,2,6,91064,M,"48,7489200","2,2143200",91
202000021689,20,10,6,12:38,1,1,1,2,2,92064,M,"48,8395693","2,2020815",92
202000021690,20,10,6,07:00,3,1,1,2,4,78466,M,"48,9266900","1,9938500",78
202000021691,20,10,6,06:45,3,2,1,3,4,78466,M,"48,9274920","1,9918690",78
202000021692,20,10,5,07:05,2,1,1,2,2,92050,M,"48,9000875","2,2094467",92
202000021693,20,10,6,16:10,1,1,9,1,3,93008,M,"48,9083227","2,4507338",93
202000021694,20,10,6,10:10,1,1,1,8,6,95582,M,"48,9641319","2,2632091",95
202000021695,20,10,6,09:15,1,1,1,8,3,92036,M,"48,9385170","2,3000176",92
202000021696,20,10,6,10:00,1,1,1,1,5,93006,M,"48,8636691","2,4132376",93
202000021697,20,10,5,21:00,3,1,1,3,6,95018,M,"48,9566900","2,2745900",95
202000021698,20,10,6,15:00,1,1,1,1,2,94028,M,"48,7795000","2,4406000",94
202000021699,20,10,6,09:40,1,1,1,1,2,93051,M,"48,8362280","2,5531390",93
202000021700,20,10,5,23:40,3,1,1,2,6,77169,M,"48,8248330","2,6157170",77
202000021701,20,5,14,10:10,1,2,3,1,6,05061,M,"44,5633466","6,0838944",05
202000021702,20,6,14,19:30,1,2,1,1,6,45234,M,"47,9211000","1,9321700",45
202000021703,20,10,6,08:00,1,2,6,1,3,98818,C," -22,2867600","166,4572700",988
202000021704,20,10,5,16:50,1,1,1,2,7,97416,R," -21,3094400","55,4336600",974
202000021705,20,10,5,08:10,1,1,1,8,2,97411,R," -20,8769000","55,4142900",974
202000021706,20,10,5,07:05,1,2,1,1,3,97302,G,"4,9337586"," -52,3233640",973
202000021707,20,10,5,19:40,5,2,2,2,6,69388,M,"45,7293100","4,8607800",69
202000021708,20,10,5,12:55,1,2,2,8,3,69388,M,"45,7315100","4,8738800",69
202000021709,20,10,5,08:10,1,2,2,1,3,69383,M,"45,7570800","4,8616600",69
202000021710,20,10,5,07:45,2,2,1,1,3,69383,M,"45,7576200","4,8715000",69
202000021711,20,9,18,16:30,1,1,1,1,3,2B120,M,"42,6500000","9,4167000",2B
202000021712,20,10,4,04:45,1,1,1,1,6,97101,A,"16,2395000"," -61,5230000",971
202000021713,20,10,5,17:55,1,2,1,1,5,2A004,M,"41,9368788","8,7536776",2A
202000021714,20,10,5,18:40,2,2,9,3,2,95539,M,"49,0094601","2,3528919",95
202000021715,20,10,3,10:15,1,2,2,1,3,91377,M,"48,7246000","2,2685300",91
202000021716,20,10,5,13:20,1,2,1,2,6,91687,M,"48,6667190","2,3646290",91
202000021717,20,10,3,16:16,1,2,1,2,6,87085,M,"45,8835500","1,2888600",87
202000021718,20,10,2,22:42,5,2,1,3,6,87085,M,"45,8406900","1,2877400",87
202000021719,20,10,3,14:51,1,2,1,3,6,87085,M,"45,8395500","1,2840500",87
202000021720,20,10,4,12:50,1,1,1,8,7,86158,M,"46,6295880","0,2648820",86
202000021721,20,9,17,20:25,2,2,1,1,6,84031,M,"44,0471500","5,0481700",84
202000021722,20,7,7,00:50,5,2,6,1,3,84007,M,"43,9288200","4,8124800",84
202000021723,20,10,5,22:35,3,1,1,1,7,83069,M,"43,1713000","6,1157900",83
202000021724,20,10,5,00:40,5,2,9,2,7,78551,M,"48,9023200","2,0856800",78
202000021725,20,10,3,16:20,1,2,2,1,3,77146,M,"48,8260300","2,6367700",77
202000021726,20,10,2,20:55,5,1,6,1,6,76341,M,"49,5042000","0,1954000",76
202000021727,20,10,3,08:47,2,2,1,1,6,76351,M,"49,5065600","0,1091600",76
202000021728,20,9,8,07:45,2,2,1,1,7,70550,M,"47,6240000","6,1642600",70
202000021729,20,9,3,16:36,1,1,1,1,5,70550,M,"47,6398800","6,1421200",70
202000021730,20,10,5,08:00,1,2,1,8,6,67482,M,"48,5740760","7,7846000",67
202000021731,20,10,4,11:10,1,2,1,8,3,67482,M,"48,5634200","7,7385300",67
202000021732,20,10,3,10:45,1,2,1,3,6,67447,M,"48,6015300","7,7449400",67
202000021733,20,10,2,23:00,5,2,1,8,2,67482,M,"48,5828500","7,7868400",67
202000021734,20,10,2,14:00,1,2,3,8,3,67365,M,"48,5431600","7,6972800",67
202000021735,20,10,2,09:30,1,2,3,8,3,67482,M,"48,5635700","7,7677100",67
202000021736,20,10,5,19:00,1,2,3,8,3,65440,M,"43,2251000","0,0589500",65
202000021737,20,10,5,07:55,2,2,9,2,3,64445,M,"43,3145900"," -0,3634100",64
202000021738,20,10,4,11:35,1,2,1,2,3,64024,M,"43,4801400"," -1,5210300",64
202000021739,20,10,5,08:50,1,1,2,1,3,59352,M,"50,7277850","3,0520730",59
202000021740,20,10,5,07:39,5,2,1,3,6,57757,M,"49,3615968","6,1918730",57
202000021741,20,10,2,11:02,1,2,2,2,3,47001,M,"44,1921200","0,6153000",47
202000021742,20,10,5,08:15,2,2,1,2,6,45234,M,"47,8680670","1,9235030",45
202000021743,20,10,2,23:59,3,1,1,6,7,44184,M,"47,2891900"," -2,2270000",44
202000021744,20,10,5,13:30,1,1,9,1,2,35238,M,"48,0818500"," -1,6759600",35
202000021745,20,11,13,05:30,1,1,1,1,7,67375,M,"48,6408132","7,6714810",67
202000021746,20,11,11,18:59,3,1,9,1,6,77002,M,"48,7478060","3,1126820",77
202000021747,20,11,13,20:35,3,1,1,2,7,30135,M,"43,8271280","4,5354760",30
202000021748,20,11,13,11:30,1,2,3,2,3,51210,M,"49,0679360","3,9650713",51
202000021749,20,11,12,16:00,1,1,1,1,2,76367,M,"49,5014130","1,0810800",76
202000021750,20,11,13,10:31,1,1,1,8,6,80827,M,"50,0659820","1,5524520",80
202000021751,20,11,12,09:37,1,1,3,1,2,71528,M,"46,6218327","5,1416196",71
202000021752,20,11,13,13:30,1,2,3,8,3,55543,M,"48,7010910","5,3027540",55
202000021753,20,11,12,23:50,3,1,1,1,6,44148,M,"47,7576700"," -1,5026910",44
202000021754,20,11,10,10:20,1,2,1,1,7,31187,M,"43,5351330","1,2082390",31
202000021755,20,11,13,00:30,3,1,1,1,6,26106,M,"44,6339100","4,7706200",26
202000021756,20,11,13,11:00,1,1,1,1,3,72191,M,"47,7509100","0,2587260",72
202000021757,20,11,12,15:40,1,1,1,8,6,14172,M,"49,3415660"," -0,7430680",14
202000021758,20,11,12,08:40,1,1,3,1,1,18180,M,"46,9848560","2,4401720",18
202000021759,20,11,13,15:30,1,1,1,1,1,43077,M,"44,8858270","3,8474040",43
202000021760,20,11,10,14:15,1,1,1,1,7,53257,M,"47,9606140"," -0,3886520",53
202000021761,20,11,11,13:15,1,2,1,1,6,85282,M,"46,7056120"," -0,9970410",85
202000021762,20,11,12,18:00,2,1,1,1,6,30223,M,"44,1778820","4,1707560",30
202000021763,20,11,12,06:45,3,1,1,9,7,62471,M,"50,6731210","2,2489460",62
202000021764,20,11,13,01:10,3,2,1,1,1,98825,C," -21,1203740","164,9080900",988
202000021765,20,11,13,14:25,1,1,1,1,2,97305,G,"5,0687590"," -52,5407840",973
202000021766,20,11,6,16:40,1,2,1,1,1,97117,A,"16,3242990"," -61,3491850",971
202000021767,20,11,12,09:32,1,2,1,7,6,77272,M,"48,5582970","3,1478350",77
202000021768,20,11,12,13:10,1,1,1,1,2,77005,M,"48,9328750","2,7281120",77
202000021769,20,11,12,13:00,1,1,1,1,1,30203,M,"44,2467360","4,0559720",30
202000021770,20,11,13,08:15,1,2,1,1,6,67254,M,"48,9334643","7,8602415",67
202000021771,20,11,12,10:10,1,1,1,1,6,73013,M,"45,2016675","6,3146430",73
202000021772,20,11,13,14:35,1,2,2,1,6,73320,M,"45,2615941","6,3769242",73
202000021773,20,11,12,14:45,1,2,2,1,3,38349,M,"45,3175600","4,7787400",38
202000021774,20,11,12,17:55,3,1,1,1,2,09002,M,"42,9902560","1,8755720",09
202000021775,20,10,29,20:00,5,1,6,1,7,31395,M,"43,4811040","1,3364060",31
202000021776,20,11,13,10:45,1,2,6,2,7,60395,M,"49,2147340","2,1476820",60
202000021777,20,11,13,12:00,1,1,1,2,6,62751,M,"50,8754244","1,7495881",62
202000021778,20,11,12,10:30,1,1,1,1,7,13215,M,"43,3415700","5,3766700",13
202000021779,20,11,12,16:45,1,1,1,1,3,94034,M,"48,7616700","2,3153900",94
202000021780,20,11,12,10:25,1,1,1,1,2,91216,M,"48,6817000","2,3305700",91
202000021781,20,11,12,12:40,1,1,1,1,2,92036,M,"48,9314600","2,3022800",92
202000021782,20,11,12,20:15,3,1,1,1,4,95277,M,"48,9750000","2,4841000",95
202000021783,20,11,12,11:40,1,1,1,1,4,95582,M,"48,9675800","2,2535430",95
202000021784,20,11,12,06:35,3,1,1,1,6,93005,M,"48,9631399","2,4719456",93
202000021785,20,11,11,19:00,3,1,1,1,2,93005,M,"48,9581600","2,4630400",93
202000021786,20,11,11,00:10,3,1,1,1,5,95252,M,"48,9881100","2,2432000",95
202000021787,20,10,29,19:35,3,1,1,1,4,77438,M,"48,8544400","2,6634200",77
202000021788,20,11,12,07:45,1,1,1,1,-1,94018,M,"48,8180000","2,4110000",94
202000021789,20,11,6,22:45,5,2,3,1,6,98818,C," -22,2997500","166,4383500",988
202000021790,20,11,7,11:00,1,1,9,1,6,97407,R," -20,9429100","55,3052400",974
202000021791,20,11,8,17:05,1,2,1,1,6,97407,R," -20,9395900","55,3027700",974
202000021792,20,11,11,17:19,2,2,1,1,3,97302,G,"4,9378739"," -52,3260999",973
202000021793,20,11,12,02:45,5,2,1,1,7,69387,M,"45,7490300","4,8423400",69
202000021794,20,11,11,17:50,5,2,2,1,3,69383,M,"45,7571100","4,8616300",69
202000021795,20,11,10,10:20,1,2,2,1,3,97209,A,"14,6035000"," -61,0733000",972
202000021796,20,11,10,12:00,1,2,1,1,2,69384,M,"45,7797200","4,8274500",69
202000021797,20,11,10,19:07,5,2,3,1,3,91027,M,"48,7085900","2,3714500",91
202000021798,20,11,10,18:45,5,2,1,1,6,91589,M,"48,6757150","2,3390670",91
202000021799,20,11,6,15:05,1,2,1,1,6,80021,M,"49,9116500","2,3071300",80
202000021800,20,11,5,22:05,5,2,1,1,6,80021,M,"49,8952900","2,2835900",80
202000021801,20,11,7,16:20,1,2,1,1,1,80021,M,"49,9177200","2,2997900",80
202000021802,20,11,11,18:50,5,2,4,1,1,78005,M,"48,9599000","2,0682700",78
202000021803,20,11,11,12:40,1,2,2,1,3,59350,M,"50,6166700","3,0629800",59
202000021804,20,11,11,07:30,2,2,6,5,7,51454,M,"49,2643894","4,0098964",51
202000021805,20,11,11,14:40,1,2,1,1,6,38185,M,"45,1697400","5,7321400",38
202000021806,20,11,11,20:00,5,2,1,1,5,13203,M,"43,3195840","5,3674600",13
202000021807,20,11,11,19:30,5,2,4,1,3,13213,M,"43,3378640","5,4208080",13
202000021808,20,11,11,15:20,1,2,1,1,-1,13210,M,"43,2832800","5,4266200",13
202000021809,20,11,11,15:10,1,2,1,1,2,13206,M,"43,2871000","5,3771330",13
202000021810,20,11,10,20:15,5,2,1,1,3,13211,M,"43,2866057","5,4447624",13
202000021811,20,10,31,16:40,1,2,1,7,6,04070,M,"44,0929471","6,2348190",04
202000021812,20,11,11,12:30,1,2,3,1,3,75118,M,"48,8978870","2,3383690",75
202000021813,20,11,10,19:49,5,2,1,1,6,75110,M,"48,8772730","2,3612590",75
202000021814,20,11,11,10:40,1,2,1,1,3,75117,M,"48,8822880","2,2999690",75
202000021815,20,11,11,15:50,1,2,3,8,3,75110,M,"48,8792470","2,3629080",75
202000021816,20,11,11,16:25,1,2,3,1,7,75108,M,"48,8670030","2,3160090",75
202000021817,20,11,11,19:45,5,2,3,1,2,75104,M,"48,8509030","2,3672740",75
202000021818,20,11,11,11:20,1,2,7,1,6,75101,M,"48,8637950","2,3319550",75
202000021819,20,11,11,23:20,5,2,2,1,3,93064,M,"48,8830200","2,4919100",93
202000021820,20,11,11,19:50,5,2,1,1,3,93014,M,"48,8991171","2,5428745",93
202000021821,20,11,11,00:10,5,2,1,8,7,92012,M,"48,8392769","2,2455358",92
202000021822,20,11,12,07:15,2,1,1,5,6,38107,M,"45,4724000","4,7930500",38
202000021823,20,11,11,20:40,5,2,1,1,6,97404,R," -21,2600260","55,3574630",974
202000021824,20,11,12,16:35,2,1,3,1,2,63278,M,"45,9265280","3,1648780",63
202000021825,20,11,12,07:34,1,1,1,1,2,22228,M,"48,5490010"," -3,4112550",22
202000021826,20,11,12,14:22,1,1,1,1,2,76244,M,"49,7027440","1,3688920",76
202000021827,20,11,12,15:00,1,2,1,8,6,38383,M,"45,3787060","5,6289110",38
202000021828,20,11,12,11:43,1,1,2,1,3,44137,M,"47,3659040"," -2,0247780",44
202000021829,20,11,11,19:15,3,1,1,1,2,83031,M,"43,3987100","6,3647480",83
202000021830,20,11,11,17:00,2,1,1,1,6,83087,M,"43,3960165","5,8004139",83
202000021831,20,11,11,01:50,5,2,9,1,6,57655,M,"48,9672750","6,2972500",57
202000021832,20,11,10,15:00,1,1,2,1,3,74104,M,"45,7774680","6,2131330",74
202000021833,20,11,11,17:20,1,2,3,1,6,63030,M,"46,0244910","3,3012470",63
202000021834,20,11,11,02:40,3,1,1,1,6,61346,M,"48,8938750","0,1092130",61
202000021835,20,11,12,17:25,5,2,1,1,3,55063,M,"49,2954640","5,7386610",55
202000021836,20,11,12,08:30,1,1,1,1,6,47021,M,"44,1620890","0,2863960",47
202000021837,20,11,12,07:45,2,1,1,1,6,02294,M,"49,5220050","3,5876370",02
202000021838,20,11,12,07:55,1,1,1,1,3,06038,M,"43,6738700","6,9895690",06
202000021839,20,11,9,16:30,1,1,3,1,1,14600,M,"49,0664150","0,0740720",14
202000021840,20,11,11,22:45,3,1,4,1,6,60304,M,"49,5770655","2,0169750",60
202000021841,20,11,10,08:05,2,2,6,5,3,24553,M,"45,2542370","0,4884520",24
202000021842,20,11,12,10:12,1,2,1,1,2,97801,,"18,0779630"," -63,0290510",978
202000021843,20,11,11,21:30,5,1,9,1,1,13112,M,"43,5194120","5,2326570",13
202000021844,20,11,12,04:12,3,1,1,1,1,42212,M,"45,9660260","4,1347870",42
202000021845,20,11,6,15:00,1,1,1,1,6,98803,C," -21,6663620","165,5438380",988
202000021846,20,11,11,17:45,2,1,1,1,6,66208,M,"42,6332170","2,9414820",66
202000021847,20,11,11,16:00,1,2,1,1,6,30090,M,"44,3782710","3,9423120",30
202000021848,20,11,10,16:15,1,2,1,1,3,13081,M,"43,4871630","5,2216170",13
202000021849,20,11,12,19:10,5,1,3,1,3,71555,M,"46,7115810","4,8650660",71
202000021850,20,11,9,18:15,5,2,1,1,3,88367,M,"48,3388720","6,6568620",88
202000021851,20,11,12,15:10,1,1,1,1,7,55389,M,"49,0157500","5,1678230",55
202000021852,20,11,12,17:50,2,1,1,1,3,81039,M,"43,7540590","1,9260890",81
202000021853,20,11,12,11:15,1,2,2,1,6,50601,M,"49,0350560"," -0,9788370",50
202000021854,20,11,12,09:35,1,2,6,7,6,35136,M,"47,9621300"," -1,5018260",35
202000021855,20,11,10,22:25,3,1,1,1,3,78524,M,"48,8404600","2,1129700",78
202000021856,20,11,9,00:45,3,1,1,1,3,77058,M,"48,8286901","2,7279370",77
202000021857,20,7,30,15:30,1,2,2,1,5,84007,M,"43,9257200","4,8772300",84
202000021858,20,11,9,17:25,1,2,2,8,3,98735,P," -17,5319100"," -149,5610400",987
202000021859,20,11,10,20:05,4,2,1,1,6,69387,M,"45,7483400","4,8450300",69
202000021860,20,11,10,16:55,1,2,1,1,6,69389,M,"45,7952900","4,8252300",69
202000021861,20,11,9,12:17,1,2,1,1,6,69034,M,"45,7931639","4,8339710",69
202000021862,20,11,6,04:00,5,2,9,1,6,97107,A,"16,0499790"," -61,5587997",971
202000021863,20,11,9,11:00,1,2,1,1,6,91223,M,"48,4265000","2,1679500",91
202000021864,20,11,9,11:35,1,1,9,1,6,83009,M,"43,1454500","5,7479730",83
202000021865,20,11,10,15:10,1,2,3,1,3,79191,M,"46,3298700"," -0,4423700",79
202000021866,20,11,10,13:30,1,2,8,1,1,71270,M,"46,2938131","4,8084819",71
202000021867,20,11,10,18:00,5,2,1,1,3,69266,M,"45,7678200","4,8884800",69
202000021868,20,11,9,18:00,5,2,1,1,2,69275,M,"45,7709900","4,9588000",69
202000021869,20,11,9,16:15,2,2,1,1,4,67482,M,"48,5696300","7,7626000",67
202000021870,20,11,6,20:30,5,2,1,1,3,67482,M,"48,5866865","7,7637676",67
202000021871,20,11,10,19:18,5,2,1,8,-1,64445,M,"43,3174600"," -0,3784300",64
202000021872,20,11,9,18:24,5,2,1,1,6,63113,M,"45,7821933","3,0733488",63
202000021873,20,9,12,18:20,1,2,1,1,1,62624,M,"50,4227520","2,9879780",62
202000021874,20,11,9,12:49,1,2,1,1,2,57666,M,"49,3443600","6,1385400",57
202000021875,20,11,9,19:45,2,2,1,1,3,54526,M,"48,6803800","6,2131500",54
202000021876,20,11,9,18:15,5,2,3,1,3,54159,M,"48,6261600","6,3483300",54
202000021877,20,11,10,17:35,5,2,6,2,7,51454,M,"49,2645677","4,0095244",51
202000021878,20,11,10,07:55,2,1,2,8,3,50532,M,"48,8140000"," -1,5437000",50
202000021879,20,11,9,16:25,1,2,3,1,1,41018,M,"47,5778200","1,3047600",41
202000021880,20,11,8,10:10,1,2,6,7,3,40192,M,"43,8819900"," -0,4871900",40
202000021881,20,11,10,20:20,3,2,2,1,-1,37261,M,"47,4199991","0,6838245",37
202000021882,20,11,10,19:40,5,2,1,1,7,35051,M,"48,1463900"," -1,6066700",35
202000021883,20,11,10,17:18,2,2,2,1,3,34172,M,"43,6090350","3,8907100",34
202000021884,20,11,9,23:19,5,2,1,8,6,34172,M,"43,6200515","3,8502842",34
202000021885,20,11,10,09:55,1,2,5,1,3,33522,M,"44,8067000"," -0,5861000",33
202000021886,20,11,3,18:57,5,2,2,1,6,33063,M,"44,8279200"," -0,5930700",33
202000021887,20,11,9,19:45,5,2,1,1,2,31555,M,"43,5948400","1,4523100",31
202000021888,20,11,10,19:50,3,2,9,1,-1,30007,M,"44,1338200","4,0832000",30
202000021889,20,10,1,18:55,1,2,9,1,3,30243,M,"44,0925000","4,0791000",30
202000021890,20,11,9,08:30,1,2,1,1,6,29232,M,"47,9935312"," -4,1060865",29
202000021891,20,11,9,14:18,1,2,1,1,7,29039,M,"47,8875777"," -3,9264497",29
202000021892,20,11,10,14:10,1,2,1,1,6,26057,M,"45,0351700","5,0530200",26
202000021893,20,11,8,13:40,1,2,1,1,7,22278,M,"48,5252800"," -2,7363300",22
202000021894,20,11,9,06:50,5,2,1,1,1,13117,M,"43,4331700","5,2428000",13
202000021895,20,11,10,21:45,5,2,1,1,3,13215,M,"43,3689000","5,3538700",13
202000021896,20,11,10,10:50,1,2,1,1,3,13047,M,"43,4991950","4,9877280",13
202000021897,20,11,10,13:30,1,2,1,1,2,13047,M,"43,5033700","4,9938300",13
202000021898,20,11,10,13:05,1,2,1,1,3,13028,M,"43,1957792","5,6126264",13
202000021899,20,11,10,21:58,5,2,1,8,2,10387,M,"48,2942800","4,0831900",10
202000021900,20,11,9,17:20,1,1,9,1,3,10081,M,"48,3015700","4,0257300",10
202000021901,20,11,10,17:27,1,2,1,1,3,06029,M,"43,5495900","6,9750000",06
202000021902,20,11,10,13:25,1,2,1,1,3,06123,M,"43,6633900","7,1846000",06
202000021903,20,11,10,10:50,1,2,3,1,1,06123,M,"43,6873300","7,1813300",06
202000021904,20,11,10,07:15,5,2,7,2,3,75120,M,"48,8651130","2,3983320",75
202000021905,20,11,10,15:08,1,2,1,1,3,75119,M,"48,8920470","2,3692300",75
202000021906,20,11,10,09:55,1,2,2,2,2,75118,M,"48,8987270","2,3586770",75
202000021907,20,11,10,09:00,1,2,4,2,2,75118,M,"48,8887510","2,3318430",75
202000021908,20,11,10,14:15,1,2,4,8,7,75115,M,"48,8420960","2,3030820",75
202000021909,20,11,10,16:00,1,2,3,2,6,75113,M,"48,8302950","2,3472080",75
202000021910,20,11,10,09:40,1,2,1,8,3,75113,M,"48,8237530","2,3772690",75
202000021911,20,11,10,13:00,1,2,3,2,3,75110,M,"48,8757540","2,3563620",75
202000021912,20,11,9,19:00,5,2,2,1,3,75107,M,"48,8516960","2,3190310",75
202000021913,20,11,10,15:15,1,2,2,2,3,75101,M,"48,8666840","2,3255720",75
202000021914,20,11,10,15:55,1,2,2,2,5,75102,M,"48,8662400","2,3525360",75
202000021915,20,11,10,13:20,1,2,9,1,3,94081,M,"48,7941600","2,3857800",94
202000021916,20,11,10,10:30,1,2,1,8,2,94067,M,"48,8444450","2,4175870",94
202000021917,20,11,10,11:50,1,2,1,2,3,94041,M,"48,8057500","2,3934100",94
202000021918,20,11,10,16:45,2,2,3,1,3,94065,M,"48,7450200","2,3603000",94
202000021919,20,11,9,07:25,1,2,1,1,2,94058,M,"48,8487960","2,4965403",94
202000021920,20,11,10,07:15,1,2,3,2,3,94077,M,"48,7306010","2,4260000",94
202000021921,20,11,10,17:00,1,2,1,1,6,93072,M,"48,9601800","2,3819700",93
202000021922,20,11,10,17:00,5,2,9,2,3,93071,M,"48,9305156","2,5175894",93
202000021923,20,11,10,18:13,5,2,9,8,6,93070,M,"48,9046600","2,3381900",93
202000021924,20,11,10,16:50,1,2,1,2,-1,93062,M,"48,8927098","2,5198890",93
202000021925,20,11,9,08:25,1,2,3,1,3,93029,M,"48,9185000","2,4486500",93
202000021926,20,11,10,08:10,1,2,3,3,6,93014,M,"48,9131432","2,5483035",93
202000021927,20,11,10,16:40,2,2,1,8,2,93001,M,"48,9142951","2,4034537",93
202000021928,20,11,10,09:25,1,2,1,8,2,92072,M,"48,8268630","2,2262480",92
202000021929,20,11,9,02:15,5,2,2,1,3,92050,M,"48,8972500","2,2243500",92
202000021930,20,11,9,15:20,1,2,1,1,3,92049,M,"48,8196258","2,3104638",92
202000021931,20,11,10,20:05,5,2,1,8,1,92023,M,"48,7830800","2,2475600",92
202000021932,20,11,11,16:10,1,1,1,8,1,08240,M,"49,6125520","4,3297930",08
202000021933,20,11,9,20:15,4,1,1,1,1,28006,M,"48,4367750","1,4222150",28
202000021934,20,11,10,05:30,3,1,1,1,6,44057,M,"47,5937560"," -2,0436290",44
202000021935,20,11,10,19:15,3,1,1,1,7,29213,M,"48,6186830"," -4,1108390",29
202000021936,20,11,11,00:37,3,1,1,1,6,29141,M,"48,3270640"," -3,8502360",29
202000021937,20,11,9,09:30,1,2,1,1,2,03200,M,"46,5578576","3,3097830",03
202000021938,20,11,11,14:40,1,1,1,7,6,73188,M,"45,6332893","6,3509857",73
202000021939,20,12,20,13:35,1,1,6,1,3,50219,M,"49,0553220"," -1,4840560",50
202000021940,20,12,20,22:30,5,2,1,9,6,43080,M,"45,3369510","3,8416960",43
202000021941,20,12,19,21:30,3,1,1,1,7,53190,M,"48,3805500"," -0,4154390",53
202000021942,20,12,20,15:30,1,1,1,3,6,85034,M,"46,6454290"," -1,1224080",85
202000021943,20,12,21,15:05,1,1,2,2,3,27026,M,"49,2304690","1,6221460",27
202000021944,20,12,20,16:00,1,2,1,1,6,17093,M,"45,8873830"," -1,2114680",17
202000021945,20,12,20,16:27,1,2,3,1,1,17355,M,"45,5306730"," -0,3664760",17
202000021946,20,12,16,10:30,1,1,1,8,2,30133,M,"43,5347590","4,1464000",30
202000021947,20,12,20,16:00,1,1,3,8,2,30341,M,"43,7158760","4,2840670",30
202000021948,20,12,21,13:44,1,2,3,2,3,52156,M,"48,4917030","5,1359800",52
202000021949,20,12,20,17:45,3,1,1,2,7,30020,M,"43,7493810","4,3041940",30
202000021950,20,12,20,19:35,3,1,1,8,6,73309,M,"45,5568830","5,7210230",73
202000021951,20,12,19,17:00,2,1,1,2,6,58264,M,"46,8020720","3,1196130",58
202000021952,20,12,19,20:15,5,2,1,1,6,98827,C," -21,3202810","165,1400900",988
202000021953,20,12,21,23:45,3,1,1,1,1,98821,C," -22,0805940","166,3136260",988
202000021954,20,12,15,16:15,1,1,1,1,3,97801,,"18,0598030"," -63,1077860",978
202000021955,20,12,18,07:06,3,1,1,1,2,77273,M,"49,0513538","2,7319908",77
202000021956,20,12,19,21:10,3,1,1,1,7,11295,M,"43,0592840","2,9074770",11
202000021957,20,12,19,18:50,5,2,1,1,6,34189,M,"43,2832090","2,7314610",34
202000021958,20,12,19,15:30,1,2,1,2,2,13046,M,"43,4320810","5,5470550",13
202000021959,20,12,19,14:55,1,2,2,2,3,67118,M,"48,5804860","7,6870390",67
202000021960,20,12,19,15:55,1,2,1,1,3,54459,M,"48,5904613","6,1703467",54
202000021961,20,12,19,17:57,3,1,1,2,6,63150,M,"45,8892840","3,0712040",63
202000021962,20,12,20,11:00,1,1,2,8,3,42155,M,"45,8064750","4,1405150",42
202000021963,20,12,20,11:05,1,1,1,2,6,69074,M,"46,0159010","4,6582460",69
202000021964,20,12,14,14:40,1,1,1,1,1,69116,M,"45,8034460","4,7748930",69
202000021965,20,12,20,17:30,2,1,1,1,1,65123,M,"43,0236080","0,1707330",65
202000021966,20,12,19,18:40,3,1,1,8,6,17452,M,"45,7732670"," -1,1303040",17
202000021967,20,12,19,19:25,3,1,1,1,1,86036,M,"47,0443390","0,0450470",86
202000021968,20,12,19,16:00,1,1,2,9,1,33498,M,"44,5848510"," -0,8887070",33
202000021969,20,12,20,06:15,3,2,1,8,6,49035,M,"47,4551430"," -0,5968080",49
202000021970,20,12,21,08:55,1,2,4,2,2,61382,M,"48,4560610"," -0,0351990",61
202000021971,20,12,20,18:10,5,1,6,1,2,27469,M,"49,2953520","1,1564930",27
202000021972,20,12,19,11:21,1,1,1,8,5,13211,M,"43,2938300","5,4577300",13
202000021973,20,12,18,19:30,3,1,1,1,2,13005,M,"43,2847900","5,5237700",13
202000021974,20,12,14,09:15,1,1,1,1,3,13055,M,"43,3300480","5,3907250",13
202000021975,20,12,18,18:15,5,1,1,1,2,69266,M,"45,7826665","4,8925463",69
202000021976,20,12,19,05:55,3,1,1,1,6,69282,M,"45,7609000","5,0316200",69
202000021977,20,12,18,16:30,1,1,1,1,7,69271,M,"45,7488200","4,9882200",69
202000021978,20,12,19,14:16,1,1,1,2,4,33366,M,"44,9830070"," -0,4287430",33
202000021979,20,12,20,18:40,3,1,1,1,2,92002,M,"48,7312210","2,3095030",92
202000021980,20,12,20,11:38,1,1,1,1,2,94038,M,"48,7789200","2,3466300",94
202000021981,20,12,20,10:20,1,1,1,1,4,91136,M,"48,7140400","2,2755100",91
202000021982,20,12,19,19:20,3,1,1,8,3,94076,M,"48,7897000","2,3439600",94
202000021983,20,12,19,15:20,1,1,1,1,2,91689,M,"48,7465690","2,3261300",91
202000021984,20,12,19,14:10,1,1,1,8,2,91689,M,"48,7302350","2,3147980",91
202000021985,20,12,19,14:10,1,1,1,1,2,94034,M,"48,7586000","2,3253000",94
202000021986,20,12,18,18:10,3,1,1,1,4,94065,M,"48,7526000","2,3535000",94
202000021987,20,12,18,15:10,1,1,1,1,4,91689,M,"48,7455200","2,3242900",91
202000021988,20,12,20,05:15,3,1,1,8,2,92047,M,"48,8348898","2,1731311",92
202000021989,20,12,19,13:00,1,1,1,8,2,92036,M,"48,9348625","2,2817878",92
202000021990,20,12,20,13:20,1,1,1,1,4,92078,M,"48,9273361","2,3333354",92