Num_Acc,an,mois,jour,hrmn,lum,agg,int,atm,col,com,gps,lat,long,dep
202000021991,20,12,19,16:15,1,1,1,1,2,95572,M,"49,0321300","2,1134600",95
202000021992,20,12,19,15:55,1,1,1,8,6,95394,M,"49,0503300","2,1814900",95
202000021993,20,12,19,13:30,1,1,1,2,2,93066,M,"48,9034400","2,3585800",93
202000021994,20,12,19,12:00,1,1,1,2,6,93005,M,"48,9682400","2,4796300",93
202000021995,20,12,20,18:30,3,1,1,1,3,94017,M,"48,8264911","2,5189431",94
202000021996,20,12,19,14:00,1,1,1,2,2,94033,M,"48,8501930","2,4909375",94
202000021997,20,10,9,20:05,5,2,1,1,6,53130,M,"48,0785500"," -0,7690100",53
202000021998,20,9,17,11:45,1,2,1,1,6,38421,M,"45,1800000","5,7549000",38
202000021999,20,6,24,15:20,1,2,2,1,6,38185,M,"45,1804700","5,7160300",38
202000022000,20,12,18,08:40,1,2,1,3,3,97411,R," -20,8941600","55,4496800",974
202000022001,20,12,16,18:00,1,2,1,1,5,97411,R," -20,8870000","55,4620900",974
202000022002,20,12,18,12:50,1,2,1,1,3,97302,G,"4,9378526"," -52,3260784",973
202000022003,20,12,18,21:35,5,2,2,1,1,69383,M,"45,7539300","4,8615900",69
202000022004,20,12,18,17:35,5,2,1,1,6,69388,M,"45,7261000","4,8689300",69
202000022005,20,12,17,16:10,1,2,1,2,-1,69383,M,"45,7578819","4,8689220",69
202000022006,20,12,18,15:33,1,2,9,1,3,97213,A,"14,6215000"," -60,9882000",972
202000022007,20,12,17,18:25,2,1,1,1,4,97209,A,"14,6177000"," -61,0407000",972
202000022008,20,12,16,17:45,2,2,6,1,2,97209,A,"14,6189526"," -61,0037613",972
202000022009,20,12,18,08:45,1,2,1,5,4,69385,M,"45,7562700","4,8027500",69
202000022010,20,12,17,11:45,1,2,2,2,6,69389,M,"45,7759016","4,8007959",69
202000022011,20,12,17,11:40,1,2,1,2,-1,69389,M,"45,7684700","4,7977700",69
202000022012,20,12,17,20:05,3,2,1,1,2,2B120,M,"42,6469400","9,4400400",2B
202000022013,20,12,17,18:25,3,2,6,1,3,2B033,M,"42,6633200","9,4420300",2B
202000022014,20,12,17,21:30,5,2,1,2,2,97113,A,"16,2185000"," -61,5013000",971
202000022015,20,12,15,12:35,1,1,1,1,6,97101,A,"16,2496800"," -61,5285600",971
202000022016,20,12,18,16:11,2,2,1,1,6,95018,M,"48,9590100","2,2389700",95
202000022017,20,11,28,11:50,1,2,7,1,3,91549,M,"48,6346200","2,3491000",91
202000022018,20,12,18,10:05,1,2,1,1,4,91434,M,"48,6604040","2,3404890",91
202000022019,20,12,17,17:02,1,2,2,1,2,87085,M,"45,8213400","1,2455300",87
202000022020,20,12,17,12:50,1,2,1,1,7,87075,M,"45,8179700","1,1726500",87
202000022021,20,12,18,17:00,2,1,1,1,1,83069,M,"43,1292000","6,1603000",83
202000022022,20,12,18,14:25,1,2,1,1,2,82121,M,"44,0320057","1,3735338",82
202000022023,20,12,17,20:00,5,2,2,1,3,80021,M,"49,8882800","2,3188800",80
202000022024,20,12,17,15:20,1,1,1,1,6,80021,M,"49,8944200","2,3090600",80
202000022025,20,12,17,09:00,1,2,1,1,1,80021,M,"49,9035800","2,2717000",80
202000022026,20,12,17,16:59,1,2,4,1,6,78545,M,"48,8027800","2,0601500",78
202000022027,20,12,18,19:40,5,2,2,1,3,78498,M,"48,9371000","2,0549000",78
202000022028,20,12,17,08:15,5,2,1,8,6,77122,M,"48,6552800","2,5642900",77
202000022029,20,12,17,10:20,1,2,1,1,6,76540,M,"49,4385800","1,0906300",76
202000022030,20,12,17,14:40,1,2,1,1,7,76351,M,"49,4893900","0,1341100",76
202000022031,20,12,18,16:13,1,2,1,1,6,72181,M,"47,9784100","0,2137400",72
202000022032,20,12,17,21:15,5,2,2,1,3,69290,M,"45,7010317","4,9264441",69
202000022033,20,12,18,16:45,1,2,1,1,3,69264,M,"45,9975600","4,7326400",69
202000022034,20,12,17,17:45,5,2,3,1,3,67218,M,"48,5453297","7,7335112",67
202000022035,20,12,18,10:05,1,2,6,1,3,66136,M,"42,7054000","2,9016800",66
202000022036,20,12,18,17:50,2,2,7,1,3,65440,M,"43,2369400","0,0561500",65
202000022037,20,12,18,15:57,1,2,2,1,3,64445,M,"43,3093400"," -0,3442000",64
202000022038,20,12,18,13:40,1,2,2,1,3,64140,M,"43,5148300"," -1,4860500",64
202000022039,20,12,18,08:10,2,2,6,1,7,64024,M,"43,4907100"," -1,4980900",64
202000022040,20,12,17,13:00,1,2,1,1,3,63113,M,"45,7736800","3,0880600",63
202000022041,20,12,6,19:45,5,2,2,1,3,62041,M,"50,2877200","2,7792600",62
202000022042,20,12,18,08:25,5,2,3,1,6,60159,M,"49,4110000","2,8327800",60
202000022043,20,12,18,09:00,1,2,9,1,1,59152,M,"50,7640660","3,0099589",59
202000022044,20,12,15,16:00,1,2,2,1,3,59178,M,"50,3744200","3,0798500",59
202000022045,20,12,17,09:15,1,2,3,1,2,59317,M,"50,6882000","2,8999600",59
202000022046,20,12,17,16:43,1,2,1,1,6,54395,M,"48,6904416","6,1744599",54
202000022047,20,12,18,07:30,5,2,1,5,2,54184,M,"48,7082383","6,2435791",54
202000022048,20,12,17,20:00,5,2,9,1,6,54547,M,"48,6659900","6,1707800",54
202000022049,20,12,18,12:10,1,2,3,1,3,51454,M,"49,2299766","4,0611635",51
202000022050,20,12,18,11:30,1,2,6,1,7,51454,M,"49,2333588","4,0070139",51
202000022051,20,12,17,14:10,1,2,1,1,7,51454,M,"49,2265195","4,0196957",51
202000022052,20,12,8,18:10,5,2,1,3,6,50147,M,"49,0602000"," -1,4351000",50
202000022053,20,12,18,20:15,3,2,1,9,3,49015,M,"47,5140600"," -0,6160500",49
202000022054,20,12,18,18:30,2,2,1,1,1,49246,M,"47,4374100"," -0,5129400",49
202000022055,20,12,13,16:52,2,2,1,1,2,49007,M,"47,4687800"," -0,5535300",49
202000022056,20,12,17,11:31,1,2,1,1,7,49007,M,"47,4523000"," -0,5249100",49
202000022057,20,12,18,21:00,3,1,1,1,3,45302,M,"47,9686700","1,8660300",45
202000022058,20,12,15,19:21,5,2,1,3,6,42110,M,"45,4882725","4,5472100",42
202000022059,20,12,18,10:30,1,2,3,1,3,42095,M,"45,4019900","4,2912200",42
202000022060,20,12,18,18:15,5,2,1,1,1,38423,M,"45,2089000","5,7028200",38
202000022061,20,12,18,16:10,1,2,1,1,3,38185,M,"45,1664600","5,7070800",38
202000022062,20,12,18,15:45,1,2,1,1,-1,37261,M,"47,3734534","0,6865355",37
202000022063,20,12,17,17:42,5,2,1,1,-1,37261,M,"47,4268130","0,7114272",37
202000022064,20,12,17,17:20,2,2,2,1,-1,37261,M,"47,4259451","0,6824917",37
202000022065,20,12,17,22:10,5,2,1,1,2,37261,M,"47,3733505","0,6884567",37
202000022066,20,12,16,11:05,1,2,1,1,6,37214,M,"47,4168334","0,6775800",37
202000022067,20,12,7,12:07,1,2,2,1,6,36044,M,"46,8041366","1,7109258",36
202000022068,20,12,18,17:25,3,1,6,2,3,35206,M,"48,0771000"," -1,6945600",35
202000022069,20,12,18,12:55,1,2,3,1,6,34172,M,"43,5905300","3,8550600",34
202000022070,20,12,18,18:45,5,2,3,1,2,33119,M,"44,8574800"," -0,5315900",33
202000022071,20,12,18,16:50,2,2,1,1,3,33063,M,"44,8759700"," -0,5560300",33
202000022072,20,12,17,17:00,1,2,1,1,3,33063,M,"44,8443000"," -0,5992700",33
202000022073,20,12,18,09:40,1,2,4,8,6,33200,M,"44,8688700"," -0,6717800",33
202000022074,20,12,18,11:00,1,2,9,1,3,33249,M,"44,8658100"," -0,5191400",33
202000022075,20,12,18,08:50,1,2,1,1,3,33318,M,"44,7993200"," -0,6189600",33
202000022076,20,12,17,12:05,1,2,2,1,3,33075,M,"44,8819100"," -0,6209100",33
202000022077,20,12,17,21:30,4,2,1,5,7,31555,M,"43,5841700","1,3805900",31
202000022078,20,12,18,08:16,2,2,1,5,-1,31555,M,"43,6054140","1,3596330",31
202000022079,20,12,17,13:30,1,2,1,1,1,31555,M,"43,5830600","1,3771600",31
202000022080,20,12,18,07:25,5,2,1,3,2,30189,M,"43,8209700","4,3521900",30
202000022081,20,12,17,15:30,1,2,6,1,2,29019,M,"48,4011394"," -4,5256111",29
202000022082,20,12,8,21:40,5,2,1,6,6,27681,M,"49,0978240","1,4684030",27
202000022083,20,12,18,15:50,1,2,2,1,3,27681,M,"49,0899400","1,4754900",27
202000022084,20,12,17,19:40,3,1,4,1,3,27681,M,"49,0767500","1,4640000",27
202000022085,20,12,18,17:10,5,2,2,2,3,25056,M,"47,2440460","6,0127110",25
202000022086,20,12,18,07:50,2,2,1,2,3,25056,M,"47,2426700","6,0254400",25
202000022087,20,12,18,14:55,1,2,1,1,3,23096,M,"46,1692300","1,8681700",23
202000022088,20,12,17,17:12,1,2,3,1,3,17306,M,"45,6185600"," -1,0364000",17
202000022089,20,12,18,20:02,2,2,6,1,3,17300,M,"46,1616200"," -1,1398100",17
202000022090,20,12,18,15:25,1,2,2,1,6,17300,M,"46,1578100"," -1,1548900",17
202000022091,20,12,17,03:50,5,2,3,1,1,13204,M,"43,3020000","5,4000000",13
202000022092,20,12,17,10:00,1,2,1,1,6,13206,M,"43,2841300","5,3847600",13
202000022093,20,12,17,08:15,1,2,7,2,6,13201,M,"43,3017702","5,3740730",13
202000022094,20,12,15,17:05,5,2,1,1,-1,13028,M,"43,1920100","5,6169300",13
202000022095,20,12,17,09:05,1,2,1,1,3,11262,M,"43,1829400","3,0013100",11
202000022096,20,12,18,08:55,1,2,1,2,3,11069,M,"43,2130000","2,3718000",11
202000022097,20,12,17,12:20,1,2,1,8,3,10387,M,"48,2914100","4,0750100",10
202000022098,20,12,18,21:50,5,2,3,1,2,06027,M,"43,6606400","7,1505900",06
202000022099,20,12,18,14:50,1,2,1,1,6,06027,M,"43,6604700","7,1491200",06
202000022100,20,12,16,08:55,1,2,4,1,2,75120,M,"48,8752463","2,4101552",75
202000022101,20,12,18,13:10,1,2,1,1,2,75105,M,"48,8447940","2,3394530",75
202000022102,20,12,18,09:16,1,2,2,1,3,75106,M,"48,8560530","2,3404860",75
202000022103,20,12,18,16:30,2,2,3,1,3,75119,M,"48,8886500","2,3733710",75
202000022104,20,12,18,16:29,1,2,3,1,3,75118,M,"48,8851370","2,3507950",75
202000022105,20,12,18,14:30,1,2,2,1,3,75118,M,"48,8899220","2,3630910",75
202000022106,20,12,18,11:30,1,2,1,1,3,75116,M,"48,8360990","2,2634620",75
202000022107,20,12,18,07:24,2,2,2,1,2,75116,M,"48,8650450","2,2344540",75
202000022108,20,12,17,12:30,1,2,1,1,3,75116,M,"48,8632090","2,2922960",75
202000022109,20,12,17,21:00,5,2,4,1,3,75116,M,"48,8580930","2,2620920",75
202000022110,20,12,15,13:15,1,2,3,1,6,75116,M,"48,8714810","2,2848860",75
202000022111,20,12,18,15:15,1,2,2,1,2,75113,M,"48,8188800","2,3595400",75
202000022112,20,12,18,15:00,1,2,2,1,6,75112,M,"48,8297050","2,4009960",75
202000022113,20,12,18,12:20,1,2,4,1,6,75112,M,"48,8461490","2,3858740",75
202000022114,20,12,17,18:40,5,2,3,1,3,75112,M,"48,8388960","2,3974520",75
202000022115,20,12,18,18:20,5,2,7,1,3,75108,M,"48,8766170","2,3128910",75
202000022116,20,12,18,08:58,1,2,1,8,6,75107,M,"48,8588020","2,3315720",75
202000022117,20,12,18,09:10,1,2,2,1,3,75103,M,"48,8669520","2,3582930",75
202000022118,20,12,18,00:50,5,2,2,1,7,75103,M,"48,8641690","2,3513720",75
202000022119,20,12,17,12:20,1,2,1,2,6,94041,M,"48,8065100","2,3863000",94
202000022120,20,12,18,14:10,1,2,1,1,6,94022,M,"48,7643500","2,4052100",94
202000022121,20,12,17,14:00,1,2,1,8,4,93078,M,"48,9538100","2,5337700",93
202000022122,20,12,17,10:20,1,2,6,8,2,93078,M,"48,9610568","2,5548445",93
202000022123,20,12,18,17:00,5,2,9,1,5,93053,M,"48,8867238","2,4716325",93
202000022124,20,12,18,13:20,1,2,2,1,3,93048,M,"48,8641400","2,4361900",93
202000022125,20,12,16,20:00,5,2,1,1,6,93057,M,"48,9086700","2,4996500",93
202000022126,20,12,18,16:15,1,2,1,1,3,92076,M,"48,8345460","2,1542564",92
202000022127,20,11,20,18:20,1,2,1,1,6,92062,M,"48,8887070","2,2314920",92
202000022128,20,12,18,17:15,2,2,1,1,7,92049,M,"48,8160072","2,3286127",92
202000022129,20,12,18,14:50,1,2,1,1,1,92048,M,"48,7843620","2,2288460",92
202000022130,20,12,18,19:45,5,2,1,1,3,92040,M,"48,8277500","2,2736800",92
202000022131,20,4,24,17:40,1,1,1,1,3,27681,M,"49,0798000","1,4510000",27
202000022132,20,4,23,10:05,1,2,3,7,6,25462,M,"46,9042200","6,3537200",25
202000022133,20,4,24,15:50,1,1,1,1,1,06069,M,"43,6422900","6,9642400",06
202000022134,20,4,24,18:00,1,2,1,1,6,75120,M,"48,8724880","2,3843130",75
202000022135,20,4,23,08:30,1,2,2,1,3,75115,M,"48,8367550","2,2980580",75
202000022136,20,4,24,12:30,1,2,3,1,3,94068,M,"48,7891600","2,5175100",94
202000022137,20,4,24,17:30,1,2,1,1,6,93062,M,"48,8893983","2,5126000",93
202000022138,20,4,24,08:45,1,2,5,8,1,93046,M,"48,9148900","2,5347100",93
202000022139,20,4,25,15:49,1,2,1,1,6,54100,M,"48,7814300","6,3506980",54
202000022140,20,4,24,15:45,1,1,1,1,6,42331,M,"45,9943579","3,9503470",42
202000022141,20,4,24,18:30,1,1,1,1,-1,31269,M,"43,4853474","1,2687066",31
202000022142,20,4,24,07:25,2,1,1,7,1,11369,M,"43,2545880","2,9554939",11
202000022143,20,4,25,01:00,3,1,1,1,6,41221,M,"47,7975820","1,3678940",41
202000022144,20,4,24,16:25,1,2,9,1,-1,83017,M,"43,2459490","5,9999940",83
202000022145,20,4,25,06:37,2,1,1,1,6,56097,M,"47,7571420"," -3,0849640",56
202000022146,20,4,25,08:45,1,1,2,1,1,76177,M,"49,6003020","1,1776290",76
202000022147,20,4,24,21:55,3,1,1,1,3,80284,M,"49,7232450","3,0162620",80
202000022148,20,4,25,10:00,1,2,1,1,6,71373,M,"46,5030817","5,0643822",71
202000022149,20,4,25,12:25,1,1,1,1,7,89208,M,"47,6171561","3,9031525",89
202000022150,20,4,25,13:10,1,1,1,1,3,12253,M,"44,1677910","2,7650300",12
202000022151,20,4,24,21:55,3,1,1,1,1,41110,M,"47,2894040","1,7945480",41
202000022152,20,4,24,13:40,1,1,1,1,2,15120,M,"45,2391070","2,2990290",15
202000022153,20,4,25,16:55,1,1,3,1,3,01412,M,"46,1655540","4,9469970",01
202000022154,20,4,20,17:45,1,1,1,1,7,21500,M,"47,5040930","4,4586070",21
202000022155,20,4,24,19:00,1,2,1,1,6,85303,M,"46,3608300"," -0,8547000",85
202000022156,20,4,24,11:15,1,2,1,1,-1,27130,M,"49,0335700","0,4545380",27
202000022157,20,4,25,09:20,1,1,1,1,1,97617,Y," -12,7996860","45,1285310",976
202000022158,20,4,24,17:14,1,1,1,1,3,38480,M,"45,5578600","4,9617900",38
202000022159,20,4,24,18:00,1,1,1,7,6,44210,M,"47,2956700"," -2,2142600",44
202000022160,20,4,24,14:10,1,1,1,1,6,35063,M,"48,3160880"," -1,3171040",35
202000022161,20,4,23,16:15,1,2,3,1,6,98818,C," -22,2880700","166,4443500",988
202000022162,20,4,23,17:35,1,2,1,1,3,97407,R," -20,9366800","55,2909000",974
202000022163,20,4,23,18:40,2,2,9,1,2,97302,G,"4,9429779"," -52,3119968",973
202000022164,20,4,23,14:10,1,2,2,1,3,69383,M,"45,7570000","4,8527000",69
202000022165,20,4,22,20:25,3,2,9,1,7,97213,A,"14,6124300"," -60,9916800",972
202000022166,20,4,23,21:30,5,2,9,1,3,69382,M,"45,7514260","4,8223514",69
202000022167,20,4,23,09:00,1,1,3,1,3,97101,A,"16,2871825"," -61,4963391",971
202000022168,20,4,22,18:20,1,1,9,1,6,83090,M,"43,1331300","5,8422500",83
202000022169,20,4,22,17:10,1,2,2,1,3,78361,M,"48,9927000","1,7094200",78
202000022170,20,4,22,17:20,1,2,6,1,6,69266,M,"45,7603876","4,8775524",69
202000022171,20,4,23,22:35,5,2,1,1,6,54547,M,"48,6560160","6,1676580",54
202000022172,20,4,18,19:20,1,2,1,1,1,54483,M,"48,6339200","6,3073400",54
202000022173,20,4,22,12:00,1,2,1,1,6,42184,M,"46,0403998","4,0366706",42
202000022174,20,4,23,02:15,3,2,1,1,6,41269,M,"47,8029700","1,0448400",41
202000022175,20,4,23,22:30,3,1,1,1,3,35281,M,"48,0911000"," -1,7061000",35
202000022176,20,4,22,17:15,1,2,3,2,6,34172,M,"43,6162500","3,8409720",34
202000022177,20,4,23,01:35,5,2,2,8,3,33063,M,"44,8398900"," -0,6033500",33
202000022178,20,4,23,09:39,1,2,1,1,6,10387,M,"48,3094200","4,0578000",10
202000022179,20,4,22,18:00,1,2,1,1,6,08105,M,"49,7887400","4,7281300",08
202000022180,20,4,23,09:15,1,2,1,1,3,75117,M,"48,8826320","2,3014920",75
202000022181,20,4,23,20:30,5,2,3,1,6,75112,M,"48,8424300","2,3854070",75
202000022182,20,4,23,15:36,1,2,1,1,6,94046,M,"48,8102700","2,4235000",94
202000022183,20,4,23,16:45,1,1,2,1,3,47295,M,"44,5041020","0,7827220",47
202000022184,20,4,23,21:00,5,2,6,1,6,69100,M,"45,6846010","4,8277030",69
202000022185,20,4,23,17:17,1,1,8,1,6,89198,M,"47,8600910","3,5784540",89
202000022186,20,4,23,14:00,1,1,1,1,6,55551,M,"49,0082451","5,6944937",55
202000022187,20,4,24,11:20,1,2,2,1,3,46273,M,"44,8691690","1,8744780",46
202000022188,20,4,23,16:00,1,2,1,1,7,25259,M,"46,8565120","6,1624050",25
202000022189,20,4,23,20:25,1,2,1,1,7,73303,M,"45,7570670","6,4116920",73
202000022190,20,4,20,18:30,2,1,1,1,6,28292,M,"48,6965410","1,4713530",28
202000022191,20,4,24,03:00,3,1,1,1,6,28351,M,"48,5832080","1,2057550",28
202000022192,20,4,17,19:30,1,2,1,1,3,68278,M,"47,7469095","7,4133917",68
202000022193,20,4,24,05:20,2,2,4,1,6,52353,M,"48,0264820","5,3375480",52
202000022194,20,4,23,21:00,2,2,1,1,6,09236,M,"42,9237580","1,6259530",09
202000022195,20,4,23,15:25,1,2,9,1,3,62355,M,"50,3343470","2,9355030",62
202000022196,20,4,23,20:30,2,1,1,1,7,91661,M,"48,6856220","2,2143340",91
202000022197,20,4,23,00:15,5,1,1,1,7,94003,M,"48,8086000","2,3393000",94
202000022198,20,4,23,06:30,2,1,1,1,5,93066,M,"48,9290300","2,3596900",93
202000022199,20,4,22,19:20,1,1,1,1,4,93064,M,"48,8816700","2,4743100",93
202000022200,20,4,22,19:27,1,1,1,1,7,93029,M,"48,9252600","2,4248700",93
202000022201,20,4,22,08:10,1,2,2,1,1,69388,M,"45,7358700","4,8830400",69
202000022202,20,4,22,13:48,1,2,1,1,3,69381,M,"45,7686800","4,8393000",69
202000022203,20,4,22,06:45,2,2,4,1,1,69389,M,"45,7726287","4,8078444",69
202000022204,20,4,21,15:49,1,1,1,1,3,87085,M,"45,8466600","1,2769100",87
202000022205,20,4,21,23:30,1,1,6,3,6,76351,M,"49,5044620","0,1361080",76
202000022206,20,2,28,11:45,1,2,2,1,6,76351,M,"49,4859000","0,1034000",76
202000022207,20,4,22,18:00,1,2,1,1,6,69266,M,"45,7585563","4,8864108",69
202000022208,20,4,22,14:45,1,2,2,1,3,60159,M,"49,4005077","2,7989579",60
202000022209,20,4,22,15:15,1,2,1,1,2,59599,M,"50,7313600","3,1614400",59
202000022210,20,4,22,22:00,5,2,1,1,6,42187,M,"46,0318564","4,0763884",42
202000022211,20,4,16,05:15,5,2,2,1,6,38151,M,"45,1466000","5,7014000",38
202000022212,20,4,7,12:00,1,2,2,1,1,33063,M,"44,8525000"," -0,5400900",33
202000022213,20,4,21,11:30,1,2,1,2,1,13212,M,"43,3170000","5,4180000",13
202000022214,20,4,22,16:05,1,2,1,1,1,10387,M,"48,2908000","4,0889000",10
202000022215,20,4,22,12:53,1,2,1,1,6,75105,M,"48,8425810","2,3382530",75
202000022216,20,4,22,09:20,1,2,2,1,3,75105,M,"48,8494290","2,3544070",75
202000022217,20,4,22,21:40,5,2,5,1,6,75120,M,"48,8775910","2,4083500",75
202000022218,20,4,22,14:25,1,2,3,1,7,75120,M,"48,8680280","2,3870290",75
202000022219,20,4,21,22:00,5,2,2,1,3,75120,M,"48,8760000","2,4025620",75
202000022220,20,4,21,11:30,1,2,1,1,2,75115,M,"48,8417830","2,2998600",75
202000022221,20,4,22,13:53,1,2,1,1,3,75113,M,"48,8259150","2,3523680",75
202000022222,20,4,22,18:45,1,2,3,1,7,75111,M,"48,8555020","2,3896470",75
202000022223,20,4,22,10:05,1,2,3,1,6,75107,M,"48,8498900","2,3166550",75
202000022224,20,4,22,20:00,1,2,2,1,3,75101,M,"48,8590930","2,3464330",75
202000022225,20,4,22,18:45,1,2,1,1,6,94067,M,"48,8349700","2,4197700",94
202000022226,20,4,17,16:50,1,2,2,1,-1,94033,M,"48,8487400","2,4777200",94
202000022227,20,4,22,19:15,1,2,9,1,6,93005,M,"48,9252210","2,5047010",93
202000022228,20,4,11,10:45,1,1,1,1,6,06149,M,"43,7485600","7,3659250",06
202000022229,20,4,23,02:00,3,1,1,1,7,55338,M,"49,4008640","5,2165910",55
202000022230,20,4,23,17:10,1,1,9,7,1,25351,M,"47,1709420","6,6664270",25
202000022231,20,4,22,19:00,1,1,1,1,5,25240,M,"47,0499570","6,6254050",25
202000022232,20,4,23,16:15,1,2,1,1,6,02445,M,"49,9253760","3,9634840",02
202000022233,20,4,23,12:55,1,1,2,1,3,01374,M,"46,1186300","5,2973280",01
202000022234,20,4,23,05:35,3,1,2,1,3,72096,M,"48,0185920","0,0109600",72
202000022235,20,4,22,12:00,1,1,1,1,1,14367,M,"49,2356850"," -1,0356280",14
202000022236,20,4,22,18:30,1,2,1,1,7,73196,M,"45,6838330","6,3862270",73
202000022237,20,4,22,19:15,1,1,1,7,6,10353,M,"48,4411450","3,9175000",10
202000022238,20,4,17,08:15,1,1,3,1,3,16062,M,"45,4285613"," -0,0298681",16
202000022239,20,4,22,21:40,3,1,1,1,6,28120,M,"48,6957760","1,1383080",28
202000022240,20,4,22,22:47,3,1,1,1,6,18138,M,"47,0910750","2,2512100",18
202000022241,20,4,22,12:06,1,1,1,7,4,68253,M,"47,7828120","7,4835870",68
202000022242,20,4,23,16:25,1,1,1,1,6,89197,M,"47,5034930","4,0304370",89
202000022243,20,4,22,22:55,3,1,1,1,1,26250,M,"45,0217940","4,8685100",26
202000022244,20,4,22,20:20,1,2,1,1,6,88324,M,"48,2964810","5,8770310",88
202000022245,20,4,23,16:25,1,1,1,1,6,54208,M,"48,7457053","5,9474874",54
202000022246,20,4,22,17:45,1,1,1,1,5,38110,M,"45,5844000","4,8907100",38
202000022247,20,4,20,14:10,1,1,1,8,6,33539,M,"44,9013920"," -0,3301910",33
202000022248,20,4,23,14:05,1,1,1,1,3,59400,M,"50,6281959","2,6415645",59
202000022249,20,4,22,15:35,1,1,1,2,6,13215,M,"43,3400700","5,3778000",13
202000022250,20,4,22,09:20,1,2,1,2,7,13202,M,"43,3128000","5,3664000",13
202000022251,20,4,22,03:25,3,1,1,1,6,91340,M,"48,6084200","2,4372700",91
202000022252,20,4,22,07:50,1,1,1,1,2,78321,M,"48,7988600","1,9174100",78
202000022253,20,4,21,20:50,2,1,1,1,6,78043,M,"48,8451510","2,0866850",78
202000022254,20,4,22,07:20,1,1,1,1,5,92036,M,"48,9458000","2,2835000",92
202000022255,20,4,21,23:20,3,1,1,1,6,93005,M,"48,9666700","2,4776500",93
202000022256,20,2,9,11:30,1,2,1,1,6,76447,M,"49,5373000","0,1780000",76
202000022257,20,1,13,08:00,2,2,3,1,6,76305,M,"49,5033400","0,2074000",76
202000022258,20,4,21,21:40,5,2,2,1,3,69383,M,"45,7522000","4,8867000",69
202000022259,20,4,21,13:10,1,2,3,1,2,69387,M,"45,7280000","4,8241000",69
202000022260,20,4,21,08:06,1,1,1,1,6,77368,M,"48,5410150","3,2758187",77
202000022261,20,4,19,01:20,5,2,1,1,6,76366,M,"49,5191200","1,0324200",76
202000022262,20,4,18,09:40,1,2,1,1,3,76451,M,"49,4543100","1,0729000",76
202000022263,20,4,21,13:20,1,2,1,1,3,72181,M,"48,0157400","0,1454300",72
202000022264,20,4,21,16:30,1,1,9,1,6,71309,M,"46,7898400","4,4015104",71
202000022265,20,4,21,11:25,1,2,2,1,6,71153,M,"46,8087561","4,3948270",71
202000022266,20,4,15,20:00,2,2,1,1,1,69013,M,"45,9993483","4,7311293",69
202000022267,20,4,21,21:32,5,2,2,3,1,65440,M,"43,2473000","0,0730500",65
202000022268,20,4,14,11:20,1,2,1,1,6,56098,M,"47,7642900"," -3,3336200",56
202000022269,20,4,20,17:30,1,2,2,2,3,34172,M,"43,6260600","3,8821600",34
202000022270,20,4,21,03:45,3,2,9,1,6,33281,M,"44,8175800"," -0,6714400",33
202000022271,20,4,21,19:31,1,2,1,1,7,10333,M,"48,2806800","4,0469200",10
202000022272,20,4,20,18:00,1,1,1,2,6,09225,M,"43,1171340","1,6347850",09
202000022273,20,4,15,14:51,1,2,5,1,6,75113,M,"48,8276680","2,3713710",75
202000022274,20,4,21,13:15,1,2,3,1,3,75114,M,"48,8399780","2,3216820",75
202000022275,20,4,21,10:30,1,2,4,1,6,75111,M,"48,8528430","2,3884610",75
202000022276,20,4,21,10:45,1,2,5,1,3,75107,M,"48,8625860","2,3190170",75
202000022277,20,4,20,22:50,5,2,1,1,6,94033,M,"48,8526000","2,4665600",94
202000022278,20,4,21,06:50,1,2,3,1,2,94017,M,"48,8192528","2,5269849",94
202000022279,20,4,21,12:06,1,2,1,1,7,93051,M,"48,8493885","2,5370160",93
202000022280,20,4,21,15:50,1,2,5,8,1,93046,M,"48,9148900","2,5347100",93
202000022281,20,4,21,17:50,1,2,2,1,3,93007,M,"48,9294000","2,4800000",93
202000022282,20,4,21,09:50,1,2,1,1,3,92075,M,"48,8160800","2,2758500",92
202000022283,20,4,21,11:25,1,2,1,1,6,92026,M,"48,9023016","2,2588786",92
202000022284,20,4,19,19:40,1,2,1,1,-1,92025,M,"48,9181870","2,2387940",92
202000022285,20,4,21,17:10,1,2,1,1,6,92023,M,"48,8082300","2,2647000",92
202000022286,20,4,21,10:00,1,2,1,1,7,22213,M,"48,5273030"," -2,0041840",22
202000022287,20,4,20,22:50,3,1,1,1,7,41032,M,"47,5511190","1,2976470",41
202000022288,20,4,22,16:20,1,2,1,1,3,76562,M,"49,8692870","1,1765890",76
202000022289,20,4,21,20:10,1,1,1,1,6,56186,M,"47,4837367"," -3,1418374",56
202000022290,20,4,22,08:50,1,1,2,1,1,79012,M,"46,4656640"," -0,5777000",79
202000022291,20,4,22,17:15,1,2,1,1,1,38538,M,"45,2236300","5,8710000",38
202000022292,20,4,21,18:25,1,1,1,1,6,45279,M,"47,9794950","2,8494500",45
202000022293,20,4,22,11:10,1,1,1,1,6,28014,M,"48,6506390","1,2927440",28
202000022294,20,4,22,16:45,1,1,3,1,3,17365,M,"45,2040970"," -0,1839990",17