Num_Acc,an,mois,jour,hrmn,lum,agg,int,atm,col,com,gps,lat,long,dep
202000022295,20,4,21,16:45,1,2,3,1,3,69069,M,"45,7506890","4,7407130",69
202000022296,20,4,21,14:40,1,1,1,2,7,13056,M,"43,3978400","5,0462710",13
202000022297,20,4,20,00:01,5,2,9,1,6,91549,M,"48,6282200","2,3399900",91
202000022298,20,4,11,08:30,1,2,1,1,6,31248,M,"43,4538559","1,3926151",31
202000022299,20,2,6,17:15,2,2,2,1,6,76351,M,"49,4895200","0,1167100",76
202000022300,20,4,21,05:35,2,2,3,2,3,98818,C," -22,2333400","166,4668100",988
202000022301,20,4,20,18:50,5,2,4,1,6,98818,C," -22,2634900","166,4582500",988
202000022302,20,4,20,19:00,1,2,1,8,2,69259,M,"45,6991300","4,8959000",69
202000022303,20,4,16,16:50,1,2,1,1,3,69034,M,"45,7913600","4,8607400",69
202000022304,20,4,20,08:05,1,1,1,1,3,91421,M,"48,6903300","2,4582100",91
202000022305,20,4,20,18:20,1,1,1,1,1,72181,M,"47,9961000","0,2076300",72
202000022306,20,4,20,18:40,1,2,2,1,3,69029,M,"45,7372700","4,9084100",69
202000022307,20,4,20,13:00,1,2,1,1,3,69256,M,"45,7720700","4,9109600",69
202000022308,20,4,20,12:31,1,2,1,1,-1,69256,M,"45,7780200","4,9103000",69
202000022309,20,4,18,20:40,5,2,1,1,6,67482,M,"48,5963300","7,7757000",67
202000022310,20,4,20,11:02,1,2,3,2,3,66136,M,"42,6947900","2,8890900",66
202000022311,20,4,17,19:03,1,2,1,1,3,66136,M,"42,6931600","2,8878100",66
202000022312,20,4,20,14:30,1,1,1,2,6,35238,M,"48,0909180"," -1,7388690",35
202000022313,20,2,26,15:50,2,2,9,1,3,35281,M,"48,0935900"," -1,7007300",35
202000022314,20,4,20,16:20,1,1,6,2,3,13117,M,"43,4519000","5,2311100",13
202000022315,20,4,20,06:20,5,2,2,2,3,13213,M,"43,3222664","5,4124779",13
202000022316,20,4,18,17:40,1,2,1,1,6,12202,M,"44,3546500","2,5551300",12
202000022317,20,4,20,12:45,1,2,4,1,2,75117,M,"48,8790520","2,2875760",75
202000022318,20,4,20,19:00,1,2,2,1,3,75115,M,"48,8402980","2,2858950",75
202000022319,20,4,20,20:50,5,2,1,1,6,75111,M,"48,8511750","2,3912390",75
202000022320,20,1,19,02:30,3,1,1,2,6,62225,M,"50,7726970","2,3145710",62
202000022321,20,1,19,03:05,3,1,1,2,6,59253,M,"50,4236360","3,5963860",59
202000022322,20,1,18,07:20,5,2,6,1,3,56121,M,"47,7334900"," -3,3853200",56
202000022323,20,1,20,09:34,1,2,1,7,6,54431,M,"48,9212310","6,0594240",54
202000022324,20,1,20,16:45,1,2,6,1,3,51454,M,"49,2644600","4,0097648",51
202000022325,20,1,20,16:20,1,2,1,1,7,51454,M,"49,2453196","4,0391282",51
202000022326,20,1,19,12:40,1,2,6,1,3,51454,M,"49,2422159","4,0249383",51
202000022327,20,1,17,08:45,1,2,1,3,1,51230,M,"49,0414191","3,9687790",51
202000022328,20,1,19,10:40,1,2,2,1,6,50602,M,"49,6392400"," -1,6052000",50
202000022329,20,1,18,10:34,1,2,1,1,6,49007,M,"47,4806800"," -0,5664000",49
202000022330,20,1,17,15:53,1,2,1,1,3,49007,M,"47,4745743"," -0,5605466",49
202000022331,20,1,20,09:00,2,2,3,1,7,45284,M,"47,9223100","1,9718700",45
202000022332,20,1,18,17:30,2,2,1,1,2,44184,M,"47,2874000"," -2,2099000",44
202000022333,20,1,16,08:25,1,2,6,1,6,44184,M,"47,2673100"," -2,2338000",44
202000022334,20,1,20,12:50,2,2,1,1,-1,44109,M,"47,1980066"," -1,5954852",44
202000022335,20,1,20,09:30,1,2,1,1,2,44162,M,"47,2152630"," -1,6393230",44
202000022336,20,1,20,10:28,1,2,1,1,6,42044,M,"45,3968416","4,3288835",42
202000022337,20,1,20,14:20,1,2,6,1,3,37261,M,"47,3948636","0,7046124",37
202000022338,20,1,20,07:53,3,2,1,1,2,37233,M,"47,3943500","0,7257440",37
202000022339,20,1,20,13:15,1,2,9,1,3,35238,M,"48,1019200"," -1,6842300",35
202000022340,20,1,20,18:15,3,1,2,8,1,33122,M,"44,7822970"," -0,6889480",33
202000022341,20,1,14,09:04,1,2,1,1,3,33063,M,"44,8388600"," -0,5990800",33
202000022342,20,1,10,11:30,1,2,6,1,3,33281,M,"44,8479283"," -0,6796903",33
202000022343,20,1,18,22:25,5,2,1,1,2,31555,M,"43,5744000","1,4053500",31
202000022344,20,1,18,00:45,5,2,2,1,3,31555,M,"43,6140800","1,4509500",31
202000022345,20,1,17,19:35,5,1,1,2,5,31555,M,"43,6068400","1,4069100",31
202000022346,20,1,17,08:45,1,2,1,1,2,31555,M,"43,6194700","1,4667600",31
202000022347,20,1,20,06:19,3,1,1,1,7,29232,M,"47,9785400"," -4,0591500",29
202000022348,20,1,19,11:50,1,2,9,1,6,27681,M,"49,0939000","1,4824000",27
202000022349,20,1,16,16:25,1,1,6,3,6,22360,M,"48,4838488"," -2,7346887",22
202000022350,20,1,17,17:15,1,2,1,1,3,22278,M,"48,5176300"," -2,7795600",22
202000022351,20,1,20,17:45,4,2,1,1,6,13208,M,"43,2720860","5,3902910",13
202000022352,20,1,19,16:40,2,1,2,1,3,13202,M,"43,3153980","5,3681850",13
202000022353,20,1,19,19:30,5,2,1,1,6,12089,M,"44,5544740","2,2533720",12
202000022354,20,1,17,17:30,1,2,1,1,6,10387,M,"48,2720000","4,0770000",10
202000022355,20,1,20,06:50,5,2,2,1,3,10362,M,"48,2971570","4,0414840",10
202000022356,20,1,19,06:15,3,1,1,1,7,09225,M,"43,1001300","1,6328000",09
202000022357,20,1,19,17:15,2,2,1,1,7,05023,M,"44,8850600","6,6335900",05
202000022358,20,1,18,09:00,1,2,1,1,1,03095,M,"46,1545953","3,4934703",03
202000022359,20,1,20,17:20,1,2,4,1,5,75113,M,"48,8165580","2,3642940",75
202000022360,20,1,20,15:10,1,2,4,7,6,75117,M,"48,8821587","2,2826512",75
202000022361,20,1,20,06:40,2,2,4,1,4,75120,M,"48,8614564","2,4139377",75
202000022362,20,1,20,18:20,5,2,1,1,6,75105,M,"48,8394980","2,3511760",75
202000022363,20,1,1,18:45,3,2,2,2,-1,75113,M,"48,8272918","2,3685193",75
202000022364,20,1,20,16:20,1,2,2,1,3,75117,M,"48,8919104","2,3221491",75
202000022365,20,1,20,11:30,1,2,3,1,3,75117,M,"48,8937705","2,3117799",75
202000022366,20,1,20,09:20,1,2,4,1,3,75117,M,"48,8772978","2,2944375",75
202000022367,20,1,20,15:10,1,2,2,1,3,75116,M,"48,8685417","2,2989066",75
202000022368,20,1,20,08:35,1,2,1,1,5,75116,M,"48,8732540","2,2643240",75
202000022369,20,1,20,09:20,1,2,1,1,3,75116,M,"48,8355680","2,2555880",75
202000022370,20,1,20,16:50,1,2,1,1,6,75115,M,"48,8370434","2,2970485",75
202000022371,20,1,20,07:55,1,2,2,1,3,75111,M,"48,8557552","2,3913181",75
202000022372,20,1,20,19:30,5,2,1,1,6,75110,M,"48,8711531","2,3552950",75
202000022373,20,1,20,11:00,1,2,3,1,6,75110,M,"48,8802484","2,3536558",75
202000022374,20,1,20,18:40,5,2,5,1,6,75109,M,"48,8750980","2,3409640",75
202000022375,20,1,20,16:55,1,2,2,1,6,75101,M,"48,8598842","2,3439942",75
202000022376,20,1,20,15:20,1,2,2,1,3,75103,M,"48,8668059","2,3620082",75
202000022377,20,1,20,14:40,1,2,1,1,3,75103,M,"48,8610710","2,3628690",75
202000022378,20,1,20,19:35,5,2,1,1,3,94046,M,"48,8068700","2,4443100",94
202000022379,20,1,20,14:40,1,2,5,1,6,94046,M,"48,8152000","2,4206000",94
202000022380,20,1,20,17:45,5,2,1,1,3,94028,M,"48,7960000","2,4630000",94
202000022381,20,1,20,12:00,1,2,2,1,3,94069,M,"48,8240300","2,4200000",94
202000022382,20,1,19,20:35,3,2,6,1,2,94017,M,"48,8161417","2,5123520",94
202000022383,20,1,20,20:00,4,1,1,1,6,93078,M,"48,9699600","2,5204000",93
202000022384,20,1,20,09:45,1,2,9,1,6,93070,M,"48,9102544","2,3364585",93
202000022385,20,1,20,08:35,2,2,3,1,3,93015,M,"48,9125600","2,5789530",93
202000022386,20,1,20,16:00,1,2,1,1,2,93031,M,"48,9538028","2,3203341",93
202000022387,20,1,20,14:10,1,2,1,1,3,93005,M,"48,9357300","2,4873200",93
202000022388,20,1,19,17:28,2,2,3,1,5,93001,M,"48,9199054","2,3777681",93
202000022389,20,1,20,17:10,2,2,2,1,3,92064,M,"48,8494050","2,2137706",92
202000022390,20,1,20,08:25,2,2,1,1,6,92064,M,"48,8475808","2,2094214",92
202000022391,20,1,18,15:20,1,2,1,1,2,92063,M,"48,8789467","2,1862578",92
202000022392,20,1,20,19:15,5,2,1,1,6,92044,M,"48,8966900","2,2983800",92
202000022393,20,1,19,09:42,1,2,3,1,6,92036,M,"48,9337740","2,3134280",92
202000022394,20,1,20,08:35,1,2,1,1,6,92025,M,"48,9182010","2,2388340",92
202000022395,20,1,20,10:30,1,2,5,1,6,92023,M,"48,7865020","2,2453950",92
202000022396,20,1,20,19:15,2,2,3,1,3,92007,M,"48,7972063","2,3221648",92
202000022397,20,1,18,18:00,2,2,1,1,3,92002,M,"48,7429800","2,3029010",92
202000022398,20,1,20,08:25,1,2,1,1,1,22259,M,"48,4619590"," -2,0711750",22
202000022399,20,1,20,17:29,2,2,1,1,7,22209,M,"48,5807000"," -2,1444800",22
202000022400,20,1,21,15:00,1,1,1,7,6,49099,M,"47,0987190"," -0,8319160",49
202000022401,20,1,20,16:45,2,1,1,1,1,68173,M,"48,1148010","7,2171240",68
202000022402,20,1,19,02:00,5,2,1,1,1,97201,A,"14,8316990"," -61,1031270",972
202000022403,20,1,17,07:55,1,1,3,1,3,30262,M,"44,0309000","4,4794000",30
202000022404,20,1,21,07:15,5,2,1,5,5,62870,M,"50,4094590","1,7247720",62
202000022405,20,1,16,19:40,3,2,6,2,6,56090,M,"47,8268169"," -3,2496357",56
202000022406,20,1,18,19:45,3,1,1,1,3,74234,M,"45,7585760","6,3164750",74
202000022407,20,1,19,14:45,1,1,2,1,3,76100,M,"49,5008300","1,2627930",76
202000022408,20,1,21,05:00,3,1,1,9,7,79242,M,"46,9165840"," -0,5674600",79
202000022409,20,1,21,12:40,1,2,2,1,1,65375,M,"43,3869460","0,1513470",65
202000022410,20,1,21,15:30,1,1,1,1,1,55537,M,"49,2055510","5,4754970",55
202000022411,20,1,20,18:55,5,2,2,1,3,68068,M,"47,6335440","7,1226880",68
202000022412,20,1,18,19:49,3,2,1,1,6,25280,M,"47,2578970","6,9460990",25
202000022413,20,1,19,07:45,2,1,1,1,6,29109,M,"48,5118605"," -4,7254160",29
202000022414,20,1,13,22:15,3,2,1,1,1,31239,M,"43,3804950","0,8390240",31
202000022415,20,1,21,17:55,3,1,2,1,3,01389,M,"46,0432980","4,9383600",01
202000022416,20,1,21,15:30,1,1,1,1,6,45245,M,"47,6741980","2,8124650",45
202000022417,20,1,15,23:20,3,1,1,8,6,07117,M,"44,4741210","4,1965300",07
202000022418,20,1,8,14:45,1,1,3,1,3,40310,M,"43,7913530"," -1,3339730",40
202000022419,20,1,21,11:20,1,2,2,1,3,04124,M,"43,7822650","6,0948260",04
202000022420,20,1,21,13:55,1,1,1,1,3,85008,M,"46,6172500"," -1,4436800",85
202000022421,20,1,14,14:30,1,1,1,1,7,65417,M,"43,2156479","0,1180175",65
202000022422,20,1,20,08:00,2,1,1,1,3,44035,M,"47,2723570"," -1,5552520",44
202000022423,20,1,20,18:30,3,1,1,1,2,77412,M,"48,4742970","2,5169700",77
202000022424,20,1,17,05:00,3,1,1,1,-1,97424,R," -21,1230360","55,4550140",974
202000022425,20,1,20,00:00,5,2,1,1,6,97111,A,"16,2727940"," -61,8057230",971
202000022426,20,1,19,18:10,5,2,1,1,6,77272,M,"48,5602610","3,1483320",77
202000022427,20,1,20,00:30,3,2,1,1,6,34307,M,"43,7015080","4,0079710",34
202000022428,20,1,20,14:50,1,2,1,1,6,13014,M,"43,4763480","5,1674330",13
202000022429,20,1,20,17:29,2,2,1,1,-1,13107,M,"43,4367730","5,4252640",13
202000022430,20,1,21,14:05,1,2,1,1,6,01249,M,"45,8268140","4,9529670",01
202000022431,20,1,18,04:00,3,1,1,1,7,53094,M,"48,0120240"," -0,7285380",53
202000022432,20,1,19,16:30,2,1,1,3,6,62560,M,"50,8100840","1,6943410",62
202000022433,20,1,21,16:15,1,1,9,1,1,59173,M,"50,7266340","2,9735900",59
202000022434,20,1,20,02:30,5,1,9,1,2,69296,M,"45,6605800","4,8417900",69
202000022435,20,1,20,07:00,5,1,1,1,5,33096,M,"44,8900400"," -0,5032400",33
202000022436,20,1,20,18:30,4,1,1,1,3,91377,M,"48,7203600","2,2720300",91
202000022437,20,1,20,07:30,3,1,1,1,3,91182,M,"48,6186000","2,4266000",91
202000022438,20,1,20,01:52,3,1,1,1,6,91174,M,"48,6185400","2,4576200",91
202000022439,20,1,19,07:05,3,1,1,1,6,92047,M,"48,8359825","2,1821722",92
202000022440,20,1,18,19:56,3,1,1,1,2,78206,M,"48,9480000","1,9463700",78
202000022441,20,1,20,12:00,1,1,1,1,3,94033,M,"48,8491582","2,4907287",94
202000022442,20,1,16,12:00,1,1,1,1,2,77294,M,"48,9647927","2,6100694",77
202000022443,20,1,18,22:20,4,2,1,1,2,98735,P," -17,5445063"," -149,5783876",987
202000022444,20,1,18,21:40,5,2,1,1,6,97416,R," -21,2913700","55,4616000",974
202000022445,20,1,18,23:40,5,2,1,1,2,69388,M,"45,7314298","4,8598314",69
202000022446,20,1,19,20:18,5,1,1,1,4,97213,A,"14,6180000"," -61,0340000",972
202000022447,20,1,18,17:49,5,2,2,1,3,69384,M,"45,7795800","4,8204900",69
202000022448,20,1,19,14:55,1,2,1,1,6,97120,A,"16,2442100"," -61,5323100",971
202000022449,20,1,18,08:50,1,1,1,1,2,97113,A,"16,2181635"," -61,5096188",971
202000022450,20,1,19,06:30,5,2,1,4,1,91161,M,"48,7048480","2,3226510",91
202000022451,20,1,18,17:40,5,2,1,1,3,69290,M,"45,6961700","4,9266900",69
202000022452,20,1,19,02:15,5,2,2,1,3,69266,M,"45,7783938","4,8794371",69
202000022453,20,1,19,14:43,1,2,3,1,3,64284,M,"43,2846400"," -0,3922200",64
202000022454,20,1,19,16:40,1,2,9,1,6,59650,M,"50,7112331","3,2348675",59
202000022455,20,1,19,18:50,5,2,1,1,6,59350,M,"50,6082644","3,0387497",59
202000022456,20,1,13,12:10,1,2,1,1,3,59343,M,"50,5849700","3,1235500",59
202000022457,20,1,19,13:40,1,1,1,1,1,53054,M,"48,0940800"," -0,7863900",53
202000022458,20,1,19,20:15,1,2,1,1,6,42119,M,"45,7536530","3,9717990",42
202000022459,20,1,19,19:30,5,2,6,1,2,37261,M,"47,4184706","0,6838621",37
202000022460,20,1,19,16:05,1,2,3,1,2,37261,M,"47,3683967","0,7157863",37
202000022461,20,1,19,16:55,1,2,1,1,6,34172,M,"43,6000742","3,8696337",34
202000022462,20,1,18,20:00,5,2,3,2,2,33075,M,"44,8735300"," -0,6171400",33
202000022463,20,1,18,23:40,3,2,1,1,1,32013,M,"43,6543120","0,6130832",32
202000022464,20,1,16,14:00,1,2,6,2,3,29232,M,"47,9838900"," -4,0730400",29
202000022465,20,1,19,15:13,1,1,3,1,1,29051,M,"48,0006865"," -4,0487158",29
202000022466,20,1,17,11:35,1,2,1,7,1,18279,M,"47,2261100","2,0572200",18
202000022467,20,1,20,00:29,3,1,1,1,7,17449,M,"45,9660840"," -0,9238700",17
202000022468,20,1,19,14:30,1,2,9,1,2,09122,M,"42,9872660","1,6157820",09
202000022469,20,1,19,11:00,1,2,1,1,6,06027,M,"43,6566500","7,1637200",06
202000022470,20,1,19,04:40,3,1,1,1,6,06123,M,"43,7026110","7,1849800",06
202000022471,20,1,18,03:45,5,2,1,1,6,75118,M,"48,8885717","2,3342018",75
202000022472,20,1,19,18:05,5,2,7,1,3,75117,M,"48,8833480","2,3095104",75
202000022473,20,1,18,16:00,1,2,1,1,3,75116,M,"48,8582056","2,2736976",75
202000022474,20,1,19,13:40,1,2,2,1,3,75115,M,"48,8372327","2,2964370",75
202000022475,20,1,19,17:40,5,2,7,8,6,75114,M,"48,8277958","2,3267957",75
202000022476,20,1,19,12:20,1,2,1,1,6,75112,M,"48,8445785","2,3898386",75
202000022477,20,1,19,06:55,2,2,1,1,3,75112,M,"48,8333956","2,4019134",75
202000022478,20,1,18,20:45,5,2,3,1,6,75112,M,"48,8442841","2,4423416",75
202000022479,20,1,19,16:40,1,2,1,1,7,75107,M,"48,8590100","2,3015930",75
202000022480,20,1,18,20:45,5,2,2,1,6,75103,M,"48,8662181","2,3526072",75
202000022481,20,1,19,13:15,1,2,9,1,7,94021,M,"48,7730100","2,3393900",94
202000022482,20,1,19,06:35,5,2,1,8,6,94069,M,"48,8182600","2,4392200",94
202000022483,20,1,19,15:12,1,2,1,1,6,93053,M,"48,8956000","2,4614000",93
202000022484,20,1,18,23:05,3,2,1,8,6,93001,M,"48,9171710","2,3687860",93
202000022485,20,1,19,02:45,5,2,1,1,2,92073,M,"48,8656062","2,2196299",92
202000022486,20,1,19,23:05,5,2,2,1,3,92051,M,"48,8875111","2,2785124",92
202000022487,20,1,19,16:05,1,2,1,1,6,92051,M,"48,8854400","2,2671700",92
202000022488,20,1,19,12:35,1,2,6,1,3,92040,M,"48,8217472","2,2499844",92
202000022489,20,1,16,20:30,2,1,1,1,2,97418,R," -20,8998410","55,5252990",974
202000022490,20,1,19,19:30,3,2,1,1,6,37155,M,"47,6506798","0,8368114",37
202000022491,20,1,11,11:10,1,1,1,7,2,47169,M,"44,1560227","0,6273555",47
202000022492,20,1,18,15:30,1,1,1,1,6,43040,M,"45,2823453","3,3888531",43
202000022493,20,1,14,17:50,3,2,4,1,6,68249,M,"48,1275990","7,1632870",68
202000022494,20,1,19,18:15,3,1,1,1,7,97210,A,"14,6329960"," -60,9351350",972
202000022495,20,1,19,11:00,1,1,1,1,7,22339,M,"48,4697160"," -2,0581150",22
202000022496,20,1,18,13:00,1,1,1,1,1,97133,A,"15,9613160"," -61,7078700",971
202000022497,20,1,20,08:45,1,2,1,1,3,69100,M,"45,6923700","4,8275530",69
202000022498,20,1,16,14:45,1,1,9,1,3,51549,M,"48,9410173","4,7428764",51
202000022499,20,1,19,18:30,3,1,1,1,4,56194,M,"47,6136030"," -2,1117570",56
202000022500,20,1,20,08:05,1,1,2,1,2,77321,M,"48,4039123","3,2265649",77
202000022501,20,1,20,06:15,3,1,1,9,7,79195,M,"46,9189690"," -0,5717200",79
202000022502,20,1,20,07:55,2,2,1,1,6,89276,M,"48,0428380","3,7927600",89
202000022503,20,1,20,07:40,2,1,1,9,1,89200,M,"47,9292482","3,6182597",89
202000022504,20,1,11,20:30,3,1,2,1,3,49046,M,"47,1800310"," -0,0605500",49
202000022505,20,1,19,04:00,5,2,1,1,6,68378,M,"47,6370810","7,1123490",68
202000022506,20,1,20,08:25,1,1,1,1,1,25258,M,"47,2325990","5,9054240",25
202000022507,20,1,19,16:30,1,1,2,1,3,29201,M,"48,3805140"," -4,7119670",29
202000022508,20,1,20,04:20,3,1,1,1,7,54205,M,"48,6704530","5,7923200",54
202000022509,20,1,20,07:15,3,1,1,1,6,14305,M,"49,2924270"," -0,0101820",14
202000022510,20,1,17,19:30,3,1,1,9,7,05072,M,"44,6425340","6,0846600",05
202000022511,20,7,10,09:55,1,2,2,1,3,13001,M,"43,5329700","5,4398000",13
202000022512,20,7,10,22:54,5,2,9,1,7,10387,M,"48,2882000","4,0810400",10
202000022513,20,7,9,12:20,1,2,1,1,3,10357,M,"48,2969400","4,1294800",10
202000022514,20,7,2,20:00,1,2,1,2,1,09122,M,"42,9585780","1,6061860",09
202000022515,20,7,10,21:45,5,2,9,1,6,06069,M,"43,6814970","6,9597380",06
202000022516,20,7,10,16:35,1,2,1,1,6,06123,M,"43,6738680","7,1898240",06
202000022517,20,7,10,08:30,1,2,1,1,3,06027,M,"43,6579100","7,1595060",06
202000022518,20,7,8,09:15,1,2,6,1,3,06027,M,"43,6669650","7,1417270",06
202000022519,20,7,2,17:48,1,2,6,1,6,05061,M,"44,5620640","6,0778330",05
202000022520,20,7,9,08:10,1,2,1,1,3,75116,M,"48,8349280","2,2627090",75
202000022521,20,6,30,22:18,5,2,1,1,6,75106,M,"48,8498870","2,3423640",75
202000022522,20,7,10,10:20,1,2,2,1,3,75120,M,"48,8646810","2,4041420",75
202000022523,20,7,10,22:25,5,2,3,1,3,75117,M,"48,8901010","2,3049270",75
202000022524,20,7,10,12:20,1,2,2,1,3,75108,M,"48,8822160","2,3203480",75
202000022525,20,7,9,09:08,1,2,2,1,3,75116,M,"48,8622790","2,2383040",75
202000022526,20,7,8,22:28,5,2,1,1,2,75116,M,"48,8708160","2,2596810",75
202000022527,20,7,10,16:38,1,2,4,1,6,75115,M,"48,8365560","2,2679390",75
202000022528,20,7,10,12:20,1,2,2,1,3,75115,M,"48,8537980","2,2941660",75
202000022529,20,7,9,21:40,5,2,1,1,3,75115,M,"48,8438580","2,2751360",75
202000022530,20,7,10,12:25,1,2,1,1,6,75114,M,"48,8180870","2,3330140",75
202000022531,20,7,9,19:00,1,2,2,1,3,75113,M,"48,8222070","2,3585230",75
202000022532,20,7,9,12:25,1,2,1,1,3,75112,M,"48,8447450","2,4048820",75
202000022533,20,7,10,13:15,1,2,1,1,3,75111,M,"48,8552050","2,3819720",75
202000022534,20,7,10,16:05,1,2,4,1,3,75108,M,"48,8742310","2,2995460",75
202000022535,20,7,10,01:40,5,2,3,1,6,75108,M,"48,8700920","2,3066720",75
202000022536,20,7,10,17:00,1,2,3,8,6,75104,M,"48,8552290","2,3611130",75
202000022537,20,7,10,14:35,1,2,7,1,3,75104,M,"48,8563000","2,3649390",75
202000022538,20,7,10,11:15,1,2,1,1,2,94078,M,"48,7370000","2,4690000",94
202000022539,20,7,8,11:30,1,2,1,1,7,94046,M,"48,8124410","2,4375310",94
202000022540,20,7,10,18:00,1,2,1,1,3,94003,M,"48,8008920","2,3408310",94
202000022541,20,7,8,21:15,1,2,3,1,3,94016,M,"48,7889500","2,3319100",94
202000022542,20,7,10,18:20,1,2,1,1,3,94021,M,"48,7716500","2,3677300",94
202000022543,20,7,10,12:40,1,2,9,1,6,94028,M,"48,7802700","2,4717600",94
202000022544,20,7,10,10:40,1,2,2,1,2,94077,M,"48,7381500","2,4255310",94
202000022545,20,7,10,01:15,4,2,6,1,-1,93001,M,"48,9086235","2,3780076",93
202000022546,20,7,8,18:50,1,2,1,1,5,93066,M,"48,9151608","2,3501098",93
202000022547,20,7,10,15:40,1,2,1,1,1,93048,M,"48,8585839","2,4302421",93
202000022548,20,7,10,10:40,1,2,3,8,3,93048,M,"48,8708527","2,4384834",93
202000022549,20,7,10,00:30,5,2,9,1,1,93048,M,"48,8494800","2,4175600",93
202000022550,20,7,10,10:10,1,2,1,1,6,93006,M,"48,8636163","2,4200133",93
202000022551,20,7,10,12:30,1,2,2,1,6,93014,M,"48,9114230","2,5494200",93
202000022552,20,7,10,18:00,1,2,1,1,6,93005,M,"48,9461209","2,5104586",93
202000022553,20,7,9,20:15,1,2,1,1,2,92063,M,"48,8758640","2,1698162",92
202000022554,20,7,9,19:40,1,2,3,1,3,92050,M,"48,8908159","2,2157970",92
202000022555,20,7,10,13:20,1,2,2,1,3,92025,M,"48,9274070","2,2470150",92
202000022556,20,7,11,14:45,1,1,2,1,3,50027,M,"48,6879010"," -1,4384150",50
202000022557,20,7,10,15:10,1,1,1,1,7,86182,M,"46,8646020","0,3214730",86
202000022558,20,7,11,03:50,3,1,1,8,7,67426,M,"48,3510050","7,2846650",67
202000022559,20,7,10,10:45,1,1,4,1,3,26002,M,"45,2412070","4,8261040",26
202000022560,20,7,7,19:25,1,2,3,1,3,62176,M,"50,5124710","1,7325570",62
202000022561,20,7,10,21:00,1,1,1,1,2,56033,M,"47,8190630"," -2,1211710",56
202000022562,20,7,10,18:45,1,1,1,1,5,56040,M,"47,8340410"," -3,3744820",56
202000022563,20,7,11,15:45,1,1,1,1,1,74109,M,"46,0908120","5,8341050",74
202000022564,20,7,11,10:30,1,1,9,1,2,74068,M,"46,0614880","5,8679330",74
202000022565,20,7,11,11:55,1,1,1,1,2,76152,M,"49,5909030","1,2108190",76
202000022566,20,7,10,22:30,5,2,2,1,6,79171,M,"46,9774780"," -0,2770940",79
202000022567,20,7,11,03:30,3,1,1,1,1,80458,M,"49,9567870","2,4895630",80
202000022568,20,7,10,23:25,3,2,1,1,1,65330,M,"43,4240090","0,0359040",65
202000022569,20,7,11,04:10,3,1,1,1,6,32100,M,"43,8781290","0,1720910",32
202000022570,20,7,10,16:35,1,1,1,1,2,32147,M,"43,6256810","0,8688530",32
202000022571,20,7,10,16:15,1,1,1,1,1,11124,M,"43,0099270","2,8287860",11
202000022572,20,7,11,16:40,1,1,3,1,3,89456,M,"48,3022800","3,1825800",89
202000022573,20,7,10,21:50,2,2,3,1,3,49205,M,"47,7583280"," -0,4913490",49
202000022574,20,7,4,15:00,1,1,1,1,3,49088,M,"47,7770915"," -1,0973027",49
202000022575,20,7,11,06:30,1,1,1,1,7,49060,M,"47,1886040"," -0,0202560",49
202000022576,20,7,10,19:55,1,2,1,1,6,39560,M,"46,3612530","5,8612650",39
202000022577,20,7,11,12:15,1,1,1,1,2,39526,M,"47,0311480","5,4057510",39
202000022578,20,7,11,10:15,1,2,1,1,6,39016,M,"46,3966280","5,5677200",39
202000022579,20,7,10,17:30,1,2,3,1,3,25321,M,"47,0687920","6,6785880",25
202000022580,20,7,8,18:00,1,2,6,1,3,35095,M,"48,5494700"," -1,7565360",35
202000022581,20,6,30,16:30,1,2,1,1,6,35284,M,"48,5989834"," -1,9729578",35
202000022582,20,7,11,10:45,1,2,1,1,3,29004,M,"47,9325440"," -3,7002150",29
202000022583,20,7,8,16:40,1,2,1,1,1,31377,M,"43,4316410","1,6955160",31
202000022584,20,7,11,16:45,1,1,1,1,7,02550,M,"49,4732690","3,6803560",02
202000022585,20,7,10,21:45,3,1,1,1,1,84072,M,"44,0514860","5,1543740",84
202000022586,20,7,10,21:30,2,2,1,1,1,03060,M,"46,1634837","3,3936174",03
202000022587,20,7,11,12:10,1,1,2,1,-1,03025,M,"46,4592672","3,3678448",03
202000022588,20,7,10,21:00,2,1,1,1,6,15045,M,"44,8439762","3,0008698",15
202000022589,20,7,11,11:45,1,2,9,1,4,72006,M,"48,4035080","0,0911090",72
202000022590,20,7,11,00:05,3,2,1,1,6,72241,M,"48,0500760","0,4132770",72
202000022591,20,7,10,22:30,3,2,1,1,-1,50427,M,"49,4767480"," -1,2479780",50
202000022592,20,7,10,17:25,1,2,1,1,6,50615,M,"49,5071440"," -1,4720640",50
202000022593,20,7,5,16:20,1,1,2,1,7,45258,M,"48,2175780","2,4912520",45
202000022594,20,7,10,18:45,1,1,1,1,6,73114,M,"45,8209120","6,5271340",73
202000022595,20,7,11,10:25,1,1,3,1,3,21549,M,"47,7526260","4,6782880",21
202000022596,20,7,10,20:25,1,1,1,7,1,27550,M,"49,2518930","0,6298260",27
202000022597,20,7,10,17:30,1,1,1,1,1,27398,M,"49,0935833","0,6429676",27
202000022598,20,7,10,14:20,1,1,1,1,6,10419,M,"48,1944240","4,2703980",10
202000022599,20,7,10,23:40,3,2,1,1,6,97307,G,"4,8734590"," -52,3270870",973
202000022600,20,6,19,11:15,1,1,6,1,2,68021,M,"47,6364490","7,5020310",68