Num_Acc,an,mois,jour,hrmn,lum,agg,int,atm,col,com,gps,lat,long,dep
202000022601,20,7,11,09:30,1,1,1,1,6,84091,M,"44,1554080","4,7713070",84
202000022602,20,7,10,18:40,1,1,1,1,7,77458,M,"48,1958173","2,7688315",77
202000022603,20,7,10,17:00,1,1,2,1,3,69119,M,"45,4964510","4,7216750",69
202000022604,20,7,10,19:50,2,1,2,8,3,69119,M,"45,4964810","4,7216320",69
202000022605,20,7,10,15:50,1,2,9,1,7,13103,M,"43,6113320","5,1106920",13
202000022606,20,7,10,16:00,1,2,3,1,3,97420,R," -20,9095410","55,5956350",974
202000022607,20,7,10,17:00,1,2,1,1,3,97701,,"17,9015570"," -62,8334180",977
202000022608,20,7,11,10:20,1,2,3,1,3,37003,M,"47,4129026","0,9827999",37
202000022609,20,7,10,14:45,1,2,1,1,3,78321,M,"48,8044990","1,8954870",78
202000022610,20,7,10,07:30,1,1,1,1,3,2B095,M,"42,3537390","9,0549870",2B
202000022611,20,7,11,08:40,1,1,1,1,1,66114,M,"42,6057880","2,9361760",66
202000022612,20,7,8,08:12,1,2,1,1,4,34272,M,"43,6544520","4,1130070",34
202000022613,20,7,10,23:10,3,1,6,1,6,84092,M,"43,9829720","4,8598190",84
202000022614,20,7,7,07:45,1,2,1,1,3,83099,M,"43,4590560","6,6932170",83
202000022615,20,7,10,10:35,1,1,1,1,7,05101,M,"44,8820680","6,4584110",05
202000022616,20,7,11,02:00,3,2,1,1,7,74087,M,"46,1378130","6,3323490",74
202000022617,20,7,9,16:20,1,2,2,7,3,38507,M,"45,7338870","5,1730590",38
202000022618,20,7,11,19:20,1,2,6,1,6,69019,M,"46,1038720","4,7583250",69
202000022619,20,7,10,09:35,1,2,1,1,6,22176,M,"48,4456290"," -2,7461260",22
202000022620,20,7,11,12:19,1,1,1,1,3,02555,M,"48,9599470","3,3297910",02
202000022621,20,7,11,02:20,3,1,1,1,2,80467,M,"49,6709050","2,7702280",80
202000022622,20,7,11,15:40,1,2,3,1,3,59523,M,"50,5894920","3,1569840",59
202000022623,20,7,7,02:15,3,1,1,1,4,13070,M,"43,2848500","5,5183500",13
202000022624,20,6,26,01:10,3,1,1,1,6,13117,M,"43,4463760","5,2426890",13
202000022625,20,7,7,19:45,1,2,9,1,3,38544,M,"45,5222300","4,8689800",38
202000022626,20,7,9,18:40,1,1,1,1,2,69266,M,"45,7686900","4,9039800",69
202000022627,20,7,9,18:00,1,1,1,1,4,42218,M,"45,4501400","4,4205300",42
202000022628,20,7,10,10:40,1,1,1,1,4,33003,M,"44,9316200"," -0,4686500",33
202000022629,20,7,10,07:44,1,1,1,1,3,33192,M,"44,7886700"," -0,6016000",33
202000022630,20,7,10,19:20,1,1,1,1,-1,91645,M,"48,7596892","2,2671423",91
202000022631,20,7,10,16:40,1,1,1,1,2,91689,M,"48,7470000","2,3259000",91
202000022632,20,7,10,10:30,1,1,1,1,-1,94034,M,"48,7533000","2,3313000",94
202000022633,20,7,10,11:50,1,1,1,1,2,92019,M,"48,7764800","2,2351800",92
202000022634,20,7,10,07:10,1,1,1,1,6,78646,M,"48,7926130","2,0890580",78
202000022635,20,7,10,19:45,1,1,1,1,3,93010,M,"48,9145600","2,4773300",93
202000022636,20,7,10,09:00,1,1,1,1,2,93048,M,"48,8724800","2,4341900",93
202000022637,20,7,10,08:00,1,1,1,1,2,92036,M,"48,9423131","2,2896154",92
202000022638,20,7,10,18:30,1,1,1,1,2,77514,M,"48,9486270","2,6289112",77
202000022639,20,7,9,00:40,3,1,1,1,3,93051,M,"48,8346000","2,5807700",93
202000022640,20,3,16,14:30,1,2,1,1,6,87085,M,"45,8811900","1,2941200",87
202000022641,20,2,10,07:29,2,2,1,1,4,87114,M,"45,8351200","1,3134900",87
202000022642,20,7,9,12:28,1,2,1,1,3,98818,C," -22,3023000","166,4384100",988
202000022643,20,7,9,21:10,5,2,1,2,1,97416,R," -21,3432200","55,4819900",974
202000022644,20,7,9,15:45,1,2,1,1,6,97416,R," -21,3414800","55,4790300",974
202000022645,20,7,9,14:16,1,1,1,1,6,97416,R," -21,3245400","55,4835500",974
202000022646,20,7,8,15:10,1,1,1,1,4,97416,R," -21,3021000","55,4256100",974
202000022647,20,7,9,19:39,5,2,1,1,3,97302,G,"4,9317170"," -52,3174310",973
202000022648,20,7,8,07:30,1,2,2,1,3,97302,G,"4,9330000"," -52,3328000",973
202000022649,20,7,5,21:05,5,2,1,1,3,97302,G,"4,9219899"," -52,3218083",973
202000022650,20,7,9,21:10,1,2,2,1,3,69387,M,"45,7469900","4,8456400",69
202000022651,20,7,9,12:30,1,2,2,1,3,69383,M,"45,7553032","4,8430689",69
202000022652,20,7,9,10:19,1,2,8,1,3,69259,M,"45,6951200","4,8734900",69
202000022653,20,7,9,08:30,1,2,1,1,3,69388,M,"45,7399400","4,8738300",69
202000022654,20,7,8,10:58,1,2,2,1,6,69383,M,"45,7582565","4,8659059",69
202000022655,20,7,9,14:50,1,2,1,1,3,97213,A,"14,6491500"," -60,9888400",972
202000022656,20,7,9,05:40,2,2,3,1,3,69381,M,"45,7673000","4,8307400",69
202000022657,20,7,9,21:56,5,2,1,1,2,2B037,M,"42,6194200","9,4371000",2B
202000022658,20,7,9,16:15,1,2,1,1,4,2B033,M,"42,7014000","9,4524000",2B
202000022659,20,7,9,17:15,1,2,1,1,6,95598,M,"48,9795450","2,2943900",95
202000022660,20,7,9,19:55,1,2,2,1,3,91691,M,"48,7099300","2,4989500",91
202000022661,20,7,9,08:58,1,2,1,1,6,91521,M,"48,6502100","2,4077000",91
202000022662,20,7,9,02:05,5,2,1,1,3,91479,M,"48,7300000","2,3649000",91
202000022663,20,7,6,15:20,1,1,1,1,2,86158,M,"46,6051110","0,3069450",86
202000022664,20,7,8,16:15,1,2,1,1,7,85194,M,"46,4909500"," -1,7196600",85
202000022665,20,7,8,10:30,1,2,2,1,3,83069,M,"43,0730400","6,1527000",83
202000022666,20,7,9,10:45,1,2,2,1,3,81021,M,"43,5059600","2,3669100",81
202000022667,20,6,22,15:50,1,2,3,1,1,78335,M,"48,9980580","1,7389740",78
202000022668,20,7,9,16:50,1,2,1,1,3,72181,M,"47,9961200","0,2076000",72
202000022669,20,7,8,17:55,1,2,2,1,3,71306,M,"46,6559668","4,3347636",71
202000022670,20,7,8,16:05,1,2,9,1,3,71059,M,"46,8052114","4,4740555",71
202000022671,20,7,8,11:40,1,2,1,1,3,71153,M,"46,8057487","4,4389620",71
202000022672,20,7,7,09:50,1,2,2,1,3,68376,M,"47,7985400","7,3133700",68
202000022673,20,7,6,20:55,2,2,1,7,6,67482,M,"48,5789665","7,6997105",67
202000022674,20,7,6,20:30,2,2,8,1,3,67218,M,"48,5431731","7,7363168",67
202000022675,20,7,8,14:08,1,2,1,1,1,65226,M,"43,2383050","0,0098330",65
202000022676,20,7,9,12:15,1,2,1,1,3,64260,M,"43,3690390"," -1,7712920",64
202000022677,20,7,9,16:15,1,2,3,1,1,64445,M,"43,3259400"," -0,3424500",64
202000022678,20,7,8,22:35,5,2,1,1,7,64122,M,"43,4815700"," -1,5684300",64
202000022679,20,7,8,15:35,1,2,2,1,3,64102,M,"43,4927000"," -1,4646000",64
202000022680,20,7,5,21:05,2,2,1,1,6,62744,M,"50,2991823","2,7533932",62
202000022681,20,7,2,00:20,5,2,2,1,3,59009,M,"50,6201200","3,1353900",59
202000022682,20,7,8,21:20,2,2,1,8,3,59350,M,"50,6308100","3,0961700",59
202000022683,20,7,4,14:20,1,2,1,1,7,58194,M,"46,9867000","3,1365000",58
202000022684,20,7,8,09:30,1,2,6,1,7,56121,M,"47,7484500"," -3,3962600",56
202000022685,20,7,8,09:10,1,2,3,1,3,56083,M,"47,8044800"," -3,2773100",56
202000022686,20,7,4,22:20,5,2,2,1,3,54528,M,"48,6754700","5,8842200",54
202000022687,20,7,8,10:20,1,2,1,1,4,54357,M,"48,7197100","6,1713100",54
202000022688,20,7,9,15:25,1,2,1,1,7,51454,M,"49,2633277","4,0171711",51
202000022689,20,7,8,10:35,1,2,1,1,1,51454,M,"49,2697980","4,0307063",51
202000022690,20,7,7,22:00,5,2,1,1,3,50129,M,"49,6286000"," -1,6181000",50
202000022691,20,7,8,09:46,1,2,1,1,3,49267,M,"47,4707000"," -0,4528600",49
202000022692,20,7,7,15:58,1,2,1,1,3,49007,M,"47,4820300"," -0,5223200",49
202000022693,20,7,9,18:50,1,2,9,1,3,45338,M,"47,9865000","2,7121000",45
202000022694,20,7,9,21:50,1,2,1,1,6,44109,M,"47,1995900"," -1,5650000",44
202000022695,20,5,20,02:52,5,2,1,1,6,44109,M,"47,2397600"," -1,5168500",44
202000022696,20,7,8,11:30,1,2,1,7,6,42071,M,"46,0315400","4,0827700",42
202000022697,20,6,23,17:00,1,1,1,1,1,42270,M,"45,3967900","4,2355300",42
202000022698,20,7,9,17:49,1,2,2,1,-1,37122,M,"47,3423264","0,6223529",37
202000022699,20,7,9,18:43,1,2,2,1,3,37233,M,"47,3921561","0,7298796",37
202000022700,20,7,8,18:26,1,2,1,1,-1,37261,M,"47,4013394","0,6837112",37
202000022701,20,7,9,08:00,1,2,2,1,1,37122,M,"47,3510916","0,6652023",37
202000022702,20,7,8,17:40,1,2,4,1,1,37208,M,"47,3641555","0,7154960",37
202000022703,20,2,19,17:37,1,2,1,8,6,49007,M,"47,4688800"," -0,5535700",49
202000022704,20,2,20,09:30,1,1,1,8,6,44172,M,"47,2352100"," -1,4780700",44
202000022705,20,2,19,12:25,1,2,6,1,3,42187,M,"46,0480595","4,0686254",42
202000022706,20,2,20,16:50,1,2,3,1,3,41018,M,"47,6000000","1,3197800",41
202000022707,20,2,20,11:50,1,2,2,1,3,35238,M,"48,1086100"," -1,6801500",35
202000022708,20,2,19,15:00,1,1,1,1,6,35051,M,"48,1403572"," -1,6286862",35
202000022709,20,2,20,21:40,5,2,6,1,3,34172,M,"43,5889795","3,8896474",34
202000022710,20,2,19,19:00,2,2,1,1,6,34172,M,"43,6111137","3,8389385",34
202000022711,20,2,21,00:15,5,2,3,2,7,33063,M,"44,8850600"," -0,5415500",33
202000022712,20,2,20,20:30,5,2,2,1,3,33039,M,"44,8128500"," -0,5612900",33
202000022713,20,2,20,18:20,5,2,3,1,3,33069,M,"44,8674900"," -0,5905900",33
202000022714,20,2,20,09:52,1,2,6,1,6,33192,M,"44,7710800"," -0,6004500",33
202000022715,20,2,14,10:10,1,2,2,1,6,33318,M,"44,8055500"," -0,6492300",33
202000022716,20,2,13,12:00,1,2,4,1,6,33063,M,"44,8448700"," -0,5782300",33
202000022717,20,2,20,15:30,1,2,2,1,2,32013,M,"43,6352300","0,5831600",32
202000022718,20,2,19,22:10,5,2,3,1,3,31555,M,"43,6290500","1,4763300",31
202000022719,20,1,21,16:45,1,2,1,1,6,29019,M,"48,3926742"," -4,4876052",29
202000022720,20,2,20,20:50,5,2,9,2,6,28134,M,"48,7315000","1,3696000",28
202000022721,20,2,20,15:50,1,2,9,8,6,27681,M,"49,0953000","1,4864000",27
202000022722,20,2,20,14:50,1,2,1,1,6,26198,M,"44,5514000","4,7477600",26
202000022723,20,2,19,08:20,1,2,3,8,6,21231,M,"47,3215900","5,0539630",21
202000022724,20,2,18,08:00,1,2,2,1,3,19031,M,"45,1590200","1,5405500",19
202000022725,20,2,20,09:00,1,1,1,5,4,17415,M,"45,7251300"," -0,6429000",17
202000022726,20,2,20,17:05,1,2,1,1,2,17300,M,"46,1482910"," -1,1533370",17
202000022727,20,2,20,17:45,1,2,1,1,6,14118,M,"49,1776600"," -0,3487800",14
202000022728,20,2,20,12:30,1,2,1,1,6,13210,M,"43,2810000","5,4210000",13
202000022729,20,2,20,09:50,1,2,1,1,3,13205,M,"43,2889000","5,3956600",13
202000022730,20,2,18,16:40,1,2,3,1,3,13028,M,"43,1945784","5,5996531",13
202000022731,20,2,18,11:25,1,1,3,1,4,13005,M,"43,2848000","5,5921100",13
202000022732,20,2,19,12:10,1,2,1,1,2,11262,M,"43,1813519","2,9760675",11
202000022733,20,2,20,06:35,5,2,3,1,1,06088,M,"43,7194500","7,2836800",06
202000022734,20,2,19,17:14,1,2,2,2,6,75118,M,"48,8867160","2,3507460",75
202000022735,20,2,19,18:25,5,2,2,2,6,75116,M,"48,8750900","2,2839910",75
202000022736,20,2,19,01:30,5,2,2,3,3,75114,M,"48,8292990","2,3226510",75
202000022737,20,2,20,18:48,5,2,1,3,6,75113,M,"48,8261570","2,3567920",75
202000022738,20,2,19,21:58,5,2,3,2,7,75108,M,"48,8743980","2,3010510",75
202000022739,20,2,20,11:20,1,2,3,1,3,75104,M,"48,8550020","2,3535470",75
202000022740,20,2,19,22:30,5,2,5,1,7,75102,M,"48,8687780","2,3331060",75
202000022741,20,2,5,20:50,5,2,2,1,3,75101,M,"48,8601190","2,3333470",75
202000022742,20,2,19,10:15,1,2,3,1,3,94081,M,"48,7907000","2,3927900",94
202000022743,20,2,19,02:45,3,2,1,3,3,94074,M,"48,7690600","2,4406700",94
202000022744,20,2,20,18:35,3,2,1,3,6,94046,M,"48,8025100","2,4380600",94
202000022745,20,2,18,13:10,1,2,3,1,3,94041,M,"48,8015000","2,3795200",94
202000022746,20,2,20,10:00,1,2,1,8,2,94077,M,"48,7283660","2,4327960",94
202000022747,20,2,6,12:00,1,2,6,1,7,94077,M,"48,7378500","2,4238670",94
202000022748,20,2,20,12:45,1,2,1,1,6,94017,M,"48,8279700","2,4940200",94
202000022749,20,2,20,19:10,5,2,1,3,6,93061,M,"48,8855200","2,4031400",93
202000022750,20,2,20,13:00,1,2,2,1,3,93047,M,"48,8924000","2,5488300",93
202000022751,20,2,20,19:00,5,2,1,3,6,92076,M,"48,8354185","2,1548371",92
202000022752,20,2,19,18:30,5,2,3,2,3,92063,M,"48,8629650","2,1825620",92
202000022753,20,2,18,11:40,1,2,1,1,6,92063,M,"48,8679852","2,1936205",92
202000022754,20,2,17,18:10,2,2,3,1,6,92063,M,"48,8811500","2,1789400",92
202000022755,20,2,20,06:00,5,2,1,1,6,92020,M,"48,8087910","2,2837450",92
202000022756,20,2,20,08:30,1,2,4,1,3,92048,M,"48,8098000","2,2427000",92
202000022757,20,2,20,09:10,1,2,1,1,2,92004,M,"48,9163910","2,3091560",92
202000022758,20,2,19,22:45,5,2,1,2,6,22213,M,"48,5273060"," -1,9824960",22
202000022759,20,2,18,18:00,2,1,1,6,7,62492,M,"50,4614620","1,9604940",62
202000022760,20,2,20,18:15,1,1,9,1,4,35253,M,"48,2661410"," -1,4075800",35
202000022761,20,2,16,08:00,1,2,1,1,7,97413,R," -21,1694600","55,2880630",974
202000022762,20,1,11,16:30,1,1,1,1,6,72231,M,"47,9369610","0,3923750",72
202000022763,20,2,21,17:15,1,1,9,1,2,30217,M,"43,9804710","4,7228310",30
202000022764,20,2,21,15:44,1,2,1,1,6,69100,M,"45,6877000","4,8209000",69
202000022765,20,2,20,18:20,5,2,1,1,2,57540,M,"48,7676570","7,2528860",57
202000022766,20,2,21,15:45,1,2,1,1,6,19261,M,"45,6647310","2,1955920",19
202000022767,20,2,20,13:20,1,2,1,1,6,74099,M,"45,8684140","6,6380820",74
202000022768,20,2,21,15:00,1,2,1,1,7,76017,M,"49,6331980","0,2379390",76
202000022769,20,2,20,17:45,2,1,2,2,3,76716,M,"49,6174080","0,2399020",76
202000022770,20,2,20,20:25,3,1,1,1,2,79066,M,"46,4820110"," -0,3580630",79
202000022771,20,2,12,19:05,3,1,1,1,-1,24030,M,"45,1607980","1,2223150",24
202000022772,20,2,2,16:15,1,2,1,2,-1,69168,M,"45,8392337","4,8342713",69
202000022773,20,2,16,14:50,1,2,3,1,3,32256,M,"43,5146270","0,4044230",32
202000022774,20,2,16,16:55,1,2,1,1,6,11263,M,"42,8967470","2,1102310",11
202000022775,20,2,20,19:15,3,1,1,1,1,11288,M,"43,2573230","2,2569820",11
202000022776,20,2,20,19:50,3,1,1,1,7,89333,M,"47,4869040","4,0645980",89
202000022777,20,2,20,20:35,3,2,1,3,6,55291,M,"48,6773290","5,3256390",55
202000022778,20,2,20,03:30,3,1,1,1,6,49018,M,"47,5488300"," -0,1377210",49
202000022779,20,2,20,18:00,1,1,1,1,7,12215,M,"44,4617440","2,3940160",12
202000022780,20,2,17,15:30,1,2,4,1,2,35297,M,"48,1872840"," -2,1909840",35
202000022781,20,2,20,18:30,2,1,1,1,6,29090,M,"48,0758932"," -4,2518867",29
202000022782,20,2,21,18:25,3,1,1,1,3,38080,M,"45,5302600","5,5832360",38
202000022783,20,2,21,06:45,2,2,7,1,6,70408,M,"47,2788870","5,5648170",70
202000022784,20,2,20,16:30,1,2,2,7,3,70119,M,"47,3365250","5,9074260",70
202000022785,20,2,21,16:45,1,1,1,1,2,72090,M,"48,0540890","0,4808020",72
202000022786,20,2,20,18:32,2,1,3,1,1,06150,M,"43,7476530","7,3887400",06
202000022787,20,2,20,17:30,1,1,3,1,3,14449,M,"49,1230930"," -0,6294420",14
202000022788,20,2,20,20:00,3,1,1,1,7,05056,M,"44,6317916","6,1342305",05
202000022789,20,2,21,07:35,2,1,9,1,3,60254,M,"49,4436130","2,6475672",60
202000022790,20,2,21,14:20,1,1,3,1,3,18138,M,"47,1074970","2,2481470",18
202000022791,20,2,20,16:55,1,1,1,1,6,43152,M,"45,0731060","3,8636690",43
202000022792,20,2,18,10:10,1,1,1,1,6,16362,M,"45,3855507","0,2038744",16
202000022793,20,2,21,06:40,3,1,1,8,2,53126,M,"48,3469800"," -0,9667970",53
202000022794,20,2,21,03:50,3,1,1,1,6,49177,M,"47,3506870"," -1,1675280",49
202000022795,20,2,21,01:25,3,1,1,1,2,10213,M,"48,1736410","4,4542690",10
202000022796,20,2,20,22:15,3,1,1,1,6,01355,M,"46,2737740","5,0071130",01
202000022797,20,2,20,13:17,1,1,1,1,-1,06085,M,"43,6014100","7,0335040",06
202000022798,20,2,20,20:20,3,1,1,1,-1,83061,M,"43,5215743","6,7740941",83
202000022799,20,2,20,16:30,1,1,1,1,1,44072,M,"47,4992820"," -2,2988360",44
202000022800,20,2,21,16:22,1,1,1,1,2,60281,M,"49,4867510","2,7136230",60
202000022801,20,2,17,09:30,1,2,2,1,3,45142,M,"47,9294968","2,1387237",45
202000022802,20,2,20,19:55,5,2,1,1,6,13100,M,"43,7883640","4,8330460",13
202000022803,20,2,21,16:30,1,2,6,1,3,42147,M,"45,6117248","4,0677426",42
202000022804,20,2,18,18:50,5,2,1,1,6,38537,M,"45,6361230","5,1447130",38
202000022805,20,2,20,19:35,5,1,1,1,6,69228,M,"45,5483901","4,6378935",69
202000022806,20,2,17,05:50,5,2,1,1,1,69273,M,"45,6757820","4,9221110",69
202000022807,20,2,21,16:50,1,1,1,1,1,31417,M,"43,6254010","1,2887370",31
202000022808,20,2,20,05:20,3,1,1,1,6,17161,M,"46,1944930"," -1,3475900",17
202000022809,20,2,13,17:30,1,2,3,1,6,33366,M,"45,0042300"," -0,4373200",33
202000022810,20,2,20,14:20,1,2,1,1,6,33449,M,"44,8906645"," -0,7706441",33
202000022811,20,2,20,19:21,3,1,1,1,1,50489,M,"48,7325310"," -1,3491300",50
202000022812,20,2,20,16:40,1,2,1,2,3,62003,M,"50,3828870","2,8842310",62
202000022813,20,2,20,05:50,3,1,1,1,4,13005,M,"43,2870179","5,5401376",13
202000022814,20,2,20,16:26,1,1,1,1,2,67389,M,"48,6493431","7,7342603",67
202000022815,20,2,18,16:00,1,1,1,1,2,95682,M,"49,0685400","2,3862600",95
202000022816,20,2,20,19:20,3,1,1,2,-1,77294,M,"48,9651370","2,6087880",77
202000022817,20,2,20,17:40,1,1,1,1,2,77146,M,"48,8311260","2,6408420",77
202000022818,20,2,1,22:48,5,1,1,2,2,94028,M,"48,7826937","2,4408609",94
202000022819,20,2,19,12:20,1,2,1,2,2,97302,G,"4,9407653"," -52,3309279",973
202000022820,20,2,19,09:45,1,2,1,2,6,97302,G,"4,9365699"," -52,3371506",973
202000022821,20,2,19,18:50,5,2,2,2,3,69388,M,"45,7292500","4,8678000",69
202000022822,20,1,7,17:30,5,2,2,1,3,69382,M,"45,7343575","4,8181827",69
202000022823,20,2,18,17:10,1,2,1,1,6,69385,M,"45,6849700","4,9374400",69
202000022824,20,2,18,20:00,5,1,1,1,1,97101,A,"16,2691860"," -61,5031940",971
202000022825,20,2,18,17:10,1,1,1,1,2,97113,A,"16,2074905"," -61,4565700",971
202000022826,20,2,17,13:20,1,1,1,1,1,97101,A,"16,2827000"," -61,4857800",971
202000022827,20,2,13,19:15,5,2,1,8,6,95268,M,"48,9705215","2,4030850",95
202000022828,20,2,18,12:50,1,2,1,1,3,91345,M,"48,6985600","2,2955700",91
202000022829,20,2,19,15:10,1,2,1,8,3,91027,M,"48,7253800","2,4109300",91
202000022830,20,2,17,09:05,1,2,1,2,7,79191,M,"46,3344300"," -0,4720100",79
202000022831,20,2,18,16:20,1,2,1,1,6,79191,M,"46,3154500"," -0,4418600",79
202000022832,20,2,18,13:35,1,2,1,1,6,78640,M,"48,7793110","2,2086620",78
202000022833,20,2,19,18:45,5,2,1,2,6,78440,M,"48,9904048","1,9136374",78
202000022834,20,2,19,09:10,1,2,1,1,6,77294,M,"48,9751470","2,6419658",77
202000022835,20,2,19,10:35,1,2,6,1,2,77294,M,"48,9604700","2,6010100",77
202000022836,20,2,18,18:50,2,1,6,1,1,77131,M,"48,8153600","3,1078900",77
202000022837,20,2,17,17:25,1,2,2,1,4,76366,M,"49,5071600","1,0400100",76
202000022838,20,2,18,20:45,5,1,1,1,3,76351,M,"49,5002793","0,1719618",76
202000022839,20,2,18,11:55,1,2,1,1,7,71040,M,"46,6981605","4,4008527",71
202000022840,20,2,19,18:25,5,2,6,2,6,69266,M,"45,7596000","4,8754000",69
202000022841,20,2,19,11:00,1,2,1,2,3,69266,M,"45,7697400","4,8915100",69
202000022842,20,2,19,18:50,2,2,1,2,6,69264,M,"45,9952682","4,7169868",69
202000022843,20,2,18,19:30,5,2,1,1,6,67482,M,"48,5802040","7,7136459",67
202000022844,20,2,18,19:42,5,2,3,1,1,64129,M,"43,3046067"," -0,3910403",64
202000022845,20,2,7,21:15,5,2,3,1,3,59009,M,"50,6200910","3,1350760",59
202000022846,20,2,19,15:55,1,2,1,1,6,59009,M,"50,6194000","3,1306000",59
202000022847,20,2,19,07:00,3,1,4,1,6,56121,M,"47,7587900"," -3,3843800",56
202000022848,20,2,18,17:50,1,2,1,1,6,56121,M,"47,7476000"," -3,3690700",56
202000022849,20,2,18,16:30,1,2,4,1,3,56162,M,"47,7069600"," -3,4211100",56
202000022850,20,2,19,14:50,1,2,2,1,3,54395,M,"48,6840777","6,1765949",54
202000022851,20,2,19,14:30,1,1,6,1,2,51493,M,"49,2248508","4,0967621",51
202000022852,20,2,18,19:05,5,2,1,1,1,49007,M,"47,4587200"," -0,5515800",49
202000022853,20,2,19,11:00,1,2,6,1,6,45234,M,"47,9074700","1,9015600",45
202000022854,20,2,18,17:50,1,1,3,1,5,41226,M,"47,8107000","1,0738000",41
202000022855,20,2,17,17:10,1,2,1,1,6,40088,M,"43,7057000"," -1,0593000",40
202000022856,20,2,19,08:10,1,2,3,2,2,38563,M,"45,3741300","5,5802200",38
202000022857,20,2,19,20:15,5,2,1,1,6,35238,M,"48,1083000"," -1,6778000",35
202000022858,20,2,19,18:50,5,2,1,1,3,35051,M,"48,1077900"," -1,6145500",35
202000022859,20,2,14,20:40,3,1,4,1,3,34108,M,"43,4735700","3,7700100",34
202000022860,20,2,19,19:15,5,2,3,1,6,33069,M,"44,8672400"," -0,6103500",33
202000022861,20,2,19,13:25,1,2,2,1,3,33063,M,"44,8654300"," -0,5653100",33
202000022862,20,2,19,11:35,1,2,1,1,3,33550,M,"44,7895700"," -0,5307700",33
202000022863,20,2,12,14:25,1,2,1,1,6,33063,M,"44,8767500"," -0,5605400",33
202000022864,20,2,14,21:00,5,2,2,1,3,30189,M,"43,8322400","4,3606300",30
202000022865,20,2,18,10:43,1,2,6,1,6,29019,M,"48,3943279"," -4,4785253",29
202000022866,20,2,19,18:55,3,1,9,1,2,26057,M,"45,0067700","5,0369700",26
202000022867,20,2,19,08:45,1,2,1,8,6,22113,M,"48,7311800"," -3,4601300",22
202000022868,20,2,19,16:35,1,2,2,1,3,17333,M,"45,6045900"," -0,9990400",17
202000022869,20,2,19,15:50,1,2,1,1,2,17306,M,"45,6238500"," -1,0323300",17
202000022870,20,2,18,18:00,1,2,3,1,3,17306,M,"45,6429660"," -1,0247680",17
202000022871,20,2,19,08:20,1,2,6,2,3,17200,M,"46,1903100"," -1,1472700",17
202000022872,20,2,19,22:21,5,2,1,1,2,13203,M,"43,3192800","5,3689000",13
202000022873,20,2,19,12:50,1,2,2,1,3,13201,M,"43,3016120","5,3816570",13
202000022874,20,2,19,08:45,1,2,1,9,7,13215,M,"43,3470000","5,3580000",13
202000022875,20,2,19,08:15,1,2,1,1,3,13209,M,"43,2699000","5,4028000",13
202000022876,20,2,18,18:00,2,1,1,1,7,13002,M,"43,3519200","5,4772600",13
202000022877,20,2,18,08:40,1,2,4,1,3,13202,M,"43,3310730","5,3548880",13
202000022878,20,2,18,16:35,1,1,6,1,7,13063,M,"43,5883645","4,9940428",13
202000022879,20,2,19,21:15,5,2,9,1,3,13005,M,"43,2892000","5,5725000",13
202000022880,20,2,19,16:15,1,2,1,1,3,06029,M,"43,5530000","7,0120000",06
202000022881,20,2,19,14:20,1,1,1,1,3,06030,M,"43,5731000","7,0154000",06
202000022882,20,2,18,09:42,1,2,3,1,3,05061,M,"44,5555700","6,0790730",05
202000022883,20,2,15,16:15,1,2,1,1,6,03310,M,"46,1253030","3,4226278",03
202000022884,20,2,19,09:15,1,2,1,2,1,03185,M,"46,3460769","2,6039146",03
202000022885,20,1,16,16:55,1,2,1,1,6,01053,M,"46,2109570","5,2395040",01
202000022886,20,2,19,07:57,1,2,3,1,3,75104,M,"48,8558260","2,3477450",75
202000022887,20,2,19,11:30,1,2,1,1,6,75105,M,"48,8418790","2,3475740",75
202000022888,20,2,18,18:05,5,2,5,1,3,75116,M,"48,8650380","2,2887130",75
202000022889,20,2,18,09:00,1,2,1,1,1,75116,M,"48,8524430","2,2811810",75
202000022890,20,2,19,09:30,1,2,2,1,6,75115,M,"48,8447620","2,2839130",75
202000022891,20,2,19,19:00,5,2,3,2,6,75114,M,"48,8278100","2,3289660",75
202000022892,20,2,19,17:10,1,2,5,2,-1,75112,M,"48,8446580","2,4057290",75
202000022893,20,2,19,18:00,3,2,2,2,6,75111,M,"48,8647130","2,3701440",75
202000022894,20,2,19,09:50,1,2,1,1,3,75110,M,"48,8723950","2,3501190",75
202000022895,20,2,17,17:30,1,2,5,2,3,75117,M,"48,8976280","2,3241390",75
202000022896,20,2,19,07:35,2,2,1,1,7,94074,M,"48,7580991","2,4518489",94
202000022897,20,9,9,06:40,2,1,3,1,5,43152,M,"45,0779940","3,8371200",43
202000022898,20,9,10,12:15,1,1,1,1,3,07134,M,"44,5015049","4,2939913",07
202000022899,20,9,8,13:35,1,2,1,1,7,53147,M,"48,3098270"," -0,6154700",53
202000022900,20,9,4,17:35,1,1,1,1,1,37117,M,"47,4158026","0,2887465",37
202000022901,20,9,9,15:30,1,1,1,1,1,30325,M,"43,9920580","3,6799370",30
202000022902,20,9,9,11:05,1,2,1,1,1,67326,M,"48,6238180","7,7205510",67
202000022903,20,9,10,10:50,1,2,1,1,6,69244,M,"45,7639042","4,7792800",69
202000022904,20,9,9,14:15,1,1,1,1,1,97115,A,"16,2527940"," -61,6493030",971
202000022905,20,9,9,23:15,3,2,1,1,1,45312,M,"47,9221497","2,7374323",45
202000022906,20,8,18,15:55,1,2,1,1,2,2B042,M,"42,5504960","9,4420890",2B
202000022907,20,9,1,11:15,1,1,1,1,6,83071,M,"43,1224390","6,2454440",83