Num_Acc,an,mois,jour,hrmn,lum,agg,int,atm,col,com,gps,lat,long,dep
202000022908,20,9,5,09:45,1,2,3,1,3,13016,M,"43,3937210","5,5942750",13
202000022909,20,9,6,05:10,3,1,1,1,3,13004,M,"43,6416660","4,7143360",13
202000022910,20,9,10,13:00,1,2,1,1,6,88024,M,"48,3739430","6,2110370",88
202000022911,20,9,9,12:15,1,1,1,1,7,03290,M,"46,6258498","3,2856606",03
202000022912,20,9,5,13:50,1,1,1,1,6,38110,M,"45,5615100","4,8603720",38
202000022913,20,9,9,19:00,1,1,6,1,1,69072,M,"45,8215920","4,7265670",69
202000022914,20,9,7,07:00,1,1,6,1,3,44204,M,"47,2823550"," -1,4537790",44
202000022915,20,9,9,16:45,1,1,1,1,1,60450,M,"49,2290330","2,2949190",60
202000022916,20,9,10,20:29,3,1,1,1,7,60041,M,"49,3800710","2,2492630",60
202000022917,20,9,9,19:18,1,1,1,2,6,13019,M,"43,4235940","5,3741320",13
202000022918,20,9,6,05:10,5,1,1,1,2,13055,M,"43,2956650","5,4247110",13
202000022919,20,9,6,03:25,3,1,1,1,2,69271,M,"45,7449431","4,9884394",69
202000022920,20,9,4,20:35,2,1,1,1,2,54115,M,"48,7295400","6,1617000",54
202000022921,20,9,9,13:40,1,1,1,1,3,33065,M,"44,8113800"," -0,5223500",33
202000022922,20,9,4,08:45,1,1,1,9,-1,59350,M,"50,6322617","3,0828747",59
202000022923,20,9,2,21:00,2,1,1,1,2,59330,M,"50,4557210","3,3159880",59
202000022924,20,9,2,13:02,1,1,1,1,6,59155,M,"51,0135650","2,3816150",59
202000022925,20,9,4,06:30,2,1,1,1,5,59288,M,"50,3144890","3,4051450",59
202000022926,20,9,9,08:45,1,1,1,1,3,94065,M,"48,7548000","2,3468000",94
202000022927,20,9,9,06:50,2,1,1,1,2,91689,M,"48,7334000","2,3160000",91
202000022928,20,9,9,17:15,1,1,1,1,4,78297,M,"48,7891940","2,0690990",78
202000022929,20,9,9,12:00,1,1,1,1,5,93053,M,"48,8945400","2,4717400",93
202000022930,20,5,14,17:15,1,2,1,1,6,97611,Y," -12,7888612","45,2245929",976
202000022931,20,2,25,22:50,5,2,2,1,3,75110,M,"48,8707580","2,3654050",75
202000022932,20,3,8,17:35,1,2,1,2,6,92044,M,"48,8928401","2,2920857",92
202000022933,20,3,14,11:15,1,1,1,1,2,69273,M,"45,6674776","4,9180868",69
202000022934,20,9,8,06:35,1,2,6,1,6,97416,R," -21,2819700","55,4741800",974
202000022935,20,9,7,14:00,1,1,1,3,1,97411,R," -20,8895879","55,4359604",974
202000022936,20,9,8,07:00,1,2,9,1,3,97302,G,"4,9304771"," -52,3162508",973
202000022937,20,9,8,21:00,5,2,2,1,3,69383,M,"45,7584035","4,8413521",69
202000022938,20,9,8,19:00,1,2,2,1,3,69388,M,"45,7371500","4,8614000",69
202000022939,20,9,8,17:00,1,2,6,7,3,69259,M,"45,7281039","4,8574833",69
202000022940,20,9,8,18:10,1,2,3,1,3,69387,M,"45,7368000","4,8369000",69
202000022941,20,9,8,06:38,1,2,1,1,7,69387,M,"45,7439583","4,8455641",69
202000022942,20,9,8,07:25,1,2,3,1,1,97209,A,"14,6327900"," -61,0407600",972
202000022943,20,9,8,15:20,1,2,2,1,3,69382,M,"45,7592700","4,8295300",69
202000022944,20,9,8,18:10,2,2,1,1,1,97101,A,"16,2782630"," -61,5075090",971
202000022945,20,9,6,00:35,3,1,1,1,3,97101,A,"16,2545800"," -61,4803200",971
202000022946,20,9,5,20:40,5,1,9,1,7,97101,A,"16,2579800"," -61,5268800",971
202000022947,20,9,5,19:15,5,2,1,1,1,97101,A,"16,2517824"," -61,5192712",971
202000022948,20,9,7,19:25,2,2,3,1,3,2A004,M,"41,9351377","8,7489173",2A
202000022949,20,9,7,10:00,1,2,1,1,6,95219,M,"48,9923450","2,2579560",95
202000022950,20,9,8,11:15,1,2,1,1,6,91691,M,"48,7072700","2,5226900",91
202000022951,20,9,8,17:05,1,2,1,1,6,91326,M,"48,6893400","2,3865300",91
202000022952,20,9,8,17:30,1,2,7,1,6,91174,M,"48,6036840","2,4639940",91
202000022953,20,9,8,16:45,1,2,3,1,3,91479,M,"48,7071280","2,3589490",91
202000022954,20,8,25,16:40,1,2,1,1,6,89387,M,"48,1915539","3,2990527",89
202000022955,20,9,7,11:30,1,2,1,1,1,88160,M,"48,1791000","6,4475000",88
202000022956,20,9,7,06:58,1,2,3,1,3,87113,M,"45,8828600","1,3458600",87
202000022957,20,9,4,23:12,5,2,1,1,1,87075,M,"45,7923600","1,2199600",87
202000022958,20,9,7,17:10,1,2,3,1,6,86194,M,"46,5730000","0,3810000",86
202000022959,20,8,24,21:20,2,2,6,1,3,30351,M,"43,9708000","4,7924000",30
202000022960,20,9,7,18:00,1,2,1,1,5,83129,M,"43,0999500","5,8172700",83
202000022961,20,9,7,08:20,1,1,3,1,-1,83123,M,"43,1248700","5,7929700",83
202000022962,20,9,5,02:40,3,2,1,1,6,83050,M,"43,5253840","6,5163160",83
202000022963,20,9,7,17:00,1,1,2,1,3,82121,M,"43,9892000","1,3089200",82
202000022964,20,9,7,17:26,1,2,1,1,5,80021,M,"49,9095800","2,3256600",80
202000022965,20,9,8,01:40,3,1,1,1,6,78238,M,"48,9598300","1,8782900",78
202000022966,20,9,7,14:00,1,1,4,1,3,76410,M,"49,4730800","1,0287900",76
202000022967,20,9,5,18:20,1,2,1,1,6,76447,M,"49,5472000","0,1944700",76
202000022968,20,9,2,16:50,1,1,6,1,3,73065,M,"45,5937400","5,9009500",73
202000022969,20,9,7,15:30,1,2,4,1,3,73008,M,"45,6779505","5,9120254",73
202000022970,20,9,7,16:30,1,2,9,1,3,71540,M,"46,7859576","4,4330397",71
202000022971,20,9,8,21:45,5,2,1,1,6,69290,M,"45,7060150","4,9220812",69
202000022972,20,9,8,19:50,1,2,3,1,3,68056,M,"47,7188400","7,3099800",68
202000022973,20,9,8,08:50,1,2,9,1,3,68066,M,"48,0686290","7,3345020",68
202000022974,20,9,7,07:50,1,2,2,1,3,67482,M,"48,5900500","7,7423800",67
202000022975,20,9,4,12:00,1,2,1,1,-1,67482,M,"48,5929150","7,7493590",67
202000022976,20,9,7,17:18,1,2,1,1,-1,66136,M,"42,6920400","2,9240100",66
202000022977,20,9,7,14:20,1,2,3,1,-1,66136,M,"42,6931210","2,9153300",66
202000022978,20,9,7,11:08,1,2,1,1,6,66136,M,"42,6967800","2,8881200",66
202000022979,20,9,8,16:35,1,2,1,1,1,64284,M,"43,2733864"," -0,3807225",64
202000022980,20,9,8,07:40,1,2,1,1,3,64129,M,"43,3006310"," -0,4063580",64
202000022981,20,9,8,13:00,1,2,9,7,3,64102,M,"43,4844800"," -1,4766800",64
202000022982,20,9,8,08:15,1,2,1,7,6,64102,M,"43,4904000"," -1,4850000",64
202000022983,20,9,7,19:30,1,2,1,1,2,64024,M,"43,4800000"," -1,5174000",64
202000022984,20,9,7,11:30,1,2,1,1,6,60175,M,"49,2538735","2,4710108",60
202000022985,20,9,7,12:35,1,2,1,1,6,60057,M,"49,4358200","2,0865500",60
202000022986,20,9,8,16:45,1,2,1,1,6,59512,M,"50,6943270","3,1724660",59
202000022987,20,9,8,21:10,5,2,1,1,-1,59183,M,"51,0367300","2,3995800",59
202000022988,20,9,7,18:15,1,2,2,1,3,54395,M,"48,6917500","6,2006900",54
202000022989,20,9,8,19:17,1,2,6,1,3,51454,M,"49,2364916","4,0713624",51
202000022990,20,9,4,12:00,1,2,3,1,3,50129,M,"49,6338000"," -1,6216500",50
202000022991,20,8,31,08:00,1,2,6,1,3,49099,M,"47,0574500"," -0,8675900",49
202000022992,20,9,7,14:45,1,2,2,1,2,45208,M,"48,0037390","2,7419980",45
202000022993,20,9,8,07:50,1,2,1,1,3,41018,M,"47,5898200","1,3416900",41
202000022994,20,9,8,12:30,1,2,3,1,3,38169,M,"45,1898100","5,6825700",38
202000022995,20,9,7,10:00,1,2,6,1,2,37233,M,"47,3823050","0,7305208",37
202000022996,20,9,8,08:40,1,2,2,1,3,35238,M,"48,1019200"," -1,6562400",35
202000022997,20,9,8,11:35,1,1,1,1,2,34172,M,"43,6069200","3,9331400",34
202000022998,20,9,7,23:35,5,2,1,1,2,34172,M,"43,6131100","3,8982900",34
202000022999,20,9,8,18:55,1,2,6,1,3,33075,M,"44,8855800"," -0,5862300",33
202000023000,20,9,8,13:10,1,2,1,1,2,33039,M,"44,7912700"," -0,5319700",33
202000023001,20,9,8,09:20,1,2,3,1,2,33119,M,"44,8675900"," -0,5067900",33
202000023002,20,8,28,15:25,1,2,2,1,1,33281,M,"44,8558700"," -0,6709400",33
202000023003,20,9,8,13:30,1,2,3,1,3,33529,M,"44,6114000"," -1,1413000",33
202000023004,20,9,7,17:45,1,1,1,1,2,31555,M,"43,6466100","1,4604200",31
202000023005,20,9,7,14:54,1,2,1,1,6,31555,M,"43,6149800","1,4426300",31
202000023006,20,9,5,12:40,1,2,6,1,3,31555,M,"43,6478300","1,4431300",31
202000023007,20,9,7,09:50,1,2,2,1,1,27701,M,"49,2730200","1,2046200",27
202000023008,20,9,8,23:20,5,2,6,1,6,25056,M,"47,2331800","6,0350800",25
202000023009,20,9,8,01:15,5,2,4,1,6,25056,M,"47,2348000","6,0125000",25
202000023010,20,9,8,09:15,1,2,6,1,-1,17333,M,"45,6125800"," -0,9984700",17
202000023011,20,9,7,17:20,1,2,2,1,3,15014,M,"44,9196100","2,4391100",15
202000023012,20,9,8,13:30,1,2,2,1,3,14118,M,"49,1875600"," -0,3934400",14
202000023013,20,9,7,17:40,1,1,3,1,3,13117,M,"43,4232380","5,2411370",13
202000023014,20,9,5,19:30,1,2,6,1,3,30032,M,"43,8150000","4,6214500",30
202000023015,20,9,5,17:30,1,1,3,1,3,30032,M,"43,7780000","4,6218000",30
202000023016,20,9,8,17:10,1,2,1,1,6,13214,M,"43,3251600","5,3818350",13
202000023017,20,9,7,21:13,5,2,1,1,6,13201,M,"43,2925710","5,3748940",13
202000023018,20,9,7,10:25,1,2,1,1,6,13047,M,"43,4985700","4,9798100",13
202000023019,20,9,8,12:35,1,2,6,1,3,13005,M,"43,2978500","5,5889100",13
202000023020,20,9,7,17:56,1,1,6,1,6,11262,M,"43,1878000","3,0074000",11
202000023021,20,9,8,17:50,1,2,1,1,6,09225,M,"43,1192600","1,6125300",09
202000023022,20,9,8,17:30,1,1,1,1,2,07316,M,"44,8810500","4,8496300",07
202000023023,20,9,8,14:27,1,2,2,1,6,06088,M,"43,7047700","7,2840000",06
202000023024,20,9,7,09:00,1,2,1,1,3,06030,M,"43,5800360","7,0051710",06
202000023025,20,9,7,07:55,1,2,1,1,3,06029,M,"43,5521040","6,9776210",06
202000023026,20,9,8,17:25,2,2,1,1,-1,06123,M,"43,6768700","7,1913600",06
202000023027,20,9,2,11:20,1,2,3,1,3,06027,M,"43,6604900","7,1766300",06
202000023028,20,9,5,10:00,1,2,3,1,3,03190,M,"46,5617897","3,3382344",03
202000023029,20,9,8,22:04,5,2,1,1,3,03185,M,"46,3448504","2,5985604",03
202000023030,20,9,8,17:20,1,2,1,1,4,75118,M,"48,9008680","2,3426450",75
202000023031,20,9,6,21:20,5,2,1,1,3,75114,M,"48,8211650","2,3205140",75
202000023032,20,9,8,17:55,2,2,2,1,1,75120,M,"48,8702100","2,3844500",75
202000023033,20,9,8,15:15,1,2,1,1,6,75120,M,"48,8532590","2,4092340",75
202000023034,20,9,8,15:30,1,2,1,1,7,75119,M,"48,8961330","2,3785330",75
202000023035,20,9,8,09:05,1,2,2,1,3,75119,M,"48,8887810","2,3931060",75
202000023036,20,9,8,19:30,1,2,3,1,6,75118,M,"48,8889100","2,3582470",75
202000023037,20,9,8,16:40,1,2,4,1,3,75117,M,"48,8862870","2,3261660",75
202000023038,20,9,8,06:40,5,2,2,1,3,75117,M,"48,8942450","2,3205890",75
202000023039,20,9,7,20:30,5,2,3,1,3,75117,M,"48,8981720","2,3240060",75
202000023040,20,9,8,01:35,5,2,7,1,6,75117,M,"48,8850250","2,2966280",75
202000023041,20,9,8,11:45,1,2,2,1,6,75114,M,"48,8430000","2,3263330",75
202000023042,20,9,7,16:40,1,2,1,1,3,75114,M,"48,8408610","2,3216690",75
202000023043,20,9,8,09:45,1,2,2,1,3,75108,M,"48,8700670","2,3009850",75
202000023044,20,9,8,00:01,5,2,3,1,7,75108,M,"48,8721410","2,3217980",75
202000023045,20,9,8,09:55,1,2,2,1,7,75103,M,"48,8657710","2,3574720",75
202000023046,20,9,7,07:45,1,2,2,1,1,94074,M,"48,7420500","2,4662700",94
202000023047,20,9,8,20:55,5,2,1,1,3,94046,M,"48,8057543","2,4408601",94
202000023048,20,9,8,18:30,1,2,3,1,3,93070,M,"48,9013781","2,3303712",93
202000023049,20,8,22,02:10,5,2,2,1,3,93051,M,"48,8480768","2,5389443",93
202000023050,20,9,8,17:07,1,2,9,1,3,93048,M,"48,8601984","2,4391999",93
202000023051,20,9,8,19:50,1,2,1,1,6,93029,M,"48,9178719","2,4592512",93
202000023052,20,9,8,08:00,1,2,1,1,3,93013,M,"48,9326660","2,4253928",93
202000023053,20,9,8,06:30,2,2,1,1,6,93010,M,"48,9071058","2,4892535",93
202000023054,20,9,8,19:15,1,2,1,1,6,93007,M,"48,9291132","2,4788637",93
202000023055,20,9,8,13:00,1,2,1,1,2,93001,M,"48,9096489","2,3984671",93
202000023056,20,9,8,03:04,5,2,1,1,-1,92075,M,"48,8191130","2,2874560",92
202000023057,20,9,7,08:10,1,2,1,1,2,92063,M,"48,8683400","2,1907600",92
202000023058,20,8,28,14:30,1,2,1,1,6,92063,M,"48,8733100","2,1689500",92
202000023059,20,9,3,13:00,1,2,1,1,2,92062,M,"48,8857400","2,2513800",92
202000023060,20,9,8,10:00,1,2,1,1,2,92051,M,"48,8747660","2,2523797",92
202000023061,20,9,8,19:45,1,2,1,1,7,92040,M,"48,8224240","2,2521760",92
202000023062,20,9,7,19:20,1,2,1,1,2,92040,M,"48,8204201","2,2621635",92
202000023063,20,9,8,16:43,1,2,1,1,6,92012,M,"48,8324550","2,2511830",92
202000023064,20,9,7,22:55,5,2,1,1,3,92002,M,"48,7389000","2,3021000",92
202000023065,20,9,8,13:30,1,2,1,1,6,95205,M,"49,0253150","2,3751280",95
202000023066,20,8,16,06:45,4,2,1,1,6,52258,M,"48,0988040","4,7820370",52
202000023067,20,9,9,17:17,1,1,9,1,3,68058,M,"47,9236620","7,1972680",68
202000023068,20,9,8,15:00,1,1,1,7,6,81077,M,"43,9186700","2,5232080",81
202000023069,20,9,8,17:45,1,1,1,1,1,28068,M,"48,5645455","1,4468908",28
202000023070,20,9,9,12:10,1,2,4,1,3,86058,M,"46,6553245","0,5728337",86
202000023071,20,9,7,20:40,5,2,1,1,6,62736,M,"50,6425740","2,7874620",62
202000023072,20,9,8,21:01,3,1,1,1,4,22389,M,"48,4798060"," -2,6572750",22
202000023073,20,9,7,21:50,3,1,1,1,6,59162,M,"50,9170430","2,3821130",59
202000023074,20,9,3,12:50,1,1,1,1,6,30151,M,"44,1468130","4,3793020",30
202000023075,20,9,8,17:25,1,1,1,7,7,21592,M,"47,3394410","4,7538610",21
202000023076,20,9,8,22:28,3,1,1,1,6,40246,M,"44,1388760"," -0,7195990",40
202000023077,20,9,8,17:25,1,2,2,1,6,74171,M,"46,3185440","6,3307320",74
202000023078,20,9,8,19:30,1,2,6,1,3,74180,M,"46,3521750","6,2994310",74
202000023079,20,9,8,18:40,1,1,6,1,2,56078,M,"47,7882780"," -3,4806382",56
202000023080,20,9,7,17:55,1,2,1,1,6,56231,M,"47,7015200"," -2,6511700",56
202000023081,20,9,7,10:00,1,1,3,1,3,74104,M,"45,7806860","6,2292210",74
202000023082,20,9,8,23:35,3,1,1,1,1,76101,M,"49,9012140","1,6085530",76
202000023083,20,8,18,11:00,1,2,1,1,3,2A271,M,"41,9799962","8,8342577",2A
202000023084,20,9,3,18:00,1,1,4,1,3,80149,M,"50,1546760","1,8184680",80
202000023085,20,9,9,13:40,1,1,1,1,1,89018,M,"48,0572203","3,2977653",89
202000023086,20,9,8,12:45,1,2,1,1,6,89276,M,"48,0367450","3,7786370",89
202000023087,20,9,8,19:00,1,2,1,7,6,63080,M,"45,5893100","3,1302850",63
202000023088,20,9,8,16:00,1,2,1,1,6,86293,M,"46,4259550","0,2634840",86
202000023089,20,9,8,16:10,1,2,6,1,3,68087,M,"47,5359210","7,2651710",68
202000023090,20,9,9,10:20,1,2,1,1,6,25463,M,"47,3821680","6,7713840",25
202000023091,20,9,7,16:20,1,2,1,1,3,25190,M,"47,5024500","6,9142630",25
202000023092,20,8,5,17:45,1,1,1,1,1,06104,M,"43,7585600","7,4442000",06
202000023093,20,8,8,17:47,1,2,2,1,3,75119,M,"48,8858040","2,3706250",75
202000023094,20,8,8,11:40,1,2,1,1,6,75119,M,"48,8736530","2,3844090",75
202000023095,20,8,8,20:54,2,2,2,1,5,75118,M,"48,8971100","2,3592280",75
202000023096,20,8,7,12:40,1,2,4,1,3,75117,M,"48,8989040","2,3219830",75
202000023097,20,8,7,18:50,1,2,2,1,4,75117,M,"48,8807050","2,2852840",75
202000023098,20,8,8,16:30,1,2,2,1,3,75115,M,"48,8453430","2,3117910",75
202000023099,20,8,8,15:45,1,2,3,1,6,75113,M,"48,8206500","2,3494410",75
202000023100,20,8,7,17:15,1,2,2,1,3,75111,M,"48,8660000","2,3706600",75
202000023101,20,8,8,14:35,1,2,2,1,3,75108,M,"48,8787550","2,3222340",75
202000023102,20,8,7,16:10,1,2,1,1,3,75107,M,"48,8622710","2,3039940",75
202000023103,20,8,8,13:55,1,2,9,1,3,94068,M,"48,7849450","2,4953130",94
202000023104,20,8,7,19:00,1,2,1,1,5,94001,M,"48,7187800","2,4136500",94
202000023105,20,8,8,10:35,1,2,9,1,6,93062,M,"48,8955700","2,5264600",93
202000023106,20,8,8,08:12,1,2,1,1,2,93055,M,"48,8954766","2,4262988",93
202000023107,20,8,8,16:03,1,2,3,1,3,93053,M,"48,8875981","2,4642256",93
202000023108,20,8,7,22:20,5,2,1,1,2,93051,M,"48,8327970","2,5663809",93
202000023109,20,8,8,14:32,1,2,1,1,6,93063,M,"48,8791000","2,4334000",93
202000023110,20,8,8,19:30,1,2,1,1,3,93031,M,"48,9507592","2,3141427",93
202000023111,20,8,8,13:00,1,2,9,1,3,92026,M,"48,9006864","2,2752153",92
202000023112,20,8,8,11:05,1,2,1,1,3,92012,M,"48,8319686","2,2385246",92
202000023113,20,8,9,11:45,1,1,1,1,1,60590,M,"49,5407380","1,9956450",60
202000023114,20,8,9,09:25,1,1,3,1,3,65407,M,"43,0223570","0,5914860",65
202000023115,20,8,8,18:00,1,1,1,1,3,11018,M,"43,2201890","2,2082520",11
202000023116,20,8,9,13:15,1,2,1,2,7,63189,M,"45,6505930","2,7313430",63
202000023117,20,8,9,18:50,1,1,1,1,1,83033,M,"43,3172400","6,1869660",83
202000023118,20,8,8,22:57,3,1,1,1,6,97413,R," -21,1400080","55,2824740",974
202000023119,20,8,8,14:00,1,1,1,1,7,27125,M,"49,1901320","0,7682110",27
202000023120,20,8,8,23:30,3,2,1,1,6,51235,M,"48,7576749","3,6608975",51
202000023121,20,8,8,14:10,1,2,3,1,6,19121,M,"45,4434945","1,4070811",19
202000023122,20,8,7,17:15,1,1,1,1,7,56101,M,"47,8333530"," -3,1806280",56
202000023123,20,8,9,17:40,1,1,1,1,7,76592,M,"49,5061000","0,4962000",76
202000023124,20,8,7,13:50,1,1,1,7,7,2A092,M,"41,7286595","9,4015776",2A
202000023125,20,8,9,06:10,2,2,1,1,6,2B286,M,"42,4759350","9,4581450",2B
202000023126,20,8,9,11:30,1,1,1,2,7,80192,M,"49,9359890","2,6403240",80
202000023127,20,8,8,15:30,1,1,1,1,6,80308,M,"50,0682830","1,6071210",80
202000023128,20,8,9,12:00,1,1,1,1,6,65116,M,"42,8980220","0,3131850",65
202000023129,20,8,7,15:10,1,1,1,1,6,65282,M,"42,7724550","0,4121480",65
202000023130,20,8,8,18:10,1,1,1,1,3,69070,M,"46,0112250","4,3743950",69
202000023131,20,8,9,10:00,1,2,1,1,7,11206,M,"43,0470360","2,2207330",11
202000023132,20,8,8,13:10,1,1,3,1,3,47274,M,"44,1493570","0,7565980",47
202000023133,20,8,8,13:00,1,1,3,1,1,22074,M,"48,3383160"," -3,0499940",22
202000023134,20,8,8,16:25,1,2,1,1,1,22232,M,"48,6453930"," -2,8477120",22
202000023135,20,8,8,07:30,1,1,1,1,1,39435,M,"46,5757290","5,6851810",39
202000023136,20,8,9,04:05,3,1,1,1,1,44155,M,"47,0288080"," -1,5520710",44
202000023137,20,8,8,19:10,1,2,1,1,6,29133,M,"48,6909710"," -3,6561890",29
202000023138,20,8,9,09:05,1,1,1,1,7,29027,M,"48,1802310"," -3,8591190",29
202000023139,20,8,9,12:55,1,1,1,1,6,38333,M,"45,0819931","5,4574243",38
202000023140,20,8,9,13:06,1,1,1,1,7,38147,M,"45,4947300","5,4100100",38
202000023141,20,8,6,10:05,1,1,1,1,2,02330,M,"49,8618280","3,2218590",02
202000023142,20,8,8,18:35,1,1,2,1,5,03043,M,"46,1999903","3,2887351",03
202000023143,20,8,5,21:15,5,2,1,1,6,01338,M,"45,7086570","5,5717790",01
202000023144,20,8,8,17:50,1,1,3,1,3,26360,M,"44,4138960","4,8065720",26
202000023145,20,8,9,05:30,2,1,1,1,6,58083,M,"47,2374540","3,6623100",58
202000023146,20,8,9,02:15,3,1,1,1,6,58152,M,"46,8813190","3,1308350",58
202000023147,20,8,9,10:30,1,2,1,1,6,66024,M,"42,5248280","2,8314490",66
202000023148,20,8,9,11:08,1,1,1,1,1,06120,M,"44,2157440","6,9711100",06
202000023149,20,8,8,20:15,1,1,1,1,6,14371,M,"49,0168020","0,1263160",14
202000023150,20,8,7,15:20,1,1,3,1,3,50151,M,"49,2131900"," -1,5722900",50
202000023151,20,8,9,06:55,2,2,1,1,6,45282,M,"47,8623980","1,8271120",45
202000023152,20,8,8,16:10,1,1,3,1,1,64495,M,"43,3170760"," -1,5315410",64
202000023153,20,8,7,07:02,2,1,1,1,1,40272,M,"43,5910380"," -1,2704230",40
202000023154,20,8,9,01:00,3,2,1,1,1,04049,M,"44,0767069","5,9947317",04
202000023155,20,8,9,08:20,1,2,1,1,1,04108,M,"44,0481850","6,0260010",04
202000023156,20,8,8,15:00,1,1,1,1,2,85277,M,"46,5357720"," -1,4387480",85
202000023157,20,8,8,11:50,1,1,3,7,3,28240,M,"48,4737390","1,0030820",28
202000023158,20,8,7,05:55,2,1,1,1,6,30102,M,"43,9099260","4,2866500",30
202000023159,20,8,8,21:45,3,1,1,1,7,08164,M,"49,3910050","4,7683240",08
202000023160,20,8,9,11:08,1,1,1,1,7,88361,M,"48,3310910","7,0927480",88
202000023161,20,8,8,14:45,1,1,1,1,1,97307,G,"4,8272288"," -52,3385722",973
202000023162,20,8,7,22:15,3,1,1,1,7,97307,G,"4,7853620"," -52,3488560",973
202000023163,20,8,9,11:00,1,1,1,1,6,38004,M,"45,2106200","5,4667200",38
202000023164,20,8,9,09:00,1,1,1,1,6,73297,M,"45,6279040","6,3268800",73
202000023165,20,8,7,20:30,3,1,1,1,7,57114,M,"48,7518320","7,1715400",57
202000023166,20,8,9,05:14,3,1,1,1,1,34240,M,"43,6459510","3,9788100",34
202000023167,20,8,9,01:55,5,2,1,1,7,98821,C," -22,1343700","166,3539200",988
202000023168,20,8,9,20:00,3,1,1,1,1,97607,Y," -12,8361340","45,1854800",976
202000023169,20,8,9,22:35,5,2,1,1,7,97415,R," -21,0363890","55,2726290",974
202000023170,20,8,8,22:00,3,1,1,1,7,66065,M,"42,6166230","2,9734330",66
202000023171,20,7,9,10:45,1,1,1,1,-1,34314,M,"43,7251570","3,8404270",34
202000023172,20,8,8,14:45,1,1,2,1,3,13116,M,"43,8375910","4,9264880",13
202000023173,20,8,9,16:20,1,1,1,1,6,13100,M,"43,7878100","4,8437140",13
202000023174,20,8,8,09:55,1,1,1,1,6,38468,M,"45,3430800","4,8080200",38
202000023175,20,8,7,15:10,1,1,1,1,2,88136,M,"48,2073440","6,4610340",88
202000023176,20,8,7,17:30,1,1,1,1,6,57350,M,"49,0466380","6,0730310",57
202000023177,20,8,8,17:20,1,1,1,1,3,74127,M,"46,3604640","6,5232830",74
202000023178,20,8,9,11:40,1,1,1,1,6,73054,M,"45,6834280","6,7375160",73
202000023179,20,8,9,09:25,1,1,1,7,6,38412,M,"45,4020200","5,7442400",38
202000023180,20,8,9,14:50,1,1,1,1,6,26192,M,"44,4290530","5,0300110",26
202000023181,20,8,8,08:35,1,2,1,1,-1,81225,M,"43,9179890","1,9633880",81
202000023182,20,8,8,19:30,1,1,1,1,3,09157,M,"42,9346095","1,8494644",09
202000023183,20,8,7,19:35,1,2,2,1,3,33498,M,"44,5517970"," -0,9097520",33
202000023184,20,8,9,11:45,1,2,1,1,3,85092,M,"46,4660120"," -0,8057140",85
202000023185,20,8,9,17:45,1,1,1,1,1,85003,M,"46,7641150"," -1,6175330",85
202000023186,20,8,8,17:40,1,1,1,1,1,22093,M,"48,4988910"," -2,4955700",22
202000023187,20,8,7,17:45,1,1,1,7,1,62052,M,"50,8576230","1,6752140",62
202000023188,20,8,8,11:46,1,1,1,1,2,13117,M,"43,4333000","5,2566000",13
202000023189,20,8,7,00:40,3,1,1,1,7,13216,M,"43,3582300","5,3452500",13
202000023190,20,8,7,22:00,3,1,1,1,6,13214,M,"43,3298900","5,3779800",13
202000023191,20,8,7,21:50,3,1,1,1,6,01249,M,"45,8158770","4,9672830",01
202000023192,20,8,4,17:00,1,1,1,1,2,69385,M,"45,7528900","4,8198900",69
202000023193,20,8,8,15:35,1,1,1,1,2,33167,M,"44,8216700"," -0,5165600",33
202000023194,20,8,7,20:30,1,1,1,1,6,78490,M,"48,8002070","1,9818060",78
202000023195,20,8,8,06:00,1,1,1,1,6,92036,M,"48,9436400","2,2877400",92
202000023196,20,8,8,03:20,5,1,1,1,2,93066,M,"48,9103700","2,3582600",93
202000023197,20,8,7,18:50,1,1,1,1,2,93007,M,"48,9520300","2,4522900",93
202000023198,20,8,7,16:15,1,1,1,1,3,93007,M,"48,9520200","2,4522900",93
202000023199,20,8,7,08:30,1,2,1,1,6,97411,R," -20,9059700","55,4819500",974
202000023200,20,8,7,08:00,1,2,3,1,3,97411,R," -20,9003500","55,4995130",974
202000023201,20,8,7,18:15,1,2,2,1,3,69387,M,"45,7544200","4,8454800",69
202000023202,20,8,7,17:00,1,2,2,1,6,69386,M,"45,7690300","4,8603700",69
202000023203,20,8,7,15:25,1,2,1,1,3,69383,M,"45,7613482","4,8417648",69
202000023204,20,8,7,11:20,1,2,1,1,1,69259,M,"45,6990000","4,8769400",69
202000023205,20,8,7,14:50,1,2,1,1,3,97213,A,"14,6670000"," -60,9951000",972
202000023206,20,8,7,21:50,5,2,1,1,1,69389,M,"45,7731397","4,8100255",69
202000023207,20,8,6,13:57,1,2,1,1,4,97101,A,"16,2783900"," -61,4990100",971
202000023208,20,8,7,18:40,1,2,6,1,3,95539,M,"48,9923650","2,3585910",95
202000023209,20,8,7,07:30,1,1,1,1,3,95063,M,"48,9275650","2,2292820",95
202000023210,20,8,6,12:10,1,2,1,1,6,91657,M,"48,7016900","2,4250500",91
202000023211,20,8,7,11:35,1,2,6,1,3,91114,M,"48,6965800","2,4983200",91
202000023212,20,8,6,16:58,1,2,1,1,1,87085,M,"45,8829100","1,2877600",87
202000023213,20,8,6,11:20,1,2,1,1,2,86194,M,"46,5621100","0,3798300",86
202000023214,20,8,7,19:30,2,2,1,1,3,83144,M,"43,1430180","5,9918930",83
202000023215,20,8,8,01:15,3,2,1,1,7,83069,M,"43,1130100","6,1614400",83
202000023216,20,8,6,18:10,1,2,2,7,3,83069,M,"43,1217300","6,1098700",83
202000023217,20,8,6,18:40,1,1,2,7,3,81144,M,"43,9691500","2,1576000",81