Num_Acc,an,mois,jour,hrmn,lum,agg,int,atm,col,com,gps,lat,long,dep
202000023218,20,8,7,08:40,1,2,1,7,6,78403,M,"48,9942500","1,8686080",78
202000023219,20,8,7,07:35,2,2,2,1,3,78498,M,"48,9224000","2,0358000",78
202000023220,20,8,8,01:55,5,2,3,1,1,69266,M,"45,7691700","4,8813600",69
202000023221,20,8,6,21:30,5,2,1,1,2,69264,M,"45,9951800","4,7310000",69
202000023222,20,6,8,07:30,1,1,1,1,5,93027,M,"48,9244000","2,3884100",93
202000023223,20,6,8,11:15,1,1,9,1,2,94069,M,"48,8176057","2,4212441",94
202000023224,20,1,14,08:35,2,2,1,2,6,35238,M,"48,0875950"," -1,6464110",35
202000023225,20,6,8,07:35,1,2,4,7,6,97411,R," -20,8986300","55,4687800",974
202000023226,20,6,8,22:05,5,2,9,2,6,69387,M,"45,7464041","4,8500402",69
202000023227,20,6,8,20:45,1,2,1,2,-1,69259,M,"45,7221000","4,8662000",69
202000023228,20,6,8,07:40,2,2,2,7,3,69386,M,"45,7670700","4,8476400",69
202000023229,20,6,8,09:50,1,2,7,1,2,97213,A,"14,6098200"," -61,0007500",972
202000023230,20,8,6,09:19,1,2,3,1,3,66136,M,"42,7019200","2,8957100",66
202000023231,20,6,7,12:30,1,2,1,1,3,97213,A,"14,6378500"," -61,0098100",972
202000023232,20,6,7,11:20,1,2,1,1,5,2B033,M,"42,6766800","9,4427500",2B
202000023233,20,6,7,06:15,1,1,1,1,1,97113,A,"16,2179300"," -61,4977100",971
202000023234,20,6,7,03:30,3,1,1,2,3,97113,A,"16,2160757"," -61,4295387",971
202000023235,20,8,5,20:11,1,2,1,1,1,66136,M,"42,6834733","2,8758996",66
202000023236,20,6,8,09:00,1,2,3,1,3,91589,M,"48,7037000","2,3400000",91
202000023237,20,6,8,08:00,1,2,1,7,6,91216,M,"48,6731710","2,3354030",91
202000023238,20,8,6,19:35,1,2,1,1,3,64024,M,"43,4807000"," -1,5138000",64
202000023239,20,6,6,18:17,1,2,1,1,-1,91182,M,"48,6184600","2,4039800",91
202000023240,20,8,6,19:00,1,2,1,1,3,64024,M,"43,4939549"," -1,5251101",64
202000023241,20,6,8,17:45,1,2,1,8,6,91631,M,"48,6807000","2,5585000",91
202000023242,20,8,5,19:01,1,2,1,1,2,63113,M,"45,7736986","3,0815784",63
202000023243,20,6,6,09:40,1,2,3,1,2,91552,M,"48,5966610","2,2501100",91
202000023244,20,8,6,20:00,2,2,1,1,3,62119,M,"50,5170290","2,6368800",62
202000023245,20,6,8,08:48,1,1,3,1,3,87085,M,"45,9027700","1,2963100",87
202000023246,20,7,27,18:45,1,2,3,1,3,60159,M,"49,4000566","2,7934851",60
202000023247,20,6,6,09:05,1,1,1,1,6,87085,M,"45,9027700","1,2963100",87
202000023248,20,8,7,17:50,1,2,1,1,6,60057,M,"49,4409007","2,0964197",60
202000023249,20,6,5,15:42,1,1,3,1,3,87085,M,"45,9027700","1,2963100",87
202000023250,20,6,6,18:15,1,2,1,1,6,85194,M,"46,4958900"," -1,7962300",85
202000023251,20,8,6,14:30,1,2,1,1,2,58194,M,"47,0044500","3,1538400",58
202000023252,20,6,5,21:10,2,2,1,1,6,85194,M,"46,5061300"," -1,7685800",85
202000023253,20,8,7,12:56,1,2,2,1,3,57221,M,"49,3177200","6,1131600",57
202000023254,20,5,20,10:45,1,2,1,1,6,85194,M,"46,5077000"," -1,7535400",85
202000023255,20,7,23,11:00,1,2,1,1,-1,57606,M,"49,1250834","6,7248012",57
202000023256,20,6,8,07:00,1,2,3,1,3,83062,M,"43,1408510","6,0298910",83
202000023257,20,8,6,11:42,1,2,1,1,3,56260,M,"47,6747400"," -2,7592800",56
202000023258,20,6,7,02:00,5,2,1,1,1,83069,M,"43,0761700","6,1537400",83
202000023259,20,8,6,12:40,1,2,1,1,6,54395,M,"48,6900250","6,1717636",54
202000023260,20,6,7,18:30,1,2,3,1,3,81163,M,"43,4895200","2,3706300",81
202000023261,20,8,5,21:45,5,2,1,1,2,54329,M,"48,5818800","6,5041600",54
202000023262,20,6,5,17:10,1,1,1,1,4,80261,M,"49,8617700","2,2693500",80
202000023263,20,6,6,13:20,1,2,1,1,3,76108,M,"49,4755700","1,1236300",76
202000023264,20,8,6,18:30,1,2,9,1,3,52448,M,"48,6423100","4,9687500",52
202000023265,20,6,7,15:20,1,2,1,1,-1,76341,M,"49,5110800","0,1993300",76
202000023266,20,8,6,16:40,1,1,1,1,7,50203,M,"49,5974300"," -1,5899900",50
202000023267,20,8,7,17:30,1,2,1,1,3,45004,M,"47,9675400","2,7719700",45
202000023268,20,6,5,13:10,1,2,3,8,3,67482,M,"48,6023470","7,7084870",67
202000023269,20,6,5,11:15,1,2,3,8,6,67482,M,"48,5753630","7,7544310",67
202000023270,20,8,6,22:40,3,1,1,1,1,44184,M,"47,2740900"," -2,2484900",44
202000023271,20,6,8,14:11,1,1,1,1,2,66136,M,"42,6655900","2,9186700",66
202000023272,20,5,28,19:15,1,2,1,1,7,64445,M,"43,3040800"," -0,3765900",64
202000023273,20,6,8,08:21,1,2,1,2,6,64024,M,"43,4644200"," -1,5013800",64
202000023274,20,8,6,11:20,1,2,4,1,3,42184,M,"46,0547236","4,0426858",42
202000023275,20,6,3,19:30,1,1,3,1,-1,62178,M,"50,4943910","2,5440060",62
202000023276,20,6,5,11:00,1,2,1,1,6,57672,M,"49,3501600","6,1585700",57
202000023277,20,7,27,17:40,1,2,1,1,3,38053,M,"45,5858400","5,2569200",38
202000023278,20,6,6,13:05,1,2,1,1,3,56121,M,"47,7403500"," -3,3745500",56
202000023279,20,8,7,16:43,1,2,2,1,3,37233,M,"47,3941006","0,7383170",37
202000023280,20,6,5,10:50,1,2,3,1,3,56098,M,"47,7690700"," -3,3520800",56
202000023281,20,8,7,18:15,1,1,1,1,2,35206,M,"48,0790500"," -1,6901500",35
202000023282,20,6,8,11:00,1,2,9,1,2,54395,M,"48,7000321","6,1837086",54
202000023283,20,6,5,17:35,1,2,2,2,6,54547,M,"48,6614397","6,1690646",54
202000023284,20,8,5,14:30,1,2,1,1,6,35115,M,"48,3493352"," -1,1953553",35
202000023285,20,8,7,18:20,1,2,1,1,6,34172,M,"43,5939490","3,8604040",34
202000023286,20,6,6,14:00,1,2,1,1,3,52448,M,"48,6361200","4,9185500",52
202000023287,20,6,8,17:55,1,2,3,1,3,51454,M,"49,2504471","4,0424170",51
202000023288,20,8,6,22:17,3,1,1,1,6,34198,M,"43,5576800","3,9643900",34
202000023289,20,6,7,11:49,1,2,1,1,3,49007,M,"47,4793400"," -0,5556400",49
202000023290,20,6,8,16:54,1,2,2,1,-1,37261,M,"47,3935496","0,6850364",37
202000023291,20,6,8,13:37,1,2,1,2,2,37261,M,"47,3966145","0,6767601",37
202000023292,20,8,7,16:25,1,2,3,1,1,33063,M,"44,8591800"," -0,5824200",33
202000023293,20,6,8,13:45,1,2,9,1,3,35238,M,"48,0845000"," -1,6768000",35
202000023294,20,8,7,14:05,1,2,2,1,1,33063,M,"44,8570400"," -0,6198928",33
202000023295,20,8,8,02:20,5,1,6,1,6,33529,M,"44,6467000"," -1,1583100",33
202000023296,20,6,8,16:30,1,2,3,1,3,33318,M,"44,8142700"," -0,6382300",33
202000023297,20,5,24,19:10,1,2,1,1,2,33063,M,"44,8598900"," -0,5532800",33
202000023298,20,8,4,16:00,1,2,6,1,3,29254,M,"48,5720300"," -3,8489800",29
202000023299,20,6,7,11:30,1,1,1,1,1,33529,M,"44,5964100"," -1,1959400",33
202000023300,20,8,7,04:00,3,1,1,1,7,29039,M,"47,8785693"," -3,8537638",29
202000023301,20,6,8,09:15,1,2,1,1,5,33529,M,"44,6060600"," -1,2025000",33
202000023302,20,6,6,22:50,5,2,1,3,7,31557,M,"43,5866500","1,3188300",31
202000023303,20,8,7,19:10,1,2,4,1,3,29019,M,"48,4014000"," -4,4839700",29
202000023304,20,6,5,21:00,5,2,1,1,6,31555,M,"43,6209469","1,4040562",31
202000023305,20,8,7,07:25,1,2,1,1,6,27681,M,"49,0943600","1,4845800",27
202000023306,20,6,8,17:15,1,2,1,1,6,17300,M,"46,1653500"," -1,1863420",17
202000023307,20,6,8,12:00,1,2,6,1,3,17300,M,"46,1635000"," -1,1385600",17
202000023308,20,6,7,19:15,1,2,1,1,1,14118,M,"49,1875800"," -0,3452600",14
202000023309,20,8,1,09:35,1,1,4,1,1,18033,M,"47,0744800","2,3475400",18
202000023310,20,6,8,21:10,2,2,1,1,5,13215,M,"43,3404784","5,3611151",13
202000023311,20,6,8,12:30,1,2,1,1,3,13201,M,"43,2917000","5,3749700",13
202000023312,20,8,7,11:00,1,2,1,1,3,13202,M,"43,3152627","5,3651502",13
202000023313,20,6,7,01:55,5,2,1,1,-1,13201,M,"43,2977000","5,3813000",13
202000023314,20,8,7,20:33,2,1,1,1,7,13047,M,"43,5929700","4,9672100",13
202000023315,20,6,6,19:53,1,2,1,1,3,13201,M,"43,2921910","5,3750390",13
202000023316,20,8,6,19:35,1,2,1,1,2,13047,M,"43,5009570","4,9925080",13
202000023317,20,6,8,17:05,1,2,1,1,1,13047,M,"43,4808050","4,9649180",13
202000023318,20,8,7,20:45,2,2,1,1,7,13001,M,"43,4725980","5,4092440",13
202000023319,20,6,8,15:25,1,2,9,8,2,06027,M,"43,6710000","7,1640000",06
202000023320,20,8,7,19:20,1,1,1,1,7,12176,M,"44,3767200","2,5520800",12
202000023321,20,6,7,20:50,1,2,3,1,3,05061,M,"44,5571500","6,0770200",05
202000023322,20,8,7,22:00,5,2,1,1,7,10387,M,"48,2853900","4,0797500",10
202000023323,20,6,5,11:55,1,2,1,1,7,05061,M,"44,5379400","6,0516500",05
202000023324,20,6,8,15:30,1,2,1,8,2,75120,M,"48,8590330","2,4141100",75
202000023325,20,8,7,10:39,1,2,2,1,-1,10387,M,"48,2911000","4,1033000",10
202000023326,20,6,7,14:35,1,2,4,1,3,75114,M,"48,8165800","2,3426360",75
202000023327,20,8,6,23:30,5,2,9,1,6,10333,M,"48,2839800","4,0596100",10
202000023328,20,6,7,12:30,1,2,7,1,6,75106,M,"48,8472480","2,3407900",75
202000023329,20,6,7,23:10,5,2,2,1,3,75118,M,"48,8838490","2,3494760",75
202000023330,20,8,6,16:08,1,2,2,7,4,10387,M,"48,3120500","4,0832100",10
202000023331,20,6,8,17:29,1,2,2,1,6,75115,M,"48,8461750","2,2951740",75
202000023332,20,8,7,12:45,1,2,2,1,3,06088,M,"43,7037720","7,2899090",06
202000023333,20,6,8,16:20,1,2,3,1,2,75113,M,"48,8204240","2,3590650",75
202000023334,20,8,7,23:15,5,2,3,1,3,06083,M,"43,7793280","7,4935860",06
202000023335,20,8,7,07:50,1,1,1,1,3,06069,M,"43,6251350","6,9273880",06
202000023336,20,6,8,17:10,1,2,3,1,3,75111,M,"48,8638610","2,3669450",75
202000023337,20,6,8,13:25,1,2,2,1,6,75111,M,"48,8660020","2,3706610",75
202000023338,20,8,7,20:35,5,2,3,1,3,06123,M,"43,6649000","7,1934000",06
202000023339,20,6,8,09:40,1,2,4,8,1,75111,M,"48,8594350","2,3827550",75
202000023340,20,8,5,19:10,1,2,3,7,6,03310,M,"46,1264113","3,4198965",03
202000023341,20,6,8,10:30,1,2,1,1,6,75109,M,"48,8719790","2,3273150",75
202000023342,20,8,7,12:00,1,2,3,1,3,01053,M,"46,2129570","5,2183080",01
202000023343,20,6,8,15:55,1,2,4,1,3,75107,M,"48,8547190","2,3259970",75
202000023344,20,6,8,15:15,1,2,3,1,7,75104,M,"48,8550650","2,3616770",75
202000023345,20,8,5,16:20,1,1,2,1,3,01289,M,"46,1804000","5,1949000",01
202000023346,20,6,8,12:20,1,2,4,1,3,75103,M,"48,8668000","2,3620020",75
202000023347,20,8,7,08:28,1,2,1,1,1,75106,M,"48,8576870","2,3371730",75
202000023348,20,6,8,12:15,1,2,3,1,2,75104,M,"48,8589700","2,3557290",75
202000023349,20,8,7,17:00,1,2,2,1,3,75120,M,"48,8646860","2,4041230",75
202000023350,20,6,8,19:21,1,2,1,1,6,94074,M,"48,7655000","2,4476400",94
202000023351,20,8,6,12:00,1,2,2,1,7,75115,M,"48,8537940","2,2941610",75
202000023352,20,6,8,19:30,1,2,3,1,3,94041,M,"48,8168200","2,3786400",94
202000023353,20,8,7,13:00,1,2,2,1,7,75114,M,"48,8319990","2,3274190",75
202000023354,20,6,8,10:55,1,2,1,1,6,94001,M,"48,7222000","2,4185000",94
202000023355,20,6,6,15:40,1,2,1,1,6,94079,M,"48,8318810","2,5495500",94
202000023356,20,8,7,08:10,1,2,3,1,6,75113,M,"48,8302860","2,3472010",75
202000023357,20,8,5,01:00,5,2,7,1,6,75112,M,"48,8349650","2,4081680",75
202000023358,20,6,8,18:25,1,2,1,1,2,93072,M,"48,9574700","2,3826500",93
202000023359,20,6,8,07:35,1,2,1,1,6,93070,M,"48,9058370","2,3240997",93
202000023360,20,8,7,16:25,1,2,2,1,3,75111,M,"48,8640040","2,3812040",75
202000023361,20,6,7,18:00,1,2,7,1,3,93070,M,"48,9058735","2,3240865",93
202000023362,20,8,7,17:40,1,2,2,7,6,75108,M,"48,8736860","2,3144750",75
202000023363,20,6,8,11:45,1,2,1,1,3,93066,M,"48,9146100","2,3480600",93
202000023364,20,6,5,15:39,1,2,1,8,6,93066,M,"48,9272422","2,3528650",93
202000023365,20,6,8,12:30,1,2,1,1,2,93014,M,"48,9086270","2,5351960",93
202000023366,20,6,8,17:08,1,2,3,8,5,93001,M,"48,9164196","2,3801305",93
202000023367,20,8,7,16:20,1,2,7,1,3,75108,M,"48,8640660","2,3201170",75
202000023368,20,6,5,17:01,1,2,6,1,3,92063,M,"48,8714449","2,2032282",92
202000023369,20,6,8,19:45,2,2,2,1,3,92044,M,"48,8903400","2,2817600",92
202000023370,20,3,7,08:15,2,2,2,1,6,75108,M,"48,8683847","2,3011154",75
202000023371,20,6,6,00:34,5,2,2,1,2,92036,M,"48,9306910","2,3017950",92
202000023372,20,8,6,23:50,5,2,1,1,3,75114,M,"48,8257640","2,3243420",75
202000023373,20,6,9,21:10,2,2,6,1,2,24010,M,"45,1726290","0,5923180",24
202000023374,20,8,7,18:15,1,2,1,1,7,75103,M,"48,8657360","2,3549430",75
202000023375,20,6,9,17:05,1,1,1,1,2,25055,M,"47,1934600","5,7775000",25
202000023376,20,8,7,19:00,1,2,1,1,6,93059,M,"48,9641200","2,3716600",93
202000023377,20,6,8,07:00,1,2,1,8,3,73330,M,"45,7126820","5,7901600",73
202000023378,20,6,8,17:35,1,1,1,1,6,97422,R," -21,2652330","55,5229090",974
202000023379,20,8,6,09:20,1,2,2,1,6,93066,M,"48,9155193","2,3575515",93
202000023380,20,6,9,15:31,1,1,1,1,1,67089,M,"48,7502190","7,4528290",67
202000023381,20,8,7,08:50,1,2,1,1,6,93064,M,"48,8730272","2,4851632",93
202000023382,20,6,8,17:15,1,1,1,1,3,51612,M,"48,9170570","3,9819650",51
202000023383,20,6,8,20:05,1,2,1,1,6,56078,M,"47,7769790"," -3,5160340",56
202000023384,20,5,31,04:00,3,1,1,1,7,76419,M,"49,3973870","0,8830150",76
202000023385,20,6,7,18:50,1,2,3,8,6,65362,M,"42,9630610"," -0,0724360",65
202000023386,20,6,9,16:50,1,1,2,1,3,61329,M,"48,4464040","0,5174410",61
202000023387,20,6,9,01:00,4,2,1,8,6,41231,M,"47,5244640","1,9260250",41
202000023388,20,5,18,20:30,2,2,1,1,6,86281,M,"46,6938520","0,2133520",86
202000023389,20,6,9,11:30,1,1,1,1,1,22135,M,"48,5938570"," -3,3591610",22
202000023390,20,5,15,16:40,1,1,4,1,3,44152,M,"47,4564270"," -2,0051820",44
202000023391,20,6,8,11:15,1,1,3,1,2,44069,M,"47,3105470"," -2,4296680",44
202000023392,20,6,4,17:55,1,2,2,1,3,44084,M,"47,2369660"," -1,3534430",44
202000023393,20,6,9,13:55,1,1,1,1,6,31037,M,"43,3610250","1,7750680",31
202000023394,20,6,7,15:00,1,2,1,1,7,03303,M,"46,4898856","2,7397301",03
202000023395,20,6,7,01:15,4,1,1,1,6,15127,M,"45,2503010","3,1478080",15
202000023396,20,6,9,11:30,1,1,1,2,6,26165,M,"44,7783700","4,8132460",26
202000023397,20,6,9,17:10,1,1,1,1,6,66015,M,"42,5789030","2,8503700",66
202000023398,20,6,9,21:00,2,1,1,2,7,90056,M,"47,5387170","7,0081620",90
202000023399,20,6,6,08:55,1,2,1,2,5,09326,M,"42,7716170","1,7178960",09
202000023400,20,6,8,02:00,3,1,1,1,6,18242,M,"46,8442650","2,9123160",18
202000023401,20,6,9,19:55,2,2,3,1,1,16028,M,"45,4753720"," -0,1580270",16
202000023402,20,6,8,10:30,1,1,1,1,7,07304,M,"44,3924880","4,3780520",07
202000023403,20,6,7,18:55,1,2,3,1,-1,07280,M,"44,3402100","4,1518500",07
202000023404,20,6,9,10:00,1,1,3,8,3,21023,M,"47,1384760","4,4638610",21
202000023405,20,6,7,20:50,1,1,1,1,6,40240,M,"43,7593280"," -0,3642920",40
202000023406,20,6,9,11:30,1,2,6,1,6,27056,M,"49,0875500","0,5925600",27
202000023407,20,6,8,16:40,1,1,2,1,3,28418,M,"48,1376690","1,5036460",28
202000023408,20,6,7,18:00,5,1,1,1,6,97420,R," -20,9269960","55,6314560",974
202000023409,20,6,9,08:10,1,1,1,1,3,97115,A,"16,2606580"," -61,6318740",971
202000023410,20,6,8,15:30,1,1,1,1,7,78460,M,"49,0208160","1,8517110",78
202000023411,20,6,8,19:30,1,1,1,1,3,30042,M,"44,0488560","4,0145370",30
202000023412,20,6,3,15:40,1,1,1,1,1,34056,M,"43,4313100","3,4440100",34
202000023413,20,6,9,14:30,1,2,9,1,3,83112,M,"43,1801970","5,6749370",83
202000023414,20,6,8,09:15,1,2,1,1,3,54397,M,"48,6153810","6,0898910",54
202000023415,20,6,7,06:30,2,1,1,3,6,74226,M,"46,1915520","6,3835720",74
202000023416,20,6,6,16:15,1,1,1,1,3,01049,M,"45,8467450","5,0464670",01
202000023417,20,6,2,14:15,1,1,1,1,1,14712,M,"49,1790829"," -0,2044779",14
202000023418,20,4,28,10:00,1,2,3,1,6,60282,M,"49,1917280","2,4585729",60
202000023419,20,6,8,18:45,1,1,1,1,2,13211,M,"43,2877000","5,5030000",13
202000023420,20,6,6,19:00,1,1,1,1,3,83062,M,"43,1437632","6,0231203",83
202000023421,20,6,5,19:50,1,1,1,8,3,67218,M,"48,5436280","7,7243980",67
202000023422,20,6,8,18:30,1,1,1,1,3,91661,M,"48,7051440","2,2495410",91
202000023423,20,6,8,10:50,1,1,1,1,6,91363,M,"48,6429100","2,1980700",91
202000023424,20,6,8,10:00,1,1,1,1,5,91340,M,"48,6104000","2,4345000",91
202000023425,20,6,6,21:15,1,1,1,1,4,93066,M,"48,9180700","2,3573600",93
202000023426,20,6,6,19:50,1,1,1,1,2,95572,M,"49,0293800","2,1262900",95
202000023427,20,6,8,12:00,1,1,1,1,-1,77495,M,"48,5827000","2,6375000",77
202000023428,20,2,22,12:30,1,2,3,1,3,64024,M,"43,4891900"," -1,5006000",64
202000023429,20,3,7,19:20,5,2,4,1,1,93077,M,"48,8921000","2,5055200",93
202000023430,20,3,11,06:30,2,2,2,1,3,93001,M,"48,9088400","2,3905800",93
202000023431,20,3,16,17:40,1,2,1,8,1,37050,M,"47,3365820","0,6936676",37
202000023432,20,6,6,21:35,5,2,1,8,6,97416,R," -21,3396700","55,4740300",974
202000023433,20,6,6,23:55,4,2,2,1,3,97302,G,"4,9397453"," -52,3333008",973
202000023434,20,6,7,10:10,1,2,1,1,3,69386,M,"45,7791200","4,8452000",69
202000023435,20,6,6,20:30,5,2,3,1,-1,69382,M,"45,7594700","4,8333700",69
202000023436,20,6,7,05:50,2,2,1,8,6,69034,M,"45,7885400","4,8348400",69
202000023437,20,6,6,09:45,1,2,1,1,1,69389,M,"45,7670701","4,8152067",69
202000023438,20,6,6,21:05,2,2,6,1,3,2B033,M,"42,6715000","9,4425000",2B
202000023439,20,6,7,04:00,2,2,6,1,6,95598,M,"48,9954000","2,3026000",95
202000023440,20,6,7,17:00,1,2,1,1,3,69256,M,"45,7871400","4,9134400",69
202000023441,20,6,6,09:50,1,2,2,1,3,69029,M,"45,7315836","4,9177654",69
202000023442,20,6,6,15:40,1,2,1,8,6,69266,M,"45,7757418","4,8600829",69
202000023443,20,6,7,23:09,5,2,2,2,3,65440,M,"43,2431800","0,0615900",65
202000023444,20,6,7,17:20,1,2,9,1,6,62160,M,"50,7360200","1,6021200",62
202000023445,20,6,7,16:38,1,2,3,1,3,62328,M,"50,5202900","2,4223600",62
202000023446,20,6,6,12:15,1,2,3,1,3,50147,M,"49,0561000"," -1,4386300",50
202000023447,20,6,6,20:00,1,1,1,1,2,44055,M,"47,3013870"," -2,3581880",44
202000023448,20,6,6,20:17,1,2,1,1,1,37261,M,"47,3806238","0,6873233",37
202000023449,20,6,7,17:20,1,1,2,1,3,29051,M,"48,0049000"," -4,0327500",29
202000023450,20,6,2,18:30,1,2,3,1,6,14118,M,"49,1802500"," -0,3580400",14
202000023451,20,6,7,23:30,5,2,2,1,3,13208,M,"43,2750320","5,3895380",13
202000023452,20,6,7,21:30,5,2,9,1,7,13201,M,"43,2977000","5,3816000",13
202000023453,20,6,7,18:00,1,2,1,1,6,13207,M,"43,2789200","5,3541200",13
202000023454,20,6,7,10:45,1,2,1,2,6,13211,M,"43,2917730","5,4199100",13
202000023455,20,6,6,20:45,2,2,1,1,3,13208,M,"43,1618400","5,2325300",13
202000023456,20,6,6,20:20,1,2,2,1,3,13205,M,"43,2999440","5,4007470",13
202000023457,20,6,6,16:50,1,2,1,1,6,02738,M,"49,6577400","3,3168400",02
202000023458,20,6,7,05:35,2,2,1,1,4,75119,M,"48,8953850","2,3948020",75
202000023459,20,6,7,13:15,1,2,1,1,-1,75118,M,"48,9006820","2,3670730",75
202000023460,20,6,7,19:00,2,2,7,1,5,75120,M,"48,8646730","2,4086230",75
202000023461,20,6,7,12:45,1,2,2,1,6,75120,M,"48,8576290","2,4039160",75
202000023462,20,6,7,17:00,1,2,1,1,6,75119,M,"48,8932780","2,3800010",75
202000023463,20,6,7,19:30,1,2,4,1,3,75118,M,"48,8896840","2,3397950",75
202000023464,20,6,7,02:50,5,2,3,1,3,75118,M,"48,8933220","2,3596330",75
202000023465,20,6,7,01:25,5,2,4,1,3,75117,M,"48,8769910","2,2856010",75
202000023466,20,6,6,22:58,5,2,2,1,3,75112,M,"48,8475890","2,3890970",75
202000023467,20,6,7,01:00,5,2,4,1,3,75108,M,"48,8773520","2,3066950",75
202000023468,20,6,6,11:00,1,2,3,1,2,75108,M,"48,8713760","2,3025990",75
202000023469,20,6,7,14:30,1,2,2,1,6,75107,M,"48,8585090","2,3231060",75
202000023470,20,6,6,13:00,1,2,2,1,6,75103,M,"48,8655520","2,3556740",75
202000023471,20,6,7,07:30,1,2,3,1,-1,94042,M,"48,8201297","2,4671233",94
202000023472,20,6,7,21:15,1,2,1,1,2,93064,M,"48,8796151","2,4897502",93
202000023473,20,6,7,14:05,1,2,1,1,6,93031,M,"48,9590707","2,2937146",93
202000023474,20,6,7,15:40,1,2,1,1,6,93027,M,"48,9300500","2,3859800",93
202000023475,20,6,7,11:45,1,2,3,1,6,92049,M,"48,8171100","2,3216300",92
202000023476,20,6,7,11:50,1,1,1,1,3,86092,M,"46,9581420","0,6030200",86
202000023477,20,10,5,21:20,5,2,2,1,3,33063,M,"44,8582700"," -0,5669200",33
202000023478,20,10,5,09:20,1,2,6,7,3,33281,M,"44,8327400"," -0,6785500",33
202000023479,20,10,5,10:15,1,2,9,2,6,33529,M,"44,6330300"," -1,1456700",33
202000023480,20,10,3,10:28,1,2,2,1,3,32013,M,"43,6290900","0,5798000",32
202000023481,20,10,5,11:25,1,2,1,8,6,30007,M,"44,1267200","4,0738000",30
202000023482,20,10,1,21:10,5,2,1,3,2,22278,M,"48,5096000"," -2,7551500",22
202000023483,20,10,5,18:30,1,2,2,1,3,17300,M,"46,1410240"," -1,1412580",17
202000023484,20,11,10,16:00,1,1,1,1,6,87141,M,"45,8067410","0,9618830",87
202000023485,20,10,4,19:00,5,2,1,3,7,14341,M,"49,1517600"," -0,3540000",14
202000023486,20,11,10,19:45,3,1,1,1,2,76319,M,"49,3384900","0,9816350",76
202000023487,20,10,5,08:40,1,2,1,1,3,13213,M,"43,3271970","5,4136930",13
202000023488,20,11,7,16:20,1,2,1,1,3,98725,P," -17,5625910"," -149,4760510",987
202000023489,20,10,5,12:05,1,2,1,1,3,13005,M,"43,3109100","5,5844800",13
202000023490,20,11,10,19:45,3,1,1,1,7,98814,C," -20,7613710","167,1902850",988
202000023491,20,10,3,21:05,5,2,1,2,7,11069,M,"43,2135000","2,3560000",11
202000023492,20,11,11,08:50,1,1,3,2,3,98808,C," -21,2270630","165,5964950",988
202000023493,20,10,5,12:25,1,1,3,1,3,06088,M,"43,7100000","7,2563000",06
202000023494,20,10,5,10:35,1,2,1,1,-1,06069,M,"43,6331640","6,9393070",06
202000023495,20,11,10,18:45,5,2,2,1,3,78147,M,"49,0193670","1,4841250",78
202000023496,20,10,4,13:15,1,2,1,2,1,06029,M,"43,5513000","6,9742000",06
202000023497,20,11,10,11:30,1,2,2,1,3,54397,M,"48,6080840","6,1003840",54
202000023498,20,10,4,19:00,2,2,1,1,6,75114,M,"48,8195170","2,3283140",75
202000023499,20,10,5,21:45,5,2,1,9,-1,75119,M,"48,8850360","2,3926880",75
202000023500,20,11,7,15:47,2,2,1,8,2,14407,M,"49,2588430"," -0,3743560",14
202000023501,20,10,5,11:00,1,2,3,2,6,75119,M,"48,8951360","2,3827400",75
202000023502,20,10,5,19:30,5,2,3,2,6,75116,M,"48,8724910","2,2919990",75
202000023503,20,10,5,18:50,5,2,1,2,1,75117,M,"48,8879070","2,3045570",75
202000023504,20,11,10,08:15,1,1,1,1,2,13215,M,"43,3568528","5,3629715",13
202000023505,20,10,5,09:00,1,2,3,2,7,75117,M,"48,8888650","2,3013030",75
202000023506,20,11,10,08:30,1,1,1,1,7,69382,M,"45,7463600","4,8286900",69
202000023507,20,10,5,08:45,1,2,2,8,6,75113,M,"48,8208160","2,3509250",75
202000023508,20,11,10,08:30,1,1,1,1,5,33013,M,"44,8668000"," -0,5040700",33
202000023509,20,10,5,20:00,5,2,2,2,3,75110,M,"48,8704950","2,3595370",75
202000023510,20,11,10,06:25,3,1,1,3,-1,91471,M,"48,7154400","2,1734400",91
202000023511,20,10,5,12:45,1,2,5,2,2,75109,M,"48,8793750","2,3484890",75
202000023512,20,11,10,09:06,1,1,1,1,6,92064,M,"48,8395450","2,2033801",92
202000023513,20,11,10,18:45,3,1,1,1,3,93007,M,"48,9253076","2,4811167",93
202000023514,20,11,10,18:00,3,1,1,1,3,93010,M,"48,9020760","2,4704123",93
202000023515,20,10,5,10:45,1,2,1,1,2,75108,M,"48,8691160","2,3010610",75
202000023516,20,11,10,12:45,1,1,1,1,2,95241,M,"49,0465900","2,4385100",95
202000023517,20,10,5,09:15,1,2,1,2,7,75108,M,"48,8710660","2,3037980",75
202000023518,20,11,10,10:35,1,1,1,2,7,93078,M,"48,9636100","2,5215100",93
202000023519,20,11,10,08:20,1,1,9,3,6,95154,M,"49,0351800","2,5410200",95
202000023520,20,10,4,23:59,5,2,2,2,6,75116,M,"48,8772500","2,2705010",75
202000023521,20,11,9,18:45,3,1,1,1,4,93010,M,"48,9084100","2,4733400",93
202000023522,20,10,4,21:00,5,2,1,2,2,75108,M,"48,8770320","2,3172050",75
202000023523,20,11,9,08:30,5,1,1,1,3,93066,M,"48,9162800","2,3576000",93
202000023524,20,10,5,02:27,3,2,4,2,6,75108,M,"48,8720120","2,3009630",75
202000023525,20,10,5,21:10,5,2,1,2,6,75102,M,"48,8684090","2,3536170",75
202000023526,20,11,9,07:00,2,1,1,1,2,93073,M,"48,9682500","2,5653800",93