Num_Acc,an,mois,jour,hrmn,lum,agg,int,atm,col,com,gps,lat,long,dep
202000023527,20,10,5,10:00,1,2,4,8,3,94081,M,"48,7944260","2,4023790",94
202000023528,20,11,10,20:00,3,1,1,2,7,94069,M,"48,8173924","2,4362247",94
202000023529,20,10,4,15:25,1,2,3,2,1,94037,M,"48,8144600","2,3446600",94
202000023530,20,9,10,08:40,1,2,1,1,6,66136,M,"42,6937890","2,8903860",66
202000023531,20,10,5,08:20,1,2,9,2,6,94038,M,"48,7755000","2,3446200",94
202000023532,20,9,8,19:35,1,2,1,1,3,35238,M,"48,0997000"," -1,6398500",35
202000023533,20,10,4,07:00,5,2,1,2,6,94033,M,"48,8472900","2,4686100",94
202000023534,20,11,9,12:45,1,2,2,1,6,97411,R," -20,8863400","55,4523400",974
202000023535,20,10,5,10:23,1,2,1,8,3,94042,M,"48,8200045","2,4809361",94
202000023536,20,11,7,13:00,1,2,1,1,1,97409,R," -20,9717720","55,6078170",974
202000023537,20,10,5,17:40,2,2,1,3,6,94017,M,"48,8172840","2,5252260",94
202000023538,20,11,9,15:30,1,2,1,1,2,97213,A,"14,6130835"," -61,0048056",972
202000023539,20,11,9,01:51,5,2,1,2,6,97209,A,"14,6434300"," -61,0437600",972
202000023540,20,10,5,18:30,2,2,2,3,3,93072,M,"48,9581500","2,3676500",93
202000023541,20,10,7,23:00,5,2,1,1,6,69286,M,"45,8251149","4,8910289",69
202000023542,20,10,5,06:15,5,2,1,2,2,93066,M,"48,9443000","2,3422300",93
202000023543,20,11,6,13:25,1,2,2,1,3,69382,M,"45,7521450","4,8264043",69
202000023544,20,11,9,07:35,2,2,9,2,4,69389,M,"45,7893000","4,8127300",69
202000023545,20,11,8,18:10,5,2,1,1,3,2B033,M,"42,6770800","9,4346100",2B
202000023546,20,11,9,18:40,5,2,1,9,3,95585,M,"48,9864739","2,3719541",95
202000023547,20,10,5,00:15,5,2,1,2,6,93064,M,"48,8644400","2,4831500",93
202000023548,20,11,7,18:53,5,2,2,1,6,87085,M,"45,8345900","1,2258900",87
202000023549,20,10,5,19:45,5,2,9,2,1,93048,M,"48,8659717","2,4692312",93
202000023550,20,11,6,15:49,1,2,3,1,3,87085,M,"45,8337000","1,2299800",87
202000023551,20,10,4,18:50,1,2,1,2,3,93061,M,"48,8872237","2,4069313",93
202000023552,20,10,4,15:30,1,2,1,1,2,93006,M,"48,8699000","2,4262200",93
202000023553,20,11,9,10:10,1,2,1,1,3,78358,M,"48,9439600","2,1357400",78
202000023554,20,11,9,14:15,1,2,1,1,2,78551,M,"48,9014600","2,0735500",78
202000023555,20,10,5,19:30,5,2,3,2,3,93031,M,"48,9542600","2,3348900",93
202000023556,20,11,9,08:45,1,2,2,1,3,78440,M,"48,9838150","1,9153280",78
202000023557,20,10,5,09:15,1,2,1,2,6,93014,M,"48,9061455","2,5528416",93
202000023558,20,10,5,20:30,5,2,1,2,6,93001,M,"48,9084000","2,3874000",93
202000023559,20,11,6,12:30,1,2,2,1,3,76498,M,"49,4166800","1,0703100",76
202000023560,20,10,5,16:10,1,2,1,2,3,93001,M,"48,9176454","2,3820125",93
202000023561,20,11,4,14:00,1,2,1,1,6,59392,M,"50,2758700","3,9732000",59
202000023562,20,10,5,00:20,5,2,1,1,6,93001,M,"48,9096299","2,3984638",93
202000023563,20,10,5,15:25,1,2,1,2,2,92064,M,"48,8434979","2,2023511",92
202000023564,20,11,9,13:15,1,2,1,1,6,59009,M,"50,6206230","3,1502220",59
202000023565,20,10,20,18:00,2,2,3,1,6,54395,M,"48,6751218","6,1758801",54
202000023566,20,10,4,13:30,1,2,3,1,3,92060,M,"48,7804692","2,2571162",92
202000023567,20,11,9,17:50,5,2,1,1,7,51454,M,"49,2664497","4,0221396",51
202000023568,20,9,26,15:00,1,2,1,1,3,92009,M,"48,9129470","2,2725096",92
202000023569,20,11,6,13:50,1,1,1,1,3,49328,M,"47,2806600"," -0,0414400",49
202000023570,20,10,5,17:40,1,1,1,1,6,38353,M,"45,4162500","4,7631800",38
202000023571,20,11,4,16:47,1,2,1,1,6,49007,M,"47,4473000"," -0,5670000",49
202000023572,20,10,4,02:30,3,2,3,1,3,06060,M,"43,7525370","7,2665820",06
202000023573,20,11,6,12:14,1,2,1,1,1,49007,M,"47,4750100"," -0,5462000",49
202000023574,20,11,9,07:15,2,2,1,1,-1,37122,M,"47,3534490","0,6658638",37
202000023575,20,10,5,17:25,1,1,1,8,1,17015,M,"45,5587870"," -0,8600290",17
202000023576,20,11,9,07:11,4,2,1,1,6,37208,M,"47,3656929","0,7159145",37
202000023577,20,8,27,05:10,5,2,1,1,-1,69285,M,"45,7580020","5,0674010",69
202000023578,20,11,6,17:00,2,2,2,1,-1,37261,M,"47,3860976","0,6766601",37
202000023579,20,10,5,14:50,1,1,1,1,1,97231,A,"14,5293770"," -61,0201480",972
202000023580,20,11,9,21:50,5,2,7,1,3,33063,M,"44,8304400"," -0,5727400",33
202000023581,20,10,6,08:20,1,2,9,9,6,76238,M,"49,5581860","0,2133740",76
202000023582,20,11,9,17:30,1,2,2,1,1,33318,M,"44,8114300"," -0,6246200",33
202000023583,20,10,5,15:30,1,2,1,1,3,83048,M,"43,2084760","6,5692610",83
202000023584,20,10,5,07:30,3,1,9,8,3,35066,M,"48,0394120"," -1,6861690",35
202000023585,20,11,9,14:10,1,2,1,1,6,33069,M,"44,8698400"," -0,5975300",33
202000023586,20,10,1,20:45,3,1,1,2,7,59266,M,"50,5365370","2,9738230",59
202000023587,20,10,28,20:30,5,2,6,1,3,33550,M,"44,7727100"," -0,5765800",33
202000023588,20,10,6,12:20,1,1,1,1,2,41288,M,"47,6544760","1,3780550",41
202000023589,20,11,9,07:55,1,2,1,1,2,33281,M,"44,8442000"," -0,6741000",33
202000023590,20,11,7,00:30,5,2,1,6,6,31555,M,"43,6062900","1,4252800",31
202000023591,20,8,30,12:55,1,1,1,2,1,97132,A,"15,9937990"," -61,6519640",971
202000023592,20,10,5,15:55,3,1,1,2,6,19150,M,"45,0762785","1,6054845",19
202000023593,20,10,5,15:20,1,1,1,3,6,19118,M,"45,4705150","1,7554950",19
202000023594,20,10,6,13:00,1,1,1,2,6,82018,M,"44,1020781","1,5373228",82
202000023595,20,11,9,18:35,3,1,1,2,2,29232,M,"47,9700888"," -4,1272921",29
202000023596,20,10,5,20:50,3,1,1,1,6,11261,M,"43,1792850","2,6669310",11
202000023597,20,11,8,20:25,5,2,6,1,3,29019,M,"48,3900032"," -4,5036956",29
202000023598,20,10,1,18:00,1,1,1,8,3,49283,M,"47,4302320"," -0,7705105",49
202000023599,20,10,6,10:40,1,1,1,2,3,12052,M,"44,5734803","2,0947132",12
202000023600,20,11,6,19:30,5,2,6,1,3,26198,M,"44,5308940","4,7455910",26
202000023601,20,10,3,03:00,3,2,1,1,6,35338,M,"48,0752760"," -1,2705600",35
202000023602,20,7,16,16:15,1,1,1,1,2,29293,M,"47,8635287"," -3,8434505",29
202000023603,20,11,9,12:10,1,2,1,1,2,25056,M,"47,2463100","6,0357900",25
202000023604,20,10,5,19:15,3,1,1,1,6,31037,M,"43,3948280","1,7335120",31
202000023605,20,10,22,10:45,1,2,9,1,1,22113,M,"48,7260083"," -3,4697388",22
202000023606,20,11,10,00:10,5,2,1,1,6,18033,M,"47,0789600","2,4091400",18
202000023607,20,11,9,15:40,1,2,1,1,6,13117,M,"43,4424000","5,2526900",13
202000023608,20,10,6,05:20,3,1,1,1,6,31080,M,"43,2858130","0,6307430",31
202000023609,20,11,9,14:15,1,2,1,1,3,13214,M,"43,3485350","5,4116200",13
202000023610,20,10,5,21:30,3,1,1,1,6,84014,M,"43,7140460","5,7173750",84
202000023611,20,11,9,12:45,1,2,1,1,3,13202,M,"43,3272520","5,3603980",13
202000023612,20,10,5,18:00,1,1,1,1,1,03030,M,"46,0701680","3,3072467",03
202000023613,20,11,9,06:50,5,2,9,1,3,13209,M,"43,2601700","5,4158300",13
202000023614,20,11,9,07:25,1,2,9,1,-1,10333,M,"48,2709100","4,0522800",10
202000023615,20,11,9,09:45,1,2,6,2,3,07281,M,"44,9458900","4,8471000",07
202000023616,20,10,6,08:45,1,1,4,2,3,50639,M,"48,8329580"," -1,2056370",50
202000023617,20,9,27,15:30,1,2,6,1,3,06083,M,"43,7729500","7,4985400",06
202000023618,20,10,5,07:15,1,1,1,1,5,43227,M,"45,3040670","4,3178737",43
202000023619,20,10,6,11:10,1,1,1,2,6,27467,M,"49,3617200","0,5118500",27
202000023620,20,11,9,08:30,1,2,1,1,1,06069,M,"43,6597150","6,9517170",06
202000023621,20,10,6,11:45,1,1,1,3,4,17243,M,"45,2192160"," -0,2891210",17
202000023622,20,11,6,12:15,1,2,3,1,2,05061,M,"44,5457443","6,0534642",05
202000023623,20,10,5,18:00,1,1,1,2,3,87033,M,"45,9883847","1,1555399",87
202000023624,20,10,1,20:35,5,1,1,1,6,37059,M,"47,4652136","0,6209126",37
202000023625,20,11,9,13:00,1,2,1,1,5,75116,M,"48,8704830","2,2725290",75
202000023626,20,11,9,11:50,1,2,1,1,3,75119,M,"48,9003590","2,3766420",75
202000023627,20,10,5,21:00,3,1,9,2,5,77453,M,"48,5407550","2,7931600",77
202000023628,20,11,9,08:50,1,2,1,1,5,75118,M,"48,9008470","2,3344370",75
202000023629,20,11,9,09:30,1,2,7,1,6,75116,M,"48,8656740","2,2926720",75
202000023630,20,9,30,17:06,1,1,9,1,7,74014,M,"46,0198037","6,6612017",74
202000023631,20,11,9,08:45,1,2,1,1,3,75105,M,"48,8421990","2,3599300",75
202000023632,20,11,9,07:10,5,2,7,1,3,75120,M,"48,8650680","2,3985830",75
202000023633,20,10,4,16:00,1,2,1,1,6,91207,M,"48,5786340","2,2399450",91
202000023634,20,10,3,21:25,3,1,1,1,6,98729,P," -17,5331890"," -149,8386110",987
202000023635,20,11,9,13:11,1,2,3,1,2,75119,M,"48,8974130","2,3806530",75
202000023636,20,9,27,11:20,1,1,1,1,6,97421,R," -21,0582650","55,5247820",974
202000023637,20,10,6,17:45,1,2,1,1,6,97311,G,"5,5020909"," -54,0278283",973
202000023638,20,11,9,08:10,1,2,3,1,2,75119,M,"48,8982590","2,3862440",75
202000023639,20,10,5,21:45,3,1,1,2,6,45316,M,"47,9505010","2,3772740",45
202000023640,20,11,9,07:50,1,2,2,1,3,75112,M,"48,8480400","2,3928590",75
202000023641,20,11,9,08:40,1,2,2,1,6,75110,M,"48,8705460","2,3611960",75
202000023642,20,10,5,18:30,1,1,3,1,1,13004,M,"43,6637970","4,7111610",13
202000023643,20,11,9,16:20,1,2,1,1,3,94058,M,"48,8348150","2,5062110",94
202000023644,20,10,5,13:25,1,2,2,1,3,13041,M,"43,4555470","5,4722050",13
202000023645,20,9,24,14:25,1,1,1,2,7,56185,M,"47,7791940"," -3,4336350",56
202000023646,20,11,9,11:45,1,2,3,8,2,94041,M,"48,8181090","2,3979800",94
202000023647,20,11,9,12:38,1,2,1,1,6,94041,M,"48,8219900","2,3932100",94
202000023648,20,10,6,07:50,1,2,4,2,1,89257,M,"47,9594500","3,5049440",89
202000023649,20,11,9,13:00,1,2,1,1,1,94077,M,"48,7377300","2,4094300",94
202000023650,20,10,4,20:00,3,1,1,1,1,67348,M,"48,4528620","7,4778700",67
202000023651,20,11,9,08:20,1,2,1,8,6,94017,M,"48,8124200","2,5253400",94
202000023652,20,9,17,19:00,1,2,1,1,1,42122,M,"45,5673600","4,0601230",42
202000023653,20,10,6,00:15,3,1,1,1,6,01424,M,"45,8750480","4,9817740",01
202000023654,20,11,9,11:10,1,2,2,7,6,93077,M,"48,8866200","2,5089600",93
202000023655,20,10,5,09:00,1,1,6,2,7,79049,M,"46,8452820"," -0,5301330",79
202000023656,20,11,9,17:25,5,2,2,1,6,93050,M,"48,8678239","2,5339523",93
202000023657,20,11,9,13:10,1,2,1,1,6,93048,M,"48,8517000","2,4311000",93
202000023658,20,11,9,14:05,1,2,5,1,6,93046,M,"48,9106365","2,5122529",93
202000023659,20,11,9,10:35,1,2,1,1,3,93045,M,"48,8802939","2,4219288",93
202000023660,20,10,6,07:45,2,2,3,2,3,33051,M,"44,6310470"," -0,9831260",33
202000023661,20,11,9,06:30,2,2,1,1,3,93032,M,"48,8761300","2,5497800",93
202000023662,20,10,5,08:20,2,1,1,2,2,50502,M,"49,0989230"," -1,1129990",50
202000023663,20,11,9,12:55,1,2,3,1,6,93010,M,"48,9003600","2,4786400",93
202000023664,20,10,3,10:35,1,2,1,6,6,29046,M,"48,0861551"," -4,3192300",29
202000023665,20,10,5,08:00,1,1,1,1,2,13215,M,"43,3665500","5,3606800",13
202000023666,20,11,9,17:45,1,2,1,1,6,93008,M,"48,9089345","2,4500458",93
202000023667,20,10,4,20:23,5,1,1,2,7,13203,M,"43,3078500","5,3756460",13
202000023668,20,11,9,21:47,3,2,1,1,-1,92026,M,"48,8909700","2,2551900",92
202000023669,20,10,3,15:45,1,1,1,1,5,83144,M,"43,1351527","5,9904581",83
202000023670,20,11,9,15:40,1,2,2,1,6,92012,M,"48,8441800","2,2498300",92
202000023671,20,11,10,14:30,1,1,1,1,6,60403,M,"49,5154398","2,0003657",60
202000023672,20,9,18,17:00,1,1,1,1,2,69266,M,"45,7532955","4,9083247",69
202000023673,20,10,5,21:55,3,1,1,1,6,33080,M,"44,7511400"," -0,5419900",33
202000023674,20,10,5,18:25,1,1,1,1,4,33397,M,"44,9175100"," -0,4769700",33
202000023675,20,10,5,16:25,1,1,1,2,4,33013,M,"44,8607100"," -0,5040300",33
202000023676,20,11,9,10:15,1,1,2,1,1,37010,M,"47,5489910","0,9773611",37
202000023677,20,10,5,18:50,1,1,1,1,2,91689,M,"48,7481300","2,3268700",91
202000023678,20,11,4,14:05,1,1,3,1,1,47133,M,"44,0587570","0,5618050",47
202000023679,20,10,5,16:15,1,1,1,2,5,91659,M,"48,5781300","2,4633300",91
202000023680,20,10,5,13:50,1,1,1,2,6,77251,M,"48,6238100","2,5419100",77
202000023681,20,10,5,10:15,1,1,1,2,3,91064,M,"48,7500000","2,2028600",91
202000023682,20,11,10,07:00,2,1,3,1,3,35014,M,"47,9716010"," -1,3249900",35
202000023683,20,10,5,10:20,1,1,1,1,7,94037,M,"48,8157400","2,3563900",94
202000023684,20,10,5,10:10,1,1,1,1,7,94034,M,"48,7563100","2,3353417",94
202000023685,20,10,5,13:45,1,1,1,8,6,92072,M,"48,8129909","2,2140024",92
202000023686,20,10,5,11:45,1,1,1,1,2,78402,M,"48,9640650","1,7818330",78
202000023687,20,10,5,06:45,5,1,1,3,5,78090,M,"48,9702240","1,9081370",78
202000023688,20,11,9,17:40,5,2,9,1,1,06095,M,"43,6457050","6,8870880",06
202000023689,20,10,5,02:20,5,1,1,2,6,92064,M,"48,8395625","2,1999478",92
202000023690,20,11,10,07:00,2,2,1,1,7,83073,M,"43,3836435","6,3078690",83
202000023691,20,10,2,13:40,1,1,1,2,1,30034,M,"43,7705710","4,4727610",30
202000023692,20,10,5,09:30,1,1,1,2,4,95424,M,"48,9945664","2,1840328",95
202000023693,20,10,5,09:00,1,1,1,2,2,95365,M,"49,0610840","2,4167690",95
202000023694,20,11,10,07:44,1,1,1,1,3,51439,M,"49,3416369","4,1735109",51
202000023695,20,10,5,08:40,1,1,1,2,3,93053,M,"48,8870641","2,4753472",93
202000023696,20,11,10,09:05,1,1,9,1,3,74137,M,"45,9986160","6,1785860",74
202000023697,20,10,5,07:55,2,1,1,2,-1,77363,M,"48,9162920","2,6336880",77
202000023698,20,11,9,18:51,3,1,1,1,1,32147,M,"43,6313190","0,8581620",32
202000023699,20,10,4,22:45,3,1,1,1,6,77249,M,"48,7410220","2,6123000",77
202000023700,20,11,9,07:33,2,2,6,1,3,29024,M,"48,2770880"," -3,5593830",29
202000023701,20,11,10,18:10,5,2,3,1,7,29037,M,"47,8870460"," -4,1558150",29
202000023702,20,10,3,13:34,1,2,3,1,3,98818,C," -22,2682200","166,4262600",988
202000023703,20,11,9,13:10,1,1,1,1,6,70063,M,"47,7578610","6,6050340",70
202000023704,20,10,4,08:10,1,2,1,1,1,97611,Y," -12,8069300","45,2078300",976
202000023705,20,10,4,15:24,1,2,1,1,3,97407,R," -20,9585100","55,3144200",974
202000023706,20,10,4,20:45,5,2,1,1,2,69383,M,"45,7570300","4,8622100",69
202000023707,20,10,4,06:00,5,2,1,1,6,69388,M,"45,7392800","4,8740500",69
202000023708,20,10,30,20:40,3,1,1,2,6,45314,M,"47,9719530","2,1739410",45
202000023709,20,10,4,06:15,1,1,1,2,7,97213,A,"14,5942600"," -60,9842400",972
202000023710,20,11,9,08:25,1,1,3,1,2,45130,M,"47,8021655","1,7323397",45
202000023711,20,10,4,15:20,-1,2,1,-1,7,83069,M,"43,1128800","6,1297400",83
202000023712,20,11,3,06:35,5,2,6,9,3,53097,M,"48,1478060"," -0,4127490",53
202000023713,20,10,3,19:20,2,1,1,8,7,83069,M,"43,1132560","6,1361622",83
202000023714,20,11,9,22:00,3,1,1,1,6,85051,M,"46,6709000"," -1,0869100",85
202000023715,20,10,3,18:40,1,2,3,1,7,80001,M,"50,1159400","1,8276500",80
202000023716,20,11,10,08:00,1,1,1,3,3,97801,,"18,0898450"," -63,0660130",978
202000023717,20,9,26,11:45,1,2,1,2,-1,69264,M,"45,9879500","4,7246000",69
202000023718,20,10,4,11:30,1,2,1,8,6,59599,M,"50,6972000","3,1472600",59
202000023719,20,11,10,11:10,1,1,1,1,1,98805,C," -22,1459920","166,4388750",988
202000023720,20,10,3,19:15,1,2,6,2,7,37179,M,"47,4373414","0,7096835",37
202000023721,20,10,24,16:10,1,2,1,1,-1,67049,M,"48,5044444","7,6027826",67
202000023722,20,10,11,14:35,1,2,2,1,3,13058,M,"43,7203460","4,8075700",13
202000023723,20,10,4,16:40,1,2,2,1,3,35238,M,"48,0837600"," -1,6751200",35
202000023724,20,11,10,06:20,2,1,3,1,3,98813,C," -21,6932610","165,7807030",988
202000023725,20,11,9,22:28,3,1,1,8,6,77377,M,"48,7202160","2,7576540",77
202000023726,20,10,4,11:45,1,2,3,3,7,33063,M,"44,8284700"," -0,5678500",33
202000023727,20,11,9,20:55,3,2,6,1,7,34272,M,"43,6585190","4,1156890",34
202000023728,20,7,12,13:15,1,1,9,1,3,13004,M,"43,5842224","4,7654000",13
202000023729,20,10,27,14:51,1,2,2,1,3,38382,M,"45,2427490","5,6706990",38
202000023730,20,10,4,18:35,1,2,1,8,2,27681,M,"49,0840000","1,4633300",27
202000023731,20,11,9,19:35,3,1,1,1,1,69141,M,"45,6103050","4,6773720",69
202000023732,20,7,30,10:10,1,2,1,1,3,13202,M,"43,2964400","5,3660900",13
202000023733,20,11,9,22:45,5,2,1,1,6,69163,M,"45,9279100","4,7759670",69
202000023734,20,9,30,13:50,1,2,1,1,6,13211,M,"43,2914400","5,4446400",13
202000023735,20,11,10,17:00,1,1,1,1,6,22376,M,"48,2334060"," -2,7656580",22
202000023736,20,10,4,17:45,1,2,3,8,3,13063,M,"43,5836300","4,9993900",13
202000023737,20,11,9,06:30,3,1,1,5,7,69297,M,"45,6149800","4,8098700",69
202000023738,20,10,2,17:19,1,2,1,3,1,13047,M,"43,5100000","4,9888000",13
202000023739,20,11,9,09:15,1,1,1,1,4,93066,M,"48,9217600","2,3673100",93
202000023740,20,11,9,10:00,1,1,1,1,2,94018,M,"48,8176700","2,4148100",94
202000023741,20,10,3,19:20,2,2,3,8,3,13001,M,"43,5235000","5,4167000",13
202000023742,20,11,7,00:50,3,1,9,1,2,94046,M,"48,8122760","2,4491040",94
202000023743,20,10,4,17:40,1,2,1,1,6,12202,M,"44,3619000","2,5819000",12
202000023744,20,10,3,07:53,1,2,2,2,3,10333,M,"48,2799200","4,0677000",10
202000023745,20,10,3,13:00,1,2,4,8,2,75119,M,"48,8885930","2,3966650",75
202000023746,20,4,1,09:20,1,2,3,1,6,33138,M,"45,0368950"," -0,1315100",33
202000023747,20,10,2,09:40,1,2,4,2,-1,75117,M,"48,8827630","2,2833920",75
202000023748,20,11,7,08:20,1,2,3,1,3,97302,G,"4,9055413"," -52,3202599",973
202000023749,20,10,4,02:10,5,2,7,2,6,75112,M,"48,8349550","2,4081750",75
202000023750,20,11,6,13:05,1,2,3,1,3,97302,G,"4,9352900"," -52,2945600",973
202000023751,20,11,7,19:05,5,2,1,1,2,69259,M,"45,7129700","4,8987800",69
202000023752,20,10,4,11:34,1,2,2,8,5,75105,M,"48,8493740","2,3560540",75
202000023753,20,11,8,17:20,5,2,1,8,7,69034,M,"45,7916900","4,8708000",69
202000023754,20,10,2,18:15,1,2,1,2,6,75106,M,"48,8462010","2,3261300",75
202000023755,20,11,8,08:35,1,2,3,8,3,69286,M,"45,8132700","4,8934400",69
202000023756,20,11,4,20:07,5,2,1,1,6,69034,M,"45,7897300","4,8605600",69
202000023757,20,10,4,21:12,5,2,2,1,3,75120,M,"48,8645660","2,4072010",75
202000023758,20,11,8,19:05,3,2,1,1,2,91434,M,"48,6590520","2,3487830",91
202000023759,20,10,4,02:55,5,2,1,2,5,75118,M,"48,8969840","2,3451620",75
202000023760,20,10,4,05:30,5,2,2,2,3,75117,M,"48,8825940","2,2827660",75
202000023761,20,11,7,11:22,1,2,3,1,3,77243,M,"48,8654000","2,7053700",77
202000023762,20,10,4,21:10,5,2,2,9,3,75114,M,"48,8238100","2,3232370",75
202000023763,20,11,7,19:15,5,2,1,1,4,69266,M,"45,7498784","4,9123814",69
202000023764,20,10,4,02:30,5,2,2,2,2,75113,M,"48,8358400","2,3525180",75
202000023765,20,11,7,11:00,1,2,2,1,3,69029,M,"45,7354385","4,9170465",69
202000023766,20,10,4,15:00,1,2,1,1,7,75112,M,"48,8400200","2,3818730",75
202000023767,20,10,14,16:55,1,2,1,1,1,62516,M,"50,5652150","2,4854090",62
202000023768,20,10,4,19:30,5,2,1,8,3,75111,M,"48,8648200","2,3769820",75
202000023769,20,11,7,17:15,5,2,1,1,6,45234,M,"47,8370830","1,9306980",45
202000023770,20,10,4,17:30,1,2,1,2,3,75111,M,"48,8576880","2,3875320",75
202000023771,20,10,4,17:00,1,2,1,3,6,75111,M,"48,8630140","2,3721360",75
202000023772,20,11,8,23:50,1,2,1,1,-1,44109,M,"47,2294700"," -1,5249000",44
202000023773,20,10,4,11:40,1,2,2,1,6,75112,M,"48,8483530","2,3760030",75
202000023774,20,11,8,17:10,1,2,1,1,6,35238,M,"48,0992276"," -1,6784739",35
202000023775,20,11,6,17:55,5,1,2,1,3,34129,M,"43,5716300","3,8957400",34
202000023776,20,10,3,22:36,5,2,2,2,-1,75111,M,"48,8700080","2,3710650",75
202000023777,20,10,4,10:50,1,2,1,8,3,75110,M,"48,8791970","2,3685970",75
202000023778,20,11,8,22:20,5,2,1,1,3,13211,M,"43,2853670","5,4422120",13
202000023779,20,10,4,14:20,1,2,1,2,6,94081,M,"48,7999100","2,4012900",94
202000023780,20,11,8,16:00,1,2,7,1,3,13215,M,"43,3588100","5,3576300",13
202000023781,20,10,4,01:25,5,2,9,1,-1,94073,M,"48,7598103","2,3685704",94
202000023782,20,11,8,15:05,1,1,1,1,1,13005,M,"43,2834773","5,5955547",13
202000023783,20,10,3,19:10,2,2,2,8,3,94069,M,"48,8170200","2,4576900",94
202000023784,20,10,4,20:30,5,2,2,2,3,93066,M,"48,9065800","2,3587500",93
202000023785,20,11,6,14:00,1,2,3,1,3,07281,M,"44,9471600","4,8508200",07
202000023786,20,10,4,21:50,3,2,1,2,6,93051,M,"48,8407200","2,5419300",93
202000023787,20,11,8,17:30,5,2,2,1,3,06088,M,"43,7018200","7,2608100",06
202000023788,20,11,6,10:55,1,2,4,1,6,75112,M,"48,8279030","2,3945530",75
202000023789,20,10,4,14:35,1,2,3,2,3,93046,M,"48,9197002","2,5270241",93
202000023790,20,11,7,13:15,1,2,7,1,3,75119,M,"48,9009380","2,3882150",75
202000023791,20,10,4,19:00,2,2,1,2,3,93013,M,"48,9299322","2,4206480",93
202000023792,20,11,8,19:35,5,2,2,1,1,75115,M,"48,8546650","2,2889190",75
202000023793,20,10,3,23:31,5,2,1,8,3,92024,M,"48,9029258","2,3063058",92
202000023794,20,11,8,09:10,1,2,4,1,7,75110,M,"48,8814080","2,3514160",75
202000023795,20,11,8,09:15,1,2,9,1,6,94076,M,"48,7843800","2,3624000",94
202000023796,20,10,3,17:10,1,2,1,8,1,38459,M,"45,4894640","4,9314990",38
202000023797,20,11,8,20:00,5,2,1,1,6,94041,M,"48,8000000","2,3800000",94
202000023798,20,10,4,19:20,2,2,4,2,6,86183,M,"46,9728220","0,6140930",86
202000023799,20,11,8,11:25,1,2,9,1,3,94041,M,"48,8190200","2,3740800",94
202000023800,20,10,4,04:40,3,1,1,2,7,86241,M,"46,9411430","0,7027330",86
202000023801,20,11,8,21:31,5,2,3,1,3,93073,M,"48,9639600","2,5722700",93
202000023802,20,11,7,20:50,5,2,2,1,2,93046,M,"48,9314400","2,5456500",93
202000023803,20,11,8,19:20,5,2,2,1,3,93031,M,"48,9552992","2,2902042",93
202000023804,20,8,24,07:35,1,1,1,1,6,71222,M,"46,6505457","4,4243088",71
202000023805,20,11,8,11:35,1,2,3,1,3,92046,M,"48,8219300","2,3040100",92
202000023806,20,11,7,22:45,5,2,1,1,6,92033,M,"48,8410426","2,1961399",92
202000023807,20,9,29,14:30,1,1,1,1,-1,76562,M,"49,8683220","1,1980460",76
202000023808,20,11,8,20:15,5,1,1,1,2,24350,M,"45,1595720","0,5938840",24
202000023809,20,11,9,16:45,1,1,3,1,3,98810,C," -20,6884500","164,4222400",988
202000023810,20,11,8,09:50,1,1,9,1,7,23193,M,"46,1618540","1,9105860",23
202000023811,20,10,5,08:10,1,1,1,3,1,63189,M,"45,6417680","2,7246520",63
202000023812,20,11,7,17:45,1,2,1,1,2,97410,R," -21,0070880","55,6976210",974
202000023813,20,11,9,01:00,4,2,1,1,6,97414,R," -21,2806520","55,4189010",974
202000023814,20,10,19,08:20,1,1,1,1,2,2A032,M,"41,9138470","8,8233200",2A
202000023815,20,10,5,15:10,1,1,1,2,4,41256,M,"47,2790230","2,0431300",41
202000023816,20,11,6,18:50,3,1,1,1,6,29165,M,"47,8109210"," -4,2387060",29
202000023817,20,11,9,20:30,3,1,1,1,6,60249,M,"49,2794050","2,3206390",60
202000023818,20,10,4,13:45,1,1,1,2,6,12194,M,"44,2411320","2,4104740",12
202000023819,20,11,9,07:30,2,1,9,2,2,07104,M,"44,7808220","4,5016370",07
202000023820,20,9,30,17:30,1,1,1,1,1,30334,M,"44,0194650","4,4018240",30
202000023821,20,11,9,09:30,1,2,1,1,6,27467,M,"49,3540090","0,5161580",27
202000023822,20,9,21,14:45,1,1,2,1,3,62784,M,"50,1961120","2,5145820",62
202000023823,20,11,9,07:50,1,1,1,1,2,17337,M,"45,9910730"," -1,3611670",17
202000023824,20,10,5,17:55,1,1,1,2,6,62733,M,"50,1300700","2,6080940",62
202000023825,20,9,30,03:20,3,1,1,5,6,19066,M,"45,1423528","1,3385356",19
202000023826,20,10,29,18:00,2,2,2,1,3,17127,M,"46,2407960"," -0,8178430",17
202000023827,20,10,4,17:40,1,1,2,2,3,32408,M,"43,8108360"," -0,0363600",32
202000023828,20,11,9,07:50,1,2,1,1,3,97309,G,"4,9131500"," -52,2730990",973
202000023829,20,10,5,09:05,1,2,1,8,6,71230,M,"46,5999626","4,0571735",71
202000023830,20,8,8,16:30,1,1,1,1,4,98802,C," -21,8984010","166,1016140",988
202000023831,20,10,5,06:05,3,1,2,2,7,71221,M,"46,7770865","4,7578429",71