Num_Acc,an,mois,jour,hrmn,lum,agg,int,atm,col,com,gps,lat,long,dep
202000023832,20,11,9,07:00,1,2,1,2,1,97615,Y," -12,7959830","45,2740730",976
202000023833,20,10,5,12:50,1,2,2,2,1,71135,M,"46,4335752","4,8307936",71
202000023834,20,11,8,13:00,1,1,1,1,7,97119,A,"16,4153490"," -61,4253440",971
202000023835,20,10,2,07:15,3,1,1,1,6,61215,M,"48,5164100","0,3757120",61
202000023836,20,11,8,19:50,3,1,6,1,6,37072,M,"47,1752184","0,2019157",37
202000023837,20,10,2,18:10,1,1,2,1,3,47142,M,"44,6358340","0,4779480",47
202000023838,20,11,9,18:50,5,2,1,1,6,83115,M,"43,3391230","6,6780030",83
202000023839,20,10,5,16:30,1,1,1,8,1,22137,M,"48,3190350"," -3,4313180",22
202000023840,20,10,4,14:40,1,1,1,2,2,38384,M,"45,3556360","5,3288890",38
202000023841,20,11,6,12:00,1,1,1,1,5,83023,M,"43,3959110","6,0910970",83
202000023842,20,10,4,21:15,3,1,1,1,1,02386,M,"49,9575430","3,6424830",02
202000023843,20,11,8,06:22,3,1,1,1,7,88315,M,"48,2669050","6,7257890",88
202000023844,20,10,4,20:35,3,1,1,1,7,03221,M,"46,6759908","2,6928947",03
202000023845,20,10,5,10:00,1,1,1,2,6,15079,M,"45,2703830","2,3649410",15
202000023846,20,11,9,10:30,1,2,1,1,1,73006,M,"45,5596730","6,6525110",73
202000023847,20,11,9,01:30,3,2,1,1,6,42094,M,"45,7427750","4,2074740",42
202000023848,20,11,8,17:00,1,1,1,1,3,09164,M,"42,9929870","1,2217300",09
202000023849,20,11,9,16:45,1,1,1,1,5,09221,M,"42,8184950","1,6230050",09
202000023850,20,11,8,09:50,1,2,1,9,3,87161,M,"45,8349960","1,4893560",87
202000023851,20,11,8,21:20,3,1,1,1,6,61074,M,"48,5795030"," -0,1346680",61
202000023852,20,11,9,10:20,1,1,1,1,3,80685,M,"49,7114450","2,7728140",80
202000023853,20,11,8,15:35,1,1,9,2,6,69256,M,"45,8044100","4,9260600",69
202000023854,20,11,7,13:20,1,1,1,1,3,93064,M,"48,8630150","2,4828710",93
202000023855,20,11,8,13:55,1,1,1,1,6,94052,M,"48,8421989","2,4927536",94
202000023856,20,9,17,22:10,3,1,3,1,3,33374,M,"45,2483800"," -0,5677500",33
202000023857,20,11,6,16:00,1,2,1,1,3,98818,C," -22,2744300","166,4467800",988
202000023858,20,12,18,13:10,1,2,2,1,3,92036,M,"48,9219370","2,2998340",92
202000023859,20,12,18,14:40,1,2,1,1,2,92026,M,"48,9031000","2,2667000",92
202000023860,20,12,18,12:50,1,2,4,1,1,92025,M,"48,9247600","2,2527250",92
202000023861,20,12,18,18:16,5,2,1,1,-1,92007,M,"48,8016935","2,3158940",92
202000023862,20,12,18,16:50,2,1,1,1,-1,92004,M,"48,9092659","2,2936429",92
202000023863,20,12,14,23:55,4,2,1,3,6,92004,M,"48,9340800","2,2810800",92
202000023864,20,12,7,15:30,1,1,2,1,3,01449,M,"46,0044090","5,2333650",01
202000023865,20,12,19,07:55,2,2,1,2,1,17413,M,"46,0796220"," -1,0542610",17
202000023866,20,12,19,17:10,2,1,1,1,1,41150,M,"47,5326610","1,4201870",41
202000023867,20,12,17,15:00,1,1,1,1,4,71105,M,"46,3024254","4,7930852",71
202000023868,20,12,19,06:00,2,1,1,1,1,97221,A,"14,5090150"," -60,9491180",972
202000023869,20,12,18,20:00,3,1,1,1,2,28024,M,"48,4158510","1,4832830",28
202000023870,20,12,18,20:00,3,1,1,2,7,97410,R," -21,0979170","55,6737340",974
202000023871,20,12,18,10:20,1,1,1,1,6,14378,M,"49,3438350"," -0,9560670",14
202000023872,20,12,17,23:35,3,2,1,1,6,97413,R," -21,1730470","55,2960670",974
202000023873,20,12,19,01:35,3,1,1,1,6,57188,M,"49,0342670","7,5567910",57
202000023874,20,12,18,18:23,3,1,1,1,1,19285,M,"45,4014930","1,5042900",19
202000023875,20,12,18,18:50,3,1,1,5,6,82161,M,"44,0505760","1,4396920",82
202000023876,20,12,17,14:28,1,1,2,1,3,33123,M,"45,0937470"," -0,4390510",33
202000023877,20,12,18,16:45,1,1,1,8,7,61230,M,"48,5706440","0,7587430",61
202000023878,20,12,19,13:40,1,1,1,1,6,42029,M,"45,8475380","4,2769220",42
202000023879,20,12,19,16:20,1,1,1,2,1,47318,M,"44,1929130","0,3265860",47
202000023880,20,12,18,10:45,1,1,2,1,3,41231,M,"47,4681410","1,9387110",41
202000023881,20,11,30,12:45,1,1,2,7,3,41164,M,"47,2736550","1,4402070",41
202000023882,20,12,18,18:30,3,1,1,5,7,25519,M,"47,2972950","6,7907690",25
202000023883,20,12,18,19:10,3,1,1,1,1,44158,M,"47,2831050"," -1,8038820",44
202000023884,20,12,19,18:00,5,1,1,2,6,15103,M,"44,7817060","2,5267370",15
202000023885,20,12,17,17:00,1,2,1,1,6,72180,M,"48,3506500","0,3689240",72
202000023886,20,12,18,16:10,1,2,1,1,6,45160,M,"48,1934080","2,1134790",45
202000023887,20,12,18,18:30,3,1,1,8,6,18127,M,"46,7803290","2,2323490",18
202000023888,20,12,19,16:30,1,1,1,2,7,07142,M,"44,7225430","3,8695910",07
202000023889,20,12,18,15:05,1,1,1,1,1,24196,M,"45,3513380","1,1430720",24
202000023890,20,12,19,14:30,1,1,1,1,7,85234,M,"46,8144820"," -2,0210390",85
202000023891,20,12,10,07:50,5,2,1,2,3,27414,M,"48,9394440","0,4808660",27
202000023892,20,12,18,04:40,3,1,1,5,6,37050,M,"47,3329690","0,7382904",37
202000023893,20,12,18,19:20,5,2,4,1,1,30184,M,"43,9802670","4,2300370",30
202000023894,20,12,18,19:45,3,1,1,1,1,78043,M,"48,8344700","2,0717060",78
202000023895,20,12,15,02:10,5,1,6,2,6,78455,M,"48,8435230","2,0569110",78
202000023896,20,12,19,01:10,3,1,1,1,6,06067,M,"43,7850220","7,4599100",06
202000023897,20,12,18,07:20,1,1,9,1,6,98803,C," -21,5520360","165,4793200",988
202000023898,20,12,18,23:40,3,2,1,1,3,97415,R," -21,0172280","55,2872380",974
202000023899,20,12,19,14:55,1,1,1,1,2,77196,M,"48,9481540","2,7428050",77
202000023900,20,12,16,07:30,2,2,3,1,3,30211,M,"43,8311900","4,4970860",30
202000023901,20,12,18,15:30,1,1,1,1,1,05151,M,"44,8121660","6,5750600",05
202000023902,20,12,19,14:50,1,2,1,1,6,38148,M,"45,6164050","5,4800530",38
202000023903,20,12,18,14:00,1,2,1,1,2,69287,M,"45,6978896","5,0143164",69
202000023904,20,12,18,09:35,1,1,1,1,6,81187,M,"43,7109864","2,0079095",81
202000023905,20,12,19,04:00,2,1,1,2,6,17058,M,"45,8511930"," -1,1099200",17
202000023906,20,12,18,16:10,1,1,1,1,6,33456,M,"45,3055050"," -0,5749400",33
202000023907,20,12,18,16:45,2,2,3,2,7,29179,M,"48,5348940"," -4,3116460",29
202000023908,20,12,18,17:15,2,1,1,2,1,35121,M,"48,2366580"," -1,4654840",35
202000023909,20,12,18,07:30,3,1,1,1,2,13216,M,"43,3661300","5,3350500",13
202000023910,20,12,18,17:50,3,1,1,1,4,33080,M,"44,7484000"," -0,5403910",33
202000023911,20,12,18,14:00,1,1,1,1,2,91161,M,"48,7163600","2,3100000",91
202000023912,20,12,18,06:00,3,1,1,1,7,91161,M,"48,7138800","2,3087600",91
202000023913,20,12,18,18:00,3,1,1,1,5,78672,M,"48,9292250","1,9866700",78
202000023914,20,12,17,15:10,1,1,1,1,2,92050,M,"48,9039650","2,2066037",92
202000023915,20,12,17,06:30,3,1,1,2,2,78117,M,"48,7874570","2,1468140",78
202000023916,20,12,16,17:00,2,1,1,1,5,78455,M,"48,8518630","2,0654580",78
202000023917,20,12,18,06:40,3,1,1,1,6,95394,M,"49,0523600","2,1844600",95
202000023918,20,12,18,02:15,3,1,1,1,7,93064,M,"48,8878600","2,4725000",93
202000023919,20,12,17,22:00,3,1,1,1,6,95572,M,"49,0395800","2,1266900",95
202000023920,20,12,16,18:45,3,1,1,1,3,95351,M,"49,0321140","2,4919330",95
202000023921,20,12,18,15:15,1,1,1,1,-1,94017,M,"48,8296700","2,4983600",94
202000023922,20,8,16,23:30,5,2,1,1,6,84007,M,"43,9396700","4,8209100",84
202000023923,20,10,6,22:45,5,1,1,8,6,19275,M,"45,5671700","2,2983300",19
202000023924,20,12,17,20:15,5,2,2,1,3,98818,C," -22,2483900","166,4637900",988
202000023925,20,12,17,00:45,5,2,3,1,7,98818,C," -22,2933500","166,4466000",988
202000023926,20,12,17,14:30,1,2,1,1,3,97302,G,"4,9323900"," -52,3270600",973
202000023927,20,12,17,12:15,1,1,2,1,3,97302,G,"4,9214500"," -52,3296600",973
202000023928,20,12,17,12:00,1,2,1,8,-1,97302,G,"4,9420640"," -52,3235893",973
202000023929,20,12,18,00:45,5,2,1,1,6,69199,M,"45,7106700","4,8468400",69
202000023930,20,12,17,18:09,5,2,1,2,2,69199,M,"45,6978900","4,8578600",69
202000023931,20,12,16,10:00,1,2,1,1,4,69259,M,"45,7086900","4,8761400",69
202000023932,20,12,17,15:55,1,2,9,1,4,97213,A,"14,6107500"," -61,0018000",972
202000023933,20,12,16,05:30,2,1,1,1,2,97209,A,"14,6027100"," -61,0442600",972
202000023934,20,12,17,08:50,1,2,4,1,1,69389,M,"45,7892100","4,8125700",69
202000023935,20,11,26,15:40,1,2,1,1,6,95585,M,"48,9925800","2,3757200",95
202000023936,20,12,17,06:00,5,2,3,1,1,91326,M,"48,6980000","2,3719600",91
202000023937,20,12,12,11:50,1,1,1,1,2,88519,M,"48,3481900","6,8867300",88
202000023938,20,12,17,11:36,1,2,2,1,3,87085,M,"45,8301700","1,2503300",87
202000023939,20,12,16,16:10,1,2,3,1,3,86194,M,"46,5896980","0,3296620",86
202000023940,20,12,17,18:30,5,2,3,1,3,82121,M,"44,0123400","1,3630400",82
202000023941,20,12,17,14:45,1,2,1,1,-1,79329,M,"46,9744990"," -0,2003800",79
202000023942,20,12,12,13:50,1,2,3,1,-1,78586,M,"48,9396700","2,1865400",78
202000023943,20,12,16,19:00,5,2,5,2,6,76351,M,"49,4925000","0,1484300",76
202000023944,20,12,17,19:30,5,2,6,2,2,73065,M,"45,5637410","5,9195010",73
202000023945,20,12,13,15:20,1,1,1,1,7,71105,M,"46,2993225","4,7801055",71
202000023946,20,12,17,14:00,1,1,1,1,6,71540,M,"46,7729426","4,4262394",71
202000023947,20,12,16,15:30,1,2,2,1,3,69290,M,"45,7075300","4,9077000",69
202000023948,20,12,17,07:40,2,2,3,1,3,67482,M,"48,5708100","7,7865100",67
202000023949,20,12,16,15:30,1,2,4,1,3,67482,M,"48,5888800","7,7140300",67
202000023950,20,12,17,13:25,1,1,1,1,1,64284,M,"43,2806900"," -0,3910900",64
202000023951,20,12,17,11:03,1,2,6,1,3,64445,M,"43,3180500"," -0,3563800",64
202000023952,20,11,17,11:45,1,2,3,1,6,64237,M,"43,2831900"," -0,3723500",64
202000023953,20,12,16,07:11,5,1,3,1,3,63063,M,"45,8405399","3,1174379",63
202000023954,20,11,26,19:10,4,2,3,2,3,58194,M,"46,9990000","3,1739000",58
202000023955,20,12,16,09:40,1,2,1,1,5,56098,M,"47,7676300"," -3,3216600",56
202000023956,20,10,23,23:25,5,2,1,1,7,53130,M,"48,0694100"," -0,7717600",53
202000023957,20,12,16,19:50,5,2,4,1,2,51454,M,"49,2626367","4,0569147",51
202000023958,20,12,17,14:10,1,2,1,1,2,50129,M,"49,6351000"," -1,6291800",50
202000023959,20,12,16,08:14,5,2,1,1,6,49007,M,"47,4518100"," -0,5451200",49
202000023960,20,12,16,14:47,1,2,1,1,3,49007,M,"47,4694870"," -0,5415160",49
202000023961,20,12,17,15:25,1,2,1,1,2,45285,M,"47,9099800","1,8814300",45
202000023962,20,12,17,08:25,2,2,1,1,3,45234,M,"47,8926000","1,9047300",45
202000023963,20,12,16,10:10,1,2,6,1,3,37122,M,"47,3231700","0,6619001",37
202000023964,20,12,16,07:44,5,2,3,1,-1,37261,M,"47,3762646","0,6777758",37
202000023965,20,12,17,14:05,1,1,1,1,2,35238,M,"48,1053300"," -1,7167560",35
202000023966,20,12,17,13:15,1,1,6,1,3,35055,M,"48,0825400"," -1,6404100",35
202000023967,20,12,16,22:30,5,2,1,2,7,35238,M,"48,1157200"," -1,6809000",35
202000023968,20,12,17,19:10,5,2,4,9,5,33281,M,"44,8345400"," -0,6714000",33
202000023969,20,12,17,08:50,1,2,3,8,3,33550,M,"44,7606800"," -0,5571800",33
202000023970,20,11,13,12:05,1,2,1,1,3,31555,M,"43,6200700","1,4572900",31
202000023971,20,12,17,00:25,5,2,9,1,3,30189,M,"43,8297000","4,3558000",30
202000023972,20,12,16,16:20,1,2,1,9,3,30007,M,"44,1386900","4,1045800",30
202000023973,20,11,29,09:25,1,1,1,1,6,29039,M,"47,8787900"," -3,8736600",29
202000023974,20,12,16,21:30,5,2,2,1,3,29019,M,"48,3968470"," -4,4830140",29
202000023975,20,12,17,13:50,1,2,6,1,6,27528,M,"49,2530000","1,1942800",27
202000023976,20,11,23,15:40,1,2,1,1,6,26198,M,"44,5518870","4,7417110",26
202000023977,20,12,16,11:00,1,2,1,1,6,22215,M,"48,5014101"," -2,7800399",22
202000023978,20,12,16,08:54,1,2,1,7,6,15014,M,"44,9114900","2,4489100",15
202000023979,20,12,17,17:10,1,2,1,1,6,14118,M,"49,1599244"," -0,3401074",14
202000023980,20,12,17,10:15,1,2,1,1,6,14118,M,"49,1804700"," -0,3607700",14
202000023981,20,12,9,19:00,3,1,1,1,1,13108,M,"43,8198430","4,6517560",13
202000023982,20,12,17,13:40,1,2,1,1,6,13209,M,"43,2500000","5,3960000",13
202000023983,20,12,17,13:20,1,2,1,1,6,13204,M,"43,3081000","5,4020700",13
202000023984,20,12,17,07:34,5,2,1,8,4,10387,M,"48,2832000","4,0750100",10
202000023985,20,12,17,07:55,3,1,1,1,4,07019,M,"44,6145600","4,4085700",07
202000023986,20,12,16,10:00,1,2,1,8,6,06069,M,"43,6562110","6,9253720",06
202000023987,20,12,17,13:29,1,2,1,7,6,05023,M,"44,8976300","6,6406800",05
202000023988,20,12,16,12:35,1,2,3,1,3,03185,M,"46,3555341","2,5891675",03
202000023989,20,12,16,17:10,5,2,1,1,1,01053,M,"46,2077800","5,2606900",01
202000023990,20,12,17,18:35,5,2,1,1,2,75118,M,"48,9006720","2,3684330",75
202000023991,20,12,16,20:00,5,2,1,1,2,75120,M,"48,8660490","2,4132040",75
202000023992,20,12,15,14:15,1,2,1,1,3,75115,M,"48,8284610","2,2896940",75
202000023993,20,12,16,13:00,1,2,1,1,5,75120,M,"48,8766240","2,4071560",75
202000023994,20,12,17,15:00,1,2,1,1,3,75115,M,"48,8351830","2,2777080",75
202000023995,20,12,17,09:12,1,2,2,1,3,75115,M,"48,8379260","2,2977180",75
202000023996,20,12,17,17:40,5,2,1,1,6,75114,M,"48,8317090","2,3302340",75
202000023997,20,12,17,18:50,5,2,2,1,6,75113,M,"48,8244140","2,3764180",75
202000023998,20,12,17,16:15,1,2,3,1,3,75111,M,"48,8509640","2,3964660",75
202000023999,20,12,17,15:30,1,2,5,1,3,75109,M,"48,8729480","2,3332470",75
202000024000,20,12,17,14:33,1,2,7,1,3,75108,M,"48,8640760","2,3201270",75
202000024001,20,12,17,12:45,1,2,2,1,7,75108,M,"48,8668320","2,3102550",75
202000024002,20,12,17,08:30,1,2,2,1,7,75108,M,"48,8646830","2,3136520",75
202000024003,20,12,16,08:15,1,2,2,1,3,75108,M,"48,8736960","2,3144730",75
202000024004,20,12,17,11:00,1,2,3,8,6,75104,M,"48,8547670","2,3624330",75
202000024005,20,12,17,13:05,1,2,3,2,3,94081,M,"48,8083900","2,4077300",94
202000024006,20,12,17,12:30,1,2,1,2,6,94081,M,"48,7994700","2,3851600",94
202000024007,20,12,15,18:00,5,2,1,1,2,94068,M,"48,8032100","2,4894500",94
202000024008,20,12,17,13:22,1,2,3,2,3,94046,M,"48,8155300","2,4276300",94
202000024009,20,12,17,12:00,1,2,1,1,6,94043,M,"48,8095500","2,3589500",94
202000024010,20,12,15,16:10,1,2,2,1,3,94041,M,"48,8214100","2,3903300",94
202000024011,20,12,17,16:00,1,2,1,1,3,94069,M,"48,8149200","2,4632400",94
202000024012,20,12,16,11:40,1,2,9,1,3,94002,M,"48,7982000","2,4203600",94
202000024013,20,12,17,09:35,1,2,1,8,6,93066,M,"48,9441805","2,3577721",93
202000024014,20,12,16,13:30,1,2,1,1,3,93066,M,"48,9273000","2,3525000",93
202000024015,20,12,17,22:55,5,2,7,1,3,93053,M,"48,9037880","2,4692529",93
202000024016,20,12,17,13:40,1,2,2,2,3,93010,M,"48,9060323","2,4802808",93
202000024017,20,12,17,12:30,1,2,6,2,3,93005,M,"48,9388540","2,4890616",93
202000024018,20,12,17,19:45,4,2,2,1,3,93001,M,"48,9060405","2,3897254",93
202000024019,20,12,16,11:20,1,2,2,1,3,92078,M,"48,9249425","2,3254631",92
202000024020,20,12,14,14:30,1,2,1,2,2,92063,M,"48,8688500","2,1864620",92
202000024021,20,12,16,23:20,4,2,1,2,7,92048,M,"48,7912409","2,2322698",92
202000024022,20,12,6,18:50,5,2,1,1,3,92004,M,"48,9169072","2,2879333",92
202000024023,20,12,17,11:20,1,2,1,1,6,47100,M,"44,2605030","0,6705420",47
202000024024,20,12,17,19:15,3,1,2,1,3,51433,M,"48,7433745","4,6731614",51
202000024025,20,12,18,19:30,3,1,9,1,2,60366,M,"49,4110672","2,3294406",60
202000024026,20,12,16,15:00,1,2,3,1,2,41194,M,"47,3757570","1,7366450",41
202000024027,20,11,17,17:00,1,1,1,7,1,33352,M,"44,5925640"," -0,0379160",33
202000024028,20,12,1,17:03,2,2,2,2,6,81209,M,"43,5205480","2,3687530",81
202000024029,20,12,15,15:20,1,1,3,2,5,01354,M,"46,2482350","6,0415360",01
202000024030,20,12,18,19:00,2,2,1,1,1,97414,R," -21,2089290","55,4061820",974
202000024031,20,12,18,12:45,1,1,1,1,-1,72058,M,"47,9838180","0,2743790",72
202000024032,20,10,29,16:30,1,2,1,1,6,72047,M,"47,9147250","0,3328760",72
202000024033,20,12,17,15:50,1,1,1,1,-1,34051,M,"43,5948100","3,4649340",34
202000024034,20,12,18,18:25,3,1,1,8,3,63404,M,"45,5879887","3,2463266",63
202000024035,20,12,17,09:15,1,1,1,1,4,62819,M,"50,7707190","2,1988530",62
202000024036,20,12,18,15:15,1,1,1,1,1,74303,M,"45,9558080","6,1723580",74
202000024037,20,12,17,17:35,5,2,1,1,6,76752,M,"49,6684690","0,8973340",76
202000024038,20,12,17,13:30,1,1,1,1,2,80688,M,"50,2636704","1,6935575",80
202000024039,20,12,18,19:00,3,1,1,1,1,33348,M,"45,3710710"," -0,9682220",33
202000024040,20,12,18,11:30,1,1,1,1,7,32107,M,"43,9717080","0,4189400",32
202000024041,20,12,17,07:20,3,1,6,1,1,71310,M,"46,7486337","4,4932413",71
202000024042,20,12,18,11:30,1,2,6,8,6,29160,M,"48,4940665"," -4,4336215",29
202000024043,20,12,18,17:39,3,2,1,2,6,29235,M,"48,3990010"," -4,4188350",29
202000024044,20,12,17,17:50,5,1,2,1,3,02554,M,"49,0276190","3,4093770",02
202000024045,20,12,17,15:45,1,1,1,1,3,03267,M,"46,3359451","3,2855833",03
202000024046,20,12,18,17:10,1,1,1,1,7,15234,M,"44,8367610","2,5144310",15
202000024047,20,12,17,17:25,4,2,1,2,6,01304,M,"46,0522610","5,3352710",01
202000024048,20,12,18,07:53,2,1,1,5,7,70292,M,"47,8411260","5,8971770",70
202000024049,20,12,17,21:10,3,1,1,1,1,54557,M,"48,6882970","6,0114960",54
202000024050,20,4,20,10:45,1,2,1,1,2,75110,M,"48,8808810","2,3630040",75
202000024051,20,4,19,22:30,5,2,1,1,7,94046,M,"48,8013000","2,4311500",94
202000024052,20,4,20,16:50,1,2,1,7,2,94077,M,"48,7311400","2,4203100",94
202000024053,20,4,20,13:30,1,2,1,1,3,93053,M,"48,9026400","2,4632600",93
202000024054,20,4,20,19:20,1,2,1,1,1,93029,M,"48,9139000","2,4481000",93
202000024055,20,4,20,11:00,1,2,3,1,1,93008,M,"48,9119340","2,4753460",93
202000024056,20,4,21,08:00,1,1,1,1,7,22197,M,"48,5355830"," -1,9382070",22
202000024057,20,2,27,04:50,3,1,1,1,7,01089,M,"45,9603010","5,3164080",01
202000024058,20,4,21,14:20,1,2,6,1,2,59202,M,"50,6753280","2,8340860",59
202000024059,20,4,20,17:15,1,2,1,1,6,62566,M,"50,6688580","1,8593720",62
202000024060,20,4,20,17:30,1,1,1,1,3,80606,M,"49,9454339","1,7774770",80
202000024061,20,4,20,20:45,3,1,3,2,6,82155,M,"44,1669200","1,7861200",82
202000024062,20,4,20,18:45,1,2,1,1,7,76562,M,"49,8692870","1,1765890",76
202000024063,20,4,19,22:15,5,2,1,1,7,38229,M,"45,2211320","5,7904010",38
202000024064,20,4,21,06:32,2,1,1,2,7,26086,M,"44,6849120","5,4539330",26
202000024065,20,4,21,17:10,1,1,1,1,7,05104,M,"44,7062230","6,0418640",05
202000024066,20,4,20,09:37,1,1,3,1,-1,50158,M,"48,7225170"," -1,1402860",50
202000024067,20,4,21,05:35,3,1,1,1,6,45272,M,"47,8218220","1,9752330",45
202000024068,20,4,20,17:40,1,2,1,1,6,18018,M,"47,0384920","2,6485160",18
202000024069,20,4,19,17:30,1,1,1,8,6,87110,M,"45,9112090","0,9954480",87
202000024070,20,4,20,22:11,5,2,3,1,3,49092,M,"47,2160480"," -0,7241920",49
202000024071,20,4,20,19:50,2,1,1,2,1,30344,M,"43,7499360","4,2077370",30
202000024072,20,4,20,18:51,1,2,1,1,7,95604,M,"49,1053123","2,5319892",95
202000024073,20,4,20,20:15,1,1,1,1,6,37158,M,"47,4995961","0,9287431",37
202000024074,20,4,20,20:10,2,1,9,2,6,30130,M,"44,3281920","3,9680170",30
202000024075,20,4,11,21:00,3,1,1,1,7,71258,M,"46,2605135","4,7396681",71
202000024076,20,4,20,18:00,1,1,1,1,6,52125,M,"48,1027030","5,2187200",52
202000024077,20,4,21,08:00,3,1,1,1,6,74027,M,"45,8971540","6,2536240",74
202000024078,20,4,17,09:45,1,2,1,1,6,42147,M,"45,6074480","4,0624020",42
202000024079,20,4,21,14:55,1,2,1,1,2,38247,M,"45,8106670","5,4029240",38
202000024080,20,4,20,17:25,1,2,2,1,7,60462,M,"49,3234310","2,2016360",60
202000024081,20,4,20,08:30,1,1,1,2,6,13085,M,"43,2615960","5,5908380",13
202000024082,20,6,2,02:30,3,1,1,1,2,54150,M,"48,7880900","6,1423400",54
202000024083,20,4,19,23:30,5,1,1,1,5,78140,M,"48,9639800","1,9259700",78
202000024084,20,4,20,08:50,1,2,1,3,6,98818,C," -22,3008500","166,4449500",988
202000024085,20,4,19,11:15,1,2,2,1,3,69386,M,"45,7653000","4,8479000",69
202000024086,20,4,18,11:30,1,2,9,1,1,97213,A,"14,6227000"," -61,0170000",972
202000024087,20,4,17,20:55,3,2,9,1,7,97213,A,"14,6154000"," -61,0047000",972
202000024088,20,4,16,13:50,1,1,9,1,3,83129,M,"43,1000000","5,8500000",83
202000024089,20,4,17,11:43,1,2,1,1,6,74010,M,"45,9034000","6,1229000",74
202000024090,20,4,19,16:25,1,2,1,1,1,59599,M,"50,7234352","3,1720621",59
202000024091,20,4,17,15:10,1,2,1,1,6,19272,M,"45,2800200","1,7669100",19
202000024092,20,4,19,18:20,1,2,3,2,3,13215,M,"43,3482920","5,3623830",13
202000024093,20,4,18,15:40,1,2,1,1,6,13207,M,"43,2850920","5,3540430",13
202000024094,20,4,17,11:40,1,2,2,1,3,13005,M,"43,2846700","5,5484600",13
202000024095,20,4,19,19:00,2,2,1,5,6,06069,M,"43,6604720","6,9186390",06
202000024096,20,4,16,09:15,1,2,1,1,2,75116,M,"48,8609950","2,2640420",75
202000024097,20,4,19,17:30,1,2,3,1,3,93010,M,"48,8928000","2,4959000",93
202000024098,20,4,15,14:45,1,1,1,1,1,33138,M,"45,0495800"," -0,1388100",33
202000024099,20,4,19,21:10,5,1,1,1,1,57098,M,"48,8694500","6,7671600",57
202000024100,20,3,10,07:59,1,1,1,2,1,21559,M,"47,2985290","4,8041580",21
202000024101,20,4,19,18:11,1,1,1,1,2,74208,M,"45,9128270","6,6994610",74
202000024102,20,3,22,02:30,4,2,1,1,6,46160,M,"44,8020800","2,0741520",46
202000024103,20,4,20,08:00,1,1,2,2,3,34149,M,"43,4961280","3,2985223",34
202000024104,20,4,20,07:00,1,2,1,1,6,25256,M,"47,2153520","6,7658190",25
202000024105,20,4,19,08:09,1,1,1,1,6,60622,M,"49,6717043","1,9628027",60
202000024106,20,4,18,18:57,1,1,1,1,6,16346,M,"45,2321150","0,0590250",16
202000024107,20,4,19,23:20,3,1,1,8,7,37245,M,"47,4718220","0,5422680",37
202000024108,20,4,18,09:30,1,2,1,1,3,01224,M,"45,7741870","5,2056580",01
202000024109,20,3,16,19:15,3,1,1,1,1,13100,M,"43,8209670","4,8807960",13
202000024110,20,4,20,12:40,1,2,3,1,-1,67137,M,"48,4956990","7,6913630",67
202000024111,20,4,14,17:20,1,1,2,1,3,33323,M,"44,5722490"," -0,2148990",33
202000024112,20,4,19,15:40,1,1,1,1,7,14530,M,"49,2406480"," -0,2682320",14
202000024113,20,4,19,17:00,1,1,1,1,6,93066,M,"48,9304000","2,3663000",93
202000024114,20,2,15,06:50,5,2,3,1,6,34301,M,"43,4110335","3,6791378",34
202000024115,20,4,17,16:25,1,2,3,1,6,98818,C," -22,2790000","166,4626000",988
202000024116,20,4,18,15:15,1,2,1,8,3,69383,M,"45,7599000","4,8618000",69
202000024117,20,4,18,17:40,1,2,1,1,3,95539,M,"48,9979800","2,3563700",95
202000024118,20,4,17,19:32,1,2,1,1,2,91692,M,"48,6820700","2,1730900",91
202000024119,20,4,17,12:25,1,2,1,1,3,91477,M,"48,7161200","2,2505900",91
202000024120,20,4,17,04:00,5,2,1,1,7,77016,M,"48,2177300","2,7138600",77
202000024121,20,4,17,16:15,1,1,1,1,7,59526,M,"50,4598844","3,4293920",59
202000024122,20,4,18,18:30,1,2,6,1,-1,51573,M,"49,2472868","3,9992586",51
202000024123,20,4,17,11:50,1,2,6,1,3,51454,M,"49,2390928","3,9963376",51
202000024124,20,4,19,02:00,5,2,4,8,6,33063,M,"44,8539600"," -0,5431900",33
202000024125,20,3,13,10:23,1,2,1,1,6,29039,M,"47,8610300"," -3,8916000",29
202000024126,20,4,18,00:20,5,2,1,1,6,75115,M,"48,8256230","2,3009650",75
202000024127,20,4,17,16:29,1,2,2,1,3,75103,M,"48,8693150","2,3542540",75
202000024128,20,4,18,19:15,1,2,2,7,3,75117,M,"48,8856390","2,2917270",75
202000024129,20,4,17,18:35,1,2,2,1,3,75106,M,"48,8455220","2,3191450",75
202000024130,20,4,17,20:50,2,2,1,1,7,75108,M,"48,8646450","2,3118960",75
202000024131,20,4,18,13:00,1,2,2,1,3,93051,M,"48,8303400","2,5849000",93
202000024132,20,4,18,21:05,5,2,1,1,6,93031,M,"48,9544900","2,3079500",93
202000024133,20,4,14,10:20,1,1,1,1,6,83072,M,"43,4962110","6,4000700",83
202000024134,20,4,18,17:00,1,2,6,1,3,97229,A,"14,6095610"," -61,0971060",972