Num_Acc,an,mois,jour,hrmn,lum,agg,int,atm,col,com,gps,lat,long,dep
202000024135,20,4,18,05:50,3,1,1,1,7,22180,M,"48,4275010"," -2,2280570",22
202000024136,20,4,18,19:50,3,2,1,1,7,97414,R," -21,2921610","55,3980020",974
202000024137,20,4,18,19:00,1,1,1,1,1,30342,M,"44,2063430","4,6724720",30
202000024138,20,4,17,18:20,1,2,3,1,3,59118,M,"50,0463230","3,4688580",59
202000024139,20,4,18,20:20,2,1,1,1,6,71295,M,"46,8081484","5,1423347",71
202000024140,20,4,18,20:45,2,2,1,1,7,22303,M,"48,2822110"," -2,4847130",22
202000024141,20,4,19,02:10,5,2,1,1,6,01367,M,"46,4005328","5,1130485",01
202000024142,20,4,18,19:45,1,1,1,1,6,60082,M,"49,6853559","2,2327264",60
202000024143,20,4,18,19:15,1,1,1,1,7,40228,M,"43,6289850"," -0,8217160",40
202000024144,20,4,18,19:40,1,1,1,1,6,17272,M,"46,0815740"," -0,8170280",17
202000024145,20,4,18,16:38,1,1,1,1,7,57693,M,"49,1255110","6,2384530",57
202000024146,20,3,1,02:30,3,1,9,1,6,34022,M,"43,6532660","3,9914730",34
202000024147,20,4,18,23:20,5,2,1,1,6,33333,M,"44,8757010"," -1,0895870",33
202000024148,20,4,19,12:00,1,2,1,1,6,64496,M,"43,4735180"," -1,4518150",64
202000024149,20,4,18,19:40,1,1,1,1,7,80127,M,"50,0325010","1,5038420",80
202000024150,20,4,18,13:50,1,1,1,1,2,33487,M,"44,9404700"," -0,4666700",33
202000024151,20,4,17,12:10,1,1,1,1,7,91339,M,"48,6284000","2,2572000",91
202000024152,20,4,17,17:30,1,1,1,1,7,94074,M,"48,7633004","2,4655786",94
202000024153,20,4,16,16:30,1,2,1,1,6,91477,M,"48,7171700","2,2398600",91
202000024154,20,4,16,18:35,1,2,1,1,3,91657,M,"48,7065480","2,4217670",91
202000024155,20,4,17,11:00,1,2,1,1,6,83137,M,"43,1249700","5,9323000",83
202000024156,20,4,16,17:25,1,2,2,1,3,78586,M,"48,9443450","2,2020640",78
202000024157,20,4,16,06:05,5,1,1,1,7,76305,M,"49,4556200","0,2355800",76
202000024158,20,4,17,18:09,1,2,1,1,4,72181,M,"47,9794400","0,1970500",72
202000024159,20,4,16,12:00,1,2,1,1,6,45338,M,"47,9842010","2,7108420",45
202000024160,20,4,16,19:10,1,1,1,1,7,32307,M,"43,6191400","0,6148800",32
202000024161,20,4,15,21:40,3,1,1,1,2,29039,M,"47,9190000"," -3,9033100",29
202000024162,20,4,17,16:25,1,2,1,1,7,13043,M,"43,3938923","5,2032226",13
202000024163,20,4,17,16:45,1,2,1,1,-1,13213,M,"43,3400200","5,4168570",13
202000024164,20,4,4,15:00,1,2,1,1,1,12083,M,"44,5270980","2,2697590",12
202000024165,20,4,17,18:20,1,2,1,1,3,06027,M,"43,6608900","7,1623300",06
202000024166,20,4,16,07:50,1,2,1,1,2,75120,M,"48,8608230","2,4138320",75
202000024167,20,4,17,01:35,5,2,3,1,7,75114,M,"48,8415800","2,3272290",75
202000024168,20,4,17,11:50,1,2,1,1,3,94041,M,"48,8130600","2,3962200",94
202000024169,20,4,17,19:45,1,2,2,1,3,93008,M,"48,9082900","2,4551100",93
202000024170,20,3,7,14:40,1,2,1,1,3,93007,M,"48,9424204","2,4650240",93
202000024171,20,4,17,18:40,1,2,1,1,-1,92063,M,"48,8664100","2,2015600",92
202000024172,20,4,17,12:45,1,2,3,1,6,92062,M,"48,8773221","2,2336906",92
202000024173,20,4,9,14:15,1,2,1,1,6,09167,M,"43,2738300","1,3407640",09
202000024174,20,4,17,18:15,1,2,1,1,2,22190,M,"48,5391070"," -2,0481670",22
202000024175,20,4,17,20:30,2,1,3,2,3,62491,M,"50,6040510","2,7535130",62
202000024176,20,4,17,14:50,1,2,1,1,1,79083,M,"46,1108160"," -0,0682700",79
202000024177,20,4,17,22:16,3,1,3,1,7,57385,M,"49,0753140","6,3409890",57
202000024178,20,4,17,04:30,5,2,6,1,6,19123,M,"45,1712710","1,5730140",19
202000024179,20,4,17,21:15,3,1,1,1,7,71213,M,"46,5489991","5,0428180",71
202000024180,20,4,17,07:45,2,1,1,1,6,55494,M,"48,6879480","5,0378752",55
202000024181,20,4,18,15:00,1,1,1,1,6,29146,M,"47,8950530"," -3,8112370",29
202000024182,20,4,17,16:30,1,2,4,1,3,29185,M,"48,6516223"," -4,1859303",29
202000024183,20,4,18,02:30,3,2,6,5,6,29110,M,"48,0693260"," -3,9206550",29
202000024184,20,4,17,22:00,3,1,1,1,6,50391,M,"48,6018250"," -1,0577180",50
202000024185,20,4,17,18:45,1,1,1,1,1,78233,M,"48,8632750","1,9697280",78
202000024186,20,4,17,16:04,1,1,1,1,1,55312,M,"48,9110483","5,5325809",55
202000024187,20,4,8,14:30,1,1,1,1,6,98722,P," -17,5914290"," -149,3821260",987
202000024188,20,4,17,17:45,1,2,1,1,6,38565,M,"45,2949400","5,6277900",38
202000024189,20,4,17,23:40,5,2,9,1,6,44210,M,"47,3002800"," -2,1958800",44
202000024190,20,4,17,19:05,1,1,1,1,6,92062,M,"48,8926795","2,2348100",92
202000024191,20,4,16,12:15,1,2,1,1,6,69383,M,"45,7567500","4,8668600",69
202000024192,20,4,16,20:00,1,2,1,1,6,77186,M,"48,4062180","2,7023229",77
202000024193,20,4,15,16:53,1,2,3,1,3,76575,M,"49,3812200","1,1001400",76
202000024194,20,4,8,02:30,5,2,4,1,6,76351,M,"49,5097200","0,1513800",76
202000024195,20,4,7,16:00,1,2,1,1,3,76351,M,"49,4780200","0,1412100",76
202000024196,20,3,30,22:20,5,2,2,1,3,76351,M,"49,5053500","0,1653700",76
202000024197,20,3,25,10:30,1,2,6,1,3,59636,M,"50,6937750","3,0529710",59
202000024198,20,4,14,23:12,5,2,2,1,6,45004,M,"47,9896800","2,7494040",45
202000024199,20,4,9,16:25,1,2,1,1,6,45068,M,"48,0087600","2,7206700",45
202000024200,20,4,16,17:57,1,2,1,1,7,37261,M,"47,3915374","0,6883221",37
202000024201,20,4,16,16:45,1,2,2,1,3,34172,M,"43,6223800","3,8353300",34
202000024202,20,4,16,22:04,3,1,1,1,6,29232,M,"48,0270700"," -4,0863100",29
202000024203,20,2,16,05:40,5,2,1,2,6,22278,M,"48,5155900"," -2,7636700",22
202000024204,20,4,16,08:15,1,1,3,1,3,05061,M,"44,5487100","6,0669400",05
202000024205,20,4,16,16:46,1,2,2,1,6,75119,M,"48,8953000","2,3720920",75
202000024206,20,4,16,10:40,1,2,2,1,3,75117,M,"48,8976160","2,3241320",75
202000024207,20,4,15,13:15,1,2,3,1,7,75115,M,"48,8480140","2,3017480",75
202000024208,20,4,16,18:20,1,2,3,1,6,75104,M,"48,8552180","2,3611220",75
202000024209,20,4,16,19:10,1,2,1,1,2,94075,M,"48,7153860","2,5372570",94
202000024210,20,4,16,18:45,1,1,1,1,6,47034,M,"44,3931160","0,1113650",47
202000024211,20,4,17,15:30,1,1,1,1,7,83057,M,"43,3812730","6,2100220",83
202000024212,20,4,16,23:45,3,1,1,1,7,33141,M,"44,8305600"," -0,3386900",33
202000024213,20,4,17,10:30,1,2,3,1,-1,71208,M,"46,9135717","5,1583835",71
202000024214,20,4,15,23:00,3,1,1,1,6,61463,M,"48,6056310"," -0,4249100",61
202000024215,20,4,16,20:15,1,1,1,1,6,49183,M,"47,5295900"," -0,8426000",49
202000024216,20,4,16,18:40,1,1,3,1,2,01084,M,"46,1691018","5,0333487",01
202000024217,20,4,17,16:15,1,1,9,1,1,72380,M,"48,2323860","0,1481840",72
202000024218,20,4,15,11:45,1,2,3,1,1,43268,M,"45,1464410","4,1345070",43
202000024219,20,4,16,23:45,3,1,1,1,6,10288,M,"48,0080710","4,4728090",10
202000024220,20,4,16,21:30,3,1,9,1,6,30112,M,"43,9013830","4,1919440",30
202000024221,20,4,16,18:00,1,1,1,1,3,68375,M,"47,7731590","7,2239720",68
202000024222,20,4,14,17:20,1,1,1,1,6,97128,A,"16,2629700"," -61,3809850",971
202000024223,20,4,17,19:30,1,2,1,1,6,62014,M,"50,6465390","2,4119280",62
202000024224,20,4,16,00:00,5,1,1,1,7,13055,M,"43,3301400","5,3985000",13
202000024225,20,4,16,21:40,3,1,1,1,6,91174,M,"48,6194900","2,4592300",91
202000024226,20,4,16,14:10,1,1,1,1,3,91689,M,"48,7415000","2,3215000",91
202000024227,20,4,16,08:30,1,1,1,1,3,77495,M,"48,5805353","2,6378671",77
202000024228,20,1,29,09:25,1,2,3,1,-1,14258,M,"48,8982070"," -0,2001520",14
202000024229,20,1,28,15:35,1,2,1,1,6,76351,M,"49,5156800","0,1211800",76
202000024230,20,4,15,09:20,1,2,1,1,7,98818,C," -22,2748600","166,4481800",988
202000024231,20,4,15,09:05,1,2,9,1,3,69259,M,"45,7028300","4,8864500",69
202000024232,20,4,15,22:05,3,2,6,1,6,69149,M,"45,7229200","4,7803700",69
202000024233,20,4,14,18:50,1,2,3,1,3,79191,M,"46,3176400"," -0,4571100",79
202000024234,20,4,15,22:55,3,1,9,9,6,78551,M,"48,9476500","2,0951600",78
202000024235,20,4,10,13:00,1,2,1,1,6,74012,M,"46,1917000","6,2262200",74
202000024236,20,4,15,19:15,1,2,1,1,3,69256,M,"45,7783935","4,9126115",69
202000024237,20,4,14,10:45,1,2,3,7,3,67482,M,"48,5870600","7,7768800",67
202000024238,20,4,11,19:15,2,2,1,7,6,67043,M,"48,6143680","7,7421690",67
202000024239,20,4,14,10:35,1,2,1,7,6,57463,M,"49,0753000","6,1852000",57
202000024240,20,4,14,13:00,1,2,6,1,7,56098,M,"47,7659300"," -3,3294100",56
202000024241,20,1,20,04:25,4,1,1,1,7,05145,M,"44,6691690","6,2345580",05
202000024242,20,1,19,10:45,1,1,1,9,-1,50182,M,"49,1729060"," -1,4911190",50
202000024243,20,1,20,07:20,3,1,1,1,1,50407,M,"48,6218720"," -1,3139510",50
202000024244,20,1,19,17:15,2,1,1,1,7,90012,M,"47,6532010","6,9496100",90
202000024245,20,1,20,18:00,2,2,6,1,6,60471,M,"49,5783890","3,0047900",60
202000024246,20,1,20,06:45,3,1,1,5,1,60035,M,"49,6540952","2,8779974",60
202000024247,20,1,18,19:25,3,1,1,1,1,07212,M,"45,1263760","4,4167670",07
202000024248,20,1,13,16:50,1,2,1,1,3,21210,M,"47,2516916","4,5737403",21
202000024249,20,1,19,16:45,2,1,1,7,6,40172,M,"43,5862970"," -0,5027850",40
202000024250,20,1,20,17:40,2,1,1,1,6,24188,M,"45,1301670","1,0041250",24
202000024251,20,1,14,07:40,3,1,1,2,4,17188,M,"45,8714560"," -0,2757660",17
202000024252,20,1,17,05:45,3,1,1,2,6,17026,M,"45,8668070"," -0,4461280",17
202000024253,20,1,20,07:50,2,1,3,1,1,48018,M,"44,5013160","3,4055230",48
202000024254,20,1,17,20:00,3,1,1,1,6,60139,M,"49,1733010","2,2311290",60
202000024255,20,1,18,05:45,3,1,1,1,2,35189,M,"48,1555890"," -1,7028120",35
202000024256,20,1,20,11:40,1,1,1,1,4,89197,M,"47,5034360","4,0297180",89
202000024257,20,1,16,18:55,3,1,1,1,2,64300,M,"43,4247470"," -0,6153160",64
202000024258,20,1,19,18:10,3,1,1,1,3,69019,M,"46,0869850","4,7430160",69
202000024259,20,1,18,17:20,1,2,1,2,3,98725,P," -17,5625910"," -149,4760510",987
202000024260,20,1,19,03:55,3,2,1,1,6,97419,R," -21,1532620","55,8216240",974
202000024261,20,1,19,06:00,1,1,1,2,6,97129,A,"16,3040220"," -61,7027810",971
202000024262,20,1,20,19:15,5,2,1,1,6,29233,M,"47,8706520"," -3,5527660",29
202000024263,20,1,19,17:20,1,1,1,1,6,29230,M,"47,9667290"," -3,4951850",29
202000024264,20,1,15,16:55,1,2,1,1,7,66180,M,"42,7741800","2,9935010",66
202000024265,20,1,20,07:20,2,1,1,1,6,71588,M,"46,4549274","4,0592686",71
202000024266,20,1,19,06:50,3,1,1,5,6,55509,M,"49,5786180","5,3394120",55
202000024267,20,1,20,07:55,2,2,1,1,6,57206,M,"49,3060720","6,1113810",57
202000024268,20,1,20,08:35,1,1,1,1,4,03243,M,"46,3201911","3,0255824",03
202000024269,20,1,20,09:00,1,1,1,1,1,63092,M,"45,9080850","2,9838360",63
202000024270,20,1,19,09:25,1,1,1,1,6,73243,M,"45,5916684","6,0210526",73
202000024271,20,1,20,13:00,1,2,6,1,6,38565,M,"45,2957300","5,6284800",38
202000024272,20,1,19,10:45,1,1,1,1,1,09259,M,"43,1196650","1,7403720",09
202000024273,20,1,18,10:35,1,1,1,1,1,17204,M,"45,3677420"," -0,3230250",17
202000024274,20,1,18,14:15,1,2,6,1,3,72154,M,"47,6935470"," -0,0650730",72
202000024275,20,1,19,14:18,1,1,3,1,6,22161,M,"48,5701360"," -3,1511590",22
202000024276,20,1,20,07:45,2,1,1,8,3,27448,M,"49,0115500","1,3390910",27
202000024277,20,1,17,18:20,5,1,1,2,4,13215,M,"43,3678600","5,3609100",13
202000024278,20,1,19,13:00,1,1,9,1,2,13005,M,"43,2892700","5,5505800",13
202000024279,20,1,18,18:20,1,2,1,1,2,13055,M,"43,3312652","5,3871471",13
202000024280,20,1,19,05:50,3,1,1,1,2,13026,M,"43,3810100","5,1588900",13
202000024281,20,1,19,06:28,3,1,1,1,2,13216,M,"43,3609700","5,3427000",13
202000024282,20,1,18,08:00,2,1,1,1,2,13117,M,"43,4274300","5,2624300",13
202000024283,20,1,17,18:30,3,2,1,1,4,13203,M,"43,3150226","5,3769439",13
202000024284,20,1,18,16:38,1,1,1,1,7,13106,M,"43,4019712","5,3471020",13
202000024285,20,1,13,20:00,5,1,1,1,4,69029,M,"45,7338000","4,9005000",69
202000024286,20,1,19,03:42,3,2,1,1,1,91064,M,"48,7540100","2,2153700",91
202000024287,20,1,18,22:35,3,1,1,1,2,78029,M,"48,9645230","1,8457690",78
202000024288,20,1,18,04:09,3,1,1,1,2,78140,M,"48,9593000","1,9327000",78
202000024289,20,1,19,18:15,3,1,1,1,3,94017,M,"48,8295389","2,4980603",94
202000024290,20,1,18,22:30,5,1,3,1,3,97416,R," -21,3241300","55,4867400",974
202000024291,20,1,18,16:15,1,2,1,1,6,97411,R," -20,9013100","55,4921200",974
202000024292,20,1,17,18:30,1,2,9,1,3,97409,R," -20,9421000","55,6478000",974
202000024293,20,1,17,09:25,1,2,4,1,3,97302,G,"4,9419304"," -52,3271298",973
202000024294,20,1,18,09:30,1,2,1,1,3,69259,M,"45,6984011","4,8844909",69
202000024295,20,1,19,00:19,5,2,1,1,3,2B033,M,"42,4102000","9,2616000",2B
202000024296,20,1,18,02:55,5,2,6,1,6,2B120,M,"42,4025000","9,2649000",2B
202000024297,20,1,17,20:54,3,1,1,2,3,97113,A,"16,2224336"," -61,5056276",971
202000024298,20,1,17,23:25,4,2,3,1,6,91377,M,"48,7235100","2,3029200",91
202000024299,20,1,18,13:20,1,2,1,1,6,91223,M,"48,4268600","2,1417500",91
202000024300,20,1,18,21:00,5,2,3,1,3,78146,M,"48,8884170","2,1623700",78
202000024301,20,1,19,00:55,5,2,1,1,6,76217,M,"49,9168900","1,0705600",76
202000024302,20,1,18,08:30,1,1,1,1,6,69271,M,"45,7519000","4,9830000",69
202000024303,20,1,18,13:28,1,2,9,1,3,69091,M,"45,5915000","4,7703000",69
202000024304,20,1,17,12:40,1,2,1,3,3,64102,M,"43,5115700"," -1,4348300",64
202000024305,20,1,17,15:50,1,1,1,1,3,59295,M,"50,7214142","2,5660345",59
202000024306,20,1,18,12:45,1,2,1,1,2,54395,M,"48,6927770","6,1787220",54
202000024307,20,1,17,14:30,1,1,1,1,5,53201,M,"48,0715700"," -0,8910100",53
202000024308,20,1,17,10:00,1,2,1,2,3,51454,M,"49,2537498","4,0408831",51
202000024309,20,1,17,17:00,2,1,9,1,3,45004,M,"48,0004180","2,7804060",45
202000024310,20,1,17,17:56,5,2,3,2,3,38544,M,"45,5396900","4,8613500",38
202000024311,20,1,18,15:10,1,2,1,1,5,37233,M,"47,3842653","0,7106448",37
202000024312,20,1,12,22:30,5,2,2,2,6,35238,M,"48,1126580"," -1,6847090",35
202000024313,20,1,18,18:00,5,2,1,1,1,35238,M,"48,1065800"," -1,6508800",35
202000024314,20,1,13,17:40,5,2,1,1,6,25031,M,"47,4795300","6,8476900",25
202000024315,20,1,18,10:10,1,2,3,1,6,18033,M,"47,0782270","2,3882540",18
202000024316,20,1,18,16:10,1,2,2,1,3,15014,M,"44,9124900","2,4349400",15
202000024317,20,1,18,21:55,5,2,1,1,3,13206,M,"43,2830000","5,3902000",13
202000024318,20,1,18,18:00,2,2,1,1,6,13212,M,"43,3038400","5,4729300",13
202000024319,20,1,18,15:45,1,2,1,1,3,13203,M,"43,3175350","5,3812250",13
202000024320,20,1,18,14:30,1,2,3,1,3,13211,M,"43,2891320","5,4278090",13
202000024321,20,1,18,12:30,1,2,1,1,6,13215,M,"43,3730000","5,3511000",13
202000024322,20,1,18,06:30,5,2,1,1,6,13211,M,"43,2836860","5,4346700",13
202000024323,20,1,18,02:25,5,2,2,1,3,13206,M,"43,2852170","5,3908600",13
202000024324,20,1,17,21:40,5,1,1,1,1,12202,M,"44,3514600","2,5542600",12
202000024325,20,1,15,18:25,5,2,1,1,4,12145,M,"44,1047400","3,0755700",12
202000024326,20,1,18,18:34,5,2,1,1,6,10387,M,"48,2936000","4,0835000",10
202000024327,20,1,18,20:30,5,2,1,8,7,09122,M,"42,9643820","1,5986420",09
202000024328,20,1,18,07:25,5,2,1,1,3,06069,M,"43,6408500","6,9116800",06
202000024329,20,1,18,02:00,5,2,4,1,6,01053,M,"46,2149090","5,2274750",01
202000024330,20,1,18,08:15,1,2,4,1,3,75119,M,"48,8858206","2,3976012",75
202000024331,20,1,17,18:55,3,2,1,2,3,75120,M,"48,8739650","2,4112290",75
202000024332,20,1,17,08:20,2,2,1,1,2,75117,M,"48,8979210","2,3134410",75
202000024333,20,1,18,15:10,1,2,1,1,5,75103,M,"48,8686729","2,3574901",75
202000024334,20,1,18,19:45,5,2,2,1,6,75106,M,"48,8520935","2,3403110",75
202000024335,20,1,18,19:30,5,2,3,1,3,75120,M,"48,8695724","2,3799790",75
202000024336,20,1,18,00:30,5,2,2,1,3,75120,M,"48,8671073","2,3832808",75
202000024337,20,1,18,20:40,5,2,1,1,6,75119,M,"48,8725530","2,3765350",75
202000024338,20,1,18,10:00,1,2,1,1,3,75119,M,"48,8836750","2,3896320",75
202000024339,20,1,18,02:40,5,2,7,1,6,75119,M,"48,8830495","2,3696310",75
202000024340,20,1,17,05:55,5,2,2,2,6,75119,M,"48,8819960","2,4024980",75
202000024341,20,1,18,18:30,5,2,2,1,6,75117,M,"48,8891101","2,3227340",75
202000024342,20,1,15,21:30,5,2,1,1,3,75117,M,"48,8894053","2,2928843",75
202000024343,20,1,18,20:00,5,2,2,1,6,75115,M,"48,8372293","2,2964315",75
202000024344,20,1,18,19:10,3,2,4,1,3,75113,M,"48,8263383","2,3465564",75
202000024345,20,1,18,15:35,1,2,1,1,3,75112,M,"48,8324120","2,4204290",75
202000024346,20,1,18,14:30,1,2,2,1,3,75111,M,"48,8629138","2,3715180",75
202000024347,20,1,17,18:30,5,2,2,1,6,75109,M,"48,8716900","2,3418900",75
202000024348,20,1,18,20:00,5,2,7,1,3,75108,M,"48,8658780","2,3220300",75
202000024349,20,1,18,14:15,1,2,2,1,3,75108,M,"48,8728237","2,3107568",75
202000024350,20,1,18,01:50,5,2,2,1,6,75104,M,"48,8508303","2,3614319",75
202000024351,20,1,17,13:15,1,2,2,1,6,75102,M,"48,8693237","2,3542529",75
202000024352,20,1,18,13:20,1,2,1,1,2,94078,M,"48,7359219","2,4466952",94
202000024353,20,1,18,04:15,5,2,1,1,7,94068,M,"48,8040000","2,4715000",94
202000024354,20,1,18,15:30,1,2,9,1,3,94028,M,"48,7978134","2,4559762",94
202000024355,20,1,18,14:40,1,2,9,1,2,94011,M,"48,7685000","2,4884000",94
202000024356,20,1,18,10:30,1,2,1,1,6,94011,M,"48,7690200","2,4819300",94
202000024357,20,1,18,14:30,1,1,9,1,3,93078,M,"48,9703000","2,5263300",93
202000024358,20,1,18,14:35,1,1,9,1,2,93073,M,"48,9794800","2,5259600",93
202000024359,20,1,18,16:04,1,2,1,1,5,93039,M,"48,9198570","2,3269920",93
202000024360,20,1,17,17:25,5,2,1,8,1,93066,M,"48,9143800","2,3471800",93
202000024361,20,1,17,22:45,5,2,2,1,3,93077,M,"48,8871600","2,5167700",93
202000024362,20,1,18,15:24,1,2,1,1,2,93050,M,"48,8651000","2,5347700",93
202000024363,20,1,18,14:40,1,2,9,1,3,93031,M,"48,9519005","2,3381851",93
202000024364,20,1,18,13:45,1,2,3,1,5,92062,M,"48,8798149","2,2399659",92
202000024365,20,1,16,08:15,2,2,6,1,3,92050,M,"48,8872230","2,2006670",92
202000024366,20,1,18,09:30,1,2,1,1,2,92012,M,"48,8331478","2,2456634",92
202000024367,20,1,19,17:00,1,1,2,1,3,60242,M,"49,5913890","1,9391780",60
202000024368,20,1,17,18:30,3,2,1,6,6,62067,M,"50,6291960","2,1376620",62
202000024369,20,1,18,16:52,1,1,1,1,3,49017,M,"47,6416800"," -0,3468830",49
202000024370,20,1,19,00:55,3,1,1,1,7,35124,M,"47,7206870"," -1,7098840",35
202000024371,20,1,18,22:00,3,1,1,1,2,22193,M,"48,4198240"," -2,4463250",22
202000024372,20,1,18,12:35,1,2,1,7,6,95652,M,"49,1270060","2,3702600",95
202000024373,20,1,19,16:20,1,1,1,1,7,56006,M,"47,8996630"," -2,2708070",56
202000024374,20,1,18,18:00,5,2,1,2,1,76034,M,"49,7185450","1,0998940",76
202000024375,20,1,18,20:00,5,2,1,1,6,82112,M,"44,1053680","1,0939150",82
202000024376,20,1,18,21:15,3,1,3,1,7,11410,M,"43,2474670","2,3973340",11
202000024377,20,1,16,14:50,1,1,2,1,3,15250,M,"45,3570420","2,5080340",15
202000024378,20,1,17,20:00,5,2,1,1,6,01452,M,"45,8454240","5,6471690",01
202000024379,20,1,19,03:00,3,1,1,1,6,26166,M,"44,7556170","4,7822930",26
202000024380,20,1,18,20:00,3,1,1,1,1,72382,M,"47,9266790","0,4534440",72
202000024381,20,1,19,07:52,2,2,1,9,6,60245,M,"49,6556040","1,7234310",60
202000024382,20,1,5,15:35,1,1,3,1,1,64317,M,"43,3665690"," -1,4247620",64
202000024383,20,1,19,06:20,3,1,1,1,6,10420,M,"48,5966510","3,5599290",10
202000024384,20,1,19,10:50,1,1,1,1,5,36200,M,"46,6188730","1,5264600",36
202000024385,20,1,18,20:30,3,1,1,1,6,36168,M,"46,5330880","1,2490970",36
202000024386,20,1,17,17:05,2,1,1,4,6,16178,M,"45,5100577"," -0,2190540",16
202000024387,20,1,19,16:00,1,1,1,1,1,07096,M,"44,8599400","4,5622440",07
202000024388,20,1,18,17:35,2,1,3,1,3,37038,M,"47,2825613","0,3320201",37
202000024389,20,1,19,12:50,1,2,3,1,3,06085,M,"43,5997650","7,0031510",06
202000024390,20,1,19,10:00,1,1,1,1,3,49020,M,"47,4941580"," -0,6227890",49
202000024391,20,1,19,00:15,3,1,1,1,7,98807,C," -20,7311910","164,9042540",988
202000024392,20,1,18,20:05,3,1,1,1,7,78030,M,"48,6734080","1,8950770",78
202000024393,20,1,17,17:40,3,1,1,4,7,05052,M,"44,6760797","6,6405008",05
202000024394,20,1,18,23:06,3,1,1,1,6,26002,M,"45,2386640","4,8456690",26
202000024395,20,1,19,05:59,3,1,1,9,7,08110,M,"49,8635610","4,5101560",08
202000024396,20,1,19,03:50,3,1,1,1,6,69246,M,"45,9485201","4,5990541",69
202000024397,20,1,19,05:45,5,2,1,1,6,69003,M,"45,8760825","4,8353536",69
202000024398,20,1,18,18:40,5,2,1,1,1,69089,M,"45,7313000","4,7414000",69
202000024399,20,1,18,15:45,1,2,1,1,2,81099,M,"43,8993598","1,8872959",81
202000024400,20,1,18,19:35,5,2,1,1,2,81105,M,"43,7601070","1,9936740",81
202000024401,20,1,18,12:00,1,2,3,1,6,33243,M,"44,9126570"," -0,2475540",33
202000024402,20,1,18,17:45,1,1,1,1,1,50643,M,"49,5777830"," -1,7081640",50
202000024403,20,1,19,07:50,2,2,2,1,6,59044,M,"50,6185130","3,2334650",59
202000024404,20,1,18,15:18,1,1,1,1,2,13026,M,"43,4026854","5,1142161",13
202000024405,20,1,18,07:30,3,1,1,1,1,54528,M,"48,6815500","5,9134800",54
202000024406,20,1,18,11:15,1,1,1,1,7,91617,M,"48,6394000","2,5350000",91
202000024407,20,1,18,19:15,3,1,1,1,3,93053,M,"48,8834200","2,4585500",93
202000024408,20,1,18,17:00,1,1,1,1,5,93066,M,"48,9292400","2,3616900",93
202000024409,20,1,17,21:25,3,1,1,1,6,95241,M,"49,0457500","2,4510200",95
202000024410,20,1,17,09:20,1,1,1,2,2,93064,M,"48,8758300","2,4784200",93
202000024411,20,1,17,12:20,1,1,1,1,2,93078,M,"48,9616500","2,5451500",93
202000024412,20,1,17,09:13,2,1,1,2,2,94028,M,"48,7941122","2,4417939",94
202000024413,20,1,16,18:00,1,2,1,1,3,98818,C," -22,2470200","166,4611400",988
202000024414,20,1,17,21:00,5,2,7,1,6,69383,M,"45,7531000","4,8548000",69
202000024415,20,1,17,17:45,2,2,2,2,6,69383,M,"45,7612800","4,8665600",69
202000024416,20,1,17,10:10,1,2,1,2,6,69383,M,"45,7545523","4,8815269",69
202000024417,20,1,17,21:00,5,2,2,1,3,69149,M,"45,7181600","4,8033000",69
202000024418,20,1,11,12:40,1,2,8,1,3,69382,M,"45,7426300","4,8207600",69
202000024419,20,1,17,05:04,5,2,9,1,3,69382,M,"45,7648700","4,8342900",69
202000024420,20,1,17,19:00,3,2,6,2,2,95019,M,"48,9859300","2,4109700",95
202000024421,20,1,17,15:15,1,1,1,1,1,95277,M,"48,9710000","2,4632700",95
202000024422,20,1,17,21:20,5,2,6,1,3,91421,M,"48,7030700","2,4399800",91
202000024423,20,1,16,18:00,5,2,9,1,1,90032,M,"47,6249252","6,8607414",90
202000024424,20,1,17,07:45,5,2,1,1,6,87085,M,"45,8248200","1,2291000",87
202000024425,20,1,16,08:10,5,2,1,1,6,86194,M,"46,5877000","0,3304000",86
202000024426,20,1,16,14:15,1,2,9,1,3,83069,M,"43,1055500","6,1758800",83
202000024427,20,7,9,15:15,1,2,1,1,3,34172,M,"43,6200600","3,8520300",34
202000024428,20,7,9,02:50,5,2,1,1,6,34172,M,"43,6004200","3,8708800",34
202000024429,20,7,8,18:00,1,2,3,1,4,33281,M,"44,8625600"," -0,6477400",33
202000024430,20,7,9,18:00,1,2,3,1,3,33119,M,"44,8461300"," -0,5350700",33
202000024431,20,7,8,00:25,5,1,1,1,2,33063,M,"44,8479400"," -0,5705600",33
202000024432,20,7,9,11:25,1,1,1,1,3,33529,M,"44,6334500"," -1,1758400",33
202000024433,20,7,9,11:30,1,2,1,1,1,33529,M,"44,6391100"," -1,1543900",33
202000024434,20,7,8,21:45,5,2,1,1,6,31555,M,"43,5718564","1,4028858",31
202000024435,20,7,7,13:30,1,2,2,1,3,22278,M,"48,5016200"," -2,7693200",22
202000024436,20,7,8,22:20,2,2,2,1,3,18033,M,"47,0974000","2,4134000",18
202000024437,20,7,9,13:30,1,2,1,1,6,13206,M,"43,2901100","5,3748300",13
202000024438,20,7,9,08:00,1,2,2,1,-1,13203,M,"43,3190810","5,3676450",13
202000024439,20,7,9,08:41,1,2,1,1,6,13208,M,"43,2500000","5,3894000",13
202000024440,20,7,9,07:45,1,2,4,1,2,13207,M,"43,2904500","5,3702900",13