Num_Acc,an,mois,jour,hrmn,lum,agg,int,atm,col,com,gps,lat,long,dep
202000024441,20,7,9,02:15,5,2,1,1,6,13208,M,"43,2515000","5,3758000",13
202000024442,20,7,9,00:00,5,2,1,1,2,13207,M,"43,2689300","5,3696600",13
202000024443,20,7,8,16:20,1,2,2,1,3,13203,M,"43,3103055","5,3853916",13
202000024444,20,7,8,06:55,1,2,1,7,3,10387,M,"48,3070000","4,0805000",10
202000024445,20,7,9,11:25,1,2,1,1,6,06027,M,"43,6492000","7,1404900",06
202000024446,20,7,9,09:20,1,2,2,1,6,06027,M,"43,6594570","7,1508170",06
202000024447,20,7,8,09:00,1,2,1,1,6,02243,M,"49,4018400","3,3512100",02
202000024448,20,7,9,09:55,1,2,4,1,2,75120,M,"48,8752980","2,4103630",75
202000024449,20,7,8,01:00,5,2,4,1,3,75113,M,"48,8166200","2,3644640",75
202000024450,20,7,9,12:04,1,2,3,1,6,75107,M,"48,8477390","2,3191060",75
202000024451,20,7,9,11:47,1,2,2,1,6,75106,M,"48,8485360","2,3246010",75
202000024452,20,7,9,10:25,1,2,3,1,6,75120,M,"48,8686670","2,3896490",75
202000024453,20,7,9,16:15,1,2,1,1,7,75119,M,"48,8800830","2,3909560",75
202000024454,20,7,9,21:30,2,2,3,1,3,75118,M,"48,8904030","2,3558270",75
202000024455,20,7,9,21:15,1,2,2,1,-1,75117,M,"48,8840090","2,3185130",75
202000024456,20,7,9,17:10,1,2,2,1,3,75116,M,"48,8731620","2,2844530",75
202000024457,20,7,8,18:20,1,2,2,1,3,75116,M,"48,8585640","2,2448830",75
202000024458,20,7,9,14:25,1,2,1,1,1,75115,M,"48,8488850","2,2962150",75
202000024459,20,7,9,22:50,5,2,3,1,3,75114,M,"48,8375610","2,3223930",75
202000024460,20,7,9,16:15,1,2,2,1,3,75114,M,"48,8288870","2,3300630",75
202000024461,20,7,9,12:00,1,2,1,1,2,75114,M,"48,8206330","2,3377830",75
202000024462,20,7,8,23:13,3,2,1,1,3,75113,M,"48,8348810","2,3430700",75
202000024463,20,7,9,13:57,1,2,2,1,3,75112,M,"48,8464450","2,3789470",75
202000024464,20,7,9,07:22,1,2,2,7,3,75111,M,"48,8546850","2,3853300",75
202000024465,20,7,9,17:45,1,2,3,1,6,75110,M,"48,8837830","2,3643170",75
202000024466,20,7,9,14:24,1,2,1,1,3,75110,M,"48,8767060","2,3703050",75
202000024467,20,7,9,10:15,1,2,1,1,3,75110,M,"48,8792070","2,3700960",75
202000024468,20,7,8,16:10,1,2,2,1,3,75109,M,"48,8819350","2,3396360",75
202000024469,20,7,9,22:25,2,2,1,1,3,75108,M,"48,8733170","2,3095350",75
202000024470,20,7,8,09:10,1,2,3,1,3,75107,M,"48,8611530","2,3206710",75
202000024471,20,7,9,16:55,1,2,1,1,2,94076,M,"48,7888500","2,3684800",94
202000024472,20,7,8,07:45,1,2,2,1,3,94076,M,"48,8057090","2,3637030",94
202000024473,20,7,9,21:25,1,2,1,1,6,94034,M,"48,7591000","2,3247000",94
202000024474,20,7,9,05:15,3,2,1,1,7,94028,M,"48,7736000","2,4367000",94
202000024475,20,7,8,02:10,5,2,3,1,3,94054,M,"48,7463219","2,3774618",94
202000024476,20,7,9,18:00,1,2,3,1,3,94017,M,"48,8121900","2,5340200",94
202000024477,20,7,9,00:55,5,2,1,1,2,94017,M,"48,8249190","2,5008910",94
202000024478,20,7,8,11:00,1,2,2,1,3,94002,M,"48,7977545","2,4258548",94
202000024479,20,7,9,00:43,5,2,9,1,1,93066,M,"48,9166100","2,3573200",93
202000024480,20,7,7,09:00,1,2,1,1,2,93005,M,"48,9427607","2,4968185",93
202000024481,20,7,9,20:55,1,2,1,1,1,93070,M,"48,9040728","2,3290492",93
202000024482,20,7,9,21:19,1,2,9,1,-1,93077,M,"48,8832344","2,4973023",93
202000024483,20,7,9,07:20,1,2,2,1,3,93050,M,"48,8652949","2,5294320",93
202000024484,20,7,9,14:38,1,2,5,1,3,93014,M,"48,9082940","2,5331970",93
202000024485,20,7,3,22:30,5,2,1,1,6,93008,M,"48,9015721","2,4577029",93
202000024486,20,7,9,12:00,1,2,1,1,3,93001,M,"48,9045282","2,3723623",93
202000024487,20,7,9,19:00,1,2,1,1,6,92046,M,"48,8192100","2,3007800",92
202000024488,20,7,9,08:30,1,2,3,1,3,92033,M,"48,8464286","2,1893233",92
202000024489,20,3,3,16:40,1,2,1,1,3,92044,M,"48,9003817","2,2847378",92
202000024490,20,7,8,07:30,1,2,2,1,6,92036,M,"48,9368050","2,3040500",92
202000024491,20,7,8,23:30,5,2,3,1,3,92026,M,"48,9007000","2,2751400",92
202000024492,20,6,29,15:24,1,2,1,1,3,92012,M,"48,8418290","2,2379730",92
202000024493,20,3,7,02:30,5,2,1,2,7,92004,M,"48,9138200","2,2835600",92
202000024494,20,7,8,19:35,1,1,1,1,7,35328,M,"47,7679640"," -2,1063420",35
202000024495,20,7,9,19:20,1,1,1,1,3,26031,M,"44,5477110","4,8468800",26
202000024496,20,7,8,20:17,2,1,1,1,6,67371,M,"48,8452310","7,3177960",67
202000024497,20,7,8,05:00,2,2,1,1,3,06149,M,"43,7476800","7,3330790",06
202000024498,20,7,10,17:30,1,2,1,1,6,43080,M,"45,3312030","3,8461970",43
202000024499,20,7,7,18:00,1,1,1,1,7,84116,M,"44,2621320","5,1004300",84
202000024500,20,7,10,00:30,3,1,1,1,6,81139,M,"43,7132470","2,1167240",81
202000024501,20,7,6,16:00,1,1,1,1,7,67430,M,"48,3304393","7,3737456",67
202000024502,20,7,9,09:15,1,2,9,1,6,97232,A,"14,5441190"," -60,8437070",972
202000024503,20,7,9,23:20,3,1,1,1,6,46263,M,"44,3598950","1,2424410",46
202000024504,20,7,9,19:10,1,1,6,1,3,01354,M,"46,2393130","6,0348320",01
202000024505,20,7,10,18:30,1,2,1,1,6,59579,M,"50,9518070","2,3708310",59
202000024506,20,7,10,03:45,5,1,1,2,3,62817,M,"50,2868560","2,8096940",62
202000024507,20,7,9,18:05,1,2,3,1,1,89461,M,"48,2367870","3,5524360",89
202000024508,20,7,9,18:30,1,2,6,1,3,56185,M,"47,7895670"," -3,4213130",56
202000024509,20,7,9,15:00,1,1,1,1,6,79179,M,"46,7034140"," -0,6001500",79
202000024510,20,7,9,21:05,1,1,2,1,3,79249,M,"46,3644180"," -0,4088760",79
202000024511,20,7,10,13:30,1,2,1,1,3,2B305,M,"42,7262320","9,4577750",2B
202000024512,20,7,9,09:50,1,2,3,1,3,81130,M,"43,5804165","2,2767451",81
202000024513,20,7,8,19:20,1,2,2,1,3,71292,M,"46,8102531","4,7406092",71
202000024514,20,7,9,18:30,1,2,1,1,1,89464,M,"48,0825870","3,2915210",89
202000024515,20,7,9,22:00,3,1,1,1,7,61206,M,"48,5911600","0,7171740",61
202000024516,20,7,9,12:50,1,1,1,1,6,49050,M,"47,3893720"," -0,4241110",49
202000024517,20,7,8,15:00,1,1,1,1,2,46021,M,"44,5701860","1,9139170",46
202000024518,20,7,8,09:40,1,1,1,1,7,46133,M,"44,6880000","1,9110420",46
202000024519,20,7,6,08:45,1,2,1,1,6,68286,M,"47,6395360","7,5346260",68
202000024520,20,7,9,22:00,3,1,1,1,6,02477,M,"49,3809900","3,2823370",02
202000024521,20,7,10,17:15,1,2,1,1,5,70421,M,"47,6811870","6,0358290",70
202000024522,20,7,9,16:00,1,1,1,1,1,26124,M,"44,8457070","4,8556140",26
202000024523,20,7,10,19:05,1,1,1,1,1,54073,M,"48,6498660","5,8924480",54
202000024524,20,7,10,11:45,1,2,9,1,6,64279,M,"43,3504860"," -1,4157910",64
202000024525,20,6,20,11:15,1,1,1,1,2,16406,M,"45,7005050","0,4134920",16
202000024526,20,7,8,19:35,1,1,1,1,6,53127,M,"48,4291010"," -0,4659000",53
202000024527,20,7,10,08:30,1,2,2,8,3,53107,M,"48,4100000"," -0,8201980",53
202000024528,20,7,9,19:00,1,1,1,1,6,21389,M,"47,6172290","4,3754770",21
202000024529,20,7,9,14:48,1,1,1,1,7,85234,M,"46,8105060"," -2,0501140",85
202000024530,20,7,10,19:00,1,1,2,1,3,85213,M,"46,6349700"," -1,3537220",85
202000024531,20,7,9,14:45,1,1,1,1,7,48111,M,"44,5376630","3,5831310",48
202000024532,20,7,10,15:15,1,2,3,1,3,88372,M,"48,4035800","6,8378820",88
202000024533,20,6,11,08:25,1,1,1,8,2,49022,M,"47,3135370"," -0,6069520",49
202000024534,20,7,9,16:10,1,1,1,1,7,24370,M,"44,8475020","0,1315780",24
202000024535,20,6,29,11:15,1,1,1,1,6,33284,M,"44,6714360"," -0,8073980",33
202000024536,20,6,26,18:30,1,1,1,1,3,76457,M,"49,3390150","0,9632460",76
202000024537,20,7,8,08:00,1,1,1,1,2,78349,M,"48,5794460","2,0115280",78
202000024538,20,7,8,18:30,3,1,1,1,5,98819,C," -20,3952500","164,4122900",988
202000024539,20,7,9,15:00,1,2,1,1,6,95641,M,"49,0649950","2,5704570",95
202000024540,20,7,9,16:45,1,1,1,1,3,95271,M,"49,0987330","2,0461290",95
202000024541,20,7,10,11:50,1,2,1,1,3,2B169,M,"42,4663160","9,2084740",2B
202000024542,20,7,10,07:55,1,1,1,1,3,34299,M,"43,2813410","3,2903890",34
202000024543,20,7,10,18:45,1,1,1,1,3,34145,M,"43,6988450","4,1287990",34
202000024544,20,7,10,16:45,1,1,2,1,3,34294,M,"43,7083110","4,1174220",34
202000024545,20,7,10,16:17,1,1,9,1,7,05014,M,"44,2655010","5,7642600",05
202000024546,20,7,10,05:45,2,1,1,1,6,71176,M,"46,4699580","4,0100630",71
202000024547,20,7,10,12:50,1,2,1,1,3,55170,M,"49,3626130","5,3463400",55
202000024548,20,7,9,18:45,1,1,1,1,6,55569,M,"48,8935660","5,1007140",55
202000024549,20,7,10,19:40,1,2,4,1,6,54150,M,"48,7919449","6,1428541",54
202000024550,20,7,10,14:20,1,1,1,1,1,38557,M,"45,7712700","5,1258800",38
202000024551,20,7,9,09:46,1,1,2,1,3,38067,M,"45,7050700","5,1713630",38
202000024552,20,7,8,19:10,1,1,1,7,6,07200,M,"44,7177090","4,1645910",07
202000024553,20,7,9,09:00,1,2,1,1,-1,69121,M,"45,8512257","4,6848877",69
202000024554,20,7,6,18:15,1,2,1,1,6,69136,M,"45,6189720","4,7639360",69
202000024555,20,7,8,10:40,1,1,1,1,6,27016,M,"49,2235540","1,4446810",27
202000024556,20,7,9,19:30,1,2,2,1,6,76276,M,"49,6128740","1,5456900",76
202000024557,20,7,9,22:20,3,1,1,1,6,59400,M,"50,6282084","2,6416612",59
202000024558,20,7,8,09:55,1,1,1,2,1,59256,M,"50,5752690","3,1181590",59
202000024559,20,7,8,06:40,1,1,1,1,4,69204,M,"45,6833900","4,8029200",69
202000024560,20,7,8,13:00,1,1,1,1,4,33192,M,"44,7852100"," -0,5927500",33
202000024561,20,7,9,18:09,1,1,1,1,2,94021,M,"48,7658519","2,3431751",94
202000024562,20,7,9,17:20,1,1,1,1,2,91689,M,"48,7295800","2,3145800",91
202000024563,20,7,8,09:30,1,1,1,1,2,91689,M,"48,7424000","2,3218000",91
202000024564,20,7,9,08:45,1,1,9,1,3,92050,M,"48,9065056","2,2108738",92
202000024565,20,7,8,12:05,1,1,1,1,6,78431,M,"48,9403090","1,9543360",78
202000024566,20,7,8,04:00,3,1,1,1,2,78090,M,"48,9702340","1,9081920",78
202000024567,20,7,9,18:00,1,1,1,1,4,93005,M,"48,9473100","2,4758300",93
202000024568,20,7,9,18:30,1,1,1,1,2,93078,M,"48,9643600","2,5533500",93
202000024569,20,7,9,15:45,1,1,1,1,3,93078,M,"48,9612600","2,5438800",93
202000024570,20,7,9,09:30,1,1,1,1,3,92036,M,"48,9453100","2,2842700",92
202000024571,20,7,9,10:25,1,1,1,1,5,93027,M,"48,9362800","2,4059200",93
202000024572,20,7,9,03:00,3,1,1,1,2,95572,M,"49,0322008","2,1129791",95
202000024573,20,7,8,21:00,1,1,1,1,7,95607,M,"49,0244311","2,2088279",95
202000024574,20,7,8,18:45,1,1,1,1,4,93053,M,"48,8979600","2,4693700",93
202000024575,20,7,8,19:05,1,1,1,1,5,93053,M,"48,8942200","2,4719600",93
202000024576,20,7,8,17:15,1,1,1,2,2,93007,M,"48,9435800","2,4360300",93
202000024577,20,7,9,10:35,1,1,1,1,2,94017,M,"48,8267112","2,5225883",94
202000024578,20,7,9,08:05,1,1,1,1,2,77237,M,"48,8320034","2,7753890",77
202000024579,20,7,8,17:05,1,1,1,1,4,94079,M,"48,8346000","2,5374000",94
202000024580,20,7,4,13:10,1,1,9,1,6,97407,R," -20,9570000","55,3120000",974
202000024581,20,7,8,18:30,1,2,2,1,6,69259,M,"45,7267200","4,8625200",69
202000024582,20,7,8,15:10,1,2,1,1,2,69199,M,"45,7059000","4,8553000",69
202000024583,20,7,8,10:00,1,2,1,1,2,69276,M,"45,6804550","4,8612156",69
202000024584,20,7,7,12:50,1,2,2,1,5,69387,M,"45,7519300","4,8368800",69
202000024585,20,7,8,05:15,3,1,1,2,6,97213,A,"14,6353271"," -60,9917164",972
202000024586,20,7,8,14:10,1,2,3,1,3,97209,A,"14,6105900"," -61,0700600",972
202000024587,20,7,7,23:40,5,2,6,1,7,97209,A,"14,6126600"," -61,0532400",972
202000024588,20,7,8,18:30,1,2,1,1,6,69142,M,"45,7260300","4,8165700",69
202000024589,20,7,8,08:40,1,2,9,1,6,69034,M,"45,7986600","4,8492200",69
202000024590,20,7,7,19:00,1,2,1,1,1,69286,M,"45,8167000","4,8979200",69
202000024591,20,7,8,07:15,1,2,2,1,3,95268,M,"48,9731633","2,3978917",95
202000024592,20,7,8,18:05,1,2,3,1,6,91377,M,"48,7368000","2,2611000",91
202000024593,20,7,8,15:25,1,2,9,1,6,91687,M,"48,6807000","2,3797100",91
202000024594,20,7,7,03:10,5,2,1,1,6,91333,M,"48,6194800","2,2670800",91
202000024595,20,7,5,20:51,1,2,1,1,6,91347,M,"48,6273900","2,2895500",91
202000024596,20,7,4,21:20,1,2,1,1,2,91339,M,"48,6202700","2,2594000",91
202000024597,20,7,7,12:35,1,2,7,1,-1,88160,M,"48,1761400","6,4512400",88
202000024598,20,7,8,20:20,1,1,1,1,6,83034,M,"43,1050000","6,0810000",83
202000024599,20,7,7,20:30,1,2,1,1,-1,80021,M,"49,8925800","2,2923800",80
202000024600,20,7,7,15:05,1,2,1,1,2,80021,M,"49,8901600","2,2912500",80
202000024601,20,7,8,14:20,1,2,2,1,5,78440,M,"48,9909190","1,9155810",78
202000024602,20,7,8,10:40,1,2,6,1,7,76157,M,"49,4450100","1,0124700",76
202000024603,20,7,7,12:10,1,2,1,1,6,76351,M,"49,4951300","0,1552500",76
202000024604,20,7,8,15:15,1,2,1,1,6,69266,M,"45,7763600","4,8720800",69
202000024605,20,7,8,16:00,1,2,1,1,3,69029,M,"45,7485188","4,9193591",69
202000024606,20,7,8,16:30,1,2,1,1,3,69271,M,"45,7316300","4,9721700",69
202000024607,20,7,8,09:15,1,2,2,7,6,69266,M,"45,7653000","4,8716000",69
202000024608,20,7,5,21:20,2,2,9,1,3,67482,M,"48,5952210","7,7586050",67
202000024609,20,7,8,01:10,5,2,1,1,6,64445,M,"43,3047600"," -0,3469900",64
202000024610,20,7,7,18:55,1,2,1,1,6,64024,M,"43,4937890"," -1,5236380",64
202000024611,20,7,6,08:00,1,1,3,1,3,62224,M,"50,5374800","2,5766400",62
202000024612,20,7,6,11:15,1,2,1,1,6,59350,M,"50,6408160","3,0186390",59
202000024613,20,7,7,18:11,1,2,1,1,7,54395,M,"48,6889631","6,1768430",54
202000024614,20,7,7,12:35,1,2,1,1,3,54395,M,"48,6806960","6,1940190",54
202000024615,20,7,7,22:45,5,2,2,1,3,51454,M,"49,2441500","4,0275050",51
202000024616,20,2,19,22:00,5,2,1,2,3,94043,M,"48,8095500","2,3637000",94
202000024617,20,2,19,19:00,5,2,2,2,3,94076,M,"48,7847100","2,3669600",94
202000024618,20,2,19,02:45,3,1,1,3,3,94074,M,"48,7690600","2,4406700",94
202000024619,20,2,17,20:00,5,2,9,8,3,94011,M,"48,7730300","2,4908200",94
202000024620,20,2,18,10:25,1,2,1,1,2,94079,M,"48,8348427","2,5391767",94
202000024621,20,2,19,19:10,5,2,1,2,6,94017,M,"48,8249940","2,5124850",94
202000024622,20,2,18,16:50,1,2,1,1,6,94017,M,"48,8198000","2,4855000",94
202000024623,20,2,18,21:15,5,2,1,1,6,93066,M,"48,9254600","2,3420200",93
202000024624,20,2,17,17:55,1,2,9,2,3,93066,M,"48,9064251","2,3654260",93
202000024625,20,2,19,13:30,1,2,3,1,3,93051,M,"48,8421492","2,5429148",93
202000024626,20,2,19,08:50,1,2,1,1,6,93048,M,"48,8598100","2,4387400",93
202000024627,20,2,19,09:55,1,2,1,1,3,93031,M,"48,9619907","2,3001286",93
202000024628,20,2,19,16:54,1,2,2,2,3,93010,M,"48,9067977","2,4885021",93
202000024629,20,2,18,20:20,4,2,1,1,3,93001,M,"48,9178601","2,3933181",93
202000024630,20,2,18,13:55,1,2,9,1,-1,92051,M,"48,8828040","2,2674770",92
202000024631,20,2,18,14:30,1,2,3,1,6,92044,M,"48,8931693","2,2893633",92
202000024632,20,2,19,20:11,5,2,1,2,1,92023,M,"48,7951800","2,2667400",92
202000024633,20,2,18,14:30,1,2,2,1,3,92012,M,"48,8350340","2,2412910",92
202000024634,20,2,13,12:00,1,2,1,1,6,92009,M,"48,9153168","2,2696975",92
202000024635,20,2,14,07:30,2,2,1,1,3,92004,M,"48,9217435","2,2777768",92
202000024636,20,2,18,20:30,5,2,1,1,3,92004,M,"48,9166700","2,2820900",92
202000024637,20,2,17,15:55,1,2,2,1,-1,92014,M,"48,7823691","2,3165703",92
202000024638,20,2,20,07:20,1,2,1,1,2,97415,R," -20,9895800","55,3303130",974
202000024639,20,2,20,10:30,1,1,1,1,3,43110,M,"45,3225520","3,4101820",43
202000024640,20,2,20,15:15,1,2,1,1,3,06161,M,"43,6343670","7,1338090",06
202000024641,20,2,19,09:05,1,2,2,1,3,51007,M,"49,0759781","4,1769076",51
202000024642,20,1,28,10:00,1,2,1,8,2,33140,M,"44,7720980"," -0,3436020",33
202000024643,20,2,20,16:45,1,1,1,1,1,11262,M,"43,1695830","3,1260180",11
202000024644,20,2,20,15:55,1,2,1,1,6,71014,M,"46,9518312","4,2920041",71
202000024645,20,2,18,19:10,4,2,3,1,3,47168,M,"44,6028210","0,3597000",47
202000024646,20,2,20,08:00,2,1,1,1,6,41176,M,"47,4975680","2,1266200",41
202000024647,20,2,20,08:50,1,1,1,1,6,34293,M,"43,5785800","2,7088270",34
202000024648,20,2,18,19:55,3,1,3,1,3,38466,M,"45,3676480","5,9576580",38
202000024649,20,2,19,21:55,3,1,1,1,1,01320,M,"46,3132640","4,8614070",01
202000024650,20,2,19,14:30,1,1,4,8,1,01046,M,"46,2311460","4,9580530",01
202000024651,20,2,4,17:30,1,2,3,1,3,06090,M,"43,5973560","6,9250740",06
202000024652,20,2,19,10:50,1,1,1,1,1,05098,M,"44,5120380","6,5689630",05
202000024653,20,2,20,15:45,1,1,1,8,6,28378,M,"48,2583060","0,8566120",28
202000024654,20,2,20,17:55,2,2,3,7,6,48080,M,"44,7234040","3,8600640",48
202000024655,20,2,20,03:10,4,2,1,1,6,52058,M,"48,2039620","5,1442300",52
202000024656,20,2,20,08:15,1,1,1,1,2,80058,M,"49,8535592","2,6307443",80
202000024657,20,2,19,21:25,3,1,1,1,7,26057,M,"45,0212710","5,0556610",26
202000024658,20,2,20,07:35,2,1,1,1,5,33122,M,"44,7134250"," -0,7292820",33
202000024659,20,2,19,11:40,1,1,1,1,1,17240,M,"45,2797940"," -0,3881260",17
202000024660,20,2,20,15:40,1,1,1,1,7,13103,M,"43,6671270","5,0971410",13
202000024661,20,2,17,07:10,1,1,1,1,1,83104,M,"43,6398334","5,8051559",83
202000024662,20,2,20,07:55,1,2,1,5,5,33056,M,"44,9270350"," -0,6226690",33
202000024663,20,2,19,20:00,3,1,1,1,6,61341,M,"48,5106840","0,1304940",61
202000024664,20,2,5,10:10,1,2,1,1,1,50099,M,"49,3031360"," -1,2515690",50
202000024665,20,2,18,16:12,1,1,1,1,3,83137,M,"43,1213200","5,9533100",83
202000024666,20,2,19,17:40,2,1,1,1,6,33096,M,"44,8899600"," -0,5034400",33
202000024667,20,2,19,11:55,1,1,1,1,2,33249,M,"44,8789200"," -0,5095500",33
202000024668,20,2,18,16:00,1,1,1,1,6,59328,M,"50,6605450","3,0203120",59
202000024669,20,2,17,05:10,3,1,1,1,2,59609,M,"50,5726916","3,0802515",59
202000024670,20,2,19,05:15,3,1,1,1,7,91377,M,"48,7280500","2,2439200",91
202000024671,20,2,18,22:19,3,1,1,1,3,91347,M,"48,6228300","2,2917500",91
202000024672,20,2,19,12:12,1,1,1,8,7,78423,M,"48,7988080","1,9957820",78
202000024673,20,2,17,19:30,3,1,1,2,4,93078,M,"48,9636400","2,5512800",93
202000024674,20,2,19,20:00,5,1,1,1,5,94069,M,"48,8170338","2,4435317",94
202000024675,20,2,19,19:15,5,1,1,2,4,94017,M,"48,8266487","2,5137924",94
202000024676,20,2,18,11:35,1,2,3,1,7,98818,C," -22,3027800","166,4385000",988
202000024677,20,2,16,02:50,4,2,1,1,2,98736,P," -17,5310100"," -149,5531900",987
202000024678,20,2,18,07:00,1,1,1,1,2,97416,R," -21,3115000","55,4588500",974
202000024679,20,2,17,11:25,1,2,9,1,2,97416,R," -21,2871000","55,4817200",974
202000024680,20,2,18,17:10,1,2,1,1,1,97411,R," -20,8877970","55,4822930",974
202000024681,20,2,17,12:50,1,2,1,1,2,97411,R," -20,9024900","55,5020800",974
202000024682,20,2,13,12:40,1,1,1,1,2,97411,R," -20,8854130","55,4389600",974
202000024683,20,2,11,07:40,1,2,1,1,2,97411,R," -20,8887555","55,4475367",974
202000024684,20,2,10,16:20,1,2,1,1,4,97411,R," -20,8996200","55,4800100",974
202000024685,20,2,17,16:30,1,2,3,1,1,97407,R," -20,9399700","55,2961700",974
202000024686,20,2,14,21:22,5,2,6,1,3,97302,G,"4,9371471"," -52,3260677",973
202000024687,20,2,13,15:30,1,2,1,1,3,97302,G,"4,9356506"," -52,3259497",973
202000024688,20,2,10,07:50,1,1,9,1,3,97302,G,"4,9317170"," -52,2905231",973
202000024689,20,2,10,06:00,1,2,1,1,2,97302,G,"4,9393864"," -52,3306060",973
202000024690,20,2,18,20:15,3,2,1,1,6,69387,M,"45,7388000","4,8251000",69
202000024691,20,2,18,16:50,1,2,1,1,-1,69387,M,"45,7305500","4,8288300",69
202000024692,20,2,18,17:45,2,2,1,1,6,69383,M,"45,7538640","4,8611498",69
202000024693,20,2,18,08:30,1,2,1,8,3,69388,M,"45,7347500","4,8615200",69
202000024694,20,2,17,14:10,1,2,2,2,3,69259,M,"45,7143000","4,8794000",69
202000024695,20,2,17,08:45,1,2,1,1,6,69387,M,"45,7460400","4,8417500",69
202000024696,20,2,17,08:10,2,2,2,1,1,69383,M,"45,7607000","4,8616000",69
202000024697,20,2,10,10:20,1,2,3,8,2,69388,M,"45,7269500","4,8850600",69
202000024698,20,2,17,21:05,3,2,1,1,6,97213,A,"14,6236630"," -60,9891550",972
202000024699,20,2,16,08:30,1,2,9,1,3,97213,A,"14,6130000"," -60,9980000",972
202000024700,20,2,16,00:10,5,1,1,1,1,97213,A,"14,6718000"," -60,9913630",972
202000024701,20,2,15,21:40,5,1,1,1,3,97209,A,"14,6280300"," -61,0795000",972
202000024702,20,2,8,15:40,1,2,4,1,3,97209,A,"14,6170000"," -61,0478000",972
202000024703,20,1,14,22:00,5,2,1,1,2,97209,A,"14,6106330"," -61,0425710",972
202000024704,20,2,18,18:55,5,2,1,1,7,69034,M,"45,7959000","4,8538000",69
202000024705,20,2,18,08:30,1,2,1,1,2,69034,M,"45,8057500","4,8538800",69
202000024706,20,2,18,07:30,1,2,1,1,7,69385,M,"45,7590800","4,8240500",69
202000024707,20,2,16,03:30,5,2,3,1,3,69381,M,"45,7662000","4,8381000",69
202000024708,20,2,5,11:24,1,2,1,1,6,69034,M,"45,7951900","4,8487000",69
202000024709,20,2,8,15:50,1,2,1,1,7,69034,M,"45,7828000","4,8441000",69
202000024710,20,1,18,11:40,1,2,1,1,6,69034,M,"45,7971004","4,8505473",69
202000024711,20,2,17,00:20,5,1,1,1,4,97101,A,"16,2519570"," -61,5307520",971
202000024712,20,2,16,11:30,1,2,1,2,6,97107,A,"16,0430673"," -61,5647167",971
202000024713,20,2,11,18:04,5,2,1,1,6,2A004,M,"41,9523152","8,7802246",2A
202000024714,20,2,11,18:14,5,2,3,1,5,2A004,M,"41,9525660","8,7845570",2A
202000024715,20,2,10,10:55,1,2,1,1,6,91549,M,"48,6382900","2,3326300",91
202000024716,20,2,18,18:00,1,2,1,1,6,91691,M,"48,7170600","2,5082700",91
202000024717,20,2,11,19:25,5,2,1,1,1,91687,M,"48,6562400","2,3718600",91
202000024718,20,2,17,08:30,1,2,3,2,3,91228,M,"48,6320600","2,4391600",91
202000024719,20,2,10,14:40,1,2,3,2,3,91657,M,"48,6903100","2,4391500",91
202000024720,20,2,18,11:50,1,2,1,1,5,91027,M,"48,7060400","2,3675900",91
202000024721,20,2,16,05:35,5,2,2,1,6,91347,M,"48,6345220","2,2898560",91
202000024722,20,2,15,14:20,1,2,9,1,3,91457,M,"48,5869500","2,2595500",91
202000024723,20,2,12,07:30,5,2,2,1,6,89387,M,"48,2029300","3,2960800",89
202000024724,20,2,8,04:30,5,2,1,1,6,89024,M,"47,7964055","3,5613518",89
202000024725,20,2,16,09:43,1,2,2,1,6,88413,M,"48,2870600","6,9495200",88
202000024726,20,2,15,13:10,1,2,2,1,3,87085,M,"45,8301700","1,2503300",87
202000024727,20,2,15,08:05,1,2,1,1,2,87085,M,"45,8250100","1,2740100",87
202000024728,20,2,14,15:58,1,2,1,1,2,87085,M,"45,8556600","1,2671600",87
202000024729,20,2,11,15:40,1,2,1,1,6,87085,M,"45,8152300","1,2693000",87
202000024730,20,2,10,14:04,1,2,3,1,6,87085,M,"45,8482200","1,2457800",87
202000024731,20,2,10,20:50,5,2,1,8,2,86194,M,"46,5821680","0,3525700",86
202000024732,20,2,16,10:42,1,2,2,1,3,85194,M,"46,4924200"," -1,7597000",85
202000024733,20,2,18,15:20,1,2,1,1,6,83137,M,"43,1225000","5,9481000",83
202000024734,20,2,17,14:05,1,2,1,2,6,83137,M,"43,1357700","5,9118300",83
202000024735,20,2,17,14:20,1,1,1,2,2,83069,M,"43,1676900","6,1093000",83
202000024736,20,2,16,06:13,3,1,1,6,6,81021,M,"43,5137000","2,3735200",81
202000024737,20,2,13,17:44,1,1,1,2,1,80021,M,"49,9267600","2,3098400",80
202000024738,20,2,15,13:25,1,2,1,1,3,80021,M,"49,8924400","2,3074400",80
202000024739,20,2,14,00:30,3,1,1,1,7,80724,M,"49,8602300","2,2106800",80
202000024740,20,2,10,07:50,2,2,1,1,6,80021,M,"49,9088200","2,3106500",80
202000024741,20,2,15,09:20,1,2,3,2,7,79191,M,"46,3103600"," -0,4647600",79
202000024742,20,2,14,17:50,1,2,1,1,3,79191,M,"46,3275200"," -0,4138300",79
202000024743,20,2,14,20:50,5,2,1,1,1,79191,M,"46,3011410"," -0,4657900",79
202000024744,20,2,1,19:20,5,2,1,2,6,78126,M,"48,8547120","2,1375840",78
202000024745,20,2,4,20:25,5,2,1,1,3,78092,M,"48,8645800","2,1386400",78
202000024746,20,2,18,12:00,1,2,3,1,3,78502,M,"48,8752290","2,1029330",78
202000024747,20,2,18,19:55,5,2,2,1,3,78220,M,"48,7203030","1,8967620",78
202000024748,20,1,27,09:30,1,1,1,8,2,78517,M,"48,6400700","1,8395200",78