Num_Acc,an,mois,jour,hrmn,lum,agg,int,atm,col,com,gps,lat,long,dep
202000024749,20,2,14,14:40,1,2,9,1,6,78490,M,"48,8297200","1,9596500",78
202000024750,20,2,16,00:15,3,1,1,1,1,77296,M,"48,6228525","2,5624879",77
202000024751,20,2,14,13:02,1,1,1,1,1,77410,M,"48,5938200","2,7142500",77
202000024752,20,2,15,12:30,1,2,2,1,3,77284,M,"48,9564000","2,8775300",77
202000024753,20,2,16,07:20,5,2,2,1,3,76540,M,"49,4221400","1,0800100",76
202000024754,20,2,14,08:30,1,1,1,1,1,76157,M,"49,4254300","1,0119200",76
202000024755,20,2,14,07:50,5,2,3,1,3,76540,M,"49,4518000","1,0981700",76
202000024756,20,2,14,14:15,1,1,1,1,2,76319,M,"49,3469752","1,0182115",76
202000024757,20,2,10,19:10,5,2,2,3,7,76540,M,"49,4367800","1,1023300",76
202000024758,20,2,1,11:10,1,2,3,1,-1,76216,M,"49,4633600","1,0461600",76
202000024759,20,2,8,07:45,2,2,1,2,6,76351,M,"49,5089800","0,1746300",76
202000024760,20,1,24,13:15,1,2,1,1,6,76351,M,"49,5016800","0,1140000",76
202000024761,20,2,7,22:00,5,2,2,1,6,76217,M,"49,9222079","1,0701585",76
202000024762,20,2,18,08:03,1,2,3,1,1,74012,M,"46,1828600","6,2378190",74
202000024763,20,2,17,13:50,1,2,2,2,3,74012,M,"46,1911500","6,2432790",74
202000024764,20,2,16,19:30,5,2,1,2,6,72181,M,"47,9978000","0,1889000",72
202000024765,20,2,11,17:20,1,2,2,8,3,69256,M,"45,7670200","4,9326300",69
202000024766,20,2,10,17:25,2,2,7,1,3,69264,M,"45,9840000","4,7404000",69
202000024767,20,2,14,20:00,5,2,1,1,6,67447,M,"48,6042314","7,7504177",67
202000024768,20,2,10,12:25,1,2,3,6,-1,67447,M,"48,6090450","7,7643660",67
202000024769,20,2,18,09:20,1,2,1,1,2,66136,M,"42,7019056","2,8933113",66
202000024770,20,2,8,21:20,5,2,2,1,3,66136,M,"42,6846400","2,8820700",66
202000024771,20,2,11,11:20,1,2,1,1,3,66136,M,"42,6992100","2,9038400",66
202000024772,20,2,15,10:05,1,1,1,1,5,65226,M,"43,2402500","0,0202100",65
202000024773,20,2,9,11:15,1,2,9,1,2,65286,M,"43,1021820"," -0,0437460",65
202000024774,20,2,18,20:27,5,2,6,1,1,64445,M,"43,3389800"," -0,3797900",64
202000024775,20,2,18,17:35,1,2,3,1,5,64445,M,"43,3177500"," -0,3099800",64
202000024776,20,2,17,17:35,1,2,1,2,-1,64129,M,"43,3004300"," -0,3931700",64
202000024777,20,2,3,20:00,5,2,3,1,3,64445,M,"43,3005000"," -0,3604000",64
202000024778,20,2,18,07:35,5,2,1,1,2,64122,M,"43,4584400"," -1,5473600",64
202000024779,20,2,15,19:15,2,2,1,1,1,64122,M,"43,4669600"," -1,5385100",64
202000024780,20,2,17,12:17,1,2,1,3,7,64024,M,"43,4632400"," -1,5180500",64
202000024781,20,2,11,17:45,2,2,1,8,7,64024,M,"43,4860700"," -1,5202600",64
202000024782,20,2,11,13:50,1,2,1,2,2,64024,M,"43,4923100"," -1,5289000",64
202000024783,20,2,15,16:42,1,2,1,1,7,63063,M,"45,8314400","3,0908700",63
202000024784,20,2,15,11:01,1,2,1,1,2,63113,M,"45,7743900","3,0941200",63
202000024785,20,2,15,15:35,1,2,5,1,-1,63113,M,"45,7921600","3,1180000",63
202000024786,20,2,14,18:18,1,2,2,1,-1,63014,M,"45,7522800","3,1079300",63
202000024787,20,2,14,09:15,1,2,1,1,2,63113,M,"45,7853172","3,1037927",63
202000024788,20,2,10,14:03,1,2,1,6,6,63113,M,"45,7895449","3,1097691",63
202000024789,20,1,25,21:10,5,2,2,2,3,62386,M,"50,4464440","2,7396940",62
202000024790,20,2,12,16:45,1,2,1,1,7,62497,M,"50,4461730","3,0686850",62
202000024791,20,2,9,00:05,5,2,2,1,3,62498,M,"50,4272400","2,8094200",62
202000024792,20,1,31,23:55,5,2,1,1,3,62847,M,"50,5037400","2,6673500",62
202000024793,20,2,4,18:45,5,2,1,1,6,60175,M,"49,2498300","2,4764214",60
202000024794,20,2,15,20:30,3,2,1,1,5,59491,M,"50,3795000","3,4950000",59
202000024795,20,1,16,15:45,1,2,1,1,3,59606,M,"50,3616110","3,5106670",59
202000024796,20,2,18,18:25,5,2,2,1,6,59599,M,"50,7318648","3,1602216",59
202000024797,20,2,11,21:05,5,2,1,1,6,59152,M,"50,7602510","3,0090820",59
202000024798,20,2,11,17:45,1,2,2,1,3,59599,M,"50,6950100","3,1474300",59
202000024799,20,2,17,09:40,1,2,1,1,6,59009,M,"50,6625400","3,1382400",59
202000024800,20,2,17,08:50,1,2,6,1,2,59410,M,"50,6373190","3,1013680",59
202000024801,20,2,11,16:25,1,2,1,1,6,59131,M,"50,9944700","2,3664900",59
202000024802,20,2,14,09:00,1,2,2,1,3,59170,M,"50,3475300","3,1249900",59
202000024803,20,1,28,18:15,2,2,3,1,2,58194,M,"46,9896000","3,1340000",58
202000024804,20,2,16,20:05,5,2,1,1,6,57672,M,"49,3588500","6,1701800",57
202000024805,20,2,16,14:55,1,2,2,2,3,56098,M,"47,7560400"," -3,3430900",56
202000024806,20,2,14,20:10,5,2,1,1,6,56162,M,"47,7030800"," -3,4318900",56
202000024807,20,1,31,16:35,1,2,1,2,6,54339,M,"48,7080170","6,1886120",54
202000024808,20,2,11,12:30,1,2,1,1,7,51454,M,"49,2642821","4,0580632",51
202000024809,20,2,11,08:30,1,2,1,1,3,51454,M,"49,2469992","4,0327413",51
202000024810,20,8,5,19:00,1,1,1,7,3,44068,M,"47,5214540"," -2,0042820",44
202000024811,20,9,8,16:40,1,1,2,1,3,44072,M,"47,4214240"," -2,3223530",44
202000024812,20,9,9,13:35,1,2,1,1,2,72089,M,"48,1215530"," -0,0173430",72
202000024813,20,9,8,17:15,1,1,2,1,4,50178,M,"49,6928070"," -1,4314520",50
202000024814,20,9,9,12:20,1,2,2,1,3,60440,M,"49,4915940","2,6297340",60
202000024815,20,9,9,15:40,1,1,3,1,2,64495,M,"43,3237730"," -1,5493190",64
202000024816,20,10,9,10:00,1,1,1,1,7,18138,M,"47,1020150","2,2488710",18
202000024817,20,8,20,17:30,1,2,1,1,6,18145,M,"47,2280570","2,4860860",18
202000024818,20,9,8,16:15,1,1,1,1,1,53164,M,"48,4983630"," -0,3320280",53
202000024819,20,9,9,14:30,1,1,3,1,1,53144,M,"48,3111260"," -0,4984430",53
202000024820,20,9,9,15:10,1,1,1,1,1,04202,M,"43,9978827","6,7771958",04
202000024821,20,9,8,08:45,1,1,1,1,2,87066,M,"45,7198246","1,0217304",87
202000024822,20,9,9,06:05,5,2,1,1,6,48080,M,"44,7354970","3,8584490",48
202000024823,20,9,9,15:00,1,2,1,1,7,08486,M,"50,0877240","4,7165850",08
202000024824,20,9,5,17:20,1,1,1,1,6,68300,M,"47,7733250","7,3807530",68
202000024825,20,8,17,14:50,1,1,1,1,2,06079,M,"43,5444650","6,9399100",06
202000024826,20,9,8,15:40,1,1,9,7,2,86123,M,"46,5098568","0,1312997",86
202000024827,20,9,9,16:20,1,1,1,1,1,95580,M,"49,0846460","2,5519610",95
202000024828,20,9,7,17:45,1,2,3,1,3,68118,M,"47,7315590","7,4168280",68
202000024829,20,9,9,12:52,1,1,2,1,3,69119,M,"45,4964660","4,7216750",69
202000024830,20,9,9,06:00,1,2,1,1,3,98613,W," -13,3179705"," -176,2325524",986
202000024831,20,7,20,02:55,3,1,1,1,6,97415,R," -21,0393530","55,2223360",974
202000024832,20,9,5,13:45,1,2,3,1,3,97406,R," -21,1478580","55,6159550",974
202000024833,20,9,8,20:30,3,1,1,1,1,97107,A,"16,0655890"," -61,5675870",971
202000024834,20,9,8,18:30,1,1,1,1,1,2B265,M,"42,5964390","9,3706940",2B
202000024835,20,9,8,22:30,3,1,1,1,6,84026,M,"43,7573410","5,3873670",84
202000024836,20,9,5,15:45,1,1,1,1,7,04062,M,"44,4477940","6,7402200",04
202000024837,20,9,7,13:40,1,1,1,1,3,13086,M,"43,3549380","5,6081990",13
202000024838,20,9,8,11:00,1,2,1,1,6,68117,M,"48,0472620","7,1767870",68
202000024839,20,9,8,17:59,1,2,2,1,6,67046,M,"48,7652910","7,8629330",67
202000024840,20,9,9,07:10,2,1,1,7,5,88388,M,"48,1369240","6,3899980",88
202000024841,20,9,9,09:25,1,1,3,1,3,38455,M,"45,6229710","5,3311430",38
202000024842,20,9,8,11:15,1,2,1,1,6,46102,M,"44,6088630","2,0295040",46
202000024843,20,9,6,03:00,3,1,1,1,6,44168,M,"47,3908420"," -2,1970240",44
202000024844,20,9,8,10:15,1,1,3,1,3,29169,M,"48,0533930"," -4,1340080",29
202000024845,20,9,8,21:45,3,1,2,1,3,35088,M,"47,9755550"," -1,5434180",35
202000024846,20,9,8,15:05,1,2,1,1,4,13055,M,"43,2958400","5,4243700",13
202000024847,20,9,8,02:30,5,1,1,1,6,13207,M,"43,2910150","5,3657353",13
202000024848,20,9,7,19:00,1,1,1,1,4,13215,M,"43,3791040","5,3545570",13
202000024849,20,9,7,08:15,1,1,1,1,4,69029,M,"45,7299056","4,8985757",69
202000024850,20,9,4,17:30,1,1,1,1,4,57474,M,"49,2659400","6,1762800",57
202000024851,20,9,8,08:40,1,1,1,1,2,57582,M,"49,2679200","6,1766600",57
202000024852,20,9,8,17:40,1,1,1,1,3,33281,M,"44,8537200"," -0,6649900",33
202000024853,20,9,8,09:10,1,1,1,1,3,33065,M,"44,8119700"," -0,5218300",33
202000024854,20,9,8,18:10,1,1,1,1,4,94003,M,"48,8115700","2,3372200",94
202000024855,20,9,8,18:05,1,1,1,1,3,91161,M,"48,7080700","2,3068800",91
202000024856,20,9,8,16:05,1,1,1,1,2,91377,M,"48,7133400","2,2776700",91
202000024857,20,9,8,08:10,1,1,1,1,3,91339,M,"48,6309600","2,2393200",91
202000024858,20,9,8,08:19,1,1,1,1,2,94038,M,"48,7778000","2,3465000",94
202000024859,20,9,8,18:35,1,1,1,1,2,92050,M,"48,9071900","2,2119500",92
202000024860,20,9,8,17:25,1,1,1,1,4,92050,M,"48,8994409","2,2132296",92
202000024861,20,9,8,17:00,1,1,1,1,4,93027,M,"48,9229200","2,3801400",93
202000024862,20,9,8,16:00,1,1,1,1,2,93006,M,"48,8699200","2,4303800",93
202000024863,20,9,8,13:35,1,1,1,1,7,95527,M,"48,9971000","2,5158000",95
202000024864,20,9,8,09:35,1,1,1,1,4,93066,M,"48,9224500","2,3531600",93
202000024865,20,9,8,20:15,5,1,1,1,6,77121,M,"48,8384790","2,6646080",77
202000024866,20,9,8,18:00,1,1,1,1,3,94073,M,"48,7533000","2,3757000",94
202000024867,20,9,8,14:00,1,1,1,1,3,93051,M,"48,8356700","2,5631600",93
202000024868,20,9,8,10:00,1,1,1,1,4,94028,M,"48,7767125","2,4430892",94
202000024869,20,9,8,07:55,1,1,1,1,7,94028,M,"48,7860659","2,4402970",94
202000024870,20,9,6,18:30,5,1,1,2,6,97416,R," -21,3381400","55,4581100",974
202000024871,20,9,7,08:50,1,2,1,2,1,97411,R," -20,8980500","55,4847500",974
202000024872,20,9,7,17:30,1,2,1,1,6,97302,G,"4,9404179"," -52,3048997",973
202000024873,20,9,7,12:45,1,2,1,1,7,69383,M,"45,7542041","4,8469624",69
202000024874,20,9,7,08:20,1,2,1,1,6,69388,M,"45,7288200","4,8681000",69
202000024875,20,9,7,07:50,1,2,1,1,4,69199,M,"45,7112700","4,8551000",69
202000024876,20,9,5,02:30,3,1,1,1,4,97213,A,"14,6180214"," -61,0298762",972
202000024877,20,9,7,16:46,1,2,1,1,2,2B120,M,"42,6573900","9,4414800",2B
202000024878,20,9,7,17:40,1,2,1,1,6,97113,A,"16,2438700"," -61,4617900",971
202000024879,20,9,7,01:48,4,2,1,1,6,91064,M,"48,7555400","2,2129700",91
202000024880,20,9,6,15:45,1,1,1,1,7,91109,M,"48,4589000","2,1360700",91
202000024881,20,9,4,17:00,1,2,9,1,6,91223,M,"48,4301160","2,1366930",91
202000024882,20,9,7,11:15,1,2,3,7,3,91174,M,"48,6120650","2,4877490",91
202000024883,20,9,6,15:23,1,2,2,1,3,87085,M,"45,8235400","1,2511500",87
202000024884,20,9,6,10:37,1,2,1,1,3,87085,M,"45,8382800","1,1968400",87
202000024885,20,9,2,18:05,1,2,1,1,6,83123,M,"43,1169600","5,8065200",83
202000024886,20,9,4,20:35,2,2,1,1,1,80021,M,"49,8640300","2,3388300",80
202000024887,20,9,3,13:40,1,2,1,1,6,80021,M,"49,8967700","2,3002500",80
202000024888,20,9,3,18:20,1,2,1,1,5,80021,M,"49,8954100","2,2834200",80
202000024889,20,9,8,01:45,3,1,2,1,2,78551,M,"48,9394360","2,0760630",78
202000024890,20,9,7,16:55,1,2,6,1,6,77337,M,"48,8511200","2,6211200",77
202000024891,20,9,5,09:05,1,2,3,1,3,76540,M,"49,4401900","1,1027200",76
202000024892,20,9,6,04:00,5,2,2,1,2,76351,M,"49,4996000","0,1227400",76
202000024893,20,9,6,00:55,5,2,2,1,7,76351,M,"49,5000000","0,1298000",76
202000024894,20,9,6,13:50,1,2,6,1,3,74012,M,"46,1953670","6,2436420",74
202000024895,20,9,3,11:00,1,2,3,1,3,73008,M,"45,6782340","5,9046710",73
202000024896,20,9,7,13:50,1,2,3,1,3,72181,M,"47,9727500","0,2045600",72
202000024897,20,9,7,08:40,1,2,2,1,3,72181,M,"48,0148000","0,1756300",72
202000024898,20,9,7,07:30,2,2,1,1,3,72181,M,"48,0148000","0,1756300",72
202000024899,20,9,7,07:30,1,2,2,1,3,69266,M,"45,7647600","4,8830400",69
202000024900,20,9,6,01:10,5,2,1,1,6,69266,M,"45,7626000","4,8995100",69
202000024901,20,9,4,18:28,1,2,1,1,3,66136,M,"42,7181200","2,8872400",66
202000024902,20,9,7,18:37,1,2,1,1,2,64102,M,"43,4852200"," -1,4935000",64
202000024903,20,9,7,10:41,1,2,4,1,4,63113,M,"45,7788000","3,1264900",63
202000024904,20,9,5,17:49,1,2,1,1,-1,63113,M,"45,8101200","3,1231000",63
202000024905,20,9,5,20:00,1,1,6,1,7,56162,M,"47,7096700"," -3,4387200",56
202000024906,20,9,5,11:55,1,2,6,1,2,56098,M,"47,7774700"," -3,3442000",56
202000024907,20,9,5,08:25,1,2,3,1,3,56121,M,"47,7623400"," -3,3907500",56
202000024908,20,9,7,08:10,1,2,1,1,6,54578,M,"48,6586000","6,1177300",54
202000024909,20,9,5,20:19,2,2,6,1,3,54526,M,"48,6934200","6,2119300",54
202000024910,20,9,4,18:55,1,2,6,1,7,51172,M,"49,2175379","4,0458165",51
202000024911,20,9,5,09:55,1,2,2,1,3,50602,M,"49,6440000"," -1,5811300",50
202000024912,20,9,5,04:50,3,1,1,1,6,49015,M,"47,4993300"," -0,6197300",49
202000024913,20,9,5,19:30,1,2,6,1,2,49007,M,"47,4657100"," -0,6023900",49
202000024914,20,9,7,13:50,1,2,6,1,7,45075,M,"47,8916400","1,8429000",45
202000024915,20,9,4,09:10,1,2,6,1,3,44184,M,"47,2819900"," -2,2038400",44
202000024916,20,9,3,17:45,1,2,9,1,3,44184,M,"47,2878300"," -2,2553400",44
202000024917,20,9,7,11:05,1,2,6,1,3,42187,M,"46,0316600","4,0761700",42
202000024918,20,9,4,22:55,5,2,1,1,2,41018,M,"47,5897600","1,3416400",41
202000024919,20,9,7,22:10,5,2,2,1,3,37261,M,"47,3836741","0,6682866",37
202000024920,20,9,7,08:17,1,2,1,1,3,37261,M,"47,4182324","0,6837280",37
202000024921,20,9,7,18:40,1,2,3,1,1,35238,M,"48,1086500"," -1,6991700",35
202000024922,20,9,7,18:20,1,2,2,1,6,35238,M,"48,1053590"," -1,6844526",35
202000024923,20,9,7,16:25,1,2,6,1,6,35278,M,"48,1363100"," -1,6920200",35
202000024924,20,8,31,19:05,1,2,3,1,6,33063,M,"44,8400400"," -0,6016700",33
202000024925,20,8,28,18:55,1,2,3,1,3,33063,M,"44,8477600"," -0,6019300",33
202000024926,20,9,7,11:05,1,2,1,1,1,31555,M,"43,6365000","1,4333000",31
202000024927,20,9,5,15:00,1,2,1,1,3,31555,M,"43,5966100","1,4241500",31
202000024928,20,9,4,18:15,1,2,1,1,6,31555,M,"43,6174000","1,4449100",31
202000024929,20,9,4,16:00,1,2,1,1,2,31555,M,"43,6078700","1,3947900",31
202000024930,20,9,7,13:40,1,1,1,1,2,30189,M,"43,8678300","4,4057500",30
202000024931,20,9,7,18:05,1,2,6,9,6,29232,M,"47,9913000"," -4,1171900",29
202000024932,20,9,7,08:10,1,1,9,7,6,28085,M,"48,4466000","1,5372000",28
202000024933,20,9,7,17:00,1,2,3,1,1,27375,M,"49,2009600","1,1857900",27
202000024934,20,9,7,04:40,5,2,6,8,6,27375,M,"49,2238000","1,1811700",27
202000024935,20,9,7,17:25,1,2,1,1,3,25056,M,"47,2274500","6,0081500",25
202000024936,20,9,6,12:30,1,2,1,1,4,17333,M,"45,5890900"," -0,9866000",17
202000024937,20,9,7,07:57,1,2,1,1,-1,17274,M,"46,1522190"," -1,1029800",17
202000024938,20,9,6,10:15,1,2,1,1,3,14366,M,"49,1470164","0,2093851",14
202000024939,20,9,5,18:45,1,2,1,1,6,14366,M,"49,1585916","0,2220029",14
202000024940,20,9,7,12:20,1,2,1,1,6,14118,M,"49,1723790"," -0,3958620",14
202000024941,20,9,5,20:45,5,2,9,1,6,13054,M,"43,4109340","5,2102330",13
202000024942,20,9,7,16:30,1,2,2,1,3,13213,M,"43,3251000","5,4233000",13
202000024943,20,9,7,19:05,1,2,9,1,6,13063,M,"43,5741000","5,0052000",13
202000024944,20,8,29,23:45,5,2,3,1,3,11262,M,"43,1808100","3,0099000",11
202000024945,20,9,5,15:30,1,2,1,1,6,08105,M,"49,7800000","4,7000000",08
202000024946,20,9,7,08:09,1,2,1,1,2,06069,M,"43,6474050","6,9132620",06
202000024947,20,9,7,05:30,5,2,1,1,-1,06027,M,"43,6702930","7,1252670",06
202000024948,20,9,5,10:22,1,2,6,1,6,05061,M,"44,5638500","6,0841400",05
202000024949,20,9,2,15:25,1,2,1,1,6,02691,M,"49,8590300","3,2918200",02
202000024950,20,9,7,15:20,1,2,1,1,3,75120,M,"48,8755560","2,4099530",75
202000024951,20,9,6,18:25,1,2,1,1,7,75115,M,"48,8304880","2,2851770",75
202000024952,20,9,5,15:15,1,2,1,1,3,75118,M,"48,9008150","2,3399170",75
202000024953,20,9,5,14:56,1,2,1,1,3,75113,M,"48,8163680","2,3444100",75
202000024954,20,9,7,18:20,1,2,1,1,6,75119,M,"48,8888200","2,3728470",75
202000024955,20,9,7,18:30,1,2,3,8,6,75118,M,"48,8826420","2,3369070",75
202000024956,20,9,7,17:15,1,2,1,1,-1,75118,M,"48,8958060","2,3294090",75
202000024957,20,9,6,15:05,1,2,2,1,6,75118,M,"48,8883510","2,3495830",75
202000024958,20,9,7,10:00,1,2,7,1,3,75117,M,"48,8834700","2,3271600",75
202000024959,20,9,7,14:30,1,2,3,1,3,75116,M,"48,8641940","2,3001280",75
202000024960,20,9,7,17:55,1,2,2,1,3,75113,M,"48,8331740","2,3566790",75
202000024961,20,9,7,11:20,1,2,2,1,6,75113,M,"48,8384190","2,3570490",75
202000024962,20,9,7,09:30,1,2,1,1,3,75112,M,"48,8447800","2,4045080",75
202000024963,20,9,7,21:00,5,2,5,1,-1,75110,M,"48,8761990","2,3578880",75
202000024964,20,9,7,18:25,1,2,2,1,3,75110,M,"48,8705280","2,3611960",75
202000024965,20,9,7,03:27,5,2,7,1,3,75109,M,"48,8755810","2,3265970",75
202000024966,20,9,7,19:20,1,2,3,1,3,75102,M,"48,8708650","2,3467230",75
202000024967,20,9,6,19:50,2,2,2,1,3,75104,M,"48,8495090","2,3656250",75
202000024968,20,9,4,11:00,1,2,1,1,-1,94043,M,"48,8136400","2,3614400",94
202000024969,20,9,7,09:30,1,1,1,1,1,94065,M,"48,7412000","2,3410660",94
202000024970,20,9,7,11:20,1,2,1,1,6,94060,M,"48,7904800","2,5759600",94
202000024971,20,9,7,18:00,1,2,1,1,3,94018,M,"48,8284700","2,3993700",94
202000024972,20,9,7,16:15,1,2,1,1,5,94018,M,"48,8192800","2,4073500",94
202000024973,20,9,7,20:30,5,2,1,1,3,94017,M,"48,8170000","2,5095000",94
202000024974,20,9,5,02:35,3,2,1,1,1,94004,M,"48,7426100","2,5131100",94
202000024975,20,9,7,17:30,1,2,3,1,3,93064,M,"48,8785900","2,4897200",93
202000024976,20,9,7,06:23,5,2,1,1,6,93055,M,"48,8969315","2,4033589",93
202000024977,20,9,7,15:00,1,2,1,1,3,93008,M,"48,9088200","2,4503900",93
202000024978,20,9,7,15:17,1,2,3,1,3,93046,M,"48,9165000","2,5315500",93
202000024979,20,9,1,18:35,1,2,1,1,6,93008,M,"48,9105133","2,4422050",93
202000024980,20,9,7,17:00,1,2,1,1,2,93005,M,"48,9534431","2,4829688",93
202000024981,20,9,7,06:50,2,2,3,1,3,93001,M,"48,9117400","2,3733900",93
202000024982,20,9,7,06:58,1,2,1,1,3,92048,M,"48,8180810","2,2478110",92
202000024983,20,9,5,17:00,1,2,3,1,3,92036,M,"48,9221920","2,3061360",92
202000024984,20,9,7,12:50,1,2,7,1,2,92035,M,"48,9067100","2,2383600",92
202000024985,20,9,7,08:40,1,2,1,1,-1,92036,M,"48,9365432","2,2596270",92
202000024986,20,9,7,07:40,1,2,1,1,3,92024,M,"48,9039906","2,3029822",92
202000024987,20,9,4,19:20,1,2,1,1,1,92004,M,"48,9321212","2,2746353",92
202000024988,20,9,4,19:20,1,2,1,1,6,92009,M,"48,9197861","2,2715975",92
202000024989,20,9,7,07:30,1,2,1,1,7,22050,M,"48,4555980"," -2,0492400",22
202000024990,20,9,8,09:10,1,2,2,7,2,37074,M,"47,2462871","0,1625377",37
202000024991,20,8,5,20:15,1,1,1,1,6,68249,M,"48,1175850","7,1438530",68
202000024992,20,9,7,14:20,1,1,1,1,1,51298,M,"49,0234684","3,7011711",51
202000024993,20,9,7,16:40,1,2,1,1,3,97232,A,"14,5418700"," -60,8431490",972
202000024994,20,8,15,16:09,1,1,1,1,7,67179,M,"48,7072370","7,3473372",67
202000024995,20,9,5,20:35,2,1,1,1,6,14732,M,"49,3228110"," -0,7236650",14
202000024996,20,9,8,08:10,1,1,2,1,2,77162,M,"48,8764290","3,1920000",77
202000024997,20,9,5,12:20,1,2,1,1,1,51380,M,"48,8727422","3,5336315",51
202000024998,20,9,8,16:00,1,1,1,1,6,56119,M,"47,7264290"," -3,0810200",56
202000024999,20,8,7,13:15,1,2,1,1,2,93057,M,"48,9084771","2,4988487",93
202000025000,20,8,7,17:40,1,2,2,1,3,93007,M,"48,9294800","2,4807900",93
202000025001,20,8,7,09:30,1,2,1,1,3,93001,M,"48,9087168","2,3905089",93
202000025002,20,8,7,07:45,1,2,2,1,3,93001,M,"48,9152985","2,3788048",93
202000025003,20,8,7,11:10,1,2,1,1,2,92073,M,"48,8671700","2,2284400",92
202000025004,20,8,7,19:50,1,2,1,1,3,92051,M,"48,8924173","2,2688311",92
202000025005,20,8,7,03:28,5,2,1,1,7,92040,M,"48,8262216","2,2801210",92
202000025006,20,7,21,17:45,1,2,1,1,7,92025,M,"48,9240174","2,2616031",92
202000025007,20,8,7,19:30,1,2,1,1,6,92019,M,"48,7659800","2,2505400",92
202000025008,20,8,7,19:15,1,1,1,1,7,54109,M,"48,5485040","6,1969760",54
202000025009,20,7,6,18:25,1,2,3,7,3,87178,M,"45,8871160","1,3940830",87
202000025010,20,8,8,02:30,4,2,1,1,7,22094,M,"48,5913190"," -2,1473870",22
202000025011,20,8,8,15:20,1,1,9,1,7,76628,M,"49,6408840","1,0214710",76
202000025012,20,8,8,09:30,1,1,1,1,5,71543,M,"46,5500708","4,9096656",71
202000025013,20,8,7,17:10,1,1,1,1,1,97220,A,"14,5122400"," -60,9070550",972
202000025014,20,8,8,18:50,1,1,1,1,5,01153,M,"46,3006500","6,0452270",01
202000025015,20,7,29,07:50,1,1,1,1,-1,83087,M,"43,3755000","5,7819530",83
202000025016,20,8,7,16:45,1,1,2,7,3,56078,M,"47,7949230"," -3,5089780",56
202000025017,20,8,8,01:00,4,1,1,1,7,74103,M,"45,9098500","6,6587130",74
202000025018,20,8,8,10:40,1,1,3,7,3,76755,M,"49,6883890","0,5450730",76
202000025019,20,8,6,10:10,1,2,1,1,6,80013,M,"49,9651420","1,9429120",80
202000025020,20,8,7,23:00,5,1,1,1,3,82187,M,"44,1629200","1,9013210",82
202000025021,20,8,8,03:00,3,2,1,1,6,33261,M,"44,9679560"," -0,1040480",33
202000025022,20,8,8,10:15,1,2,1,1,6,71178,M,"46,3608140","4,4822849",71
202000025023,20,8,8,15:15,1,1,1,1,1,89201,M,"47,8769736","3,6301684",89
202000025024,20,7,29,23:45,3,1,1,1,6,61402,M,"48,7150270"," -0,2919530",61
202000025025,20,8,7,21:45,3,1,1,1,1,61314,M,"48,7684630"," -0,0547760",61
202000025026,20,8,7,21:00,2,1,9,1,7,49086,M,"47,2249890"," -0,4229310",49
202000025027,20,8,8,08:15,1,1,2,1,6,42149,M,"45,6281110","4,2446120",42
202000025028,20,8,7,18:10,1,1,1,7,5,86148,M,"46,3627740","0,3135400",86
202000025029,20,8,7,20:45,2,1,1,1,6,39124,M,"46,8300210","5,4633540",39
202000025030,20,8,8,12:00,1,1,3,1,2,39381,M,"46,7728050","5,9675860",39
202000025031,20,8,6,21:15,2,1,1,7,2,44014,M,"47,1240490"," -1,4966780",44
202000025032,20,8,6,01:35,3,1,1,1,6,31324,M,"43,1880077","0,9854821",31
202000025033,20,8,8,17:50,1,1,1,1,2,01068,M,"46,0780830","5,4761700",01
202000025034,20,8,7,17:30,1,2,1,1,2,66049,M,"42,4896590","2,7522450",66
202000025035,20,8,8,18:45,2,1,1,1,3,06138,M,"43,4949740","6,9450650",06
202000025036,20,8,7,13:10,1,1,1,1,6,05182,M,"44,8254310","6,1393350",05
202000025037,20,8,8,16:00,1,1,3,1,3,05068,M,"44,4914390","6,0799880",05
202000025038,20,8,7,17:10,1,1,1,1,3,50419,M,"48,9899050"," -1,4683910",50
202000025039,20,8,8,00:45,3,1,1,1,7,60155,M,"49,2612230","2,3539070",60
202000025040,20,8,3,19:00,1,1,2,1,6,45200,M,"47,7193480","2,0202180",45
202000025041,20,8,7,17:30,1,1,3,1,1,64035,M,"43,4368670"," -1,5510520",64
202000025042,20,8,7,18:35,1,1,1,1,6,43204,M,"45,1799190","4,4495490",43
202000025043,20,7,24,16:15,1,1,1,1,6,36035,M,"46,4512375","1,2921617",36
202000025044,20,8,7,21:30,2,1,1,1,6,36069,M,"47,0819840","1,3258640",36
202000025045,20,8,8,05:15,3,1,1,1,6,16164,M,"46,0705760","0,5940310",16
202000025046,20,8,6,11:05,1,2,9,1,6,40046,M,"44,3988270"," -1,1627910",40
202000025047,20,8,8,07:00,1,2,1,1,3,24229,M,"45,1292990","1,2273250",24
202000025048,20,8,7,20:15,1,2,1,1,6,85182,M,"46,7836340"," -0,8418150",85
202000025049,20,7,27,15:45,1,2,3,1,3,27470,M,"49,3342010","1,2735930",27
202000025050,20,8,8,04:45,3,1,1,1,3,30006,M,"43,6967660","4,1727450",30
202000025051,20,8,6,07:45,1,1,1,1,1,48107,M,"44,5200250","3,3057310",48
202000025052,20,8,6,07:20,1,1,1,1,6,06085,M,"43,6111410","7,0081510",06
202000025053,20,8,4,01:00,3,1,1,1,6,33284,M,"44,6232200"," -0,8659890",33
202000025054,20,8,7,17:26,1,1,1,7,2,51507,M,"49,0725306","4,8800390",51
202000025055,20,8,7,18:40,1,1,1,1,2,21606,M,"47,0530050","4,9022840",21
202000025056,20,8,8,03:58,3,1,1,1,6,34321,M,"43,6809126","4,0410719",34
202000025057,20,8,7,19:50,1,2,1,7,2,45028,M,"47,7808520","1,6343020",45