Num_Acc,an,mois,jour,hrmn,lum,agg,int,atm,col,com,gps,lat,long,dep
202000025058,20,8,7,19:15,1,1,1,7,3,95308,M,"49,0999340","2,1248460",95
202000025059,20,8,7,16:37,1,2,1,1,7,66065,M,"42,6024430","2,9778290",66
202000025060,20,8,8,08:30,1,1,1,1,5,83115,M,"43,4035980","6,5792600",83
202000025061,20,8,8,16:45,1,1,1,1,3,05181,M,"45,0458020","6,3317890",05
202000025062,20,8,8,10:25,1,1,1,1,4,26325,M,"45,2758300","4,8280510",26
202000025063,20,8,7,23:00,3,1,1,1,6,25009,M,"47,2573830","6,3263330",25
202000025064,20,8,7,17:50,1,1,2,1,1,71339,M,"46,3851700","4,3270200",71
202000025065,20,8,8,11:20,1,1,1,1,6,38412,M,"45,3578600","5,7565360",38
202000025066,20,8,6,09:00,1,1,3,1,5,26037,M,"44,8984780","4,9407420",26
202000025067,20,8,4,17:15,1,2,1,1,3,69069,M,"45,7506890","4,7407240",69
202000025068,20,8,7,15:30,1,1,1,1,6,09002,M,"43,0121790","1,8877600",09
202000025069,20,8,8,06:15,2,2,1,1,6,79088,M,"46,8050750"," -0,3529470",79
202000025070,20,8,7,17:26,1,1,1,7,7,49301,M,"47,1112320"," -1,0484650",49
202000025071,20,7,31,17:15,1,1,1,1,7,14577,M,"49,2742450"," -0,5804510",14
202000025072,20,8,8,12:30,1,1,1,1,1,29181,M,"48,4707620"," -4,2788480",29
202000025073,20,8,7,15:25,1,1,1,1,1,22277,M,"48,3635055"," -2,8360193",22
202000025074,20,8,8,09:20,1,1,9,1,3,02791,M,"49,5366410","3,7484840",02
202000025075,20,8,8,08:55,1,2,2,7,6,59011,M,"50,5280051","2,9333516",59
202000025076,20,8,7,15:55,1,1,1,1,-1,13071,M,"43,4088410","5,2867870",13
202000025077,20,8,6,19:10,1,1,1,1,4,13211,M,"43,2872700","5,5039100",13
202000025078,20,8,2,18:02,1,1,1,1,2,13033,M,"43,3741700","5,1967400",13
202000025079,20,8,7,12:40,1,1,1,1,5,33167,M,"44,8397800"," -0,5014500",33
202000025080,20,8,6,18:50,1,1,1,1,6,59599,M,"50,7290530","3,1252810",59
202000025081,20,8,7,03:45,3,1,1,1,2,78646,M,"48,7898300","2,1249000",78
202000025082,20,8,6,19:35,5,2,3,1,3,97416,R," -21,3377500","55,4748300",974
202000025083,20,8,6,14:20,1,1,1,1,7,97416,R," -21,3271100","55,4786400",974
202000025084,20,8,6,21:15,5,2,1,1,6,97409,R," -20,9590700","55,6504000",974
202000025085,20,8,6,17:55,1,2,1,1,3,69386,M,"45,7752100","4,8429000",69
202000025086,20,8,6,11:05,1,2,1,1,3,69387,M,"45,7266496","4,8317635",69
202000025087,20,8,6,08:45,1,2,1,1,2,69388,M,"45,7446143","4,8682845",69
202000025088,20,8,6,15:25,1,2,1,1,3,97213,A,"14,6180800"," -60,9918900",972
202000025089,20,8,6,10:10,1,2,1,1,4,97213,A,"14,6294861"," -60,9901428",972
202000025090,20,8,6,06:50,1,2,1,2,6,97213,A,"14,6329464"," -60,9941483",972
202000025091,20,8,6,21:20,5,2,9,1,1,69286,M,"45,8212000","4,9072000",69
202000025092,20,8,6,13:40,1,2,3,1,3,69381,M,"45,7709254","4,8167816",69
202000025093,20,8,6,00:30,5,2,1,1,6,69389,M,"45,7740150","4,8089050",69
202000025094,20,8,6,18:05,1,2,1,1,2,2A004,M,"41,9297350","8,7647565",2A
202000025095,20,8,6,15:05,1,2,3,1,1,95555,M,"48,9662750","2,2920250",95
202000025096,20,8,6,20:15,1,1,1,1,2,91286,M,"48,6520700","2,3975600",91
202000025097,20,7,29,20:30,2,2,1,1,6,91114,M,"48,7072100","2,5236300",91
202000025098,20,8,5,23:57,5,2,3,1,3,87085,M,"45,8260300","1,2680500",87
202000025099,20,7,31,23:40,5,2,1,1,1,86194,M,"46,5749810","0,3388860",86
202000025100,20,8,5,13:20,1,2,2,1,3,85194,M,"46,4953800"," -1,7766800",85
202000025101,20,8,1,13:45,1,2,1,1,6,83137,M,"43,1279400","5,9171100",83
202000025102,20,8,6,04:50,5,2,1,1,6,76217,M,"49,9219900","1,0732200",76
202000025103,20,8,6,08:00,1,2,1,1,2,72181,M,"47,9952600","0,2029500",72
202000025104,20,11,7,22:25,1,2,1,1,3,97407,R," -20,9615000","55,3170600",974
202000025105,20,8,4,19:30,1,2,2,1,3,72181,M,"47,9724400","0,2020800",72
202000025106,20,11,7,19:00,4,2,6,1,3,97302,G,"4,9246500"," -52,3232100",973
202000025107,20,8,5,13:25,1,1,1,1,1,71309,M,"46,7971762","4,3929559",71
202000025108,20,11,7,10:50,1,2,3,1,3,97302,G,"4,9320003"," -52,3337281",973
202000025109,20,8,6,15:13,1,2,2,1,3,69266,M,"45,7673200","4,8738100",69
202000025110,20,11,7,07:34,1,2,1,1,3,97302,G,"4,9380556"," -52,3302841",973
202000025111,20,11,7,11:00,1,2,1,1,3,69387,M,"45,7321200","4,8389100",69
202000025112,20,8,6,12:45,1,2,2,1,3,69029,M,"45,7484467","4,9176011",69
202000025113,20,11,7,15:45,1,2,4,1,3,97209,A,"14,6117300"," -61,0454300",972
202000025114,20,7,29,16:45,1,2,3,1,3,69264,M,"45,9937000","4,7231200",69
202000025115,20,11,6,13:00,1,2,1,1,2,95585,M,"48,9826250","2,3704620",95
202000025116,20,8,3,09:20,1,2,3,1,3,69091,M,"45,5907900","4,7732800",69
202000025117,20,11,2,16:25,1,2,1,2,5,91421,M,"48,6936900","2,4481000",91
202000025118,20,8,6,13:10,1,2,1,1,2,67482,M,"48,5727680","7,7503530",67
202000025119,20,11,7,19:30,5,2,2,1,6,91687,M,"48,6785230","2,3822140",91
202000025120,20,8,6,11:40,1,2,1,1,5,67482,M,"48,5718250","7,7498658",67
202000025121,20,8,5,11:20,1,2,1,1,3,67482,M,"48,5891000","7,7405000",67
202000025122,20,6,6,12:15,1,2,7,1,6,09167,M,"43,2787710","1,3473490",09
202000025123,20,11,3,19:40,5,2,1,3,6,80001,M,"50,1113900","1,8369500",80
202000025124,20,8,5,17:20,1,2,1,1,2,66136,M,"42,6645100","2,9061400",66
202000025125,20,11,6,19:00,3,2,1,1,2,79081,M,"46,3427700"," -0,3811500",79
202000025126,20,6,7,16:40,1,2,2,8,3,60464,M,"49,3775990","2,4807750",60
202000025127,20,8,4,17:00,1,2,2,1,3,64024,M,"43,4873530"," -1,5364774",64
202000025128,20,11,6,20:00,5,2,2,1,3,71270,M,"46,3011769","4,8182808",71
202000025129,20,6,7,10:20,1,2,1,1,3,31022,M,"43,6711270","1,4272890",31
202000025130,20,8,6,00:30,5,2,1,1,1,62193,M,"50,9386000","1,8525700",62
202000025131,20,6,6,02:10,3,1,1,1,6,31189,M,"43,4310720","1,0620210",31
202000025132,20,8,5,03:45,3,2,1,1,6,60175,M,"49,2673000","2,4848000",60
202000025133,20,11,7,11:25,1,2,1,7,3,68376,M,"47,8224700","7,3399500",68
202000025134,20,7,31,14:15,1,1,1,1,6,59328,M,"50,6489000","3,0463400",59
202000025135,20,6,7,13:30,1,2,1,1,6,97214,A,"14,8101310"," -61,0726550",972
202000025136,20,11,4,16:45,1,2,9,1,6,62667,M,"50,7228080","1,5877820",62
202000025137,20,8,5,22:40,5,2,1,1,6,59574,M,"50,3716900","3,2802100",59
202000025138,20,6,6,19:15,5,2,1,1,1,97207,A,"14,5726450"," -60,9644810",972
202000025139,20,8,2,12:15,1,2,2,1,6,57672,M,"49,3601800","6,1571100",57
202000025140,20,11,7,13:30,1,1,9,1,7,60463,M,"49,2758600","2,4855400",60
202000025141,20,6,7,09:50,1,1,1,1,2,97227,A,"14,4705600"," -60,9468320",972
202000025142,20,8,4,13:25,1,1,4,1,3,56162,M,"47,7233040"," -3,4846000",56
202000025143,20,11,7,15:35,1,2,2,1,3,60057,M,"49,4430800","2,0854000",60
202000025144,20,5,27,17:00,1,1,1,1,7,51476,M,"49,0244130","4,4131738",51
202000025145,20,11,7,18:55,5,2,1,1,6,59599,M,"50,7333380","3,1611200",59
202000025146,20,8,6,10:20,1,2,1,1,4,54395,M,"48,6810075","6,1751559",54
202000025147,20,6,7,15:55,1,2,1,1,7,58086,M,"47,4040430","2,9229300",58
202000025148,20,10,25,12:50,1,2,1,3,6,53130,M,"48,0774400"," -0,7898600",53
202000025149,20,6,7,20:10,1,1,1,1,-1,83043,M,"43,2307590","6,2556620",83
202000025150,20,6,8,07:30,2,1,1,2,6,62677,M,"50,3361731","2,0266825",62
202000025151,20,11,7,16:55,1,2,1,1,6,45208,M,"48,0000000","2,7400000",45
202000025152,20,8,4,18:34,1,2,3,1,2,54116,M,"48,5912100","6,5332600",54
202000025153,20,5,31,16:30,1,1,1,7,2,62908,M,"50,7327340","1,7242960",62
202000025154,20,11,7,16:25,1,2,1,1,7,37261,M,"47,4130338","0,6799159",37
202000025155,20,8,6,11:50,1,2,6,1,7,51454,M,"49,2879235","4,0244312",51
202000025156,20,6,3,16:30,1,2,1,1,3,78465,M,"48,8388010","1,7012310",78
202000025157,20,8,6,11:30,1,2,1,1,2,51454,M,"49,2298828","4,0073478",51
202000025158,20,11,7,19:40,3,2,1,2,5,34172,M,"43,5852300","3,8512000",34
202000025159,20,11,6,21:30,3,2,1,2,-1,34129,M,"43,5744520","3,9223390",34
202000025160,20,6,6,19:30,1,2,4,1,3,78465,M,"48,8359230","1,7019450",78
202000025161,20,8,6,07:51,1,2,1,1,2,51454,M,"49,2840940","4,0101774",51
202000025162,20,11,7,18:05,5,2,1,1,5,33063,M,"44,8567100"," -0,6246400",33
202000025163,20,6,8,12:20,1,1,1,3,5,2B077,M,"42,4732130","9,4854550",2B
202000025164,20,11,6,12:08,1,2,1,1,3,21054,M,"47,0259640","4,8466420",21
202000025165,20,8,5,19:40,1,2,1,1,4,51454,M,"49,2516759","4,0214363",51
202000025166,20,6,7,16:15,1,2,1,8,7,65107,M,"43,1082359"," -0,0020195",65
202000025167,20,11,7,16:45,2,2,1,2,6,13214,M,"43,3177330","5,3809670",13
202000025168,20,11,7,16:30,2,2,1,1,6,13209,M,"43,2726680","5,4115680",13
202000025169,20,8,5,19:15,1,2,1,1,3,49328,M,"47,2465900"," -0,0936000",49
202000025170,20,6,7,12:15,1,2,1,1,1,33071,M,"44,8323400"," -0,1768490",33
202000025171,20,11,7,13:30,1,2,1,2,6,11069,M,"43,2288000","2,3415700",11
202000025172,20,8,5,12:30,1,2,1,1,3,49007,M,"47,4725800"," -0,5574200",49
202000025173,20,6,6,21:20,3,1,1,1,6,63453,M,"45,7608723","3,2703088",63
202000025174,20,8,6,09:00,1,2,1,1,6,40088,M,"43,7058000"," -1,0372900",40
202000025175,20,8,5,20:10,1,2,1,1,6,38185,M,"45,1672200","5,7406200",38
202000025176,20,8,6,16:30,1,2,1,1,6,37261,M,"47,3936488","0,7026999",37
202000025177,20,8,6,14:15,1,2,9,1,3,35238,M,"48,0845000"," -1,6508000",35
202000025178,20,11,7,17:20,5,2,2,1,3,75120,M,"48,8647950","2,4013170",75
202000025179,20,8,6,00:30,3,2,3,1,6,35281,M,"48,0875000"," -1,7004000",35
202000025180,20,11,7,21:50,5,2,2,1,2,75119,M,"48,8910820","2,3737380",75
202000025181,20,8,6,06:40,1,2,1,1,2,34172,M,"43,6089153","3,8531937",34
202000025182,20,11,7,17:40,3,2,1,1,7,75115,M,"48,8450980","2,2763350",75
202000025183,20,8,6,16:10,1,2,6,1,3,33200,M,"44,8585700"," -0,6775000",33
202000025184,20,8,6,08:45,1,2,1,1,6,33167,M,"44,8415200"," -0,5306200",33
202000025185,20,8,6,20:45,1,2,1,1,7,33009,M,"44,6572700"," -1,1941100",33
202000025186,20,8,5,21:00,5,1,1,1,5,31555,M,"43,5626000","1,4177000",31
202000025187,20,8,5,13:00,1,2,1,1,6,31555,M,"43,5967000","1,4527300",31
202000025188,20,11,7,20:30,5,2,3,1,6,75110,M,"48,8706120","2,3549690",75
202000025189,20,6,7,16:55,1,1,1,1,6,46240,M,"44,8075638","1,6211486",46
202000025190,20,8,6,03:16,5,2,1,5,7,29039,M,"47,8718623"," -3,9160619",29
202000025191,20,11,6,19:10,5,2,2,1,3,75109,M,"48,8723780","2,3374290",75
202000025192,20,6,23,14:30,1,2,1,1,6,26198,M,"44,5602000","4,7482000",26
202000025193,20,5,30,20:00,1,1,1,1,6,46037,M,"44,4815040","1,6502020",46
202000025194,20,11,7,21:00,5,2,1,1,7,75101,M,"48,8650860","2,3280230",75
202000025195,20,6,6,20:30,2,1,1,2,1,68017,M,"47,6271070","7,1759610",68
202000025196,20,11,7,16:10,1,2,2,1,1,93007,M,"48,9279294","2,4743996",93
202000025197,20,7,30,08:40,1,1,9,1,2,24145,M,"44,8562100","0,5372400",24
202000025198,20,6,3,12:10,1,1,6,2,3,31045,M,"43,0281340","0,6110070",31
202000025199,20,6,7,06:11,2,1,1,3,6,38100,M,"45,3822700","6,0035000",38
202000025200,20,11,7,18:10,5,2,3,1,2,92073,M,"48,8742058","2,2211385",92
202000025201,20,7,29,17:20,1,2,6,1,2,22278,M,"48,4980000"," -2,7529800",22
202000025202,20,6,8,17:15,1,2,1,1,-1,72248,M,"47,8376170","0,4313290",72
202000025203,20,8,5,15:40,1,2,1,1,5,22278,M,"48,5210000"," -2,7440000",22
202000025204,20,6,5,02:45,3,1,1,8,6,14621,M,"49,0531986","0,3435943",14
202000025205,20,11,7,10:30,1,2,1,1,7,92023,M,"48,8103835","2,2696653",92
202000025206,20,8,5,19:30,1,1,2,7,3,22187,M,"48,5562900"," -2,7648900",22
202000025207,20,11,7,00:10,5,2,1,1,7,92019,M,"48,7740345","2,2769229",92
202000025208,20,6,8,07:10,1,1,6,1,6,64448,M,"43,3464200"," -0,4775870",64
202000025209,20,8,6,10:31,1,2,3,1,3,17415,M,"45,7453130"," -0,6134780",17
202000025210,20,11,6,13:40,1,1,1,1,3,35120,M,"48,2123680"," -1,7669180",35
202000025211,20,6,7,17:30,1,1,1,1,1,43132,M,"45,1077340","3,5205710",43
202000025212,20,8,6,18:18,1,2,2,1,3,17306,M,"45,6314400"," -1,0296900",17
202000025213,20,6,8,12:19,1,1,3,1,1,10051,M,"48,1862470","4,0056480",10
202000025214,20,11,7,09:45,1,2,1,1,6,95487,M,"49,1517310","2,2748620",95
202000025215,20,8,7,00:00,5,2,2,1,3,13212,M,"43,3151320","5,4474040",13
202000025216,20,11,8,08:50,1,1,1,1,7,45239,M,"47,8925720","2,6318480",45
202000025217,20,8,7,00:50,5,2,1,1,7,13208,M,"43,2528000","5,3800000",13
202000025218,20,8,6,19:50,1,2,1,1,6,13203,M,"43,3091400","5,3748400",13
202000025219,20,6,7,14:15,1,1,5,1,3,21646,M,"47,3811120","4,7727010",21
202000025220,20,11,7,21:15,3,2,6,1,-1,34199,M,"43,4442840","3,4171450",34
202000025221,20,8,6,14:45,1,2,1,1,3,13208,M,"43,2686170","5,3853190",13
202000025222,20,5,20,19:00,1,1,2,1,1,40022,M,"43,6697570"," -0,3319340",40
202000025223,20,11,7,18:35,5,2,1,2,7,30141,M,"44,1006800","4,6486760",30
202000025224,20,8,5,16:20,1,2,3,1,1,13204,M,"43,3009300","5,3963570",13
202000025225,20,11,7,19:45,3,1,1,1,3,51535,M,"48,7201995","3,7649363",51
202000025226,20,6,7,17:55,1,1,1,1,4,04081,M,"43,7608820","5,9556410",04
202000025227,20,8,6,19:35,1,2,3,1,3,13028,M,"43,1770260","5,6023840",13
202000025228,20,6,7,18:40,1,2,3,1,2,85234,M,"46,7900200"," -2,0370200",85
202000025229,20,8,5,12:55,1,2,1,1,1,12202,M,"44,3614900","2,5803600",12
202000025230,20,6,7,17:45,1,2,9,1,6,85297,M,"46,3932330"," -1,2013510",85
202000025231,20,11,8,14:55,1,2,2,1,3,55124,M,"49,2875070","5,2869730",55
202000025232,20,8,6,22:00,5,2,3,1,3,12145,M,"44,0934252","3,0747739",12
202000025233,20,11,7,20:10,3,1,1,1,6,34051,M,"43,6048520","3,4779020",34
202000025234,20,11,8,19:30,5,2,1,1,1,25127,M,"47,2130680","6,8240390",25
202000025235,20,6,8,17:55,1,1,1,1,1,27174,M,"49,3450097","0,5791920",27
202000025236,20,8,5,09:55,1,2,1,1,6,11069,M,"43,2248200","2,3334000",11
202000025237,20,8,5,19:13,1,2,1,1,1,10060,M,"48,2569300","4,0953100",10
202000025238,20,6,7,10:45,1,1,1,1,4,17101,M,"45,9845280"," -0,3410050",17
202000025239,20,11,4,20:00,5,2,1,1,3,31135,M,"43,2045110","1,0777440",31
202000025240,20,8,5,18:17,1,2,6,1,3,10387,M,"48,3000000","4,0833300",10
202000025241,20,8,5,07:30,1,2,1,1,6,09122,M,"43,0041240","1,6140690",09
202000025242,20,8,5,12:30,1,2,6,1,3,04112,M,"43,8271800","5,7813700",04
202000025243,20,6,5,16:00,1,1,1,2,7,17024,M,"46,0493630"," -0,3703810",17
202000025244,20,11,8,03:15,3,1,1,1,6,31375,M,"43,1917980","1,2203350",31
202000025245,20,11,7,18:10,2,1,1,1,-1,31091,M,"43,7191990","1,4033000",31
202000025246,20,8,2,12:41,1,2,2,1,3,03185,M,"46,3459668","2,6089849",03
202000025247,20,11,6,13:15,1,1,1,1,1,58204,M,"47,0769380","3,2538420",58
202000025248,20,8,6,16:00,1,2,7,1,3,75106,M,"48,8537540","2,3442810",75
202000025249,20,11,8,11:30,1,1,1,2,2,83135,M,"43,5853980","6,0151810",83
202000025250,20,8,6,13:29,1,2,2,7,1,75118,M,"48,8888160","2,3465700",75
202000025251,20,11,8,02:10,5,2,1,1,6,45015,M,"48,2749070","2,1312870",45
202000025252,20,8,6,17:55,1,2,1,1,3,75117,M,"48,8865260","2,3157890",75
202000025253,20,11,7,22:45,3,1,1,1,6,18140,M,"47,1632030","1,9792900",18
202000025254,20,8,5,23:35,5,2,2,1,3,75113,M,"48,8240390","2,3770070",75
202000025255,20,8,6,10:25,1,2,1,1,6,75112,M,"48,8411050","2,3744220",75
202000025256,20,8,6,14:25,1,2,1,1,6,75111,M,"48,8694330","2,3758240",75
202000025257,20,11,8,16:30,1,1,1,1,6,10316,M,"48,5272070","3,9998820",10
202000025258,20,6,7,14:15,1,2,1,8,1,88182,M,"48,2960210","7,0682000",88
202000025259,20,8,6,10:15,1,2,4,1,6,75111,M,"48,8650530","2,3679650",75
202000025260,20,8,6,20:10,1,2,1,1,3,75110,M,"48,8833780","2,3660450",75
202000025261,20,8,6,08:10,1,2,1,1,6,75107,M,"48,8631350","2,3143150",75
202000025262,20,8,6,11:40,1,2,2,1,7,75104,M,"48,8572370","2,3471100",75
202000025263,20,6,7,15:25,1,1,1,1,7,18005,M,"47,1739600","2,1788790",18
202000025264,20,8,6,21:30,5,2,1,1,2,94017,M,"48,8226600","2,5105130",94
202000025265,20,6,8,09:47,1,2,1,1,2,01089,M,"45,9767450","5,3186490",01
202000025266,20,11,7,08:55,1,1,9,1,3,07031,M,"44,3685190","4,2051750",07
202000025267,20,8,6,17:40,1,2,2,1,3,94004,M,"48,7630000","2,4997200",94
202000025268,20,11,7,15:30,1,1,1,8,6,30008,M,"44,1870180","4,2354490",30
202000025269,20,11,8,13:15,1,2,3,1,3,71063,M,"46,8669992","4,2948166",71
202000025270,20,11,7,17:40,2,1,3,1,2,69241,M,"45,6265700","4,7218900",69
202000025271,20,8,6,12:20,1,2,2,1,3,93078,M,"48,9727021","2,5123300",93
202000025272,20,11,8,10:15,1,1,2,7,1,33262,M,"44,9939020"," -0,6104120",33
202000025273,20,8,6,18:00,1,2,1,1,3,93078,M,"48,9572974","2,5341371",93
202000025274,20,8,6,09:30,1,2,1,1,3,93048,M,"48,8584600","2,4328400",93
202000025275,20,6,5,20:00,1,1,1,1,6,76484,M,"49,3527490","1,0335730",76
202000025276,20,10,18,20:20,3,1,1,1,6,56023,M,"47,7149710"," -3,0165280",56
202000025277,20,8,6,20:00,1,2,3,1,6,93071,M,"48,9379059","2,5297649",93
202000025278,20,8,6,16:00,1,2,1,1,4,93046,M,"48,9309567","2,5463044",93
202000025279,20,8,6,07:55,1,2,1,7,6,93032,M,"48,8828000","2,5261000",93
202000025280,20,8,6,11:15,1,2,3,1,3,93057,M,"48,9058588","2,5007444",93
202000025281,20,8,5,06:30,2,2,1,1,2,93008,M,"48,9086348","2,4509953",93
202000025282,20,8,6,17:25,1,2,1,1,2,93005,M,"48,9369000","2,4976300",93
202000025283,20,8,5,22:25,1,2,1,1,3,92072,M,"48,8115605","2,2112507",92
202000025284,20,6,4,17:10,1,2,3,1,3,97402,R," -21,0012390","55,6804330",974
202000025285,20,8,6,17:00,1,2,1,1,2,92051,M,"48,8800852","2,2749735",92
202000025286,20,11,8,11:45,1,1,1,1,7,80467,M,"49,6742660","2,7716020",80
202000025287,20,6,4,19:00,5,1,1,1,3,97305,G,"4,9323800"," -52,4006010",973
202000025288,20,8,5,11:39,1,2,2,1,3,92049,M,"48,8106920","2,3078974",92
202000025289,20,8,7,00:15,3,1,1,1,6,50496,M,"48,7222120"," -1,5124870",50
202000025290,20,8,2,18:00,2,1,1,1,6,43073,M,"45,3371090","3,6467960",43
202000025291,20,6,8,15:25,1,1,4,1,3,95446,M,"49,1263660","2,1712840",95
202000025292,20,8,7,07:20,2,1,6,7,3,43110,M,"45,3033880","3,4070490",43
202000025293,20,6,8,18:15,1,1,1,1,1,95008,M,"49,0714280","1,7806980",95
202000025294,20,10,29,09:20,1,1,1,1,7,13071,M,"43,4056900","5,3216800",13
202000025295,20,8,6,19:11,1,2,1,1,3,05093,M,"45,0175620","6,6321270",05
202000025296,20,6,4,17:25,1,2,9,1,1,78503,M,"49,0724040","1,5148770",78
202000025297,20,6,8,00:20,5,1,1,8,6,2B042,M,"42,5869800","9,4395290",2B
202000025298,20,11,7,22:55,3,1,1,2,6,33122,M,"44,7395900"," -0,7126400",33
202000025299,20,6,8,08:10,1,2,2,1,3,30156,M,"43,8633910","4,4446780",30
202000025300,20,11,7,12:20,1,1,1,1,4,91377,M,"48,7231500","2,2769800",91
202000025301,20,11,7,10:00,1,1,1,1,6,92036,M,"48,9378879","2,2976661",92
202000025302,20,6,7,22:40,3,1,1,1,1,84054,M,"43,9372600","5,0621070",84
202000025303,20,11,7,07:00,3,1,1,1,7,93005,M,"48,9631778","2,4743679",93
202000025304,20,6,8,11:50,1,2,1,1,3,83063,M,"43,3126260","6,4712260",83
202000025305,20,11,6,15:45,1,2,2,1,3,98818,C," -22,2767000","166,4421500",988
202000025306,20,6,7,13:05,1,1,1,1,2,38344,M,"45,4025180","4,8150590",38
202000025307,20,10,31,20:40,5,2,9,1,3,98736,P," -17,5254450"," -149,5412530",987
202000025308,20,6,8,14:30,1,2,1,1,2,79049,M,"46,8389240"," -0,4849620",79
202000025309,20,6,7,13:30,1,2,1,1,1,17225,M,"45,6838480"," -1,1638210",17
202000025310,20,11,6,07:00,2,2,6,1,3,97302,G,"4,9332500"," -52,3095900",973
202000025311,20,6,7,17:45,1,1,1,1,6,86242,M,"46,2227880","0,3866830",86
202000025312,20,11,6,17:50,4,2,1,1,2,69259,M,"45,7023800","4,8791800",69
202000025313,20,6,7,23:00,3,1,2,1,2,76473,M,"49,4861150","0,7574790",76
202000025314,20,11,6,08:05,1,2,1,1,6,97213,A,"14,6150000"," -60,9940000",972
202000025315,20,6,6,11:30,1,1,1,1,5,13211,M,"43,2872874","5,4387107",13
202000025316,20,11,6,08:05,1,2,9,1,3,97209,A,"14,6090700"," -61,0687700",972
202000025317,20,6,7,01:36,3,1,1,1,2,91340,M,"48,5998000","2,4395500",91
202000025318,20,11,5,15:40,1,2,1,1,5,97209,A,"14,6145300"," -61,0503600",972
202000025319,20,6,7,19:10,1,1,1,1,2,95277,M,"48,9697100","2,4811500",95
202000025320,20,11,4,08:15,1,2,1,1,2,97209,A,"14,6038000"," -61,0617000",972
202000025321,20,2,23,04:30,5,2,9,1,6,06123,M,"43,6583000","7,1862000",06
202000025322,20,11,6,16:45,1,2,1,1,6,69381,M,"45,7715500","4,8356800",69
202000025323,20,11,6,06:45,2,2,1,1,2,69081,M,"45,7667800","4,7813500",69
202000025324,20,2,17,11:50,1,2,1,1,6,27229,M,"49,0282000","1,1601000",27
202000025325,20,11,6,16:03,1,1,1,1,1,2B120,M,"42,6500000","9,4167000",2B
202000025326,20,11,5,07:00,2,2,1,1,3,2B033,M,"42,6660600","9,4393100",2B
202000025327,20,6,6,18:35,1,2,3,1,3,69383,M,"45,7600200","4,8429900",69
202000025328,20,11,5,16:50,2,2,1,1,1,97107,A,"16,0481400"," -61,5701200",971
202000025329,20,11,6,16:18,1,2,1,1,6,95680,M,"49,0011014","2,3982972",95
202000025330,20,6,5,22:30,5,1,3,1,3,97213,A,"14,5952000"," -60,9831000",972
202000025331,20,11,6,20:15,5,2,1,1,2,95555,M,"48,9670200","2,2743600",95
202000025332,20,11,3,17:35,2,2,1,1,-1,87085,M,"45,8181000","1,2522700",87
202000025333,20,11,4,12:12,1,2,1,1,6,87085,M,"45,8310900","1,2539900",87
202000025334,20,11,6,17:00,1,2,6,1,3,85191,M,"46,6709800"," -1,4182900",85
202000025335,20,6,6,11:10,1,2,1,8,3,69149,M,"45,7126721","4,8038271",69
202000025336,20,6,6,09:59,1,2,1,1,6,69382,M,"45,7576655","4,8352128",69
202000025337,20,11,5,14:25,1,2,1,1,3,84080,M,"44,0391100","5,0167200",84
202000025338,20,6,6,18:55,5,2,9,2,7,97113,A,"16,2214200"," -61,5220100",971
202000025339,20,11,5,09:30,1,2,1,1,3,80021,M,"49,8708600","2,2951200",80
202000025340,20,6,6,10:30,1,1,1,3,3,97113,A,"16,2188705"," -61,5023951",971
202000025341,20,11,4,09:10,1,2,1,1,3,80021,M,"49,9226000","2,3034100",80
202000025342,20,6,6,04:30,2,2,1,1,6,97113,A,"16,2054000"," -61,4892000",971
202000025343,20,11,5,11:40,1,2,2,1,6,77307,M,"48,8602050","2,7534810",77
202000025344,20,6,5,17:15,1,1,1,1,1,97113,A,"16,2171600"," -61,4613900",971
202000025345,20,11,6,07:40,1,2,1,1,3,76540,M,"49,4530300","1,0986600",76
202000025346,20,6,6,15:20,1,2,2,1,-1,2A004,M,"41,9249500","8,7380355",2A
202000025347,20,6,6,09:50,1,2,1,1,6,95426,M,"49,0115900","2,2857300",95
202000025348,20,11,5,21:00,5,2,2,1,3,76351,M,"49,4989310","0,1198750",76
202000025349,20,11,6,12:10,1,2,1,1,3,74010,M,"45,8979690","6,1155360",74
202000025350,20,6,6,14:40,1,2,1,1,6,91174,M,"48,6201270","2,4620680",91
202000025351,20,6,6,19:15,2,2,1,1,3,81004,M,"43,9434100","2,1366700",81
202000025352,20,10,20,12:25,1,2,2,1,6,73065,M,"45,5673300","5,9218000",73
202000025353,20,6,6,23:25,3,1,1,2,7,67462,M,"48,2380926","7,4252026",67
202000025354,20,11,5,15:52,1,1,1,1,3,68066,M,"48,0498490","7,3679650",68
202000025355,20,6,6,09:45,1,1,3,2,3,64483,M,"43,4064900"," -1,6413600",64
202000025356,20,11,6,11:30,1,2,1,1,3,67482,M,"48,5875831","7,7673290",67
202000025357,20,11,4,15:15,1,2,1,1,6,67482,M,"48,5986171","7,7137147",67
202000025358,20,6,7,23:10,5,2,2,3,3,64445,M,"43,3248000"," -0,3573000",64
202000025359,20,10,31,21:15,5,2,2,1,3,67180,M,"48,8075349","7,7925647",67
202000025360,20,6,2,09:10,1,2,6,1,6,62753,M,"50,2928010","2,7932310",62
202000025361,20,11,5,16:47,1,2,1,1,6,66136,M,"42,7013600","2,9047600",66
202000025362,20,6,6,16:45,1,2,6,1,2,54547,M,"48,6667246","6,1662005",54
202000025363,20,11,6,18:00,3,1,1,1,3,64445,M,"43,3001375"," -0,3610571",64
202000025364,20,11,6,08:45,1,2,2,1,3,64445,M,"43,3193200"," -0,3712100",64
202000025365,20,6,6,22:34,5,2,1,1,4,45068,M,"48,0212705","2,7233631",45