Num_Acc,an,mois,jour,hrmn,lum,agg,int,atm,col,com,gps,lat,long,dep
202000025366,20,11,3,07:25,2,2,1,3,6,64445,M,"43,3123910"," -0,3774130",64
202000025367,20,10,29,10:05,1,2,1,1,6,64348,M,"43,3008115"," -0,4102847",64
202000025368,20,6,6,17:30,1,2,1,1,3,38185,M,"45,1676200","5,7415100",38
202000025369,20,6,6,20:50,1,2,9,1,3,35238,M,"48,0874000"," -1,6464000",35
202000025370,20,6,6,14:20,1,2,1,1,3,35238,M,"48,1056100"," -1,6775300",35
202000025371,20,11,6,10:20,1,2,6,8,2,64102,M,"43,4884800"," -1,4913000",64
202000025372,20,11,4,18:25,5,2,1,1,7,64024,M,"43,4810800"," -1,5116100",64
202000025373,20,6,6,15:00,1,2,2,1,6,33009,M,"44,6607400"," -1,1661300",33
202000025374,20,11,5,07:52,5,2,1,1,3,63113,M,"45,7678940","3,1187687",63
202000025375,20,6,6,08:45,1,1,9,1,1,28110,M,"48,4147300","1,5053900",28
202000025376,20,11,3,08:40,1,2,1,1,6,59569,M,"50,3630000","3,1143900",59
202000025377,20,6,7,00:15,5,2,1,1,1,17300,M,"46,1633800"," -1,1672900",17
202000025378,20,11,5,15:05,1,2,6,1,3,56083,M,"47,7931000"," -3,2655400",56
202000025379,20,11,5,07:40,2,2,4,1,2,56083,M,"47,8052800"," -3,2869800",56
202000025380,20,6,6,11:30,1,2,6,1,2,17200,M,"46,1735700"," -1,1677600",17
202000025381,20,6,6,09:40,1,2,1,2,6,15014,M,"44,9109050","2,4340150",15
202000025382,20,11,6,20:30,5,2,3,1,2,54395,M,"48,7020377","6,1824839",54
202000025383,20,11,5,15:45,1,2,2,7,3,54184,M,"48,7007680","6,2245599",54
202000025384,20,11,5,13:50,1,2,1,1,6,50129,M,"49,6403500"," -1,6436500",50
202000025385,20,11,6,12:10,1,2,6,1,1,49328,M,"47,2656900"," -0,0945100",49
202000025386,20,6,6,10:25,1,2,3,8,3,14242,M,"49,2202400"," -0,3711000",14
202000025387,20,11,6,09:28,1,2,1,1,2,49007,M,"47,4689900"," -0,5594900",49
202000025388,20,6,2,23:30,5,2,1,1,6,14118,M,"49,1830600"," -0,3558900",14
202000025389,20,11,6,16:40,1,2,2,1,3,44109,M,"47,2054066"," -1,6065769",44
202000025390,20,6,6,22:30,5,2,1,1,6,13209,M,"43,2217300","5,4242500",13
202000025391,20,11,6,15:30,1,2,2,1,1,38185,M,"45,1750000","5,7085900",38
202000025392,20,6,6,22:00,5,2,1,1,6,13213,M,"43,3333800","5,4398000",13
202000025393,20,11,6,20:15,5,2,1,1,3,35238,M,"48,1312900"," -1,6732700",35
202000025394,20,6,6,18:00,1,2,1,1,6,13203,M,"43,3084600","5,3809900",13
202000025395,20,6,6,08:40,1,2,2,7,6,13203,M,"43,3148300","5,3892800",13
202000025396,20,6,6,02:15,5,2,1,1,2,13203,M,"43,3207000","5,3747000",13
202000025397,20,6,6,22:10,2,2,9,1,2,11069,M,"43,2115315","2,3316319",11
202000025398,20,11,6,19:45,3,2,2,1,3,35238,M,"48,0837180"," -1,6748200",35
202000025399,20,6,6,06:18,2,2,1,1,6,09122,M,"42,9669260","1,6088770",09
202000025400,20,11,6,12:30,1,2,9,1,3,35238,M,"48,1017900"," -1,6842000",35
202000025401,20,11,6,08:35,1,2,9,1,3,35238,M,"48,1016000"," -1,6764400",35
202000025402,20,11,3,12:50,1,2,2,1,3,33063,M,"44,8407900"," -0,5922600",33
202000025403,20,6,6,23:45,5,2,9,1,3,06123,M,"43,6700000","7,1800000",06
202000025404,20,6,6,18:17,1,2,1,1,6,05023,M,"44,8955600","6,6345600",05
202000025405,20,10,22,19:13,3,2,2,2,1,33063,M,"44,8465700"," -0,6052200",33
202000025406,20,6,3,08:25,1,2,1,1,2,75116,M,"48,8657670","2,2680760",75
202000025407,20,10,20,15:50,1,2,8,2,1,33522,M,"44,8079000"," -0,5915000",33
202000025408,20,6,3,08:40,1,2,1,1,3,75116,M,"48,8752280","2,2765120",75
202000025409,20,11,6,13:16,1,2,1,1,3,31557,M,"43,5795500","1,3149900",31
202000025410,20,11,5,17:20,2,2,1,1,6,30007,M,"44,1406900","4,1045000",30
202000025411,20,6,6,08:23,1,2,2,8,3,75113,M,"48,8322340","2,3797680",75
202000025412,20,11,6,08:30,1,2,3,1,6,28085,M,"48,4487200","1,4926100",28
202000025413,20,6,6,17:11,1,2,2,1,6,75119,M,"48,8728680","2,3798480",75
202000025414,20,6,6,13:00,1,2,1,1,2,75119,M,"48,8784150","2,3908240",75
202000025415,20,10,7,16:20,1,2,1,1,6,27229,M,"49,0149650","1,1700000",27
202000025416,20,6,6,18:05,1,2,2,1,-1,75118,M,"48,8902290","2,3599840",75
202000025417,20,11,2,18:55,5,2,1,2,3,14118,M,"49,1794400"," -0,3381100",14
202000025418,20,11,6,10:15,1,2,9,1,1,13019,M,"43,4212130","5,3673156",13
202000025419,20,6,5,20:45,2,2,5,1,6,75118,M,"48,8972300","2,3379670",75
202000025420,20,8,1,02:10,5,2,1,1,1,13215,M,"43,3592912","5,3648633",13
202000025421,20,11,6,13:00,1,2,1,1,6,13215,M,"43,3281640","5,3637920",13
202000025422,20,11,6,13:30,1,2,2,1,3,13203,M,"43,3072800","5,3718300",13
202000025423,20,6,6,20:10,1,2,3,1,3,75118,M,"48,8853050","2,3266070",75
202000025424,20,6,6,22:30,5,2,1,1,6,75112,M,"48,8467720","2,4061570",75
202000025425,20,11,5,09:05,1,2,3,1,3,13205,M,"43,2915773","5,4100156",13
202000025426,20,10,4,22:15,3,1,1,3,6,14120,M,"49,0770290"," -0,7851040",14
202000025427,20,6,6,19:30,1,2,2,1,3,75112,M,"48,8397080","2,4025120",75
202000025428,20,11,5,13:00,1,2,2,1,3,10387,M,"48,2870000","4,0771000",10
202000025429,20,10,5,08:45,1,2,1,8,3,07055,M,"44,8622150","4,8344830",07
202000025430,20,11,6,08:05,1,2,1,1,2,06069,M,"43,6545620","6,9388990",06
202000025431,20,9,30,07:10,5,2,6,8,2,40261,M,"43,6875730"," -1,2293260",40
202000025432,20,6,3,18:15,1,2,2,1,3,75112,M,"48,8349089","2,3846374",75
202000025433,20,11,6,15:15,1,2,9,1,2,06027,M,"43,6601000","7,1307380",06
202000025434,20,11,4,16:15,1,2,1,1,7,75120,M,"48,8572240","2,4142340",75
202000025435,20,10,2,22:20,3,1,1,3,1,24422,M,"45,0097200","0,5241250",24
202000025436,20,11,6,08:02,1,2,1,1,6,75116,M,"48,8497940","2,2526410",75
202000025437,20,10,5,09:55,1,2,1,1,6,04209,M,"44,1952780","5,9426500",04
202000025438,20,11,6,17:05,2,2,1,1,3,75120,M,"48,8587140","2,4026660",75
202000025439,20,6,6,15:05,1,2,1,1,3,75111,M,"48,8513450","2,3940950",75
202000025440,20,6,6,17:00,1,2,3,1,6,75104,M,"48,8552230","2,3611070",75
202000025441,20,10,4,13:15,1,1,1,1,3,04122,M,"44,0410980","6,0707620",04
202000025442,20,6,6,10:15,1,2,2,1,7,75104,M,"48,8560460","2,3507040",75
202000025443,20,9,26,20:50,5,2,1,1,3,17337,M,"45,9683740"," -1,2912820",17
202000025444,20,11,6,16:30,1,2,2,1,6,75120,M,"48,8754630","2,3979220",75
202000025445,20,10,3,18:37,1,1,1,2,6,37226,M,"47,1012150","0,6006455",37
202000025446,20,6,6,20:15,1,2,1,1,6,94067,M,"48,8444456","2,4175870",94
202000025447,20,11,6,18:30,2,2,1,1,6,75119,M,"48,8874110","2,3961990",75
202000025448,20,10,5,08:45,1,1,1,2,3,52060,M,"47,9347000","5,7663550",52
202000025449,20,11,6,12:40,1,2,3,1,6,75119,M,"48,8884690","2,3919480",75
202000025450,20,6,6,09:45,1,2,2,1,3,94059,M,"48,8068500","2,5710200",94
202000025451,20,10,5,16:30,1,1,1,1,7,08038,M,"49,4888690","4,2419240",08
202000025452,20,11,6,10:25,1,2,1,1,3,75119,M,"48,8864750","2,3843080",75
202000025453,20,6,6,19:40,1,2,2,1,3,93029,M,"48,9270000","2,4340000",93
202000025454,20,10,4,21:30,5,2,2,1,3,88327,M,"48,3088320","6,3805840",88
202000025455,20,11,6,13:40,1,2,3,1,3,75110,M,"48,8792400","2,3667440",75
202000025456,20,10,2,17:00,1,2,3,8,6,67340,M,"48,9426220","7,6112830",67
202000025457,20,10,2,15:15,1,1,1,1,1,49101,M,"47,6251120"," -0,0430870",49
202000025458,20,11,6,10:35,1,2,4,1,7,75103,M,"48,8668030","2,3619930",75
202000025459,20,6,6,13:45,1,2,4,8,3,92024,M,"48,9075900","2,3014200",92
202000025460,20,6,6,12:00,1,2,1,1,2,92051,M,"48,8818900","2,2687201",92
202000025461,20,11,5,20:00,5,2,2,1,3,75104,M,"48,8556550","2,3483300",75
202000025462,20,9,21,17:40,1,2,1,1,3,97309,G,"4,8939830"," -52,2581760",973
202000025463,20,6,6,16:37,1,2,1,1,6,92035,M,"48,9075083","2,2464406",92
202000025464,20,11,6,18:05,5,2,3,1,3,94081,M,"48,7920900","2,4016000",94
202000025465,20,10,4,21:00,5,2,1,2,6,06085,M,"43,5754980","6,9893270",06
202000025466,20,11,6,16:00,1,2,2,1,3,94046,M,"48,8096500","2,4546700",94
202000025467,20,9,30,22:50,3,1,1,1,6,68135,M,"47,5895660","7,5473930",68
202000025468,20,6,7,00:10,3,1,2,1,3,49163,M,"47,6056130"," -0,2685860",49
202000025469,20,11,6,18:20,5,2,1,1,4,94011,M,"48,7684400","2,4884400",94
202000025470,20,10,1,21:15,3,1,1,2,2,33527,M,"44,6115800"," -1,0207900",33
202000025471,20,11,6,13:30,1,2,9,1,7,94011,M,"48,7808480","2,5051190",94
202000025472,20,6,7,11:55,1,1,1,2,7,67317,M,"48,3037010","7,3471610",67
202000025473,20,10,4,16:50,1,1,1,3,7,64102,M,"43,4886110"," -1,4491810",64
202000025474,20,11,5,12:35,1,2,1,1,3,94022,M,"48,7624000","2,4021000",94
202000025475,20,2,17,08:45,1,2,1,7,6,62645,M,"50,9771830","2,0395540",62
202000025476,20,10,4,19:10,2,1,1,8,7,22062,M,"48,1963450"," -2,5018400",22
202000025477,20,11,6,18:20,2,2,2,1,3,94079,M,"48,8307500","2,5485100",94
202000025478,20,6,6,04:20,3,1,1,8,6,27278,M,"48,9011109","1,4286168",27
202000025479,20,11,3,14:40,1,2,2,1,3,94017,M,"48,8063260","2,5300530",94
202000025480,20,10,4,20:20,5,2,1,1,6,98714,P," -16,5411420"," -151,7372420",987
202000025481,20,10,2,11:15,1,2,1,1,3,98747,P," -17,7342430"," -149,3028740",987
202000025482,20,11,6,17:00,2,2,1,1,1,93073,M,"48,9394200","2,5924800",93
202000025483,20,6,5,16:30,1,1,2,1,3,38332,M,"45,3360210","5,5088440",38
202000025484,20,10,5,18:15,1,1,3,1,6,33203,M,"45,1274110"," -1,0453400",33
202000025485,20,11,5,10:45,1,2,9,1,1,93066,M,"48,9280701","2,3412906",93
202000025486,20,11,6,09:15,1,2,6,1,6,93033,M,"48,8615400","2,5792700",93
202000025487,20,10,4,20:50,3,1,1,8,1,34289,M,"43,3868600","3,3840790",34
202000025488,20,6,6,16:10,1,1,1,2,3,97132,A,"15,9882710"," -61,6183020",971
202000025489,20,11,6,11:50,1,2,1,1,6,93048,M,"48,8582800","2,4349300",93
202000025490,20,10,5,07:45,1,2,1,2,6,89257,M,"47,9691700","3,5047350",89
202000025491,20,11,5,22:20,5,2,5,1,3,93048,M,"48,8781000","2,4574700",93
202000025492,20,11,6,14:40,1,2,1,1,6,93074,M,"48,9349800","2,5683100",93
202000025493,20,10,4,13:15,1,1,1,2,5,26168,M,"44,7145760","5,6767560",26
202000025494,20,11,6,14:10,1,2,9,1,6,93014,M,"48,9086214","2,5428425",93
202000025495,20,10,4,18:45,2,1,1,8,1,07217,M,"45,0485398","4,7478365",07
202000025496,20,11,5,13:30,1,2,9,1,7,93007,M,"48,9416201","2,4685339",93
202000025497,20,10,4,18:35,1,2,2,1,3,49023,M,"47,2035345"," -0,9981948",49
202000025498,20,11,6,16:30,1,2,9,1,3,93001,M,"48,9122500","2,3840400",93
202000025499,20,10,3,11:25,1,2,1,1,3,60103,M,"49,4091060","2,2510760",60
202000025500,20,6,7,14:00,1,2,3,1,1,67377,M,"48,4216644","7,1837034",67
202000025501,20,6,6,17:00,1,1,1,6,7,76488,M,"49,7839000","0,5923000",76
202000025502,20,10,5,13:00,1,2,1,1,2,59256,M,"50,5751761","3,1352140",59
202000025503,20,6,5,18:15,1,2,4,1,3,2A209,M,"42,0102197","8,8672424",2A
202000025504,20,10,3,17:00,1,1,1,1,4,13106,M,"43,4040240","5,3583510",13
202000025505,20,6,7,03:09,3,1,1,2,6,82018,M,"44,0902310","1,5349420",82
202000025506,20,11,6,13:21,1,2,1,1,3,92040,M,"48,8213070","2,2546130",92
202000025507,20,10,3,03:20,3,1,1,2,6,13005,M,"43,2899460","5,5542290",13
202000025508,20,11,6,16:45,2,2,1,1,2,92026,M,"48,8998940","2,2683730",92
202000025509,20,10,2,10:00,1,1,1,1,4,67218,M,"48,4964893","7,7502751",67
202000025510,20,6,7,13:30,1,1,1,1,6,32107,M,"43,9508260","0,4039730",32
202000025511,20,6,7,11:15,1,1,1,1,7,49279,M,"47,3650340"," -0,2969420",49
202000025512,20,10,4,12:35,1,1,1,3,6,33474,M,"44,6759000"," -0,4821600",33
202000025513,20,10,4,22:04,3,1,1,2,6,91064,M,"48,7489900","2,2189000",91
202000025514,20,6,7,06:20,1,1,1,2,7,38015,M,"45,5365810","5,1344780",38
202000025515,20,11,6,11:10,1,2,9,1,7,92026,M,"48,9004156","2,2696141",92
202000025516,20,10,4,06:55,3,1,1,1,2,91687,M,"48,6611000","2,3701000",91
202000025517,20,10,4,17:00,1,1,1,8,6,92050,M,"48,8926795","2,2348100",92
202000025518,20,11,6,15:30,1,2,6,1,2,92012,M,"48,8408087","2,2281647",92
202000025519,20,11,6,11:00,1,2,1,1,6,92012,M,"48,8415640","2,2338470",92
202000025520,20,6,7,12:15,1,1,1,1,1,03250,M,"46,1850064","3,7899722",03
202000025521,20,10,4,20:30,5,1,1,1,5,93066,M,"48,9138803","2,3579979",93
202000025522,20,11,5,20:30,3,1,1,1,7,86034,M,"46,3524300","0,6031920",86
202000025523,20,6,6,19:40,1,1,1,3,6,70477,M,"47,5621060","6,6097030",70
202000025524,20,10,4,20:35,4,1,1,2,3,93006,M,"48,8689637","2,4289177",93
202000025525,20,11,7,11:40,1,1,2,1,6,26323,M,"45,0695500","5,1455980",26
202000025526,20,10,4,14:55,1,1,1,1,7,93053,M,"48,9007432","2,4692922",93
202000025527,20,10,4,04:35,5,1,1,1,6,93008,M,"48,9187510","2,4284666",93
202000025528,20,10,4,23:30,4,1,1,2,6,94073,M,"48,7698600","2,3803600",94
202000025529,20,10,3,22:20,5,2,3,1,6,97411,R," -20,8830300","55,4590600",974
202000025530,20,6,6,18:00,1,1,1,3,2,70248,M,"47,6722370","6,7385029",70
202000025531,20,6,7,08:10,1,1,1,2,6,09139,M,"42,5809730","1,7947840",09
202000025532,20,11,7,04:45,3,2,1,1,6,16340,M,"45,6487902"," -0,1364065",16
202000025533,20,10,3,05:10,1,1,2,2,3,97416,R," -21,3265120","55,4977370",974
202000025534,20,11,6,19:15,5,2,1,8,6,10266,M,"48,1463670","3,8042800",10
202000025535,20,6,3,08:45,1,1,3,1,1,43190,M,"45,0520640","3,9518850",43
202000025536,20,10,2,17:00,1,1,6,1,2,97407,R," -20,9562000","55,3114300",974
202000025537,20,6,6,15:56,1,1,1,1,7,04144,M,"43,7799560","6,2804890",04
202000025538,20,6,7,06:20,2,1,1,1,7,27389,M,"49,1509748","0,9753875",27
202000025539,20,10,3,12:25,1,2,2,1,3,97302,G,"4,9332990"," -52,3316896",973
202000025540,20,6,7,17:20,1,1,3,1,1,17378,M,"45,2627670"," -0,2103500",17
202000025541,20,10,3,12:50,1,2,1,6,6,69388,M,"45,7403500","4,8591400",69
202000025542,20,6,6,17:20,1,1,1,1,6,80021,M,"49,9223967","2,2457553",80
202000025543,20,10,30,06:30,2,1,3,1,3,33505,M,"44,7721480"," -0,3221060",33
202000025544,20,10,29,18:00,3,1,1,2,6,11042,M,"43,2105560","2,5852200",11
202000025545,20,11,7,16:15,2,1,1,2,7,12076,M,"44,5513520","2,4247200",12
202000025546,20,10,3,15:05,1,2,1,1,2,69286,M,"45,8211000","4,8982600",69
202000025547,20,11,5,17:30,1,2,2,1,3,31528,M,"43,2378290","0,7399140",31
202000025548,20,10,3,09:20,1,2,1,1,4,95539,M,"49,0000275","2,3556373",95
202000025549,20,11,6,23:40,3,1,1,1,6,03033,M,"46,1715040","3,5018175",03
202000025550,20,10,2,12:30,1,2,9,2,2,91687,M,"48,6739800","2,3878200",91
202000025551,20,11,6,20:25,3,1,1,1,6,50511,M,"49,5322870"," -1,3708130",50
202000025552,20,11,4,18:20,3,1,1,8,6,36158,M,"46,5319410","1,5906570",36
202000025553,20,6,7,07:30,2,1,1,1,6,97801,,"18,0779630"," -63,0290510",978
202000025554,20,11,7,15:55,1,1,3,2,1,85121,M,"46,4546900"," -0,9327700",85
202000025555,20,11,7,00:01,3,1,1,5,7,27679,M,"48,7488320","0,9366920",27
202000025556,20,11,7,10:30,1,2,9,1,1,97801,,"18,0989070"," -63,0641520",978
202000025557,20,11,7,05:25,3,1,2,1,3,33122,M,"44,7183960"," -0,7392600",33
202000025558,20,10,2,19:10,2,2,2,2,3,91027,M,"48,7007400","2,3620900",91
202000025559,20,11,6,19:45,3,1,1,1,2,53054,M,"48,1060560"," -0,8360340",53
202000025560,20,10,2,17:50,1,2,1,1,4,83090,M,"43,1377300","5,8505100",83
202000025561,20,11,6,22:25,5,2,1,1,3,97128,A,"16,2238020"," -61,3873740",971
202000025562,20,11,6,17:45,3,2,1,1,2,97801,,"18,0594560"," -63,1005930",978
202000025563,20,10,4,00:45,5,2,1,1,6,83126,M,"43,1152000","5,8729000",83
202000025564,20,11,6,17:40,2,2,1,1,7,77060,M,"48,2876460","2,4304350",77
202000025565,20,10,3,09:10,1,2,1,2,6,81060,M,"44,0487000","2,1617000",81
202000025566,20,10,2,18:30,1,1,1,2,1,81033,M,"44,0419130","2,1240990",81
202000025567,20,6,6,18:50,1,2,3,2,1,74159,M,"45,9915320","6,6233930",74
202000025568,20,10,3,12:25,1,2,3,1,3,78133,M,"48,9100300","2,0390700",78
202000025569,20,11,7,09:15,1,1,1,1,1,91495,M,"48,4526100","2,0105090",91
202000025570,20,6,6,16:20,1,2,1,1,6,97606,Y," -12,9275130","45,1535940",976
202000025571,20,10,2,11:50,1,2,1,2,2,78350,M,"48,8555800","2,1073900",78
202000025572,20,11,2,10:00,1,2,2,1,3,33056,M,"44,9410180"," -0,6325780",33
202000025573,20,6,6,14:00,1,1,1,1,-1,83023,M,"43,4198870","6,0181900",83
202000025574,20,10,3,13:25,1,2,1,8,6,78440,M,"48,9894180","1,9132810",78
202000025575,20,6,6,14:25,1,1,9,1,6,77431,M,"48,2878173","2,6886704",77
202000025576,20,10,2,20:00,3,2,1,2,5,76095,M,"49,4575200","1,1080900",76
202000025577,20,6,6,11:10,1,1,1,1,7,51312,M,"49,0165864","4,3011139",51
202000025578,20,10,3,14:30,1,2,1,3,3,64545,M,"43,3761100"," -1,6766600",64
202000025579,20,6,6,12:40,1,2,1,1,5,18207,M,"46,9843760","2,2442220",18
202000025580,20,10,3,20:50,5,2,6,2,2,64102,M,"43,5019800"," -1,4786100",64
202000025581,20,6,6,19:00,1,2,1,1,1,2A300,M,"41,6550442","9,2805245",2A
202000025582,20,9,29,20:30,3,1,1,1,-1,62178,M,"50,4939910","2,5802690",62
202000025583,20,6,6,12:20,1,2,1,1,1,2A247,M,"41,5964820","9,2798160",2A
202000025584,20,10,3,14:15,1,2,3,8,3,59599,M,"50,7293520","3,1704090",59
202000025585,20,6,6,11:25,1,1,3,1,5,34024,M,"43,4674660","3,6912780",34
202000025586,20,11,7,06:30,3,1,1,5,3,60542,M,"49,4136944","2,1872675",60
202000025587,20,10,3,13:00,1,2,1,1,2,54395,M,"48,6712060","6,1665100",54
202000025588,20,11,7,13:50,1,1,1,1,1,59075,M,"50,1468630","3,4224990",59
202000025589,20,10,3,23:00,5,2,6,2,7,51454,M,"49,2248998","4,0965612",51
202000025590,20,11,6,15:25,1,1,1,1,2,13071,M,"43,4080300","5,2884000",13
202000025591,20,10,3,14:50,1,2,3,1,6,51454,M,"49,2314825","4,0066265",51
202000025592,20,11,6,19:21,3,1,1,1,3,91340,M,"48,6046200","2,4364100",91
202000025593,20,6,6,21:30,5,2,1,1,2,84141,M,"43,9738740","4,9069400",84
202000025594,20,11,6,00:20,3,1,1,1,6,91286,M,"48,6573000","2,3771000",91
202000025595,20,10,3,13:25,1,2,1,1,2,51454,M,"49,2331553","4,0481442",51
202000025596,20,6,7,08:40,1,1,1,1,3,71525,M,"46,3627149","4,6937799",71
202000025597,20,10,3,03:50,5,2,7,2,7,51454,M,"49,2503802","4,0200839",51
202000025598,20,6,7,06:20,2,1,1,3,7,38405,M,"45,3733160","5,6957510",38
202000025599,20,10,2,10:50,1,2,9,3,7,51172,M,"49,2148491","4,0464841",51
202000025600,20,10,2,17:45,1,2,1,2,6,45285,M,"47,9026600","1,8607700",45
202000025601,20,10,2,17:40,1,2,2,2,4,45284,M,"47,9193257","1,9835406",45
202000025602,20,6,6,16:45,1,1,1,1,6,33016,M,"44,9423300"," -0,4394600",33
202000025603,20,10,3,14:30,1,2,1,2,4,37261,M,"47,3651375","0,7108677",37
202000025604,20,6,7,05:00,2,1,1,1,6,85151,M,"46,9761370"," -0,8922260",85
202000025605,20,10,3,15:40,1,2,1,3,2,37233,M,"47,3777429","0,7167473",37
202000025606,20,6,6,22:30,5,2,1,1,6,14762,M,"48,8521190"," -0,8780396",14
202000025607,20,10,3,12:10,1,2,2,1,-1,37261,M,"47,3936839","0,6861343",37
202000025608,20,6,7,15:30,1,2,1,1,3,27400,M,"48,9615569","1,4084708",27
202000025609,20,6,6,20:45,2,1,1,1,7,80399,M,"49,8774950","2,1547677",80
202000025610,20,10,3,15:05,1,2,2,1,3,35238,M,"48,1283679"," -1,6642134",35
202000025611,20,10,4,00:35,3,2,1,1,2,30189,M,"43,8020700","4,3188300",30
202000025612,20,6,6,15:00,1,1,1,1,7,13216,M,"43,3467000","5,3451000",13
202000025613,20,6,6,13:55,1,1,1,1,2,91570,M,"48,6249000","2,2975000",91
202000025614,20,10,3,02:20,5,2,2,2,-1,30189,M,"43,8284000","4,3599000",30
202000025615,20,6,6,00:40,3,1,1,1,6,78217,M,"48,9635300","1,8301100",78
202000025616,20,10,3,10:40,1,1,1,2,6,29232,M,"47,9799100"," -4,1210400",29
202000025617,20,10,2,18:40,1,2,1,6,6,29019,M,"48,3981700"," -4,4391500",29
202000025618,20,6,5,19:25,1,1,1,2,3,93063,M,"48,8741800","2,4381500",93
202000025619,20,10,2,17:24,1,2,1,6,6,29019,M,"48,3913446"," -4,4800267",29
202000025620,20,6,6,08:00,1,1,1,1,6,95277,M,"48,9719500","2,4856300",95
202000025621,20,10,2,13:30,1,2,6,6,-1,29019,M,"48,3829982"," -4,4879160",29
202000025622,20,6,5,23:25,3,1,1,1,2,93078,M,"48,9717100","2,4973200",93
202000025623,20,10,2,18:00,2,2,1,2,4,25056,M,"47,2180470","5,9446330",25
202000025624,20,2,29,17:55,1,2,1,2,6,91228,M,"48,6198800","2,4274960",91
202000025625,20,10,3,11:35,1,2,1,3,6,17306,M,"45,6237800"," -1,0267000",17
202000025626,20,10,3,19:00,1,2,3,1,2,14118,M,"49,2050000"," -0,3616000",14
202000025627,20,10,3,17:55,1,2,1,1,2,14118,M,"49,1706300"," -0,3330300",14
202000025628,20,10,3,13:55,1,2,1,1,1,14437,M,"49,1629000"," -0,3032500",14
202000025629,20,7,3,19:20,1,2,1,1,3,13210,M,"43,2704400","5,4143600",13
202000025630,20,6,6,04:00,5,2,2,1,3,98818,C," -22,2686600","166,4423300",988
202000025631,20,10,3,13:20,1,2,2,1,4,13211,M,"43,2931456","5,4799945",13
202000025632,20,6,6,04:35,5,2,1,1,6,98818,C," -22,2887800","166,4480000",988
202000025633,20,10,3,12:30,1,2,1,1,3,13206,M,"43,2886100","5,3937500",13
202000025634,20,6,6,01:39,5,2,1,1,6,98818,C," -22,3033200","166,4348100",988
202000025635,20,10,2,21:40,5,2,1,2,7,13075,M,"43,3400760","5,4562720",13
202000025636,20,10,3,16:20,1,1,1,1,6,13047,M,"43,5501811","4,9734700",13
202000025637,20,6,5,21:50,3,2,1,8,6,97416,R," -21,3145000","55,4396000",974
202000025638,20,10,3,18:14,1,2,6,3,3,10387,M,"48,2880410","4,0814160",10
202000025639,20,10,3,10:49,1,2,1,1,6,10387,M,"48,2957500","4,0796000",10
202000025640,20,6,5,10:20,1,2,2,1,-1,97302,G,"4,9310222"," -52,3132789",973
202000025641,20,10,2,21:40,5,2,4,3,6,07340,M,"44,7293800","4,5684900",07
202000025642,20,6,5,07:45,1,2,2,8,3,69387,M,"45,7368200","4,8397500",69
202000025643,20,6,5,01:00,5,1,1,2,7,97213,A,"14,6251000"," -60,9704000",972
202000025644,20,6,5,10:45,1,2,2,1,2,97209,A,"14,6122800"," -61,0716700",972
202000025645,20,6,5,16:30,1,2,1,1,2,91589,M,"48,6889200","2,3403600",91
202000025646,20,6,4,11:30,1,1,1,2,3,91339,M,"48,6242000","2,2613800",91
202000025647,20,10,3,10:25,1,1,6,8,7,07102,M,"44,9241060","4,8569290",07
202000025648,20,10,3,06:40,5,2,1,1,6,75112,M,"48,8203440","2,4476780",75
202000025649,20,6,4,08:40,1,2,4,1,1,88160,M,"48,1837100","6,4378600",88
202000025650,20,10,2,08:31,1,2,3,1,1,75107,M,"48,8560440","2,3081210",75
202000025651,20,6,5,13:43,1,2,1,1,3,87085,M,"45,8362700","1,2582200",87
202000025652,20,10,2,09:23,1,2,3,2,-1,75120,M,"48,8734000","2,3826080",75
202000025653,20,6,2,23:01,5,2,1,1,5,87085,M,"45,8347700","1,2696900",87
202000025654,20,10,3,16:00,1,2,1,8,6,75118,M,"48,8851830","2,3341110",75
202000025655,20,10,3,09:30,1,2,4,1,-1,75118,M,"48,8972300","2,3379800",75
202000025656,20,10,3,17:30,1,2,2,1,3,75116,M,"48,8686760","2,2733590",75
202000025657,20,6,5,08:35,1,2,1,1,3,80632,M,"49,8767400","2,2555000",80
202000025658,20,10,3,12:07,1,2,7,1,-1,75116,M,"48,8737240","2,2940880",75
202000025659,20,6,4,11:20,1,2,3,1,3,78358,M,"48,9435700","2,1307000",78
202000025660,20,10,3,03:40,3,2,4,8,2,75116,M,"48,8522360","2,2541930",75
202000025661,20,6,4,19:50,1,1,1,2,5,78220,M,"48,7268400","1,8939700",78
202000025662,20,10,2,08:30,1,2,1,3,3,75116,M,"48,8644850","2,2304860",75
202000025663,20,6,5,15:00,1,2,1,1,6,76217,M,"49,9267600","1,0794700",76
202000025664,20,10,3,12:10,1,2,3,1,3,75114,M,"48,8246950","2,3260640",75
202000025665,20,6,2,12:40,1,2,1,1,6,73011,M,"45,6622079","6,3723867",73
202000025666,20,10,3,18:00,1,2,1,1,6,75112,M,"48,8447870","2,4045020",75
202000025667,20,6,4,17:50,1,2,1,1,6,72181,M,"47,9911500","0,2292700",72
202000025668,20,10,3,14:00,1,2,1,1,5,75112,M,"48,8344650","2,3815830",75
202000025669,20,6,4,08:45,1,2,1,1,7,71306,M,"46,6706970","4,3433936",71
202000025670,20,10,3,00:56,5,2,2,2,-1,75111,M,"48,8585370","2,3837020",75
202000025671,20,5,31,14:30,1,1,2,1,3,71105,M,"46,3032713","4,8068529",71
202000025672,20,10,3,00:05,5,2,2,2,1,75111,M,"48,8496880","2,3873220",75