Num_Acc,an,mois,jour,hrmn,lum,agg,int,atm,col,com,gps,lat,long,dep
202000025673,20,10,3,15:45,1,2,3,1,6,75103,M,"48,8583350","2,3638540",75
202000025674,20,6,5,00:08,5,2,1,2,1,69266,M,"45,7852600","4,8602000",69
202000025675,20,10,3,14:18,1,2,3,8,-1,75103,M,"48,8673300","2,3633290",75
202000025676,20,6,3,12:45,2,2,1,3,6,69264,M,"45,9821800","4,7151200",69
202000025677,20,10,2,20:45,5,2,3,2,3,75101,M,"48,8630460","2,3418770",75
202000025678,20,10,3,17:05,1,2,6,1,3,94081,M,"48,7962500","2,4164800",94
202000025679,20,10,3,10:20,1,2,1,1,2,94046,M,"48,8109400","2,4318300",94
202000025680,20,6,3,05:33,1,2,3,7,3,68297,M,"47,5792700","7,5720400",68
202000025681,20,10,3,09:00,1,2,9,1,2,94016,M,"48,7928000","2,3331300",94
202000025682,20,6,4,13:00,1,2,1,8,3,67482,M,"48,5687500","7,7530900",67
202000025683,20,10,3,10:50,1,2,1,1,3,94076,M,"48,8011000","2,3652000",94
202000025684,20,6,4,00:40,5,2,1,1,6,67482,M,"48,5648100","7,7653500",67
202000025685,20,10,3,14:40,1,2,1,1,6,94041,M,"48,8114000","2,3844700",94
202000025686,20,10,3,13:40,1,2,1,1,5,94071,M,"48,7656480","2,5100120",94
202000025687,20,10,3,12:30,1,2,2,1,1,93070,M,"48,9015300","2,3348900",93
202000025688,20,10,3,05:00,5,2,2,1,3,93077,M,"48,8832000","2,4971400",93
202000025689,20,10,3,16:55,1,2,2,1,3,93051,M,"48,8484500","2,5784400",93
202000025690,20,10,3,16:15,1,2,3,1,3,93050,M,"48,8594276","2,5308775",93
202000025691,20,10,2,09:41,1,2,2,3,3,93048,M,"48,8549900","2,4429900",93
202000025692,20,10,3,17:30,1,2,2,8,3,93006,M,"48,8671600","2,4189100",93
202000025693,20,10,3,17:40,1,2,1,8,3,92051,M,"48,8894236","2,2728825",92
202000025694,20,10,2,12:07,1,2,1,1,3,92050,M,"48,8879375","2,2017074",92
202000025695,20,10,3,14:33,1,2,9,1,6,92020,M,"48,8068680","2,2933470",92
202000025696,20,10,3,00:05,5,2,1,2,7,92049,M,"48,8159500","2,3113300",92
202000025697,20,10,3,11:54,1,2,2,1,6,92025,M,"48,9287895","2,2688798",92
202000025698,20,10,3,03:00,5,2,1,2,4,92024,M,"48,9055200","2,3129400",92
202000025699,20,10,2,12:40,1,2,1,8,2,92019,M,"48,7683500","2,2514000",92
202000025700,20,10,3,20:45,5,2,6,2,2,92012,M,"48,8337140","2,2437410",92
202000025701,20,10,3,19:05,2,2,1,2,3,92012,M,"48,8388000","2,2500000",92
202000025702,20,10,4,15:20,1,1,1,2,3,12300,M,"44,3415600","2,0438650",12
202000025703,20,10,4,15:00,1,2,1,1,6,95313,M,"49,1081485","2,2338917",95
202000025704,20,10,2,13:20,1,1,1,3,7,69132,M,"45,6724610","4,4005930",69
202000025705,20,9,29,09:20,1,2,2,1,6,33327,M,"44,6495580"," -0,3542590",33
202000025706,20,8,15,16:25,1,1,1,1,5,77401,M,"49,0098390","3,1454690",77
202000025707,20,10,3,13:45,1,1,3,1,3,97422,R," -21,2512670","55,5454590",974
202000025708,20,10,4,01:45,3,1,1,2,2,97222,A,"14,6977890"," -60,9417200",972
202000025709,20,10,3,20:45,5,2,1,6,7,86165,M,"46,4201050","0,8585700",86
202000025710,20,10,1,15:20,1,2,2,1,3,97414,R," -21,2764030","55,4157580",974
202000025711,20,10,3,17:50,1,2,1,1,6,68043,M,"47,8500450","7,2627680",68
202000025712,20,10,4,12:45,1,1,1,1,7,08435,M,"49,4421100","4,2809870",08
202000025713,20,10,4,20:20,3,1,3,6,3,62582,M,"50,2621480","2,8853520",62
202000025714,20,10,4,14:50,1,1,1,1,6,83096,M,"43,4626110","5,8052980",83
202000025715,20,10,3,16:55,1,2,1,3,7,31157,M,"43,5436880","1,3440760",31
202000025716,20,10,4,09:10,1,1,1,3,6,62773,M,"50,6455150","1,7278150",62
202000025717,20,8,15,18:30,1,1,1,1,3,56022,M,"47,7575020"," -2,9287150",56
202000025718,20,10,2,07:00,2,2,9,2,1,80620,M,"49,9383570","2,9257640",80
202000025719,20,10,3,18:35,1,1,1,6,6,65129,M,"43,3089300","0,5218400",65
202000025720,20,10,3,13:55,1,1,3,1,6,61402,M,"48,6930000"," -0,3210500",61
202000025721,20,10,3,17:20,1,2,1,3,6,41094,M,"47,4348910","1,4119280",41
202000025722,20,10,3,19:10,1,1,1,8,3,25532,M,"47,2065670","6,1225820",25
202000025723,20,10,3,20:40,3,1,1,8,3,44187,M,"47,1972870"," -2,0761260",44
202000025724,20,10,3,10:20,1,1,1,1,1,02313,M,"49,9025680","3,6460450",02
202000025725,20,10,2,07:20,2,2,1,3,6,58264,M,"46,7911780","3,1182720",58
202000025726,20,10,4,05:00,3,1,1,8,7,14481,M,"49,2750990"," -1,0541300",14
202000025727,20,10,4,16:30,1,2,1,1,7,60233,M,"49,6495530","1,8408470",60
202000025728,20,10,3,02:45,3,1,1,2,6,43200,M,"45,0276481","4,0919673",43
202000025729,20,10,4,14:10,1,1,1,1,7,53103,M,"48,1115580"," -0,9206200",53
202000025730,20,10,3,20:50,3,1,1,3,6,53015,M,"48,1886070"," -0,8613540",53
202000025731,20,10,2,12:30,1,1,1,8,1,37047,M,"47,5028730","0,6824261",37
202000025732,20,9,27,17:15,1,2,1,1,7,08327,M,"49,7123760","4,7769140",08
202000025733,20,10,3,09:12,1,1,1,2,6,05162,M,"44,4391350","6,0294340",05
202000025734,20,10,2,21:38,4,1,9,3,3,69112,M,"45,8239850","4,6863770",69
202000025735,20,10,3,23:30,3,1,1,1,-1,06027,M,"43,6585890","7,1487950",06
202000025736,20,10,4,12:35,1,1,1,1,6,14119,M,"49,1682330"," -0,2613010",14
202000025737,20,10,3,16:40,1,1,1,8,6,28367,M,"48,1475630","1,8558740",28
202000025738,20,10,4,03:25,3,1,1,1,6,98825,C," -21,2739300","164,9695300",988
202000025739,20,10,3,18:45,3,2,1,1,7,97607,Y," -12,8378780","45,1586130",976
202000025740,20,10,2,19:50,3,1,4,2,3,97117,A,"16,3142290"," -61,3642270",971
202000025741,20,10,4,05:00,3,1,1,1,6,2B029,M,"42,6936340","9,3747280",2B
202000025742,20,10,3,16:05,1,2,1,1,1,2A114,M,"41,4862060","9,1243600",2A
202000025743,20,10,4,14:50,1,1,1,1,2,66230,M,"42,6457180","2,5115400",66
202000025744,20,10,3,10:40,1,1,1,2,6,84103,M,"43,9160110","5,4628500",84
202000025745,20,10,4,11:00,1,1,1,2,7,89080,M,"48,2684260","3,2973150",89
202000025746,20,10,3,09:45,1,2,1,2,1,52269,M,"47,8698550","5,3401280",52
202000025747,20,10,3,19:00,2,2,9,2,6,38087,M,"45,5751400","4,8116400",38
202000025748,20,10,4,02:30,3,1,1,1,7,22214,M,"48,7203430"," -3,0142020",22
202000025749,20,10,2,15:30,1,2,9,2,3,02684,M,"49,9194400","4,1231880",02
202000025750,20,10,3,20:00,3,1,9,1,3,59586,M,"50,5174110","3,1443210",59
202000025751,20,10,3,05:15,5,1,1,8,6,13203,M,"43,3315500","5,3770300",13
202000025752,20,10,2,15:45,1,1,1,2,6,13055,M,"43,3385000","5,3767100",13
202000025753,20,10,3,17:10,1,1,1,3,6,33063,M,"44,8838900"," -0,5583500",33
202000025754,20,10,3,10:05,1,1,1,2,6,33063,M,"44,8844400"," -0,5591500",33
202000025755,20,10,3,10:37,1,1,1,1,-1,91617,M,"48,6351600","2,5355800",91
202000025756,20,10,3,09:00,1,1,1,2,2,91471,M,"48,7120000","2,1843000",91
202000025757,20,10,3,07:36,1,1,1,1,6,91340,M,"48,6088000","2,4352000",91
202000025758,20,10,3,03:00,3,1,1,2,6,91340,M,"48,6089740","2,4383150",91
202000025759,20,10,3,09:00,1,1,1,1,6,92025,M,"48,9350045","2,2592929",92
202000025760,20,10,2,20:50,3,1,1,2,2,78206,M,"48,9521000","1,9418000",78
202000025761,20,10,2,19:55,5,1,1,2,2,78640,M,"48,7776540","2,2210270",78
202000025762,20,10,2,16:50,1,1,1,2,3,78126,M,"48,8399390","2,1166870",78
202000025763,20,10,3,20:00,3,1,1,2,2,95151,M,"49,0634700","2,2713400",95
202000025764,20,10,2,19:45,3,1,1,2,6,95394,M,"49,0507000","2,1816300",95
202000025765,20,4,15,19:00,1,2,1,1,6,54395,M,"48,7059320","6,1532840",54
202000025766,20,2,12,08:15,1,2,1,1,6,41269,M,"47,7944900","1,0725000",41
202000025767,20,4,15,17:19,1,2,1,1,7,37261,M,"47,3743044","0,6731637",37
202000025768,20,4,15,07:45,1,2,1,1,3,26281,M,"45,0442300","5,0859800",26
202000025769,20,4,15,00:40,3,1,1,1,6,17028,M,"46,1227000"," -1,1099000",17
202000025770,20,4,14,10:55,1,2,6,1,3,05061,M,"44,5579045","6,0687958",05
202000025771,20,4,15,11:35,1,2,2,1,6,75118,M,"48,8911950","2,3516220",75
202000025772,20,4,15,10:30,1,2,1,1,3,75116,M,"48,8535630","2,2662250",75
202000025773,20,4,15,13:30,1,2,1,1,6,75109,M,"48,8752050","2,3481120",75
202000025774,20,4,15,06:10,2,2,1,1,6,94078,M,"48,7277600","2,4477700",94
202000025775,20,4,14,12:05,1,2,2,1,3,94068,M,"48,7980000","2,4880000",94
202000025776,20,4,15,20:50,5,2,2,1,6,93048,M,"48,8572500","2,4315700",93
202000025777,20,4,15,18:40,1,2,3,1,3,93008,M,"48,9070500","2,4295400",93
202000025778,20,4,15,20:20,1,2,3,1,6,92049,M,"48,8120070","2,3008180",92
202000025779,20,4,15,08:50,1,2,2,1,3,92025,M,"48,9240124","2,2525740",92
202000025780,20,4,9,12:15,1,2,9,1,3,02765,M,"49,5188410","3,5540470",02
202000025781,20,3,13,01:10,5,2,3,1,3,01244,M,"45,9092250","5,1947790",01
202000025782,20,4,15,11:00,1,1,1,1,6,16136,M,"46,0073816","0,1677318",16
202000025783,20,4,15,14:00,1,1,9,1,-1,69277,M,"45,7217390","5,0236700",69
202000025784,20,4,16,09:40,1,2,9,1,6,63178,M,"45,5415300","3,2493440",63
202000025785,20,4,10,17:15,1,1,1,1,6,61214,M,"48,7763820","0,5777750",61
202000025786,20,4,14,18:30,1,1,2,1,3,47250,M,"44,2896980","0,3118340",47
202000025787,20,4,16,08:14,1,1,1,1,6,44079,M,"47,2143505"," -1,2899542",44
202000025788,20,3,15,17:00,1,2,1,1,2,44115,M,"47,3458750"," -1,2854060",44
202000025789,20,4,16,01:00,3,2,1,1,6,29152,M,"48,2398880"," -3,5994057",29
202000025790,20,4,15,17:45,1,2,1,1,1,38416,M,"45,1567700","5,3212900",38
202000025791,20,4,16,15:45,1,1,1,1,6,03280,M,"46,2115031","2,6125817",03
202000025792,20,4,15,07:50,1,2,3,1,3,01183,M,"46,1107010","4,7805230",01
202000025793,20,4,16,00:00,3,2,3,1,6,01022,M,"45,8719047","5,6912267",01
202000025794,20,4,15,07:30,1,1,1,1,6,26011,M,"44,7143510","5,0467952",26
202000025795,20,4,15,19:45,2,2,1,1,1,64045,M,"43,2537680"," -1,0309770",64
202000025796,20,4,15,09:00,1,1,1,7,7,37054,M,"47,4745821","0,6632863",37
202000025797,20,4,15,11:35,1,1,3,1,3,53046,M,"47,9372700"," -0,5091320",53
202000025798,20,4,15,21:40,3,1,1,1,7,66017,M,"42,7960070","3,0266130",66
202000025799,20,4,16,11:10,1,1,2,1,5,38556,M,"45,3671900","4,8371200",38
202000025800,20,4,16,04:40,5,2,4,1,1,79049,M,"46,8359650"," -0,4979680",79
202000025801,20,4,15,10:30,1,1,8,1,1,72264,M,"47,8447960"," -0,3782370",72
202000025802,20,4,15,13:15,1,2,6,1,7,22272,M,"48,5607820"," -3,1297520",22
202000025803,20,4,16,20:50,2,2,1,1,6,60612,M,"49,1960430","2,5675820",60
202000025804,20,4,14,20:05,2,1,1,1,2,59350,M,"50,6185130","3,0809250",59
202000025805,20,4,15,18:13,1,1,1,1,3,92019,M,"48,7718822","2,2433127",92
202000025806,20,4,15,01:50,3,1,1,1,6,93053,M,"48,9011900","2,4692700",93
202000025807,20,1,29,07:50,2,1,1,1,6,59378,M,"50,6572530","3,1114650",59
202000025808,20,4,13,19:05,3,2,1,1,1,98818,C," -22,2622200","166,4717800",988
202000025809,20,4,14,14:40,1,2,2,1,3,97302,G,"4,9341755"," -52,3204136",973
202000025810,20,4,14,09:50,1,2,3,1,3,69387,M,"45,7466500","4,8441400",69
202000025811,20,4,14,04:40,3,1,1,1,6,95539,M,"49,0074400","2,3539800",95
202000025812,20,4,14,10:40,1,2,9,1,3,91549,M,"48,6258800","2,3421000",91
202000025813,20,4,14,15:00,1,1,1,1,2,91223,M,"48,4407000","2,1740500",91
202000025814,20,4,8,03:00,3,1,1,1,6,83034,M,"43,1133400","6,0548800",83
202000025815,20,4,14,19:00,1,2,1,1,1,57487,M,"49,1073222","6,1070077",57
202000025816,20,4,13,21:45,5,2,6,1,2,56121,M,"47,7479600"," -3,3884700",56
202000025817,20,4,12,10:30,1,2,1,1,7,56098,M,"47,7595200"," -3,3254400",56
202000025818,20,4,9,04:20,3,1,1,1,6,54149,M,"49,4373000","5,9252000",54
202000025819,20,4,8,10:45,1,2,1,1,1,54323,M,"49,5284000","5,7633000",54
202000025820,20,4,14,09:45,1,2,1,1,6,45169,M,"47,9267610","1,8315240",45
202000025821,20,4,14,08:10,1,2,1,1,5,45234,M,"47,9237291","1,9351703",45
202000025822,20,4,14,20:50,5,2,1,1,1,37261,M,"47,3831222","0,6894884",37
202000025823,20,4,10,22:30,5,2,1,1,7,35238,M,"48,1063770"," -1,6729580",35
202000025824,20,4,14,11:15,1,2,2,1,3,13206,M,"43,2832000","5,3810900",13
202000025825,20,4,14,09:05,1,2,1,1,6,06069,M,"43,6501390","6,9226190",06
202000025826,20,4,14,17:10,1,2,1,1,3,75114,M,"48,8194170","2,3282900",75
202000025827,20,4,14,19:00,1,2,2,1,2,75115,M,"48,8410980","2,2879040",75
202000025828,20,4,13,11:35,1,2,3,1,6,75112,M,"48,8381870","2,3994150",75
202000025829,20,4,14,16:45,1,2,1,1,6,75111,M,"48,8668260","2,3721270",75
202000025830,20,4,14,14:05,1,2,1,1,2,75111,M,"48,8602380","2,3885590",75
202000025831,20,4,14,16:00,1,2,2,1,3,75110,M,"48,8731700","2,3614840",75
202000025832,20,4,14,18:45,1,2,1,1,6,94081,M,"48,7963000","2,3843000",94
202000025833,20,4,14,19:15,1,2,1,1,6,94017,M,"48,8104200","2,5367700",94
202000025834,20,4,14,17:00,1,2,1,1,3,93064,M,"48,8777020","2,4796070",93
202000025835,20,4,11,16:20,1,2,3,1,2,92063,M,"48,8747980","2,2009940",92
202000025836,20,4,14,17:15,1,2,1,1,1,97222,A,"14,6954850"," -60,9701090",972
202000025837,20,4,14,10:20,1,2,1,1,3,97229,A,"14,6089070"," -61,0923420",972
202000025838,20,4,15,00:45,5,2,1,1,6,91553,M,"48,6308630","2,4970610",91
202000025839,20,4,14,17:10,1,1,4,1,3,46083,M,"45,0099120","1,5770590",46
202000025840,20,4,15,13:30,1,1,1,1,6,60515,M,"49,4791955","2,5288068",60
202000025841,20,4,14,17:50,1,1,1,1,6,16134,M,"45,8719062","0,6621208",16
202000025842,20,4,14,08:55,1,1,1,7,7,87012,M,"46,0614880","1,1150850",87
202000025843,20,4,14,11:30,1,2,6,1,3,35352,M,"48,0451670"," -1,6046580",35
202000025844,20,4,10,11:00,1,1,1,1,6,69115,M,"45,9762670","4,7342710",69
202000025845,20,4,14,20:45,5,1,1,1,7,2A300,M,"41,6565170","9,3029585",2A
202000025846,20,4,14,17:50,1,1,1,1,1,14015,M,"49,2498690"," -0,4022400",14
202000025847,20,4,14,16:00,1,1,1,1,7,13202,M,"43,2940509","5,3639865",13
202000025848,20,4,9,20:45,2,1,1,1,6,59646,M,"50,6833460","3,1120320",59
202000025849,20,4,13,20:02,1,1,9,1,7,78217,M,"48,9657590","1,8092660",78
202000025850,20,4,14,15:30,1,1,1,1,2,77372,M,"48,8756100","2,6689860",77
202000025851,20,4,13,19:30,5,2,1,1,3,97302,G,"4,9335128"," -52,3263681",973
202000025852,20,4,13,14:00,1,2,2,1,3,69386,M,"45,7663769","4,8672259",69
202000025853,20,4,12,11:23,1,2,1,1,6,45068,M,"48,0196300","2,7152700",45
202000025854,20,4,13,21:15,3,1,1,1,6,07316,M,"44,8860640","4,8542030",07
202000025855,20,4,13,20:05,2,2,1,1,6,75120,M,"48,8622070","2,4109700",75
202000025856,20,4,13,16:10,1,2,2,1,3,75119,M,"48,8828090","2,3702800",75
202000025857,20,4,12,11:28,1,2,2,1,3,75112,M,"48,8318250","2,3976620",75
202000025858,20,4,13,19:55,1,2,1,1,6,93078,M,"48,9562810","2,5412340",93
202000025859,20,4,13,22:30,3,1,1,1,6,54070,M,"48,7966170","6,3502910",54
202000025860,20,4,14,16:24,1,1,1,1,7,10290,M,"48,2593310","3,6538180",10
202000025861,20,4,14,07:50,1,2,3,7,1,67445,M,"48,2879181","7,4276447",67
202000025862,20,4,14,16:30,1,1,1,7,1,12267,M,"44,0662240","2,5158900",12
202000025863,20,4,14,08:00,1,2,1,7,6,86226,M,"46,5588280","0,5076970",86
202000025864,20,4,14,06:50,3,2,1,1,6,97410,R," -21,0741390","55,7399830",974
202000025865,20,4,14,09:50,1,2,1,1,7,26333,M,"45,1803630","4,8139830",26
202000025866,20,4,14,08:15,1,1,1,1,6,62123,M,"50,5740390","1,8223880",62
202000025867,20,4,14,14:30,1,1,2,1,1,44069,M,"47,3445860"," -2,3527560",44
202000025868,20,4,12,11:37,1,1,1,1,7,35243,M,"48,3615024"," -1,2804077",35
202000025869,20,4,14,14:15,1,2,2,1,1,03082,M,"46,2878708","2,7399411",03
202000025870,20,4,14,16:10,1,2,9,1,7,03084,M,"46,4741217","2,8234217",03
202000025871,20,4,13,21:00,3,1,1,1,6,01269,M,"46,1626340","5,5961770",01
202000025872,20,4,14,13:48,1,1,1,1,5,38351,M,"45,5359100","5,2276000",38
202000025873,20,4,9,00:10,5,2,1,1,3,97312,G,"5,3795824"," -52,9578495",973
202000025874,20,4,13,19:00,1,2,1,1,6,28355,M,"48,8561740","1,5312890",28
202000025875,20,4,4,11:35,1,2,1,1,6,83071,M,"43,1373320","6,2328690",83
202000025876,20,4,13,15:35,1,1,1,7,6,33498,M,"44,5869650"," -0,7757970",33
202000025877,20,4,13,18:50,1,1,1,1,6,85129,M,"46,8385630"," -1,4669320",85
202000025878,20,4,12,17:50,5,2,1,2,2,97411,R," -20,9260000","55,4736000",974
202000025879,20,4,11,09:30,1,2,1,2,1,97411,R," -20,9122730","55,5065960",974
202000025880,20,4,12,20:25,3,1,1,1,7,97302,G,"4,9075000"," -52,3220000",973
202000025881,20,4,12,17:00,1,2,1,1,7,97213,A,"14,6208000"," -60,9488000",972
202000025882,20,4,11,21:30,3,1,1,1,6,97209,A,"14,6151600"," -61,0407800",972
202000025883,20,4,12,16:40,1,2,1,-1,6,91174,M,"48,5987000","2,4763200",91
202000025884,20,4,12,17:55,1,2,1,1,7,83137,M,"43,1186200","5,9359600",83
202000025885,20,4,12,10:05,1,2,1,1,6,60057,M,"49,4313393","2,1081884",60
202000025886,20,4,11,20:10,1,1,1,1,7,44109,M,"47,1932400"," -1,6136400",44
202000025887,20,4,8,20:30,3,1,1,1,6,35278,M,"48,1639800"," -1,6824700",35
202000025888,20,4,12,20:25,2,1,9,1,7,35238,M,"48,1009900"," -1,7145200",35
202000025889,20,4,12,14:00,1,2,1,1,7,30007,M,"44,1449660","4,0726850",30
202000025890,20,4,11,09:50,1,2,6,1,3,29039,M,"47,8883900"," -3,9188700",29
202000025891,20,4,11,17:30,1,1,1,1,6,14069,M,"49,1288500","0,2473670",14
202000025892,20,4,12,23:30,5,2,1,1,6,06069,M,"43,6423360","6,9378990",06
202000025893,20,4,11,21:35,5,2,2,1,6,75116,M,"48,8639600","2,2773880",75
202000025894,20,4,12,21:30,5,2,2,1,3,93070,M,"48,9105000","2,3441000",93
202000025895,20,4,12,18:40,1,2,1,1,6,95205,M,"49,0346040","2,3726510",95
202000025896,20,4,11,12:00,1,1,1,1,7,58086,M,"47,3898590","2,9397760",58
202000025897,20,4,12,23:45,3,2,1,1,6,62439,M,"50,7980560","1,8758620",62
202000025898,20,4,12,16:15,1,2,2,1,3,62859,M,"50,2289310","2,2092390",62
202000025899,20,4,12,21:50,5,2,1,1,6,47106,M,"44,4971170","0,9895170",47
202000025900,20,4,12,09:45,1,1,1,1,6,01258,M,"46,0968010","4,7737800",01
202000025901,20,4,12,21:10,3,1,1,1,7,50425,M,"49,5291220"," -1,6527180",50
202000025902,20,4,12,20:30,2,1,1,1,1,28147,M,"48,5356150","1,2407520",28
202000025903,20,4,12,15:10,1,1,1,1,7,17463,M,"45,9735310"," -0,9892200",17
202000025904,20,4,13,10:05,1,2,1,1,6,84054,M,"43,9132520","5,0533140",84
202000025905,20,4,9,21:40,3,1,2,1,3,35089,M,"47,8820726"," -1,4942728",35
202000025906,20,4,12,09:20,1,1,1,1,7,13005,M,"43,2890685","5,5596029",13
202000025907,20,4,12,00:55,3,1,1,1,2,33075,M,"44,8868900"," -0,6210100",33
202000025908,20,4,12,04:31,3,1,1,1,6,91286,M,"48,6576840","2,3762880",91
202000025909,20,4,11,17:30,1,2,3,1,5,98818,C," -22,2309900","166,4496400",988
202000025910,20,4,9,02:00,5,1,1,1,6,97213,A,"14,6225000"," -61,0238800",972
202000025911,20,4,10,19:35,5,1,1,1,3,97209,A,"14,6187000"," -61,0609000",972
202000025912,20,4,10,21:05,5,2,3,1,6,91201,M,"48,6793000","2,4127500",91
202000025913,20,4,10,17:12,1,1,3,1,6,77294,M,"48,9843408","2,6229858",77
202000025914,20,4,11,15:10,1,2,1,1,6,37261,M,"47,3817806","0,7045778",37
202000025915,20,4,10,17:35,1,2,8,1,2,34172,M,"43,6305300","3,8417700",34
202000025916,20,4,10,21:20,5,2,3,1,2,75111,M,"48,8606480","2,3783280",75
202000025917,20,4,10,21:20,5,2,7,1,6,75107,M,"48,8514270","2,3144670",75
202000025918,20,4,11,18:40,1,2,1,1,6,93032,M,"48,8687866","2,5680114",93
202000025919,20,4,11,15:55,1,2,1,1,3,92025,M,"48,9287730","2,2543690",92
202000025920,20,4,11,02:02,5,2,6,1,7,92023,M,"48,7843970","2,2346910",92
202000025921,20,4,11,18:30,1,1,1,1,7,28196,M,"48,2813400","1,2515990",28
202000025922,20,4,11,15:30,1,1,1,1,6,97223,A,"14,5499290"," -60,8998130",972
202000025923,20,4,11,17:00,1,1,9,1,6,78104,M,"48,9507920","1,7184810",78
202000025924,20,4,11,19:15,1,1,3,1,7,10416,M,"48,2028460","4,1040000",10
202000025925,20,4,12,13:07,1,1,1,1,6,49244,M,"47,3417310"," -0,8692930",49
202000025926,20,4,12,01:45,4,2,1,1,7,77529,M,"48,8496160","2,8950210",77
202000025927,20,4,11,09:56,1,2,2,1,3,78442,M,"48,8154200","1,8999430",78
202000025928,20,4,12,03:10,3,1,1,1,1,38412,M,"45,3830300","5,7095300",38
202000025929,20,4,12,02:00,3,1,1,1,6,26197,M,"44,9411600","5,0286270",26
202000025930,20,4,10,21:00,3,1,2,1,3,59308,M,"50,7527440","2,4743140",59
202000025931,20,4,11,14:30,1,1,1,1,7,92050,M,"48,9012352","2,2056274",92
202000025932,20,4,11,16:50,1,1,1,1,6,93027,M,"48,9271000","2,4034700",93
202000025933,20,4,10,22:40,5,1,1,1,6,93066,M,"48,9281100","2,3580300",93
202000025934,20,4,10,17:00,1,1,1,1,2,94052,M,"48,8269600","2,4681800",94
202000025935,20,4,10,06:15,1,2,2,1,3,98818,C," -22,2420783","166,4574211",988
202000025936,20,4,11,03:05,5,1,1,1,6,97407,R," -20,9555000","55,3119900",974
202000025937,20,4,10,18:30,2,2,1,1,-1,97302,G,"4,9294135"," -52,3327571",973
202000025938,20,4,10,08:30,1,2,2,1,3,97302,G,"4,9394973"," -52,3343664",973
202000025939,20,4,9,11:50,1,2,9,1,3,97302,G,"4,9234529"," -52,3125137",973
202000025940,20,4,10,15:50,1,2,1,1,1,97209,A,"14,6195000"," -61,0438000",972
202000025941,20,4,10,15:11,1,2,6,1,3,91692,M,"48,6765500","2,1669500",91
202000025942,20,4,9,17:35,1,1,1,1,1,78335,M,"48,9850000","1,7278700",78
202000025943,20,4,9,23:00,5,1,1,1,7,76319,M,"49,3382604","1,0140420",76
202000025944,20,4,9,15:00,1,2,1,1,6,64122,M,"43,4811190"," -1,5376270",64
202000025945,20,4,10,10:30,1,2,2,1,3,59648,M,"50,5848100","3,0432900",59
202000025946,20,4,10,15:55,1,2,1,1,1,56260,M,"47,6510000"," -2,7829000",56
202000025947,20,4,9,13:00,1,2,6,1,3,56098,M,"47,7597500"," -3,3309500",56
202000025948,20,4,10,14:24,1,2,1,1,1,45234,M,"47,9069700","1,9039000",45
202000025949,20,4,10,23:50,5,1,1,1,6,38421,M,"45,1666000","5,7575000",38
202000025950,20,4,10,17:10,1,1,1,1,-1,35051,M,"48,1372600"," -1,5775700",35
202000025951,20,4,10,20:30,5,2,1,1,1,34172,M,"43,6042500","3,8580200",34
202000025952,20,4,10,21:40,5,2,1,1,6,33063,M,"44,8580200"," -0,5699200",33
202000025953,20,4,9,19:55,2,1,1,1,6,31555,M,"43,5755838","1,4414885",31
202000025954,20,4,9,14:40,1,2,3,1,3,31149,M,"43,6038700","1,3138400",31
202000025955,20,12,18,11:00,1,1,6,1,3,72054,M,"48,0076110","0,3381730",72
202000025956,20,12,17,17:00,5,2,1,9,3,06010,M,"43,6984350","6,9860530",06
202000025957,20,12,18,01:00,3,1,1,1,6,14576,M,"48,9648360","0,1706740",14
202000025958,20,12,17,12:50,1,1,1,8,1,64259,M,"43,2844300"," -1,2370290",64
202000025959,20,12,18,18:00,3,1,1,1,1,64371,M,"43,2322120"," -0,8777900",64
202000025960,20,12,17,17:50,3,1,1,1,2,18124,M,"47,0957500","2,0920800",18
202000025961,20,12,18,07:30,3,1,1,1,6,10194,M,"48,2969560","4,7279830",10
202000025962,20,12,17,17:45,5,2,1,3,6,07319,M,"44,5483680","4,6815700",07
202000025963,20,12,18,08:00,5,2,1,8,6,85047,M,"46,8484670"," -1,8723960",85
202000025964,20,12,6,02:15,3,2,1,2,2,28236,M,"48,3244510","0,8319650",28
202000025965,20,12,18,17:00,5,2,1,2,6,48080,M,"44,7289000","3,8592320",48
202000025966,20,12,18,10:25,1,1,1,1,7,10380,M,"48,5147030","4,1742990",10
202000025967,20,12,18,15:35,1,1,1,1,2,38545,M,"45,0533300","5,6861900",38
202000025968,20,12,16,06:30,3,1,1,1,4,40291,M,"43,6620970"," -1,3262990",40
202000025969,20,12,18,14:15,1,2,2,1,3,49323,M,"47,5196060"," -0,4361110",49
202000025970,20,12,17,20:10,3,1,1,5,2,88390,M,"48,1401365","5,6816483",88
202000025971,20,12,17,20:13,5,1,1,1,1,06085,M,"43,5754710","6,9776490",06
202000025972,20,11,8,11:50,1,1,9,2,-1,69112,M,"45,8237530","4,6865170",69
202000025973,20,12,16,19:30,3,1,1,1,1,98724,P," -16,7273840"," -151,0112500",987
202000025974,20,12,17,18:30,5,2,6,1,7,98817,C," -22,2761900","166,6369340",988
202000025975,20,12,18,17:00,1,1,1,1,2,97418,R," -20,8978670","55,5766580",974
202000025976,20,12,17,19:30,3,1,1,2,7,97311,G,"5,4297436"," -54,0401173",973
202000025977,20,11,19,07:55,1,1,2,1,3,97117,A,"16,3269120"," -61,3662490",971