Num_Acc,an,mois,jour,hrmn,lum,agg,int,atm,col,com,gps,lat,long,dep
202000025978,20,12,18,15:15,1,1,1,1,1,97801,,"18,0806720"," -63,0745050",978
202000025979,20,12,17,10:10,1,1,1,8,1,41206,M,"47,6349740","1,3580990",41
202000025980,20,12,18,17:10,3,1,1,1,7,77328,M,"48,3051140","2,4373340",77
202000025981,20,12,18,14:30,1,2,1,1,3,95355,M,"49,1547910","1,7910720",95
202000025982,20,12,17,19:40,5,2,1,8,1,91136,M,"48,7044500","2,2799060",91
202000025983,20,12,17,11:30,1,2,6,8,3,66210,M,"42,6280810","2,7567530",66
202000025984,20,12,17,12:20,1,1,9,8,1,34151,M,"43,6137390","4,1434980",34
202000025985,20,12,17,10:50,1,1,1,2,5,34145,M,"43,6775950","4,1507180",34
202000025986,20,12,18,18:48,5,2,1,1,6,13015,M,"43,4441480","5,3975920",13
202000025987,20,12,18,14:30,1,1,1,1,1,27439,M,"49,0645600","1,1638640",27
202000025988,20,12,18,15:05,1,1,1,7,1,62589,M,"50,3499060","2,6861930",62
202000025989,20,12,18,11:00,1,2,4,7,6,59249,M,"50,0179880","4,0480650",59
202000025990,20,12,17,16:00,1,1,1,1,4,13215,M,"43,3529600","5,3654800",13
202000025991,20,12,16,18:40,5,1,1,1,4,13211,M,"43,2869300","5,4362200",13
202000025992,20,12,16,08:30,1,1,1,1,4,13055,M,"43,2883775","5,4245492",13
202000025993,20,12,17,08:43,1,1,1,1,5,83129,M,"43,1203800","5,8449200",83
202000025994,20,12,16,08:35,1,1,1,1,5,33167,M,"44,8458200"," -0,5023900",33
202000025995,20,12,17,08:05,2,1,1,1,3,91377,M,"48,7275600","2,3039600",91
202000025996,20,12,17,09:37,1,1,1,2,2,94003,M,"48,7990300","2,3437300",94
202000025997,20,12,17,08:55,2,1,1,8,4,91432,M,"48,6937000","2,3201000",91
202000025998,20,12,17,08:15,4,1,1,1,6,91136,M,"48,7129000","2,2832000",91
202000025999,20,12,16,19:00,4,1,1,1,4,94021,M,"48,7600000","2,3383000",94
202000026000,20,12,16,12:00,1,1,1,1,5,91589,M,"48,6774100","2,3379200",91
202000026001,20,12,16,18:10,5,1,1,1,2,92026,M,"48,8876452","2,2517413",92
202000026002,20,12,17,08:30,1,1,1,2,6,92050,M,"48,9181388","2,2227647",92
202000026003,20,12,17,08:15,5,1,1,1,7,93010,M,"48,8920200","2,4731900",93
202000026004,20,12,16,18:20,4,1,1,1,4,95582,M,"48,9657400","2,2592900",95
202000026005,20,12,16,18:20,3,1,1,1,2,95018,M,"48,9565900","2,2770800",95
202000026006,20,12,17,18:30,5,1,1,8,3,75112,M,"48,8200100","2,4600000",75
202000026007,20,7,26,02:00,3,1,1,2,6,02738,M,"49,6647700","3,2723400",02
202000026008,20,12,16,17:35,1,1,1,1,3,97416,R," -21,3021600","55,4256500",974
202000026009,20,12,16,16:15,1,2,1,1,3,97411,R," -20,9076500","55,5004700",974
202000026010,20,12,16,19:30,4,2,9,1,2,97302,G,"4,9236467"," -52,3197430",973
202000026011,20,12,16,06:27,5,2,1,1,6,97302,G,"4,9366768"," -52,3259497",973
202000026012,20,12,16,17:45,5,2,1,1,2,69388,M,"45,7339500","4,8768400",69
202000026013,20,12,16,12:45,1,2,1,1,3,69383,M,"45,7593900","4,8583000",69
202000026014,20,12,16,06:42,5,2,2,1,3,69387,M,"45,7515940","4,8456600",69
202000026015,20,12,13,04:55,5,2,1,1,7,69387,M,"45,7551500","4,8425500",69
202000026016,20,12,16,15:10,1,1,1,1,4,97213,A,"14,5961052"," -60,9893990",972
202000026017,20,12,15,17:22,1,1,1,2,3,97213,A,"14,6250300"," -60,9761000",972
202000026018,20,12,16,09:30,1,1,1,1,1,97209,A,"14,6230200"," -61,0721800",972
202000026019,20,12,16,07:55,1,1,9,1,3,97101,A,"16,2526100"," -61,4447600",971
202000026020,20,12,15,22:09,5,2,6,1,6,91021,M,"48,5987700","2,2451200",91
202000026021,20,12,12,12:40,1,2,6,1,7,91021,M,"48,5980000","2,2456100",91
202000026022,20,12,16,11:22,1,2,1,1,2,91691,M,"48,7154100","2,4901800",91
202000026023,20,12,16,05:00,3,1,9,5,6,91223,M,"48,4344270","2,1697280",91
202000026024,20,12,11,18:52,2,2,3,2,3,87085,M,"45,8334000","1,2574800",87
202000026025,20,12,15,12:15,1,2,1,1,3,80021,M,"49,9038000","2,2950640",80
202000026026,20,12,14,17:50,3,2,1,2,3,80021,M,"49,8853900","2,3201500",80
202000026027,20,11,30,19:00,3,2,2,1,3,79191,M,"46,3408600"," -0,4891800",79
202000026028,20,12,15,18:00,5,2,1,1,2,76540,M,"49,4589100","1,1289700",76
202000026029,20,12,16,18:30,5,2,6,1,1,73065,M,"45,5818800","5,8874100",73
202000026030,20,12,15,18:45,5,2,1,3,6,71040,M,"46,6863598","4,3905374",71
202000026031,20,12,16,17:20,2,2,1,8,6,71153,M,"46,7952538","4,4426853",71
202000026032,20,12,3,17:30,5,2,1,2,4,69013,M,"46,0141800","4,7253400",69
202000026033,20,12,15,17:00,5,2,4,2,3,69013,M,"46,0134363","4,7075381",69
202000026034,20,12,14,18:30,5,2,1,1,3,66136,M,"42,7346900","2,8901500",66
202000026035,20,12,14,08:07,5,2,1,1,4,66037,M,"42,7063924","2,9903250",66
202000026036,20,12,16,17:45,5,2,1,1,3,64445,M,"43,2990000"," -0,3636700",64
202000026037,20,12,15,10:30,1,2,9,1,3,64024,M,"43,4815049"," -1,5104089",64
202000026038,20,12,14,12:05,1,2,1,1,2,64102,M,"43,4909800"," -1,4950400",64
202000026039,20,12,15,19:40,5,2,1,1,6,63075,M,"45,7717930","3,0596537",63
202000026040,20,12,15,07:42,5,2,4,1,6,63113,M,"45,7720326","3,0986513",63
202000026041,20,12,14,06:30,5,2,5,1,2,63113,M,"45,7693731","3,0909110",63
202000026042,20,12,16,22:29,3,2,1,2,3,59560,M,"50,5406300","3,0419900",59
202000026043,20,12,5,12:50,1,2,6,1,6,58194,M,"46,9940900","3,1363800",58
202000026044,20,12,15,17:50,4,1,1,2,4,56098,M,"47,7783700"," -3,3519100",56
202000026045,20,12,15,09:00,1,2,6,2,3,56083,M,"47,8154800"," -3,2439500",56
202000026046,20,12,14,13:15,1,2,2,1,3,50129,M,"49,6391100"," -1,6379300",50
202000026047,20,12,14,08:20,2,2,1,1,3,49007,M,"47,4756500"," -0,5639500",49
202000026048,20,12,15,20:35,5,2,1,1,7,49007,M,"47,4692664"," -0,5580658",49
202000026049,20,12,15,17:48,1,1,1,1,2,49267,M,"47,4864200"," -0,4976100",49
202000026050,20,12,15,15:24,1,2,1,1,2,49007,M,"47,4629000"," -0,5323000",49
202000026051,20,12,15,08:15,5,2,6,8,6,44184,M,"47,2699600"," -2,2390400",44
202000026052,20,12,16,17:50,5,2,2,1,1,42071,M,"46,0221540","4,0840347",42
202000026053,20,12,16,16:13,1,2,2,1,5,42071,M,"46,0216700","4,0921200",42
202000026054,20,12,15,12:20,1,2,1,1,-1,37195,M,"47,3897708","0,6550162",37
202000026055,20,12,16,19:20,3,2,3,1,3,35055,M,"48,0863930"," -1,6266560",35
202000026056,20,12,15,16:25,1,2,2,9,6,33162,M,"44,8770400"," -0,6425100",33
202000026057,20,12,1,18:35,5,2,2,1,3,33063,M,"44,8546900"," -0,5698300",33
202000026058,20,12,10,17:37,5,2,1,2,6,33119,M,"44,8551200"," -0,5185900",33
202000026059,20,12,7,08:10,2,2,1,3,6,33063,M,"44,8778500"," -0,5753300",33
202000026060,20,12,16,20:10,3,1,1,1,7,27681,M,"49,0760600","1,4377600",27
202000026061,20,12,15,16:15,1,2,7,1,6,17306,M,"45,6259500"," -1,0178200",17
202000026062,20,12,16,18:20,5,2,2,2,3,17300,M,"46,1579900"," -1,1421900",17
202000026063,20,12,9,12:45,1,2,1,1,6,16015,M,"45,6337580","0,1651950",16
202000026064,20,12,16,09:35,1,2,1,1,2,14271,M,"49,1360100"," -0,3761000",14
202000026065,20,12,16,16:30,1,2,1,1,1,13209,M,"43,2623213","5,4134633",13
202000026066,20,12,16,13:41,1,2,3,1,3,13203,M,"43,3189390","5,3677210",13
202000026067,20,12,16,07:10,5,2,3,1,6,13215,M,"43,3575520","5,3575320",13
202000026068,20,12,15,17:39,5,2,1,1,3,13208,M,"43,2543300","5,3824900",13
202000026069,20,12,15,19:00,5,2,2,1,5,13215,M,"43,3604400","5,3575100",13
202000026070,20,12,15,18:25,3,1,1,8,6,13002,M,"43,3677200","5,5254300",13
202000026071,20,12,15,17:30,2,2,1,1,3,06027,M,"43,6561000","7,1547700",06
202000026072,20,12,16,14:53,1,2,2,1,3,75106,M,"48,8514770","2,3370700",75
202000026073,20,12,16,11:00,1,2,2,1,2,75105,M,"48,8444790","2,3524040",75
202000026074,20,10,16,13:45,1,2,3,1,6,75119,M,"48,8911350","2,3775560",75
202000026075,20,12,16,17:20,5,2,2,1,6,75116,M,"48,8651070","2,2988940",75
202000026076,20,12,15,06:30,5,2,3,2,6,75116,M,"48,8580100","2,2768680",75
202000026077,20,12,16,19:12,5,2,3,1,3,75115,M,"48,8359660","2,2936890",75
202000026078,20,12,16,18:15,5,2,2,1,6,75115,M,"48,8421590","2,2855450",75
202000026079,20,12,14,18:00,5,2,1,8,6,75115,M,"48,8366220","2,2985590",75
202000026080,20,12,16,07:20,5,2,1,1,3,75114,M,"48,8167610","2,3339710",75
202000026081,20,12,16,19:25,5,2,1,1,7,75112,M,"48,8387040","2,3933950",75
202000026082,20,12,16,14:50,1,2,1,1,3,75111,M,"48,8548080","2,3955300",75
202000026083,20,12,15,11:30,1,2,7,1,7,75108,M,"48,8668270","2,3221170",75
202000026084,20,12,16,08:40,1,2,1,1,3,75107,M,"48,8546730","2,3148500",75
202000026085,20,12,16,11:40,1,2,1,1,7,75103,M,"48,8615930","2,3626910",75
202000026086,20,12,15,17:55,5,2,3,1,6,75104,M,"48,8552200","2,3611480",75
202000026087,20,12,15,16:00,1,2,7,1,3,75102,M,"48,8706110","2,3320550",75
202000026088,20,12,16,14:25,1,2,1,1,3,94058,M,"48,8352026","2,4994637",94
202000026089,20,12,16,17:20,5,2,1,1,6,94037,M,"48,8165010","2,3512210",94
202000026090,20,12,16,12:30,1,2,1,1,7,94076,M,"48,7816200","2,3557000",94
202000026091,20,12,16,13:30,1,2,6,1,6,94021,M,"48,7715640","2,3471400",94
202000026092,20,12,16,08:20,1,2,1,8,2,94038,M,"48,7771720","2,3307320",94
202000026093,20,12,16,06:10,5,2,1,5,6,94017,M,"48,8188000","2,5114500",94
202000026094,20,12,15,09:30,1,2,3,3,1,94002,M,"48,7958300","2,4259400",94
202000026095,20,12,15,13:00,1,1,9,1,6,93073,M,"49,0034427","2,5367680",93
202000026096,20,12,15,11:00,1,2,1,8,2,93073,M,"49,0035836","2,5367561",93
202000026097,20,12,15,19:35,5,2,1,1,6,93001,M,"48,9170000","2,3818700",93
202000026098,20,12,15,19:30,3,2,1,1,3,93070,M,"48,9090000","2,3292300",93
202000026099,20,12,15,20:00,5,2,9,1,3,93066,M,"48,9181772","2,3538922",93
202000026100,20,12,16,11:20,1,2,1,1,6,93048,M,"48,8573094","2,4406891",93
202000026101,20,12,16,19:40,5,2,3,1,3,93074,M,"48,9323883","2,5673384",93
202000026102,20,12,16,18:50,5,2,1,1,3,93079,M,"48,9482061","2,3459738",93
202000026103,20,12,15,19:10,5,2,1,1,6,93029,M,"48,9202900","2,4190200",93
202000026104,20,12,15,07:45,5,2,6,1,6,93047,M,"48,9014000","2,5700000",93
202000026105,20,12,16,09:15,1,2,6,8,3,92072,M,"48,8253211","2,2159672",92
202000026106,20,12,2,17:30,5,2,1,1,6,92063,M,"48,8723000","2,2027000",92
202000026107,20,12,16,05:00,5,2,1,5,7,92036,M,"48,9261166","2,2847948",92
202000026108,20,12,15,21:45,5,2,1,1,7,92036,M,"48,9272870","2,3138406",92
202000026109,20,12,16,18:00,5,2,9,1,3,92026,M,"48,8993947","2,2459347",92
202000026110,20,12,16,15:35,1,2,1,1,7,92012,M,"48,8367705","2,2415677",92
202000026111,20,12,16,21:30,3,1,3,1,2,35126,M,"47,9535440"," -1,7794150",35
202000026112,20,12,17,07:45,3,1,1,1,1,80547,M,"49,9900012","2,6083517",80
202000026113,20,12,16,16:50,2,1,1,5,1,74101,M,"46,0873180","5,9371230",74
202000026114,20,12,15,12:30,1,2,3,1,3,06161,M,"43,6349590","7,1337390",06
202000026115,20,12,16,12:05,1,2,1,1,7,81286,M,"43,6581620","2,0312690",81
202000026116,20,12,16,17:30,3,1,1,1,2,41256,M,"47,3541900","2,0508710",41
202000026117,20,12,16,12:00,1,1,1,1,6,14543,M,"49,2006470"," -0,4867910",14
202000026118,20,12,17,18:00,3,1,3,1,1,71336,M,"46,7065172","4,9677392",71
202000026119,20,12,17,10:30,1,1,1,1,1,83018,M,"43,3588230","6,1981770",83
202000026120,20,12,16,18:00,3,1,1,1,5,51384,M,"48,9624930","3,8584010",51
202000026121,20,12,17,08:00,3,1,2,2,6,56251,M,"47,6523510"," -2,6312690",56
202000026122,20,12,16,14:30,1,2,1,1,-1,80620,M,"49,9317930","2,9413260",80
202000026123,20,12,15,21:00,5,2,1,5,2,80093,M,"50,0460610","2,1509920",80
202000026124,20,12,16,13:31,1,1,2,1,3,71378,M,"46,8752329","4,7523834",71
202000026125,20,12,17,07:20,3,1,1,1,1,61307,M,"48,8519380","0,2566120",61
202000026126,20,12,17,17:46,3,1,1,1,1,49304,M,"47,3183890"," -0,1556540",49
202000026127,20,12,16,09:35,1,1,1,8,5,39470,M,"46,4820900","6,0457100",39
202000026128,20,12,17,07:00,3,1,1,5,5,25196,M,"47,4880810","6,9010930",25
202000026129,20,12,16,09:25,1,1,8,1,5,35105,M,"48,1119370"," -1,1249390",35
202000026130,20,12,17,08:20,2,2,3,1,6,29075,M,"48,4343545"," -4,3978734",29
202000026131,20,12,17,15:40,1,2,3,2,3,01304,M,"46,0461650","5,3378160",01
202000026132,20,12,16,18:50,5,2,9,2,3,72180,M,"48,3506990","0,3683580",72
202000026133,20,12,17,15:00,1,1,3,1,3,50003,M,"49,0603770"," -1,5978940",50
202000026134,20,12,17,09:05,1,2,1,1,6,50615,M,"49,5101700"," -1,4744690",50
202000026135,20,12,16,18:20,3,1,1,1,5,73229,M,"45,4545071","5,7713680",73
202000026136,20,12,17,15:45,2,1,1,1,2,53266,M,"48,2954140"," -0,2867600",53
202000026137,20,12,16,17:50,3,1,3,1,1,28199,M,"48,2095990","1,8610140",28
202000026138,20,12,17,19:30,5,2,3,1,1,88081,M,"47,8864360","6,8568630",88
202000026139,20,12,16,12:13,1,1,1,8,-1,06088,M,"43,6685660","7,1984370",06
202000026140,20,12,15,22:15,3,1,9,1,6,86174,M,"46,7753300","0,4919400",86
202000026141,20,12,14,15:05,1,1,1,1,6,98748,P," -17,8272130"," -149,2423950",987
202000026142,20,12,16,15:20,1,1,1,1,6,97116,A,"16,3230840"," -61,4154200",971
202000026143,20,12,16,18:00,3,1,1,8,6,45191,M,"48,2945790","2,3377600",45
202000026144,20,12,17,14:00,1,1,1,1,7,78478,M,"48,4756160","1,8537980",78
202000026145,20,12,17,08:45,1,2,3,7,6,2B042,M,"42,5635320","9,4410590",2B
202000026146,20,12,17,18:05,3,1,1,1,1,34024,M,"43,4613450","3,6936270",34
202000026147,20,12,17,12:15,1,1,1,8,7,88084,M,"48,3984370","6,2819480",88
202000026148,20,12,16,18:20,5,2,3,5,1,74007,M,"46,0778190","6,3249060",74
202000026149,20,12,17,07:30,2,2,1,1,6,26119,M,"45,1185330","4,8211670",26
202000026150,20,1,16,13:40,1,1,2,1,3,80021,M,"49,8816000","2,2750000",80
202000026151,20,1,16,12:25,1,1,1,1,1,80164,M,"49,9188300","2,3680000",80
202000026152,20,1,17,08:49,1,2,6,2,3,77487,M,"48,5342100","2,6839000",77
202000026153,20,1,16,19:07,4,2,1,1,-1,76165,M,"49,2899100","1,0262500",76
202000026154,20,1,16,18:05,5,2,1,1,-1,76351,M,"49,4903800","0,1275600",76
202000026155,20,1,17,21:10,5,2,1,2,6,74012,M,"46,1942000","6,2393300",74
202000026156,20,1,16,21:25,5,2,1,1,2,72181,M,"47,9709417","0,1745099",72
202000026157,20,1,16,19:00,4,1,1,1,-1,66136,M,"42,6645180","2,9061250",66
202000026158,20,1,17,18:00,5,2,1,2,3,64445,M,"43,3189000"," -0,3612000",64
202000026159,20,1,17,08:00,2,2,1,1,3,64348,M,"43,3362600"," -0,3848400",64
202000026160,20,1,16,16:25,1,2,3,7,3,64284,M,"43,2879300"," -0,3898700",64
202000026161,20,1,16,08:35,1,2,3,1,3,64024,M,"43,4811000"," -1,5333700",64
202000026162,20,1,17,07:00,4,2,1,2,6,59271,M,"50,9993820","2,3055296",59
202000026163,20,1,16,18:45,5,2,3,3,6,56162,M,"47,7340200"," -3,4205400",56
202000026164,20,1,16,13:15,1,2,2,1,5,54395,M,"48,6893987","6,1697372",54
202000026165,20,1,16,15:46,1,2,1,1,1,54395,M,"48,6864488","6,1940186",54
202000026166,20,1,15,18:50,5,2,2,2,6,50129,M,"49,6395300"," -1,6162500",50
202000026167,20,1,16,11:40,1,2,6,1,3,50173,M,"49,6536100"," -1,6763100",50
202000026168,20,1,13,18:20,5,1,3,2,2,50203,M,"49,6105300"," -1,6169800",50
202000026169,20,1,17,16:00,1,2,1,1,6,45298,M,"47,8816000","1,8646700",45
202000026170,20,1,16,11:45,1,2,1,1,6,45068,M,"48,0128640","2,7358140",45
202000026171,20,1,18,00:00,5,2,2,1,1,37261,M,"47,4113079","0,6913081",37
202000026172,20,1,17,22:00,5,2,1,1,2,37122,M,"47,3559738","0,6986179",37
202000026173,20,1,16,14:02,1,2,2,1,6,37261,M,"47,3867944","0,7083877",37
202000026174,20,1,17,14:45,1,2,2,1,6,34172,M,"43,5966128","3,8449144",34
202000026175,20,1,17,22:05,5,2,2,1,1,33550,M,"44,7619300"," -0,5707300",33
202000026176,20,1,17,20:00,5,2,2,2,2,33039,M,"44,8077700"," -0,5538100",33
202000026177,20,1,5,13:30,1,2,1,1,2,33281,M,"44,8341100"," -0,6692100",33
202000026178,20,1,17,11:45,1,2,2,2,6,33192,M,"44,7739100"," -0,6132900",33
202000026179,20,1,17,08:05,1,2,2,2,1,33063,M,"44,8646100"," -0,5637900",33
202000026180,20,1,17,07:45,2,2,6,2,3,33281,M,"44,8162000"," -0,6805100",33
202000026181,20,1,5,15:50,1,2,6,1,1,33281,M,"44,8249300"," -0,6628500",33
202000026182,20,1,8,16:05,1,2,2,1,3,33281,M,"44,8435200"," -0,6729400",33
202000026183,20,1,7,13:40,1,2,1,1,6,33039,M,"44,7989300"," -0,5575100",33
202000026184,20,1,17,18:05,5,2,1,2,2,32013,M,"43,6598600","0,5991100",32
202000026185,20,1,17,08:03,1,2,1,1,4,31555,M,"43,6436200","1,4391000",31
202000026186,20,1,17,07:30,4,2,1,1,1,31157,M,"43,5530000","1,3746400",31
202000026187,20,1,16,19:20,3,1,1,1,4,31555,M,"43,6051050","1,3968730",31
202000026188,20,1,16,18:30,5,2,1,1,-1,31555,M,"43,5969700","1,4256640",31
202000026189,20,1,16,06:30,2,2,2,1,3,30189,M,"43,8344000","4,3509000",30
202000026190,20,1,16,10:34,1,2,3,1,1,29019,M,"48,3846209"," -4,4874500",29
202000026191,20,1,11,10:30,1,2,1,1,2,27375,M,"49,2182010","1,1668120",27
202000026192,20,1,13,18:00,2,2,1,1,6,26198,M,"44,5583010","4,7428430",26
202000026193,20,1,16,16:00,1,2,1,1,2,19031,M,"45,1517800","1,5026000",19
202000026194,20,1,17,21:40,5,2,1,2,7,17300,M,"46,1646990"," -1,1594150",17
202000026195,20,1,17,16:30,1,2,1,2,2,17299,M,"45,9403100"," -0,9654600",17
202000026196,20,1,16,10:55,1,2,1,1,6,15014,M,"44,9109010","2,4211730",15
202000026197,20,1,17,22:35,5,2,1,1,6,14366,M,"49,1402700","0,2272000",14
202000026198,20,1,17,13:22,1,2,2,2,1,14118,M,"49,1633800"," -0,3490900",14
202000026199,20,1,17,20:40,3,1,1,8,4,13117,M,"43,4695330","5,2319100",13
202000026200,20,1,17,14:40,1,2,3,2,3,13102,M,"43,4213760","5,2295187",13
202000026201,20,1,17,19:50,3,2,1,2,6,13212,M,"43,3059500","5,4129700",13
202000026202,20,1,17,22:45,5,2,1,1,6,13211,M,"43,2838780","5,4351740",13
202000026203,20,1,17,17:50,5,2,1,2,6,13209,M,"43,2620343","5,3971249",13
202000026204,20,1,17,14:35,1,2,9,2,3,13205,M,"43,2959000","5,3936500",13
202000026205,20,1,12,14:00,1,2,1,1,4,13215,M,"43,3583000","5,3428500",13
202000026206,20,1,16,18:00,5,2,1,1,3,13002,M,"43,3378030","5,4724760",13
202000026207,20,1,17,08:10,1,1,3,1,3,13001,M,"43,4874780","5,4229810",13
202000026208,20,1,14,11:40,1,1,1,1,3,12176,M,"44,3733700","2,5884700",12
202000026209,20,1,16,16:11,2,2,1,1,7,11069,M,"43,2054000","2,3511000",11
202000026210,20,1,16,19:55,2,2,1,1,7,11069,M,"43,2121770","2,3710180",11
202000026211,20,1,17,21:15,5,2,1,1,6,10333,M,"48,2786300","4,0662200",10
202000026212,20,1,15,10:27,1,2,1,7,6,10387,M,"48,3007580","4,0646890",10
202000026213,20,1,17,21:30,5,2,6,8,6,06069,M,"43,6560000","6,9247000",06
202000026214,20,1,17,14:30,1,2,6,2,3,06069,M,"43,6561200","6,9248200",06
202000026215,20,1,17,23:00,5,1,1,2,5,06004,M,"43,6019030","7,0792330",06
202000026216,20,1,16,07:04,5,2,2,1,3,75117,M,"48,8966753","2,3095669",75
202000026217,20,1,17,08:05,2,2,2,2,2,75119,M,"48,8844730","2,3689730",75
202000026218,20,1,17,05:36,5,2,2,2,3,75119,M,"48,8754610","2,3979240",75
202000026219,20,1,17,20:00,5,2,2,2,3,75118,M,"48,8943243","2,3453531",75
202000026220,20,1,16,19:20,5,2,3,1,3,75117,M,"48,8880230","2,3246160",75
202000026221,20,1,15,12:15,1,2,1,1,3,75117,M,"48,8852680","2,2946881",75
202000026222,20,1,17,09:00,1,2,1,2,-1,75116,M,"48,8583090","2,2715200",75
202000026223,20,1,17,07:00,3,2,2,2,3,75114,M,"48,8254480","2,3023140",75
202000026224,20,1,16,13:30,1,2,2,1,3,75115,M,"48,8414860","2,3079410",75
202000026225,20,1,17,15:40,1,2,3,8,3,75113,M,"48,8360490","2,3495330",75
202000026226,20,1,17,19:40,5,2,1,1,3,75112,M,"48,8313377","2,3850390",75
202000026227,20,1,17,01:45,5,2,2,1,2,75111,M,"48,8668760","2,3733620",75
202000026228,20,1,17,17:15,5,2,3,1,6,75108,M,"48,8739118","2,3260855",75
202000026229,20,1,17,11:19,1,2,2,1,3,75108,M,"48,8646740","2,3136520",75
202000026230,20,1,17,09:26,1,2,1,1,7,75108,M,"48,8688020","2,3011147",75
202000026231,20,1,16,20:55,5,2,1,1,7,75101,M,"48,8590450","2,3378750",75
202000026232,20,1,16,13:15,1,2,7,1,3,75101,M,"48,8637888","2,3319812",75
202000026233,20,1,16,13:50,1,2,3,1,3,75101,M,"48,8608470","2,3301425",75
202000026234,20,1,16,13:05,1,2,5,1,6,75102,M,"48,8675058","2,3336601",75
202000026235,20,1,17,09:40,1,2,1,2,2,94068,M,"48,8130246","2,4795198",94
202000026236,20,1,16,13:30,1,2,2,1,3,94068,M,"48,8076300","2,5058900",94
202000026237,20,1,16,13:20,1,2,1,1,6,94068,M,"48,7876900","2,4824900",94
202000026238,20,1,16,10:00,1,2,2,1,3,94068,M,"48,8038000","2,4770300",94
202000026239,20,1,16,11:30,1,2,1,1,6,94041,M,"48,8098520","2,3875310",94
202000026240,20,1,17,19:15,5,2,1,1,6,94069,M,"48,8147900","2,4567700",94
202000026241,20,1,17,13:25,1,2,1,1,6,94079,M,"48,8320000","2,5421400",94
202000026242,20,1,17,08:10,2,2,3,2,2,94079,M,"48,8272318","2,5334591",94
202000026243,20,1,17,20:25,5,2,3,1,3,94017,M,"48,8114400","2,5532900",94
202000026244,20,1,17,13:05,1,1,1,1,3,94048,M,"48,7275890","2,5429820",94
202000026245,20,1,17,15:20,1,2,3,1,7,94002,M,"48,7885000","2,4287000",94
202000026246,20,1,17,16:30,1,2,1,1,1,93073,M,"48,9527500","2,5744300",93
202000026247,20,1,17,07:55,2,2,1,2,2,93072,M,"48,9609900","2,3814100",93
202000026248,20,1,13,16:45,1,2,5,1,3,93027,M,"48,9328000","2,4127200",93
202000026249,20,1,17,10:30,1,2,2,2,3,93051,M,"48,8307503","2,5728786",93
202000026250,20,1,17,08:15,4,2,1,3,6,93051,M,"48,8340878","2,5659364",93
202000026251,20,1,17,06:30,4,2,1,3,2,93051,M,"48,8427885","2,5768438",93
202000026252,20,1,17,14:23,1,2,1,1,6,93050,M,"48,8663000","2,5260700",93
202000026253,20,1,17,07:35,5,2,2,2,3,93046,M,"48,9139900","2,5364800",93
202000026254,20,1,17,21:00,5,2,2,8,3,93029,M,"48,9285000","2,4305000",93
202000026255,20,1,17,07:50,5,2,1,2,6,93013,M,"48,9313300","2,4286700",93
202000026256,20,1,17,07:30,5,2,1,2,2,93057,M,"48,9101200","2,5103000",93
202000026257,20,1,17,07:50,5,2,1,2,7,93001,M,"48,9165180","2,3920840",93
202000026258,20,1,14,10:10,1,2,7,1,2,92064,M,"48,8414953","2,2218854",92
202000026259,20,1,16,18:50,5,2,1,1,6,92063,M,"48,8728200","2,1826200",92
202000026260,20,1,17,08:20,2,2,1,2,3,92020,M,"48,8081600","2,2957100",92
202000026261,20,1,15,20:40,5,2,1,1,2,92036,M,"48,9344383","2,3204106",92
202000026262,20,1,15,16:40,1,2,1,1,6,92036,M,"48,9320450","2,3107445",92
202000026263,20,1,17,15:30,1,2,3,1,6,92026,M,"48,9006627","2,2701896",92
202000026264,20,1,17,08:15,1,2,9,2,3,92025,M,"48,9185000","2,2240400",92
202000026265,20,1,17,21:20,5,2,1,1,3,92002,M,"48,7541000","2,3053000",92
202000026266,20,1,18,16:40,2,1,1,1,3,34225,M,"43,4034200","3,0341870",34
202000026267,20,1,18,15:30,1,1,1,1,6,81139,M,"43,6867440","2,1508700",81
202000026268,20,1,17,21:50,3,1,1,1,2,97222,A,"14,6955420"," -60,9413150",972
202000026269,20,1,17,22:45,3,1,1,1,6,97202,A,"14,4943890"," -61,0755000",972
202000026270,20,1,18,14:05,1,2,3,1,3,11203,M,"43,2027760","2,7650370",11
202000026271,20,1,17,11:20,1,1,1,1,6,35235,M,"47,9332590"," -1,2184520",35
202000026272,20,1,18,02:50,3,1,1,1,2,71204,M,"46,8467004","4,8299986",71
202000026273,20,1,18,03:45,3,1,1,8,6,14132,M,"49,3413446"," -0,9799212",14
202000026274,20,1,1,04:30,5,2,1,1,1,97109,A,"15,9800025"," -61,6807439",971
202000026275,20,1,16,14:45,1,2,1,1,3,26333,M,"45,1733620","4,8244770",26
202000026276,20,1,18,15:00,1,1,2,1,3,60203,M,"49,2340676","2,8425032",60
202000026277,20,1,17,13:15,1,1,1,1,6,2B347,M,"42,1796630","9,2428300",2B
202000026278,20,1,17,11:15,1,2,1,1,3,83054,M,"43,1657775","6,0427235",83
202000026279,20,1,17,19:28,3,1,1,1,3,51278,M,"49,0687048","4,2952604",51
202000026280,20,1,18,13:15,1,1,1,1,6,65258,M,"43,1432230","0,3919450",65