Num_Acc,an,mois,jour,hrmn,lum,agg,int,atm,col,com,gps,lat,long,dep
202000026281,20,1,17,15:15,1,1,1,1,7,81070,M,"43,8059700","1,7518840",81
202000026282,20,1,18,15:00,1,1,1,1,6,12254,M,"44,4511490","2,4757120",12
202000026283,20,1,18,15:05,1,1,1,1,7,34300,M,"43,4115580","3,3268060",34
202000026284,20,1,17,07:00,2,1,1,1,1,25328,M,"47,1878500","5,9661060",25
202000026285,20,1,17,06:15,3,1,1,2,1,29015,M,"48,5180110"," -4,5006510",29
202000026286,20,1,16,21:30,3,1,1,1,7,03118,M,"46,0976174","3,1774794",03
202000026287,20,1,17,19:15,5,1,2,1,2,01024,M,"46,2796840","5,1642290",01
202000026288,20,1,18,13:15,1,1,1,1,6,26126,M,"44,2209530","5,5833880",26
202000026289,20,1,17,15:00,1,2,1,4,-1,05098,M,"44,4967660","6,5545630",05
202000026290,20,1,18,10:30,1,1,1,9,2,05170,M,"44,4473240","6,0322230",05
202000026291,20,1,18,08:15,1,1,1,9,6,48092,M,"44,5773088","3,2856631",48
202000026292,20,1,18,08:55,1,2,9,7,6,13050,M,"43,6487220","5,2648840",13
202000026293,20,1,18,09:35,1,1,1,3,1,98805,C," -22,1664130","166,4560160",988
202000026294,20,1,17,16:45,1,1,1,2,6,18034,M,"46,7008780","2,4623970",18
202000026295,20,1,17,13:40,1,2,3,8,3,97115,A,"16,2633340"," -61,6438830",971
202000026296,20,1,17,18:42,3,1,1,2,1,10004,M,"48,5798400","4,1130220",10
202000026297,20,1,15,18:45,5,2,1,1,1,01142,M,"45,8506550","5,0737700",01
202000026298,20,1,17,17:20,2,2,1,1,2,62170,M,"50,4213550","2,6583540",62
202000026299,20,1,17,09:00,1,1,1,1,4,13055,M,"43,3310327","5,3876113",13
202000026300,20,1,16,14:38,1,1,1,1,4,13106,M,"43,3935000","5,3510000",13
202000026301,20,1,16,10:15,1,1,1,1,6,83035,M,"43,1787100","5,7696100",83
202000026302,20,1,12,13:20,1,1,1,1,2,69266,M,"45,7652100","4,9072000",69
202000026303,20,1,17,16:00,1,1,1,1,4,94038,M,"48,7814000","2,3467000",94
202000026304,20,1,17,09:30,1,1,1,1,5,94016,M,"48,7970000","2,3443100",94
202000026305,20,1,17,08:25,5,1,1,2,4,94034,M,"48,7605718","2,3191917",94
202000026306,20,1,17,06:40,5,1,1,1,7,94037,M,"48,8144000","2,3553000",94
202000026307,20,1,17,09:33,1,1,1,8,2,92063,M,"48,8711800","2,1585300",92
202000026308,20,1,17,09:15,1,1,1,2,7,92036,M,"48,9353634","2,2852235",92
202000026309,20,1,17,06:10,2,1,1,2,1,78640,M,"48,7793900","2,1943320",78
202000026310,20,1,16,15:35,1,1,1,1,6,92047,M,"48,8357009","2,1809138",92
202000026311,20,1,16,15:10,1,1,1,1,4,78140,M,"48,9637130","1,9266650",78
202000026312,20,1,16,08:25,1,1,1,1,5,78490,M,"48,8011460","1,9415880",78
202000026313,20,1,17,20:15,3,1,1,2,7,93010,M,"48,9036200","2,4714000",93
202000026314,20,1,17,17:30,1,1,1,1,5,93007,M,"48,9421500","2,4781700",93
202000026315,20,1,17,11:00,1,1,1,1,2,93027,M,"48,9256800","2,3979300",93
202000026316,20,1,17,11:00,1,1,1,2,2,93006,M,"48,8655800","2,4188300",93
202000026317,20,1,17,08:25,1,1,1,2,2,95018,M,"48,9540600","2,2788000",95
202000026318,20,1,17,05:30,3,1,1,2,5,92036,M,"48,9436474","2,2877566",92
202000026319,20,1,17,00:40,3,1,1,1,2,93066,M,"48,9299500","2,3641700",93
202000026320,20,1,16,18:30,3,1,1,1,4,95675,M,"49,0536100","2,5485000",95
202000026321,20,1,15,13:30,1,1,1,1,7,93027,M,"48,9284800","2,4162900",93
202000026322,20,1,14,19:20,5,2,2,1,3,94068,M,"48,7930000","2,4770000",94
202000026323,20,1,16,14:20,1,2,1,1,7,98818,C," -22,2837300","166,4679200",988
202000026324,20,1,15,09:50,1,1,1,1,3,97416,R," -21,3272100","55,4830700",974
202000026325,20,1,16,09:00,1,2,2,1,6,69387,M,"45,7507000","4,8394000",69
202000026326,20,1,15,17:10,1,1,1,8,1,97209,A,"14,6303700"," -61,0397300",972
202000026327,20,1,13,05:35,4,2,1,2,7,97209,A,"14,6046400"," -61,0602600",972
202000026328,20,1,16,16:30,1,2,1,1,2,69382,M,"45,7503300","4,8249600",69
202000026329,20,1,16,14:50,1,2,2,1,6,69384,M,"45,7796000","4,8235000",69
202000026330,20,1,12,02:10,5,1,6,1,6,2B037,M,"42,5941200","9,4387000",2B
202000026331,20,1,16,13:55,1,1,1,1,5,2B033,M,"42,6809700","9,4009900",2B
202000026332,20,1,16,16:20,1,2,1,1,1,95088,M,"48,9735975","2,4310791",95
202000026333,20,1,16,13:10,1,2,1,1,2,91027,M,"48,7060200","2,3714400",91
202000026334,20,1,11,20:10,3,2,1,1,1,83069,M,"43,1106700","6,1689100",83
202000026335,20,1,5,12:20,1,2,1,7,3,83118,M,"43,4284347","6,8715459",83
202000026336,20,1,16,07:20,2,2,1,1,6,81065,M,"43,5931950","2,2170000",81
202000026337,20,1,15,13:10,1,2,6,1,-1,77251,M,"48,6265495","2,5532061",77
202000026338,20,1,15,08:10,5,2,1,1,6,76540,M,"49,4463700","1,0708900",76
202000026339,20,1,15,09:10,1,2,1,1,6,76351,M,"49,5168100","0,1011000",76
202000026340,20,1,10,12:10,1,2,2,1,3,76351,M,"49,4912200","0,1033600",76
202000026341,20,1,16,17:15,1,1,9,1,3,71540,M,"46,7453543","4,4433490",71
202000026342,20,1,16,12:00,1,2,2,1,3,69266,M,"45,7702298","4,8756688",69
202000026343,20,1,15,11:15,1,2,2,1,1,69266,M,"45,7605800","4,9055200",69
202000026344,20,1,16,17:00,2,2,1,1,3,69264,M,"45,9819500","4,7148900",69
202000026345,20,1,15,14:15,1,2,1,1,3,67482,M,"48,5620390","7,7721600",67
202000026346,20,1,15,16:48,1,2,1,1,3,66136,M,"42,7039200","2,8905900",66
202000026347,20,7,8,02:48,3,2,1,1,7,49267,M,"47,4685800"," -0,5071300",49
202000026348,20,7,8,18:10,1,2,1,1,3,45234,M,"47,9010575","1,9204845",45
202000026349,20,7,8,11:50,1,2,6,1,-1,45302,M,"47,9569500","1,8902700",45
202000026350,20,5,25,11:55,1,2,1,1,6,38185,M,"45,1805100","5,7350800",38
202000026351,20,7,8,12:20,1,2,3,1,-1,37122,M,"47,3482281","0,6534729",37
202000026352,20,7,6,19:30,1,2,1,1,-1,37261,M,"47,4188525","0,6989363",37
202000026353,20,7,8,07:50,2,2,1,1,1,35238,M,"48,1018600"," -1,6762800",35
202000026354,20,7,8,01:20,3,2,1,1,5,33522,M,"44,7914300"," -0,5870100",33
202000026355,20,7,8,03:10,5,2,3,1,7,33009,M,"44,6626700"," -1,1637200",33
202000026356,20,7,5,19:40,1,2,6,1,2,33009,M,"44,6486300"," -1,1864600",33
202000026357,20,6,6,13:15,1,2,7,8,6,33009,M,"44,6614300"," -1,1701000",33
202000026358,20,7,7,18:00,1,2,1,1,3,31555,M,"43,5739800","1,4196600",31
202000026359,20,7,6,17:16,1,2,4,1,1,29232,M,"47,9875100"," -4,1266600",29
202000026360,20,7,7,11:30,1,2,1,1,7,27375,M,"49,2080179","1,1534860",27
202000026361,20,7,7,18:20,2,2,1,1,3,18033,M,"47,0974000","2,4134000",18
202000026362,20,7,7,22:45,5,2,1,1,6,14341,M,"49,1476800"," -0,3542400",14
202000026363,20,7,8,18:30,1,2,1,1,6,13210,M,"43,2869230","5,4117860",13
202000026364,20,7,8,17:45,1,2,1,1,6,13203,M,"43,3141000","5,3871000",13
202000026365,20,7,8,11:30,1,2,1,1,3,13210,M,"43,2833107","5,4270651",13
202000026366,20,7,7,23:25,5,2,9,1,1,13216,M,"43,3505917","5,3413515",13
202000026367,20,7,7,13:00,1,2,2,1,3,13206,M,"43,2895600","5,3823900",13
202000026368,20,7,7,08:15,1,2,2,1,3,13210,M,"43,2816410","5,4275250",13
202000026369,20,7,7,16:10,1,2,1,1,2,11262,M,"43,1804100","2,9721900",11
202000026370,20,7,7,20:05,1,2,3,1,3,11069,M,"43,2134200","2,3483300",11
202000026371,20,7,8,19:10,1,1,1,1,-1,06069,M,"43,6449280","6,8938080",06
202000026372,20,7,6,19:00,1,2,1,7,6,06029,M,"43,5496900","6,9937900",06
202000026373,20,7,8,10:25,1,2,1,1,5,01451,M,"46,2191950","5,2114810",01
202000026374,20,7,8,11:05,1,2,1,1,4,75114,M,"48,8232400","2,3116500",75
202000026375,20,7,7,12:00,1,2,1,1,3,75114,M,"48,8234250","2,3102740",75
202000026376,20,7,7,09:20,1,2,1,1,3,75117,M,"48,8951580","2,3064100",75
202000026377,20,7,8,14:49,1,2,3,1,6,75104,M,"48,8568130","2,3510600",75
202000026378,20,7,8,07:55,1,2,1,1,7,75120,M,"48,8710700","2,3886120",75
202000026379,20,7,8,11:00,1,2,3,1,6,75119,M,"48,8775020","2,3938420",75
202000026380,20,7,8,11:00,1,2,1,1,3,75119,M,"48,8835250","2,3892820",75
202000026381,20,7,7,23:30,5,2,3,1,2,75117,M,"48,8867480","2,3259370",75
202000026382,20,7,7,18:40,1,2,2,1,1,75117,M,"48,8804510","2,2964520",75
202000026383,20,7,8,21:05,1,2,2,1,3,75116,M,"48,8651670","2,2998460",75
202000026384,20,7,8,16:15,1,2,1,1,3,75116,M,"48,8569240","2,2872810",75
202000026385,20,7,8,15:00,1,2,1,1,4,75116,M,"48,8616820","2,2928300",75
202000026386,20,7,8,18:10,1,2,7,1,3,75116,M,"48,8737550","2,2941040",75
202000026387,20,7,7,22:15,5,2,2,1,6,75116,M,"48,8546880","2,2693540",75
202000026388,20,7,8,14:30,1,2,2,1,-1,75115,M,"48,8426170","2,3027060",75
202000026389,20,7,8,12:40,1,2,1,1,6,75115,M,"48,8417730","2,2978970",75
202000026390,20,7,8,09:00,1,2,7,1,-1,75115,M,"48,8276960","2,2922650",75
202000026391,20,7,7,21:15,1,2,2,1,3,75115,M,"48,8491440","2,2980440",75
202000026392,20,7,6,21:36,2,2,2,1,3,75115,M,"48,8284880","2,3013820",75
202000026393,20,7,8,12:20,1,2,6,1,4,75112,M,"48,8338580","2,4450820",75
202000026394,20,7,8,08:10,1,2,2,1,3,75112,M,"48,8458510","2,3708360",75
202000026395,20,7,7,23:10,5,2,1,1,6,75112,M,"48,8450160","2,3800560",75
202000026396,20,7,8,19:50,1,2,1,7,6,75108,M,"48,8740320","2,3253320",75
202000026397,20,7,8,19:10,1,2,1,1,3,75107,M,"48,8631690","2,3017380",75
202000026398,20,7,8,12:50,1,2,1,1,6,94067,M,"48,8456770","2,4260940",94
202000026399,20,7,8,00:30,5,2,2,1,3,94076,M,"48,7845600","2,3672300",94
202000026400,20,7,7,21:05,1,2,1,1,6,94043,M,"48,8131900","2,3612500",94
202000026401,20,7,6,08:50,1,2,3,1,2,94033,M,"48,8434500","2,4658000",94
202000026402,20,7,8,20:09,1,2,9,1,3,94028,M,"48,7957900","2,4633500",94
202000026403,20,7,8,17:25,1,2,1,1,7,94011,M,"48,7783030","2,4913050",94
202000026404,20,7,8,20:00,2,2,1,1,6,94069,M,"48,8166200","2,4424100",94
202000026405,20,7,8,19:30,1,2,2,1,3,93073,M,"48,9417100","2,5723900",93
202000026406,20,7,8,20:02,1,2,3,7,1,93053,M,"48,8876500","2,4635100",93
202000026407,20,7,8,09:30,1,2,9,1,1,93051,M,"48,8426418","2,5485471",93
202000026408,20,7,8,10:00,1,2,9,1,3,93048,M,"48,8570146","2,4422109",93
202000026409,20,7,8,08:40,1,2,5,1,1,93046,M,"48,9075807","2,5179112",93
202000026410,20,7,8,09:18,1,2,1,1,3,93006,M,"48,8726000","2,4193000",93
202000026411,20,7,8,09:25,1,1,1,1,6,93001,M,"48,9166708","2,3712885",93
202000026412,20,7,7,13:50,1,2,1,1,2,93001,M,"48,9068100","2,3900200",93
202000026413,20,7,8,19:50,1,2,1,1,4,92048,M,"48,7945960","2,2186840",92
202000026414,20,7,8,15:40,1,2,3,1,3,92026,M,"48,9018800","2,2561600",92
202000026415,20,7,7,23:30,5,2,1,1,7,92024,M,"48,9073622","2,3176405",92
202000026416,20,7,5,18:00,1,2,2,1,6,92004,M,"48,9127500","2,2962800",92
202000026417,20,7,7,09:30,1,1,1,1,6,97415,R," -20,9690690","55,2987650",974
202000026418,20,7,8,08:30,1,1,1,1,6,41262,M,"47,5242900","1,4805310",41
202000026419,20,7,9,09:00,1,2,6,1,6,28088,M,"48,0845610","1,3450300",28
202000026420,20,5,7,19:30,3,2,1,1,1,97207,A,"14,5721820"," -60,9651300",972
202000026421,20,7,2,04:35,2,1,1,1,7,67437,M,"48,7354052","7,3950574",67
202000026422,20,7,8,14:50,1,1,1,1,7,35231,M,"47,8840170"," -1,6898560",35
202000026423,20,7,9,07:20,1,1,3,1,3,74272,M,"45,9502470","6,0444220",74
202000026424,20,7,8,19:00,1,2,1,1,1,38373,M,"45,3597370","5,5502200",38
202000026425,20,7,8,10:15,1,1,1,2,2,62198,M,"50,3913930","2,6189520",62
202000026426,20,7,7,06:40,1,1,1,1,1,62610,M,"50,4798450","1,7703170",62
202000026427,20,7,5,00:30,3,1,1,1,7,51662,M,"49,2964891","4,1312950",51
202000026428,20,7,8,17:10,1,1,1,1,1,19121,M,"45,4684530","1,4225580",19
202000026429,20,7,9,18:20,1,1,2,1,1,77452,M,"48,4758002","3,1459087",77
202000026430,20,7,8,10:35,1,1,1,1,3,77101,M,"48,4023357","3,0967444",77
202000026431,20,7,8,00:55,3,1,1,1,7,80442,M,"49,7426890","3,0123140",80
202000026432,20,7,5,16:40,1,1,1,1,1,80058,M,"49,8720499","2,6125935",80
202000026433,20,7,8,20:15,1,1,1,1,6,82112,M,"44,1210020","1,1029830",82
202000026434,20,7,7,22:10,2,1,1,1,1,33236,M,"44,7057770"," -1,2453340",33
202000026435,20,7,8,10:00,1,2,1,7,6,81145,M,"43,8607880","1,8048690",81
202000026436,20,7,9,01:00,5,1,1,1,3,32096,M,"43,9471410"," -0,0443370",32
202000026437,20,7,8,17:10,1,2,1,1,6,68258,M,"47,8393220","7,3111480",68
202000026438,20,7,8,20:00,1,1,1,7,6,39407,M,"46,7982750","5,6246430",39
202000026439,20,7,8,13:15,1,1,6,7,2,44072,M,"47,5116570"," -2,2858160",44
202000026440,20,7,8,23:00,3,1,1,1,6,38144,M,"45,6046110","5,0850390",38
202000026441,20,7,8,18:10,1,1,6,1,3,38150,M,"45,2101960","5,8318040",38
202000026442,20,7,8,17:00,1,2,3,1,3,38229,M,"45,2080080","5,7900060",38
202000026443,20,7,9,20:45,1,1,1,1,6,03029,M,"46,2326359","3,4321360",03
202000026444,20,7,9,12:30,1,2,1,1,6,01034,M,"45,7595268","5,6921786",01
202000026445,20,7,4,22:00,2,1,1,1,6,54208,M,"48,7492740","5,9197210",54
202000026446,20,7,9,12:30,1,1,1,1,5,14316,M,"49,2553980"," -0,0613150",14
202000026447,20,7,8,17:30,1,1,3,1,3,45040,M,"47,5927070","2,7999690",45
202000026448,20,7,8,23:50,3,1,1,1,6,64399,M,"43,3654850"," -0,3563070",64
202000026449,20,7,9,18:50,1,1,2,7,3,73151,M,"45,5072894","6,0236449",73
202000026450,20,7,8,23:25,5,2,4,1,6,40243,M,"43,9243100"," -0,9200390",40
202000026451,20,7,8,17:20,1,1,3,1,3,04209,M,"44,2173050","5,9212710",04
202000026452,20,7,9,00:30,3,1,1,1,7,04189,M,"43,7769820","5,9741160",04
202000026453,20,7,9,07:00,1,2,1,1,7,17337,M,"45,9790620"," -1,3320650",17
202000026454,20,7,9,01:10,3,1,1,1,7,30341,M,"43,6353717","4,3011626",30
202000026455,20,7,8,11:50,1,1,1,1,3,30006,M,"43,6890550","4,1895840",30
202000026456,20,7,9,02:34,3,1,3,1,3,97801,,"18,0915640"," -63,0297120",978
202000026457,20,7,9,03:10,4,1,1,1,2,68297,M,"47,5791960","7,5566520",68
202000026458,20,7,2,23:55,3,1,1,1,5,68195,M,"47,7457950","7,2698940",68
202000026459,20,7,9,16:15,1,1,4,1,3,38289,M,"45,1279860","6,0453990",38
202000026460,20,7,9,01:38,3,1,9,1,2,38257,M,"45,4835000","5,3983200",38
202000026461,20,7,9,14:50,1,2,9,1,3,95250,M,"49,0970890","2,4791980",95
202000026462,20,7,8,09:10,1,1,1,1,3,38295,M,"45,8337440","5,3319950",38
202000026463,20,7,5,04:45,3,1,1,3,1,98714,P," -16,4954170"," -151,7388890",987
202000026464,20,7,8,16:00,1,1,4,1,1,97116,A,"16,3205200"," -61,4605670",971
202000026465,20,7,9,10:45,1,2,1,1,-1,84019,M,"44,2903930","4,7532660",84
202000026466,20,7,9,17:50,1,2,6,1,2,06157,M,"43,7009740","7,1316080",06
202000026467,20,7,8,17:30,1,1,6,1,7,06128,M,"43,6863860","7,1302450",06
202000026468,20,7,9,17:50,1,2,2,1,3,71342,M,"46,4505628","4,1104095",71
202000026469,20,7,9,10:45,1,2,1,1,6,88095,M,"48,3022070","5,8349930",88
202000026470,20,7,9,17:15,1,2,1,7,6,57659,M,"49,2036180","6,9528490",57
202000026471,20,7,8,20:00,2,1,1,1,7,73132,M,"45,7432612","6,5711760",73
202000026472,20,7,8,17:50,1,2,1,1,1,42299,M,"45,6124090","4,0798490",42
202000026473,20,7,3,23:00,5,2,1,1,2,38298,M,"45,3749190","4,7983450",38
202000026474,20,7,8,16:15,1,2,9,1,3,69151,M,"46,0628993","4,6014307",69
202000026475,20,7,9,17:10,1,2,3,1,2,69094,M,"45,7437150","4,6899120",69
202000026476,20,7,8,18:40,1,1,1,1,1,69028,M,"45,7148550","4,6932220",69
202000026477,20,7,9,13:20,1,1,1,1,3,09280,M,"42,8877020","1,4888410",09
202000026478,20,7,7,10:30,1,1,1,1,2,85035,M,"46,6311100"," -1,8425170",85
202000026479,20,7,8,20:50,1,2,1,1,1,59280,M,"50,2810357","3,0570504",59
202000026480,20,7,8,08:55,1,1,1,1,6,13001,M,"43,5246900","5,4255000",13
202000026481,20,7,4,23:20,3,1,1,1,2,13215,M,"43,3478310","5,3713230",13
202000026482,20,7,7,10:35,1,1,1,1,7,83027,M,"43,1965729","5,7617068",83
202000026483,20,7,5,07:40,1,1,1,1,3,69199,M,"45,6937100","4,8432000",69
202000026484,20,5,19,15:00,1,1,1,1,2,69259,M,"45,6814300","4,8896100",69
202000026485,20,7,5,04:30,4,1,1,1,2,69297,M,"45,6061000","4,8007000",69
202000026486,20,7,8,17:20,1,1,1,1,4,33075,M,"44,8814400"," -0,6249600",33
202000026487,20,7,8,17:12,1,1,1,1,2,91340,M,"48,6089369","2,4335667",91
202000026488,20,7,8,13:41,1,1,1,1,2,91161,M,"48,6968000","2,3158000",91
202000026489,20,7,8,10:37,1,1,1,1,2,91434,M,"48,6659000","2,3622000",91
202000026490,20,7,8,01:45,5,2,1,1,6,91471,M,"48,6935500","2,1818100",91
202000026491,20,7,8,09:55,1,1,1,1,2,78007,M,"48,8952820","2,0073390",78
202000026492,20,7,7,22:55,3,1,1,1,6,92036,M,"48,9350000","2,3020000",92
202000026493,20,7,8,10:55,1,1,1,1,6,77175,M,"48,6701830","2,6117938",77
202000026494,20,7,8,09:50,1,1,1,1,2,94079,M,"48,8352511","2,5387158",94
202000026495,20,7,8,07:00,2,1,1,1,2,94073,M,"48,7609889","2,3826099",94
202000026496,20,7,7,17:25,1,2,1,2,3,97416,R," -21,3469100","55,4892300",974
202000026497,20,7,6,12:00,1,1,1,2,6,97416,R," -21,3140800","55,4576900",974
202000026498,20,7,7,08:30,1,2,1,1,2,69386,M,"45,7743788","4,8491051",69
202000026499,20,7,7,19:35,3,2,1,1,7,97209,A,"14,6154817"," -61,0698428",972
202000026500,20,7,7,18:35,1,2,2,1,1,69081,M,"45,7887294","4,7858528",69
202000026501,20,7,7,07:50,1,2,1,1,3,2A004,M,"41,9478495","8,7643899",2A
202000026502,20,7,7,13:15,1,2,9,1,6,91421,M,"48,7168500","2,4379600",91
202000026503,20,6,24,16:30,1,2,1,1,6,91691,M,"48,7069300","2,4849800",91
202000026504,20,7,7,12:06,1,2,1,1,6,87085,M,"45,8226900","1,2482500",87
202000026505,20,7,3,15:39,1,1,1,1,6,87085,M,"45,8763400","1,3004300",87
202000026506,20,7,5,06:40,1,1,1,1,6,83126,M,"43,0940800","5,8890000",83
202000026507,20,7,6,19:10,1,1,1,1,1,83009,M,"43,1556900","5,7640200",83
202000026508,20,7,7,14:10,1,2,1,1,3,83069,M,"43,0847500","6,1116900",83
202000026509,20,7,7,08:10,1,2,6,7,3,82121,M,"44,0444800","1,3789100",82
202000026510,20,7,2,19:10,1,2,1,1,3,78640,M,"48,7835690","2,2149340",78
202000026511,20,7,2,14:00,1,2,2,1,6,78586,M,"48,9415700","2,1687300",78
202000026512,20,7,6,16:35,1,2,7,1,6,77445,M,"48,5818100","2,5833200",77
202000026513,20,6,29,18:30,1,2,3,1,6,74012,M,"46,1912200","6,2430900",74
202000026514,20,7,3,17:45,1,2,1,1,3,74012,M,"46,1927400","6,2298600",74
202000026515,20,7,6,11:30,1,1,2,1,3,73065,M,"45,5911967","5,9033932",73
202000026516,20,7,7,16:35,1,2,1,1,2,71270,M,"46,3147057","4,8260721",71
202000026517,20,7,7,22:10,5,2,2,1,3,69266,M,"45,7747300","4,8740800",69
202000026518,20,7,7,16:45,1,2,2,1,1,69266,M,"45,7581617","4,8851713",69
202000026519,20,7,4,15:00,1,2,1,1,1,67482,M,"48,5961841","7,7709684",67
202000026520,20,7,4,13:50,1,2,1,1,3,67218,M,"48,5464030","7,7390162",67
202000026521,20,7,7,18:50,1,2,1,1,4,64348,M,"43,3410311"," -0,3798196",64
202000026522,20,7,7,09:30,1,2,1,1,6,60057,M,"49,4311400","2,0714000",60
202000026523,20,7,3,16:25,1,2,1,1,7,59375,M,"50,4101500","3,2911700",59
202000026524,20,6,30,17:15,1,2,1,1,3,58194,M,"46,9876000","3,1659000",58
202000026525,20,7,5,16:40,1,2,6,1,1,56260,M,"47,6670800"," -2,7957400",56
202000026526,20,7,5,16:00,1,2,9,1,7,54528,M,"48,6796940","5,8791010",54
202000026527,20,7,5,16:00,1,2,3,1,4,54184,M,"48,7029502","6,2279620",54
202000026528,20,7,6,12:40,1,2,1,1,3,50502,M,"49,1135300"," -1,0900400",50
202000026529,20,7,3,09:20,1,2,1,1,6,49007,M,"47,4746600"," -0,5838600",49
202000026530,20,7,6,16:30,1,2,1,1,7,49007,M,"47,4695000"," -0,5608300",49
202000026531,20,7,1,09:15,1,2,6,1,6,44109,M,"47,2383400"," -1,5703700",44
202000026532,20,7,7,18:00,1,2,1,1,2,38516,M,"45,1968100","5,7506000",38
202000026533,20,7,7,16:00,1,2,1,1,-1,37261,M,"47,4334517","0,7018597",37
202000026534,20,7,6,15:10,1,2,9,1,3,37261,M,"47,4270040","0,6968540",37
202000026535,20,7,6,10:29,1,2,1,1,4,37208,M,"47,3658507","0,7268261",37
202000026536,20,7,7,07:45,1,2,1,1,2,35281,M,"48,0807836"," -1,7366123",35
202000026537,20,7,7,16:40,1,1,1,1,5,33529,M,"44,5769600"," -1,1981900",33
202000026538,20,7,6,19:35,1,2,1,1,6,28404,M,"48,7305100","1,3337600",28
202000026539,20,7,5,17:20,1,2,6,1,3,27229,M,"49,0154000","1,1875000",27
202000026540,20,7,7,15:25,1,2,3,1,1,14715,M,"49,3591100","0,0928500",14
202000026541,20,2,17,22:15,5,2,1,1,3,51108,M,"48,9432465","4,3857693",51
202000026542,20,2,18,13:50,1,1,6,1,3,50532,M,"48,8082000"," -1,5401100",50
202000026543,20,2,14,15:45,1,2,6,1,6,50602,M,"49,6532900"," -1,5783900",50
202000026544,20,2,17,15:15,1,2,1,1,2,49007,M,"47,4482700"," -0,5389300",49
202000026545,20,2,11,08:16,2,2,1,1,4,49267,M,"47,4815000"," -0,4988700",49
202000026546,20,2,10,18:17,2,2,1,1,3,49007,M,"47,4667900"," -0,5427600",49
202000026547,20,2,8,19:33,5,2,1,2,3,49007,M,"47,4814300"," -0,5234800",49
202000026548,20,2,9,17:03,1,2,1,2,7,49007,M,"47,4657900"," -0,5198200",49
202000026549,20,2,17,19:34,5,2,3,1,1,45286,M,"47,8905400","1,9220600",45
202000026550,20,2,11,13:10,1,2,9,8,4,45234,M,"47,8982000","1,8953000",45
202000026551,20,2,11,08:45,1,1,1,8,3,45147,M,"47,9449300","1,9210000",45
202000026552,20,2,18,07:45,2,2,1,2,6,44162,M,"47,2222600"," -1,6387900",44
202000026553,20,2,14,16:20,1,2,1,1,5,40192,M,"43,9003000"," -0,5115000",40
202000026554,20,2,17,07:35,1,1,3,1,3,38563,M,"45,3933900","5,5810700",38
202000026555,20,2,18,19:30,5,2,3,1,3,38544,M,"45,5283400","4,8739600",38
202000026556,20,2,18,19:54,5,2,3,1,6,37233,M,"47,3849475","0,7102512",37
202000026557,20,2,17,12:00,1,2,1,1,3,37261,M,"47,3659285","0,6753085",37
202000026558,20,2,17,17:40,1,2,6,1,3,37261,M,"47,4004116","0,6789153",37
202000026559,20,2,11,19:20,5,2,1,8,7,37233,M,"47,3958825","0,7081915",37
202000026560,20,2,11,09:10,1,2,1,1,7,37261,M,"47,3677263","0,6816957",37
202000026561,20,2,18,17:25,1,2,1,1,1,35238,M,"48,1035492"," -1,6959888",35
202000026562,20,2,17,13:50,1,1,1,1,4,35238,M,"48,1067400"," -1,7170700",35
202000026563,20,2,11,18:50,5,2,1,1,6,35238,M,"48,0914400"," -1,6694300",35
202000026564,20,2,11,12:45,1,2,2,1,6,35353,M,"48,1049100"," -1,7399300",35
202000026565,20,2,11,06:15,3,1,1,8,1,35150,M,"48,3410951"," -1,2175828",35
202000026566,20,2,15,09:50,1,2,1,1,3,34172,M,"43,6069300","3,8641400",34
202000026567,20,2,16,20:05,5,2,1,2,4,34172,M,"43,6266700","3,8677400",34
202000026568,20,1,23,18:00,5,2,3,8,3,34172,M,"43,6266202","3,8670567",34
202000026569,20,1,5,20:00,5,2,2,1,3,34172,M,"43,6216200","3,8686600",34
202000026570,20,2,18,07:10,2,2,2,1,2,33550,M,"44,7582600"," -0,5698800",33
202000026571,20,2,17,21:55,5,2,2,1,3,33063,M,"44,8641900"," -0,5583200",33
202000026572,20,2,4,07:30,2,2,2,1,1,33075,M,"44,8796400"," -0,6268200",33
202000026573,20,2,17,07:00,5,2,3,2,1,33318,M,"44,8024300"," -0,6487100",33
202000026574,20,2,16,20:45,5,2,1,1,5,33063,M,"44,8227700"," -0,5419400",33
202000026575,20,2,11,20:00,3,1,1,8,2,33013,M,"44,8663300"," -0,4856900",33
202000026576,20,2,11,15:30,1,1,1,8,-1,33075,M,"44,8918000"," -0,6147800",33
202000026577,20,2,9,18:30,3,2,3,1,1,33162,M,"44,8638700"," -0,6602300",33
202000026578,20,2,3,07:20,5,2,3,1,6,33069,M,"44,8674300"," -0,5759900",33
202000026579,20,1,10,20:10,5,2,2,1,3,33063,M,"44,8254000"," -0,5892500",33
202000026580,20,2,17,18:50,2,1,1,2,1,32013,M,"43,6562400","0,6259000",32
202000026581,20,2,15,04:55,5,2,1,1,2,31555,M,"43,6582500","1,4196400",31
202000026582,20,2,11,08:36,2,2,1,2,6,31555,M,"43,6147400","1,4539900",31
202000026583,20,2,10,13:00,1,2,1,1,6,31069,M,"43,6429600","1,3749500",31
202000026584,20,2,18,20:40,5,2,1,1,1,30007,M,"44,1221200","4,0725800",30
202000026585,20,2,11,13:40,1,1,1,2,6,29232,M,"47,9990000"," -4,1310900",29
202000026586,20,2,4,14:35,1,2,2,1,6,28085,M,"48,4429600","1,4797100",28
202000026587,20,2,14,11:50,1,1,1,1,6,26313,M,"44,9839500","4,9761200",26
202000026588,20,2,13,17:50,2,2,4,2,1,26362,M,"44,9354800","4,9095530",26
202000026589,20,2,8,20:50,5,1,2,1,3,26058,M,"44,9450000","4,8864860",26