Num_Acc,an,mois,jour,hrmn,lum,agg,int,atm,col,com,gps,lat,long,dep
202000026590,20,2,6,07:45,5,2,1,1,3,22187,M,"48,5237200"," -2,7512600",22
202000026591,20,2,15,20:00,5,2,1,6,6,22278,M,"48,5110900"," -2,7587700",22
202000026592,20,2,11,11:50,1,2,2,1,2,17415,M,"45,7379800"," -0,6164900",17
202000026593,20,2,18,12:20,1,1,1,1,1,17028,M,"46,1305300"," -1,0886000",17
202000026594,20,2,17,17:00,1,2,6,2,6,17300,M,"46,1640800"," -1,1256900",17
202000026595,20,2,14,11:00,1,2,1,1,6,16102,M,"45,6945520"," -0,3255470",16
202000026596,20,2,9,17:50,5,2,3,1,3,16102,M,"45,6906280"," -0,3215080",16
202000026597,20,2,17,07:30,2,2,1,8,2,14271,M,"49,1539300"," -0,3715200",14
202000026598,20,2,15,21:40,5,2,1,1,6,14167,M,"49,1893600"," -0,2980700",14
202000026599,20,2,18,16:10,1,2,3,1,3,13206,M,"43,2827000","5,3742400",13
202000026600,20,2,17,20:11,5,2,1,2,2,13212,M,"43,3198360","5,4684800",13
202000026601,20,2,17,14:30,1,2,1,2,4,13211,M,"43,2963320","5,4828810",13
202000026602,20,2,17,16:25,1,1,1,2,2,13211,M,"43,2847650","5,4838160",13
202000026603,20,2,17,10:55,1,2,1,1,6,13208,M,"43,2719000","5,3869000",13
202000026604,20,2,17,07:10,2,2,1,2,6,13214,M,"43,3291000","5,4008000",13
202000026605,20,2,11,22:30,5,2,1,1,6,13209,M,"43,3000000","5,4000000",13
202000026606,20,2,11,12:15,1,2,1,1,2,13202,M,"43,3017180","5,3741910",13
202000026607,20,2,10,17:30,2,2,1,1,1,13211,M,"43,3065130","5,5068930",13
202000026608,20,2,10,09:40,1,2,1,1,6,13201,M,"43,2953250","5,3743170",13
202000026609,20,2,17,18:30,3,2,1,1,4,13047,M,"43,5208000","4,9631000",13
202000026610,20,2,17,13:48,1,2,1,2,2,13005,M,"43,2896800","5,5585900",13
202000026611,20,2,12,13:45,1,2,1,1,3,13001,M,"43,5339427","5,4610902",13
202000026612,20,1,31,12:20,1,2,9,1,6,13001,M,"43,5105040","5,4422160",13
202000026613,20,2,13,16:25,1,1,1,3,7,12013,M,"44,5444200","2,2482100",12
202000026614,20,2,15,15:00,1,2,3,1,3,11262,M,"43,1828330","2,9792060",11
202000026615,20,2,15,17:20,1,2,1,1,6,11262,M,"43,1750000","3,0089000",11
202000026616,20,2,15,04:15,3,2,1,1,6,11262,M,"43,1768850","3,0296639",11
202000026617,20,2,10,13:40,1,2,1,1,5,11262,M,"43,1813700","3,0301100",11
202000026618,20,2,18,22:39,3,1,1,1,6,11069,M,"43,2129900","2,2728100",11
202000026619,20,2,18,14:03,1,2,3,1,3,11069,M,"43,2105000","2,3553000",11
202000026620,20,2,17,16:17,1,2,6,2,3,10387,M,"48,3017000","4,0748000",10
202000026621,20,2,17,09:40,1,2,2,2,3,10387,M,"48,2890100","4,0841300",10
202000026622,20,2,10,07:46,2,2,1,2,6,10325,M,"48,2636000","4,0821000",10
202000026623,20,2,11,18:10,1,2,1,1,6,09122,M,"42,9698260","1,6080760",09
202000026624,20,2,11,11:30,1,2,9,2,7,09122,M,"42,9588290","1,6119410",09
202000026625,20,2,17,07:50,1,2,9,2,1,06088,M,"43,6772000","7,2032000",06
202000026626,20,2,11,11:25,1,2,2,8,6,06088,M,"43,7143000","7,2249000",06
202000026627,20,2,11,09:00,1,1,1,1,7,06088,M,"43,7201000","7,1861000",06
202000026628,20,2,18,08:40,1,2,1,1,6,06069,M,"43,6548780","6,9214380",06
202000026629,20,2,19,15:30,1,2,1,1,3,06069,M,"43,6645400","6,9193800",06
202000026630,20,2,17,12:15,1,2,1,1,2,06069,M,"43,6329000","6,9542000",06
202000026631,20,2,18,09:20,1,2,1,1,6,06029,M,"43,5489200","7,0060400",06
202000026632,20,2,17,08:30,1,2,1,8,4,06123,M,"43,6838200","7,1873800",06
202000026633,20,2,16,20:23,5,2,1,1,6,06155,M,"43,5796630","7,0539370",06
202000026634,20,1,14,07:15,2,2,1,1,6,06004,M,"43,5894780","7,1178530",06
202000026635,20,2,17,13:40,1,2,1,8,6,04112,M,"43,8367930","5,7856230",04
202000026636,20,1,8,10:16,1,2,1,1,6,03190,M,"46,5650358","3,3309552",03
202000026637,20,2,18,16:35,1,1,2,1,3,01289,M,"46,1698050","5,1907339",01
202000026638,20,2,11,09:40,1,2,1,1,3,01053,M,"46,2102040","5,2213800",01
202000026639,20,2,13,01:26,5,2,3,1,6,75109,M,"48,8721130","2,3392160",75
202000026640,20,2,18,09:15,1,2,1,1,7,75117,M,"48,8753930","2,2905650",75
202000026641,20,2,18,08:50,1,2,2,1,3,75117,M,"48,8901270","2,3038290",75
202000026642,20,2,17,08:10,1,2,5,1,3,75117,M,"48,8838320","2,3047930",75
202000026643,20,2,17,15:50,1,2,2,1,6,75115,M,"48,8344910","2,2956720",75
202000026644,20,2,18,10:30,1,2,1,1,3,75114,M,"48,8275810","2,3341240",75
202000026645,20,2,18,15:55,1,2,3,1,3,75113,M,"48,8329620","2,3787450",75
202000026646,20,2,18,14:00,1,2,2,1,6,75112,M,"48,8335240","2,3821210",75
202000026647,20,2,18,11:00,1,2,3,1,6,75111,M,"48,8637390","2,3664580",75
202000026648,20,2,18,17:20,1,2,2,1,6,75110,M,"48,8753280","2,3509220",75
202000026649,20,2,18,10:45,1,2,1,1,6,75107,M,"48,8553130","2,3149120",75
202000026650,20,2,18,15:35,1,2,1,1,3,75103,M,"48,8635960","2,3634000",75
202000026651,20,2,18,13:05,1,2,2,1,3,75103,M,"48,8659180","2,3581040",75
202000026652,20,2,18,14:00,1,2,5,1,6,94052,M,"48,8413000","2,4828000",94
202000026653,20,2,17,23:20,5,2,1,1,6,94043,M,"48,8093000","2,3624500",94
202000026654,20,2,18,12:25,1,2,2,1,5,94065,M,"48,7611700","2,3506300",94
202000026655,20,2,18,15:50,1,2,1,8,1,94017,M,"48,8208100","2,4869700",94
202000026656,20,2,18,14:35,1,2,1,1,5,94017,M,"48,8271100","2,5179300",94
202000026657,20,2,19,00:00,5,2,1,1,6,93071,M,"48,9491066","2,5248752",93
202000026658,20,2,17,23:00,5,2,5,1,3,93071,M,"48,9307000","2,5162000",93
202000026659,20,2,17,13:00,1,2,3,1,6,93066,M,"48,9322923","2,3653861",93
202000026660,20,2,18,15:35,1,2,1,8,6,93064,M,"48,8663219","2,4870873",93
202000026661,20,2,18,09:20,1,2,2,1,3,93062,M,"48,8955500","2,5287900",93
202000026662,20,2,18,19:45,5,2,1,1,3,93051,M,"48,8498000","2,5745000",93
202000026663,20,2,18,10:46,1,2,7,1,2,93049,M,"48,8571760","2,5082080",93
202000026664,20,2,6,07:20,1,2,1,1,6,93063,M,"48,8802200","2,4411400",93
202000026665,20,2,18,11:00,1,2,9,8,6,93031,M,"48,9558030","2,2986306",93
202000026666,20,2,18,18:30,5,2,1,1,2,93010,M,"48,9029599","2,4928555",93
202000026667,20,2,18,09:45,1,2,1,1,6,93007,M,"48,9365703","2,4581803",93
202000026668,20,2,18,12:00,1,2,9,1,6,93001,M,"48,9178000","2,3670000",93
202000026669,20,2,18,08:20,1,2,1,1,3,93001,M,"48,9067800","2,3890000",93
202000026670,20,2,14,17:20,1,2,1,1,2,92063,M,"48,8879600","2,1647400",92
202000026671,20,2,17,20:05,5,2,2,1,3,92036,M,"48,9211960","2,3250370",92
202000026672,20,2,17,14:00,1,2,1,1,7,92036,M,"48,9474840","2,2906120",92
202000026673,20,2,8,01:50,5,2,1,1,7,92036,M,"48,9192950","2,2900170",92
202000026674,20,2,18,16:20,1,2,3,1,6,92007,M,"48,7959114","2,2938015",92
202000026675,20,2,18,09:00,1,2,1,1,3,92024,M,"48,8990824","2,3041034",92
202000026676,20,2,14,12:00,1,2,2,1,3,60157,M,"49,3829490","2,4026850",60
202000026677,20,2,19,15:55,1,1,2,1,3,22014,M,"48,4453720"," -2,2823240",22
202000026678,20,2,18,16:20,1,1,1,1,2,21183,M,"47,2305770","5,2766030",21
202000026679,20,2,19,13:05,1,1,1,8,6,28006,M,"48,4363480","1,3920660",28
202000026680,20,2,19,09:05,1,1,1,1,2,22389,M,"48,4821920"," -2,6867260",22
202000026681,20,2,18,12:25,1,1,1,1,7,22339,M,"48,5046440"," -2,0392119",22
202000026682,20,2,9,05:20,5,1,1,1,2,37261,M,"47,3846368","0,7099453",37
202000026683,20,2,18,18:20,2,1,1,2,1,62289,M,"50,4553730","1,7641100",62
202000026684,20,2,19,09:10,1,2,1,7,6,62568,M,"50,2357780","2,7948410",62
202000026685,20,2,19,19:00,5,2,3,2,-1,69260,M,"45,6516800","4,8132290",69
202000026686,20,2,18,20:09,3,1,1,8,6,57106,M,"49,2964720","6,5743730",57
202000026687,20,2,19,08:00,2,1,1,6,1,57251,M,"48,9863570","6,1981400",57
202000026688,20,2,18,08:05,1,2,9,1,1,79343,M,"46,1534970"," -0,2476910",79
202000026689,20,2,14,17:30,1,1,1,8,7,80271,M,"49,9976160","3,1230780",80
202000026690,20,2,18,20:05,3,1,1,1,1,69066,M,"46,1064013","4,3307168",69
202000026691,20,2,19,18:30,3,1,1,1,6,71230,M,"46,5959105","4,0368381",71
202000026692,20,2,9,19:15,3,1,1,6,6,61244,M,"48,6629630","0,4618760",61
202000026693,20,2,19,07:25,3,1,1,1,2,49008,M,"47,5770400"," -1,0162620",49
202000026694,20,2,16,07:30,3,1,1,6,7,49069,M,"47,3311300"," -1,1076240",49
202000026695,20,2,17,18:00,2,1,1,7,-1,49026,M,"47,5078060"," -0,7949960",49
202000026696,20,2,18,12:30,1,1,1,1,1,12161,M,"44,5388790","2,5540640",12
202000026697,20,2,18,17:45,1,2,1,1,6,42092,M,"45,4858990","4,3795540",42
202000026698,20,2,19,09:00,1,2,1,2,6,29189,M,"48,3818720"," -4,3550170",29
202000026699,20,2,19,06:50,3,1,1,2,6,39520,M,"46,9654640","5,5591250",39
202000026700,20,2,19,07:15,2,1,1,2,6,25478,M,"47,3113620","6,5312650",25
202000026701,20,2,18,19:00,3,1,1,8,7,29293,M,"47,8399334"," -3,8230673",29
202000026702,20,2,19,02:00,3,1,1,2,7,02746,M,"49,6936020","3,3538770",02
202000026703,20,2,18,15:35,1,1,1,1,2,84082,M,"44,0587270","5,1896330",84
202000026704,20,2,19,14:30,1,1,1,2,6,15001,M,"45,2476470","2,9698810",15
202000026705,20,2,18,14:50,1,1,1,1,7,70312,M,"47,5865400","6,7371290",70
202000026706,20,2,19,15:00,1,1,1,1,7,70526,M,"47,9099559","6,1082270",70
202000026707,20,2,19,11:45,1,1,1,1,3,06105,M,"43,6875380","7,0703310",06
202000026708,20,2,19,04:10,3,1,1,1,6,05145,M,"44,6703540","6,2392370",05
202000026709,20,2,19,06:20,5,2,6,2,6,90026,M,"47,6333110","6,9153680",90
202000026710,20,2,17,14:15,1,1,1,1,3,18088,M,"47,4461570","2,4361110",18
202000026711,20,2,19,14:40,1,1,4,1,3,21527,M,"46,9365910","4,6667540",21
202000026712,20,2,18,21:20,5,2,3,1,3,97307,G,"4,8859870"," -52,3352840",973
202000026713,20,2,18,15:40,1,1,1,1,1,31490,M,"43,7519930","1,3646220",31
202000026714,20,2,19,10:35,1,1,1,1,6,38565,M,"45,2832100","5,6219900",38
202000026715,20,2,18,18:00,1,2,1,1,1,34163,M,"43,6436475","3,7010472",34
202000026716,20,2,18,19:45,3,1,1,1,1,97306,G,"5,3922750"," -53,6383220",973
202000026717,20,2,19,18:55,5,2,1,2,6,77382,M,"48,8972060","2,8630190",77
202000026718,20,2,18,15:50,1,1,1,1,1,34145,M,"43,6678870","4,1574240",34
202000026719,20,2,18,16:20,1,2,6,1,6,83016,M,"43,1954740","5,8066450",83
202000026720,20,2,15,10:30,1,2,1,1,6,21353,M,"47,1970540","5,1520890",21
202000026721,20,2,19,01:20,3,2,9,2,6,57683,M,"49,3038710","6,1563540",57
202000026722,20,2,18,18:20,3,1,9,1,2,01249,M,"45,8578460","4,9105050",01
202000026723,20,2,14,16:35,1,1,2,1,3,17219,M,"45,8309520"," -1,1148980",17
202000026724,20,2,19,08:45,2,2,1,7,5,59029,M,"50,4861850","3,2019580",59
202000026725,20,2,18,20:45,3,1,1,1,4,13215,M,"43,3771300","5,3581100",13
202000026726,20,2,18,05:50,5,1,1,1,3,13055,M,"43,3286850","5,4167990",13
202000026727,20,2,17,18:50,5,1,1,2,4,13211,M,"43,2873290","5,4390420",13
202000026728,20,2,17,11:15,1,1,1,2,6,13085,M,"43,2464080","5,5963440",13
202000026729,20,2,18,09:25,1,1,1,1,2,33550,M,"44,7789000"," -0,5531700",33
202000026730,20,2,17,04:00,5,1,1,1,1,33063,M,"44,8830900"," -0,5532900",33
202000026731,20,2,18,09:00,1,1,1,1,4,92072,M,"48,8163040","2,2152230",92
202000026732,20,2,17,18:45,3,1,1,2,4,93008,M,"48,9137300","2,4330400",93
202000026733,20,2,16,13:45,1,1,1,1,4,95176,M,"48,9887800","2,2030100",95
202000026734,20,2,3,07:10,3,1,1,2,2,95151,M,"49,0640600","2,2640100",95
202000026735,20,2,18,17:45,2,1,1,1,-1,77372,M,"48,8832379","2,6679169",77
202000026736,20,9,8,08:20,1,2,2,1,3,11206,M,"43,0617679","2,2148284",11
202000026737,20,9,7,08:30,1,2,1,7,3,76155,M,"49,9845350","1,3536680",76
202000026738,20,9,8,06:20,2,1,1,1,6,39128,M,"46,9786660","5,3765880",39
202000026739,20,9,8,06:50,2,1,1,1,7,29209,M,"48,5201430"," -4,4551710",29
202000026740,20,9,8,17:30,1,1,1,1,2,29220,M,"47,8818260"," -4,2149410",29
202000026741,20,9,7,16:40,1,1,1,1,6,38347,M,"45,2607290","5,2706480",38
202000026742,20,9,8,08:50,1,1,1,1,2,38410,M,"45,0850660","5,1996120",38
202000026743,20,9,7,17:20,1,1,1,1,5,38181,M,"45,3465730","5,9700390",38
202000026744,20,9,8,03:00,3,2,1,1,6,38315,M,"45,5436860","5,6636080",38
202000026745,20,9,8,15:55,1,1,1,1,3,01151,M,"46,0749130","5,3228550",01
202000026746,20,9,8,08:40,1,2,6,1,3,01199,M,"46,0349420","5,4034550",01
202000026747,20,9,7,13:45,1,2,4,1,3,70122,M,"47,6789840","5,5610130",70
202000026748,20,9,6,16:00,1,1,1,1,6,26069,M,"44,8329840","5,3929840",26
202000026749,20,9,8,16:30,1,2,1,1,6,72050,M,"47,9602580"," -0,2292380",72
202000026750,20,9,7,18:45,1,2,1,1,2,14738,M,"49,1563340"," -0,4427270",14
202000026751,20,8,16,06:25,2,1,1,3,6,50236,M,"49,2727930"," -1,5375680",50
202000026752,20,8,16,04:51,3,1,1,1,6,60670,M,"49,2584790","2,5538920",60
202000026753,20,8,3,19:20,1,2,1,7,3,45053,M,"47,6393330","2,7317440",45
202000026754,20,9,4,14:35,1,1,3,1,3,45296,M,"47,9947750","1,7144680",45
202000026755,20,9,7,20:30,3,2,1,1,7,43137,M,"45,2757320","4,1824870",43
202000026756,20,9,6,16:54,1,1,1,1,6,07129,M,"44,9855820","4,6011790",07
202000026757,20,9,7,09:00,1,1,2,1,5,27218,M,"49,2815520","0,4255160",27
202000026758,20,9,8,10:15,1,1,2,1,1,17241,M,"45,2066900"," -0,1577650",17
202000026759,20,9,8,09:25,1,1,3,1,3,48009,M,"44,7417340","3,2876910",48
202000026760,20,9,6,18:10,1,1,1,1,1,08137,M,"49,7838130","4,6615930",08
202000026761,20,9,7,14:00,1,1,1,1,3,88520,M,"48,0487820","6,2943830",88
202000026762,20,9,7,19:18,3,2,1,1,5,97801,,"18,0974630"," -63,0361820",978
202000026763,20,8,6,12:10,1,1,1,1,2,03277,M,"46,2744038","3,0548384",03
202000026764,20,9,4,09:00,1,2,2,1,6,78455,M,"48,8424670","2,0666690",78
202000026765,20,9,5,13:30,1,1,1,1,4,74010,M,"45,8935914","6,1112336",74
202000026766,20,9,7,15:05,1,2,3,1,1,33122,M,"44,7815060"," -0,6880350",33
202000026767,20,9,8,07:30,1,1,1,1,4,13001,M,"43,5137070","5,4367090",13
202000026768,20,9,8,12:54,1,1,2,1,3,77032,M,"48,6992040","3,2678750",77
202000026769,20,9,7,18:00,1,1,1,1,7,38052,M,"45,0729700","6,0129000",38
202000026770,20,9,8,11:15,1,1,1,1,6,13049,M,"43,7113290","5,0941590",13
202000026771,20,9,8,17:40,1,2,1,1,2,97615,Y," -12,7975180","45,2838510",976
202000026772,20,9,7,15:25,1,1,1,1,1,13025,M,"43,4904870","5,5741080",13
202000026773,20,9,7,20:15,2,2,1,1,3,77183,M,"48,9408250","3,1207290",77
202000026774,20,9,8,11:30,1,1,1,1,2,34327,M,"43,6439400","3,9501210",34
202000026775,20,9,7,09:20,1,1,1,1,7,04039,M,"43,8752730","6,5292570",04
202000026776,20,9,7,23:15,3,2,1,1,6,89013,M,"47,8791560","3,5344070",89
202000026777,20,9,7,07:55,1,2,1,7,6,68269,M,"48,1932240","7,3326660",68
202000026778,20,9,6,23:45,3,1,1,1,6,88321,M,"48,3698640","5,6799050",88
202000026779,20,9,8,19:30,2,1,3,1,7,54057,M,"48,8544992","5,7937244",54
202000026780,20,9,8,07:50,1,2,1,1,6,42005,M,"45,5294710","4,2681510",42
202000026781,20,9,6,16:15,1,1,1,1,1,38076,M,"45,5734570","5,4576090",38
202000026782,20,9,3,17:20,1,2,9,1,3,07145,M,"44,6091990","4,4730720",07
202000026783,20,9,8,10:12,1,2,1,1,3,09282,M,"43,2404550","1,5721070",09
202000026784,20,9,3,19:25,2,1,2,1,3,35212,M,"47,9032820"," -1,6477350",35
202000026785,20,9,7,11:30,1,2,1,1,2,60103,M,"49,4011230","2,2529110",60
202000026786,20,9,4,18:30,1,1,1,1,5,83129,M,"43,1203800","5,8449200",83
202000026787,20,9,7,18:10,1,1,1,1,2,33192,M,"44,7833400"," -0,6317500",33
202000026788,20,9,7,16:35,1,1,1,1,2,33122,M,"44,7434600"," -0,7064200",33
202000026789,20,9,7,16:00,1,1,1,1,7,91661,M,"48,6850700","2,2149100",91
202000026790,20,9,7,08:50,1,1,1,1,2,78126,M,"48,8392240","2,1202290",78
202000026791,20,9,7,07:20,1,1,1,1,3,78466,M,"48,9252000","1,9970000",78
202000026792,20,9,7,18:10,1,1,1,1,2,93007,M,"48,9548300","2,4574900",93
202000026793,20,9,7,16:30,1,1,1,1,3,93008,M,"48,9127331","2,4368111",93
202000026794,20,9,7,11:50,1,1,1,1,4,93008,M,"48,9063400","2,4597300",93
202000026795,20,9,7,09:10,1,1,1,1,2,93053,M,"48,8818400","2,4545600",93
202000026796,20,9,6,23:55,4,1,1,1,2,93013,M,"48,9387300","2,4162000",93
202000026797,20,9,7,08:30,1,1,1,1,2,93051,M,"48,8364292","2,5518916",93
202000026798,20,9,6,22:45,3,1,1,1,-1,77373,M,"48,7978320","2,6230290",77
202000026799,20,3,10,09:20,1,2,1,2,6,95252,M,"48,9954643","2,2395533",95
202000026800,20,9,10,23:20,5,1,1,2,6,98818,C," -22,2301700","166,4576200",988
202000026801,20,9,6,04:05,5,2,1,1,7,98818,C," -22,2460700","166,4578000",988
202000026802,20,9,4,11:30,1,2,2,1,3,98818,C," -22,2598100","166,4465400",988
202000026803,20,9,6,01:45,5,2,1,2,6,97416,R," -21,3469400","55,4893600",974
202000026804,20,9,5,11:35,1,2,3,1,3,97302,G,"4,9375853"," -52,3159182",973
202000026805,20,9,7,00:05,3,2,1,1,7,69383,M,"45,7619169","4,8618870",69
202000026806,20,9,6,03:30,5,2,9,1,6,69199,M,"45,7116600","4,8425800",69
202000026807,20,9,6,12:35,1,1,1,1,7,97213,A,"14,6466300"," -60,9547800",972
202000026808,20,9,6,08:50,1,1,1,1,6,97213,A,"14,6680700"," -60,9931100",972
202000026809,20,9,6,03:10,5,1,1,1,2,2B033,M,"42,6780900","9,4460100",2B
202000026810,20,9,6,02:40,4,2,6,1,6,2A004,M,"41,9299113","8,7612591",2A
202000026811,20,9,6,22:30,5,2,2,1,3,91345,M,"48,6977000","2,2990000",91
202000026812,20,9,5,17:30,1,2,1,1,1,83137,M,"43,1368700","5,8978000",83
202000026813,20,9,6,17:00,1,2,2,1,3,81065,M,"43,6103000","2,2580100",81
202000026814,20,9,6,21:45,5,2,2,1,3,69256,M,"45,7726600","4,9124700",69
202000026815,20,9,6,00:00,5,2,1,1,1,69266,M,"45,7559281","4,8761728",69
202000026816,20,9,5,18:20,1,1,1,1,4,64545,M,"43,3862100"," -1,7157200",64
202000026817,20,9,5,02:10,5,2,1,1,7,59421,M,"50,7055349","3,1305289",59
202000026818,20,7,15,22:30,5,2,6,1,3,59350,M,"50,6174460","3,0614100",59
202000026819,20,9,6,17:25,1,2,6,1,5,50147,M,"49,0363200"," -1,4442300",50
202000026820,20,9,6,16:20,1,2,2,1,-1,37261,M,"47,3902968","0,6888279",37
202000026821,20,9,5,11:19,1,2,1,1,6,37233,M,"47,3927527","0,7213964",37
202000026822,20,9,6,04:30,5,2,1,1,6,35238,M,"48,1020860"," -1,6579200",35
202000026823,20,9,6,07:07,5,2,1,1,6,33119,M,"44,8484400"," -0,5152800",33
202000026824,20,9,5,19:39,1,2,5,1,2,33063,M,"44,8548600"," -0,5719400",33
202000026825,20,9,6,04:45,5,2,3,1,3,33529,M,"44,6273000"," -1,1427000",33
202000026826,20,9,5,17:40,1,2,1,1,7,29232,M,"47,9990900"," -4,1340200",29
202000026827,20,9,6,15:40,1,1,2,1,3,29039,M,"47,9206120"," -3,9286059",29
202000026828,20,9,6,00:15,5,2,1,1,6,13056,M,"43,4165400","5,0584000",13
202000026829,20,9,6,23:50,5,2,6,1,-1,13208,M,"43,2547240","5,3761560",13
202000026830,20,9,6,21:20,5,2,1,1,3,13206,M,"43,2911700","5,3807600",13
202000026831,20,9,6,15:15,1,2,1,1,3,13215,M,"43,3602000","5,3575710",13
202000026832,20,9,6,07:10,2,2,2,1,3,13202,M,"43,3270000","5,3581400",13
202000026833,20,9,5,11:00,1,2,1,1,3,13207,M,"43,2888700","5,3612200",13
202000026834,20,9,6,10:20,1,2,6,1,2,03321,M,"46,5535121","3,3639192",03
202000026835,20,9,6,09:40,1,2,1,1,3,75118,M,"48,9011340","2,3480110",75
202000026836,20,9,5,22:25,5,2,1,1,4,75117,M,"48,8851930","2,2873020",75
202000026837,20,9,5,01:18,5,2,1,1,6,75120,M,"48,8642740","2,4134990",75
202000026838,20,9,5,13:50,1,2,3,1,2,75104,M,"48,8559100","2,3474670",75
202000026839,20,9,6,15:15,1,2,7,1,6,75120,M,"48,8537480","2,4145660",75
202000026840,20,9,6,11:30,1,2,2,1,3,75118,M,"48,8844750","2,3648030",75
202000026841,20,9,6,13:40,1,2,2,8,3,75113,M,"48,8222070","2,3585300",75
202000026842,20,9,6,13:15,1,2,2,2,7,75113,M,"48,8338520","2,3651340",75
202000026843,20,9,6,11:55,1,2,3,1,3,75113,M,"48,8230200","2,3582630",75
202000026844,20,9,6,03:45,5,2,1,1,6,75112,M,"48,8283150","2,3883100",75
202000026845,20,9,6,16:25,1,2,7,1,1,75107,M,"48,8607770","2,3253290",75
202000026846,20,9,6,09:50,1,2,2,1,3,75107,M,"48,8518120","2,3145190",75
202000026847,20,9,6,17:05,1,2,4,1,3,75101,M,"48,8604840","2,3421380",75
202000026848,20,9,6,16:15,1,2,2,8,3,75103,M,"48,8637460","2,3548890",75
202000026849,20,9,6,12:20,1,2,1,8,6,94067,M,"48,8449490","2,4175800",94
202000026850,20,9,5,22:15,5,2,9,1,3,94074,M,"48,7483260","2,4577280",94
202000026851,20,9,6,14:20,1,2,1,1,1,94056,M,"48,6971300","2,5523100",94
202000026852,20,9,6,00:15,5,2,5,1,3,93048,M,"48,8604400","2,4394500",93
202000026853,20,9,6,09:20,1,2,5,1,3,93057,M,"48,9128396","2,5068391",93
202000026854,20,9,6,21:00,5,2,1,8,3,93001,M,"48,9175551","2,3820296",93
202000026855,20,9,6,14:50,1,2,1,1,2,92007,M,"48,7974200","2,3208430",92
202000026856,20,9,7,09:15,1,2,3,9,6,22050,M,"48,4543890"," -2,0454960",22
202000026857,20,8,5,20:15,1,2,1,1,1,22050,M,"48,4639800"," -2,0427380",22
202000026858,20,9,7,06:30,1,1,1,1,6,97610,Y," -12,7391700","45,1946030",976
202000026859,20,9,7,17:35,1,1,1,1,7,86096,M,"46,8261306","0,3126185",86
202000026860,20,9,3,14:30,1,1,1,1,6,67371,M,"48,8859540","7,3270440",67
202000026861,20,9,3,17:37,1,1,1,1,7,67265,M,"48,9328010","7,4946090",67
202000026862,20,9,6,16:50,1,1,4,1,3,74034,M,"46,2830430","6,6166660",74
202000026863,20,9,6,21:15,3,1,1,1,2,28219,M,"48,2281030","0,9982270",28
202000026864,20,9,6,20:45,3,1,9,9,6,97404,R," -21,2812170","55,3481770",974
202000026865,20,9,4,07:45,2,1,1,5,6,35124,M,"47,7530300"," -1,7206640",35
202000026866,20,9,4,21:20,3,1,1,1,2,19178,M,"45,2620920","1,5455640",19
202000026867,20,9,7,13:00,1,1,1,2,3,97410,R," -21,0847960","55,7484700",974
202000026868,20,9,5,07:15,1,1,1,1,2,97410,R," -21,0391950","55,7088210",974
202000026869,20,9,7,19:00,1,1,1,1,1,06069,M,"43,6785530","6,9025820",06
202000026870,20,8,5,17:25,1,2,1,1,3,83070,M,"43,1394056","6,3584616",83
202000026871,20,9,7,12:56,1,1,1,1,6,37075,M,"47,2921079","0,9571339",37
202000026872,20,9,5,17:00,1,2,1,1,2,30047,M,"43,7914700","4,4320770",30
202000026873,20,9,7,09:30,1,1,1,1,2,57317,M,"48,7753960","7,1598300",57
202000026874,20,9,7,08:40,1,1,3,1,3,57249,M,"49,1495450","6,3357850",57
202000026875,20,9,7,12:30,1,1,1,1,1,04161,M,"44,4007550","6,5179480",04
202000026876,20,9,6,19:00,1,2,6,1,7,51030,M,"49,0468936","4,0858889",51
202000026877,20,9,6,08:25,1,1,1,1,7,51359,M,"48,8280198","3,5478179",51
202000026878,20,9,6,10:00,1,1,1,1,6,56032,M,"47,9621410"," -2,2709900",56
202000026879,20,9,5,05:00,3,1,1,1,6,56135,M,"47,7321110"," -2,4180540",56
202000026880,20,9,6,15:00,1,1,1,1,7,76637,M,"49,8124980","0,5121250",76
202000026881,20,9,7,06:00,3,1,1,1,6,79145,M,"46,7380950"," -0,2756370",79
202000026882,20,8,13,20:40,2,1,1,1,3,2A269,M,"41,8518014","9,3998794",2A
202000026883,20,9,6,18:00,1,1,1,1,6,11431,M,"42,9337730","2,7551650",11
202000026884,20,9,7,17:25,1,2,1,1,2,71014,M,"46,9578139","4,2972898",71
202000026885,20,9,6,01:00,3,2,1,1,6,49261,M,"47,3407080"," -0,2402630",49
202000026886,20,9,7,14:45,1,1,1,1,6,42152,M,"46,0936360","4,1563940",42
202000026887,20,9,6,17:00,1,1,9,1,3,29078,M,"48,3113770"," -4,2027350",29
202000026888,20,8,5,11:18,1,1,2,1,3,29078,M,"48,3339010"," -4,1304730",29
202000026889,20,9,4,16:15,1,2,1,1,2,68195,M,"47,7585050","7,2921650",68
202000026890,20,9,5,20:30,1,1,1,1,7,39022,M,"46,9340020","5,4290590",39
202000026891,20,9,6,13:00,1,1,1,1,6,29206,M,"48,6477284"," -4,1717334",29
202000026892,20,9,6,22:30,3,1,1,1,1,29205,M,"48,3226950"," -3,5792900",29
202000026893,20,9,6,17:30,1,1,2,1,3,29158,M,"47,8244760"," -4,3219080",29
202000026894,20,9,7,02:45,3,1,1,1,6,03136,M,"46,2958854","2,4292926",03
202000026895,20,9,7,15:45,1,2,1,1,1,15055,M,"45,0730620","3,1061100",15
202000026896,20,8,6,16:40,1,1,1,7,6,54427,M,"48,4532290","6,9243480",54
202000026897,20,9,6,14:10,1,1,1,1,7,06119,M,"44,3344090","6,8259000",06