Num_Acc,an,mois,jour,hrmn,lum,agg,int,atm,col,com,gps,lat,long,dep
202000026898,20,9,7,13:00,1,2,1,1,6,06163,M,"44,0608770","7,5879440",06
202000026899,20,9,7,08:30,1,2,1,7,6,60584,M,"49,2157892","2,4162028",60
202000026900,20,9,4,10:20,1,2,1,1,6,07349,M,"44,8013137","4,7811811",07
202000026901,20,9,7,08:30,2,2,1,1,6,21545,M,"47,8732160","4,5382870",21
202000026902,20,9,6,21:34,3,2,1,1,6,21425,M,"47,6238460","4,3309680",21
202000026903,20,9,6,18:37,1,1,1,1,6,21715,M,"47,1057150","4,4061770",21
202000026904,20,9,7,05:30,3,1,1,1,6,21534,M,"47,0407920","4,9214360",21
202000026905,20,9,6,19:00,1,1,1,1,1,85029,M,"46,9575310"," -2,0142590",85
202000026906,20,9,1,20:44,2,1,1,1,6,23127,M,"45,9359300","2,3790340",23
202000026907,20,9,6,02:00,3,1,1,1,7,74236,M,"45,8657930","6,7253490",74
202000026908,20,9,5,13:00,1,1,1,2,6,97307,G,"4,7743870"," -52,3387330",973
202000026909,20,9,6,13:45,1,1,1,1,3,31576,M,"43,4149580","1,6616280",31
202000026910,20,9,5,10:20,1,2,7,1,6,63430,M,"45,8552820","3,5483320",63
202000026911,20,9,6,20:55,3,1,1,1,2,83001,M,"43,5420200","6,8364630",83
202000026912,20,9,7,13:30,1,1,1,1,7,95580,M,"49,0797550","2,5331850",95
202000026913,20,7,4,18:15,1,1,9,1,-1,69115,M,"45,9704750","4,7292010",69
202000026914,20,9,5,23:20,3,1,1,1,6,13103,M,"43,6753370","5,0957570",13
202000026915,20,9,6,10:50,1,1,1,1,2,97418,R," -20,8975960","55,5175260",974
202000026916,20,9,6,22:00,5,2,1,2,7,97102,A,"16,4731220"," -61,5062550",971
202000026917,20,9,5,23:50,5,2,2,1,3,97117,A,"16,3256070"," -61,3477100",971
202000026918,20,9,6,14:55,1,2,1,1,1,06075,M,"43,8559180","7,1969220",06
202000026919,20,8,6,15:30,1,1,1,1,7,05169,M,"44,3566590","5,5699830",05
202000026920,20,8,13,03:20,5,2,9,1,7,67256,M,"48,6485775","7,6855201",67
202000026921,20,9,5,14:10,1,1,1,1,6,57724,M,"49,2633530","6,1088220",57
202000026922,20,9,7,17:40,1,1,1,1,5,74094,M,"46,1795370","6,2941740",74
202000026923,20,9,7,09:00,1,1,1,1,1,74220,M,"46,1286160","6,3018070",74
202000026924,20,9,6,15:30,1,1,1,1,1,73256,M,"45,1979377","6,4642718",73
202000026925,20,9,6,11:55,1,1,1,1,2,73050,M,"45,6839900","5,8515930",73
202000026926,20,9,6,21:15,3,1,1,1,1,81038,M,"43,8859860","1,8933390",81
202000026927,20,9,6,18:00,1,1,1,1,7,33535,M,"44,8404850"," -0,4936280",33
202000026928,20,8,7,16:00,1,1,1,1,6,97412,R," -21,3699592","55,6025804",974
202000026929,20,8,6,19:10,1,1,1,1,3,27507,M,"48,9263340","1,2882440",27
202000026930,20,8,7,11:25,1,1,1,1,1,30221,M,"44,0361460","4,7302370",30
202000026931,20,8,6,17:00,1,1,1,1,6,56169,M,"47,6889080"," -3,2967570",56
202000026932,20,8,6,15:30,1,1,1,7,6,59454,M,"50,7593730","2,4717090",59
202000026933,20,8,3,17:40,1,2,1,1,2,80620,M,"49,9043440","2,9286290",80
202000026934,20,8,6,05:20,2,1,2,1,-1,80718,M,"49,9459830","2,2227900",80
202000026935,20,8,7,06:20,2,2,1,1,3,65401,M,"43,1835009","0,1020067",65
202000026936,20,8,7,14:30,1,2,1,1,6,71263,M,"46,6380175","5,2135329",71
202000026937,20,8,5,20:50,2,1,1,1,7,63380,M,"45,6135720","3,0074430",63
202000026938,20,8,5,09:50,1,1,1,1,7,29191,M,"48,5025490"," -3,7385320",29
202000026939,20,8,7,11:38,1,1,1,1,7,38144,M,"45,5922550","5,0835160",38
202000026940,20,8,6,17:15,1,1,1,1,-1,02506,M,"49,2954080","3,1825160",02
202000026941,20,8,7,19:18,1,1,3,1,1,84057,M,"43,9237470","5,2577840",84
202000026942,20,8,5,15:45,1,1,1,1,7,03246,M,"46,3287363","2,4293249",03
202000026943,20,8,6,10:25,1,1,1,1,3,85302,M,"46,9676110"," -1,0056060",85
202000026944,20,8,7,04:10,3,1,1,1,7,26005,M,"44,5063270","4,7951400",26
202000026945,20,8,6,19:30,1,1,2,7,5,58294,M,"46,7257160","3,2579340",58
202000026946,20,8,7,10:55,1,2,1,1,6,72039,M,"48,1838880","0,4529920",72
202000026947,20,8,7,01:15,3,1,1,1,6,50410,M,"48,5615100"," -1,5018920",50
202000026948,20,8,7,13:06,1,2,1,1,1,83046,M,"43,5292170","6,1531750",83
202000026949,20,8,5,22:25,3,1,1,1,7,07139,M,"44,7792460","4,3438270",07
202000026950,20,8,5,19:08,1,2,6,1,4,07181,M,"44,7473540","4,7455550",07
202000026951,20,8,4,18:30,1,2,1,1,2,21154,M,"47,8681830","4,5727470",21
202000026952,20,8,6,17:50,1,1,1,1,1,24214,M,"45,5590000","0,5733800",24
202000026953,20,8,6,17:00,1,1,1,1,6,85008,M,"46,5856300"," -1,4583500",85
202000026954,20,8,2,18:45,1,1,2,1,7,27518,M,"49,4570020","0,5261850",27
202000026955,20,8,4,23:30,3,1,1,1,6,28165,M,"48,3757220","0,9581280",28
202000026956,20,8,7,11:30,1,2,1,1,7,48018,M,"44,5063350","3,4113840",48
202000026957,20,8,1,15:53,1,1,1,1,7,24278,M,"44,7724980","0,6139680",24
202000026958,20,8,6,09:50,1,2,1,1,3,13091,M,"43,6256620","5,2926310",13
202000026959,20,8,5,15:40,1,1,9,1,3,77354,M,"48,4683970","2,8780320",77
202000026960,20,8,2,03:45,3,1,1,1,6,06088,M,"43,6747710","7,1972790",06
202000026961,20,8,5,16:30,1,1,1,1,2,63021,M,"45,6372988","3,1873817",63
202000026962,20,7,19,20:30,5,2,1,1,4,98712,P," -17,5232500"," -149,5136820",987
202000026963,20,8,5,19:40,3,1,1,1,1,98822,C," -20,9250870","165,3169660",988
202000026964,20,8,2,07:22,1,1,1,7,4,97116,A,"16,3152790"," -61,4827970",971
202000026965,20,8,6,13:40,1,2,1,1,7,97117,A,"16,3314240"," -61,3471510",971
202000026966,20,8,6,23:15,3,1,4,1,5,97115,A,"16,2727800"," -61,6563300",971
202000026967,20,8,5,23:45,5,2,1,1,7,78160,M,"48,7038890","2,0274310",78
202000026968,20,8,7,20:00,2,1,1,1,2,66008,M,"42,5338050","3,0604430",66
202000026969,20,8,5,08:05,1,1,6,7,3,83107,M,"43,4631680","6,6357930",83
202000026970,20,8,6,16:00,1,1,3,1,3,05052,M,"44,6783960","6,6161190",05
202000026971,20,6,15,20:20,1,1,1,1,3,04197,M,"43,7959499","5,7751070",04
202000026972,20,8,6,19:30,1,2,3,1,4,68185,M,"48,2690507","7,2912253",68
202000026973,20,8,6,17:45,1,2,1,1,6,67156,M,"48,7231500","7,7575650",67
202000026974,20,8,6,22:30,5,2,1,1,7,57206,M,"49,2926730","6,1042790",57
202000026975,20,8,7,16:30,1,1,3,1,3,74290,M,"46,0060990","6,9232860",74
202000026976,20,8,5,18:00,1,2,2,1,4,73215,M,"45,4636670","6,1169490",73
202000026977,20,8,5,18:21,1,2,1,1,3,38344,M,"45,3730500","4,8128700",38
202000026978,20,8,7,07:00,1,1,1,1,1,38565,M,"45,3082600","5,6123700",38
202000026979,20,7,29,13:05,1,1,1,1,4,26071,M,"45,0538620","4,9195560",26
202000026980,20,8,6,10:00,1,1,1,1,2,26064,M,"44,8910560","5,0167040",26
202000026981,20,8,7,13:30,1,1,1,1,1,09047,M,"42,9093230","1,9414470",09
202000026982,20,8,6,16:43,1,2,1,1,6,33227,M,"44,5541070"," -0,2536370",33
202000026983,20,8,6,19:50,1,2,1,1,6,85226,M,"46,7431200"," -2,0081500",85
202000026984,20,7,29,17:30,1,2,9,1,3,49194,M,"47,4577360"," -0,2629530",49
202000026985,20,8,4,18:45,1,2,3,1,3,22343,M,"48,7721966"," -3,5783216",22
202000026986,20,8,7,00:15,3,1,1,1,6,35037,M,"48,0364580"," -1,8341190",35
202000026987,20,8,6,07:20,1,2,6,1,1,60575,M,"49,2904595","2,2003264",60
202000026988,20,8,7,08:00,1,1,1,1,1,80224,M,"49,7272950","2,9162260",80
202000026989,20,8,6,14:00,1,2,1,1,7,13202,M,"43,2913000","5,3656000",13
202000026990,20,8,5,18:15,1,1,1,1,4,13071,M,"43,4135400","5,3644100",13
202000026991,20,8,6,00:10,3,1,1,1,-1,13005,M,"43,2919299","5,5690044",13
202000026992,20,8,6,14:25,1,1,1,1,4,38336,M,"45,4910300","4,8328200",38
202000026993,20,4,10,12:20,1,2,1,1,1,16089,M,"45,6773243"," -0,3179494",16
202000026994,20,8,5,03:45,3,1,1,1,2,69199,M,"45,6943456","4,8426456",69
202000026995,20,4,10,14:45,1,2,1,1,6,13205,M,"43,2914900","5,4048000",13
202000026996,20,4,9,15:00,1,2,2,1,2,13202,M,"43,3110500","5,3695600",13
202000026997,20,8,1,11:50,1,1,1,1,4,67482,M,"48,5807960","7,7238790",67
202000026998,20,4,10,19:45,1,2,1,1,2,06088,M,"43,6850300","7,2230000",06
202000026999,20,8,6,09:30,1,1,1,1,2,33090,M,"44,7666200"," -0,6693500",33
202000027000,20,4,10,17:30,1,2,1,1,7,75114,M,"48,8205620","2,3231120",75
202000027001,20,11,6,13:25,1,1,1,1,2,78117,M,"48,7879290","2,1436410",78
202000027002,20,4,10,13:25,1,2,3,1,3,75112,M,"48,8292500","2,3903830",75
202000027003,20,8,5,12:50,1,1,1,1,4,62498,M,"50,4472980","2,8380350",62
202000027004,20,4,10,14:35,1,2,1,1,3,75119,M,"48,8989230","2,3828680",75
202000027005,20,11,6,17:00,2,1,1,1,3,95306,M,"48,9965000","2,1808000",95
202000027006,20,8,5,22:30,3,1,1,1,3,91689,M,"48,7329900","2,3167000",91
202000027007,20,4,10,09:50,1,2,3,1,6,75119,M,"48,8872280","2,3871660",75
202000027008,20,11,6,08:35,1,1,1,1,-1,77059,M,"48,8464400","2,6626000",77
202000027009,20,8,6,07:18,1,1,1,1,3,78545,M,"48,8083150","2,0533450",78
202000027010,20,4,9,23:15,5,2,1,1,6,75116,M,"48,8413660","2,2688620",75
202000027011,20,8,6,06:55,1,1,1,1,6,92050,M,"48,9000875","2,2094467",92
202000027012,20,4,10,11:00,1,2,3,1,3,75114,M,"48,8311280","2,3171570",75
202000027013,20,11,5,21:38,5,1,1,1,5,94069,M,"48,8173109","2,4424372",94
202000027014,20,8,6,21:20,5,1,1,1,7,93006,M,"48,8685000","2,4287000",93
202000027015,20,4,9,22:00,3,2,1,1,6,75115,M,"48,8393730","2,3161730",75
202000027016,20,11,5,14:00,1,2,3,1,3,97416,R," -21,2986300","55,4538800",974
202000027017,20,8,6,13:20,1,1,1,1,2,95277,M,"48,9727100","2,4858000",95
202000027018,20,4,5,18:50,1,2,3,1,-1,93006,M,"48,8705961","2,4259939",93
202000027019,20,8,5,19:50,1,1,1,1,5,93010,M,"48,8924600","2,4727300",93
202000027020,20,11,4,12:30,1,1,1,1,2,97416,R," -21,3287900","55,4527800",974
202000027021,20,8,5,22:30,3,1,1,1,2,95563,M,"49,0103900","2,2302100",95
202000027022,20,4,10,15:10,1,2,6,1,6,93010,M,"48,9033324","2,4802855",93
202000027023,20,8,5,17:25,1,1,1,1,-1,95678,M,"49,0601700","2,2114900",95
202000027024,20,4,10,15:45,1,2,7,1,3,92049,M,"48,8161427","2,3114285",92
202000027025,20,11,5,10:40,1,2,2,1,3,97302,G,"4,9378200"," -52,3328200",973
202000027026,20,2,24,19:55,5,2,1,2,3,02691,M,"49,8378400","3,2709800",02
202000027027,20,8,5,20:45,5,2,9,1,3,97409,R," -20,9518050","55,6488410",974
202000027028,20,4,10,20:20,2,2,1,1,3,92007,M,"48,8023760","2,3111241",92
202000027029,20,11,5,19:05,5,2,2,1,6,69387,M,"45,7548206","4,8411716",69
202000027030,20,8,5,13:36,1,2,1,1,2,97302,G,"4,9351482"," -52,2936183",973
202000027031,20,4,11,01:50,5,2,1,1,7,22050,M,"48,4505125"," -2,0418692",22
202000027032,20,8,5,08:55,1,2,1,1,6,69199,M,"45,7090400","4,8532900",69
202000027033,20,4,10,15:25,1,1,1,1,1,01333,M,"45,9216170","4,9476400",01
202000027034,20,11,4,16:40,1,2,1,1,6,95252,M,"48,9903200","2,2223100",95
202000027035,20,8,1,03:35,5,2,1,1,7,97209,A,"14,6031100"," -61,0688900",972
202000027036,20,4,11,16:15,2,1,1,7,6,59605,M,"51,0253740","2,4972410",59
202000027037,20,8,5,08:55,1,2,1,1,2,2A004,M,"41,9240400","8,7300500",2A
202000027038,20,11,4,14:05,1,2,1,1,1,95176,M,"48,9701500","2,1938600",95
202000027039,20,4,10,22:46,3,1,1,1,1,32256,M,"43,5303180","0,4173090",32
202000027040,20,4,9,19:30,1,2,2,1,3,55027,M,"48,9582120","5,4991350",55
202000027041,20,11,5,12:00,1,2,3,1,3,91432,M,"48,6967500","2,3327700",91
202000027042,20,4,11,10:10,1,1,1,1,6,35097,M,"47,9908146"," -1,2319703",35
202000027043,20,8,3,18:07,1,2,1,1,3,87085,M,"45,8251600","1,2417900",87
202000027044,20,11,4,08:00,1,2,1,1,3,91027,M,"48,7085400","2,3983800",91
202000027045,20,4,7,08:40,1,1,1,7,6,01039,M,"45,8524260","5,7554300",01
202000027046,20,8,4,16:20,1,2,1,1,6,86194,M,"46,5851980","0,3662740",86
202000027047,20,4,11,05:00,3,1,1,1,6,58168,M,"46,8264340","3,9537210",58
202000027048,20,11,4,09:05,1,2,6,1,3,86194,M,"46,5637633","0,3652270",86
202000027049,20,8,4,13:00,1,1,1,1,5,85194,M,"46,5162300"," -1,7541800",85
202000027050,20,4,10,14:05,1,1,1,1,6,09247,M,"42,9571319","1,2554397",09
202000027051,20,11,5,18:29,2,2,1,1,2,86066,M,"46,7926590","0,5372250",86
202000027052,20,8,5,19:00,1,2,1,1,6,83069,M,"43,1210500","6,1350500",83
202000027053,20,4,11,14:45,1,1,1,1,7,60584,M,"49,2314224","2,4121136",60
202000027054,20,4,10,16:15,1,1,1,1,6,18221,M,"46,8240480","2,3500170",18
202000027055,20,11,5,06:45,5,2,2,1,3,85191,M,"46,6804000"," -1,4301200",85
202000027056,20,8,3,19:30,1,2,1,7,1,83069,M,"43,1102600","6,1186000",83
202000027057,20,4,10,21:00,3,1,9,1,6,07240,M,"44,8703818","4,8090887",07
202000027058,20,10,16,19:25,5,2,1,1,1,83137,M,"43,1399370","5,9130960",83
202000027059,20,8,4,11:20,1,2,2,1,3,80021,M,"49,8857510","2,3024800",80
202000027060,20,4,11,09:50,1,1,3,1,3,74268,M,"45,8709490","6,0746700",74
202000027061,20,8,4,14:25,1,2,1,1,6,80021,M,"49,8953900","2,2907600",80
202000027062,20,11,3,11:00,1,2,6,1,3,77059,M,"48,8409400","2,6592100",77
202000027063,20,4,10,16:45,1,2,4,1,6,84003,M,"43,8737550","5,3975220",84
202000027064,20,8,5,16:15,1,2,9,1,6,78350,M,"48,8588000","2,1193000",78
202000027065,20,10,23,07:40,3,1,9,3,-1,77216,M,"48,2967000","2,6796900",77
202000027066,20,4,10,17:45,1,2,5,1,-1,50601,M,"49,0349670"," -0,9789100",50
202000027067,20,11,5,04:30,5,2,1,9,3,76681,M,"49,4078700","1,0904900",76
202000027068,20,4,11,16:40,1,2,1,1,7,14384,M,"49,3139880"," -0,3524960",14
202000027069,20,11,4,17:36,1,2,3,1,2,76351,M,"49,5079900","0,1682400",76
202000027070,20,4,10,12:35,1,2,9,1,6,02684,M,"49,9174260","4,1325330",02
202000027071,20,4,7,04:00,5,2,1,1,6,13055,M,"43,3300600","5,3893980",13
202000027072,20,8,4,15:55,1,2,1,1,6,74012,M,"46,1937700","6,2344120",74
202000027073,20,11,4,09:50,1,2,3,1,6,76351,M,"49,5167300","0,0929600",76
202000027074,20,4,10,20:15,2,1,1,1,7,94043,M,"48,8157000","2,3564000",94
202000027075,20,4,10,19:55,1,1,1,1,6,91377,M,"48,7311240","2,2396080",91
202000027076,20,11,5,20:00,5,2,9,1,3,72181,M,"47,9634400","0,2212500",72
202000027077,20,8,4,19:30,1,2,1,1,-1,69282,M,"45,7667600","4,9999900",69
202000027078,20,4,10,15:25,1,1,1,1,7,91521,M,"48,6328700","2,4026900",91
202000027079,20,1,15,19:23,5,2,1,1,3,86194,M,"46,5912884","0,3519166",86
202000027080,20,8,5,14:00,1,1,1,1,6,68256,M,"47,7573400","7,3044400",68
202000027081,20,11,5,13:30,1,2,3,1,6,71153,M,"46,8036980","4,4186234",71
202000027082,20,2,5,16:50,1,2,1,1,7,34032,M,"43,3578500","3,2433000",34
202000027083,20,11,5,12:10,1,2,1,1,6,67482,M,"48,5772935","7,7669046",67
202000027084,20,4,9,09:30,1,2,1,1,6,97411,R," -20,8937028","55,4818299",974
202000027085,20,4,9,01:15,5,2,1,1,7,76319,M,"49,3528700","1,0130800",76
202000027086,20,4,8,09:45,1,2,1,1,6,69264,M,"45,9800700","4,7384700",69
202000027087,20,4,6,01:00,3,2,1,1,7,59375,M,"50,4067800","3,2792900",59
202000027088,20,8,5,01:20,4,2,3,1,1,67204,M,"48,6213979","7,7552301",67
202000027089,20,4,9,13:30,1,2,3,1,3,59122,M,"50,1787000","3,2483300",59
202000027090,20,4,8,17:10,1,2,1,1,6,34172,M,"43,6250510","3,8174190",34
202000027091,20,11,5,08:00,2,2,1,1,1,67482,M,"48,5748547","7,7351050",67
202000027092,20,8,4,10:20,1,2,1,8,2,67482,M,"48,5694000","7,7106300",67
202000027093,20,4,9,23:50,5,2,6,1,6,29019,M,"48,3908000"," -4,5035000",29
202000027094,20,8,1,12:37,1,2,1,1,2,66136,M,"42,7127600","2,8893400",66
202000027095,20,8,5,18:10,1,2,3,1,3,64483,M,"43,3923989"," -1,6530534",64
202000027096,20,11,5,08:20,1,2,2,1,1,59648,M,"50,5995800","3,0532800",59
202000027097,20,8,5,11:00,1,2,1,1,3,64260,M,"43,3746700"," -1,7664700",64
202000027098,20,10,29,13:55,1,2,1,1,4,58194,M,"46,9954000","3,1482000",58
202000027099,20,8,5,15:20,1,1,1,7,4,64237,M,"43,2781510"," -0,3664950",64
202000027100,20,8,5,09:25,1,2,6,1,2,64024,M,"43,4967400"," -1,5097600",64
202000027101,20,8,4,14:25,1,2,1,1,7,63164,M,"45,8359407","3,1474860",63
202000027102,20,8,4,16:15,1,2,1,1,6,59350,M,"50,6384100","3,0663900",59
202000027103,20,11,4,19:15,5,2,3,1,3,57306,M,"49,3543900","6,0632400",57
202000027104,20,8,5,14:45,1,2,2,1,3,59043,M,"50,7318700","2,7277100",59
202000027105,20,8,5,13:10,1,2,1,1,2,51454,M,"49,2498215","4,0252414",51
202000027106,20,11,4,17:30,1,2,6,7,6,56107,M,"47,7247400"," -3,3863500",56
202000027107,20,4,8,19:49,1,1,1,1,1,19275,M,"45,5496844","2,2787176",19
202000027108,20,11,4,18:15,5,2,1,1,6,55545,M,"49,1674900","5,3868900",55
202000027109,20,8,4,16:05,1,2,1,1,2,50647,M,"48,8388900"," -1,5598400",50
202000027110,20,4,9,14:00,1,1,1,1,2,13056,M,"43,3947500","5,0110100",13
202000027111,20,8,4,15:15,1,1,1,1,1,49007,M,"47,4646710"," -0,5744000",49
202000027112,20,11,5,11:35,1,2,2,1,7,51454,M,"49,2561708","4,0334510",51
202000027113,20,8,4,17:40,1,2,2,1,-1,41018,M,"47,6031540","1,3495830",41
202000027114,20,8,5,22:10,5,2,1,1,6,37261,M,"47,3789727","0,6913369",37
202000027115,20,8,5,17:15,1,2,1,1,2,35238,M,"48,1068700"," -1,7275700",35
202000027116,20,4,9,12:45,1,2,2,1,2,75114,M,"48,8295900","2,3284150",75
202000027117,20,11,5,08:35,1,2,3,1,-1,51573,M,"49,2428462","3,9896173",51
202000027118,20,8,5,22:00,5,2,1,1,3,34172,M,"43,5975600","3,8750500",34
202000027119,20,8,5,10:40,1,1,1,1,6,34129,M,"43,5660400","3,8947500",34
202000027120,20,8,3,17:30,1,2,9,1,2,34032,M,"43,3658000","3,2263200",34
202000027121,20,11,5,21:45,5,2,1,1,7,44109,M,"47,2195800"," -1,5715100",44
202000027122,20,8,5,08:10,1,2,4,1,3,33281,M,"44,8344800"," -0,6711500",33
202000027123,20,11,4,09:40,1,1,4,5,1,41295,M,"47,5966900","1,3791100",41
202000027124,20,4,8,22:23,5,2,2,1,6,75115,M,"48,8335040","2,2986920",75
202000027125,20,11,4,19:10,5,2,1,1,6,37261,M,"47,4126286","0,7030307",37
202000027126,20,4,9,19:20,1,2,1,1,6,75118,M,"48,8852630","2,3612940",75
202000027127,20,11,3,16:45,1,2,1,1,6,37261,M,"47,3669421","0,7101890",37
202000027128,20,11,5,20:50,5,2,1,1,6,35051,M,"48,1141100"," -1,6265900",35
202000027129,20,4,8,22:30,5,2,2,1,3,94081,M,"48,7875000","2,3905800",94
202000027130,20,4,8,18:39,1,2,1,1,7,94078,M,"48,7293190","2,4498600",94
202000027131,20,4,9,09:15,1,2,1,1,3,93066,M,"48,9242243","2,3425071",93
202000027132,20,8,5,09:45,1,2,1,1,1,33529,M,"44,6276400"," -1,2024100",33
202000027133,20,11,5,07:48,1,2,1,1,3,34172,M,"43,5969625","3,8834189",34
202000027134,20,3,9,16:10,2,2,2,1,2,92012,M,"48,8320930","2,2530570",92
202000027135,20,3,10,09:14,1,2,1,1,1,97415,R," -21,0661550","55,2803650",974
202000027136,20,8,4,22:10,2,2,1,1,6,28134,M,"48,7376700","1,3912100",28
202000027137,20,8,4,17:10,1,2,1,1,7,31555,M,"43,5984100","1,4407000",31
202000027138,20,8,5,02:35,3,1,1,1,7,29232,M,"48,0028771"," -4,1395605",29
202000027139,20,11,5,08:55,1,1,1,8,5,27701,M,"49,2402100","1,1929790",27
202000027140,20,11,6,00:05,5,2,2,1,3,14117,M,"49,2915100"," -0,1227900",14
202000027141,20,4,9,12:55,1,1,1,1,7,22370,M,"48,6702760"," -3,0232790",22
202000027142,20,8,5,15:45,1,2,1,1,2,27229,M,"49,0221000","1,1520000",27
202000027143,20,8,5,17:15,1,2,1,1,3,24322,M,"45,1881300","0,7299100",24
202000027144,20,8,2,17:45,1,1,1,1,7,22215,M,"48,4701300"," -2,8036700",22
202000027145,20,4,10,11:50,1,2,9,1,7,38226,M,"44,8100000","5,7423700",38
202000027146,20,7,31,15:35,1,2,1,1,6,17333,M,"45,6120300"," -0,9907700",17
202000027147,20,11,5,20:45,5,2,1,1,3,13213,M,"43,3281600","5,4343800",13
202000027148,20,8,4,10:30,1,2,2,1,6,14366,M,"49,1428800","0,2253500",14
202000027149,20,4,10,04:15,3,1,1,1,7,59213,M,"50,1532360","3,3286430",59
202000027150,20,11,5,17:15,2,2,2,1,1,13207,M,"43,2892900","5,3575700",13
202000027151,20,11,5,15:50,1,2,1,1,1,13205,M,"43,2906600","5,4202500",13
202000027152,20,4,9,22:00,3,1,1,1,6,49228,M,"47,5117150","0,1011350",49
202000027153,20,11,5,14:45,1,2,1,1,6,13207,M,"43,2850100","5,3683000",13
202000027154,20,4,8,19:45,1,1,1,1,1,12142,M,"44,4024339","2,3551983",12
202000027155,20,11,3,09:55,1,2,1,1,6,08105,M,"49,7737130","4,7187880",08
202000027156,20,4,10,17:40,1,1,1,1,6,41176,M,"47,5174520","2,1319810",41
202000027157,20,11,5,18:40,5,2,1,1,3,75112,M,"48,8284710","2,3974180",75
202000027158,20,4,8,19:00,1,1,1,1,6,29271,M,"48,5651438"," -4,1483760",29
202000027159,20,11,5,08:55,1,2,1,1,4,75117,M,"48,9006730","2,3261490",75
202000027160,20,4,8,18:20,1,1,1,7,7,29063,M,"48,0543934"," -4,5715651",29
202000027161,20,11,5,09:30,1,2,3,1,-1,75106,M,"48,8571700","2,3385960",75
202000027162,20,8,5,16:55,1,2,2,1,3,14118,M,"49,1792400"," -0,3488500",14
202000027163,20,11,5,13:15,1,2,2,1,6,75119,M,"48,8852400","2,3846050",75
202000027164,20,4,10,00:10,4,2,2,1,6,03033,M,"46,1852823","3,4884755",03
202000027165,20,8,5,16:00,1,2,1,1,6,13208,M,"43,2465720","5,3814820",13
202000027166,20,4,10,06:30,1,1,3,1,3,05017,M,"44,5745190","6,1696550",05
202000027167,20,8,5,09:30,1,2,1,1,6,13207,M,"43,2908600","5,3635900",13
202000027168,20,4,10,09:55,1,2,1,1,7,37050,M,"47,3380897","0,7037777",37
202000027169,20,4,9,13:10,1,2,1,7,1,97801,,"18,0692940"," -63,0353180",978
202000027170,20,8,5,01:00,5,2,1,1,2,13208,M,"43,2540200","5,3762000",13
202000027171,20,2,19,07:17,2,1,1,1,2,83116,M,"43,4637910","5,8550690",83
202000027172,20,11,5,09:45,1,2,2,1,3,75119,M,"48,8820050","2,4024980",75
202000027173,20,8,4,17:00,1,2,9,1,3,13209,M,"43,2496700","5,4226700",13
202000027174,20,11,5,07:05,2,2,3,1,6,75118,M,"48,8987010","2,3683670",75
202000027175,20,8,5,10:20,1,2,9,1,-1,13028,M,"43,1920810","5,6072610",13
202000027176,20,3,28,07:45,1,2,1,1,6,97124,A,"16,0202360"," -61,7128820",971
202000027177,20,8,3,20:30,1,2,1,6,2,13028,M,"43,1920730","5,6048190",13
202000027178,20,11,5,11:40,1,2,1,1,3,75117,M,"48,8852620","2,2947940",75
202000027179,20,4,10,14:20,1,2,2,1,1,45311,M,"47,8366601","2,2255562",45
202000027180,20,8,4,17:56,1,2,6,1,2,10387,M,"48,3150900","4,0634600",10
202000027181,20,11,5,19:25,5,2,3,1,3,75115,M,"48,8445140","2,3091800",75
202000027182,20,3,29,15:00,1,1,1,1,6,91461,M,"48,6035170","2,2110840",91
202000027183,20,8,4,17:17,1,2,1,1,6,10387,M,"48,3034700","4,0947700",10
202000027184,20,11,5,12:40,1,2,1,1,3,75115,M,"48,8491900","2,2904340",75
202000027185,20,11,5,09:00,1,2,1,1,3,75113,M,"48,8261740","2,3579200",75
202000027186,20,11,5,15:30,1,2,3,1,6,75112,M,"48,8471500","2,3850070",75
202000027187,20,3,24,11:00,1,1,1,1,3,34154,M,"43,6176390","3,9831020",34
202000027188,20,8,5,21:40,2,2,1,1,3,06069,M,"43,6799940","6,9559190",06
202000027189,20,11,5,06:40,5,2,1,1,6,75104,M,"48,8545450","2,3688080",75
202000027190,20,4,9,13:46,1,2,1,1,2,57288,M,"49,1823200","6,6603850",57
202000027191,20,8,5,16:35,2,2,1,1,7,06069,M,"43,6420300","6,9593100",06
202000027192,20,11,4,12:35,1,2,2,1,6,94068,M,"48,8065400","2,4787500",94
202000027193,20,4,5,04:30,3,2,1,1,6,07042,M,"44,3706488","4,6384991",07
202000027194,20,11,5,20:55,5,2,1,1,3,94018,M,"48,8178500","2,4197700",94
202000027195,20,8,5,08:52,1,2,1,1,3,06069,M,"43,6666140","6,9364490",06
202000027196,20,4,9,09:20,1,1,1,1,6,94038,M,"48,7728800","2,3455400",94
202000027197,20,4,8,13:00,1,1,1,1,6,93073,M,"48,9668900","2,5606300",93
202000027198,20,11,5,17:40,5,2,3,1,7,94076,M,"48,7915860","2,3694370",94
202000027199,20,8,4,16:47,1,1,1,1,1,06027,M,"43,6824410","7,1494680",06
202000027200,20,4,9,14:00,1,1,1,1,7,94073,M,"48,7683000","2,3788700",94
202000027201,20,11,5,17:35,5,2,1,1,1,94037,M,"48,8072930","2,3467090",94
202000027202,20,10,3,09:45,1,1,1,1,6,93027,M,"48,9285300","2,4135600",93
202000027203,20,1,31,07:42,2,2,1,2,1,45208,M,"47,9989510","2,7290410",45
202000027204,20,8,5,09:50,1,2,4,1,2,75112,M,"48,8277270","2,3946260",75
202000027205,20,11,5,08:30,1,2,1,1,6,94073,M,"48,7678000","2,3944500",94