Num_Acc,an,mois,jour,hrmn,lum,agg,int,atm,col,com,gps,lat,long,dep
202000027822,20,6,2,19:20,1,2,4,1,4,57207,M,"49,1150080","6,8604950",57
202000027823,20,6,6,01:30,3,2,1,1,6,73328,M,"45,6593470","5,9089390",73
202000027824,20,6,6,02:00,3,1,1,1,6,38468,M,"45,3481600","4,7883000",38
202000027825,20,6,4,20:20,1,2,1,8,3,01281,M,"46,2850040","6,0857610",01
202000027826,20,6,6,05:05,3,1,1,1,-1,31248,M,"43,4637300","1,4127910",31
202000027827,20,6,6,10:15,1,1,2,1,3,86227,M,"46,9865470","0,0029400",86
202000027828,20,6,5,14:40,1,1,1,1,6,14762,M,"48,8667703"," -0,8327106",14
202000027829,20,6,5,17:00,1,1,1,1,4,13070,M,"43,2848500","5,5231100",13
202000027830,20,6,3,12:59,1,1,1,1,4,13215,M,"43,3673500","5,3609200",13
202000027831,20,6,5,04:30,4,1,1,2,2,69029,M,"45,7350000","4,9015000",69
202000027832,20,6,3,03:00,5,1,1,1,2,69081,M,"45,7864000","4,7848100",69
202000027833,20,6,3,15:45,1,1,1,1,1,42218,M,"45,4654000","4,3976800",42
202000027834,20,6,5,06:35,1,1,1,2,-1,33448,M,"44,7003100"," -0,5017200",33
202000027835,20,6,4,11:55,1,1,1,2,4,33550,M,"44,7735600"," -0,5560000",33
202000027836,20,6,4,11:10,1,1,1,2,2,33039,M,"44,7939900"," -0,5394500",33
202000027837,20,6,5,07:45,1,1,1,1,4,94038,M,"48,7728300","2,3463000",94
202000027838,20,6,5,09:20,1,1,1,2,3,92025,M,"48,9207800","2,2254824",92
202000027839,20,6,5,11:20,1,1,1,2,6,95572,M,"49,0328500","2,1079400",95
202000027840,20,6,5,18:30,1,1,1,1,4,94052,M,"48,8423300","2,4928400",94
202000027841,20,6,5,17:30,1,1,1,1,2,94069,M,"48,8172500","2,4240900",94
202000027842,20,6,4,19:42,5,2,6,1,2,98818,C," -22,2605700","166,4699100",988
202000027843,20,6,4,21:00,2,2,1,2,4,69388,M,"45,7276000","4,8688000",69
202000027844,20,6,4,19:45,1,2,2,1,3,69383,M,"45,7516700","4,8949600",69
202000027845,20,6,4,09:00,1,2,1,1,6,69383,M,"45,7545290","4,8509949",69
202000027846,20,6,4,09:46,1,1,1,1,2,97213,A,"14,6172800"," -61,0175000",972
202000027847,20,6,4,14:45,1,2,1,1,1,69034,M,"45,7939300","4,8718200",69
202000027848,20,6,3,11:00,1,2,1,1,-1,69034,M,"45,8019281","4,8562387",69
202000027849,20,6,3,18:45,1,2,1,1,6,69385,M,"45,7560600","4,7877700",69
202000027850,20,6,3,15:10,1,2,9,1,2,97101,A,"16,2778000"," -61,4997000",971
202000027851,20,6,4,07:30,1,2,6,3,2,91687,M,"48,6606460","2,3759810",91
202000027852,20,6,2,07:15,1,1,1,1,5,91433,M,"48,4408100","2,2084100",91
202000027853,20,5,30,10:15,1,1,1,1,6,89024,M,"47,7643500","3,5500700",89
202000027854,20,6,4,13:20,1,2,1,3,3,83137,M,"43,1283250","5,9051230",83
202000027855,20,5,26,16:20,1,2,9,1,3,83009,M,"43,1364000","5,7573600",83
202000027856,20,6,4,09:00,1,2,1,1,4,81065,M,"43,6055280","2,2300210",81
202000027857,20,5,29,18:30,1,1,1,1,7,77337,M,"48,8487600","2,6133100",77
202000027858,20,6,3,08:00,1,2,6,1,3,73065,M,"45,5638467","5,9195330",73
202000027859,20,6,2,16:10,1,2,6,1,7,71270,M,"46,3034452","4,8266046",71
202000027860,20,5,31,18:10,1,2,1,1,5,69266,M,"45,7850031","4,8685312",69
202000027861,20,6,2,11:00,1,2,2,1,3,69264,M,"45,9822700","4,7350100",69
202000027862,20,6,2,20:31,1,1,1,1,3,66136,M,"42,7126300","2,9271900",66
202000027863,20,6,4,02:30,5,2,6,1,7,64445,M,"43,2960100"," -0,3766800",64
202000027864,20,6,3,17:25,1,2,1,1,3,64024,M,"43,5260600"," -1,5146000",64
202000027865,20,6,3,18:19,1,2,1,3,4,63063,M,"45,8315700","3,1053400",63
202000027866,20,6,3,17:10,1,2,6,3,2,63164,M,"45,8146739","3,1442944",63
202000027867,20,6,1,12:23,1,2,5,1,2,63032,M,"45,7530100","3,0892100",63
202000027868,20,5,29,15:09,1,2,1,1,2,63113,M,"45,7820600","3,1267600",63
202000027869,20,5,30,18:44,1,2,1,1,2,63113,M,"45,7693300","3,1132300",63
202000027870,20,6,3,07:15,1,2,2,1,3,57757,M,"49,3609000","6,1947900",57
202000027871,20,6,3,11:38,1,2,1,1,3,49007,M,"47,4715700"," -0,5339500",49
202000027872,20,6,2,17:25,1,2,1,1,4,49246,M,"47,4369000"," -0,5099100",49
202000027873,20,6,4,12:15,1,2,1,1,6,44109,M,"47,2535800"," -1,5748430",44
202000027874,20,6,4,17:45,1,2,1,1,3,38318,M,"45,5280100","4,9150000",38
202000027875,20,6,2,19:43,1,2,1,1,-1,37261,M,"47,3921800","0,6798657",37
202000027876,20,5,27,01:00,3,1,1,1,2,34003,M,"43,3006247","3,4629299",34
202000027877,20,6,5,00:50,5,2,2,1,3,33063,M,"44,8907100"," -0,5468100",33
202000027878,20,6,4,16:40,1,2,3,1,6,33550,M,"44,7816644"," -0,5673491",33
202000027879,20,6,3,12:15,1,2,2,1,3,33069,M,"44,8706000"," -0,5982300",33
202000027880,20,5,22,12:45,1,2,6,1,3,33281,M,"44,8561400"," -0,6438600",33
202000027881,20,5,19,19:30,1,2,1,1,6,33550,M,"44,7697530"," -0,5787700",33
202000027882,20,6,4,11:15,1,2,1,1,-1,31555,M,"43,5859500","1,4277200",31
202000027883,20,6,4,23:20,5,2,2,1,3,30189,M,"43,8283400","4,3548100",30
202000027884,20,6,4,10:55,1,2,9,1,3,27562,M,"49,1042800","1,4599900",27
202000027885,20,5,29,12:50,1,2,1,1,7,22113,M,"48,7347000"," -3,4679600",22
202000027886,20,6,4,07:30,1,2,1,1,3,14118,M,"49,1729400"," -0,3544500",14
202000027887,20,6,4,21:00,2,2,3,1,3,13212,M,"43,2901040","5,4257974",13
202000027888,20,6,4,19:30,1,2,1,1,3,13208,M,"43,2756000","5,3963700",13
202000027889,20,6,4,18:00,1,2,1,1,4,13208,M,"43,2452000","5,3757000",13
202000027890,20,6,4,11:40,1,2,1,2,6,13208,M,"43,2762600","5,3971300",13
202000027891,20,6,4,03:35,5,2,1,3,6,13208,M,"43,2506330","5,3754440",13
202000027892,20,6,3,19:10,1,2,1,1,3,10387,M,"48,3002800","4,0637200",10
202000027893,20,6,2,11:15,1,2,3,1,6,10387,M,"48,2949000","4,0650000",10
202000027894,20,6,18,14:50,1,2,1,1,-1,07281,M,"44,9453000","4,8531000",07
202000027895,20,6,3,16:30,1,2,1,1,7,07102,M,"44,9299600","4,8788700",07
202000027896,20,6,4,17:45,1,2,6,8,2,06027,M,"43,6630320","7,1342260",06
202000027897,20,6,3,20:00,1,2,1,1,-1,06027,M,"43,6572400","7,1728600",06
202000027898,20,12,17,14:15,1,1,1,1,6,79116,M,"46,8341270"," -0,3088620",79
202000027899,20,12,17,19:35,3,1,1,5,6,33022,M,"45,0217330"," -0,7834840",33
202000027900,20,11,12,18:25,5,2,4,1,6,33143,M,"44,9693140"," -0,4546020",33
202000027901,20,12,17,11:25,1,2,1,1,1,85152,M,"46,6005180"," -1,6572300",85
202000027902,20,12,17,17:50,3,1,1,1,6,02346,M,"49,6054120","3,7877940",02
202000027903,20,12,11,12:20,1,1,1,3,2,83027,M,"43,1802708","5,7695496",83
202000027904,20,12,15,21:10,3,1,1,2,3,69385,M,"45,7514140","4,8213020",69
202000027905,20,12,15,19:47,3,1,9,8,7,57463,M,"49,0890500","6,2235000",57
202000027906,20,12,16,14:20,1,1,1,1,2,33249,M,"44,8789080"," -0,5096690",33
202000027907,20,12,16,00:50,3,1,1,1,6,91363,M,"48,6674300","2,1925800",91
202000027908,20,12,16,12:40,1,1,1,1,4,78362,M,"48,9756840","1,7240890",78
202000027909,20,12,15,17:50,5,1,1,1,2,78291,M,"48,9716130","1,7320050",78
202000027910,20,12,15,13:48,1,1,1,1,6,95582,M,"48,9625400","2,2636900",95
202000027911,20,12,15,11:00,1,1,1,1,5,95394,M,"49,0499200","2,1815500",95
202000027912,20,1,24,07:40,2,2,1,2,6,78146,M,"48,8941100","2,1515600",78
202000027913,20,10,9,17:40,1,2,2,1,1,33529,M,"44,6311200"," -1,1438900",33
202000027914,20,8,3,23:20,5,2,1,1,6,19272,M,"45,2643500","1,7678200",19
202000027915,20,7,22,14:30,1,2,1,1,7,19272,M,"45,2655400","1,7637100",19
202000027916,20,7,18,11:35,1,2,1,1,2,19272,M,"45,2535600","1,7640300",19
202000027917,20,7,15,17:40,1,2,1,1,2,19272,M,"45,2643000","1,7641900",19
202000027918,20,7,4,16:35,1,1,1,1,7,19272,M,"45,2891718","1,7722398",19
202000027919,20,7,1,00:00,5,2,1,1,6,19272,M,"45,2696855","1,7699401",19
202000027920,20,6,20,09:45,1,2,1,1,6,19272,M,"45,2640795","1,7670019",19
202000027921,20,6,19,14:30,1,1,1,1,3,19272,M,"45,2429600","1,7440000",19
202000027922,20,6,16,21:45,5,2,1,2,6,19272,M,"45,2825400","1,7692400",19
202000027923,20,5,29,07:30,1,2,1,1,2,19272,M,"45,2565700","1,7489500",19
202000027924,20,5,28,10:30,1,2,1,1,3,19272,M,"45,2745100","1,7770100",19
202000027925,20,9,4,11:40,1,2,9,1,6,94076,M,"48,7981200","2,3550000",94
202000027926,20,3,5,08:48,1,2,3,2,6,92044,M,"48,8973369","2,2830045",92
202000027927,20,12,15,11:30,1,2,9,1,3,97407,R," -20,9417200","55,2962600",974
202000027928,20,12,14,19:50,5,2,1,1,6,97409,R," -20,9575770","55,6497110",974
202000027929,20,12,15,20:14,5,1,1,1,2,97302,G,"4,9078371"," -52,3220014",973
202000027930,20,12,15,17:45,5,2,1,2,6,69388,M,"45,7366100","4,8647600",69
202000027931,20,11,22,19:20,2,2,1,1,6,69387,M,"45,7543500","4,8456300",69
202000027932,20,12,15,09:30,1,1,1,1,2,97213,A,"14,6449800"," -60,9762100",972
202000027933,20,12,12,20:45,5,1,1,1,2,97213,A,"14,6600000"," -60,9900000",972
202000027934,20,12,15,13:10,1,1,1,1,2,97209,A,"14,6146000"," -61,0487900",972
202000027935,20,12,12,20:15,5,2,3,8,3,69382,M,"45,7661600","4,8380600",69
202000027936,20,12,7,18:45,5,1,3,1,4,97101,A,"16,2517139"," -61,5190709",971
202000027937,20,12,15,18:15,5,2,1,1,3,95680,M,"48,9997380","2,4121320",95
202000027938,20,12,11,17:30,5,2,1,2,6,95585,M,"48,9793300","2,3716920",95
202000027939,20,12,12,13:33,1,1,2,1,3,87065,M,"45,7844200","1,3115300",87
202000027940,20,12,15,08:15,2,2,1,2,6,78481,M,"48,9036500","2,1149300",78
202000027941,20,12,15,08:15,5,2,4,2,6,77487,M,"48,5374700","2,6727900",77
202000027942,20,12,15,11:00,1,1,1,1,7,77181,M,"48,8164100","2,7026700",77
202000027943,20,12,15,08:50,1,2,1,2,6,77058,M,"48,8380500","2,6980400",77
202000027944,20,12,14,12:30,1,2,2,2,1,72181,M,"48,0122400","0,1821200",72
202000027945,20,12,15,10:05,1,2,1,1,3,64260,M,"43,3751500"," -1,7610000",64
202000027946,20,12,15,13:15,1,2,3,1,2,64140,M,"43,5295600"," -1,4737900",64
202000027947,20,12,14,13:40,1,2,1,1,3,63113,M,"45,7600777","3,1307937",63
202000027948,20,12,14,13:45,1,2,6,1,5,62119,M,"50,5102510","2,6498880",62
202000027949,20,12,15,03:05,4,1,1,2,6,62764,M,"50,3057200","2,7840600",62
202000027950,20,12,14,18:25,3,1,1,8,1,61169,M,"48,7538150"," -0,5210840",61
202000027951,20,12,15,15:20,1,2,1,8,6,59225,M,"50,2974306","3,9321882",59
202000027952,20,12,15,15:00,1,2,2,1,3,59378,M,"50,6768300","3,0810000",59
202000027953,20,12,14,18:05,5,2,6,2,3,56083,M,"47,8014200"," -3,2824300",56
202000027954,20,12,11,17:55,5,2,1,2,6,55186,M,"48,7964700","5,1261400",55
202000027955,20,12,15,20:35,5,2,1,1,6,54395,M,"48,6761400","6,1997400",54
202000027956,20,12,15,18:00,5,2,3,2,6,54304,M,"48,6982034","6,1251126",54
202000027957,20,12,11,16:56,1,2,2,2,6,54395,M,"48,6936700","6,1802700",54
202000027958,20,12,14,12:00,1,2,1,1,3,51454,M,"49,2374285","4,0283427",51
202000027959,20,12,15,09:15,1,2,6,7,3,50002,M,"49,1081900"," -1,1346300",50
202000027960,20,12,11,14:00,1,2,4,2,3,50129,M,"49,6450700"," -1,6355800",50
202000027961,20,12,15,14:15,1,2,1,2,3,49007,M,"47,4644800"," -0,5316100",49
202000027962,20,12,15,14:20,1,2,1,1,7,49007,M,"47,4636000"," -0,5552200",49
202000027963,20,12,15,12:10,1,2,1,1,7,49007,M,"47,4698516"," -0,5613673",49
202000027964,20,12,11,11:27,2,2,1,1,6,49007,M,"47,4618400"," -0,5623500",49
202000027965,20,12,12,21:23,5,2,1,1,3,49007,M,"47,4808300"," -0,5352100",49
202000027966,20,12,14,08:16,2,2,1,1,3,49007,M,"47,4576500"," -0,5329200",49
202000027967,20,12,14,07:46,5,2,1,1,3,49007,M,"47,4873000"," -0,5733800",49
202000027968,20,12,14,17:35,2,2,1,1,6,45234,M,"47,9011730","1,9214250",45
202000027969,20,12,14,08:05,2,2,1,1,3,44184,M,"47,2679200"," -2,2335200",44
202000027970,20,12,15,09:00,1,1,3,8,3,41158,M,"47,7907500","1,0399100",41
202000027971,20,12,3,11:20,1,2,9,1,-1,37261,M,"47,3795501","0,6931727",37
202000027972,20,12,14,08:00,2,2,3,2,6,37261,M,"47,3887847","0,6794265",37
202000027973,20,12,15,08:30,1,2,2,1,3,35238,M,"48,1245200"," -1,7030900",35
202000027974,20,12,15,18:40,5,2,1,1,1,32013,M,"43,6335997","0,5883100",32
202000027975,20,12,15,18:35,3,2,1,1,2,28134,M,"48,7503900","1,3931300",28
202000027976,20,12,15,17:00,5,2,1,1,6,27701,M,"49,2706800","1,2135990",27
202000027977,20,12,14,13:30,1,2,1,1,6,25462,M,"46,9033600","6,3528300",25
202000027978,20,12,14,11:30,1,2,4,1,3,25056,M,"47,2703300","5,9983200",25
202000027979,20,12,12,15:15,1,2,1,2,3,22278,M,"48,5195300"," -2,7477000",22
202000027980,20,12,11,14:40,1,2,1,1,2,22187,M,"48,5339503"," -2,7580029",22
202000027981,20,6,16,22:15,5,2,1,2,3,19272,M,"45,2557700","1,7563300",19
202000027982,20,12,14,08:00,5,2,1,2,6,16102,M,"45,6983100"," -0,3383100",16
202000027983,20,12,15,07:30,2,2,1,8,2,14118,M,"49,1958200"," -0,3925400",14
202000027984,20,12,10,10:10,1,2,1,1,3,13056,M,"43,4046398","5,0424784",13
202000027985,20,12,15,14:30,1,2,1,1,6,13204,M,"43,3065800","5,4004600",13
202000027986,20,12,15,11:55,1,2,4,8,3,13211,M,"43,2875900","5,4600700",13
202000027987,20,12,14,11:35,1,2,6,1,2,13209,M,"43,2473400","5,3967500",13
202000027988,20,12,12,16:30,1,2,3,1,6,13028,M,"43,1893300","5,6028000",13
202000027989,20,12,1,18:30,3,2,1,1,-1,11262,M,"43,1822000","2,9675900",11
202000027990,20,12,15,09:44,1,2,1,8,1,11069,M,"43,1924000","2,3967100",11
202000027991,20,12,15,12:07,1,2,1,2,2,10387,M,"48,2975100","4,0664400",10
202000027992,20,12,15,18:35,5,2,1,1,6,09225,M,"43,1052700","1,6317000",09
202000027993,20,12,15,19:30,5,2,1,1,3,06030,M,"43,5677600","7,0142600",06
202000027994,20,12,14,18:45,5,2,1,1,6,06027,M,"43,6599100","7,1318300",06
202000027995,20,12,14,18:30,5,2,1,2,6,03310,M,"46,1311208","3,4342059",03
202000027996,20,12,15,15:00,1,2,1,1,3,75119,M,"48,9004330","2,3861580",75
202000027997,20,12,15,05:24,5,2,2,2,3,75118,M,"48,8838410","2,3494890",75
202000027998,20,12,13,18:40,5,2,1,2,4,75112,M,"48,8359910","2,4120530",75
202000027999,20,12,15,17:17,2,2,3,2,1,75105,M,"48,8501720","2,3481260",75
202000028000,20,12,13,20:40,5,2,5,2,6,75105,M,"48,8396709","2,3366494",75
202000028001,20,12,15,19:30,5,2,2,8,3,75119,M,"48,8830050","2,3855450",75
202000028002,20,12,15,17:15,5,2,3,1,3,75119,M,"48,8796660","2,3744110",75
202000028003,20,12,14,09:57,1,2,2,1,3,75118,M,"48,8991460","2,3362860",75
202000028004,20,12,15,22:10,5,2,4,1,7,75116,M,"48,8566030","2,2662770",75
202000028005,20,12,15,07:00,5,2,3,2,3,75115,M,"48,8409160","2,2969720",75
202000028006,20,12,15,06:20,3,2,1,2,3,75114,M,"48,8229320","2,3153480",75
202000028007,20,12,15,07:18,5,2,1,2,6,75113,M,"48,8423200","2,3636400",75
202000028008,20,12,15,17:15,5,2,3,2,7,75112,M,"48,8380890","2,3997150",75
202000028009,20,12,15,14:45,1,2,1,8,2,75112,M,"48,8471950","2,3755470",75
202000028010,20,12,14,17:30,2,2,1,8,6,75109,M,"48,8814180","2,3356240",75
202000028011,20,12,15,02:20,5,2,2,3,6,75108,M,"48,8717430","2,3221090",75
202000028012,20,12,15,10:35,1,2,1,2,3,75107,M,"48,8477590","2,3136230",75
202000028013,20,12,15,21:00,5,2,2,1,3,94081,M,"48,7860000","2,3915900",94
202000028014,20,12,15,18:30,5,2,3,1,6,94081,M,"48,7907300","2,3918200",94
202000028015,20,12,15,16:35,2,2,1,1,6,94080,M,"48,8472482","2,4350121",94
202000028016,20,12,15,15:20,1,2,9,1,6,94074,M,"48,7496000","2,4544000",94
202000028017,20,12,14,10:15,1,2,1,1,3,94068,M,"48,8046300","2,4856100",94
202000028018,20,12,15,07:15,5,2,2,2,6,94076,M,"48,7884870","2,3617070",94
202000028019,20,12,15,19:40,5,2,1,1,6,94073,M,"48,7553340","2,3745690",94
202000028020,20,12,15,21:00,5,2,9,1,3,94018,M,"48,8170932","2,4170321",94
202000028021,20,12,15,20:00,3,2,1,1,4,94037,M,"48,8164200","2,3382700",94
202000028022,20,12,14,20:10,5,2,1,2,6,93053,M,"48,8883000","2,4464000",93
202000028023,20,12,15,21:00,5,2,3,8,3,93048,M,"48,8594684","2,4317684",93
202000028024,20,12,15,17:40,5,2,1,2,3,93079,M,"48,9545600","2,3345500",93
202000028025,20,12,12,19:20,5,2,1,2,2,93008,M,"48,9150446","2,4292344",93
202000028026,20,12,15,04:50,5,2,3,2,3,93005,M,"48,9613331","2,5001897",93
202000028027,20,12,15,06:40,5,2,3,2,3,92078,M,"48,9355190","2,3338780",92
202000028028,20,12,15,09:10,1,2,1,2,-1,92050,M,"48,8987235","2,2208852",92
202000028029,20,12,14,21:25,5,2,1,2,7,92036,M,"48,9407099","2,2983171",92
202000028030,20,12,14,11:30,1,2,1,8,6,92026,M,"48,9045945","2,2685594",92
202000028031,20,12,15,11:15,1,2,1,1,5,92012,M,"48,8404539","2,2311139",92
202000028032,20,12,16,21:00,3,1,1,1,2,97415,R," -20,9846010","55,2920220",974
202000028033,20,12,16,08:03,5,2,1,1,6,80016,M,"50,0029100","2,6515370",80
202000028034,20,12,16,07:00,3,1,1,5,1,52182,M,"48,5951730","4,8924240",52
202000028035,20,12,16,11:29,1,1,1,1,2,76728,M,"49,4826990","1,0067490",76
202000028036,20,12,15,18:50,5,2,2,1,1,60559,M,"49,4101766","2,3023194",60
202000028037,20,11,24,08:05,2,1,1,1,1,06037,M,"43,7419760","6,9456810",06
202000028038,20,12,15,16:45,2,1,1,3,6,34142,M,"43,7118900","3,3244370",34
202000028039,20,12,16,10:55,1,1,1,1,2,30278,M,"44,0536910","4,7122760",30
202000028040,20,12,16,05:05,5,2,2,5,3,62086,M,"50,2125880","2,5557270",62
202000028041,20,12,15,18:00,4,1,3,1,3,62514,M,"50,3651340","2,4235800",62
202000028042,20,12,16,10:40,1,2,3,1,3,31157,M,"43,5446420","1,3455310",31
202000028043,20,12,16,11:15,1,1,1,1,6,19255,M,"45,3754623","1,7246201",19
202000028044,20,12,15,17:20,2,2,1,1,6,82054,M,"44,0769800","0,9012120",82
202000028045,20,12,16,09:30,1,1,1,5,6,82087,M,"44,1095400","1,2519000",82
202000028046,20,12,15,05:45,3,1,1,2,7,33488,M,"44,7867310"," -0,1156940",33
202000028047,20,12,15,18:30,3,1,1,1,6,33033,M,"44,7234540"," -0,4307310",33
202000028048,20,12,15,13:50,1,1,1,2,6,46238,M,"44,7994690","1,6937180",46
202000028049,20,12,16,09:00,1,1,1,2,6,35297,M,"48,1778360"," -2,1940980",35
202000028050,20,12,15,08:00,5,2,3,2,6,29075,M,"48,4346890"," -4,4034900",29
202000028051,20,12,14,20:40,5,1,1,1,-1,38389,M,"45,5852720","5,0601110",38
202000028052,20,12,16,03:50,3,1,1,2,6,38189,M,"45,6377200","5,0702500",38
202000028053,20,12,16,18:10,3,1,1,1,4,26166,M,"44,7588480","4,8335020",26
202000028054,20,12,11,19:50,3,1,1,2,3,58300,M,"47,0412930","3,1946500",58
202000028055,20,12,15,18:15,5,1,1,1,2,58095,M,"46,8260820","3,4893180",58
202000028056,20,12,16,05:20,5,1,1,1,2,27656,M,"49,3582550","0,4801280",27
202000028057,20,12,14,17:30,5,2,3,2,6,27453,M,"49,4128650","1,3703670",27
202000028058,20,12,15,07:00,5,2,7,2,7,17385,M,"45,9461880"," -1,3058600",17
202000028059,20,12,15,03:30,3,1,1,1,7,98805,C," -22,1903750","166,4410150",988
202000028060,20,12,16,08:44,1,2,1,1,3,01213,M,"45,9339630","5,2929840",01
202000028061,20,12,15,17:10,1,1,1,1,6,64122,M,"43,4490770"," -1,5553350",64
202000028062,20,12,14,07:45,2,2,6,1,6,66008,M,"42,5510490","3,0106830",66
202000028063,20,12,12,08:30,1,2,2,8,3,52449,M,"47,8310850","5,3289970",52
202000028064,20,12,15,17:00,4,2,2,2,6,67131,M,"48,4884742","7,7159783",67
202000028065,20,12,16,14:00,1,2,6,7,6,73157,M,"45,2021570","6,6709170",73
202000028066,20,12,16,08:10,1,1,3,1,3,38281,M,"45,2366630","5,6377670",38
202000028067,20,12,14,14:30,1,2,1,1,3,01142,M,"45,8508940","5,0698690",01
202000028068,20,12,16,07:50,2,1,2,8,3,79088,M,"46,8044220"," -0,3747800",79
202000028069,20,12,15,22:30,3,1,1,1,6,33177,M,"45,3289325"," -0,9697778",33
202000028070,20,12,15,18:20,3,1,1,2,1,61433,M,"48,4944270"," -0,0228670",61
202000028071,20,12,15,18:15,5,2,2,2,3,29055,M,"48,5637720"," -4,3382530",29
202000028072,20,12,15,17:10,2,1,1,1,2,13019,M,"43,4272300","5,3839400",13
202000028073,20,12,14,06:10,3,1,1,1,2,13203,M,"43,3317200","5,3777100",13
202000028074,20,12,9,16:25,1,1,1,1,6,13071,M,"43,3917000","5,2730900",13
202000028075,20,12,10,15:53,1,1,1,1,6,13216,M,"43,3600000","5,3300000",13
202000028076,20,12,15,17:00,2,1,1,2,2,69072,M,"45,8133654","4,7672925",69
202000028077,20,12,15,09:20,1,1,1,1,3,67152,M,"48,5272690","7,6943430",67
202000028078,20,12,14,22:05,4,1,1,2,6,92002,M,"48,7627342","2,3121277",92
202000028079,20,12,15,06:30,3,1,1,3,6,95212,M,"49,0292200","2,5327000",95
202000028080,20,12,14,22:50,3,1,1,2,6,95582,M,"48,9662800","2,2568600",95
202000028081,20,12,14,17:45,1,1,1,1,7,93006,M,"48,8700500","2,4301200",93
202000028082,20,12,14,06:30,3,1,1,1,3,95572,M,"49,0331630","2,1049231",95
202000028083,20,12,13,21:50,3,1,1,2,-1,95018,M,"48,9505200","2,2802800",95
202000028084,20,12,15,17:20,3,1,1,1,2,77122,M,"48,6562700","2,6133600",77
202000028085,20,12,15,07:10,3,1,1,3,2,77083,M,"48,8338770","2,5908360",77
202000028086,20,1,15,16:46,1,2,1,1,7,66136,M,"42,6811200","2,8935800",66
202000028087,20,1,16,11:53,1,2,2,1,6,65417,M,"43,2331800","0,0920100",65
202000028088,20,1,16,14:40,1,2,1,1,6,64024,M,"43,4991700"," -1,5400900",64
202000028089,20,1,16,10:31,1,2,2,1,-1,63113,M,"45,7765000","3,0750900",63
202000028090,20,1,15,12:36,1,2,5,1,5,63113,M,"45,8090892","3,1092502",63
202000028091,20,1,14,11:00,1,2,1,1,6,57666,M,"49,3468100","6,1345700",57
202000028092,20,1,16,10:27,1,2,1,1,3,57463,M,"49,1146000","6,1800900",57
202000028093,20,1,15,07:35,2,2,1,1,7,51506,M,"48,9583684","4,3822261",51
202000028094,20,1,17,00:00,5,2,1,1,6,42187,M,"46,0366590","4,0766880",42
202000028095,20,1,16,15:20,1,2,1,1,6,37261,M,"47,3648093","0,6837127",37
202000028096,20,1,16,08:30,1,1,1,1,4,37195,M,"47,3866695","0,6498004",37
202000028097,20,1,16,07:10,5,2,1,1,7,37233,M,"47,3904464","0,7195599",37
202000028098,20,1,16,04:30,5,2,2,1,3,37261,M,"47,3853998","0,6724013",37
202000028099,20,1,14,18:15,3,2,4,2,3,37214,M,"47,4355227","0,6750138",37
202000028100,20,1,14,12:53,1,2,3,1,6,36044,M,"46,8057751","1,6993990",36
202000028101,20,1,11,22:15,5,2,2,1,5,35238,M,"48,0980860"," -1,6557400",35
202000028102,20,1,16,15:24,1,2,1,1,6,35238,M,"48,1304000"," -1,6588000",35
202000028103,20,1,16,09:45,1,2,1,1,3,34172,M,"43,6185100","3,8452000",34
202000028104,20,1,16,13:00,1,2,2,1,3,33063,M,"44,8492300"," -0,5946000",33
202000028105,20,1,4,14:30,1,2,3,1,2,33063,M,"44,8282810"," -0,5612250",33
202000028106,20,1,16,09:00,1,2,3,1,3,33318,M,"44,8023800"," -0,6463800",33
202000028107,20,1,3,14:00,1,2,6,1,1,33192,M,"44,7657600"," -0,6388900",33
202000028108,20,1,15,16:25,1,2,1,1,6,31149,M,"43,6069800","1,3352400",31
202000028109,20,1,16,01:30,5,2,1,1,3,31555,M,"43,5667700","1,4585400",31
202000028110,20,1,15,19:05,5,2,1,1,3,31555,M,"43,5693800","1,4244500",31
202000028111,20,1,16,08:09,1,1,3,1,2,30189,M,"43,8462000","4,2957000",30
202000028112,20,1,16,08:45,5,2,1,2,6,29232,M,"47,9950100"," -4,0952700",29
202000028113,20,1,12,11:05,1,2,6,1,3,29019,M,"48,3980700"," -4,4651200",29
202000028114,20,1,15,23:55,5,2,1,1,6,25388,M,"47,5032000","6,8116900",25
202000028115,20,1,12,18:00,1,1,1,1,3,14118,M,"49,1731800"," -0,3543000",14
202000028116,20,1,16,23:00,5,2,3,1,3,13208,M,"43,2816300","5,3915100",13
202000028117,20,1,16,21:35,5,2,2,1,6,13210,M,"43,2847152","5,3918879",13
202000028118,20,1,16,14:00,1,2,1,1,2,13211,M,"43,2956120","5,4782700",13
202000028119,20,1,16,12:30,1,2,1,1,2,13207,M,"43,2903890","5,3693050",13
202000028120,20,1,15,18:50,5,2,1,1,5,13207,M,"43,2924700","5,3668200",13
202000028121,20,1,15,20:00,5,1,6,1,3,13063,M,"43,5885100","4,9892300",13
202000028122,20,1,15,13:00,1,2,2,1,3,10387,M,"48,2822200","4,0701800",10
202000028123,20,1,15,10:14,1,2,3,1,3,10387,M,"48,3053000","4,0523000",10
202000028124,20,1,14,00:24,5,2,6,1,6,10387,M,"48,2913100","4,0877800",10
202000028125,20,1,16,19:10,5,2,1,1,1,06069,M,"43,6501720","6,9226380",06