Num_Acc,an,mois,jour,hrmn,lum,agg,int,atm,col,com,gps,lat,long,dep
202000028126,20,1,16,07:45,1,2,1,-1,6,06029,M,"43,5490990","7,0316090",06
202000028127,20,1,16,08:45,1,2,2,1,3,06027,M,"43,6640700","7,1534000",06
202000028128,20,1,16,10:25,1,2,4,1,3,05061,M,"44,5559900","6,0710300",05
202000028129,20,1,15,21:50,3,1,1,1,6,04112,M,"43,8347700","5,8167100",04
202000028130,20,1,16,00:10,5,2,1,1,2,75113,M,"48,8253570","2,3853880",75
202000028131,20,1,15,17:50,5,2,1,2,3,75115,M,"48,8347620","2,2654180",75
202000028132,20,1,15,16:20,2,2,4,1,4,75119,M,"48,8997090","2,3923504",75
202000028133,20,1,15,10:20,1,2,1,1,3,75120,M,"48,8678650","2,4134560",75
202000028134,20,1,15,07:45,1,2,1,1,3,75114,M,"48,8241010","2,3077610",75
202000028135,20,1,14,16:05,1,2,1,1,2,75116,M,"48,8673430","2,2693660",75
202000028136,20,1,16,19:55,5,2,3,1,3,75107,M,"48,8530080","2,2980389",75
202000028137,20,1,15,10:55,1,2,1,1,6,75105,M,"48,8485980","2,3415980",75
202000028138,20,1,15,15:17,1,2,2,8,3,75120,M,"48,8641660","2,3861920",75
202000028139,20,1,16,16:15,1,2,1,1,3,75119,M,"48,8890791","2,3939947",75
202000028140,20,1,16,15:50,1,2,2,1,6,75118,M,"48,8980660","2,3441474",75
202000028141,20,1,16,15:00,1,2,2,1,4,75118,M,"48,8838660","2,3494744",75
202000028142,20,1,16,13:05,1,2,1,1,6,75117,M,"48,8805000","2,2893191",75
202000028143,20,1,16,20:00,3,2,2,1,6,75115,M,"48,8421622","2,2855369",75
202000028144,20,1,15,12:00,1,2,1,1,3,75115,M,"48,8415930","2,2868270",75
202000028145,20,1,15,10:20,1,2,2,1,3,75115,M,"48,8372360","2,2964460",75
202000028146,20,1,16,17:58,5,2,2,1,6,75115,M,"48,8344783","2,2956629",75
202000028147,20,1,16,20:10,5,2,1,1,3,75113,M,"48,8312908","2,3780711",75
202000028148,20,1,16,17:15,1,2,2,1,6,75113,M,"48,8333278","2,3636695",75
202000028149,20,1,15,22:46,5,2,2,2,6,75113,M,"48,8175868","2,3533775",75
202000028150,20,1,16,22:05,5,2,7,1,6,75112,M,"48,8528460","2,3689640",75
202000028151,20,1,16,22:20,5,2,4,1,3,75111,M,"48,8658116","2,3715333",75
202000028152,20,1,16,06:10,5,2,1,1,6,75111,M,"48,8648465","2,3768102",75
202000028153,20,1,16,18:00,5,2,1,1,1,75110,M,"48,8769024","2,3610298",75
202000028154,20,1,15,12:50,1,2,1,1,3,75110,M,"48,8745766","2,3507117",75
202000028155,20,1,16,12:15,1,2,2,1,6,75109,M,"48,8719838","2,3479038",75
202000028156,20,1,16,10:25,1,2,2,1,6,75109,M,"48,8836166","2,3494954",75
202000028157,20,1,16,15:00,1,2,4,1,3,75107,M,"48,8558227","2,3030711",75
202000028158,20,1,16,09:30,1,2,2,1,6,75101,M,"48,8605592","2,3493534",75
202000028159,20,1,14,13:55,1,2,1,1,6,94081,M,"48,7830000","2,4010000",94
202000028160,20,1,16,17:00,1,2,1,1,2,94042,M,"48,8170400","2,4667200",94
202000028161,20,1,15,15:35,1,2,1,2,1,94033,M,"48,8474600","2,4869600",94
202000028162,20,1,15,09:25,1,2,1,1,7,94046,M,"48,8156800","2,4461600",94
202000028163,20,1,15,13:30,1,2,1,1,6,94022,M,"48,7613301","2,4107460",94
202000028164,20,1,16,09:45,1,2,1,7,2,94019,M,"48,8032744","2,5377129",94
202000028165,20,1,15,19:00,2,2,9,2,1,94053,M,"48,7753600","2,5478000",94
202000028166,20,1,16,19:20,5,2,1,1,1,93078,M,"48,9584500","2,5595600",93
202000028167,20,1,16,16:30,1,2,1,1,3,93059,M,"48,9531341","2,3688531",93
202000028168,20,1,16,18:45,5,2,1,1,2,93066,M,"48,9456300","2,3497400",93
202000028169,20,1,16,12:05,1,2,2,1,6,93066,M,"48,9329149","2,3421556",93
202000028170,20,1,16,10:45,1,2,2,1,3,93066,M,"48,9261800","2,3566600",93
202000028171,20,1,16,17:20,2,2,1,1,6,93062,M,"48,8943900","2,5133500",93
202000028172,20,1,15,18:45,5,2,1,2,6,93006,M,"48,8750478","2,4301063",93
202000028173,20,1,15,11:45,1,2,1,1,3,93006,M,"48,8639100","2,4169100",93
202000028174,20,1,15,18:00,5,2,1,2,3,93031,M,"48,9597211","2,2913660",93
202000028175,20,1,16,19:00,5,2,1,1,6,92051,M,"48,8844967","2,2570078",92
202000028176,20,1,16,15:00,1,2,1,1,3,92051,M,"48,8795000","2,2660000",92
202000028177,20,1,16,21:47,5,2,9,1,1,92048,M,"48,7868300","2,2310700",92
202000028178,20,1,16,16:06,1,2,1,1,3,92044,M,"48,8966186","2,2863901",92
202000028179,20,1,16,13:10,1,2,2,1,3,92040,M,"48,8231264","2,2679606",92
202000028180,20,1,16,17:20,2,2,1,1,3,92026,M,"48,8931700","2,2598200",92
202000028181,20,1,16,13:00,1,2,1,1,2,92004,M,"48,9074260","2,2919700",92
202000028182,20,1,16,13:05,1,2,9,1,3,09268,M,"42,9977590","1,1386270",09
202000028183,20,1,17,18:15,3,1,2,1,3,60559,M,"49,4149750","2,3031780",60
202000028184,20,1,14,06:25,3,1,1,1,1,34199,M,"43,4451770","3,4224130",34
202000028185,20,1,15,11:10,1,1,1,1,1,51076,M,"49,0723715","3,8187769",51
202000028186,20,1,16,19:50,3,1,2,1,3,89307,M,"47,9203240","3,7132490",89
202000028187,20,1,16,22:15,3,1,1,6,6,42262,M,"45,3999090","4,1703297",42
202000028188,20,1,16,23:00,3,1,1,1,6,42192,M,"45,3797030","4,1065900",42
202000028189,20,1,17,12:20,1,1,1,3,1,31503,M,"43,1410090","0,9213090",31
202000028190,20,1,16,15:50,1,2,1,7,6,31424,M,"43,5775560","1,2908270",31
202000028191,20,1,16,10:35,1,1,2,7,3,10353,M,"48,4383630","3,9107740",10
202000028192,20,1,16,16:30,1,2,3,1,3,24040,M,"44,8406430","1,1380370",24
202000028193,20,1,11,14:45,2,1,3,1,3,04094,M,"43,7958118","5,8303531",04
202000028194,20,1,17,16:15,1,1,1,2,1,85024,M,"46,9496300"," -1,8283900",85
202000028195,20,1,16,10:30,1,1,9,1,6,88011,M,"48,1409470","6,5079670",88
202000028196,20,1,16,22:30,3,1,1,1,5,03104,M,"46,3561380","2,8011770",03
202000028197,20,1,16,19:30,3,1,9,1,1,13051,M,"43,5493670","5,1752730",13
202000028198,20,1,16,18:45,3,1,1,1,2,62403,M,"50,7010420","2,2138030",62
202000028199,20,1,16,18:35,2,1,1,1,2,97305,G,"4,9321293"," -52,3999712",973
202000028200,20,1,17,13:28,1,1,1,3,1,29005,M,"47,8474399"," -3,6265503",29
202000028201,20,1,17,18:10,3,1,1,1,1,77063,M,"48,7985018","2,9755355",77
202000028202,20,1,16,20:35,1,1,1,1,6,77211,M,"48,5845253","2,9877838",77
202000028203,20,1,16,07:25,3,1,1,1,1,78590,M,"48,6925540","1,9647550",78
202000028204,20,1,15,07:53,2,2,3,1,3,67130,M,"48,4208200","7,6534770",67
202000028205,20,1,16,14:35,1,1,1,1,7,88126,M,"48,1952860","6,3176370",88
202000028206,20,1,17,09:30,1,2,1,2,6,69010,M,"45,8312630","4,6117480",69
202000028207,20,1,16,18:00,5,2,1,1,6,33243,M,"44,9423300"," -0,2314900",33
202000028208,20,1,15,19:15,5,2,1,8,6,14762,M,"48,8475650"," -0,8837950",14
202000028209,20,1,15,17:50,5,2,1,1,2,22067,M,"48,5637160"," -3,1674928",22
202000028210,20,1,16,21:35,3,1,1,1,2,60139,M,"49,1817160","2,2359631",60
202000028211,20,1,17,19:40,3,1,1,8,6,02381,M,"49,9459520","4,0677090",02
202000028212,20,1,17,09:30,1,2,7,1,6,59139,M,"50,1233630","3,4084950",59
202000028213,20,1,16,07:50,5,1,1,5,6,59535,M,"50,7715290","2,7131470",59
202000028214,20,1,16,09:03,1,1,1,1,4,13210,M,"43,2848252","5,4180540",13
202000028215,20,1,16,16:45,1,1,1,1,5,33318,M,"44,7890200"," -0,6222800",33
202000028216,20,1,15,08:10,2,1,1,1,3,59386,M,"50,6824457","3,0771214",59
202000028217,20,1,16,15:30,1,1,1,1,2,91136,M,"48,7136000","2,2778000",91
202000028218,20,1,16,12:45,1,1,1,1,2,94034,M,"48,7560000","2,3418000",94
202000028219,20,1,16,14:00,1,1,1,1,6,91339,M,"48,6309400","2,2429700",91
202000028220,20,1,16,09:25,1,1,1,1,3,91477,M,"48,7112600","2,2520000",91
202000028221,20,1,16,04:45,4,1,1,5,2,94038,M,"48,7694100","2,3439000",94
202000028222,20,1,16,11:05,1,1,1,1,3,78545,M,"48,7899310","2,0700540",78
202000028223,20,1,16,09:00,1,1,6,1,3,92050,M,"48,8997085","2,2120797",92
202000028224,20,1,16,09:40,1,1,1,1,2,94017,M,"48,8267112","2,5225883",94
202000028225,20,1,15,22:04,5,1,1,1,6,77169,M,"48,8246280","2,6155685",77
202000028226,20,1,11,20:20,3,1,1,3,5,97409,R," -20,9662440","55,6569850",974
202000028227,20,1,14,17:00,1,2,1,1,3,69383,M,"45,7560100","4,8412100",69
202000028228,20,1,12,22:55,3,1,1,1,2,91421,M,"48,7118700","2,4419500",91
202000028229,20,1,13,12:15,1,2,1,2,6,91326,M,"48,6947880","2,3665880",91
202000028230,20,1,9,18:35,5,2,3,2,6,91223,M,"48,4265500","2,1389800",91
202000028231,20,1,13,04:15,5,1,1,1,1,86194,M,"46,5567250","0,3983810",86
202000028232,20,1,14,19:00,5,2,1,1,3,85191,M,"46,6734400"," -1,4281400",85
202000028233,20,1,9,16:00,1,2,3,1,3,83062,M,"43,1159538","5,9851778",83
202000028234,20,1,10,18:45,5,2,6,8,6,83090,M,"43,1268000","5,8455600",83
202000028235,20,1,12,09:47,1,2,1,1,6,78117,M,"48,7791590","2,1307260",78
202000028236,20,1,13,13:45,1,1,1,2,2,77186,M,"48,4771320","2,6752514",77
202000028237,20,1,14,16:55,2,2,9,1,3,76217,M,"49,9251000","1,0804690",76
202000028238,20,1,14,11:30,1,2,1,1,7,76414,M,"49,8995675","1,1505707",76
202000028239,20,1,4,11:40,1,2,1,1,2,74012,M,"46,1777800","6,2378100",74
202000028240,20,1,13,12:34,1,2,3,1,5,74298,M,"46,1891990","6,2635870",74
202000028241,20,1,11,19:50,3,1,1,1,6,73222,M,"45,5971300","5,9385800",73
202000028242,20,1,11,19:17,5,2,2,1,3,72181,M,"47,9711900","0,2172400",72
202000028243,20,1,13,07:05,3,2,1,1,2,71105,M,"46,3122009","4,7874141",71
202000028244,20,1,11,14:45,1,2,1,1,4,69290,M,"45,7030841","4,9348814",69
202000028245,20,1,8,07:30,2,2,1,1,6,69256,M,"45,7589000","4,9258000",69
202000028246,20,1,13,12:30,1,2,3,1,3,69264,M,"45,9984000","4,7084000",69
202000028247,20,1,13,15:29,1,2,1,1,1,66136,M,"42,7128300","2,8955100",66
202000028248,20,1,14,12:25,1,2,1,1,3,64445,M,"43,3225057"," -0,3680742",64
202000028249,20,1,14,07:55,2,2,1,1,3,64129,M,"43,3063400"," -0,3952700",64
202000028250,20,1,13,18:30,5,2,3,1,3,64102,M,"43,5016000"," -1,4459000",64
202000028251,20,1,13,18:30,3,1,1,1,4,63063,M,"45,8261900","3,1123700",63
202000028252,20,1,13,13:41,1,2,1,1,2,63063,M,"45,8253478","3,1118318",63
202000028253,20,1,13,22:08,5,2,2,1,3,63113,M,"45,7860000","3,0798900",63
202000028254,20,1,7,11:10,1,2,1,8,6,62194,M,"50,4955920","2,4821180",62
202000028255,20,1,14,16:45,1,2,2,1,6,59599,M,"50,7141090","3,1570270",59
202000028256,20,1,13,16:45,2,2,2,1,7,57463,M,"49,1012332","6,1633217",57
202000028257,20,1,11,23:24,5,2,1,1,7,56121,M,"47,7470100"," -3,3674800",56
202000028258,20,1,9,07:40,5,2,6,2,7,55545,M,"49,1606400","5,3888300",55
202000028259,20,1,13,22:15,5,2,9,2,3,54547,M,"48,6650410","6,1900580",54
202000028260,20,1,13,20:00,5,2,1,1,3,54395,M,"48,7036000","6,1822000",54
202000028261,20,1,8,13:45,1,2,1,2,3,54382,M,"49,5418900","5,7955000",54
202000028262,20,1,14,18:10,5,2,1,1,7,51454,M,"49,2459878","4,0181484",51
202000028263,20,1,14,07:35,3,1,1,1,1,51055,M,"49,2796849","4,0737715",51
202000028264,20,1,13,10:40,1,2,1,2,2,49007,M,"47,4759797"," -0,5993339",49
202000028265,20,1,4,08:11,2,1,1,1,4,45302,M,"47,9487600","1,8630300",45
202000028266,20,1,11,18:30,4,1,1,2,2,45232,M,"47,8700280","1,9120110",45
202000028267,20,1,13,18:00,5,2,1,2,1,45338,M,"47,9882400","2,7187890",45
202000028268,20,1,13,12:20,1,2,1,2,6,45068,M,"48,0073370","2,7091070",45
202000028269,20,1,13,08:25,2,1,1,2,4,44184,M,"47,2789307"," -2,2485633",44
202000028270,20,1,13,16:40,1,2,2,1,6,38185,M,"45,1902000","5,7287600",38
202000028271,20,1,12,21:10,5,2,1,1,7,37214,M,"47,4035715","0,6655394",37
202000028272,20,1,12,22:45,5,2,1,1,6,37261,M,"47,3961907","0,6831371",37
202000028273,20,1,12,21:55,5,2,2,2,-1,37261,M,"47,3861624","0,6905016",37
202000028274,20,1,11,14:47,1,2,3,1,3,37261,M,"47,4054717","0,7040317",37
202000028275,20,1,11,15:57,1,2,3,1,3,37233,M,"47,3810972","0,7353432",37
202000028276,20,1,14,11:00,1,2,3,1,3,34172,M,"43,6270000","3,8729700",34
202000028277,20,1,9,07:55,5,2,1,1,4,34032,M,"43,3374300","3,2237700",34
202000028278,20,7,6,17:30,1,1,1,1,3,14574,M,"49,1503154","0,2041557",14
202000028279,20,7,6,14:05,1,2,2,1,3,14118,M,"49,1833000"," -0,3866600",14
202000028280,20,7,7,21:30,5,2,2,1,3,13210,M,"43,2833310","5,4128840",13
202000028281,20,7,7,22:30,5,2,2,1,1,13208,M,"43,2754100","5,3960200",13
202000028282,20,7,7,15:05,1,2,1,1,6,13210,M,"43,2734064","5,4130894",13
202000028283,20,7,5,08:25,1,2,6,1,1,12145,M,"44,1162800","3,0842900",12
202000028284,20,7,7,18:30,1,2,1,1,3,07281,M,"44,9461000","4,8468000",07
202000028285,20,7,7,13:40,1,2,1,1,3,06069,M,"43,6420010","6,9469910",06
202000028286,20,7,6,11:55,1,2,1,7,6,06030,M,"43,5781700","7,0170100",06
202000028287,20,7,6,13:40,1,2,1,1,-1,06027,M,"43,6512000","7,1417000",06
202000028288,20,7,4,21:25,1,2,1,1,6,05061,M,"44,5581700","6,0706700",05
202000028289,20,7,7,21:00,2,2,1,1,3,75117,M,"48,8902450","2,2984650",75
202000028290,20,7,7,08:20,1,2,1,1,3,75120,M,"48,8500990","2,4151060",75
202000028291,20,7,7,07:49,1,2,2,1,2,75120,M,"48,8518570","2,4013700",75
202000028292,20,7,6,21:20,2,2,1,1,-1,75120,M,"48,8763140","2,4107600",75
202000028293,20,7,7,19:50,1,2,2,1,2,75116,M,"48,8712490","2,2761660",75
202000028294,20,7,7,18:20,1,2,4,1,2,75116,M,"48,8485680","2,2620850",75
202000028295,20,7,7,16:40,1,2,2,1,2,75116,M,"48,8605340","2,2408130",75
202000028296,20,7,7,14:30,1,2,7,1,3,75116,M,"48,8694550","2,2854110",75
202000028297,20,7,7,12:20,1,2,5,1,5,75116,M,"48,8650110","2,2886910",75
202000028298,20,7,7,07:50,1,2,1,1,3,75108,M,"48,8737610","2,3177160",75
202000028299,20,7,6,20:40,2,2,2,1,3,75116,M,"48,8735910","2,2927900",75
202000028300,20,7,7,19:00,1,2,2,1,3,75115,M,"48,8478940","2,3061660",75
202000028301,20,7,7,19:00,1,2,7,1,-1,75115,M,"48,8490650","2,2876720",75
202000028302,20,7,7,16:05,1,2,2,1,6,75113,M,"48,8241720","2,3768070",75
202000028303,20,7,7,09:08,1,2,1,1,3,75113,M,"48,8269050","2,3861530",75
202000028304,20,7,7,16:30,1,2,2,1,3,75112,M,"48,8397160","2,4025130",75
202000028305,20,7,6,20:30,2,2,1,1,6,75112,M,"48,8396670","2,3887010",75
202000028306,20,7,5,11:00,1,2,4,1,3,75112,M,"48,8358920","2,4056360",75
202000028307,20,7,7,17:50,1,2,4,1,6,75108,M,"48,8719220","2,3008420",75
202000028308,20,7,7,01:55,5,2,2,1,6,75109,M,"48,8714860","2,3430540",75
202000028309,20,7,7,20:30,1,2,3,1,6,75104,M,"48,8504340","2,3600860",75
202000028310,20,7,6,19:00,1,2,1,1,6,75101,M,"48,8580750","2,3432840",75
202000028311,20,7,7,18:10,1,2,1,1,6,94081,M,"48,7910100","2,3934600",94
202000028312,20,7,7,18:25,1,2,3,1,3,94081,M,"48,7907870","2,3809670",94
202000028313,20,7,7,19:20,1,2,1,1,1,94046,M,"48,8069400","2,4259600",94
202000028314,20,7,7,20:30,1,2,1,1,3,94034,M,"48,7532850","2,3270210",94
202000028315,20,7,7,09:10,1,2,2,1,1,94038,M,"48,7791800","2,3311100",94
202000028316,20,7,7,21:10,1,2,2,1,3,94022,M,"48,7613200","2,4033900",94
202000028317,20,7,7,14:30,1,2,9,1,3,94022,M,"48,7601800","2,4119200",94
202000028318,20,7,6,19:41,1,2,2,1,1,94019,M,"48,7965500","2,5305900",94
202000028319,20,7,7,09:10,1,2,1,1,2,94052,M,"48,8358330","2,4722980",94
202000028320,20,7,7,04:30,3,1,9,1,1,93073,M,"49,0035126","2,5367680",93
202000028321,20,7,7,12:45,1,2,1,1,3,93070,M,"48,9142392","2,3464948",93
202000028322,20,7,2,16:30,1,2,1,1,6,93039,M,"48,9357090","2,3384860",93
202000028323,20,7,7,10:37,1,2,2,1,3,93055,M,"48,8867795","2,4103861",93
202000028324,20,7,5,19:35,1,2,1,1,3,93050,M,"48,8738162","2,5317425",93
202000028325,20,7,7,18:05,1,2,1,1,6,93048,M,"48,8735466","2,4539818",93
202000028326,20,7,6,23:20,5,2,1,1,6,93048,M,"48,8777390","2,4595431",93
202000028327,20,7,7,22:20,5,2,3,1,7,93046,M,"48,9095000","2,5302000",93
202000028328,20,7,7,19:40,1,2,4,1,1,93031,M,"48,9572763","2,3099006",93
202000028329,20,7,6,23:55,5,2,4,3,2,93031,M,"48,9480200","2,3387800",93
202000028330,20,7,7,18:45,1,2,2,1,3,93029,M,"48,9350600","2,4452400",93
202000028331,20,7,7,21:00,1,2,1,1,3,93027,M,"48,9262000","2,4166000",93
202000028332,20,7,7,18:10,1,2,1,1,2,93047,M,"48,8982386","2,5554654",93
202000028333,20,7,6,17:25,1,2,3,1,5,93047,M,"48,8986570","2,5535010",93
202000028334,20,7,7,03:20,5,2,1,1,6,93057,M,"48,9092100","2,5041400",93
202000028335,20,7,7,19:45,1,2,1,1,5,93005,M,"48,9468197","2,4925994",93
202000028336,20,7,6,17:18,1,2,1,1,6,93001,M,"48,9100566","2,3849371",93
202000028337,20,7,7,21:20,2,2,1,1,6,92046,M,"48,8174297","2,2946151",92
202000028338,20,7,6,18:45,1,2,1,1,7,92022,M,"48,8083793","2,1872985",92
202000028339,20,7,6,18:00,1,2,1,1,2,92063,M,"48,8731800","2,1645500",92
202000028340,20,7,7,14:08,1,2,1,1,2,92062,M,"48,8869529","2,2460986",92
202000028341,20,7,6,18:30,1,2,4,1,3,92050,M,"48,8932751","2,1887147",92
202000028342,20,7,6,19:50,1,2,1,1,3,92020,M,"48,8086667","2,2983769",92
202000028343,20,7,6,17:30,1,1,3,1,3,92075,M,"48,8177000","2,3078000",92
202000028344,20,7,7,09:20,1,2,6,1,3,92026,M,"48,9025731","2,2745776",92
202000028345,20,7,7,13:00,1,2,1,1,-1,92024,M,"48,9103073","2,3111610",92
202000028346,20,7,7,17:25,1,2,1,1,6,92023,M,"48,7873400","2,2470260",92
202000028347,20,7,7,07:57,1,2,6,1,3,92023,M,"48,7914880","2,2628400",92
202000028348,20,7,30,08:15,1,2,4,7,-1,92012,M,"48,8450906","2,2266223",92
202000028349,20,7,7,17:45,1,2,2,1,3,92012,M,"48,8350000","2,2413200",92
202000028350,20,7,3,15:50,1,2,1,1,3,92004,M,"48,9116900","2,3008900",92
202000028351,20,6,8,15:50,1,2,1,8,7,97415,R," -20,9794724","55,3205556",974
202000028352,20,7,7,18:45,1,2,1,1,2,35016,M,"47,9848850"," -1,9295840",35
202000028353,20,7,7,10:55,1,1,2,1,3,51224,M,"48,6963228","4,6937431",51
202000028354,20,7,8,04:20,3,1,1,1,6,22182,M,"48,5686070"," -2,9274740",22
202000028355,20,7,7,18:45,1,2,1,1,2,45178,M,"48,0023420","2,5437100",45
202000028356,20,7,8,14:15,1,2,4,1,3,34152,M,"43,7833490","3,7596200",34
202000028357,20,7,8,12:30,1,1,1,7,7,49092,M,"47,1365949"," -0,7380356",49
202000028358,20,7,2,14:35,1,2,6,1,6,28088,M,"48,0706310","1,3280470",28
202000028359,20,7,7,22:05,3,1,1,1,7,01353,M,"45,9738850","4,7845700",01
202000028360,20,7,7,16:42,1,1,1,1,2,21247,M,"47,4849950","4,1632440",21
202000028361,20,7,8,17:01,1,1,1,1,3,57024,M,"49,1923060","6,2402560",57
202000028362,20,7,7,11:30,1,1,2,1,3,79056,M,"47,0460160"," -0,2064700",79
202000028363,20,7,8,13:20,1,2,6,1,2,2A271,M,"41,9635046","8,8135554",2A
202000028364,20,7,7,18:20,1,1,1,1,3,2A271,M,"41,9599450","8,8063790",2A
202000028365,20,7,6,16:30,1,1,6,7,3,32027,M,"43,6957570"," -0,2087350",32
202000028366,20,7,8,19:15,2,1,1,7,6,11427,M,"43,0665130","2,0959530",11
202000028367,20,7,7,21:05,2,1,1,7,1,49069,M,"47,3265560"," -1,1998700",49
202000028368,20,7,8,13:50,1,1,1,1,7,42137,M,"45,5254720","4,0545990",42
202000028369,20,7,7,00:50,3,2,1,1,1,86082,M,"46,3491160","0,1861180",86
202000028370,20,7,7,09:25,1,2,1,1,6,68374,M,"48,0864330","7,3148090",68
202000028371,20,7,8,10:10,1,2,1,7,6,39013,M,"46,9031090","5,7733960",39
202000028372,20,7,7,12:06,1,1,9,1,7,25471,M,"47,3015700","6,6500870",25
202000028373,20,7,7,18:40,1,1,1,1,6,44140,M,"47,2068140"," -1,2107650",44
202000028374,20,7,8,00:35,3,2,1,1,6,29284,M,"47,7971560"," -4,2686810",29
202000028375,20,7,7,14:30,1,2,1,1,2,31232,M,"43,7662090","1,2975030",31
202000028376,20,7,6,12:50,1,1,1,1,6,38075,M,"45,4501810","5,9999730",38
202000028377,20,7,7,17:30,1,2,3,1,6,06150,M,"43,7454020","7,3989830",06
202000028378,20,7,8,00:30,5,2,1,1,3,06079,M,"43,5400340","6,9361800",06
202000028379,20,7,7,17:10,1,1,1,7,6,73019,M,"45,4962070","6,3004191",73
202000028380,20,7,8,10:40,1,2,1,1,7,04182,M,"43,9163050","6,0930290",04
202000028381,20,7,7,13:52,1,2,1,1,-1,85128,M,"46,4562700"," -1,1556800",85
202000028382,20,7,8,14:10,1,1,9,1,3,87154,M,"45,9010520","0,8953210",87
202000028383,20,7,7,19:30,1,1,1,1,3,33122,M,"44,7256800"," -0,7519800",33
202000028384,20,7,7,17:15,1,1,1,1,1,06085,M,"43,5948510","7,0379870",06
202000028385,20,7,5,19:30,1,1,1,7,5,83061,M,"43,5076630","6,7595740",83
202000028386,20,7,7,18:00,1,1,1,1,2,74021,M,"46,1619250","6,2644650",74
202000028387,20,7,8,06:00,3,1,1,1,7,97305,G,"4,9372220"," -52,4087760",973
202000028388,20,7,7,12:30,1,1,1,2,1,97106,A,"16,1011390"," -61,7711930",971
202000028389,20,7,5,00:30,3,2,1,1,6,45038,M,"48,1780053","2,2798749",45
202000028390,20,7,8,09:50,1,1,3,1,3,2B332,M,"42,6466500","9,0979460",2B
202000028391,20,7,8,09:50,1,1,1,1,1,48119,M,"44,4632670","3,9437270",48
202000028392,20,7,6,10:40,1,1,6,1,2,83035,M,"43,2526580","5,7752900",83
202000028393,20,7,7,21:30,3,1,1,1,1,06075,M,"43,8296200","7,2556540",06
202000028394,20,7,8,08:20,1,1,3,1,3,04241,M,"43,8526840","5,7285710",04
202000028395,20,7,8,13:50,1,1,2,1,3,13116,M,"43,8376380","4,9264450",13
202000028396,20,7,8,16:10,1,2,1,1,6,67131,M,"48,4921760","7,7300830",67
202000028397,20,7,7,21:30,2,1,1,1,4,57340,M,"49,0918340","6,9834100",57
202000028398,20,7,8,16:20,1,1,1,1,1,38449,M,"45,6388870","5,1237060",38
202000028399,20,7,7,19:00,1,1,1,1,3,69255,M,"45,7279507","4,6746165",69
202000028400,20,7,6,19:20,1,1,1,1,7,09132,M,"43,1745160","1,7100850",09
202000028401,20,7,7,20:05,1,1,1,1,6,33015,M,"44,8762710"," -0,2918140",33
202000028402,20,7,8,08:25,1,2,1,1,3,14047,M,"49,2738740"," -0,6917040",14
202000028403,20,7,8,11:30,1,1,2,1,3,27072,M,"49,0944120","1,5601550",27
202000028404,20,7,8,14:45,1,1,1,1,7,27081,M,"49,0126260","1,2862590",27
202000028405,20,7,7,23:00,3,1,1,1,1,60612,M,"49,2255295","2,5829029",60
202000028406,20,7,8,09:58,1,2,1,1,6,60009,M,"49,4144157","2,1356498",60
202000028407,20,7,7,19:15,1,1,1,1,2,13106,M,"43,3961400","5,3514700",13
202000028408,20,7,7,09:50,1,1,1,1,2,13070,M,"43,2854000","5,5152000",13
202000028409,20,7,7,10:35,1,1,1,1,3,13001,M,"43,4781070","5,4081890",13
202000028410,20,7,7,01:37,3,1,1,1,2,13211,M,"43,2936673","5,4721450",13
202000028411,20,7,6,14:05,1,1,1,1,6,13055,M,"43,3303131","5,3888637",13
202000028412,20,7,7,15:00,1,1,1,1,5,91064,M,"48,7499000","2,2065300",91
202000028413,20,7,7,12:45,1,1,1,1,2,91687,M,"48,6617000","2,3699000",91
202000028414,20,7,7,08:15,1,1,1,1,3,94034,M,"48,7563000","2,3372000",94
202000028415,20,7,7,18:45,1,1,1,1,3,92050,M,"48,9167332","2,2217173",92
202000028416,20,7,7,08:50,1,1,1,1,5,92036,M,"48,9344018","2,2803241",92
202000028417,20,7,7,07:40,1,1,1,7,6,78362,M,"48,9750910","1,7256900",78
202000028418,20,7,6,14:40,1,1,1,1,4,93013,M,"48,9414200","2,4279400",93
202000028419,20,7,7,20:00,1,1,1,1,-1,77514,M,"48,9377000","2,6281000",77
202000028420,20,7,6,16:45,1,1,1,1,4,77146,M,"48,8310728","2,6401357",77
202000028421,20,4,20,06:50,1,2,3,1,3,69387,M,"45,7364000","4,8396000",69
202000028422,20,7,6,18:30,1,2,2,1,1,69386,M,"45,7711700","4,8445300",69
202000028423,20,7,6,16:50,1,2,2,1,3,69386,M,"45,7700583","4,8570292",69
202000028424,20,7,2,16:30,1,2,2,1,4,69386,M,"45,7725917","4,8443085",69
202000028425,20,7,6,09:45,1,2,9,1,3,69199,M,"45,7143500","4,8513300",69
202000028426,20,7,5,12:25,1,1,1,1,3,97213,A,"14,5956600"," -60,9877600",972
202000028427,20,7,6,18:45,4,2,1,2,2,97209,A,"14,6132600"," -61,0704900",972
202000028428,20,7,3,20:15,1,2,1,1,3,69034,M,"45,8055700","4,8554700",69
202000028429,20,7,6,06:50,1,2,6,1,-1,95680,M,"49,0040710","2,3997030",95
202000028430,20,7,1,09:45,1,1,1,1,6,91477,M,"48,7206900","2,2228400",91
202000028431,20,7,3,20:00,1,2,1,1,7,91223,M,"48,4290200","2,1321800",91
202000028432,20,7,3,16:56,1,2,1,1,3,87085,M,"45,8266000","1,2647100",87
202000028433,20,6,25,13:30,1,2,6,1,3,83009,M,"43,1354800","5,7539000",83
202000028434,20,7,3,12:20,1,2,1,1,3,80021,M,"49,9006800","2,2695000",80
202000028435,20,7,3,17:50,1,2,1,1,2,80489,M,"49,8697500","2,3690600",80