Num_Acc,an,mois,jour,hrmn,lum,agg,int,atm,col,com,gps,lat,long,dep
202000028436,20,7,4,23:43,5,2,2,1,3,78646,M,"48,8022700","2,1297200",78
202000028437,20,7,6,15:50,1,2,1,1,2,77482,M,"48,3610619","2,9180472",77
202000028438,20,7,5,19:05,1,2,2,1,2,76681,M,"49,4182000","1,0971500",76
202000028439,20,7,6,14:30,1,2,1,1,6,69266,M,"45,7749000","4,8740000",69
202000028440,20,7,6,14:05,1,2,1,1,6,69256,M,"45,7607200","4,9290700",69
202000028441,20,7,6,22:30,5,2,1,1,2,69091,M,"45,5930900","4,7729300",69
202000028442,20,7,4,04:20,3,1,1,1,6,68297,M,"47,5964100","7,5601900",68
202000028443,20,7,4,13:38,1,2,1,1,3,67482,M,"48,5840971","7,7146228",67
202000028444,20,7,6,14:10,1,1,1,1,5,67180,M,"48,8680246","7,7642717",67
202000028445,20,7,5,23:49,5,2,1,1,3,66136,M,"42,6890180","2,8998390",66
202000028446,20,7,3,15:05,1,2,1,1,3,66136,M,"42,6838000","2,8715000",66
202000028447,20,7,5,14:50,1,2,1,1,2,64024,M,"43,5271000"," -1,5197500",64
202000028448,20,7,6,08:10,1,2,6,1,3,62848,M,"50,5093335","2,6495133",62
202000028449,20,7,5,19:50,1,2,1,1,1,59560,M,"50,5545400","3,0190300",59
202000028450,20,7,4,20:00,1,2,2,2,6,59350,M,"50,6346000","3,0568900",59
202000028451,20,7,5,16:59,1,2,1,1,6,57019,M,"49,2544100","6,1342800",57
202000028452,20,7,2,16:25,1,2,1,1,6,56121,M,"47,7619500"," -3,3784000",56
202000028453,20,7,5,10:05,1,1,1,3,6,50203,M,"49,5989900"," -1,5960800",50
202000028454,20,7,6,17:50,1,2,9,1,2,45234,M,"47,8350200","1,9363100",45
202000028455,20,7,2,16:08,1,2,2,1,3,35288,M,"48,6584880"," -1,9948830",35
202000028456,20,7,7,01:50,5,2,1,1,6,35238,M,"48,1093800"," -1,6551700",35
202000028457,20,7,6,17:15,1,1,1,1,7,35238,M,"48,0903778"," -1,7386693",35
202000028458,20,7,6,16:40,1,2,6,1,3,35238,M,"48,1213100"," -1,7047480",35
202000028459,20,7,6,05:55,1,2,1,1,3,34172,M,"43,6079900","3,8905800",34
202000028460,20,7,4,23:55,5,2,2,1,3,34172,M,"43,5871700","3,8586500",34
202000028461,20,7,3,18:35,1,2,1,1,1,34032,M,"43,3466800","3,2095700",34
202000028462,20,7,6,18:35,1,2,2,1,3,33281,M,"44,8261300"," -0,6496700",33
202000028463,20,7,4,15:00,1,1,1,1,3,31555,M,"43,6114762","1,3810104",31
202000028464,20,7,6,15:50,1,2,2,1,3,31483,M,"43,1102450","0,7186890",31
202000028465,20,6,30,12:15,1,2,2,2,6,29019,M,"48,4073600"," -4,4897200",29
202000028466,20,7,2,14:50,1,2,1,1,1,22215,M,"48,4853674"," -2,8188729",22
202000028467,20,7,6,15:40,1,2,3,1,3,17300,M,"46,1675700"," -1,1776800",17
202000028468,20,7,4,14:20,1,2,1,1,-1,16089,M,"45,6665870"," -0,3382800",16
202000028469,20,7,1,18:30,1,2,7,1,6,14220,M,"49,3596600","0,0748300",14
202000028470,20,7,6,16:10,1,2,4,1,3,13210,M,"43,2818600","5,3992000",13
202000028471,20,7,6,16:00,1,2,1,1,6,13204,M,"43,3094800","5,4028500",13
202000028472,20,7,6,14:15,1,2,1,1,2,13202,M,"43,3036791","5,3737253",13
202000028473,20,6,29,09:34,1,2,1,1,-1,11262,M,"43,1758000","3,0022100",11
202000028474,20,2,14,02:20,3,1,1,3,6,77122,M,"48,6558227","2,6137977",77
202000028475,20,1,2,17:30,5,1,1,1,2,93051,M,"48,8354000","2,5581000",93
202000028476,20,2,17,15:30,1,2,2,1,3,75120,M,"48,8646830","2,4041520",75
202000028477,20,2,16,17:00,1,2,3,1,6,75116,M,"48,8596100","2,2877140",75
202000028478,20,2,15,18:45,5,2,3,1,6,75116,M,"48,8633430","2,2963280",75
202000028479,20,2,15,12:45,1,2,2,7,5,75116,M,"48,8595480","2,2752060",75
202000028480,20,2,15,12:25,1,2,1,1,3,75116,M,"48,8471890","2,2584790",75
202000028481,20,2,17,19:40,5,2,1,1,7,75114,M,"48,8248230","2,3180230",75
202000028482,20,2,17,18:50,5,2,1,2,6,75112,M,"48,8439930","2,3729720",75
202000028483,20,2,17,16:30,1,2,1,1,3,75112,M,"48,8475540","2,4018890",75
202000028484,20,2,16,23:56,5,2,2,8,-1,75111,M,"48,8624700","2,3669150",75
202000028485,20,2,16,23:15,5,2,2,2,3,75111,M,"48,8551170","2,3871370",75
202000028486,20,2,17,09:20,1,2,4,1,3,75102,M,"48,8686990","2,3331420",75
202000028487,20,2,17,09:20,1,2,1,1,6,94052,M,"48,8423958","2,4864883",94
202000028488,20,2,17,08:30,1,2,9,1,2,94052,M,"48,8309049","2,4688252",94
202000028489,20,2,16,21:17,5,2,3,3,6,94079,M,"48,8228331","2,5422482",94
202000028490,20,2,16,21:40,5,2,2,3,3,94002,M,"48,8009300","2,4223100",94
202000028491,20,2,17,09:30,1,1,1,1,2,93073,M,"49,0034240","2,5368129",93
202000028492,20,2,17,10:00,1,2,1,1,2,93066,M,"48,9370500","2,3595600",93
202000028493,20,2,17,18:18,2,2,1,2,6,93053,M,"48,8956700","2,4613700",93
202000028494,20,2,17,20:20,5,2,1,2,6,93033,M,"48,8619860","2,5788440",93
202000028495,20,2,16,22:10,5,2,2,2,1,93014,M,"48,9013200","2,5424000",93
202000028496,20,2,17,06:40,5,2,9,8,3,92078,M,"48,9303130","2,3205680",92
202000028497,20,2,17,09:30,1,2,1,8,-1,92046,M,"48,8217300","2,2991500",92
202000028498,20,2,17,19:14,5,2,3,2,7,92049,M,"48,8120256","2,3007895",92
202000028499,20,2,17,09:58,1,2,1,1,2,92048,M,"48,8078000","2,2417000",92
202000028500,20,2,17,19:26,5,2,9,1,3,92026,M,"48,8928400","2,2453300",92
202000028501,20,2,14,19:00,2,2,1,1,7,92025,M,"48,9323160","2,2635270",92
202000028502,20,2,17,15:20,1,1,1,2,-1,63307,M,"45,7089060","3,0696060",63
202000028503,20,2,15,08:45,1,1,1,1,1,38199,M,"45,4815100","4,9175600",38
202000028504,20,2,17,20:10,3,1,1,1,-1,06161,M,"43,6566330","7,1067170",06
202000028505,20,2,17,15:10,1,2,1,6,6,49092,M,"47,2134369"," -0,7931371",49
202000028506,20,2,17,07:00,2,1,3,1,3,68026,M,"48,1344240","7,3441480",68
202000028507,20,2,17,07:15,1,1,1,1,2,97422,R," -21,2836470","55,5344640",974
202000028508,20,2,18,10:43,1,1,1,1,6,97205,A,"14,6456970"," -61,1387120",972
202000028509,20,2,15,04:35,3,2,9,1,6,77022,M,"48,4459690","2,6121760",77
202000028510,20,2,17,20:25,3,1,1,1,1,56079,M,"47,9484740"," -2,5209870",56
202000028511,20,2,17,15:20,1,2,1,1,6,67434,M,"48,9397726","7,0864197",67
202000028512,20,2,17,17:27,1,1,2,1,2,76281,M,"49,5201310","0,5748890",76
202000028513,20,2,16,16:25,3,1,2,2,3,89388,M,"47,9314886","3,2696680",89
202000028514,20,2,18,06:50,2,2,1,2,1,25190,M,"47,4979810","6,9127390",25
202000028515,20,2,17,16:10,1,1,1,2,6,35023,M,"48,1862750"," -1,9829890",35
202000028516,20,2,18,14:00,1,2,1,1,1,29040,M,"48,3527944"," -4,7774101",29
202000028517,20,2,17,16:55,1,2,2,1,3,50273,M,"49,3073290"," -1,4226870",50
202000028518,20,1,27,18:00,3,1,1,1,2,09283,M,"42,7246640","1,8251040",09
202000028519,20,2,14,18:35,5,2,1,1,6,60245,M,"49,6500778","1,7308818",60
202000028520,20,2,18,08:00,2,2,1,1,3,17093,M,"45,8905910"," -1,2198900",17
202000028521,20,2,18,02:25,3,1,9,1,6,87011,M,"46,0966790","1,0341630",87
202000028522,20,2,17,16:15,1,1,1,3,6,87105,M,"45,7457550","1,6025450",87
202000028523,20,2,11,18:25,3,1,9,2,2,01451,M,"46,2339440","5,2802180",01
202000028524,20,2,18,09:06,1,1,9,1,3,06152,M,"43,6177290","7,0514890",06
202000028525,20,2,17,17:55,2,1,1,1,7,06152,M,"43,6166680","7,0373060",06
202000028526,20,2,17,12:15,1,2,1,1,1,98725,P," -17,5067893"," -149,4887862",987
202000028527,20,2,17,07:00,1,1,1,2,7,98821,C," -22,0904120","166,3198760",988
202000028528,20,2,18,19:40,3,1,2,1,3,13035,M,"43,6798530","5,0674440",13
202000028529,20,2,18,06:39,3,1,1,1,1,13110,M,"43,4580590","5,6551590",13
202000028530,20,2,18,14:10,1,1,1,1,2,68103,M,"47,6723590","7,4379370",68
202000028531,20,2,18,08:00,2,2,1,1,6,33003,M,"44,9506260"," -0,4874000",33
202000028532,20,2,17,17:35,2,2,3,1,3,59357,M,"50,2943790","3,8609590",59
202000028533,20,2,17,20:10,5,2,1,1,1,59249,M,"50,0224550","4,0745650",59
202000028534,20,2,16,22:32,5,1,1,1,6,13207,M,"43,2917570","5,3661670",13
202000028535,20,2,17,08:45,1,1,1,2,3,33075,M,"44,8898700"," -0,6109600",33
202000028536,20,2,16,03:50,3,1,1,1,6,78090,M,"48,9703000","1,9013000",78
202000028537,20,2,15,18:00,1,1,1,1,2,60631,M,"49,1457300","2,5773500",60
202000028538,20,2,17,07:30,2,1,1,2,3,94073,M,"48,7537200","2,3801900",94
202000028539,20,2,16,06:18,1,2,1,1,7,98818,C," -22,2595900","166,4748800",988
202000028540,20,2,16,17:00,1,2,1,1,7,69386,M,"45,7750000","4,8480000",69
202000028541,20,2,16,04:20,4,2,1,1,6,69383,M,"45,7613000","4,8647000",69
202000028542,20,2,16,19:50,5,1,1,2,6,97213,A,"14,6180890"," -61,0344500",972
202000028543,20,2,16,08:50,1,2,3,1,3,97209,A,"14,6351800"," -61,0722600",972
202000028544,20,2,16,05:50,2,2,1,2,2,97209,A,"14,6090600"," -61,0558000",972
202000028545,20,2,16,18:35,5,2,1,1,6,69389,M,"45,7785900","4,8079800",69
202000028546,20,2,15,19:00,2,2,1,1,3,69382,M,"45,7488200","4,8305700",69
202000028547,20,2,15,12:50,1,2,1,1,6,69389,M,"45,7700000","4,7900000",69
202000028548,20,2,16,14:08,1,2,1,1,6,2B033,M,"42,6859000","9,4452200",2B
202000028549,20,2,15,16:15,1,2,4,1,3,91421,M,"48,7087100","2,4639500",91
202000028550,20,2,16,18:10,5,2,1,1,5,91174,M,"48,6152020","2,4837370",91
202000028551,20,2,15,01:20,5,2,2,1,7,91425,M,"48,6390200","2,2678600",91
202000028552,20,2,14,19:37,5,2,1,1,2,91347,M,"48,6573500","2,2749000",91
202000028553,20,2,16,21:55,5,2,2,2,6,78586,M,"48,9383320","2,1706490",78
202000028554,20,2,16,13:30,1,2,9,1,3,77284,M,"48,9516100","2,9056300",77
202000028555,20,2,16,17:45,1,2,3,1,2,74133,M,"46,1799300","6,2141130",74
202000028556,20,2,15,18:10,2,2,1,1,6,69271,M,"45,7380000","4,9394000",69
202000028557,20,2,15,19:10,5,2,1,1,6,68066,M,"48,0824020","7,3311120",68
202000028558,20,2,10,19:20,2,2,3,1,3,59636,M,"50,6841600","3,0390830",59
202000028559,20,2,13,18:28,2,2,1,2,6,57463,M,"49,1083300","6,1735100",57
202000028560,20,2,16,02:27,5,2,1,2,6,45286,M,"47,8815800","1,9326600",45
202000028561,20,2,16,20:18,5,2,1,1,6,42071,M,"46,0173600","4,0914800",42
202000028562,20,2,16,14:50,1,2,2,1,1,38185,M,"45,1877800","5,7235200",38
202000028563,20,2,15,12:39,1,2,6,1,3,37261,M,"47,3948540","0,7044834",37
202000028564,20,2,16,19:05,5,2,9,2,6,35238,M,"48,1056800"," -1,6844400",35
202000028565,20,2,16,06:00,3,2,1,1,6,33162,M,"44,8807900"," -0,6629200",33
202000028566,20,2,7,07:50,2,1,1,1,2,29039,M,"47,9030103"," -3,9141899",29
202000028567,20,2,16,20:30,5,2,1,1,2,13214,M,"43,3417000","5,3866300",13
202000028568,20,2,16,18:00,2,2,3,1,3,13212,M,"43,2934028","5,4398047",13
202000028569,20,2,15,16:30,1,2,1,1,7,13213,M,"43,3443100","5,4424400",13
202000028570,20,2,15,18:45,5,2,1,1,3,13215,M,"43,3179500","5,3741400",13
202000028571,20,2,15,18:10,2,2,1,1,3,13208,M,"43,2422510","5,3691760",13
202000028572,20,2,16,17:27,1,1,1,1,6,13001,M,"43,5784374","5,4388922",13
202000028573,20,2,16,12:05,1,2,1,3,3,07186,M,"44,7272350","4,6001360",07
202000028574,20,2,15,20:24,5,2,1,2,5,75120,M,"48,8724940","2,4047070",75
202000028575,20,2,16,20:20,5,2,3,2,-1,75118,M,"48,8980110","2,3424400",75
202000028576,20,2,16,15:30,1,2,1,1,3,75115,M,"48,8369680","2,3089960",75
202000028577,20,2,16,15:30,1,2,2,1,3,75107,M,"48,8599500","2,3131100",75
202000028578,20,2,16,03:20,3,2,7,2,6,75104,M,"48,8571640","2,3474450",75
202000028579,20,2,16,10:30,1,2,1,1,2,94074,M,"48,7592000","2,4512000",94
202000028580,20,2,16,14:40,1,2,1,6,6,93073,M,"48,9818924","2,5557491",93
202000028581,20,2,16,12:40,1,2,2,1,3,93071,M,"48,9519776","2,5284923",93
202000028582,20,2,16,10:30,1,2,9,1,3,93046,M,"48,9201300","2,5394200",93
202000028583,20,2,16,06:00,3,1,1,1,2,01290,M,"45,8724120","5,1560850",01
202000028584,20,2,14,07:50,1,2,3,1,3,06114,M,"43,7423290","7,2941650",06
202000028585,20,2,16,23:10,5,2,3,1,3,06161,M,"43,6395150","7,1384150",06
202000028586,20,2,17,08:15,1,2,1,8,5,83086,M,"43,4709890","6,5734080",83
202000028587,20,2,17,15:05,1,1,1,1,1,86255,M,"46,1580010","0,3309310",86
202000028588,20,2,16,06:34,3,1,1,3,7,22182,M,"48,5293510"," -2,9097871",22
202000028589,20,2,16,18:40,3,1,1,3,7,76516,M,"49,7166000","1,4154000",76
202000028590,20,2,8,14:00,1,2,7,1,6,69260,M,"45,6520364","4,8130471",69
202000028591,20,2,17,06:44,3,1,1,2,4,03086,M,"46,4784945","3,8327928",03
202000028592,20,2,15,02:30,3,2,1,2,6,56061,M,"47,7243710"," -2,1339230",56
202000028593,20,2,16,15:20,1,1,1,6,6,61091,M,"48,5807630"," -0,4730130",61
202000028594,20,2,16,16:25,1,2,3,1,3,47128,M,"44,1690690","0,6996600",47
202000028595,20,2,12,19:00,2,2,1,1,6,34250,M,"43,5307030","2,8517350",34
202000028596,20,2,17,09:50,1,1,1,2,6,68225,M,"47,8730420","7,4326310",68
202000028597,20,2,16,14:30,1,1,3,2,3,22271,M,"48,4801440"," -3,1325470",22
202000028598,20,2,17,07:20,3,1,1,1,2,35009,M,"48,5079540"," -1,7408100",35
202000028599,20,2,16,17:15,1,1,1,1,6,03120,M,"46,6293749","3,7114856",03
202000028600,20,2,17,06:00,3,1,1,1,3,70339,M,"47,7372450","6,5503410",70
202000028601,20,2,16,11:45,1,1,1,1,7,70058,M,"47,5295830","5,6815359",70
202000028602,20,2,16,17:15,1,1,1,1,1,66105,M,"42,5745580","2,1128940",66
202000028603,20,2,16,03:30,5,2,1,1,6,54465,M,"48,4655110","6,2909130",54
202000028604,20,2,16,00:38,3,1,1,1,7,06150,M,"43,7287240","7,3929300",06
202000028605,20,2,17,15:25,1,2,1,1,1,50618,M,"49,6756510"," -1,3677330",50
202000028606,20,2,13,21:45,3,1,1,8,6,17349,M,"46,2779710"," -0,8500670",17
202000028607,20,2,15,01:23,3,1,1,1,2,10130,M,"48,6110050","4,1807270",10
202000028608,20,2,17,00:00,3,1,9,1,6,76657,M,"49,4892600","0,3792860",76
202000028609,20,2,14,12:45,1,2,1,1,4,97309,G,"4,9052290"," -52,2731420",973
202000028610,20,2,16,16:30,1,1,1,1,6,38212,M,"45,1029600","5,9197700",38
202000028611,20,2,16,15:45,1,1,1,1,6,13011,M,"43,7289176","4,8144954",13
202000028612,20,2,16,20:00,3,1,1,3,6,91634,M,"48,6106680","2,1057700",91
202000028613,20,2,16,07:00,2,1,1,1,6,18182,M,"47,0212420","2,1021760",18
202000028614,20,2,14,15:30,2,1,9,8,-1,77168,M,"48,1758840","2,8717610",77
202000028615,20,2,16,15:00,1,1,1,1,6,2B316,M,"42,6087590","8,9230010",2B
202000028616,20,2,14,19:35,3,1,1,1,7,06147,M,"43,7693930","7,2794830",06
202000028617,20,2,17,16:00,1,2,1,2,1,13042,M,"43,2868360","5,6246780",13
202000028618,20,2,11,13:45,1,1,3,2,3,71481,M,"46,1979387","4,7635891",71
202000028619,20,2,17,19:45,3,1,1,3,2,88087,M,"48,1829990","6,4105220",88
202000028620,20,2,17,18:20,5,2,1,2,3,07324,M,"45,0722360","4,8223440",07
202000028621,20,2,14,12:45,1,1,3,1,3,69019,M,"46,1293890","4,7295450",69
202000028622,20,2,16,20:00,3,1,1,1,2,16291,M,"45,6895092","0,2255769",16
202000028623,20,2,16,18:45,3,1,1,1,5,33422,M,"44,7946420"," -0,8590150",33
202000028624,20,2,13,17:42,1,2,1,1,6,44195,M,"47,3610900"," -1,9559848",44
202000028625,20,2,12,10:05,1,1,1,1,6,14228,M,"49,2821820"," -0,3806590",14
202000028626,20,2,17,00:10,5,2,3,2,6,60500,M,"49,0946550","2,7555840",60
202000028627,20,2,15,19:35,3,1,1,1,2,13071,M,"43,3993220","5,2913710",13
202000028628,20,2,14,18:05,2,1,1,1,2,13070,M,"43,2854000","5,5149000",13
202000028629,20,2,15,23:15,5,1,9,1,-1,69029,M,"45,7349063","4,9015546",69
202000028630,20,2,11,13:23,1,1,1,1,2,67482,M,"48,5534430","7,7322396",67
202000028631,20,2,16,10:20,1,1,1,1,6,94038,M,"48,7825600","2,3471800",94
202000028632,20,2,15,21:25,5,1,1,2,6,91570,M,"48,6253180","2,3148710",91
202000028633,20,2,16,16:25,1,1,1,1,-1,92036,M,"48,9348119","2,2674993",92
202000028634,20,2,15,21:50,4,1,1,2,3,92025,M,"48,9217789","2,2264502",92
202000028635,20,2,15,22:30,4,1,1,1,3,94028,M,"48,7849919","2,4400690",94
202000028636,20,2,16,21:10,5,2,2,1,1,69387,M,"45,7315300","4,8298800",69
202000028637,20,2,15,22:35,3,2,1,1,6,69386,M,"45,7700000","4,8585000",69
202000028638,20,2,15,12:00,1,2,2,1,3,69383,M,"45,7584000","4,8486500",69
202000028639,20,2,14,19:10,5,2,1,1,7,97209,A,"14,6094500"," -61,0554300",972
202000028640,20,2,14,22:00,5,2,1,1,6,97113,A,"16,2135100"," -61,4395400",971
202000028641,20,2,11,20:00,5,2,1,1,2,95572,M,"49,0413600","2,1410200",95
202000028642,20,2,15,21:52,5,2,1,1,3,74008,M,"46,1919000","6,2210000",74
202000028643,20,2,14,12:20,1,2,1,8,6,71153,M,"46,8031421","4,4510608",71
202000028644,20,2,16,00:25,5,2,3,1,1,64102,M,"43,5007000"," -1,4919000",64
202000028645,20,2,15,02:15,5,2,1,1,7,64102,M,"43,4989800"," -1,4471200",64
202000028646,20,2,15,00:40,4,2,1,1,6,64140,M,"43,5201000"," -1,4869000",64
202000028647,20,2,14,23:45,4,2,1,1,5,64024,M,"43,4801700"," -1,5215100",64
202000028648,20,2,15,18:00,5,2,9,2,3,62108,M,"50,4144000","1,5717000",62
202000028649,20,2,15,07:30,2,1,1,5,1,38318,M,"45,5419600","4,9253600",38
202000028650,20,2,15,20:24,5,1,1,1,6,38169,M,"45,2009412","5,6742521",38
202000028651,20,2,15,14:20,1,2,1,2,2,35238,M,"48,1075400"," -1,6804700",35
202000028652,20,2,15,01:25,5,2,1,1,6,35238,M,"48,1283200"," -1,6488200",35
202000028653,20,2,15,20:15,5,2,1,1,6,34172,M,"43,6013950","3,8993526",34
202000028654,20,2,15,15:30,1,2,1,1,5,34172,M,"43,5999560","3,8848260",34
202000028655,20,2,16,00:50,4,2,1,1,6,33281,M,"44,8616090"," -0,6436700",33
202000028656,20,2,15,14:10,1,2,4,1,3,33281,M,"44,8271200"," -0,6170700",33
202000028657,20,2,15,16:55,1,2,6,1,1,27681,M,"49,0947900","1,4862100",27
202000028658,20,2,15,11:35,1,2,2,1,-1,14118,M,"49,1777700"," -0,3575500",14
202000028659,20,2,15,20:00,5,2,2,1,3,13208,M,"43,2782220","5,3832320",13
202000028660,20,2,15,14:45,1,2,1,1,-1,13204,M,"43,3062360","5,3939880",13
202000028661,20,2,12,19:14,5,2,3,1,6,13209,M,"43,5000000","5,4000000",13
202000028662,20,9,5,16:50,1,2,1,1,6,56069,M,"47,6393800"," -3,4545620",56
202000028663,20,9,5,19:00,1,1,1,1,4,27448,M,"49,0113730","1,3323500",27
202000028664,20,9,7,15:15,1,1,1,1,1,27568,M,"48,9447610","0,8766640",27
202000028665,20,9,6,22:00,3,1,1,1,6,76223,M,"49,6177310","0,8310000",76
202000028666,20,9,7,13:40,1,1,1,1,2,76660,M,"49,4785109","0,3081141",76
202000028667,20,9,5,21:00,5,2,1,1,6,60644,M,"49,2820140","1,8273140",60
202000028668,20,9,6,17:10,1,1,1,1,7,13026,M,"43,3744100","5,1793200",13
202000028669,20,9,5,17:45,1,1,1,1,6,13056,M,"43,3983075","5,0468559",13
202000028670,20,9,4,17:30,1,1,1,1,4,13210,M,"43,3305000","5,3887000",13
202000028671,20,9,6,10:04,1,1,1,1,7,69152,M,"45,7115031","4,8250363",69
202000028672,20,9,5,04:40,3,1,1,1,2,57463,M,"49,1193000","6,1757100",57
202000028673,20,9,4,13:55,1,1,1,1,3,67152,M,"48,5213960","7,6973210",67
202000028674,20,9,6,19:35,1,1,1,1,4,92036,M,"48,9364850","2,2908425",92
202000028675,20,9,6,15:25,1,1,1,1,4,92036,M,"48,9359520","2,2870561",92
202000028676,20,9,6,18:45,1,1,1,1,5,95018,M,"48,9579600","2,2750600",95
202000028677,20,9,6,19:30,1,1,1,1,2,93078,M,"48,9697900","2,5035300",93
202000028678,20,9,6,05:40,5,1,1,1,6,93027,M,"48,9348900","2,4003200",93
202000028679,20,9,5,11:45,1,1,1,1,2,92036,M,"48,9428904","2,2886298",92
202000028680,20,9,6,19:45,1,1,1,1,2,94052,M,"48,8343000","2,4931000",94
202000028681,20,9,6,16:00,1,1,1,1,5,75112,M,"48,8233800","2,4628370",75
202000028682,20,9,6,00:30,5,2,3,2,2,98818,C," -22,2913200","166,4477400",988
202000028683,20,9,4,13:19,1,2,3,1,6,98818,C," -22,2715000","166,4424800",988
202000028684,20,8,31,07:14,1,2,6,1,3,98818,C," -22,2463900","166,4715300",988
202000028685,20,9,5,15:40,1,2,1,2,1,97416,R," -21,3060600","55,4884200",974
202000028686,20,9,5,02:00,5,2,1,1,6,97411,R," -20,8969260","55,4812850",974
202000028687,20,9,4,19:10,5,2,2,2,3,97411,R," -20,8906475","55,4549785",974
202000028688,20,9,4,17:48,1,1,6,1,3,97302,G,"4,9077409"," -52,3225057",973
202000028689,20,9,5,02:10,3,1,6,1,6,97302,G,"4,9071200"," -52,3219900",973
202000028690,20,9,5,15:00,1,2,2,1,3,69386,M,"45,7665800","4,8424200",69
202000028691,20,9,5,03:05,5,2,2,1,3,69382,M,"45,7601542","4,8379188",69
202000028692,20,9,4,10:25,1,2,3,1,3,2B033,M,"42,6929500","9,4500800",2B
202000028693,20,9,5,19:40,2,1,1,8,6,91286,M,"48,6492300","2,3928800",91
202000028694,20,9,4,16:00,1,1,1,1,6,83069,M,"43,1301900","6,1683100",83
202000028695,20,9,5,10:15,1,2,1,1,7,79259,M,"46,9563110"," -0,2188100",79
202000028696,20,9,5,08:30,1,2,1,1,7,77083,M,"48,8515898","2,5824586",77
202000028697,20,9,4,17:08,1,2,9,1,3,76329,M,"49,5498400","0,4919000",76
202000028698,20,9,6,01:15,5,2,2,1,3,72181,M,"48,0058500","0,1918900",72
202000028699,20,9,5,17:00,1,2,9,1,6,69266,M,"45,7843400","4,8866400",69
202000028700,20,9,5,23:05,4,2,3,1,6,68224,M,"47,7498100","7,3358900",68
202000028701,20,9,5,17:30,1,2,4,1,6,64445,M,"43,3016400"," -0,3577500",64
202000028702,20,9,4,19:40,1,2,1,1,2,64024,M,"43,4991500"," -1,5418600",64
202000028703,20,9,4,22:15,5,2,2,1,3,62108,M,"50,4047480","1,5618330",62
202000028704,20,9,4,23:05,5,2,1,1,5,61006,M,"48,7180800"," -0,0085100",61
202000028705,20,8,26,15:15,1,2,1,1,6,60175,M,"49,2629700","2,4692000",60
202000028706,20,9,4,23:42,5,2,2,1,2,59350,M,"50,6194900","3,0647400",59
202000028707,20,9,4,14:20,1,2,6,1,3,59183,M,"51,0228000","2,3182000",59
202000028708,20,9,5,20:20,2,2,6,1,3,54357,M,"48,7086277","6,1656623",54
202000028709,20,9,5,17:38,1,2,3,1,3,54357,M,"48,7057833","6,1623719",54
202000028710,20,9,5,15:32,1,2,1,1,1,54547,M,"48,6636400","6,1733100",54
202000028711,20,9,5,14:57,1,2,6,1,3,51454,M,"49,2881068","4,0245083",51
202000028712,20,9,5,13:20,1,2,1,1,1,50218,M,"48,8381000"," -1,5836000",50
202000028713,20,9,5,16:10,1,2,9,1,4,45234,M,"47,9115170","1,9251290",45
202000028714,20,9,5,12:45,1,2,9,8,2,45234,M,"47,9070650","1,8883180",45
202000028715,20,9,3,20:50,2,2,1,1,6,39198,M,"47,1079510","5,4770390",39
202000028716,20,9,2,11:10,1,2,1,1,6,39198,M,"47,0967900","5,5013800",39
202000028717,20,8,27,10:45,1,2,1,1,6,39198,M,"47,0860100","5,4857000",39
202000028718,20,9,5,09:10,1,2,6,1,3,37261,M,"47,3738660","0,6785202",37
202000028719,20,9,4,17:30,1,2,1,1,7,34172,M,"43,6377180","3,8472450",34
202000028720,20,9,5,13:40,1,2,2,1,3,33281,M,"44,8288800"," -0,6644700",33
202000028721,20,9,4,19:47,4,2,3,1,3,33069,M,"44,8693100"," -0,5973300",33
202000028722,20,9,5,10:05,1,2,3,1,3,33281,M,"44,8463753"," -0,6350635",33
202000028723,20,9,5,10:15,1,2,7,1,3,33063,M,"44,8657400"," -0,5763400",33
202000028724,20,9,5,15:00,1,2,1,1,6,33009,M,"44,6607600"," -1,1726300",33
202000028725,20,9,5,05:41,3,2,1,1,6,29019,M,"48,3956024"," -4,5102818",29
202000028726,20,9,2,11:30,1,2,1,1,3,22113,M,"48,7407200"," -3,4452300",22
202000028727,20,9,5,16:05,1,2,1,1,3,17300,M,"46,1665400"," -1,1411500",17
202000028728,20,9,5,11:30,1,1,1,1,2,14254,M,"49,1514500"," -0,4166500",14
202000028729,20,9,5,20:45,5,2,1,1,6,13208,M,"43,2900000","5,3600000",13
202000028730,20,9,5,21:25,5,2,2,1,7,13206,M,"43,2863800","5,3857100",13
202000028731,20,9,5,14:30,1,2,3,1,3,13215,M,"43,3764000","5,3561000",13
202000028732,20,9,5,12:50,1,2,3,1,3,13205,M,"43,2853650","5,3988150",13
202000028733,20,9,5,10:00,1,2,1,1,6,13208,M,"43,2743130","5,3848280",13
202000028734,20,9,4,18:20,1,2,1,1,6,13047,M,"43,5961600","4,9374000",13
202000028735,20,9,5,07:55,2,1,1,1,7,11069,M,"43,2334300","2,3688400",11
202000028736,20,9,1,23:35,5,2,9,1,6,07019,M,"44,6269100","4,3787000",07
202000028737,20,9,5,04:45,5,1,1,1,6,06069,M,"43,6440200","6,9029000",06
202000028738,20,9,5,10:20,1,2,1,1,7,06027,M,"43,6618000","7,1675500",06
202000028739,20,9,5,07:50,1,2,1,2,6,75113,M,"48,8309670","2,3569190",75
202000028740,20,9,4,23:40,5,2,3,1,3,75105,M,"48,8432010","2,3641020",75
202000028741,20,9,5,00:30,5,2,1,1,3,75120,M,"48,8678310","2,3862350",75
202000028742,20,9,5,17:10,1,2,1,1,2,75120,M,"48,8534840","2,4143080",75