Num_Acc,an,mois,jour,hrmn,lum,agg,int,atm,col,com,gps,lat,long,dep
202000028743,20,9,5,16:15,1,2,2,1,3,75117,M,"48,8866390","2,3130850",75
202000028744,20,9,5,00:50,5,2,1,1,3,75116,M,"48,8649190","2,2741410",75
202000028745,20,9,5,10:35,1,2,3,1,7,75112,M,"48,8473440","2,3753230",75
202000028746,20,9,5,10:45,1,2,1,1,3,75110,M,"48,8726200","2,3740030",75
202000028747,20,9,5,19:45,2,2,1,1,2,94052,M,"48,8451070","2,4889531",94
202000028748,20,9,4,19:30,2,2,2,1,3,94038,M,"48,7798210","2,3490950",94
202000028749,20,9,5,11:20,1,2,1,1,3,94033,M,"48,8560000","2,4650000",94
202000028750,20,9,5,19:00,1,2,3,1,3,94001,M,"48,7210090","2,4172370",94
202000028751,20,9,5,17:00,1,2,2,1,3,94022,M,"48,7700260","2,4181020",94
202000028752,20,9,5,17:00,1,2,1,1,7,94018,M,"48,8239160","2,4157250",94
202000028753,20,9,5,03:58,5,2,1,1,7,93055,M,"48,9017700","2,3901300",93
202000028754,20,9,5,19:25,1,2,1,1,6,93050,M,"48,8655600","2,5344900",93
202000028755,20,9,5,15:40,1,2,3,1,6,93031,M,"48,9508816","2,3398324",93
202000028756,20,9,5,14:55,1,2,1,1,5,93007,M,"48,9385026","2,4427633",93
202000028757,20,9,5,18:00,1,2,3,1,3,92049,M,"48,8128230","2,3015910",92
202000028758,20,9,5,20:20,5,2,2,1,3,92012,M,"48,8344800","2,2502400",92
202000028759,20,9,5,12:50,1,1,1,1,1,50117,M,"48,7339600"," -1,5307210",50
202000028760,20,9,5,18:09,1,1,1,1,6,12300,M,"44,3276170","2,0232980",12
202000028761,20,9,5,11:45,1,2,1,1,3,33334,M,"44,6877500"," -0,4169400",33
202000028762,20,9,6,12:50,1,1,2,1,3,18241,M,"47,3309650","2,8448640",18
202000028763,20,9,6,11:37,1,1,1,1,7,81209,M,"43,5175050","2,4254360",81
202000028764,20,9,6,19:20,3,2,1,1,6,97412,R," -21,3805110","55,6504190",974
202000028765,20,9,5,21:05,3,1,1,3,5,97405,R," -21,3641610","55,5404270",974
202000028766,20,9,6,05:30,2,1,1,1,7,97222,A,"14,6878110"," -60,9762450",972
202000028767,20,9,5,18:10,1,2,1,1,6,86006,M,"46,5606460","0,8597120",86
202000028768,20,9,6,09:15,1,1,1,1,6,83048,M,"43,1891690","6,6061900",83
202000028769,20,9,6,07:40,1,1,1,1,6,83019,M,"43,1720749","6,3319097",83
202000028770,20,9,5,21:15,5,2,4,1,3,85186,M,"46,8605950"," -1,2623760",85
202000028771,20,9,5,17:30,1,1,1,1,6,34036,M,"43,6678100","3,4304430",34
202000028772,20,9,6,15:00,1,1,1,1,7,57498,M,"49,3179470","6,0308930",57
202000028773,20,9,6,07:05,1,1,1,1,6,91617,M,"48,6417340","2,5213080",91
202000028774,20,9,3,12:20,1,2,3,1,3,56003,M,"47,6344240"," -2,8231835",56
202000028775,20,9,6,02:35,5,2,1,1,7,74288,M,"46,1063530","5,9644930",74
202000028776,20,9,6,10:00,1,1,1,1,6,80732,M,"49,8961650","1,7018880",80
202000028777,20,9,6,17:10,1,2,1,1,1,69006,M,"45,9835460","4,3406590",69
202000028778,20,9,5,20:50,3,2,1,1,6,71332,M,"46,6299145","4,9622571",71
202000028779,20,9,5,16:30,1,2,1,1,6,34119,M,"43,5934910","3,1141120",34
202000028780,20,9,6,11:00,1,1,1,1,6,68354,M,"48,0687310","7,2323510",68
202000028781,20,9,4,22:45,3,2,7,1,6,44063,M,"47,0712260"," -1,2422590",44
202000028782,20,9,4,19:00,1,2,2,1,6,44217,M,"47,3336680"," -1,6966150",44
202000028783,20,9,6,09:58,1,1,1,1,7,38457,M,"45,3118090","5,2652410",38
202000028784,20,9,6,17:45,1,1,1,1,6,38128,M,"44,8305220","5,9669120",38
202000028785,20,9,6,11:15,1,2,1,1,3,02541,M,"49,4324360","4,0304250",02
202000028786,20,9,6,12:50,1,2,2,1,3,03118,M,"46,0822222","3,1980888",03
202000028787,20,9,6,05:20,3,1,1,1,6,26069,M,"44,7952250","5,3829250",26
202000028788,20,9,6,14:25,1,1,3,1,3,26166,M,"44,7336110","4,8094960",26
202000028789,20,9,6,17:30,1,1,1,1,6,72158,M,"48,0588150","0,6381400",72
202000028790,20,8,17,06:50,1,1,1,1,1,83125,M,"43,5015790","5,9066330",83
202000028791,20,9,6,12:40,1,1,2,1,3,60560,M,"49,2233160","2,7396770",60
202000028792,20,9,5,17:45,1,1,1,1,1,73230,M,"45,2616286","6,1958407",73
202000028793,20,9,6,11:05,1,1,1,1,2,18001,M,"47,2908880","2,4511960",18
202000028794,20,9,6,20:30,2,1,1,1,6,16148,M,"45,8010120","0,0477650",16
202000028795,20,9,6,13:53,1,1,9,1,1,16046,M,"45,4863800","0,0341390",16
202000028796,20,9,5,19:00,1,1,1,1,7,21338,M,"47,5308388","4,8298497",21
202000028797,20,9,5,10:30,1,1,2,1,1,24007,M,"45,2802920","0,3007080",24
202000028798,20,9,5,21:45,3,1,1,1,6,17279,M,"45,4354120"," -0,5659680",17
202000028799,20,9,4,17:10,1,1,4,7,2,23179,M,"45,9681400","2,2330570",23
202000028800,20,9,6,18:20,1,1,3,1,3,87150,M,"45,6202990","1,1364580",87
202000028801,20,9,5,17:35,1,1,1,1,1,87140,M,"45,8853590","0,9790060",87
202000028802,20,8,5,15:15,1,1,1,1,7,48146,M,"44,3547340","3,4066410",48
202000028803,20,9,6,10:00,1,2,9,7,6,08142,M,"49,6947350","4,8746690",08
202000028804,20,9,6,09:55,1,1,1,1,6,18268,M,"46,8484740","2,4228820",18
202000028805,20,9,6,06:30,2,1,1,1,2,02290,M,"49,0548120","3,3203550",02
202000028806,20,9,5,09:20,1,1,1,1,6,11262,M,"43,1639330","2,9961350",11
202000028807,20,9,6,15:00,1,1,1,1,7,38530,M,"45,6215960","5,1824100",38
202000028808,20,9,5,13:50,1,1,1,1,2,13051,M,"43,5946280","5,1712560",13
202000028809,20,9,5,19:00,3,1,3,1,2,97115,A,"16,2675690"," -61,6495980",971
202000028810,20,9,6,05:15,5,2,1,1,6,39097,M,"46,7463860","5,9075810",39
202000028811,20,9,5,13:00,1,1,1,1,6,25047,M,"47,3423430","6,3806910",25
202000028812,20,9,6,18:30,1,2,1,1,1,57058,M,"49,1719340","6,9292930",57
202000028813,20,9,5,14:00,1,1,1,7,1,69245,M,"45,9422263","4,5396127",69
202000028814,20,8,5,21:53,2,1,1,1,2,17460,M,"45,7025290"," -0,7245930",17
202000028815,20,9,5,06:20,3,1,1,1,5,33056,M,"44,9333460"," -0,5612850",33
202000028816,20,9,5,18:35,1,1,9,1,2,27123,M,"49,0121290","1,3086350",27
202000028817,20,9,5,16:47,1,1,1,1,2,13210,M,"43,2837975","5,3831050",13
202000028818,20,9,4,08:17,1,1,1,2,4,13055,M,"43,2979095","5,4249914",13
202000028819,20,9,4,19:20,1,1,1,1,4,69115,M,"45,9694900","4,7285400",69
202000028820,20,9,4,11:37,1,1,1,1,4,67482,M,"48,5759385","7,7280886",67
202000028821,20,9,5,17:00,1,1,1,1,2,33162,M,"44,8733800"," -0,6383800",33
202000028822,20,9,5,15:45,1,1,1,1,4,93013,M,"48,9402400","2,4227700",93
202000028823,20,9,5,08:40,1,1,1,8,6,95394,M,"49,0516000","2,1823100",95
202000028824,20,9,5,04:45,3,1,1,1,6,95256,M,"49,0455500","2,1862700",95
202000028825,20,9,5,01:00,3,1,1,1,3,93007,M,"48,9554400","2,4585800",93
202000028826,20,9,4,19:00,1,1,1,1,4,93064,M,"48,8792500","2,4760400",93
202000028827,20,9,5,13:30,1,1,1,1,3,94069,M,"48,8173704","2,4286140",94
202000028828,20,9,4,13:45,1,1,1,1,5,94017,M,"48,8274000","2,5250000",94
202000028829,20,2,25,09:05,1,2,2,1,3,75112,M,"48,8480050","2,3991190",75
202000028830,20,2,25,12:31,1,2,7,1,3,75108,M,"48,8658670","2,3198960",75
202000028831,20,9,1,07:18,1,2,4,1,4,98818,C," -22,2491300","166,4513600",988
202000028832,20,8,31,16:05,1,2,4,1,1,97611,Y," -12,7566088","45,2293023",976
202000028833,20,9,4,06:20,5,2,1,2,3,97416,R," -21,3434300","55,4931200",974
202000028834,20,9,4,15:40,1,2,9,1,6,97411,R," -20,9176100","55,4757000",974
202000028835,20,9,4,08:05,1,2,3,1,5,97411,R," -20,9114000","55,5053000",974
202000028836,20,9,2,16:58,1,2,2,1,3,97411,R," -20,8863400","55,4698000",974
202000028837,20,9,2,14:28,1,2,2,1,6,97411,R," -20,8781400","55,4497300",974
202000028838,20,9,4,18:15,2,2,1,1,3,97407,R," -20,9377300","55,2910100",974
202000028839,20,9,4,07:30,1,2,2,1,3,97302,G,"4,9350841"," -52,2933018",973
202000028840,20,9,5,01:20,5,2,1,1,7,69199,M,"45,7094115","4,8521347",69
202000028841,20,9,3,09:05,1,2,1,1,4,69384,M,"45,7747000","4,8119300",69
202000028842,20,9,4,16:45,1,2,1,1,2,2B120,M,"42,6551000","9,4369100",2B
202000028843,20,9,4,06:45,1,1,1,1,3,97113,A,"16,2169000"," -61,4825000",971
202000028844,20,9,4,07:50,1,2,2,1,6,2A004,M,"41,9328575","8,7374380",2A
202000028845,20,9,4,17:30,1,2,1,1,-1,91477,M,"48,7078900","2,2405700",91
202000028846,20,9,4,14:00,1,2,1,1,7,91223,M,"48,4465240","2,1708050",91
202000028847,20,9,3,08:50,1,1,1,1,7,91223,M,"48,4089100","2,1257700",91
202000028848,20,9,4,12:22,1,2,2,1,3,87085,M,"45,8512800","1,1665500",87
202000028849,20,9,3,11:56,1,2,2,1,3,87085,M,"45,8211400","1,2629700",87
202000028850,20,9,3,08:27,1,2,1,1,2,87085,M,"45,8686600","1,2603000",87
202000028851,20,9,3,16:40,1,2,3,1,6,86041,M,"46,5942900","0,3807500",86
202000028852,20,9,3,08:30,1,1,1,1,-1,83126,M,"43,1124693","5,8834259",83
202000028853,20,9,4,19:00,1,2,1,1,2,83050,M,"43,5247900","6,5113100",83
202000028854,20,9,2,11:40,1,2,1,1,3,80021,M,"49,8760739","2,2822180",80
202000028855,20,4,7,17:15,1,1,1,1,7,97206,A,"14,4804030"," -60,9923490",972
202000028856,20,4,7,20:15,2,2,1,1,6,76331,M,"49,6154890","1,1051990",76
202000028857,20,4,6,21:50,3,1,1,1,6,28232,M,"48,5341680","0,9329960",28
202000028858,20,4,7,18:10,1,2,3,1,6,74264,M,"46,0573290","6,5519670",74
202000028859,20,4,8,13:10,1,1,1,1,2,27188,M,"49,2958820","1,1215930",27
202000028860,20,3,8,12:00,1,1,3,1,3,2B148,M,"42,5573950","9,5220990",2B
202000028861,20,4,7,22:10,5,2,1,1,6,14530,M,"49,2323340"," -0,2619790",14
202000028862,20,4,7,15:20,1,1,1,1,3,94073,M,"48,7567507","2,3838486",94
202000028863,20,1,2,18:40,5,2,1,1,3,49007,M,"47,4595588"," -0,5986476",49
202000028864,20,1,2,09:05,1,2,1,1,-1,49007,M,"47,4672200"," -0,5637800",49
202000028865,20,1,1,22:50,5,2,1,2,7,49007,M,"47,4686200"," -0,5312000",49
202000028866,20,1,3,18:15,3,1,1,2,3,35051,M,"48,1149000"," -1,5624000",35
202000028867,20,1,1,03:30,5,2,1,1,3,13209,M,"43,2732260","5,4007000",13
202000028868,20,1,27,18:40,5,2,2,1,3,86194,M,"46,5670135","0,3763314",86
202000028869,20,1,11,20:30,5,2,1,1,6,30011,M,"43,9586000","4,7680000",30
202000028870,20,1,20,16:30,2,2,1,1,6,78440,M,"48,9904270","1,9086420",78
202000028871,20,1,17,18:30,5,2,6,2,6,64284,M,"43,2863900"," -0,3895800",64
202000028872,20,1,11,14:30,5,2,1,1,6,64445,M,"43,2954500"," -0,3680700",64
202000028873,20,1,17,15:35,1,2,1,1,6,59350,M,"50,6256779","3,1037879",59
202000028874,20,1,31,13:35,1,2,1,1,7,51454,M,"49,2595882","4,0453207",51
202000028875,20,4,6,17:20,1,2,1,1,6,91589,M,"48,6723000","2,3400000",91
202000028876,20,4,1,12:12,1,2,1,1,2,91114,M,"48,6783640","2,4963070",91
202000028877,20,4,5,12:31,1,1,1,1,2,87085,M,"45,8639700","1,2748100",87
202000028878,20,4,5,13:40,1,1,6,1,6,87085,M,"45,8685568","1,2778848",87
202000028879,20,4,6,04:17,5,2,1,1,7,76681,M,"49,3975800","1,0831900",76
202000028880,20,4,6,22:00,5,2,1,1,6,64445,M,"43,3034000"," -0,3570100",64
202000028881,20,3,12,08:45,1,2,1,1,6,62427,M,"50,4198260","2,9452050",62
202000028882,20,4,6,07:00,2,1,1,1,7,45274,M,"47,8592000","1,9852000",45
202000028883,20,4,5,01:03,5,2,1,1,6,31555,M,"43,6069800","1,4725522",31
202000028884,20,4,4,21:49,5,2,1,1,6,31557,M,"43,5772907","1,3259426",31
202000028885,20,4,6,16:15,1,1,1,1,6,29232,M,"47,9793900"," -4,0710400",29
202000028886,20,4,6,13:15,1,2,6,1,3,13028,M,"43,1922400","5,6090000",13
202000028887,20,4,6,13:10,1,2,1,2,3,94022,M,"48,7635850","2,4027750",94
202000028888,20,4,2,03:35,5,2,1,1,6,93007,M,"48,9490100","2,4536700",93
202000028889,20,4,4,18:15,1,2,2,7,6,93005,M,"48,9402381","2,5021954",93
202000028890,20,4,4,12:30,1,2,2,1,3,92035,M,"48,9111900","2,2546590",92
202000028891,20,4,7,04:30,3,1,1,1,7,51072,M,"49,2050071","3,8959435",51
202000028892,20,4,6,10:40,1,2,1,1,2,25426,M,"47,3540160","6,7607220",25
202000028893,20,4,6,13:30,1,2,1,1,1,44116,M,"47,2841620"," -2,0357400",44
202000028894,20,4,6,15:45,1,2,1,1,6,35270,M,"48,5649578"," -1,5513862",35
202000028895,20,3,28,00:35,3,1,1,1,6,29214,M,"47,9502920"," -4,3539330",29
202000028896,20,4,7,08:15,1,1,1,1,7,06105,M,"43,6874100","7,0703190",06
202000028897,20,4,6,06:40,3,1,1,1,3,60191,M,"49,5455200","2,7038719",60
202000028898,20,4,6,20:30,1,1,1,1,6,64372,M,"43,3737590"," -0,0841680",64
202000028899,20,3,22,15:50,1,1,1,1,6,10262,M,"48,0503090","4,4392920",10
202000028900,20,4,7,07:00,1,1,1,1,6,07225,M,"45,2693866","4,6798324",07
202000028901,20,4,6,16:35,1,1,1,1,6,28280,M,"48,3124670","0,7824920",28
202000028902,20,4,6,13:50,1,1,1,1,2,68037,M,"47,9585190","7,3681350",68
202000028903,20,4,7,18:40,1,1,2,1,3,49041,M,"47,3165990","0,0890710",49
202000028904,20,4,6,08:51,1,1,1,3,7,49194,M,"47,4528570"," -0,2786170",49
202000028905,20,4,6,21:30,3,2,9,1,6,83068,M,"43,2688820","6,5306050",83
202000028906,20,4,7,18:25,1,1,1,1,6,03181,M,"46,3635845","3,6908269",03
202000028907,20,4,3,15:45,1,1,2,1,3,22161,M,"48,5724740"," -3,1351940",22
202000028908,20,4,6,16:05,1,1,1,2,6,92019,M,"48,7606800","2,2844200",92
202000028909,20,4,6,07:55,2,1,1,1,2,95678,M,"49,0731700","2,2340800",95
202000028910,20,4,5,16:35,1,2,1,1,6,69259,M,"45,6999000","4,8633000",69
202000028911,20,4,5,14:44,1,2,1,1,6,69286,M,"45,8174457","4,9012613",69
202000028912,20,4,5,15:55,1,2,8,1,3,69266,M,"45,7553094","4,8873724",69
202000028913,20,4,5,23:15,5,2,2,1,1,59299,M,"50,6635500","3,1908300",59
202000028914,20,4,4,21:00,1,2,2,1,3,44109,M,"47,2338560"," -1,5358900",44
202000028915,20,4,4,21:20,3,1,1,1,7,27562,M,"49,0814000","1,4450000",27
202000028916,20,4,5,10:30,1,2,1,1,6,13215,M,"43,3300390","5,3652970",13
202000028917,20,4,5,11:25,1,2,2,1,3,75114,M,"48,8289200","2,3311540",75
202000028918,20,4,5,08:18,1,2,7,1,3,75113,M,"48,8164490","2,3602900",75
202000028919,20,4,5,15:35,1,2,3,1,3,94078,M,"48,7373200","2,4548300",94
202000028920,20,4,5,20:25,2,2,2,1,3,94017,M,"48,8252961","2,5098816",94
202000028921,20,4,5,16:20,1,2,1,1,6,94011,M,"48,7688335","2,4795188",94
202000028922,20,4,5,20:00,1,2,2,1,3,93051,M,"48,8465832","2,5563134",93
202000028923,20,4,4,19:50,1,2,1,1,6,93010,M,"48,9109190","2,4797520",93
202000028924,20,4,5,19:00,1,1,9,1,6,47291,M,"44,4939900","0,7301100",47
202000028925,20,4,6,09:05,1,1,1,1,6,41252,M,"47,6878250","1,4252610",41
202000028926,20,4,6,01:45,3,2,1,1,6,62595,M,"50,7906400","2,1776100",62
202000028927,20,3,15,13:00,1,1,1,1,3,57530,M,"49,2121100","6,5216460",57
202000028928,20,4,5,16:30,1,2,1,1,6,80630,M,"49,7740410","1,9878070",80
202000028929,20,4,5,18:45,1,1,1,1,2,31303,M,"43,3659290","1,1974670",31
202000028930,20,4,6,14:45,1,1,1,1,6,14456,M,"49,1222040"," -0,1340760",14
202000028931,20,4,6,05:30,3,1,1,1,2,90034,M,"47,6512090","6,9142840",90
202000028932,20,4,6,11:25,1,2,3,8,1,60581,M,"49,5021760","2,4333480",60
202000028933,20,4,5,18:00,1,1,1,1,7,45033,M,"48,1471223","2,4047416",45
202000028934,20,4,6,18:45,1,1,1,1,6,36164,M,"46,5350120","1,9885250",36
202000028935,20,3,28,18:05,1,2,1,1,7,04134,M,"44,3408310","6,0276480",04
202000028936,20,4,5,18:10,1,2,4,1,6,27428,M,"49,1449270","0,9024130",27
202000028937,20,4,5,11:15,1,2,2,1,3,27051,M,"49,0783570","0,7819070",27
202000028938,20,4,5,05:30,1,1,3,1,6,98820,C," -20,6403150","166,5632060",988
202000028939,20,4,3,17:35,1,1,1,1,7,77309,M,"48,9996200","2,8084230",77
202000028940,20,4,4,16:30,1,1,1,1,6,06134,M,"43,7720540","6,7183760",06
202000028941,20,4,5,15:45,1,1,1,1,6,39210,M,"46,7527110","5,9333680",39
202000028942,20,4,5,20:25,2,2,2,1,3,21464,M,"47,1393961","4,9510039",21
202000028943,20,4,5,20:20,2,2,1,1,6,74063,M,"46,2750820","6,8374060",74
202000028944,20,4,4,22:00,3,1,1,1,7,42090,M,"45,7694600","4,3461850",42
202000028945,20,4,5,17:40,1,2,4,7,1,33341,M,"45,0765000"," -0,5034900",33
202000028946,20,3,31,16:10,1,1,9,1,3,60134,M,"49,3195392","2,4402538",60
202000028947,20,4,5,21:10,5,2,1,1,6,59263,M,"50,3135970","3,0973260",59
202000028948,20,2,24,21:30,5,1,1,1,2,69029,M,"45,7350000","4,9015000",69
202000028949,20,4,4,19:00,4,1,1,1,-1,97213,A,"14,6334800"," -61,0084100",972
202000028950,20,4,3,11:50,1,2,1,1,3,91174,M,"48,6208200","2,4669700",91
202000028951,20,4,4,11:10,1,2,1,1,6,65440,M,"43,2194780","0,0864180",65
202000028952,20,4,3,12:10,1,2,2,1,3,35281,M,"48,0911700"," -1,6967000",35
202000028953,20,3,20,16:20,1,2,2,1,3,11262,M,"43,1849300","2,9995400",11
202000028954,20,4,4,23:10,5,2,3,1,6,06083,M,"43,7745250","7,4963888",06
202000028955,20,4,4,19:50,5,2,1,1,3,75116,M,"48,8578070","2,2595460",75
202000028956,20,4,4,00:09,5,2,7,1,6,75116,M,"48,8698830","2,2853260",75
202000028957,20,4,4,11:23,1,2,2,1,3,75103,M,"48,8684190","2,3552740",75
202000028958,20,4,4,12:15,1,2,9,7,3,94038,M,"48,7820891","2,3425165",94
202000028959,20,4,4,19:15,1,2,5,1,3,93048,M,"48,8781000","2,4574000",93
202000028960,20,4,3,19:30,1,2,2,1,3,93032,M,"48,8769400","2,5492300",93
202000028961,20,4,4,17:30,1,2,1,1,1,92050,M,"48,9094755","2,2246210",92
202000028962,20,4,5,00:30,5,2,1,1,6,60176,M,"49,2360480","2,8878610",60
202000028963,20,4,4,10:35,1,2,3,1,7,71014,M,"46,9612145","4,3217761",71
202000028964,20,4,4,20:00,1,1,1,1,7,63415,M,"45,5737940","3,3785210",63
202000028965,20,4,4,22:25,3,1,1,1,6,61309,M,"48,3606900","0,6871980",61
202000028966,20,4,4,19:45,1,1,1,1,7,34339,M,"43,4030950","2,9624730",34
202000028967,20,4,5,02:30,3,1,6,1,6,35306,M,"48,5653660"," -1,9250760",35
202000028968,20,4,4,11:02,1,2,2,1,6,29212,M,"48,3835369"," -4,6161510",29
202000028969,20,4,5,12:10,1,1,6,1,3,60029,M,"49,3638460","1,9732050",60
202000028970,20,4,5,00:00,3,1,1,1,7,16109,M,"45,7705760"," -0,1695370",16
202000028971,20,4,5,09:37,1,1,1,1,6,16276,M,"45,4465230"," -0,1630350",16
202000028972,20,4,3,15:05,1,1,1,1,6,53005,M,"48,1823710"," -0,7641000",53
202000028973,20,4,4,09:15,1,1,1,1,7,24530,M,"45,3082510","0,6889520",24
202000028974,20,4,4,19:30,1,1,1,1,6,24156,M,"45,0777970","0,8671260",24
202000028975,20,3,4,08:24,1,1,1,1,2,51562,M,"49,2114960","4,0785620",51
202000028976,20,4,4,18:45,1,1,1,1,2,27091,M,"49,3623930","0,8548520",27
202000028977,20,4,5,10:30,3,1,1,8,6,98817,C," -22,2841720","166,6225150",988
202000028978,20,4,4,20:00,4,2,1,1,6,98817,C," -22,2495410","166,5727670",988
202000028979,20,4,5,11:25,1,2,3,1,3,07324,M,"45,0687410","4,8312890",07
202000028980,20,4,1,16:15,1,1,3,1,3,40182,M,"44,0838240"," -1,1179450",40
202000028981,20,4,3,14:40,1,1,1,1,2,92036,M,"48,9413700","2,2914000",92
202000028982,20,4,2,15:20,1,2,1,1,3,97411,R," -20,9005000","55,4667000",974
202000028983,20,4,3,21:10,5,2,1,1,2,69388,M,"45,7364666","4,8553796",69
202000028984,20,4,1,10:45,1,2,1,1,6,97107,A,"16,0535482"," -61,5616000",971
202000028985,20,4,3,06:15,5,2,2,1,3,95585,M,"48,9915428","2,3690917",95
202000028986,20,4,3,15:10,1,2,1,1,6,91377,M,"48,7331300","2,2713900",91
202000028987,20,4,3,14:30,1,2,9,1,3,91027,M,"48,7001220","2,3759910",91
202000028988,20,4,3,02:20,5,2,1,1,6,71153,M,"46,7934941","4,4130544",71
202000028989,20,4,2,16:00,1,2,1,1,3,64102,M,"43,4828000"," -1,4880000",64
202000028990,20,4,2,12:35,1,2,1,1,3,57672,M,"49,3652000","6,1519000",57
202000028991,20,3,31,19:00,1,2,1,1,7,49007,M,"47,4832000"," -0,5247900",49
202000028992,20,4,3,16:55,1,2,8,1,6,45147,M,"47,9420900","1,9202100",45
202000028993,20,4,3,04:36,5,2,1,1,3,44109,M,"47,2338500"," -1,5641600",44
202000028994,20,3,14,05:25,5,2,1,1,-1,41018,M,"47,5847600","1,3380200",41
202000028995,20,4,2,11:00,1,2,1,1,1,38053,M,"45,5892400","5,2761000",38
202000028996,20,4,3,23:15,5,2,1,1,6,34172,M,"43,6087600","3,8454700",34
202000028997,20,3,14,00:15,3,2,2,1,1,33167,M,"44,8448400"," -0,5107500",33
202000028998,20,4,3,12:15,1,2,1,1,7,17300,M,"46,1653100"," -1,1757900",17
202000028999,20,4,3,16:55,1,2,1,1,6,16015,M,"45,6489220","0,1751110",16
202000029000,20,4,2,15:40,1,1,6,1,3,13019,M,"43,4783080","5,3553190",13
202000029001,20,4,3,15:00,1,2,1,1,3,13209,M,"43,2454800","5,4116100",13
202000029002,20,4,2,15:53,1,2,9,1,3,13213,M,"43,3412000","5,4098000",13
202000029003,20,4,3,12:50,1,2,3,1,3,75118,M,"48,8887200","2,3318300",75
202000029004,20,4,3,16:15,1,2,2,1,3,75111,M,"48,8580580","2,3716720",75
202000029005,20,4,3,11:10,1,2,1,1,2,94022,M,"48,7698800","2,4137000",94
202000029006,20,2,26,18:15,2,1,1,4,7,25468,M,"47,3383390","6,2080590",25
202000029007,20,4,4,03:50,3,1,1,1,6,18246,M,"47,4277530","2,8037670",18
202000029008,20,4,3,19:00,1,2,1,1,6,01173,M,"46,3482090","6,0684340",01
202000029009,20,3,31,14:35,1,1,4,1,7,47188,M,"44,5738200","0,4552140",47
202000029010,20,4,3,20:10,1,2,1,1,6,14456,M,"49,1155050"," -0,1592960",14
202000029011,20,4,4,14:45,1,1,1,1,7,36058,M,"46,6074070","1,0255000",36
202000029012,20,3,27,16:15,1,1,1,1,7,38419,M,"44,8439000","5,6174000",38
202000029013,20,4,4,10:00,1,1,2,1,3,49021,M,"47,4170250"," -0,2039980",49
202000029014,20,4,3,20:30,2,1,1,1,6,30137,M,"44,2060810","3,9553250",30
202000029015,20,4,3,18:00,1,1,1,1,7,69134,M,"45,9292150","4,5941790",69
202000029016,20,1,24,09:30,1,1,1,1,7,13005,M,"43,3031010","5,5695300",13
202000029017,20,4,1,18:50,5,2,1,1,3,97302,G,"4,9362642"," -52,2963470",973
202000029018,20,4,2,04:30,5,2,1,1,6,77284,M,"48,9510940","2,9162940",77
202000029019,20,4,1,18:30,1,2,1,1,3,74305,M,"46,2007165","6,2713043",74
202000029020,20,4,2,19:45,1,2,9,1,-1,37261,M,"47,3608654","0,7033441",37
202000029021,20,4,1,17:30,1,2,1,8,3,13203,M,"43,3148700","5,3882400",13
202000029022,20,4,2,11:10,1,1,6,1,3,11069,M,"43,2357800","2,3634000",11
202000029023,20,4,1,12:05,1,2,2,1,3,75112,M,"48,8469070","2,4111680",75
202000029024,20,4,2,04:00,5,2,1,1,4,94078,M,"48,7240600","2,4448200",94
202000029025,20,4,2,20:30,5,2,1,1,3,92072,M,"48,8217400","2,2047900",92
202000029026,20,4,1,23:15,3,1,1,1,6,54164,M,"48,4129420","6,0404040",54
202000029027,20,2,12,08:20,1,1,1,1,1,33315,M,"45,0689620"," -0,0918490",33
202000029028,20,4,3,16:10,1,1,1,1,1,83073,M,"43,3751090","6,2983850",83
202000029029,20,4,1,18:00,1,1,1,1,6,82101,M,"44,0816570","0,9904420",82
202000029030,20,4,2,09:15,1,2,1,1,6,33028,M,"44,8058650"," -0,3263330",33
202000029031,20,4,2,16:45,1,1,1,1,1,38499,M,"44,9268000","5,7826600",38
202000029032,20,4,2,06:45,1,1,1,2,6,97304,G,"5,1506852"," -52,6980107",973
202000029033,20,4,2,15:00,1,1,9,1,7,78668,M,"49,0234590","1,5215760",78
202000029034,20,4,3,15:00,2,1,1,1,6,83151,M,"43,4367741","6,1603666",83
202000029035,20,4,1,18:30,1,1,1,1,6,67411,M,"48,4906018","7,4346895",67
202000029036,20,4,3,11:50,1,1,1,1,7,50409,M,"49,1691580"," -1,1535920",50
202000029037,20,4,2,05:45,3,1,1,1,6,14127,M,"48,9064300"," -0,9246430",14
202000029038,20,4,1,15:24,1,1,1,1,2,13055,M,"43,3301060","5,3972180",13
202000029039,20,4,2,06:30,2,1,1,1,2,69072,M,"45,8210138","4,7646815",69
202000029040,20,4,1,22:20,3,1,1,1,7,33162,M,"44,8667900"," -0,6512500",33
202000029041,20,4,2,09:00,1,1,1,1,2,78206,M,"48,9683300","1,9178900",78
202000029042,20,4,2,21:20,3,1,1,1,6,93066,M,"48,9309500","2,3693100",93
202000029043,20,4,1,18:30,4,1,1,1,3,97302,G,"4,9093123"," -52,3239112",973
202000029044,20,4,1,13:20,1,2,2,1,1,69259,M,"45,7061100","4,8777800",69
202000029045,20,3,31,05:15,5,2,6,1,7,97209,A,"14,6267000"," -61,0404000",972
202000029046,20,8,4,02:25,5,1,1,1,6,97213,A,"14,6166271"," -61,0172367",972
202000029047,20,8,3,11:15,1,1,1,1,2,97209,A,"14,6146100"," -61,0627100",972
202000029048,20,8,3,00:05,5,1,9,1,3,97113,A,"16,2073394"," -61,4566237",971
202000029049,20,8,3,20:50,1,2,9,1,3,95680,M,"49,0085371","2,3883015",95
202000029050,20,8,3,18:15,1,2,3,1,3,91457,M,"48,5830000","2,2600000",91
202000029051,20,8,3,10:35,1,2,1,1,-1,88424,M,"48,2709000","6,9727000",88