Num_Acc,an,mois,jour,hrmn,lum,agg,int,atm,col,com,gps,lat,long,dep
202000029052,20,8,2,20:49,1,1,1,1,6,87085,M,"45,8347200","1,2181500",87
202000029053,20,8,4,00:05,5,2,2,1,3,86194,M,"46,5821600","0,3679000",86
202000029054,20,8,2,19:55,1,2,1,1,6,80021,M,"49,8763700","2,3134200",80
202000029055,20,7,31,16:10,1,1,1,1,3,80021,M,"49,8869720","2,3160980",80
202000029056,20,7,31,14:23,1,2,1,1,6,80021,M,"49,8709800","2,3045300",80
202000029057,20,7,12,17:14,1,2,1,1,2,80001,M,"50,1085100","1,8397200",80
202000029058,20,8,5,22:50,5,2,2,1,3,78401,M,"49,0043220","1,9068430",78
202000029059,20,8,4,12:10,1,2,1,1,2,76498,M,"49,4225500","1,0533500",76
202000029060,20,8,1,05:25,5,2,2,1,6,76351,M,"49,4851900","0,1632600",76
202000029061,20,8,4,06:30,1,2,4,1,3,72181,M,"48,0039100","0,1718200",72
202000029062,20,8,4,17:26,1,2,2,1,3,69266,M,"45,7539450","4,9134466",69
202000029063,20,8,3,23:25,3,1,1,1,1,69275,M,"45,7817600","4,9481300",69
202000029064,20,8,4,12:05,1,2,1,1,3,64445,M,"43,3198890"," -0,3280780",64
202000029065,20,8,3,07:05,1,2,9,1,3,62457,M,"50,4535150","2,5332310",62
202000029066,20,7,30,17:40,1,2,1,1,7,62178,M,"50,4861100","2,5618200",62
202000029067,20,8,4,19:30,1,2,1,1,6,59512,M,"50,6998100","3,1827240",59
202000029068,20,8,4,08:55,1,2,9,7,6,59350,M,"50,6180404","3,0523398",59
202000029069,20,7,22,05:00,5,2,9,1,2,59368,M,"50,6503405","3,0801043",59
202000029070,20,7,19,01:25,5,1,6,1,3,59009,M,"50,6507000","3,1672000",59
202000029071,20,8,2,16:25,1,2,1,7,6,59178,M,"50,3639200","3,0846000",59
202000029072,20,8,2,08:00,1,2,1,1,1,59654,M,"50,3819700","3,1009800",59
202000029073,20,8,1,05:30,2,2,1,1,6,59486,M,"50,4348300","3,1446000",59
202000029074,20,8,3,17:00,1,2,3,1,3,56162,M,"47,7024900"," -3,4447600",56
202000029075,20,8,2,01:55,5,2,1,1,2,56094,M,"47,7632100"," -3,2971000",56
202000029076,20,8,1,18:40,1,2,3,1,5,56162,M,"47,7337100"," -3,4304700",56
202000029077,20,8,3,17:15,1,1,3,1,3,54371,M,"49,2043340","5,9462560",54
202000029078,20,8,4,15:50,1,2,1,1,2,51454,M,"49,2698078","4,0727800",51
202000029079,20,8,3,08:10,1,1,3,1,7,50602,M,"49,6270200"," -1,5490900",50
202000029080,20,8,4,16:55,1,2,3,1,1,46042,M,"44,4327320","1,4564090",46
202000029081,20,8,4,12:15,1,2,1,1,3,43157,M,"45,0472000","3,8927600",43
202000029082,20,8,4,15:00,1,2,1,1,1,41269,M,"47,7987430","1,0631180",41
202000029083,20,8,2,15:20,1,2,2,1,3,38169,M,"45,1891000","5,6972600",38
202000029084,20,8,4,14:15,1,2,6,1,2,35238,M,"48,1043900"," -1,6774100",35
202000029085,20,8,3,18:35,1,2,1,1,3,34336,M,"43,3235500","3,2628900",34
202000029086,20,8,4,13:50,1,1,1,1,3,34003,M,"43,2946200","3,5043800",34
202000029087,20,7,31,01:20,5,2,9,1,6,33063,M,"44,8486800"," -0,5704200",33
202000029088,20,8,3,15:00,1,2,1,1,-1,31555,M,"43,5983300","1,4567800",31
202000029089,20,8,4,15:07,1,1,6,1,3,30189,M,"43,8333000","4,4258000",30
202000029090,20,8,4,20:10,1,2,1,1,2,30007,M,"44,1457000","4,1011000",30
202000029091,20,7,27,09:10,1,2,1,1,6,22278,M,"48,5022200"," -2,7384800",22
202000029092,20,7,30,11:10,1,2,9,1,1,17461,M,"45,6442100"," -1,0532500",17
202000029093,20,8,3,20:05,1,2,6,1,3,17461,M,"45,6489200"," -1,0472500",17
202000029094,20,8,4,11:45,1,2,6,1,3,17028,M,"46,1348690"," -1,1204560",17
202000029095,20,8,3,18:24,1,1,1,1,2,17200,M,"46,1814721"," -1,1411780",17
202000029096,20,8,4,17:50,1,1,1,1,7,14243,M,"49,3997800","0,2175240",14
202000029097,20,8,4,16:40,1,2,1,1,3,14437,M,"49,1727000"," -0,3209600",14
202000029098,20,8,2,04:40,3,1,1,1,6,14327,M,"49,2106000"," -0,3446900",14
202000029099,20,8,4,07:00,1,2,1,1,3,13056,M,"43,4238100","5,0218200",13
202000029100,20,8,3,13:10,1,2,6,1,3,13214,M,"43,3294920","5,3881560",13
202000029101,20,8,3,11:05,1,2,9,1,3,13210,M,"43,2690000","5,4200000",13
202000029102,20,8,3,08:40,1,2,1,1,2,13206,M,"43,2891959","5,3840622",13
202000029103,20,8,4,23:10,5,2,1,1,3,13001,M,"43,5336100","5,4421000",13
202000029104,20,8,4,20:50,1,2,6,1,2,13001,M,"43,5111700","5,4422400",13
202000029105,20,8,3,14:35,1,2,1,1,4,11069,M,"43,2069900","2,3355400",11
202000029106,20,8,3,16:55,1,2,1,1,3,09207,M,"42,9349000","1,6335100",09
202000029107,20,8,2,06:16,2,2,1,1,2,02691,M,"49,8586500","3,2777800",02
202000029108,20,8,4,22:35,5,2,2,1,3,75105,M,"48,8491190","2,3466500",75
202000029109,20,8,4,14:25,1,2,7,1,3,75119,M,"48,8896350","2,3957480",75
202000029110,20,8,3,17:50,1,2,2,1,3,75117,M,"48,8808840","2,2975470",75
202000029111,20,8,4,10:50,1,2,7,1,6,75116,M,"48,8633730","2,2874940",75
202000029112,20,8,3,23:45,5,2,7,1,3,75116,M,"48,8586790","2,2846370",75
202000029113,20,8,4,13:53,1,2,1,1,3,75114,M,"48,8167740","2,3337130",75
202000029114,20,8,4,11:15,1,2,3,1,6,75113,M,"48,8283140","2,3566090",75
202000029115,20,8,3,09:00,1,2,5,1,3,75112,M,"48,8446710","2,4057360",75
202000029116,20,8,4,14:50,1,2,2,1,6,75110,M,"48,8800180","2,3671010",75
202000029117,20,8,4,13:30,1,2,7,1,3,75110,M,"48,8691210","2,3551670",75
202000029118,20,8,4,15:20,1,2,7,1,6,75108,M,"48,8643700","2,3203640",75
202000029119,20,8,4,09:40,1,2,1,1,6,75108,M,"48,8714840","2,3205440",75
202000029120,20,8,3,13:35,1,2,1,1,6,75108,M,"48,8704100","2,3056010",75
202000029121,20,8,3,12:57,1,2,5,1,3,75108,M,"48,8794790","2,3218520",75
202000029122,20,8,3,10:45,1,2,2,1,3,75107,M,"48,8571170","2,3042910",75
202000029123,20,8,4,15:30,1,2,3,1,3,75103,M,"48,8576050","2,3680590",75
202000029124,20,8,4,20:06,1,2,9,1,1,94073,M,"48,7462000","2,3728000",94
202000029125,20,8,4,14:45,1,2,1,1,6,94034,M,"48,7591000","2,3243000",94
202000029126,20,8,3,15:48,1,2,3,1,6,94060,M,"48,7913400","2,5778200",94
202000029127,20,8,4,08:50,1,2,1,1,3,94017,M,"48,8213750","2,4889400",94
202000029128,20,8,4,14:20,1,1,1,1,6,93073,M,"48,9897000","2,5614000",93
202000029129,20,8,4,08:44,1,2,2,1,1,93048,M,"48,8572917","2,4400801",93
202000029130,20,8,1,00:35,5,2,9,1,1,92078,M,"48,9316580","2,3313700",92
202000029131,20,8,2,20:15,2,2,1,1,7,92063,M,"48,8632150","2,1914077",92
202000029132,20,8,3,22:16,5,2,3,1,6,92051,M,"48,8875094","2,2785200",92
202000029133,20,8,3,17:00,1,2,2,1,3,92025,M,"48,9146200","2,2290540",92
202000029134,20,8,4,09:15,1,2,9,1,3,92025,M,"48,9262470","2,2473090",92
202000029135,20,7,31,15:30,1,2,9,1,2,92012,M,"48,8424884","2,2384965",92
202000029136,20,8,4,13:30,1,2,3,1,7,92004,M,"48,9233296","2,2853145",92
202000029137,20,8,5,15:20,1,1,1,1,2,49063,M,"47,3506360"," -0,7460190",49
202000029138,20,8,5,01:00,3,1,1,1,6,35356,M,"48,2504980"," -1,7525980",35
202000029139,20,8,5,02:40,3,1,1,1,6,35258,M,"48,3106940"," -1,8372920",35
202000029140,20,8,3,12:15,1,1,1,1,7,10417,M,"48,1982010","3,8233040",10
202000029141,20,8,4,14:00,1,1,3,1,3,97422,R," -21,2769980","55,5018940",974
202000029142,20,8,4,07:40,1,1,1,1,7,27177,M,"48,8710950","1,2536000",27
202000029143,20,8,5,20:05,1,2,3,1,6,60176,M,"49,2358480","2,8849870",60
202000029144,20,8,5,07:30,1,1,1,1,1,34270,M,"43,5559820","3,8483480",34
202000029145,20,8,4,17:35,1,1,2,1,3,74025,M,"46,2832280","6,3468250",74
202000029146,20,8,4,17:45,1,2,3,1,3,51229,M,"48,9717785","4,8352140",51
202000029147,20,8,4,23:00,3,1,1,1,1,56240,M,"47,5027210"," -2,7716660",56
202000029148,20,7,31,12:10,1,1,1,1,7,56135,M,"47,7167200"," -2,4376340",56
202000029149,20,8,5,12:40,1,1,1,1,6,79062,M,"46,8062580"," -0,6654880",79
202000029150,20,8,4,07:30,1,1,1,7,2,41135,M,"47,2954870","1,8971910",41
202000029151,20,8,4,23:10,3,1,1,1,6,81325,M,"43,5540070","2,1979520",81
202000029152,20,7,31,20:00,1,1,1,1,7,61426,M,"48,3463530","0,5304770",61
202000029153,20,8,4,20:35,1,1,1,1,6,61486,M,"48,7699120"," -0,7219270",61
202000029154,20,8,5,08:30,1,1,1,1,6,55387,M,"49,3456060","5,6509640",55
202000029155,20,8,5,10:40,1,2,6,1,3,42204,M,"45,4213920","4,0631600",42
202000029156,20,8,5,09:29,1,1,2,1,3,46010,M,"44,4199190","1,5626760",46
202000029157,20,8,5,12:10,1,2,3,1,5,47196,M,"44,3373130","0,3222840",47
202000029158,20,8,4,21:30,3,1,1,1,7,34147,M,"43,4758440","3,2073210",34
202000029159,20,8,2,10:00,1,1,1,1,1,34279,M,"43,5063790","3,1019850",34
202000029160,20,8,5,10:19,1,2,1,1,-1,25529,M,"47,3056920","6,5984200",25
202000029161,20,8,5,17:30,1,1,3,1,3,29292,M,"47,8893546"," -4,3412894",29
202000029162,20,8,5,17:50,1,1,2,1,3,03254,M,"46,3287258","3,2848507",03
202000029163,20,8,4,21:20,3,1,1,1,1,01068,M,"46,0776040","5,4602530",01
202000029164,20,8,4,10:45,1,1,3,1,3,26368,M,"44,7058610","5,2597050",26
202000029165,20,8,4,08:30,1,1,6,1,3,72381,M,"47,9385800","0,1115910",72
202000029166,20,8,5,14:05,1,1,2,1,3,60643,M,"49,5691470","2,5828170",60
202000029167,20,8,3,14:00,1,2,1,1,-1,64338,M,"43,3595640"," -0,1588510",64
202000029168,20,8,5,13:00,1,2,1,1,1,73128,M,"45,7286820","5,9318660",73
202000029169,20,8,5,18:50,1,2,1,1,3,16292,M,"46,0287260","0,1920030",16
202000029170,20,8,5,10:40,1,1,1,7,2,16213,M,"45,7365900","0,5258310",16
202000029171,20,7,31,10:30,1,2,1,1,6,07269,M,"44,9372690","4,3686430",07
202000029172,20,8,3,16:45,1,1,1,1,1,07005,M,"44,5456230","4,5726080",07
202000029173,20,8,4,18:20,1,2,1,7,6,53127,M,"48,4396850"," -0,5002260",53
202000029174,20,8,3,21:20,2,1,2,1,3,53109,M,"48,2917560"," -0,4907260",53
202000029175,20,8,4,15:20,1,1,3,1,3,21282,M,"47,4684192","4,2168513",21
202000029176,20,8,4,19:50,1,1,1,1,3,24355,M,"44,8131140","1,2112690",24
202000029177,20,8,4,10:20,1,2,6,1,3,85128,M,"46,4508020"," -1,1623780",85
202000029178,20,8,4,17:00,1,1,1,1,7,52187,M,"48,3605830","5,3177910",52
202000029179,20,7,31,18:30,1,2,1,1,2,97801,,"18,0891370"," -63,0660190",978
202000029180,20,8,5,20:15,3,2,1,1,6,98805,C," -22,2143250","166,4651980",988
202000029181,20,8,4,15:16,1,1,1,1,6,72165,M,"48,0706070","0,4351710",72
202000029182,20,8,5,06:10,2,1,3,1,1,41220,M,"47,7019640","1,5847720",41
202000029183,20,8,4,13:10,1,2,1,1,3,41136,M,"47,6992590","1,5041230",41
202000029184,20,7,3,17:50,1,1,2,1,3,66101,M,"42,6177177","2,7903382",66
202000029185,20,8,4,14:20,1,2,1,1,3,30155,M,"43,8299450","4,4595910",30
202000029186,20,8,4,22:15,3,1,1,1,6,05053,M,"44,3362540","5,7547600",05
202000029187,20,8,5,12:30,1,1,6,1,3,01160,M,"46,2453040","6,0948910",01
202000029188,20,8,1,08:15,1,1,3,1,7,32117,M,"43,6658930","0,5579420",32
202000029189,20,8,4,00:10,4,1,1,1,7,29120,M,"48,2667910"," -4,4667740",29
202000029190,20,8,4,09:45,1,1,1,1,3,22054,M,"48,6285120"," -2,4318410",22
202000029191,20,8,4,09:30,1,1,3,7,1,35031,M,"48,1749500"," -1,4098050",35
202000029192,20,8,5,09:15,1,2,3,1,1,80146,M,"50,1401160","1,5224030",80
202000029193,20,8,4,20:45,1,1,1,1,6,33448,M,"44,7205900"," -0,5223800",33
202000029194,20,8,3,23:02,4,1,1,1,5,91589,M,"48,6784000","2,3360000",91
202000029195,20,8,3,18:56,1,1,1,1,5,91161,M,"48,7014600","2,3088200",91
202000029196,20,7,31,18:35,1,1,1,1,3,92064,M,"48,8397154","2,2007579",92
202000029197,20,8,3,19:30,1,1,1,1,4,92078,M,"48,9291700","2,3297000",92
202000029198,20,8,4,07:30,1,1,1,1,3,94046,M,"48,8086140","2,4487946",94
202000029199,20,5,7,13:55,1,2,1,7,6,02738,M,"49,6524300","3,2868100",02
202000029200,20,2,18,19:30,5,2,6,2,6,02304,M,"49,6623620","3,3658220",02
202000029201,20,8,2,22:25,3,1,1,1,6,97416,R," -21,2741390","55,4718800",974
202000029202,20,8,3,22:00,3,2,1,1,3,97407,R," -20,9387300","55,2983500",974
202000029203,20,8,3,07:35,1,2,3,1,3,97302,G,"4,9199161"," -52,3195446",973
202000029204,20,8,3,23:10,5,2,1,1,7,69387,M,"45,7396600","4,8386100",69
202000029205,20,8,3,16:45,1,2,1,1,6,69259,M,"45,6991100","4,8878100",69
202000029206,20,7,31,15:40,1,2,9,1,3,69386,M,"45,7663100","4,8616900",69
202000029207,20,8,2,19:35,5,1,1,1,1,97213,A,"14,6150000"," -61,0360000",972
202000029208,20,8,1,21:00,5,2,9,1,3,97120,A,"16,2367800"," -61,5321700",971
202000029209,20,8,3,13:00,1,2,1,1,3,95585,M,"48,9778100","2,3699400",95
202000029210,20,8,3,22:55,5,2,2,1,3,91286,M,"48,6544200","2,3735000",91
202000029211,20,8,2,12:27,1,2,3,1,5,87085,M,"45,8858100","1,2666700",87
202000029212,20,7,31,09:40,1,2,3,1,3,83129,M,"43,0962000","5,8312000",83
202000029213,20,7,14,19:57,1,2,1,1,5,79081,M,"46,3564400"," -0,3882300",79
202000029214,20,8,1,12:40,1,2,1,1,1,78133,M,"48,9092000","2,0368000",78
202000029215,20,8,3,13:55,1,2,1,1,2,77407,M,"48,5294800","2,5453000",77
202000029216,20,7,6,00:10,3,1,1,1,2,77186,M,"48,3798840","2,7778830",77
202000029217,20,8,3,23:40,3,1,1,1,6,77070,M,"48,7982997","3,1236897",77
202000029218,20,8,1,12:00,1,1,1,1,7,76682,M,"49,3199634","1,1056633",76
202000029219,20,8,3,15:20,1,2,1,1,6,69091,M,"45,5826938","4,7433830",69
202000029220,20,8,3,13:45,1,2,1,1,7,64122,M,"43,4926000"," -1,5473400",64
202000029221,20,8,3,18:05,1,2,1,1,1,64024,M,"43,5161100"," -1,5015700",64
202000029222,20,8,3,16:15,1,2,1,1,1,64102,M,"43,4975300"," -1,4275000",64
202000029223,20,7,30,07:45,1,2,6,7,6,62764,M,"50,3011900","2,7865870",62
202000029224,20,8,1,18:45,1,2,1,1,3,49007,M,"47,4735200"," -0,5539900",49
202000029225,20,7,30,20:05,1,2,1,1,3,49246,M,"47,4378100"," -0,5283000",49
202000029226,20,7,31,15:37,1,1,1,1,3,47031,M,"44,1775461","0,6350857",47
202000029227,20,7,31,17:45,1,1,1,1,4,38382,M,"45,2195000","5,6739900",38
202000029228,20,8,3,18:30,1,2,2,1,3,37261,M,"47,3911909","0,6735659",37
202000029229,20,8,3,08:40,1,2,2,1,3,33063,M,"44,8323900"," -0,5751300",33
202000029230,20,8,1,11:10,1,2,1,1,4,31555,M,"43,6007528","1,4629921",31
202000029231,20,7,31,14:10,1,2,1,1,3,31555,M,"43,6059500","1,4280800",31
202000029232,20,8,2,01:15,5,2,3,1,3,30189,M,"43,8205000","4,3407000",30
202000029233,20,7,22,18:27,1,2,1,1,2,22278,M,"48,5122300"," -2,7537200",22
202000029234,20,7,13,09:05,1,2,1,1,6,22278,M,"48,5139700"," -2,7402600",22
202000029235,20,7,31,20:05,1,2,1,1,6,21390,M,"47,2803800","5,0214400",21
202000029236,20,8,2,19:50,1,2,2,1,1,17028,M,"46,1333300"," -1,1196000",17
202000029237,20,8,3,12:15,1,2,1,1,4,17300,M,"46,1564500"," -1,1274400",17
202000029238,20,11,4,18:10,5,2,1,1,6,81099,M,"43,9017270","1,9025530",81
202000029239,20,11,4,09:00,1,1,9,1,7,87156,M,"45,8437150","1,4077630",87
202000029240,20,11,5,18:20,3,1,2,1,3,76001,M,"49,5893100","0,6600380",76
202000029241,20,8,18,04:20,3,1,4,1,1,60141,M,"49,2032030","2,4691322",60
202000029242,20,11,4,15:15,1,1,1,1,-1,13202,M,"43,3137000","5,3677750",13
202000029243,20,10,27,08:50,2,1,1,1,6,59260,M,"51,0489710","2,5380360",59
202000029244,20,11,3,16:15,1,1,1,1,7,59343,M,"50,6005420","3,1184740",59
202000029245,20,11,4,05:00,5,1,1,1,3,91377,M,"48,7205000","2,2992000",91
202000029246,20,11,4,08:50,1,1,9,1,3,94073,M,"48,7853000","2,3888200",94
202000029247,20,10,30,17:00,1,2,1,1,2,97416,R," -21,3435800","55,4748400",974
202000029248,20,11,2,08:35,1,2,1,1,5,97416,R," -21,2849600","55,4609200",974
202000029249,20,11,3,18:50,3,1,1,1,5,97411,R," -20,8798500","55,4040300",974
202000029250,20,11,3,07:30,1,2,1,1,6,97411,R," -20,8938820","55,4929150",974
202000029251,20,11,3,18:05,5,2,5,1,3,69386,M,"45,7699100","4,8571100",69
202000029252,20,11,3,15:45,1,2,1,2,1,69259,M,"45,6993500","4,8832700",69
202000029253,20,11,3,12:30,1,2,3,2,7,69383,M,"45,7495738","4,8840957",69
202000029254,20,11,3,12:45,1,1,1,1,6,97209,A,"14,6212538"," -61,0389742",972
202000029255,20,11,1,22:25,5,2,1,2,6,97113,A,"16,2186500"," -61,5027700",971
202000029256,20,11,3,08:45,1,2,1,1,6,91687,M,"48,6662100","2,3759000",91
202000029257,20,10,28,08:25,1,2,1,1,6,83069,M,"43,0386310","6,1332350",83
202000029258,20,11,3,18:00,5,2,1,1,2,78502,M,"48,8789000","2,1086000",78
202000029259,20,10,31,14:30,1,2,1,1,6,77407,M,"48,5318300","2,5389900",77
202000029260,20,11,2,17:22,1,2,1,1,-1,76451,M,"49,4644900","1,0734400",76
202000029261,20,11,3,19:00,5,1,1,1,6,72181,M,"48,0158500","0,1518500",72
202000029262,20,11,3,11:40,1,2,2,2,3,69029,M,"45,7380500","4,9226800",69
202000029263,20,11,2,10:55,1,2,1,1,2,67482,M,"48,5626100","7,7003000",67
202000029264,20,11,3,16:40,1,2,1,2,3,64445,M,"43,3248500"," -0,3575400",64
202000029265,20,11,3,09:35,1,2,3,3,7,64102,M,"43,4958000"," -1,4912000",64
202000029266,20,10,31,17:58,1,2,1,1,-1,63113,M,"45,7873400","3,0630000",63
202000029267,20,10,29,10:55,1,2,2,1,-1,59431,M,"50,6977670","2,8561550",59
202000029268,20,11,1,23:25,5,2,1,9,6,57336,M,"49,1582800","6,7441200",57
202000029269,20,11,2,18:00,5,2,3,1,3,54431,M,"48,9292970","6,0379680",54
202000029270,20,11,2,17:15,1,2,1,1,4,54498,M,"48,7165330","6,2577130",54
202000029271,20,11,2,10:45,1,2,1,1,6,54395,M,"48,7030802","6,1544359",54
202000029272,20,10,30,10:50,1,2,1,2,2,49007,M,"47,4689900"," -0,5594900",49
202000029273,20,10,21,08:50,1,2,6,2,6,44184,M,"47,2676900"," -2,2535000",44
202000029274,20,11,2,18:15,5,2,3,1,3,41018,M,"47,5996200","1,3081300",41
202000029275,20,11,3,09:00,1,1,1,1,7,35051,M,"48,1517710"," -1,6044440",35
202000029276,20,11,3,08:30,1,2,1,1,2,35238,M,"48,1099502"," -1,6571342",35
202000029277,20,11,3,06:50,2,2,3,2,3,33075,M,"44,8749400"," -0,6051100",33
202000029278,20,11,3,07:20,5,1,1,1,2,31555,M,"43,5587500","1,4138200",31
202000029279,20,11,2,12:40,1,2,2,1,3,31555,M,"43,6159800","1,4145900",31
202000029280,20,11,3,16:45,1,2,1,1,6,29019,M,"48,3989664"," -4,4726801",29
202000029281,20,11,3,10:00,1,2,3,1,3,27701,M,"49,2714300","1,2060700",27
202000029282,20,10,22,15:30,1,2,1,1,2,22113,M,"48,7303610"," -3,4491945",22
202000029283,20,11,2,11:00,1,2,4,1,3,17306,M,"45,6249500"," -1,0233400",17
202000029284,20,11,2,09:00,1,2,1,1,2,17306,M,"45,6398130"," -1,0248680",17
202000029285,20,11,1,13:45,1,2,2,1,1,14167,M,"49,2022900"," -0,2961200",14
202000029286,20,11,2,19:50,5,2,6,2,2,10387,M,"48,2880100","4,0811600",10
202000029287,20,11,3,09:40,1,2,1,2,3,03190,M,"46,5699678","3,3293191",03
202000029288,20,11,2,09:25,1,2,4,1,6,75120,M,"48,8684920","2,4132270",75
202000029289,20,11,3,16:45,1,2,3,1,6,75120,M,"48,8623550","2,4063280",75
202000029290,20,11,2,16:10,1,2,3,2,3,75118,M,"48,8868310","2,3596380",75
202000029291,20,11,3,17:25,2,2,1,1,6,75115,M,"48,8472920","2,2847800",75
202000029292,20,11,3,11:55,1,2,2,1,6,75115,M,"48,8517820","2,2916840",75
202000029293,20,11,3,11:45,1,2,3,1,6,75114,M,"48,8291740","2,3206570",75
202000029294,20,11,3,21:30,5,2,3,1,3,75113,M,"48,8230120","2,3582540",75
202000029295,20,11,3,13:25,1,2,2,1,3,75113,M,"48,8222060","2,3585200",75
202000029296,20,11,3,09:00,1,2,1,1,2,75112,M,"48,8296400","2,4010760",75
202000029297,20,11,3,09:05,1,2,2,1,-1,75111,M,"48,8652930","2,3744900",75
202000029298,20,11,3,15:25,1,2,2,1,2,75107,M,"48,8572620","2,3099220",75
202000029299,20,11,3,16:50,2,2,1,1,5,94081,M,"48,7983300","2,3806600",94
202000029300,20,11,3,14:05,1,2,1,1,1,94078,M,"48,7261500","2,4504300",94
202000029301,20,11,3,10:15,1,2,3,1,6,94068,M,"48,7957839","2,5149733",94
202000029302,20,11,3,19:10,5,2,1,1,2,94046,M,"48,8156180","2,4409180",94
202000029303,20,11,3,07:00,2,2,9,1,7,94028,M,"48,7842420","2,4345460",94
202000029304,20,11,2,17:40,5,2,3,1,3,94028,M,"48,7725400","2,4399600",94
202000029305,20,11,2,21:10,5,2,9,1,3,93053,M,"48,8946880","2,4564456",93
202000029306,20,11,2,23:15,5,2,1,1,2,93010,M,"48,8947890","2,4705514",93
202000029307,20,11,2,07:15,2,2,2,1,3,92048,M,"48,8123489","2,2149226",92
202000029308,20,11,3,12:15,1,2,1,1,7,92048,M,"48,8077143","2,2369355",92
202000029309,20,11,3,17:20,5,2,1,1,3,92040,M,"48,8299100","2,2773300",92
202000029310,20,11,3,14:40,1,2,2,1,3,92040,M,"48,8166000","2,2750200",92
202000029311,20,11,2,06:30,3,1,1,1,1,68310,M,"48,1364520","7,3218510",68
202000029312,20,11,4,15:40,1,2,3,1,6,97422,R," -21,2820370","55,5142220",974
202000029313,20,11,4,11:50,1,2,1,1,2,83070,M,"43,1362560","6,3583480",83
202000029314,20,11,4,07:50,1,2,7,1,6,79195,M,"46,9550120"," -0,5917110",79
202000029315,20,10,23,16:15,1,1,6,2,7,79079,M,"46,9051210"," -0,6856320",79
202000029316,20,11,3,18:20,5,2,1,1,3,71263,M,"46,6249870","5,2390520",71
202000029317,20,11,4,07:15,1,2,1,1,7,71367,M,"46,6452406","5,3038848",71
202000029318,20,11,3,02:30,3,1,1,1,1,49140,M,"47,1757410","0,0258140",49
202000029319,20,10,7,03:20,3,1,1,1,6,39325,M,"46,8861840","5,8038710",39
202000029320,20,11,3,14:30,1,1,1,1,6,29165,M,"47,8375740"," -4,2268500",29
202000029321,20,11,3,16:00,1,1,1,1,7,06073,M,"44,1904820","7,0319150",06
202000029322,20,11,4,16:35,1,2,1,2,2,97309,G,"4,9120760"," -52,2723990",973
202000029323,20,10,31,08:50,1,1,1,1,6,98823,C," -21,1662140","165,5043880",988
202000029324,20,11,1,17:20,1,1,1,1,1,98817,C," -22,2555930","166,5613500",988
202000029325,20,11,3,12:20,1,1,1,1,7,34052,M,"43,3231793","3,0619354",34
202000029326,20,10,29,20:24,3,1,1,2,1,25469,M,"47,4966250","6,7375910",25
202000029327,20,11,3,11:45,1,2,8,1,6,89030,M,"47,6681760","3,6763329",89
202000029328,20,11,3,18:40,2,2,1,1,6,33238,M,"44,7279200"," -0,5982450",33
202000029329,20,11,4,13:00,1,2,1,1,1,35244,M,"48,3758540"," -1,4974080",35
202000029330,20,10,30,16:00,1,2,2,1,3,59387,M,"50,2868010","3,2635110",59
202000029331,20,11,3,21:20,3,1,9,9,6,59523,M,"50,5763900","3,1747480",59
202000029332,20,11,2,17:00,5,1,1,1,6,13206,M,"43,2705300","5,4213300",13
202000029333,20,10,29,18:00,3,1,1,1,2,69278,M,"45,9069400","4,8379200",69
202000029334,20,10,31,23:20,3,1,1,1,6,59009,M,"50,6382140","3,1427460",59
202000029335,20,11,3,17:50,3,1,1,1,4,91216,M,"48,6865000","2,3264700",91
202000029336,20,11,3,12:49,1,1,1,1,3,94038,M,"48,7770900","2,3463200",94
202000029337,20,11,3,18:20,5,1,1,1,4,93078,M,"48,9616600","2,5451800",93
202000029338,20,11,2,16:45,2,1,1,3,6,95365,M,"49,0657240","2,4063400",95
202000029339,20,11,3,16:00,1,1,1,1,4,77514,M,"48,9486702","2,6287130",77
202000029340,20,11,3,07:00,2,1,1,1,2,94018,M,"48,8245300","2,3939200",94
202000029341,20,8,31,10:25,1,2,1,1,3,71486,M,"46,6437130","4,3334759",71
202000029342,20,9,3,15:30,1,2,9,1,6,27681,M,"49,0957100","1,4642100",27
202000029343,20,5,27,22:45,5,2,2,1,3,75116,M,"48,8637640","2,2906930",75
202000029344,20,11,2,09:15,1,1,9,1,6,97416,R," -21,3188100","55,4726300",974
202000029345,20,11,1,16:30,1,2,1,1,7,97416,R," -21,2779500","55,4676100",974
202000029346,20,11,2,12:10,1,2,1,1,3,69259,M,"45,7128500","4,8763400",69
202000029347,20,11,2,06:35,5,2,1,1,7,69276,M,"45,6747100","4,8486400",69
202000029348,20,11,2,17:00,1,2,6,1,3,2B033,M,"42,6711300","9,4423800",2B
202000029349,20,11,2,17:50,5,2,2,2,1,95051,M,"49,0089660","2,1988740",95
202000029350,20,10,29,18:25,5,2,1,2,6,80021,M,"49,9009400","2,2987500",80
202000029351,20,10,31,02:40,5,2,1,1,7,76341,M,"49,5137747","0,1997570",76
202000029352,20,11,1,02:15,5,1,1,2,6,76351,M,"49,4974291","0,1832129",76
202000029353,20,11,1,12:40,1,2,1,1,6,71040,M,"46,6993638","4,3928463",71
202000029354,20,10,18,18:30,2,2,2,1,-1,68066,M,"48,0826800","7,3517900",68
202000029355,20,10,31,15:00,1,2,1,1,5,67482,M,"48,5478000","7,7581300",67
202000029356,20,11,2,15:25,1,2,1,1,3,59378,M,"50,6671100","3,0755900",59
202000029357,20,11,2,12:25,1,2,6,2,-1,59328,M,"50,6563300","3,0341600",59
202000029358,20,10,29,13:50,1,1,1,1,2,56036,M,"47,7748300"," -3,3670500",56