Num_Acc,an,mois,jour,hrmn,lum,agg,int,atm,col,com,gps,lat,long,dep
202000029359,20,11,1,11:15,1,2,6,1,3,54274,M,"48,6681800","6,2085700",54
202000029360,20,11,2,07:03,5,2,1,1,7,54159,M,"48,6178600","6,3523000",54
202000029361,20,10,31,05:40,5,2,6,1,6,50129,M,"49,6446900"," -1,5996400",50
202000029362,20,9,30,20:42,5,2,1,1,7,49015,M,"47,4877800"," -0,5868300",49
202000029363,20,10,27,13:58,1,2,3,1,3,47032,M,"44,1873660","0,6637580",47
202000029364,20,10,31,20:30,5,2,1,1,6,37208,M,"47,3650268","0,7161605",37
202000029365,20,11,2,09:22,1,2,2,1,-1,37261,M,"47,3853842","0,7016074",37
202000029366,20,10,31,18:10,5,2,1,2,2,37261,M,"47,4170598","0,6906633",37
202000029367,20,11,1,13:43,1,2,1,2,7,37261,M,"47,3626249","0,6960229",37
202000029368,20,11,1,12:40,1,2,1,1,2,37261,M,"47,3757916","0,7215537",37
202000029369,20,11,2,08:05,1,1,1,2,4,35238,M,"48,0882300"," -1,6340100",35
202000029370,20,11,2,12:25,1,2,2,1,3,33318,M,"44,8035400"," -0,6621700",33
202000029371,20,10,30,19:10,4,2,1,1,1,31555,M,"43,5797500","1,4120400",31
202000029372,20,11,2,17:17,2,2,3,8,1,27701,M,"49,2459000","1,1739000",27
202000029373,20,11,2,07:35,2,2,1,2,3,26198,M,"44,5543600","4,7387900",26
202000029374,20,10,29,22:50,3,1,1,1,2,22106,M,"48,4966700"," -2,7241300",22
202000029375,20,11,2,15:20,1,2,1,2,6,17306,M,"45,6239200"," -1,0353900",17
202000029376,20,10,27,07:20,1,1,1,1,2,13108,M,"43,7716200","4,6890100",13
202000029377,20,11,2,13:50,1,2,3,1,1,13209,M,"43,2680540","5,4183700",13
202000029378,20,11,2,10:45,1,2,1,1,3,13203,M,"43,3077720","5,3797830",13
202000029379,20,11,2,00:35,5,2,1,1,7,13211,M,"43,2832400","5,4965700",13
202000029380,20,10,30,05:15,3,1,1,1,7,13047,M,"43,5650700","4,9753900",13
202000029381,20,11,1,07:15,2,1,1,1,7,13001,M,"43,4966400","5,3774600",13
202000029382,20,11,1,14:23,1,2,1,1,6,06027,M,"43,6644000","7,1476000",06
202000029383,20,10,29,16:30,1,2,2,1,3,04070,M,"44,0929400","6,2319300",04
202000029384,20,11,2,00:55,5,2,4,1,6,75117,M,"48,8829940","2,2836200",75
202000029385,20,11,2,16:55,3,2,3,2,6,75118,M,"48,8852540","2,3495180",75
202000029386,20,11,2,09:15,1,2,2,1,2,75118,M,"48,8977250","2,3375050",75
202000029387,20,11,1,13:05,1,2,7,1,2,75116,M,"48,8374930","2,2568030",75
202000029388,20,11,2,08:30,1,2,3,8,6,75111,M,"48,8533040","2,3787270",75
202000029389,20,11,2,17:35,2,2,2,1,3,75107,M,"48,8542710","2,3054490",75
202000029390,20,11,2,09:30,1,2,3,1,3,75107,M,"48,8482960","2,3157650",75
202000029391,20,11,2,12:15,1,2,2,1,6,94078,M,"48,7313200","2,4588900",94
202000029392,20,11,1,22:00,5,2,3,2,3,94046,M,"48,8053800","2,4415700",94
202000029393,20,11,2,20:20,5,2,1,1,4,94043,M,"48,8127500","2,3613700",94
202000029394,20,11,2,17:50,5,2,1,1,6,94037,M,"48,8100730","2,3497030",94
202000029395,20,11,2,18:30,5,2,1,8,3,94028,M,"48,7906700","2,4627500",94
202000029396,20,11,2,08:05,1,2,1,1,3,94017,M,"48,8129600","2,5133000",94
202000029397,20,11,2,13:00,1,2,1,1,2,94078,M,"48,7398440","2,4466020",94
202000029398,20,11,2,10:00,1,2,9,1,2,93078,M,"48,9668200","2,5520900",93
202000029399,20,11,2,09:50,1,2,1,1,6,93005,M,"48,9399107","2,5056889",93
202000029400,20,11,2,08:54,1,2,3,1,6,92044,M,"48,8932000","2,2854000",92
202000029401,20,11,3,16:30,2,1,1,1,1,35180,M,"48,3021910"," -1,9273770",35
202000029402,20,11,3,07:05,5,2,1,1,6,22237,M,"48,5307270"," -2,2671530",22
202000029403,20,11,1,21:55,3,1,1,1,7,37264,M,"47,3277554","0,4726719",37
202000029404,20,9,4,00:00,3,1,1,2,6,59485,M,"50,1553390","3,4251640",59
202000029405,20,11,2,18:00,3,1,1,1,2,67121,M,"48,1659240","7,5025620",67
202000029406,20,11,3,12:00,1,1,1,1,1,79103,M,"46,7654120"," -0,5680270",79
202000029407,20,11,2,17:15,2,1,3,2,3,89209,M,"48,1641935","2,9437749",89
202000029408,20,10,31,15:50,1,1,1,1,6,46145,M,"44,9068940","1,4860730",46
202000029409,20,11,2,19:10,3,1,6,1,6,46176,M,"44,6567940","1,8521620",46
202000029410,20,11,2,16:45,1,2,6,1,3,22152,M,"48,7760934"," -3,2472699",22
202000029411,20,11,2,21:10,3,1,1,1,7,22238,M,"48,5908730"," -3,5660990",22
202000029412,20,11,3,12:15,1,2,3,1,2,44211,M,"47,3519080"," -2,5079140",44
202000029413,20,11,2,12:49,1,1,3,1,3,29279,M,"48,5762840"," -3,9186900",29
202000029414,20,11,1,09:00,1,1,1,1,6,31397,M,"43,3491633","0,7172251",31
202000029415,20,11,2,20:50,3,1,1,2,6,45146,M,"47,6969100","1,9514680",45
202000029416,20,10,29,18:15,3,1,1,1,1,45193,M,"47,8105610","2,0509240",45
202000029417,20,10,31,09:30,1,2,3,1,6,64417,M,"43,1796710"," -0,2616070",64
202000029418,20,1,30,16:55,1,2,1,1,6,36088,M,"46,9504970","1,9946300",36
202000029419,20,11,2,12:40,1,2,1,1,3,98738,P," -17,6218800"," -149,6136460",987
202000029420,20,10,31,17:20,2,1,6,1,6,35131,M,"48,1290010"," -1,8280760",35
202000029421,20,11,2,15:30,1,2,1,1,2,97121,A,"16,1954090"," -61,7817230",971
202000029422,20,11,2,17:00,1,2,1,1,6,78562,M,"48,7193280","1,7638690",78
202000029423,20,11,1,14:00,1,1,1,1,1,84012,M,"44,1403030","5,0468020",84
202000029424,20,11,3,07:50,2,1,1,1,6,89399,M,"48,2591130","3,3261540",89
202000029425,20,11,2,20:15,3,1,1,2,3,54090,M,"48,7495254","6,1609590",54
202000029426,20,10,28,15:40,1,1,1,2,7,42168,M,"45,4376780","4,6454790",42
202000029427,20,10,23,10:10,1,2,1,2,6,01249,M,"45,8252480","4,9539330",01
202000029428,20,11,3,15:18,1,1,1,2,1,01211,M,"46,1292330","5,1915120",01
202000029429,20,10,9,16:00,1,2,1,1,6,59178,M,"50,3974000","3,1034000",59
202000029430,20,6,4,12:45,1,2,1,1,1,01451,M,"46,2287520","5,2033480",01
202000029431,20,6,3,20:10,1,2,1,1,4,75118,M,"48,9009840","2,3480380",75
202000029432,20,6,3,13:45,1,2,1,1,3,75114,M,"48,8198080","2,3270240",75
202000029433,20,6,3,18:18,1,2,4,1,2,75113,M,"48,8186400","2,3706570",75
202000029434,20,6,1,18:25,1,2,1,1,6,75105,M,"48,8483330","2,3545920",75
202000029435,20,6,4,13:10,1,2,1,1,6,75120,M,"48,8723510","2,3778490",75
202000029436,20,6,4,16:40,1,2,3,8,6,75118,M,"48,8902500","2,3583190",75
202000029437,20,6,4,10:05,1,2,3,2,6,75117,M,"48,8929860","2,3160560",75
202000029438,20,6,4,09:45,1,2,7,2,2,75116,M,"48,8732070","2,2951100",75
202000029439,20,6,3,23:30,5,2,7,3,6,75108,M,"48,8753400","2,3248390",75
202000029440,20,6,4,12:00,1,2,1,2,2,75114,M,"48,8275690","2,3342550",75
202000029441,20,6,4,13:20,1,2,1,8,3,75112,M,"48,8465800","2,4156800",75
202000029442,20,6,4,09:10,1,2,2,2,3,75110,M,"48,8797230","2,3586820",75
202000029443,20,6,3,23:14,5,2,7,2,7,75107,M,"48,8505547","2,3145264",75
202000029444,20,6,4,14:05,1,2,4,1,6,75102,M,"48,8697150","2,3519440",75
202000029445,20,6,2,13:30,1,2,3,1,3,75104,M,"48,8511750","2,3624200",75
202000029446,20,6,3,20:28,1,2,1,1,2,94078,M,"48,7279600","2,4457500",94
202000029447,20,6,2,19:30,1,2,3,1,3,94041,M,"48,8120700","2,3712700",94
202000029448,20,6,4,17:30,1,2,1,2,6,94028,M,"48,8008000","2,4505000",94
202000029449,20,6,4,08:45,1,2,1,3,7,94060,M,"48,7819000","2,5705000",94
202000029450,20,10,1,08:00,5,1,1,2,2,93008,M,"48,9635000","2,5216000",93
202000029451,20,6,3,23:30,5,2,3,2,3,93071,M,"48,9276387","2,5194093",93
202000029452,20,10,1,10:15,1,1,1,2,3,92036,M,"48,9396300","2,2945200",92
202000029453,20,6,4,12:35,1,2,2,2,3,93077,M,"48,8847100","2,5115600",93
202000029454,20,10,1,08:40,1,1,1,2,3,93066,M,"48,9293200","2,3609800",93
202000029455,20,10,2,16:30,1,1,9,2,3,94073,M,"48,7702510","2,3831200",94
202000029456,20,6,4,12:30,1,2,2,2,3,93027,M,"48,9179639","2,4076631",93
202000029457,20,2,25,18:00,2,2,1,1,2,52121,M,"48,1026600","5,1346200",52
202000029458,20,6,11,14:05,1,2,1,8,6,05061,M,"44,5693500","6,0822400",05
202000029459,20,6,4,19:15,1,2,3,2,3,93047,M,"48,8967960","2,5637270",93
202000029460,20,1,1,20:15,5,2,3,2,2,93031,M,"48,9539300","2,3108500",93
202000029461,20,6,4,20:10,1,2,1,1,4,93010,M,"48,9059086","2,4795328",93
202000029462,20,9,30,17:40,1,2,1,1,3,97416,R," -21,2790200","55,5001800",974
202000029463,20,6,4,10:05,1,1,1,2,4,93005,M,"48,9547500","2,5101000",93
202000029464,20,10,1,18:55,5,2,1,1,3,97302,G,"4,9145447"," -52,3098725",973
202000029465,20,6,5,20:30,1,2,1,1,7,22056,M,"48,3835610"," -1,9811330",22
202000029466,20,10,1,13:10,1,2,6,7,6,97302,G,"4,9331494"," -52,3095560",973
202000029467,20,6,3,11:07,1,1,3,1,3,49244,M,"47,3625740"," -0,9744470",49
202000029468,20,6,4,11:35,1,1,1,8,6,47225,M,"44,1550630","0,5511888",47
202000029469,20,10,1,22:00,5,2,3,1,3,69383,M,"45,7463800","4,8857900",69
202000029470,20,6,5,17:00,1,1,1,1,5,62008,M,"50,7179820","2,1032380",62
202000029471,20,10,1,11:05,1,2,2,3,3,69386,M,"45,7702632","4,8607754",69
202000029472,20,5,26,02:30,5,2,1,1,6,33287,M,"44,5669800","0,0349300",33
202000029473,20,10,1,07:45,1,2,1,1,2,69259,M,"45,7162900","4,8635100",69
202000029474,20,6,3,14:27,1,1,1,3,3,21599,M,"47,6014030","5,2012320",21
202000029475,20,10,1,00:25,5,2,8,1,3,69387,M,"45,7315200","4,8241600",69
202000029476,20,6,5,18:40,1,2,1,1,6,83036,M,"43,1850490","6,5450780",83
202000029477,20,6,4,20:25,1,1,1,2,6,19151,M,"45,1060000","1,5163550",19
202000029478,20,9,30,15:25,1,1,1,2,4,97209,A,"14,6145500"," -61,0496900",972
202000029479,20,9,30,11:44,1,1,1,1,6,97209,A,"14,6185300"," -61,0402600",972
202000029480,20,9,30,08:45,1,2,1,1,6,69389,M,"45,7695200","4,7999000",69
202000029481,20,6,4,23:40,5,2,1,1,7,97415,R," -20,9800730","55,3225890",974
202000029482,20,10,1,12:55,1,2,1,1,2,91377,M,"48,7279000","2,2799000",91
202000029483,20,6,4,17:25,1,2,1,2,3,19028,M,"45,3915249","2,4960964",19
202000029484,20,6,4,12:20,1,1,1,1,2,59663,M,"50,9077040","2,4539520",59
202000029485,20,10,1,08:25,1,2,1,2,5,91027,M,"48,6990400","2,3718400",91
202000029486,20,6,5,09:45,1,1,1,2,1,74011,M,"45,9181390","6,1867140",74
202000029487,20,9,22,09:40,1,2,1,1,3,89387,M,"48,2045100","3,2727000",89
202000029488,20,9,24,12:55,1,2,1,1,2,86194,M,"46,6019940","0,3151170",86
202000029489,20,6,4,19:15,1,1,1,8,7,79062,M,"46,8427280"," -0,6750580",79
202000029490,20,9,25,14:00,1,2,8,1,3,83137,M,"43,1227430","5,9755650",83
202000029491,20,6,4,13:45,1,1,4,1,1,12099,M,"43,7990600","2,9388070",12
202000029492,20,9,24,18:00,1,2,1,8,6,83126,M,"43,0906300","5,8812100",83
202000029493,20,9,28,21:56,5,2,2,1,3,78646,M,"48,7996800","2,1244600",78
202000029494,20,5,29,08:40,1,2,1,1,6,68059,M,"47,7230380","7,1547010",68
202000029495,20,9,25,13:46,1,2,1,2,3,78646,M,"48,8089500","2,1501900",78
202000029496,20,6,3,15:40,1,2,3,1,3,22222,M,"48,6877360"," -2,9310830",22
202000029497,20,10,1,22:00,3,2,1,1,1,78440,M,"48,9731790","1,9105380",78
202000029498,20,6,2,17:25,1,1,3,1,3,38034,M,"45,3465770","5,0640960",38
202000029499,20,9,25,18:14,1,2,2,1,3,77288,M,"48,5488500","2,6549700",77
202000029500,20,6,4,23:30,3,1,1,2,6,38181,M,"45,3462340","5,9836330",38
202000029501,20,6,4,19:30,2,1,1,2,1,01204,M,"46,1635520","5,6996300",01
202000029502,20,9,30,20:25,5,2,2,2,2,76351,M,"49,4932000","0,1007800",76
202000029503,20,6,3,12:00,1,1,2,1,3,01321,M,"46,1609840","5,3455000",01
202000029504,20,9,25,11:50,1,1,1,1,4,73065,M,"45,5757300","5,9270400",73
202000029505,20,10,1,15:00,1,2,6,8,-1,69264,M,"45,9961100","4,7252900",69
202000029506,20,5,19,03:10,3,1,1,1,3,58088,M,"47,0236260","3,2120420",58
202000029507,20,6,4,17:23,1,1,3,1,7,50405,M,"49,2800890"," -1,4218070",50
202000029508,20,9,26,10:30,1,2,1,2,-1,69264,M,"45,9949600","4,7191100",69
202000029509,20,10,1,06:20,3,1,1,1,1,67218,M,"48,5320900","7,7066100",67
202000029510,20,6,4,16:30,1,1,1,2,3,73010,M,"45,7387770","5,9687520",73
202000029511,20,10,1,17:20,1,2,6,1,3,64445,M,"43,3080010"," -0,3393190",64
202000029512,20,10,1,00:35,5,2,1,1,6,64024,M,"43,4648964"," -1,5297389",64
202000029513,20,6,5,11:49,1,1,2,2,2,18061,M,"47,1417120","2,8005640",18
202000029514,20,9,30,14:30,1,2,3,1,3,64102,M,"43,4938000"," -1,4938000",64
202000029515,20,6,4,15:00,1,2,4,8,3,10162,M,"48,2157660","4,2123400",10
202000029516,20,9,24,15:50,1,2,6,1,2,63032,M,"45,7484800","3,0943500",63
202000029517,20,6,1,10:00,1,1,1,1,6,07011,M,"44,7153840","4,3605320",07
202000029518,20,9,30,16:25,1,2,5,8,3,62193,M,"50,9400800","1,8707700",62
202000029519,20,5,28,20:00,1,1,1,1,7,21591,M,"47,4313100","5,0341440",21
202000029520,20,6,5,12:35,1,1,1,2,6,40231,M,"43,5620500"," -1,1658170",40
202000029521,20,10,1,07:45,2,2,3,2,3,61001,M,"48,4335200","0,0981500",61
202000029522,20,6,4,13:40,1,1,1,1,1,24311,M,"45,5438700","0,6515410",24
202000029523,20,9,29,12:15,1,1,1,2,1,59437,M,"50,5745700","3,0282400",59
202000029524,20,9,29,06:55,5,2,1,2,6,59329,M,"50,3518800","3,0617400",59
202000029525,20,6,5,16:20,1,2,2,1,3,85084,M,"46,7779630"," -1,2378130",85
202000029526,20,9,30,17:00,1,2,1,1,2,59017,M,"50,6809019","2,8799347",59
202000029527,20,6,4,15:15,1,1,1,1,7,27261,M,"49,2217180","0,9715550",27
202000029528,20,9,30,20:00,5,2,1,1,6,57240,M,"49,1427500","6,7952800",57
202000029529,20,5,30,12:20,1,1,1,1,6,52140,M,"48,2223510","4,8488120",52
202000029530,20,9,30,13:00,1,2,1,1,6,56098,M,"47,7775900"," -3,3426700",56
202000029531,20,6,3,17:15,1,1,1,1,2,88075,M,"48,0136260","6,8891470",88
202000029532,20,9,30,21:43,5,2,3,1,3,54395,M,"48,6892000","6,1616500",54
202000029533,20,6,2,16:35,1,1,1,1,6,98734,P," -17,7233790"," -149,5057300",987
202000029534,20,9,30,19:15,2,2,2,8,3,54395,M,"48,6915900","6,1927400",54
202000029535,20,6,4,11:10,1,2,1,2,6,74264,M,"46,0636180","6,5497320",74
202000029536,20,9,30,17:30,1,2,3,1,3,54328,M,"48,6234300","6,1847000",54
202000029537,20,9,30,17:15,1,2,1,1,6,54395,M,"48,6881400","6,1777600",54
202000029538,20,2,15,05:10,3,1,1,1,4,73104,M,"45,5560190","5,7570510",73
202000029539,20,6,4,19:30,3,2,1,1,6,98613,W," -22,2365420","166,4396480",986
202000029540,20,9,30,12:14,1,2,1,1,7,49007,M,"47,4722300"," -0,5849600",49
202000029541,20,10,1,08:52,1,2,1,2,3,45286,M,"47,8896400","1,9236400",45
202000029542,20,6,2,12:00,1,2,1,1,6,97607,Y," -12,8461080","45,1832160",976
202000029543,20,9,30,10:05,1,2,3,1,6,44184,M,"47,2812700"," -2,2424800",44
202000029544,20,6,4,14:00,1,1,2,1,6,29147,M,"47,8695170"," -3,6030650",29
202000029545,20,9,30,17:20,1,2,7,1,3,38185,M,"45,1821000","5,7274000",38
202000029546,20,6,4,11:25,1,2,1,8,6,37003,M,"47,4109688","0,9760410",37
202000029547,20,9,30,09:00,1,2,9,1,1,38151,M,"45,1542100","5,7122900",38
202000029548,20,6,5,14:30,1,2,1,8,6,91111,M,"48,6466450","2,1201360",91
202000029549,20,5,19,17:25,1,2,9,1,2,91129,M,"48,4903270","2,3507790",91
202000029550,20,6,3,13:45,1,2,1,1,3,78128,M,"48,6745410","1,9619610",78
202000029551,20,10,1,15:30,1,2,2,1,3,34172,M,"43,6008900","3,8681700",34
202000029552,20,9,30,18:45,1,2,1,1,3,34172,M,"43,6055629","3,8875922",34
202000029553,20,10,1,21:00,4,2,3,2,2,33063,M,"44,8559600"," -0,5496500",33
202000029554,20,10,1,23:53,5,2,1,3,7,29232,M,"47,9888422"," -4,1110647",29
202000029555,20,9,29,12:50,1,2,2,1,6,29232,M,"47,9945650"," -4,1044250",29
202000029556,20,10,1,07:45,2,1,1,2,1,27681,M,"49,0739700","1,4684200",27
202000029557,20,5,22,15:00,1,1,1,1,1,74045,M,"45,7962020","6,3674890",74
202000029558,20,6,1,11:15,1,1,3,1,7,07032,M,"44,6641027","4,5674346",07
202000029559,20,9,30,13:00,1,2,1,2,4,27229,M,"49,0040681","1,1471511",27
202000029560,20,6,3,11:30,1,2,1,1,2,65059,M,"43,0713880","0,1578000",65
202000029561,20,10,1,12:10,1,2,1,2,7,25056,M,"47,2430600","6,0172100",25
202000029562,20,9,28,11:30,1,2,1,1,7,22278,M,"48,5031470"," -2,7450085",22
202000029563,20,6,5,05:45,3,2,1,9,6,09334,M,"42,7679980","1,5004280",09
202000029564,20,9,30,16:15,1,2,2,3,3,22113,M,"48,7315630"," -3,4803110",22
202000029565,20,10,1,11:30,1,2,1,1,3,17028,M,"46,1401000"," -1,1330400",17
202000029566,20,6,3,19:50,1,2,4,2,1,35066,M,"48,0404120"," -1,6880850",35
202000029567,20,10,1,07:05,5,2,1,2,7,17300,M,"46,1642500"," -1,1251400",17
202000029568,20,10,1,11:05,1,2,1,3,6,15014,M,"44,9227700","2,4378100",15
202000029569,20,6,5,08:20,1,1,1,1,7,27234,M,"49,0268894","1,1896100",27
202000029570,20,10,1,22:10,5,2,2,1,1,14118,M,"49,1725100"," -0,3812300",14
202000029571,20,6,4,22:50,5,2,5,1,6,60342,M,"49,3035892","2,4441238",60
202000029572,20,6,5,18:25,1,1,1,8,7,60103,M,"49,4170810","2,2425090",60
202000029573,20,10,1,04:55,5,2,6,1,3,13208,M,"43,2503300","5,3887400",13
202000029574,20,6,4,06:53,2,1,1,3,7,13085,M,"43,2557550","5,5940129",13
202000029575,20,10,1,19:00,2,2,2,1,3,13206,M,"43,2889000","5,3776400",13
202000029576,20,6,4,01:53,5,1,1,2,6,13207,M,"43,2917770","5,3661570",13
202000029577,20,6,3,10:00,1,1,1,1,3,13085,M,"43,2483200","5,5984600",13
202000029578,20,10,1,17:50,2,2,1,8,6,13204,M,"43,3016800","5,3980100",13
202000029579,20,6,4,05:25,5,1,1,2,5,33063,M,"44,8812400"," -0,5433200",33
202000029580,20,10,1,06:20,5,2,1,1,6,13002,M,"43,3446742","5,4867854",13
202000029581,20,6,4,09:50,1,1,1,3,3,91659,M,"48,5781000","2,4632100",91
202000029582,20,6,4,09:20,1,1,1,3,7,94003,M,"48,8088600","2,3398000",94
202000029583,20,10,1,08:20,1,2,1,1,3,13205,M,"43,2890950","5,4000620",13
202000029584,20,6,4,11:25,1,2,1,1,6,78646,M,"48,7912390","2,0718330",78
202000029585,20,9,30,19:15,2,2,3,1,-1,13205,M,"43,2888920","5,3948430",13
202000029586,20,6,4,06:35,1,1,9,2,6,92063,M,"48,8728159","2,1569681",92
202000029587,20,9,30,17:30,1,2,2,1,1,10387,M,"48,2988820","4,0865690",10
202000029588,20,6,3,18:00,1,2,1,1,2,92050,M,"48,9073656","2,2124782",92
202000029589,20,10,1,15:45,1,2,1,1,6,06088,M,"43,7116400","7,2800900",06
202000029590,20,6,3,14:25,1,2,1,1,3,78322,M,"48,7867700","2,1508040",78
202000029591,20,9,30,23:10,5,1,1,1,3,06083,M,"43,7600000","7,4800000",06
202000029592,20,10,1,12:15,1,2,1,2,7,02408,M,"49,5744400","3,6473700",02
202000029593,20,6,4,15:55,1,1,1,1,6,93064,M,"48,8878700","2,4724100",93
202000029594,20,10,1,00:55,5,2,1,1,2,75116,M,"48,8578070","2,2595460",75
202000029595,20,6,4,12:40,1,1,1,2,6,93078,M,"48,9668900","2,5133000",93
202000029596,20,9,30,18:20,1,2,4,1,5,75105,M,"48,8468380","2,3609930",75
202000029597,20,6,4,11:45,1,1,1,2,2,93027,M,"48,9280800","2,4109100",93
202000029598,20,10,1,12:00,1,2,7,2,3,75120,M,"48,8644980","2,4085070",75
202000029599,20,6,4,09:00,1,1,1,2,7,93066,M,"48,9185300","2,3573500",93
202000029600,20,10,1,07:18,5,2,2,2,3,75118,M,"48,8977340","2,3290250",75
202000029601,20,6,4,08:40,1,1,1,2,2,92036,M,"48,9407900","2,2924600",92
202000029602,20,6,3,20:40,1,1,1,1,7,93005,M,"48,9742100","2,4891300",93
202000029603,20,10,1,13:45,1,2,4,2,3,75117,M,"48,8948880","2,3152900",75
202000029604,20,6,3,08:20,1,1,1,1,2,93053,M,"48,8814100","2,4540100",93
202000029605,20,10,1,11:50,1,2,1,1,3,75117,M,"48,8928410","2,3162960",75
202000029606,20,10,1,07:05,2,2,2,2,3,75117,M,"48,8839740","2,2908790",75
202000029607,20,6,4,14:45,1,1,1,2,-1,77058,M,"48,8292720","2,7415150",77
202000029608,20,10,1,00:30,5,2,7,2,2,75117,M,"48,8786700","2,2800110",75
202000029609,20,6,3,15:00,1,1,1,1,7,94017,M,"48,8296000","2,4923100",94
202000029610,20,10,1,10:00,1,2,1,2,3,75114,M,"48,8165190","2,3379370",75
202000029611,20,2,3,21:45,5,2,2,3,6,35238,M,"48,1074900"," -1,6778300",35
202000029612,20,10,1,08:50,1,2,3,2,6,75113,M,"48,8316650","2,3527500",75
202000029613,20,2,26,17:55,2,2,1,3,3,93050,M,"48,8662700","2,5260600",93
202000029614,20,6,2,14:08,1,2,1,1,3,98818,C," -22,2887200","166,4439300",988
202000029615,20,10,1,17:05,1,2,2,2,6,75113,M,"48,8240410","2,3770110",75
202000029616,20,6,2,11:10,1,2,1,1,3,97409,R," -20,9562000","55,6400000",974
202000029617,20,10,1,14:40,1,2,1,2,3,75112,M,"48,8400990","2,3815380",75
202000029618,20,6,2,19:45,1,2,3,1,2,69202,M,"45,7353809","4,8047770",69
202000029619,20,10,1,14:50,1,2,1,8,3,75111,M,"48,8545160","2,3700510",75
202000029620,20,6,3,12:00,1,2,1,1,6,69081,M,"45,7755400","4,7782200",69
202000029621,20,10,1,17:35,1,2,2,8,3,75119,M,"48,8997170","2,3711280",75
202000029622,20,6,3,02:50,3,1,1,1,7,91432,M,"48,7135500","2,3453600",91
202000029623,20,6,3,20:10,1,2,1,1,6,91477,M,"48,7011700","2,2339900",91
202000029624,20,10,1,11:50,1,2,2,8,7,75110,M,"48,8737630","2,3583290",75
202000029625,20,6,3,19:55,1,2,1,1,6,91345,M,"48,6967800","2,2948900",91
202000029626,20,10,1,18:55,1,2,3,1,3,75108,M,"48,8730690","2,3115290",75
202000029627,20,6,3,13:50,1,2,9,1,1,91161,M,"48,7051400","2,3140600",91
202000029628,20,10,1,15:25,1,2,2,8,3,75116,M,"48,8639260","2,2905150",75
202000029629,20,5,29,08:06,1,2,1,1,3,91103,M,"48,6080600","2,3046000",91
202000029630,20,10,1,10:15,1,2,7,2,7,75108,M,"48,8666580","2,3220090",75
202000029631,20,5,28,20:10,1,2,1,1,6,91425,M,"48,6441000","2,2632100",91
202000029632,20,5,28,12:10,1,2,2,1,4,91103,M,"48,5958700","2,3037600",91
202000029633,20,6,2,17:15,1,2,1,1,2,80164,M,"49,8873800","2,3451400",80
202000029634,20,10,1,02:15,5,2,3,1,6,75108,M,"48,8648760","2,3079110",75
202000029635,20,6,3,15:00,1,2,7,1,6,78650,M,"48,8978100","2,1139000",78
202000029636,20,6,3,16:50,1,2,1,8,6,77210,M,"48,3875800","2,9026600",77
202000029637,20,10,1,21:20,5,2,2,8,3,75107,M,"48,8628280","2,3134660",75
202000029638,20,5,29,15:45,1,1,1,1,7,76486,M,"49,3244100","0,9990600",76
202000029639,20,10,1,10:25,1,2,2,2,3,75115,M,"48,8525040","2,2905880",75
202000029640,20,5,30,17:37,1,1,1,1,2,76681,M,"49,4155708","1,1072159",76
202000029641,20,10,1,17:00,1,2,2,2,7,75102,M,"48,8681480","2,3436260",75
202000029642,20,6,2,14:40,1,2,2,1,3,76681,M,"49,4181900","1,0971900",76
202000029643,20,5,31,17:35,1,2,1,1,7,74218,M,"46,3844300","6,5697700",74
202000029644,20,9,30,06:45,2,2,1,1,3,94067,M,"48,8370000","2,4140000",94
202000029645,20,6,3,14:00,1,2,1,1,6,71040,M,"46,6896756","4,3846826",71
202000029646,20,10,1,19:20,4,2,1,1,2,94046,M,"48,8040800","2,4369200",94
202000029647,20,6,3,08:46,1,2,9,1,6,68066,M,"48,0800640","7,3686410",68
202000029648,20,9,30,12:44,1,2,2,1,3,94016,M,"48,7964560","2,3240180",94
202000029649,20,6,2,19:55,2,2,1,1,3,67204,M,"48,6219278","7,7673072",67
202000029650,20,10,1,14:35,1,2,1,2,4,94065,M,"48,7540909","2,3508385",94
202000029651,20,9,30,11:50,1,2,9,1,3,94028,M,"48,7747170","2,4392220",94
202000029652,20,6,2,16:45,1,2,1,1,1,67482,M,"48,5333168","7,7754357",67
202000029653,20,10,1,09:00,1,2,1,2,6,94022,M,"48,7625000","2,4108400",94
202000029654,20,10,1,05:20,3,2,1,3,3,94022,M,"48,7647000","2,4054700",94
202000029655,20,6,3,13:40,1,2,6,2,3,64348,M,"43,3259000"," -0,3867000",64
202000029656,20,9,29,23:00,5,2,2,1,3,94055,M,"48,7955400","2,5502300",94
202000029657,20,5,29,14:31,1,2,2,1,3,63113,M,"45,7898000","3,1106800",63
202000029658,20,10,1,13:40,1,2,1,1,6,93078,M,"48,9581440","2,5517553",93
202000029659,20,6,3,02:00,5,2,1,1,3,59360,M,"50,6165746","3,0051738",59
202000029660,20,10,1,18:41,5,2,1,1,3,93049,M,"48,8634946","2,5144784",93
202000029661,20,6,2,16:05,1,2,1,1,6,59648,M,"50,5984300","3,0522800",59
202000029662,20,6,3,18:30,1,2,3,1,2,51454,M,"49,2671128","4,0655581",51
202000029663,20,10,1,21:50,5,2,1,1,6,93007,M,"48,9246700","2,4707100",93
202000029664,20,6,2,17:40,1,2,6,1,2,51172,M,"49,2197817","4,0409274",51
202000029665,20,9,28,18:30,1,2,1,1,-1,92063,M,"48,8762400","2,1706500",92