Num_Acc,an,mois,jour,hrmn,lum,agg,int,atm,col,com,gps,lat,long,dep
202000029666,20,5,26,17:15,1,2,1,1,7,50129,M,"49,6339200"," -1,6082900",50
202000029667,20,9,30,19:30,2,2,8,2,6,92020,M,"48,8055250","2,2909930",92
202000029668,20,5,29,18:38,1,2,1,1,6,49007,M,"47,4793200"," -0,5460400",49
202000029669,20,10,1,10:56,1,2,1,2,2,92020,M,"48,7950864","2,2739618",92
202000029670,20,5,29,13:10,1,2,1,1,3,49007,M,"47,4809000"," -0,5274000",49
202000029671,20,10,1,15:15,1,2,2,2,2,92026,M,"48,9029900","2,2835220",92
202000029672,20,5,29,15:30,1,2,1,1,3,49007,M,"47,4663300"," -0,5593300",49
202000029673,20,10,1,13:18,1,2,1,2,3,92026,M,"48,8968390","2,2371400",92
202000029674,20,5,29,10:45,1,2,1,1,6,49007,M,"47,4641100"," -0,5504100",49
202000029675,20,5,22,11:53,1,2,1,1,6,92025,M,"48,9171190","2,2527110",92
202000029676,20,5,29,11:40,1,2,1,1,2,49007,M,"47,4912200"," -0,5288000",49
202000029677,20,5,30,17:33,1,2,1,1,3,49007,M,"47,4557800"," -0,5298800",49
202000029678,20,6,3,13:25,1,2,3,1,4,45232,M,"47,8443271","1,9201453",45
202000029679,20,6,3,11:40,1,2,1,2,3,38151,M,"45,1451800","5,7166700",38
202000029680,20,6,3,01:45,5,2,1,1,6,37150,M,"47,3832712","0,4245785",37
202000029681,20,6,4,00:10,5,2,3,2,3,34172,M,"43,5952200","3,8618800",34
202000029682,20,10,1,11:30,1,2,2,2,3,92044,M,"48,8966600","2,2732200",92
202000029683,20,6,3,20:35,1,2,2,1,3,33522,M,"44,8068600"," -0,5917500",33
202000029684,20,10,1,19:15,1,2,5,1,1,92012,M,"48,8376000","2,2479000",92
202000029685,20,10,2,16:50,1,1,1,2,6,62453,M,"50,5437600","2,2041700",62
202000029686,20,6,3,11:20,1,2,3,1,2,33039,M,"44,8130519"," -0,5625983",33
202000029687,20,9,3,14:50,1,1,1,1,6,91544,M,"48,3666430","2,1394070",91
202000029688,20,6,3,10:20,1,2,2,1,2,33318,M,"44,8059318"," -0,6325860",33
202000029689,20,6,3,07:25,1,2,1,1,3,31555,M,"43,5669000","1,4249700",31
202000029690,20,9,29,07:55,2,2,1,2,6,57604,M,"49,4482340","6,3698710",57
202000029691,20,9,29,06:15,1,1,1,1,6,97212,A,"14,7120480"," -61,0215370",972
202000029692,20,6,2,19:00,1,2,1,1,3,22278,M,"48,5168345"," -2,7773738",22
202000029693,20,10,1,10:05,1,1,1,2,1,21247,M,"47,4876000","4,1490230",21
202000029694,20,6,3,15:20,1,1,1,1,5,22113,M,"48,7662300"," -3,4797800",22
202000029695,20,6,3,13:40,1,2,2,1,3,19275,M,"45,5478716","2,3108497",19
202000029696,20,8,30,12:10,1,1,1,1,-1,87177,M,"45,8429120","1,0954570",87
202000029697,20,6,3,06:15,1,1,1,1,7,17461,M,"45,6535400"," -1,0527300",17
202000029698,20,10,1,16:05,1,1,1,1,1,62285,M,"50,1863240","2,9014640",62
202000029699,20,6,2,10:00,1,2,3,1,6,14366,M,"49,1436000","0,2198200",14
202000029700,20,10,1,05:20,5,2,1,1,7,51030,M,"49,0511352","4,0147916",51
202000029701,20,6,3,17:30,1,2,1,1,3,13209,M,"43,2324000","5,4000000",13
202000029702,20,10,1,11:45,1,1,1,8,6,19273,M,"45,0657920","1,5627190",19
202000029703,20,10,1,16:45,1,2,1,8,1,19276,M,"45,4349000","1,5646290",19
202000029704,20,6,3,07:55,1,2,1,1,3,13212,M,"43,2966770","5,4134430",13
202000029705,20,9,28,15:50,1,2,3,1,3,19104,M,"45,5402210","1,5801910",19
202000029706,20,6,2,15:05,1,2,1,1,3,13213,M,"43,3294530","5,4278710",13
202000029707,20,10,1,13:00,1,1,1,9,1,80815,M,"50,3230940","1,8101050",80
202000029708,20,6,2,10:09,1,2,1,1,2,07102,M,"44,9327000","4,8801200",07
202000029709,20,6,3,10:15,1,2,1,1,3,06069,M,"43,6385700","6,9504000",06
202000029710,20,10,1,16:50,1,1,2,1,3,82124,M,"43,9973840","1,2536000",82
202000029711,20,6,3,14:00,1,2,1,1,1,06027,M,"43,6548900","7,1499800",06
202000029712,20,9,30,18:15,2,2,1,7,6,12208,M,"43,9580201","2,8833368",12
202000029713,20,6,2,17:30,1,1,1,1,3,05061,M,"44,5984200","6,0838100",05
202000029714,20,10,1,20:50,3,1,1,2,6,25413,M,"46,6916850","6,1855990",25
202000029715,20,6,2,13:45,1,2,6,1,2,05061,M,"44,5638100","6,0838200",05
202000029716,20,9,21,14:20,1,1,1,2,6,29281,M,"48,0360640"," -3,8392070",29
202000029717,20,9,30,18:40,1,1,1,1,6,31210,M,"43,3932300","1,6955420",31
202000029718,20,6,1,16:45,1,2,9,1,3,05061,M,"44,5549500","6,0746000",05
202000029719,20,10,1,19:15,1,1,1,2,2,31118,M,"43,7904440","1,3417000",31
202000029720,20,6,3,15:00,1,2,1,1,4,75117,M,"48,8892370","2,2961540",75
202000029721,20,6,2,18:50,1,2,1,1,3,75113,M,"48,8177380","2,3673380",75
202000029722,20,6,3,02:10,5,2,1,1,7,75113,M,"48,8259940","2,3645430",75
202000029723,20,10,2,12:35,1,1,1,1,6,72316,M,"48,3186280","0,3935020",72
202000029724,20,6,2,19:40,1,2,1,1,7,75113,M,"48,8257910","2,3865890",75
202000029725,20,10,1,22:00,3,1,1,1,6,72300,M,"48,0578750","0,3548400",72
202000029726,20,10,2,15:00,1,1,1,1,5,50310,M,"49,1510500"," -1,2345590",50
202000029727,20,10,2,09:30,1,1,1,2,1,16044,M,"46,0289270","0,2800120",16
202000029728,20,8,16,17:25,1,1,1,1,7,04229,M,"44,1598260","5,8681370",04
202000029729,20,10,1,20:30,3,1,1,1,-1,98805,C," -22,1921340","166,4428070",988
202000029730,20,10,1,11:45,1,1,1,1,-1,18167,M,"47,1159340","1,9084450",18
202000029731,20,10,2,00:15,3,1,1,2,7,78455,M,"48,8508720","2,0509030",78
202000029732,20,10,2,07:45,2,1,1,2,1,01093,M,"46,1389160","4,9760870",01
202000029733,20,6,3,18:30,1,2,3,1,3,75120,M,"48,8719740","2,3918760",75
202000029734,20,10,1,20:05,5,1,1,2,6,68297,M,"47,5757870","7,5621990",68
202000029735,20,6,3,12:30,1,2,4,1,6,75120,M,"48,8646010","2,4059910",75
202000029736,20,10,2,15:15,1,1,1,1,7,74159,M,"46,0012580","6,6303510",74
202000029737,20,6,3,02:45,5,2,5,1,2,75120,M,"48,8717270","2,4043770",75
202000029738,20,10,1,02:40,3,1,1,2,6,49129,M,"47,4984960"," -0,5177840",49
202000029739,20,6,2,13:45,1,2,3,1,3,75120,M,"48,8533370","2,4096900",75
202000029740,20,10,2,13:55,1,1,1,3,7,83116,M,"43,4681820","5,8398130",83
202000029741,20,6,3,16:05,1,2,7,1,4,75119,M,"48,8780360","2,3706920",75
202000029742,20,6,3,12:45,1,2,2,1,3,75119,M,"48,8982350","2,3862060",75
202000029743,20,9,30,11:50,1,2,2,1,3,97608,Y," -12,7891510","45,2798830",976
202000029744,20,6,3,19:43,1,2,3,1,3,75115,M,"48,8367610","2,2740740",75
202000029745,20,10,1,06:08,1,1,1,8,1,97116,A,"16,3236610"," -61,4133810",971
202000029746,20,6,3,02:00,5,2,5,1,3,75114,M,"48,8375400","2,3229460",75
202000029747,20,10,2,18:15,2,1,2,2,3,77329,M,"48,2404840","2,8091150",77
202000029748,20,6,3,12:30,1,2,4,1,3,75113,M,"48,8388700","2,3609960",75
202000029749,20,10,1,15:50,1,1,4,1,4,34113,M,"43,4841970","3,6996570",34
202000029750,20,10,2,19:00,3,1,9,3,6,84003,M,"43,8791830","5,3849640",84
202000029751,20,6,3,21:35,5,2,7,3,2,75105,M,"48,8442300","2,3647680",75
202000029752,20,10,2,07:20,1,1,1,1,1,05134,M,"44,6502840","6,5819260",05
202000029753,20,6,3,00:40,5,2,3,1,3,75103,M,"48,8604540","2,3597180",75
202000029754,20,9,30,16:30,1,2,1,1,1,13041,M,"43,4560020","5,4930340",13
202000029755,20,6,2,12:30,1,2,2,1,4,75108,M,"48,8724000","2,2995520",75
202000029756,20,8,18,14:00,1,2,9,1,3,10021,M,"48,4471860","4,2507990",10
202000029757,20,6,3,14:55,1,2,2,1,6,75107,M,"48,8554100","2,3013610",75
202000029758,20,6,3,16:45,1,2,5,1,6,75103,M,"48,8648380","2,3533220",75
202000029759,20,9,25,17:45,1,1,2,2,4,68309,M,"47,6692670","7,4587570",68
202000029760,20,10,1,20:50,5,2,2,2,6,68185,M,"48,2708641","7,2812082",68
202000029761,20,6,3,12:40,1,2,2,1,6,75104,M,"48,8539180","2,3648450",75
202000029762,20,9,30,07:35,2,2,1,8,6,54150,M,"48,7945420","6,1534010",54
202000029763,20,10,2,20:05,3,1,1,3,1,73135,M,"45,3074100","6,3453880",73
202000029764,20,10,1,15:45,1,1,1,1,1,33042,M,"44,4404750"," -0,8125810",33
202000029765,20,6,3,16:00,1,2,1,1,1,94044,M,"48,7559430","2,4821320",94
202000029766,20,10,2,07:30,3,1,2,3,3,50230,M,"49,5809880"," -1,6620680",50
202000029767,20,9,30,11:15,1,2,6,1,3,14228,M,"49,2946350"," -0,3777350",14
202000029768,20,10,1,17:44,1,1,4,1,3,14328,M,"49,2066350"," -0,2821360",14
202000029769,20,10,1,22:30,3,1,1,1,7,27232,M,"49,2977100","1,5171380",27
202000029770,20,8,13,15:15,1,1,1,3,7,27287,M,"49,0008870","1,0152640",27
202000029771,20,10,2,11:50,1,1,1,2,6,62052,M,"50,8571624","1,6785573",62
202000029772,20,9,26,23:45,5,1,1,2,6,42044,M,"45,3952340","4,3343800",42
202000029773,20,9,21,21:55,3,1,1,1,7,57194,M,"49,4219000","6,1107000",57
202000029774,20,10,1,16:20,1,1,1,3,5,33039,M,"44,7941600"," -0,5397100",33
202000029775,20,6,3,21:00,2,2,1,3,5,94038,M,"48,7753569","2,3453927",94
202000029776,20,9,29,13:20,1,1,1,2,6,59009,M,"50,6087800","3,1311680",59
202000029777,20,9,29,20:05,3,1,1,2,6,59234,M,"50,4027990","3,0585440",59
202000029778,20,9,28,13:30,1,1,1,2,7,59009,M,"50,6293920","3,1389750",59
202000029779,20,6,3,08:30,2,2,3,7,3,94073,M,"48,7687050","2,3688310",94
202000029780,20,10,1,15:15,1,1,1,1,5,91161,M,"48,7027000","2,3072000",91
202000029781,20,6,3,19:49,1,2,9,1,3,94079,M,"48,8327100","2,5345190",94
202000029782,20,10,1,17:15,1,1,9,8,2,78466,M,"48,9257360","1,9974620",78
202000029783,20,6,2,20:20,1,2,1,1,-1,94002,M,"48,7928800","2,4255600",94
202000029784,20,10,1,09:00,1,1,1,3,2,78571,M,"48,8775400","2,0198100",78
202000029785,20,6,2,08:45,1,2,9,1,3,93049,M,"48,8627520","2,5121913",93
202000029786,20,10,1,08:58,1,1,1,2,2,78571,M,"48,8703180","2,0289530",78
202000029787,20,9,30,21:40,3,1,1,1,2,95241,M,"49,0555500","2,4233900",95
202000029788,20,10,1,12:30,1,1,1,1,7,93078,M,"48,9635000","2,5216000",93
202000029789,20,6,3,15:00,1,2,2,1,3,93048,M,"48,8712000","2,4709000",93
202000029790,20,10,1,19:30,1,1,1,1,-1,94018,M,"48,8192054","2,4067968",94
202000029791,20,6,3,10:00,1,2,3,1,3,93031,M,"48,9584372","2,3259668",93
202000029792,20,10,1,08:30,1,1,1,2,4,77373,M,"48,7651070","2,6148430",77
202000029793,20,9,30,20:30,5,1,1,8,4,94042,M,"48,8277740","2,4715380",94
202000029794,20,6,3,18:30,1,2,2,1,3,93010,M,"48,9069690","2,4886241",93
202000029795,20,9,30,14:00,1,1,1,1,-1,94081,M,"48,7737100","2,4020100",94
202000029796,20,6,2,16:34,1,1,1,1,6,93010,M,"48,9055963","2,4765420",93
202000029797,20,9,30,20:30,5,2,2,1,3,97411,R," -20,8885000","55,4454200",974
202000029798,20,9,30,07:45,1,1,3,1,6,97411,R," -20,8821060","55,4593890",974
202000029799,20,9,30,18:45,2,2,2,1,1,69387,M,"45,7476400","4,8502400",69
202000029800,20,9,30,15:15,1,2,2,1,3,69386,M,"45,7724900","4,8430800",69
202000029801,20,9,30,14:25,1,2,1,1,6,69386,M,"45,7826400","4,8502400",69
202000029802,20,9,30,14:30,1,2,1,1,2,69383,M,"45,7428300","4,8880800",69
202000029803,20,6,3,10:05,1,2,1,1,6,92051,M,"48,8826000","2,2681000",92
202000029804,20,6,2,09:45,1,2,3,7,6,92020,M,"48,8059280","2,2865640",92
202000029805,20,6,3,07:20,1,2,1,1,2,92062,M,"48,8831040","2,2483540",92
202000029806,20,5,31,20:10,1,2,3,1,3,92024,M,"48,8995598","2,3092693",92
202000029807,20,6,3,06:00,1,2,2,8,3,92024,M,"48,9008800","2,3080300",92
202000029808,20,6,2,14:40,1,2,2,1,4,92024,M,"48,8977664","2,3078544",92
202000029809,20,6,3,14:45,1,2,2,1,3,92007,M,"48,7962760","2,3217580",92
202000029810,20,6,3,23:00,5,2,7,3,6,92004,M,"48,9254348","2,2806338",92
202000029811,20,6,3,20:50,2,2,2,1,-1,33191,M,"45,0111490","0,0268270",33
202000029812,20,6,3,17:15,1,2,1,1,6,31035,M,"43,5323480","1,4774520",31
202000029813,20,10,13,15:25,1,2,1,2,6,59350,M,"50,6065400","3,0450700",59
202000029814,20,10,12,17:50,1,2,1,1,3,05061,M,"44,5563560","6,0792900",05
202000029815,20,6,11,10:00,1,2,3,7,6,94043,M,"48,8121000","2,3568900",94
202000029816,20,12,14,21:15,5,2,1,1,6,97411,R," -20,8960400","55,4911300",974
202000029817,20,12,14,03:30,5,2,6,9,7,97302,G,"4,9380449"," -52,3226881",973
202000029818,20,12,14,18:00,5,2,2,1,6,69259,M,"45,6954432","4,8591068",69
202000029819,20,12,14,15:15,1,2,3,1,2,69388,M,"45,7412800","4,8793800",69
202000029820,20,12,14,12:40,1,2,1,1,3,2B120,M,"42,6583000","9,4417100",2B
202000029821,20,12,14,08:00,1,2,6,1,6,2B033,M,"42,6957300","9,4465400",2B
202000029822,20,12,15,00:25,5,2,6,2,6,95585,M,"48,9812204","2,3744255",95
202000029823,20,12,14,14:56,1,2,1,2,3,95680,M,"49,0044800","2,3820600",95
202000029824,20,12,14,21:50,5,2,1,2,6,95219,M,"48,9800940","2,2700130",95
202000029825,20,12,14,21:30,3,2,2,3,2,95218,M,"49,0209100","2,1004700",95
202000029826,20,12,13,17:10,5,1,1,2,2,91549,M,"48,6243800","2,3502400",91
202000029827,20,12,14,16:40,2,1,1,1,2,91421,M,"48,6926300","2,4500100",91
202000029828,20,12,13,16:50,1,2,2,1,6,89024,M,"47,7953695","3,5777935",89
202000029829,20,12,12,12:09,1,2,3,1,3,87085,M,"45,8457200","1,2605100",87
202000029830,20,12,13,08:20,1,1,1,1,2,83069,M,"43,0686900","6,1472400",83
202000029831,20,12,14,07:45,2,1,1,8,1,81065,M,"43,6629000","2,2270200",81
202000029832,20,12,13,05:50,4,2,4,8,6,81033,M,"44,0376017","2,1276846",81
202000029833,20,12,14,18:00,2,2,1,2,1,81004,M,"43,9353936","2,1461642",81
202000029834,20,12,13,02:00,5,2,2,1,7,76540,M,"49,4438500","1,0924800",76
202000029835,20,12,13,09:30,1,2,1,1,6,76322,M,"49,4062500","1,0608200",76
202000029836,20,12,13,17:13,5,2,1,1,6,76486,M,"49,3044800","0,9926700",76
202000029837,20,12,14,08:25,1,2,1,1,2,76351,M,"49,5003500","0,1773400",76
202000029838,20,12,13,21:55,3,1,1,2,6,76341,M,"49,5141789","0,1937790",76
202000029839,20,12,12,11:50,1,2,1,2,4,74133,M,"46,1833900","6,2157100",74
202000029840,20,12,13,10:05,1,2,6,1,3,69029,M,"45,7246629","4,9151314",69
202000029841,20,12,11,09:00,1,2,1,3,6,69256,M,"45,7783500","4,9290900",69
202000029842,20,12,14,08:45,2,2,1,1,3,67482,M,"48,5692585","7,7367225",67
202000029843,20,12,11,14:00,1,2,8,2,3,67447,M,"48,6047078","7,7589978",67
202000029844,20,12,12,09:56,1,1,1,1,6,66141,M,"42,7536500","2,8956400",66
202000029845,20,12,14,18:10,4,1,1,1,4,64284,M,"43,2894900"," -0,4029200",64
202000029846,20,12,13,17:59,5,2,3,1,3,64102,M,"43,4840100"," -1,4992700",64
202000029847,20,12,13,15:29,1,2,1,1,3,63113,M,"45,8033432","3,1193050",63
202000029848,20,12,12,14:07,1,2,1,1,2,63113,M,"45,7843800","3,0669300",63
202000029849,20,12,11,16:51,1,2,2,1,3,63113,M,"45,7925659","3,0916350",63
202000029850,20,12,10,18:10,5,2,3,1,-1,59230,M,"50,2599930","3,9983860",59
202000029851,20,12,10,15:50,1,2,1,1,7,59211,M,"50,3755600","3,0138800",59
202000029852,20,12,11,16:50,2,2,1,2,6,59178,M,"50,3606900","3,0755100",59
202000029853,20,12,14,07:40,2,2,1,1,3,57463,M,"49,1346800","6,1699700",57
202000029854,20,12,11,12:50,1,2,4,1,2,56098,M,"47,7631400"," -3,3619700",56
202000029855,20,12,13,06:10,5,2,3,1,3,54395,M,"48,6812815","6,1935130",54
202000029856,20,12,14,12:13,1,2,1,8,6,50218,M,"48,8369800"," -1,5987500",50
202000029857,20,12,10,17:15,2,2,1,1,3,49099,M,"47,0778700"," -0,8389000",49
202000029858,20,11,30,09:20,1,2,6,1,-1,44109,M,"47,2330500"," -1,5564100",44
202000029859,20,12,14,21:30,3,2,6,2,6,35238,M,"48,1037800"," -1,6996800",35
202000029860,20,12,14,21:30,5,2,2,1,3,33063,M,"44,8879500"," -0,5572500",33
202000029861,20,12,14,16:00,1,2,9,1,3,33063,M,"44,8333300"," -0,5977500",33
202000029862,20,12,14,14:45,1,2,1,1,3,33063,M,"44,8121150"," -0,5736440",33
202000029863,20,12,14,08:50,1,2,1,1,3,33063,M,"44,8676400"," -0,5716300",33
202000029864,20,12,14,08:30,2,2,3,1,3,33069,M,"44,8686400"," -0,5918600",33
202000029865,20,12,10,11:35,1,2,1,3,7,32013,M,"43,6488114","0,5902083",32
202000029866,20,12,13,13:20,1,2,1,1,3,31555,M,"43,6159800","1,4531900",31
202000029867,20,12,13,08:50,1,1,1,1,2,31555,M,"43,5968200","1,3972100",31
202000029868,20,12,11,17:20,5,2,1,2,2,31555,M,"43,6141500","1,4379100",31
202000029869,20,12,10,18:15,5,2,9,2,6,31149,M,"43,6156100","1,3430700",31
202000029870,20,12,14,08:15,2,2,1,2,2,29232,M,"47,9950031"," -4,0984570",29
202000029871,20,12,14,17:25,5,2,1,1,2,18279,M,"47,2273600","2,0613100",18
202000029872,20,12,11,08:20,5,2,1,3,5,16102,M,"45,6937270"," -0,3478540",16
202000029873,20,12,14,20:50,5,2,1,1,3,13208,M,"43,2715171","5,3901564",13
202000029874,20,12,14,16:20,1,2,1,1,6,13075,M,"43,3417150","5,4651040",13
202000029875,20,12,14,15:45,1,2,2,8,3,13214,M,"43,3473570","5,3784310",13
202000029876,20,12,14,08:25,1,2,1,1,-1,13202,M,"43,3030000","5,3600000",13
202000029877,20,12,12,13:20,1,2,1,1,2,11262,M,"43,1874500","2,9900800",11
202000029878,20,12,12,17:55,5,2,1,2,7,11069,M,"43,2157000","2,3506000",11
202000029879,20,12,13,11:40,1,2,1,1,-1,10357,M,"48,2971100","4,1323500",10
202000029880,20,12,14,07:57,1,2,1,1,6,06088,M,"43,7178000","7,2630360",06
202000029881,20,12,14,13:30,1,2,1,1,7,06069,M,"43,6667000","6,9167000",06
202000029882,20,12,11,12:45,1,2,1,4,2,05061,M,"44,5540190","6,0712600",05
202000029883,20,12,14,18:15,2,2,4,1,3,75120,M,"48,8688260","2,4132670",75
202000029884,20,12,14,17:50,5,2,3,2,6,75118,M,"48,8986800","2,3683990",75
202000029885,20,12,14,16:20,1,2,1,1,6,75115,M,"48,8447720","2,2756460",75
202000029886,20,12,13,22:18,5,2,2,2,3,75115,M,"48,8338820","2,3081130",75
202000029887,20,12,14,12:55,1,2,2,8,3,75113,M,"48,8240860","2,3769310",75
202000029888,20,12,14,16:10,1,2,2,2,6,75112,M,"48,8408850","2,4047020",75
202000029889,20,12,14,15:45,1,2,1,1,3,75112,M,"48,8508650","2,3701670",75
202000029890,20,12,13,15:05,1,2,2,2,2,75112,M,"48,8473440","2,3867850",75
202000029891,20,12,13,13:50,1,2,3,1,5,75112,M,"48,8325500","2,3965650",75
202000029892,20,12,14,13:30,1,2,1,8,6,75111,M,"48,8675220","2,3686380",75
202000029893,20,12,14,14:30,1,2,1,2,3,75110,M,"48,8749940","2,3703330",75
202000029894,20,12,14,07:50,1,2,7,2,3,75108,M,"48,8688190","2,3101310",75
202000029895,20,12,14,07:05,5,2,2,1,3,75107,M,"48,8605810","2,2955480",75
202000029896,20,12,13,11:01,1,2,2,1,6,75115,M,"48,8493550","2,2815780",75
202000029897,20,12,14,13:00,1,2,4,2,7,75102,M,"48,8681460","2,3483180",75
202000029898,20,12,14,12:45,1,2,3,2,3,75103,M,"48,8570900","2,3644620",75
202000029899,20,12,14,14:07,1,2,1,1,6,94081,M,"48,7921100","2,3861900",94
202000029900,20,12,14,17:50,5,2,9,2,3,94080,M,"48,8530000","2,4400000",94
202000029901,20,12,14,18:50,5,2,2,1,6,94076,M,"48,7945040","2,3583120",94
202000029902,20,12,14,17:00,5,2,1,8,7,94076,M,"48,7843180","2,3545470",94
202000029903,20,12,14,13:45,1,2,1,2,6,94076,M,"48,7859860","2,3543190",94
202000029904,20,12,13,15:20,1,2,1,2,3,94041,M,"48,8127600","2,3872700",94
202000029905,20,12,13,19:50,4,2,9,2,6,94073,M,"48,7581100","2,3699800",94
202000029906,20,12,12,20:00,5,2,1,2,2,94028,M,"48,7942000","2,4618700",94
202000029907,20,12,14,18:35,5,2,1,2,6,94022,M,"48,7642900","2,3998700",94
202000029908,20,12,14,07:55,2,2,1,9,3,94071,M,"48,7637100","2,5244500",94
202000029909,20,12,14,16:10,1,2,1,2,6,93072,M,"48,9627700","2,3789800",93
202000029910,20,12,14,15:00,1,2,2,2,3,93066,M,"48,9408300","2,3668800",93
202000029911,20,12,14,09:20,1,2,3,2,3,93064,M,"48,8817700","2,4763000",93
202000029912,20,12,13,09:50,2,2,1,2,2,93015,M,"48,9244943","2,5741375",93
202000029913,20,12,14,09:53,1,2,8,8,3,93027,M,"48,9296650","2,3855440",93
202000029914,20,11,30,08:00,5,2,3,1,6,92063,M,"48,8660215","2,1869097",92
202000029915,20,12,14,00:30,5,2,1,2,6,92051,M,"48,8824377","2,2674403",92
202000029916,20,12,14,15:40,1,2,3,2,3,92050,M,"48,8952100","2,2217600",92
202000029917,20,12,14,19:30,5,2,1,1,2,92020,M,"48,8019910","2,3199174",92
202000029918,20,12,13,14:00,1,2,2,1,3,92049,M,"48,8176500","2,3079200",92
202000029919,20,12,14,06:50,5,2,1,1,7,92023,M,"48,8001600","2,2544200",92
202000029920,20,12,15,16:00,1,2,1,1,2,62100,M,"50,4231850","1,8941970",62
202000029921,20,12,8,15:10,1,1,1,2,7,51141,M,"48,8421051","4,5102580",51
202000029922,20,12,15,07:00,3,1,1,3,2,28403,M,"48,3782450","1,4819850",28
202000029923,20,12,15,08:20,1,1,1,3,2,71543,M,"46,5745445","4,8975903",71
202000029924,20,12,14,14:05,1,1,1,1,7,71576,M,"46,5232390","4,9165430",71
202000029925,20,12,15,10:15,1,1,1,2,6,52163,M,"47,9532310","5,4371170",52
202000029926,20,12,15,14:45,1,2,2,8,3,01285,M,"45,9107640","4,8187600",01
202000029927,20,12,12,08:30,1,2,6,1,6,97414,R," -21,2872850","55,4088650",974
202000029928,20,12,14,21:00,5,2,1,2,7,51388,M,"49,1280233","4,3701395",51
202000029929,20,12,14,14:30,1,1,1,1,1,30209,M,"43,9860290","4,7742030",30
202000029930,20,12,15,04:30,3,1,1,1,6,30288,M,"44,1915630","4,6238170",30
202000029931,20,12,13,19:20,3,1,1,1,6,40200,M,"44,4102560"," -0,7521670",40
202000029932,20,12,15,04:45,3,1,1,2,2,61429,M,"48,6642600","0,7768640",61
202000029933,20,12,14,07:57,3,1,1,2,6,61404,M,"48,5343700","0,5164830",61
202000029934,20,12,14,16:15,2,2,2,1,4,68258,M,"47,8345920","7,3022260",68
202000029935,20,12,11,05:30,3,1,1,5,7,25122,M,"46,9557400","6,1611840",25
202000029936,20,12,15,19:00,5,2,6,1,3,02173,M,"49,6150480","3,2158990",02
202000029937,20,12,1,21:30,3,1,1,1,7,70187,M,"47,5536390","6,5916570",70
202000029938,20,12,15,14:00,1,1,1,1,2,14578,M,"49,3670320","0,1426080",14
202000029939,20,12,14,11:30,1,1,1,1,6,14369,M,"49,1531310"," -0,9395460",14
202000029940,20,12,14,17:50,3,2,1,1,3,09265,M,"43,0809270","1,6237280",09
202000029941,20,12,14,20:15,3,1,1,2,6,21472,M,"47,5659610","5,2144720",21
202000029942,20,12,15,08:45,1,2,3,2,3,17410,M,"45,3773220"," -0,6787810",17
202000029943,20,12,15,10:25,1,1,1,2,1,23160,M,"46,0979360","2,4609160",23
202000029944,20,12,9,17:50,5,2,1,1,2,69244,M,"45,7636150","4,7652670",69
202000029945,20,12,11,16:00,1,2,9,1,3,98715,P," -17,5504160"," -149,5982120",987
202000029946,20,12,13,07:05,3,1,1,1,6,45154,M,"48,0161380","1,8434290",45
202000029947,20,12,14,11:05,1,2,1,1,6,97103,A,"16,2410920"," -61,5938190",971
202000029948,20,12,15,13:10,1,2,1,1,6,97608,Y," -12,7865900","45,2701840",976
202000029949,20,12,13,23:00,3,1,1,1,6,97311,G,"5,5279980"," -53,9508530",973
202000029950,20,12,15,03:20,3,2,2,2,3,28064,M,"48,8012670","1,5021770",28
202000029951,20,12,14,16:30,3,1,1,8,6,28073,M,"48,4995980","1,6382100",28
202000029952,20,12,13,16:20,1,2,2,8,2,77309,M,"49,0098250","2,8368760",77
202000029953,20,12,14,08:30,1,1,1,2,5,34213,M,"43,4722523","3,6797412",34
202000029954,20,12,14,18:20,5,2,1,1,1,84129,M,"44,0032490","4,8799630",84
202000029955,20,12,13,04:50,5,2,2,2,3,73213,M,"45,5651080","5,9670570",73
202000029956,20,12,11,18:40,2,1,1,2,2,69072,M,"45,8108600","4,7304300",69
202000029957,20,12,14,20:05,3,1,1,2,7,09212,M,"43,0190270","1,3230370",09
202000029958,20,12,15,19:30,3,1,1,1,1,16359,M,"45,6119620"," -0,3698180",16
202000029959,20,12,14,22:45,3,1,1,3,6,86210,M,"47,1333590","0,0556290",86
202000029960,20,12,11,12:45,1,2,2,2,3,33211,M,"45,0151240"," -0,6395410",33
202000029961,20,12,14,18:15,5,2,6,2,3,76475,M,"49,4024530","1,1609670",76
202000029962,20,12,15,19:45,3,1,1,5,6,62721,M,"50,6742120","2,3168830",62
202000029963,20,9,12,19:50,1,1,1,1,5,13211,M,"43,2919300","5,4520000",13
202000029964,20,12,10,14:50,1,1,1,1,6,13216,M,"43,3400000","5,3400000",13
202000029965,20,12,14,14:40,1,1,1,1,6,69388,M,"45,7210600","4,8836500",69
202000029966,20,12,14,18:35,1,1,1,1,4,33318,M,"44,7876800"," -0,6386900",33
202000029967,20,12,14,17:45,3,1,1,1,4,33039,M,"44,7994870"," -0,5358410",33
202000029968,20,12,14,18:30,5,1,1,1,4,33550,M,"44,7808400"," -0,5797700",33
202000029969,20,12,13,16:55,1,1,1,2,6,59378,M,"50,6764880","3,1136610",59
202000029970,20,12,12,21:20,3,1,1,1,5,59501,M,"50,3741080","3,2426250",59