Num_Acc,an,mois,jour,hrmn,lum,agg,int,atm,col,com,gps,lat,long,dep
202000029971,20,12,8,13:00,1,1,1,2,6,59234,M,"50,4032420","3,0499140",59
202000029972,20,12,4,19:00,3,1,1,1,5,59043,M,"50,7256910","2,7274170",59
202000029973,20,11,13,22:40,3,1,1,2,6,59350,M,"50,6211218","3,0823785",59
202000029974,20,12,14,03:45,3,1,1,1,6,91521,M,"48,6319740","2,4007240",91
202000029975,20,12,14,07:09,3,1,1,2,3,92050,M,"48,9168219","2,2215391",92
202000029976,20,12,12,22:55,5,1,1,1,7,75116,M,"48,8484060","2,2493270",75
202000029977,20,12,13,13:10,1,1,1,1,7,95212,M,"49,0291600","2,5303300",95
202000029978,20,12,12,21:10,3,1,1,2,6,95018,M,"48,9634700","2,2682000",95
202000029979,20,12,12,22:10,3,1,1,1,2,95491,M,"49,0063532","2,2436590",95
202000029980,20,12,12,17:35,3,1,1,1,3,95394,M,"49,0522200","2,1581200",95
202000029981,20,11,30,17:15,1,2,1,1,1,97411,R," -20,8817700","55,4603000",974
202000029982,20,12,13,17:40,5,2,2,1,3,69387,M,"45,7437300","4,8410200",69
202000029983,20,12,13,15:20,1,2,2,1,3,69383,M,"45,7583700","4,8486500",69
202000029984,20,12,13,17:20,2,2,1,1,1,2B033,M,"42,6884900","9,4467900",2B
202000029985,20,12,10,11:05,1,2,1,1,6,95555,M,"48,9658396","2,2838205",95
202000029986,20,12,12,09:40,1,2,1,9,6,83061,M,"43,4330800","6,7544000",83
202000029987,20,12,13,19:00,5,2,2,2,3,78517,M,"48,6445500","1,8247180",78
202000029988,20,12,13,10:35,1,2,6,1,3,59378,M,"50,6629160","3,0750510",59
202000029989,20,12,12,16:15,1,2,6,2,6,47027,M,"44,4034826","0,6774975",47
202000029990,20,12,13,17:45,5,2,1,2,3,42095,M,"45,3913922","4,2748088",42
202000029991,20,12,13,01:50,3,2,1,1,7,37233,M,"47,4024613","0,7521692",37
202000029992,20,12,13,13:55,1,2,1,2,7,37122,M,"47,3494148","0,6676769",37
202000029993,20,12,13,18:00,5,2,2,1,3,30189,M,"43,8127400","4,3705800",30
202000029994,20,12,13,17:12,5,2,1,1,3,30189,M,"43,8256600","4,3778900",30
202000029995,20,12,12,11:04,1,2,2,1,3,17200,M,"46,1830300"," -1,1523200",17
202000029996,20,12,13,17:26,5,2,1,1,3,13211,M,"43,2862116","5,4769331",13
202000029997,20,12,12,11:00,1,2,6,1,2,13211,M,"43,2893246","5,4377567",13
202000029998,20,12,10,17:59,5,2,4,1,2,75118,M,"48,9008990","2,3637500",75
202000029999,20,12,13,21:35,5,2,2,2,3,75112,M,"48,8470050","2,4112400",75
202000030000,20,12,13,19:15,5,2,2,2,3,75119,M,"48,8923800","2,3789890",75
202000030001,20,12,13,06:20,5,2,2,1,3,75118,M,"48,8912060","2,3436360",75
202000030002,20,12,12,10:50,1,2,4,1,2,75116,M,"48,8363930","2,2568300",75
202000030003,20,12,13,22:15,5,2,3,3,7,75113,M,"48,8206110","2,3556310",75
202000030004,20,12,13,21:50,4,2,9,2,1,94073,M,"48,7581100","2,3699800",94
202000030005,20,12,12,22:10,5,2,9,2,3,94073,M,"48,7590769","2,3956721",94
202000030006,20,12,13,16:20,1,2,9,2,3,94033,M,"48,8540700","2,4691500",94
202000030007,20,1,14,14:45,1,2,4,1,3,33522,M,"44,8106530"," -0,5739260",33
202000030008,20,1,14,13:25,1,1,1,1,6,31555,M,"43,6252600","1,4108100",31
202000030009,20,1,13,19:30,3,2,1,1,3,31555,M,"43,6153880","1,4409890",31
202000030010,20,1,13,17:30,5,2,1,1,6,31555,M,"43,6570680","1,4206790",31
202000030011,20,1,13,18:10,5,2,1,2,6,29232,M,"47,9903200"," -4,1123700",29
202000030012,20,1,13,07:45,5,1,1,2,4,29019,M,"48,4277079"," -4,4748746",29
202000030013,20,1,12,17:42,2,2,2,1,1,29019,M,"48,3997300"," -4,4860200",29
202000030014,20,1,13,16:30,1,2,2,2,1,22278,M,"48,4990700"," -2,7500000",22
202000030015,20,1,10,07:40,3,1,1,2,6,18033,M,"47,0447500","2,4233000",18
202000030016,20,1,14,21:10,5,2,1,1,2,13209,M,"43,2668640","5,4080890",13
202000030017,20,1,5,17:50,1,2,1,1,3,13002,M,"43,3330300","5,4616500",13
202000030018,20,1,12,01:10,5,2,1,1,2,13211,M,"43,2867897","5,4672391",13
202000030019,20,1,14,14:30,1,2,9,1,3,13214,M,"43,3335200","5,3962800",13
202000030020,20,1,13,10:40,1,2,1,1,6,13207,M,"43,2917990","5,3557780",13
202000030021,20,1,13,18:30,5,2,1,1,1,13063,M,"43,5904082","4,9940211",13
202000030022,20,1,12,12:30,1,2,1,1,6,13005,M,"43,3003500","5,5695700",13
202000030023,20,1,14,18:50,3,2,1,1,2,10081,M,"48,3252300","4,0304500",10
202000030024,20,1,14,18:37,5,2,1,1,3,10387,M,"48,3096200","4,0973000",10
202000030025,20,1,14,09:15,1,2,6,7,3,09122,M,"42,9490900","1,6255100",09
202000030026,20,1,9,14:00,1,2,7,3,3,08409,M,"49,6966400","4,9296200",08
202000030027,20,1,14,09:00,1,2,1,1,6,06069,M,"43,6443300","6,9410500",06
202000030028,20,1,14,13:30,1,2,1,1,3,06029,M,"43,5527200","7,0281600",06
202000030029,20,1,12,14:50,1,2,1,1,1,06027,M,"43,6577500","7,1703300",06
202000030030,20,1,9,11:25,1,2,9,1,3,06027,M,"43,6676100","7,1396600",06
202000030031,20,1,13,08:54,1,2,1,1,3,05061,M,"44,5610600","6,0772300",05
202000030032,20,1,10,11:25,1,2,1,8,6,03190,M,"46,5739156","3,3341585",03
202000030033,20,1,9,13:35,1,2,1,1,6,03185,M,"46,3410213","2,5991395",03
202000030034,20,1,13,19:00,2,2,4,8,3,75114,M,"48,8239825","2,3077172",75
202000030035,20,1,13,17:54,5,2,1,2,1,75103,M,"48,8597590","2,3645430",75
202000030036,20,1,14,14:00,1,2,7,8,6,75120,M,"48,8650620","2,3983240",75
202000030037,20,1,14,09:40,1,2,1,8,3,75119,M,"48,8781380","2,3717810",75
202000030038,20,1,14,19:00,5,2,3,1,3,75118,M,"48,8866059","2,3260100",75
202000030039,20,1,14,16:05,1,2,2,8,6,75118,M,"48,8985330","2,3590000",75
202000030040,20,1,14,09:50,1,2,3,1,6,75117,M,"48,8768322","2,2854737",75
202000030041,20,1,14,19:20,5,2,7,1,6,75116,M,"48,8453478","2,2575268",75
202000030042,20,1,14,07:15,2,2,1,1,3,75116,M,"48,8765880","2,2825760",75
202000030043,20,1,13,18:15,2,2,2,2,5,75116,M,"48,8585640","2,2448870",75
202000030044,20,1,13,05:05,5,2,1,1,3,75116,M,"48,8579710","2,2526960",75
202000030045,20,1,14,20:50,5,2,1,1,3,75110,M,"48,8767130","2,3542020",75
202000030046,20,1,14,02:55,5,2,1,1,2,75110,M,"48,8735109","2,3749363",75
202000030047,20,1,14,18:00,5,2,1,1,6,75109,M,"48,8717602","2,3413842",75
202000030048,20,1,14,13:30,1,2,7,1,6,75108,M,"48,8641413","2,3203214",75
202000030049,20,1,14,11:15,1,2,1,1,6,75103,M,"48,8579070","2,3601978",75
202000030050,20,1,14,10:40,1,2,7,1,2,75101,M,"48,8624209","2,3362356",75
202000030051,20,1,14,09:45,1,2,2,1,1,94046,M,"48,8105396","2,4565286",94
202000030052,20,1,14,07:45,2,2,2,1,6,94076,M,"48,7834800","2,3717400",94
202000030053,20,1,14,16:50,1,2,1,1,5,94073,M,"48,7455800","2,3694400",94
202000030054,20,1,13,17:15,2,2,1,1,6,94028,M,"48,8006700","2,4568100",94
202000030055,20,1,14,14:30,1,2,3,1,3,94019,M,"48,8006500","2,5422200",94
202000030056,20,1,14,09:25,1,2,1,1,6,94002,M,"48,7969239","2,4221406",94
202000030057,20,1,14,20:15,5,2,9,6,6,93078,M,"48,9457753","2,5646478",93
202000030058,20,1,14,08:25,1,1,1,1,3,93073,M,"49,0034100","2,5367700",93
202000030059,20,1,14,07:00,2,2,3,1,3,93066,M,"48,9480525","2,3539255",93
202000030060,20,1,13,22:40,5,2,3,1,3,93031,M,"48,9440300","2,3381600",93
202000030061,20,1,14,21:25,5,2,1,2,2,93014,M,"48,9027700","2,5475600",93
202000030062,20,1,13,08:30,1,2,3,8,6,93014,M,"48,9131600","2,5483900",93
202000030063,20,1,13,18:30,5,2,1,2,3,92046,M,"48,8179680","2,2945360",92
202000030064,20,1,12,10:00,1,2,3,1,3,92063,M,"48,8684786","2,1484776",92
202000030065,20,1,14,10:56,1,2,2,1,3,92062,M,"48,8829600","2,2397300",92
202000030066,20,1,12,23:50,1,1,6,1,3,92050,M,"48,8882740","2,1934720",92
202000030067,20,1,14,17:45,5,2,1,1,1,92048,M,"48,7846308","2,2343834",92
202000030068,20,1,14,15:15,1,2,2,1,6,92026,M,"48,8988200","2,2566440",92
202000030069,20,1,14,06:45,5,2,6,1,3,12300,M,"44,3810640","2,0397550",12
202000030070,20,1,14,13:15,1,1,1,8,1,62177,M,"50,4482505","1,8203324",62
202000030071,20,1,14,19:00,5,2,1,2,6,95480,M,"49,1136910","2,2097110",95
202000030072,20,1,14,15:50,1,1,1,3,6,44137,M,"47,3589480"," -2,0377110",44
202000030073,20,1,14,18:00,2,1,1,1,7,40200,M,"44,3677890"," -0,7552290",40
202000030074,20,1,14,18:45,3,2,1,2,6,35024,M,"48,1871430"," -1,6278920",35
202000030075,20,1,12,05:15,3,1,1,1,7,59331,M,"50,1177030","3,6489350",59
202000030076,20,1,10,17:15,1,1,2,1,3,56203,M,"48,1707491"," -3,0156700",56
202000030077,20,1,14,10:40,1,1,2,2,3,76013,M,"49,7788350","0,5227530",76
202000030078,20,1,15,08:15,1,2,1,1,6,71230,M,"46,5993374","4,0606215",71
202000030079,20,1,14,21:00,3,1,2,3,6,29275,M,"48,4211760"," -3,6311030",29
202000030080,20,1,15,09:35,1,1,1,8,2,29160,M,"48,4755310"," -4,4846860",29
202000030081,20,1,14,20:15,3,1,3,1,3,38095,M,"45,1304910","5,2883400",38
202000030082,20,1,15,02:00,3,1,1,1,6,84030,M,"44,0817240","5,1081830",84
202000030083,20,1,15,07:00,2,2,3,1,6,01034,M,"45,7566020","5,6862310",01
202000030084,20,1,15,16:25,1,1,3,1,3,05087,M,"44,5562400","5,8644610",05
202000030085,20,1,15,07:00,5,1,6,1,6,16132,M,"45,8939186","0,7867293",16
202000030086,20,1,14,13:20,1,1,2,2,3,53030,M,"47,9550370"," -0,6238640",53
202000030087,20,1,13,18:15,5,2,2,8,2,88488,M,"48,1919870","6,0924070",88
202000030088,20,1,13,06:50,2,1,1,1,5,68066,M,"48,0544530","7,3748490",68
202000030089,20,1,14,21:30,3,1,1,1,2,68235,M,"47,9907890","7,3780670",68
202000030090,20,1,14,19:05,5,2,1,2,6,35208,M,"48,0000000"," -1,6671700",35
202000030091,20,1,15,07:30,1,2,2,1,3,97309,G,"4,9119559"," -52,2695312",973
202000030092,20,1,14,17:25,1,2,2,1,3,97309,G,"4,8865662"," -52,2759832",973
202000030093,20,1,10,16:05,1,2,6,1,3,97103,A,"16,2439800"," -61,5710080",971
202000030094,20,1,15,06:00,3,1,1,2,1,97415,R," -21,0871130","55,2747580",974
202000030095,20,1,10,14:55,1,1,2,1,3,41130,M,"47,7265850","1,3334260",41
202000030096,20,1,15,08:20,1,1,6,1,6,67033,M,"48,7463015","7,6795631",67
202000030097,20,1,14,11:30,1,1,3,1,3,42222,M,"45,6211361","4,3361335",42
202000030098,20,1,14,16:45,1,1,1,1,6,26235,M,"44,3803810","4,6883100",26
202000030099,20,1,14,19:50,3,1,2,1,3,01345,M,"45,9430260","5,3101840",01
202000030100,20,1,14,14:20,2,1,1,1,4,13106,M,"43,4052460","5,3599520",13
202000030101,20,1,13,10:15,1,1,1,1,3,13001,M,"43,5332500","5,3680600",13
202000030102,20,1,5,20:00,3,1,1,1,4,01275,M,"45,8145000","4,9318200",01
202000030103,20,1,9,20:18,3,1,1,1,3,67218,M,"48,5454200","7,7296400",67
202000030104,20,1,10,08:15,2,1,1,1,-1,59569,M,"50,3810590","3,1392050",59
202000030105,20,1,14,16:40,1,1,1,1,-1,94034,M,"48,7555203","2,3409783",94
202000030106,20,1,14,15:59,1,1,1,1,2,91570,M,"48,6250000","2,3290000",91
202000030107,20,1,14,15:43,1,1,1,1,7,94003,M,"48,8040276","2,3420366",94
202000030108,20,1,14,08:25,2,1,1,8,2,78297,M,"48,7929740","2,0532770",78
202000030109,20,1,14,07:20,5,1,1,1,2,92012,M,"48,8484972","2,2309316",92
202000030110,20,1,14,07:30,2,1,1,1,2,92012,M,"48,8483320","2,2306913",92
202000030111,20,1,13,08:36,1,1,1,1,3,92064,M,"48,8393700","2,2068900",92
202000030112,20,1,13,21:40,3,1,1,1,2,95061,M,"49,0683500","2,2521000",95
202000030113,20,1,13,10:40,1,1,1,2,2,95042,M,"49,0570300","2,2948500",95
202000030114,20,1,13,09:08,1,1,1,2,4,95580,M,"49,0894200","2,5505800",95
202000030115,20,1,12,02:00,3,1,1,1,6,95394,M,"49,0516300","2,1823200",95
202000030116,20,1,12,00:15,3,1,1,1,2,95572,M,"49,0309207","2,1212871",95
202000030117,20,1,11,22:45,3,1,1,1,6,93005,M,"48,9739200","2,4877000",93
202000030118,20,1,14,18:00,3,1,9,1,3,77438,M,"48,8674251","2,6706209",77
202000030119,20,1,14,17:00,3,1,1,1,2,94058,M,"48,8510600","2,4923000",94
202000030120,20,1,13,13:10,1,1,1,2,7,77169,M,"48,8249700","2,6157520",77
202000030121,20,1,9,03:05,5,1,1,1,6,94052,M,"48,8443248","2,4923092",94
202000030122,20,1,13,12:30,1,2,2,8,2,92002,M,"48,7497060","2,3042970",92
202000030123,20,1,16,09:00,1,2,3,3,3,98818,C," -22,2721600","166,4502600",988
202000030124,20,1,15,10:30,1,2,3,1,3,98818,C," -22,2483300","166,4637700",988
202000030125,20,1,15,10:10,1,2,6,1,2,97411,R," -20,9059832","55,4861128",974
202000030126,20,1,14,13:40,1,2,1,1,2,97302,G,"4,9380449"," -52,3261428",973
202000030127,20,1,15,15:50,1,2,9,1,3,69383,M,"45,7570922","4,8588096",69
202000030128,20,1,15,14:20,1,2,1,1,3,69259,M,"45,6950574","4,8736151",69
202000030129,20,1,14,12:50,1,2,2,1,7,97209,A,"14,6075100"," -61,0690600",972
202000030130,20,1,15,18:35,5,2,1,1,3,69081,M,"45,7726100","4,7778800",69
202000030131,20,1,14,17:15,5,2,1,1,6,69389,M,"45,7653200","4,8006400",69
202000030132,20,1,14,11:00,1,2,1,1,6,69149,M,"45,7197174","4,8011782",69
202000030133,20,1,15,19:30,5,2,1,1,3,2A004,M,"41,9382136","8,7407071",2A
202000030134,20,1,15,13:45,1,2,1,1,2,91421,M,"48,7068500","2,4406000",91
202000030135,20,1,15,10:00,1,2,6,1,2,91377,M,"48,7276000","2,2733000",91
202000030136,20,1,15,18:40,5,2,1,2,2,91114,M,"48,6973000","2,4969000",91
202000030137,20,1,15,17:40,5,2,1,2,3,91631,M,"48,6796000","2,5592000",91
202000030138,20,1,14,18:19,2,2,1,1,2,87065,M,"45,8183800","1,2955500",87
202000030139,20,1,14,07:40,5,2,1,1,6,87085,M,"45,8398900","1,2694200",87
202000030140,20,1,14,13:00,1,2,1,1,2,86194,M,"46,5920772","0,3490949",86
202000030141,20,1,15,08:05,1,2,2,8,6,83137,M,"43,1284500","5,9245000",83
202000030142,20,1,15,07:55,1,2,9,1,6,83137,M,"43,1401800","5,9100600",83
202000030143,20,1,10,15:25,1,2,1,1,2,80001,M,"50,1159700","1,8276100",80
202000030144,20,1,15,07:30,3,1,2,1,3,78609,M,"49,0286710","1,9271850",78
202000030145,20,1,9,17:55,3,2,1,2,6,78297,M,"48,7738030","2,0738880",78
202000030146,20,1,13,17:50,5,2,2,2,3,77146,M,"48,8247900","2,6313800",77
202000030147,20,1,14,08:20,5,2,1,2,6,72181,M,"47,9806200","0,2117400",72
202000030148,20,1,14,12:15,1,2,9,1,3,69029,M,"45,7253400","4,9332800",69
202000030149,20,1,15,16:50,1,2,2,1,3,64189,M,"43,3826400"," -1,6664700",64
202000030150,20,1,14,08:05,1,2,1,1,3,64024,M,"43,4808500"," -1,5135500",64
202000030151,20,1,14,10:26,1,2,1,1,6,63113,M,"45,7694400","3,0910500",63
202000030152,20,1,15,13:30,1,1,6,1,2,60159,M,"49,3884849","2,7869416",60
202000030153,20,1,13,08:15,2,2,1,1,6,57672,M,"49,3424400","6,1605700",57
202000030154,20,1,14,20:35,5,2,1,6,6,56121,M,"47,7605300"," -3,3843300",56
202000030155,20,1,14,13:30,1,2,1,1,6,54265,M,"48,6436291","6,1857377",54
202000030156,20,1,13,18:45,2,2,1,2,7,51108,M,"48,9487790","4,3714541",51
202000030157,20,1,14,09:40,1,1,1,2,3,50203,M,"49,6160100"," -1,6383200",50
202000030158,20,1,13,19:00,5,2,3,2,6,50129,M,"49,6422800"," -1,6224300",50
202000030159,20,1,14,18:20,3,2,1,3,4,49246,M,"47,4365700"," -0,4935700",49
202000030160,20,1,14,23:10,5,2,1,1,-1,49353,M,"47,4445300"," -0,5006500",49
202000030161,20,1,14,08:58,1,2,1,2,7,49015,M,"47,5178600"," -0,6084600",49
202000030162,20,1,15,17:45,3,2,1,1,6,45234,M,"47,8362955","1,9333409",45
202000030163,20,1,14,18:30,5,2,2,9,4,45284,M,"47,9109954","1,9593137",45
202000030164,20,1,12,11:30,1,1,1,1,6,45285,M,"47,9077500","1,8583600",45
202000030165,20,1,15,15:36,1,1,1,7,6,43157,M,"45,0394600","3,9036900",43
202000030166,20,1,6,16:25,1,2,2,1,6,42218,M,"45,4304800","4,3909700",42
202000030167,20,1,15,10:40,1,2,1,1,2,37122,M,"47,3545686","0,6990721",37
202000030168,20,1,14,17:45,5,2,1,2,6,37261,M,"47,3845574","0,6672870",37
202000030169,20,1,12,08:00,1,2,6,1,6,37261,M,"47,4187063","0,6926977",37
202000030170,20,1,16,02:15,5,2,6,1,6,33039,M,"44,7911190"," -0,5350556",33
202000030171,20,1,15,22:50,5,2,3,1,3,33039,M,"44,7899200"," -0,5667100",33
202000030172,20,1,15,14:15,1,2,2,1,3,33119,M,"44,8580590"," -0,5353500",33
202000030173,20,1,15,20:23,5,2,2,1,3,33069,M,"44,8686383"," -0,5918176",33
202000030174,20,1,9,14:10,1,2,1,1,1,33063,M,"44,8577900"," -0,5588600",33
202000030175,20,1,15,07:45,2,2,3,1,3,33063,M,"44,8138969"," -0,5729907",33
202000030176,20,1,6,14:45,1,2,2,9,3,33522,M,"44,8031100"," -0,5979600",33
202000030177,20,1,15,16:30,1,1,1,1,5,33529,M,"44,6177700"," -1,1336240",33
202000030178,20,1,15,15:10,1,2,1,2,3,33529,M,"44,6308500"," -1,1475900",33
202000030179,20,1,14,17:20,2,2,1,1,3,31555,M,"43,6147500","1,4294500",31
202000030180,20,1,14,15:00,1,1,1,1,2,31555,M,"43,5738100","1,4388800",31
202000030181,20,1,9,14:35,1,2,1,1,6,26198,M,"44,5550400","4,7492310",26
202000030182,20,1,9,18:20,5,1,1,2,6,22278,M,"48,5153000"," -2,7359000",22
202000030183,20,1,6,08:40,1,2,1,1,6,18205,M,"47,0945900","2,3787500",18
202000030184,20,1,15,19:45,5,2,1,1,2,13215,M,"43,3364500","5,3534100",13
202000030185,20,1,15,16:50,1,2,1,1,6,13210,M,"43,2696580","5,3902700",13
202000030186,20,1,15,06:15,5,2,2,1,3,13208,M,"43,2790840","5,3828840",13
202000030187,20,1,11,20:30,5,2,1,1,6,13201,M,"43,2984600","5,3842200",13
202000030188,20,1,15,14:00,1,1,1,8,7,13047,M,"43,5347400","4,9746700",13
202000030189,20,1,8,11:50,1,2,6,1,3,13047,M,"43,4906900","4,9861700",13
202000030190,20,1,10,17:00,1,1,6,2,7,12176,M,"44,3819600","2,5938500",12
202000030191,20,1,15,21:40,5,2,2,1,3,06088,M,"43,7161000","7,2535000",06
202000030192,20,1,14,06:20,5,2,1,1,5,06088,M,"43,7304700","7,2842200",06
202000030193,20,1,15,15:25,1,2,1,1,3,06069,M,"43,6565980","6,9327780",06
202000030194,20,1,11,10:35,1,2,1,1,3,04112,M,"43,8284700","5,7873500",04
202000030195,20,1,15,15:50,1,2,5,2,3,75114,M,"48,8226606","2,3146981",75
202000030196,20,1,14,23:50,5,2,7,1,3,75105,M,"48,8456902","2,3459051",75
202000030197,20,7,5,11:50,1,2,1,1,7,11069,M,"43,2300000","2,3200000",11
202000030198,20,7,4,12:20,1,1,1,1,2,09207,M,"42,9261710","1,6337840",09
202000030199,20,7,6,19:50,1,2,1,1,3,75116,M,"48,8473350","2,2540690",75
202000030200,20,7,6,16:40,1,2,1,1,3,75113,M,"48,8161200","2,3599110",75
202000030201,20,7,6,10:00,1,2,1,1,3,75114,M,"48,8209270","2,3218280",75
202000030202,20,7,3,19:35,1,2,4,1,4,75118,M,"48,9010370","2,3587590",75
202000030203,20,7,6,08:54,1,2,5,1,3,75120,M,"48,8561930","2,4049360",75
202000030204,20,7,6,12:30,1,2,3,1,6,75119,M,"48,8959460","2,3739570",75
202000030205,20,7,6,09:50,1,2,5,1,6,75118,M,"48,8898010","2,3429350",75
202000030206,20,7,6,12:10,1,2,7,1,3,75117,M,"48,8808310","2,2840600",75
202000030207,20,7,6,12:45,1,2,7,1,7,75117,M,"48,8829150","2,3090440",75
202000030208,20,7,6,09:40,1,2,2,1,3,75117,M,"48,8880320","2,2997060",75
202000030209,20,7,6,18:30,1,2,3,1,2,75116,M,"48,8649850","2,2903320",75
202000030210,20,7,6,09:10,1,2,1,1,2,75111,M,"48,8592440","2,3777060",75
202000030211,20,7,6,20:20,1,2,2,1,2,75110,M,"48,8797270","2,3586710",75
202000030212,20,7,6,17:50,1,2,3,1,1,75118,M,"48,8850580","2,3513160",75
202000030213,20,7,6,13:40,1,2,3,1,3,75109,M,"48,8800630","2,3306570",75
202000030214,20,7,6,00:20,5,2,4,1,3,75109,M,"48,8838640","2,3285790",75
202000030215,20,7,5,13:08,1,2,5,1,6,75108,M,"48,8749460","2,3059890",75
202000030216,20,6,28,02:20,5,2,2,1,3,75108,M,"48,8808530","2,3125460",75
202000030217,20,7,6,19:15,1,2,2,1,3,75107,M,"48,8628280","2,3134560",75
202000030218,20,7,6,18:50,1,2,2,1,3,75107,M,"48,8487970","2,3121800",75
202000030219,20,7,5,02:35,5,2,2,1,1,75101,M,"48,8590930","2,3464340",75
202000030220,20,7,6,18:05,1,2,3,1,3,75102,M,"48,8650500","2,3440560",75
202000030221,20,7,6,07:45,1,2,7,1,3,75104,M,"48,8571800","2,3473270",75
202000030222,20,7,5,03:55,5,2,2,1,6,75104,M,"48,8543670","2,3549540",75
202000030223,20,7,6,11:00,1,2,3,1,3,94037,M,"48,8167450","2,3337140",94
202000030224,20,7,6,02:50,5,2,1,1,7,94041,M,"48,8084900","2,3815200",94
202000030225,20,7,1,19:45,1,2,2,1,3,94033,M,"48,8570000","2,4705000",94
202000030226,20,7,6,17:15,1,2,8,1,3,94011,M,"48,7797800","2,4926800",94
202000030227,20,7,6,18:00,1,2,3,1,3,94054,M,"48,7474460","2,3890220",94
202000030228,20,7,6,10:10,1,2,9,1,6,94022,M,"48,7583000","2,4096000",94
202000030229,20,7,6,16:50,1,2,1,1,6,94017,M,"48,8109500","2,5455200",94
202000030230,20,7,6,01:00,5,2,1,1,3,94017,M,"48,8206114","2,5266895",94
202000030231,20,7,6,17:45,1,2,6,1,2,93078,M,"48,9613400","2,5567300",93
202000030232,20,7,6,18:30,1,2,2,1,2,93071,M,"48,9433911","2,5247230",93
202000030233,20,7,6,12:15,1,2,1,1,2,93071,M,"48,9385651","2,5132690",93
202000030234,20,7,6,19:50,1,2,1,1,6,93055,M,"48,9098300","2,4112900",93
202000030235,20,7,6,11:00,1,2,1,1,3,93055,M,"48,8937111","2,4155156",93
202000030236,20,7,6,16:15,1,2,4,1,6,93014,M,"48,9133000","2,5541100",93
202000030237,20,7,6,18:55,1,1,3,1,3,92046,M,"48,8177093","2,3078712",92
202000030238,20,7,6,18:45,1,2,5,1,2,92073,M,"48,8626980","2,2178470",92
202000030239,20,7,4,22:05,2,2,1,8,3,92020,M,"48,8066402","2,2858402",92
202000030240,20,7,6,17:55,1,2,1,1,4,92044,M,"48,9000350","2,2776630",92
202000030241,20,7,6,16:20,1,2,2,1,3,92044,M,"48,8930799","2,2927314",92
202000030242,20,7,6,10:44,1,2,2,1,6,92044,M,"48,8939744","2,2919701",92
202000030243,20,7,6,08:25,1,2,6,1,3,92036,M,"48,9229760","2,2865520",92
202000030244,20,7,4,20:30,1,2,1,1,7,92036,M,"48,9341570","2,2985360",92
202000030245,20,7,6,23:40,3,2,1,1,7,92062,M,"48,8939099","2,2359335",92
202000030246,20,7,6,11:55,1,2,1,1,6,92025,M,"48,9229260","2,2553590",92
202000030247,20,7,5,22:30,3,2,2,1,3,92025,M,"48,9220660","2,2526490",92
202000030248,20,7,5,22:45,5,2,2,1,6,92024,M,"48,9000200","2,3062400",92
202000030249,20,7,6,00:50,5,2,1,1,7,92023,M,"48,7959567","2,2675510",92
202000030250,20,6,29,09:00,1,1,1,1,6,92004,M,"48,9190253","2,3212088",92
202000030251,20,7,7,04:30,3,1,1,1,6,52294,M,"48,5468280","4,9099870",52
202000030252,20,7,7,07:45,1,1,1,1,2,80779,M,"50,0969360","1,8750140",80
202000030253,20,7,3,22:50,3,1,1,1,7,28211,M,"48,1442730","1,2662490",28
202000030254,20,7,6,17:50,1,1,1,1,6,41114,M,"47,7581170","1,5525750",41
202000030255,20,7,6,18:20,1,1,1,1,6,77406,M,"48,8554255","3,1957072",77
202000030256,20,7,7,11:00,1,1,1,1,2,76719,M,"49,7443010","0,4926950",76
202000030257,20,7,7,00:30,3,1,1,1,6,82190,M,"43,8620100","1,2481180",82
202000030258,20,7,6,21:15,1,1,1,1,7,81168,M,"44,1474320","2,1600690",81
202000030259,20,7,7,16:15,1,1,1,1,7,63319,M,"45,5548563","3,8867949",63
202000030260,20,7,7,12:00,1,2,4,1,3,47195,M,"44,1348330","0,3390740",47
202000030261,20,7,7,12:29,1,1,1,1,3,41115,M,"47,8843970","1,1821190",41
202000030262,20,7,6,20:52,1,1,1,1,6,44104,M,"47,4025900"," -0,9657030",44
202000030263,20,7,6,19:00,1,2,2,1,1,38409,M,"45,0790290","5,2831790",38
202000030264,20,6,21,14:45,1,1,1,1,7,15130,M,"45,0627490","3,2178928",15
202000030265,20,7,6,18:30,1,2,1,7,7,01056,M,"46,0190990","5,4600400",01
202000030266,20,7,4,18:30,1,2,1,1,3,01269,M,"46,1532070","5,6136600",01
202000030267,20,7,6,18:45,1,2,1,1,1,01296,M,"46,3633660","5,2951960",01
202000030268,20,7,6,13:15,1,1,3,1,1,14739,M,"49,3373790"," -0,4987780",14
202000030269,20,7,6,08:45,1,1,1,1,7,05040,M,"44,5319810","6,2852200",05
202000030270,20,6,28,04:50,2,1,1,1,6,83012,M,"43,5584390","5,9552040",83
202000030271,20,7,7,20:10,1,2,1,1,1,60600,M,"49,3012080","2,7297700",60
202000030272,20,7,6,16:50,1,1,3,1,3,60216,M,"49,4626710","2,4727610",60
202000030273,20,7,7,07:25,1,1,6,1,2,07289,M,"44,6256490","4,4186600",07
202000030274,20,7,5,17:51,1,1,4,7,3,40046,M,"44,4157910"," -1,1564960",40
202000030275,20,7,6,15:30,1,1,2,1,-1,40135,M,"44,1485560"," -0,5932300",40
202000030276,20,7,4,15:00,1,1,1,1,7,24540,M,"45,2877270","0,8298430",24
202000030277,20,7,5,18:30,1,1,1,1,3,04174,M,"43,9588000","6,7343290",04
202000030278,20,7,6,23:00,3,1,1,1,6,28393,M,"48,6012750","1,3693320",28