Num_Acc,an,mois,jour,hrmn,lum,agg,int,atm,col,com,gps,lat,long,dep
202000030279,20,7,3,11:05,1,2,1,1,1,30321,M,"43,7781280","4,0863990",30
202000030280,20,7,7,13:20,1,1,1,1,6,30123,M,"43,7094730","4,1699200",30
202000030281,20,7,7,09:15,1,2,2,1,3,67506,M,"48,6656080","7,7156230",67
202000030282,20,7,6,20:16,1,2,1,1,1,66174,M,"42,6825140","2,7352310",66
202000030283,20,7,6,19:20,1,1,1,1,6,44028,M,"47,3475030"," -1,3609210",44
202000030284,20,7,2,18:00,5,2,1,1,5,98715,P," -17,5480120"," -149,5946400",987
202000030285,20,6,27,21:10,5,2,9,1,6,98715,P," -17,5582230"," -149,5978780",987
202000030286,20,7,5,11:00,1,1,1,1,6,97603,Y," -12,9322080","45,1733890",976
202000030287,20,6,29,20:30,2,1,1,1,7,51097,M,"49,0325266","4,5594634",51
202000030288,20,7,6,18:05,1,2,1,1,6,68278,M,"47,7477710","7,3991210",68
202000030289,20,7,5,03:30,3,2,1,1,6,98722,P," -17,5914290"," -149,3821260",987
202000030290,20,7,7,16:55,1,2,1,1,3,45244,M,"47,7675670","2,4782590",45
202000030291,20,7,7,10:20,1,1,1,1,4,05134,M,"44,6457770","6,5755050",05
202000030292,20,7,2,05:00,2,2,1,2,6,25632,M,"47,4764270","6,7706730",25
202000030293,20,7,6,19:25,1,1,1,1,2,88174,M,"48,2167310","6,3431670",88
202000030294,20,7,6,15:15,1,1,3,7,7,54016,M,"48,7669390","5,8782860",54
202000030295,20,7,6,15:30,1,2,2,1,3,01160,M,"46,2577890","6,1141320",01
202000030296,20,7,5,13:30,1,1,9,1,6,69254,M,"45,9530050","4,4220830",69
202000030297,20,7,5,11:00,1,1,1,1,3,69254,M,"45,9604510","4,4155170",69
202000030298,20,7,7,11:30,1,1,1,1,5,09214,M,"42,9698400","1,1092440",09
202000030299,20,7,7,12:00,1,2,1,1,3,16304,M,"45,6888970"," -0,2844910",16
202000030300,20,7,5,22:10,1,1,1,1,7,86049,M,"46,9598700","0,1155710",86
202000030301,20,7,6,18:15,1,2,1,1,3,33003,M,"44,9517650"," -0,4869790",33
202000030302,20,7,7,14:15,1,1,1,1,1,33284,M,"44,5947300"," -0,9057930",33
202000030303,20,7,6,19:45,1,2,6,1,3,72336,M,"47,8457830"," -0,2977200",72
202000030304,20,6,9,18:15,1,1,1,1,2,27188,M,"49,3011413","1,0865049",27
202000030305,20,7,7,01:40,5,2,7,1,2,60462,M,"49,3291640","2,2000980",60
202000030306,20,7,7,19:10,1,1,1,1,6,80291,M,"49,7817910","2,3519110",80
202000030307,20,7,6,04:20,3,1,1,1,-1,13071,M,"43,3902600","5,3501700",13
202000030308,20,7,4,22:40,3,1,1,1,6,83137,M,"43,1275176","5,9751678",83
202000030309,20,7,6,16:50,1,1,1,1,4,33122,M,"44,7279500"," -0,7291000",33
202000030310,20,7,6,13:05,1,1,1,1,-1,78431,M,"48,9362190","1,9615190",78
202000030311,20,7,5,20:20,1,1,1,1,4,78362,M,"48,9758100","1,7232400",78
202000030312,20,7,6,17:10,1,1,1,1,2,95256,M,"49,0580300","2,2090000",95
202000030313,20,7,6,10:00,1,1,1,1,4,93066,M,"48,9193500","2,3575500",93
202000030314,20,7,6,10:30,1,1,1,1,2,93053,M,"48,8950100","2,4713300",93
202000030315,20,7,5,23:20,5,1,1,1,6,93066,M,"48,9061100","2,3586200",93
202000030316,20,7,5,19:10,5,2,1,1,6,98818,C," -22,2782100","166,4686000",988
202000030317,20,7,4,00:50,5,2,1,1,7,97416,R," -21,3435000","55,4686000",974
202000030318,20,7,4,17:25,3,1,1,1,3,97416,R," -21,3377400","55,5397700",974
202000030319,20,7,5,13:20,1,2,1,1,1,97411,R," -20,9085200","55,5031700",974
202000030320,20,7,5,09:20,1,2,2,1,3,97302,G,"4,9346298"," -52,3306757",973
202000030321,20,7,5,18:50,1,2,3,1,3,69383,M,"45,7491852","4,8755838",69
202000030322,20,7,5,13:10,1,2,2,1,3,69383,M,"45,7629180","4,8619118",69
202000030323,20,7,4,11:20,1,2,3,1,6,69388,M,"45,7446700","4,8680000",69
202000030324,20,7,5,16:30,1,2,1,1,1,97209,A,"14,6447700"," -61,0871600",972
202000030325,20,7,5,04:50,5,2,2,1,3,69382,M,"45,7633700","4,8342300",69
202000030326,20,7,5,15:25,1,2,4,1,3,69389,M,"45,7650100","4,8013100",69
202000030327,20,7,5,10:10,1,2,1,1,1,69152,M,"45,7027700","4,8280100",69
202000030328,20,7,5,07:00,1,2,2,1,3,69382,M,"45,7430500","4,8233100",69
202000030329,20,7,5,19:38,3,1,6,1,2,97101,A,"16,2499000"," -61,5291000",971
202000030330,20,6,26,17:10,1,1,1,1,6,97113,A,"16,2182100"," -61,5174200",971
202000030331,20,7,5,14:00,1,2,1,1,6,91174,M,"48,6132700","2,4831700",91
202000030332,20,2,6,12:28,1,2,2,1,3,77449,M,"48,8537900","2,7735800",77
202000030333,20,7,5,04:30,5,2,1,2,1,77108,M,"48,8950600","2,5910000",77
202000030334,20,7,5,14:40,1,2,8,1,6,69029,M,"45,7349000","4,9045900",69
202000030335,20,7,4,20:35,1,2,2,1,3,69290,M,"45,7064000","4,9349800",69
202000030336,20,7,5,13:35,1,2,1,1,7,64445,M,"43,3131000"," -0,3366000",64
202000030337,20,7,5,09:25,1,1,6,7,3,64348,M,"43,3170300"," -0,3951900",64
202000030338,20,7,1,18:40,1,1,3,1,3,59356,M,"50,6552500","2,9994000",59
202000030339,20,7,5,02:50,5,2,3,8,6,59017,M,"50,6953126","2,8957566",59
202000030340,20,7,5,18:00,1,2,2,1,-1,44162,M,"47,2350350"," -1,5957210",44
202000030341,20,7,5,18:55,1,2,1,1,6,43157,M,"45,0383000","3,8840000",43
202000030342,20,7,5,23:48,5,2,1,1,6,42044,M,"45,4003400","4,3537300",42
202000030343,20,7,5,14:45,1,1,1,1,7,35238,M,"48,1404000"," -1,6364500",35
202000030344,20,7,5,16:58,1,2,1,1,6,29039,M,"47,8868677"," -3,9196383",29
202000030345,20,6,17,18:00,1,2,6,9,3,28134,M,"48,7328000","1,3573000",28
202000030346,20,7,5,19:17,1,2,1,1,1,17291,M,"46,1750700"," -1,1149800",17
202000030347,20,7,5,19:35,1,2,2,1,6,13215,M,"43,3292147","5,3655625",13
202000030348,20,7,5,02:30,5,2,1,1,2,13208,M,"43,2639300","5,3738000",13
202000030349,20,6,24,22:00,5,2,3,1,2,13208,M,"43,2635930","5,3777980",13
202000030350,20,6,22,09:45,1,2,1,1,6,12145,M,"44,1031300","3,0765100",12
202000030351,20,7,4,14:52,1,1,1,1,7,09207,M,"42,9335500","1,6273100",09
202000030352,20,7,4,09:20,1,1,1,1,7,09207,M,"42,9448600","1,6221700",09
202000030353,20,7,4,10:40,1,2,1,1,3,06069,M,"43,6814240","6,9589370",06
202000030354,20,7,4,12:20,1,2,1,1,3,01053,M,"46,2001000","5,2135000",01
202000030355,20,7,5,20:00,1,2,1,1,3,75117,M,"48,8804410","2,2816520",75
202000030356,20,7,5,05:45,4,2,2,1,3,75111,M,"48,8640020","2,3706860",75
202000030357,20,7,4,21:46,2,2,2,1,6,75120,M,"48,8733590","2,3900210",75
202000030358,20,7,5,21:05,2,2,7,1,2,75106,M,"48,8441750","2,3241670",75
202000030359,20,7,5,15:45,1,2,4,1,6,75120,M,"48,8667190","2,3929230",75
202000030360,20,7,3,23:50,5,2,3,1,3,75120,M,"48,8515310","2,3995530",75
202000030361,20,7,5,22:00,5,2,2,1,6,75119,M,"48,8883870","2,3741440",75
202000030362,20,7,5,02:45,5,2,2,1,3,75119,M,"48,8827910","2,3756550",75
202000030363,20,7,5,17:35,1,2,2,1,6,75118,M,"48,8943430","2,3299270",75
202000030364,20,7,4,21:00,2,2,2,1,3,75118,M,"48,8910730","2,3442940",75
202000030365,20,7,5,17:30,1,2,4,1,3,75117,M,"48,8916090","2,3269590",75
202000030366,20,7,5,21:10,2,2,4,1,6,75116,M,"48,8521440","2,2642530",75
202000030367,20,7,5,21:15,1,2,7,2,7,75113,M,"48,8164490","2,3602920",75
202000030368,20,7,5,15:00,1,2,7,1,7,75113,M,"48,8224960","2,3470060",75
202000030369,20,7,3,16:30,1,2,2,1,6,75109,M,"48,8706820","2,3325220",75
202000030370,20,7,5,03:20,5,2,7,1,3,75116,M,"48,8717830","2,2763850",75
202000030371,20,7,5,02:24,5,2,3,1,3,75108,M,"48,8751460","2,3119690",75
202000030372,20,7,5,01:10,5,2,2,1,3,75107,M,"48,8622790","2,3015660",75
202000030373,20,7,5,12:50,1,2,3,1,7,75107,M,"48,8611250","2,3241890",75
202000030374,20,7,5,06:40,1,2,2,1,6,75104,M,"48,8583580","2,3519340",75
202000030375,20,7,5,12:20,1,2,1,8,1,94068,M,"48,8092000","2,4618800",94
202000030376,20,7,4,05:37,2,2,1,1,6,93066,M,"48,9268754","2,3575028",93
202000030377,20,7,5,19:30,1,1,1,1,6,93048,M,"48,8589087","2,4420483",93
202000030378,20,7,5,13:00,1,2,6,1,3,93010,M,"48,8951419","2,4778636",93
202000030379,20,7,5,01:03,5,2,1,1,6,93005,M,"48,9531506","2,5014490",93
202000030380,20,7,5,11:55,1,2,1,1,7,92048,M,"48,8199680","2,2337030",92
202000030381,20,7,4,18:40,5,1,1,1,6,97610,Y," -12,7391700","45,1946030",976
202000030382,20,7,5,18:40,1,2,2,1,3,01382,M,"46,0196040","4,9285430",01
202000030383,20,7,5,18:10,1,1,3,1,5,01434,M,"45,9674870","5,0743370",01
202000030384,20,7,5,02:45,3,2,1,1,6,62794,M,"50,7100610","2,1483210",62
202000030385,20,7,6,03:30,4,1,1,1,6,73218,M,"45,8462830","5,8484710",73
202000030386,20,7,5,02:45,3,1,2,1,3,84142,M,"43,9459520","5,0135800",84
202000030387,20,7,6,12:30,1,1,1,1,6,71273,M,"46,6667851","3,7862492",71
202000030388,20,7,6,06:55,1,2,1,1,6,45187,M,"47,8929130","2,5169040",45
202000030389,20,7,5,16:15,1,1,2,1,1,28022,M,"48,4854670","1,3943410",28
202000030390,20,7,5,19:46,1,1,1,1,6,21087,M,"47,1054560","4,7130600",21
202000030391,20,6,2,17:45,1,1,1,1,2,29204,M,"48,4991900"," -4,1832380",29
202000030392,20,2,14,17:39,1,2,1,1,7,10387,M,"48,2864700","4,0767800",10
202000030393,20,2,15,14:35,1,2,1,1,2,75113,M,"48,8266350","2,3889950",75
202000030394,20,2,13,23:51,5,2,2,8,-1,75105,M,"48,8425840","2,3429120",75
202000030395,20,2,15,16:50,1,2,2,1,3,75120,M,"48,8534970","2,4106530",75
202000030396,20,2,15,02:50,5,2,2,1,6,75119,M,"48,8896930","2,3681440",75
202000030397,20,2,14,22:30,5,2,7,1,6,75119,M,"48,8923650","2,3853960",75
202000030398,20,2,15,12:45,1,2,2,1,3,75114,M,"48,8353390","2,3292390",75
202000030399,20,2,14,21:40,5,2,2,1,6,75114,M,"48,8232550","2,3255560",75
202000030400,20,2,14,14:55,1,2,5,1,6,75114,M,"48,8305250","2,3192460",75
202000030401,20,2,15,10:25,1,2,1,1,3,75111,M,"48,8645300","2,3784990",75
202000030402,20,2,15,04:15,5,2,2,1,-1,75107,M,"48,8516530","2,3125440",75
202000030403,20,2,15,13:40,1,2,1,1,3,94078,M,"48,7330000","2,4476000",94
202000030404,20,2,15,19:51,5,2,2,2,6,94076,M,"48,7847000","2,3672000",94
202000030405,20,2,15,12:00,1,2,1,1,2,94034,M,"48,7527000","2,3300400",94
202000030406,20,2,15,09:35,1,2,1,1,6,93053,M,"48,8956000","2,4584500",93
202000030407,20,2,15,15:45,1,2,1,1,2,93046,M,"48,9324000","2,5594300",93
202000030408,20,2,15,19:05,5,2,1,2,6,92049,M,"48,8194390","2,3201920",92
202000030409,20,2,15,19:45,5,2,2,2,3,92035,M,"48,9068300","2,2388200",92
202000030410,20,2,15,05:05,5,2,1,1,6,92035,M,"48,9072699","2,2414663",92
202000030411,20,2,16,20:15,5,2,1,1,6,97415,R," -20,9828380","55,3288220",974
202000030412,20,2,15,19:15,3,1,4,7,7,47175,M,"44,5258310","0,7828720",47
202000030413,20,2,15,21:15,3,1,1,1,7,26031,M,"44,5462120","4,8448740",26
202000030414,20,2,14,18:50,2,1,1,1,7,24010,M,"45,1833750","0,5850970",24
202000030415,20,2,14,19:25,5,2,1,1,3,97353,G,"3,6430830"," -54,0381320",973
202000030416,20,2,15,15:59,1,1,1,1,5,83061,M,"43,4687820","6,7291900",83
202000030417,20,2,16,19:55,3,1,2,3,1,60570,M,"49,2506578","2,0393058",60
202000030418,20,2,16,00:05,4,1,1,1,1,01322,M,"45,9225390","4,8129720",01
202000030419,20,2,11,08:20,1,2,1,1,1,83031,M,"43,3928900","6,3299250",83
202000030420,20,2,16,07:30,2,1,1,1,6,79351,M,"46,4271200"," -0,5493160",79
202000030421,20,2,15,01:00,3,1,2,1,3,60006,M,"49,3196093","2,5886267",60
202000030422,20,2,15,02:00,4,2,1,3,7,80568,M,"49,8040160","2,9143810",80
202000030423,20,2,16,16:54,1,1,9,6,6,49248,M,"47,7571130"," -1,1739060",49
202000030424,20,2,16,11:20,1,2,3,1,6,41242,M,"47,2796200","1,5634030",41
202000030425,20,2,16,00:30,5,2,1,1,2,34304,M,"43,7660350","3,3398600",34
202000030426,20,2,16,04:00,3,1,1,6,6,02160,M,"49,6894820","3,9867500",02
202000030427,20,2,16,09:00,1,1,3,1,3,03120,M,"46,6310366","3,6608795",03
202000030428,20,2,16,01:24,5,2,1,1,1,06090,M,"43,5914610","6,9293100",06
202000030429,20,2,15,14:25,1,1,2,1,3,60024,M,"49,4032984","2,6728135",60
202000030430,20,2,16,00:50,3,1,1,1,6,45204,M,"47,7989396","1,8184412",45
202000030431,20,2,16,03:30,5,2,1,1,6,36021,M,"46,9832450","1,9720470",36
202000030432,20,2,14,19:15,5,2,9,1,3,07292,M,"45,1644710","4,6642130",07
202000030433,20,2,14,18:40,2,1,9,1,3,53207,M,"48,1282310"," -0,4436160",53
202000030434,20,2,16,15:00,1,1,1,1,3,40047,M,"43,5534700"," -0,7172010",40
202000030435,20,2,16,14:50,1,1,1,1,7,04144,M,"43,7767720","6,2836270",04
202000030436,20,2,15,19:25,3,1,1,1,1,27340,M,"49,3738190","0,8087400",27
202000030437,20,2,15,05:30,3,1,1,8,6,37145,M,"47,0367290","0,6575828",37
202000030438,20,2,14,10:10,1,2,1,1,6,30348,M,"44,0537530","4,1306340",30
202000030439,20,2,15,17:30,2,2,1,1,-1,67174,M,"48,9058590","7,6143840",67
202000030440,20,2,15,20:13,5,2,2,2,3,97307,G,"4,8862440"," -52,3381220",973
202000030441,20,2,15,17:30,1,2,6,1,3,06085,M,"43,6118440","6,9685990",06
202000030442,20,2,10,09:00,1,1,1,1,3,13001,M,"43,5160660","5,4329970",13
202000030443,20,2,16,06:17,3,1,1,2,6,30268,M,"44,2380050","4,1236930",30
202000030444,20,2,15,16:55,1,2,1,7,6,34157,M,"43,4260190","3,6028370",34
202000030445,20,2,16,11:55,1,2,1,2,3,83023,M,"43,4072850","6,0542660",83
202000030446,20,2,16,17:50,1,1,1,1,1,25251,M,"47,3411850","6,3153390",25
202000030447,20,2,16,04:00,5,1,1,1,7,71448,M,"46,3852627","4,8695633",71
202000030448,20,2,14,18:50,3,1,1,1,-1,57598,M,"49,1330090","7,0111390",57
202000030449,20,2,16,10:40,1,1,1,1,6,42066,M,"45,7393637","4,1890754",42
202000030450,20,2,16,15:21,1,1,2,1,1,69140,M,"45,9021980","4,6765230",69
202000030451,20,2,5,19:50,3,1,6,1,7,81038,M,"43,8761100","1,9078340",81
202000030452,20,2,15,19:00,3,1,1,1,7,81225,M,"43,9242650","1,9634840",81
202000030453,20,2,15,20:00,5,2,2,1,3,16187,M,"45,6565191","0,0843217",16
202000030454,20,2,16,01:45,3,1,1,1,6,49349,M,"47,1505930"," -1,1961100",49
202000030455,20,2,16,00:05,3,1,1,3,2,14160,M,"49,0660289"," -0,2930519",14
202000030456,20,2,14,15:00,1,1,2,1,4,76563,M,"49,5259880","0,3304910",76
202000030457,20,2,14,20:25,3,1,1,1,3,13019,M,"43,4225610","5,3719520",13
202000030458,20,2,10,15:00,1,1,1,1,3,13106,M,"43,3964050","5,3502670",13
202000030459,20,2,11,13:15,1,1,1,1,2,69290,M,"45,7079000","4,9556000",69
202000030460,20,2,14,09:00,1,1,1,8,4,78640,M,"48,7819240","2,1637500",78
202000030461,20,2,15,01:00,4,1,1,1,6,95580,M,"49,0822000","2,5516000",95
202000030462,20,2,14,23:20,5,1,1,1,-1,94042,M,"48,8265629","2,4667862",94
202000030463,20,1,31,07:40,3,1,1,2,4,77146,M,"48,8323722","2,6612390",77
202000030464,20,2,14,04:40,5,1,3,1,6,98818,C," -22,2364500","166,4386800",988
202000030465,20,2,11,11:00,1,2,1,2,1,98818,C," -22,2652300","166,4476900",988
202000030466,20,2,15,03:05,3,1,1,1,6,97416,R," -21,3122916","55,4955161",974
202000030467,20,2,13,19:15,2,1,3,1,1,97416,R," -21,3182100","55,4732400",974
202000030468,20,2,15,02:00,5,2,2,2,3,97411,R," -20,8766000","55,4479000",974
202000030469,20,2,14,14:39,1,1,6,1,2,97302,G,"4,8968103"," -52,3287478",973
202000030470,20,2,14,20:30,5,2,2,1,2,69266,M,"45,7665000","4,8688000",69
202000030471,20,2,14,14:15,1,2,3,1,3,69387,M,"45,7386300","4,8364400",69
202000030472,20,2,14,13:00,1,2,3,1,3,69276,M,"45,6830000","4,8614000",69
202000030473,20,2,14,08:30,1,2,2,2,6,69386,M,"45,7678412","4,8507298",69
202000030474,20,2,14,02:05,5,2,2,2,3,69387,M,"45,7492400","4,8419400",69
202000030475,20,2,11,12:15,1,1,1,1,7,97213,A,"14,6179000"," -61,0305000",972
202000030476,20,2,13,17:00,1,2,1,1,6,69385,M,"45,7598000","4,8273600",69
202000030477,20,2,14,14:15,1,2,1,1,3,2B033,M,"42,6647523","9,4376771",2B
202000030478,20,2,14,21:14,5,2,8,1,1,2A004,M,"41,9322216","8,7405326",2A
202000030479,20,2,13,12:15,1,2,1,1,7,2A004,M,"41,9216000","8,7373300",2A
202000030480,20,2,14,11:30,1,2,1,1,6,91228,M,"48,6260600","2,4270900",91
202000030481,20,2,14,14:15,1,2,1,1,6,91657,M,"48,7032630","2,4200210",91
202000030482,20,2,13,19:00,5,2,3,1,3,91425,M,"48,6368750","2,2768330",91
202000030483,20,2,13,17:21,1,1,1,2,6,87085,M,"45,8370700","1,1951800",87
202000030484,20,2,13,15:22,1,1,1,2,4,87085,M,"45,8562800","1,2806100",87
202000030485,20,1,14,08:00,1,2,1,1,1,30351,M,"43,9678000","4,7951000",30
202000030486,20,2,14,09:45,1,2,1,1,6,83137,M,"43,1285490","5,9128090",83
202000030487,20,2,14,09:30,1,2,3,1,3,83137,M,"43,1285300","5,9218800",83
202000030488,20,2,13,10:30,1,2,1,8,3,83062,M,"43,1433610","6,0176060",83
202000030489,20,2,7,19:05,5,2,3,1,1,83050,M,"43,5290910","6,4854730",83
202000030490,20,2,13,07:55,2,2,1,2,2,80674,M,"49,9077800","2,3218700",80
202000030491,20,2,12,10:05,1,2,1,1,6,80021,M,"49,8878000","2,3136900",80
202000030492,20,2,7,11:35,1,1,2,1,1,77501,M,"48,3348100","2,8670100",77
202000030493,20,2,13,20:50,5,2,1,1,6,76157,M,"49,4460500","1,0360400",76
202000030494,20,2,13,16:25,1,1,1,3,7,71306,M,"46,6914590","4,3721290",71
202000030495,20,2,14,16:00,1,2,1,1,3,69266,M,"45,7820000","4,8911000",69
202000030496,20,2,14,08:05,2,2,1,2,3,69275,M,"45,7599000","4,9607000",69
202000030497,20,2,13,18:50,5,2,1,2,2,69264,M,"45,9920000","4,7423000",69
202000030498,20,2,14,14:00,1,2,1,2,6,67482,M,"48,5639059","7,7533932",67
202000030499,20,2,14,01:10,5,2,3,1,7,67482,M,"48,5784200","7,7720200",67
202000030500,20,2,13,20:10,5,2,3,2,3,67482,M,"48,5861600","7,7181500",67
202000030501,20,2,14,14:38,1,2,1,1,7,66136,M,"42,6916900","2,8968400",66
202000030502,20,2,13,13:50,1,2,1,1,1,66136,M,"42,7210000","2,8902700",66
202000030503,20,2,11,19:00,4,2,1,1,2,65440,M,"43,2189200","0,0715910",65
202000030504,20,2,11,18:10,2,2,1,8,4,65440,M,"43,2275500","0,0559800",65
202000030505,20,2,11,18:25,5,2,1,2,6,64445,M,"43,3216100"," -0,3511700",64
202000030506,20,2,13,07:00,5,2,3,1,3,64024,M,"43,4802400"," -1,5254500",64
202000030507,20,2,12,01:18,5,2,1,1,7,63113,M,"45,7898567","3,1286209",63
202000030508,20,2,12,09:49,1,2,1,1,-1,63113,M,"45,7852800","3,1417800",63
202000030509,20,2,12,13:18,1,2,1,1,1,63113,M,"45,7903200","3,1330800",63
202000030510,20,2,13,22:50,5,2,5,1,3,63113,M,"45,7641400","3,1260400",63
202000030511,20,2,2,17:50,5,2,3,1,3,62765,M,"50,7466270","2,2620880",62
202000030512,20,2,13,20:15,5,2,1,1,3,59421,M,"50,6989993","3,1488705",59
202000030513,20,2,14,06:20,5,2,9,1,3,59098,M,"50,7730070","3,0648910",59
202000030514,20,2,13,22:00,3,2,1,1,6,56162,M,"47,7120900"," -3,4466000",56
202000030515,20,2,13,18:16,2,2,2,6,3,56098,M,"47,7563600"," -3,3361100",56
202000030516,20,2,14,18:10,5,2,1,1,7,51454,M,"49,2553710","4,0463598",51
202000030517,20,2,13,08:12,1,2,2,2,3,51454,M,"49,2225327","4,0141559",51
202000030518,20,2,13,13:57,1,2,1,1,3,49007,M,"47,4684504"," -0,5383283",49
202000030519,20,2,13,08:37,1,2,1,1,7,49007,M,"47,4598700"," -0,5199600",49
202000030520,20,2,11,08:37,1,2,1,1,6,49007,M,"47,4703500"," -0,5699200",49
202000030521,20,2,13,19:15,5,2,1,3,7,45234,M,"47,9087502","1,9108817",45
202000030522,20,2,14,16:50,1,2,3,1,3,37261,M,"47,3859609","0,6962468",37
202000030523,20,2,14,12:40,1,2,3,1,3,37261,M,"47,3816357","0,7051613",37
202000030524,20,2,14,13:05,1,2,1,1,3,34172,M,"43,6204969","3,8167247",34
202000030525,20,2,13,17:00,1,2,6,1,6,34336,M,"43,3206600","3,2791200",34
202000030526,20,2,14,19:00,5,1,1,1,4,33013,M,"44,8677200"," -0,4925000",33
202000030527,20,2,14,18:15,4,2,1,1,6,33318,M,"44,7986400"," -0,6814500",33
202000030528,20,2,14,17:00,1,2,3,1,6,33162,M,"44,8626900"," -0,6531300",33
202000030529,20,2,5,18:45,5,2,1,1,1,33281,M,"44,8307100"," -0,6666800",33
202000030530,20,2,11,11:40,1,2,1,1,6,33529,M,"44,6021500"," -1,1193900",33
202000030531,20,2,14,12:30,1,1,3,1,3,32013,M,"43,6698800","0,6018900",32
202000030532,20,2,14,02:10,5,2,1,1,6,31555,M,"43,5627700","1,4443400",31
202000030533,20,2,13,14:50,1,2,1,1,6,31555,M,"43,6253200","1,4551000",31
202000030534,20,2,13,07:30,3,2,1,1,3,31149,M,"43,6110400","1,3369300",31
202000030535,20,2,14,16:45,1,1,2,1,2,30189,M,"43,8052300","4,3366100",30
202000030536,20,2,9,03:10,5,2,1,1,4,30243,M,"44,0855500","4,0772300",30
202000030537,20,2,14,08:35,1,1,1,1,6,22360,M,"48,4836300"," -2,7651300",22
202000030538,20,1,20,14:50,1,2,1,1,6,22278,M,"48,5132261"," -2,7572733",22
202000030539,20,2,12,09:30,2,1,1,5,3,15012,M,"44,8429180","2,4765330",15
202000030540,20,2,14,15:05,1,1,1,1,3,14333,M,"49,4154700","0,2583900",14
202000030541,20,1,21,12:45,1,2,1,1,1,14117,M,"49,2831100"," -0,1235900",14
202000030542,20,2,14,06:25,5,2,1,1,6,14118,M,"49,2059300"," -0,3785600",14
202000030543,20,2,14,10:15,1,1,2,1,3,13106,M,"43,4034600","5,3569400",13
202000030544,20,2,14,17:15,2,2,1,1,2,13210,M,"43,2792070","5,4119970",13
202000030545,20,2,13,17:15,2,2,1,2,6,13211,M,"43,2896130","5,4705300",13
202000030546,20,2,14,10:50,1,2,3,1,3,13208,M,"43,2802828","5,3869432",13
202000030547,20,2,14,10:45,1,2,1,1,6,13212,M,"43,3063600","5,4188800",13
202000030548,20,2,11,18:50,5,1,9,1,2,13047,M,"43,4860000","4,9951600",13
202000030549,20,2,14,23:45,5,2,2,1,3,13001,M,"43,5320900","5,4555300",13
202000030550,20,2,12,11:45,1,2,3,1,1,12176,M,"44,3760900","2,5925700",12
202000030551,20,2,14,15:35,1,2,2,8,3,10387,M,"48,3066000","4,0648600",10
202000030552,20,2,13,17:38,2,2,2,2,3,10387,M,"48,3021000","4,0667000",10
202000030553,20,2,13,08:07,1,2,1,1,1,10362,M,"48,2970880","4,0551410",10
202000030554,20,2,14,05:00,5,2,1,1,2,09225,M,"43,1040100","1,6244700",09
202000030555,20,2,14,20:48,5,2,6,1,2,06083,M,"43,7716100","7,4925110",06
202000030556,20,2,13,17:40,1,2,1,1,6,06083,M,"43,7712250","7,4960700",06
202000030557,20,2,12,10:20,1,2,1,1,6,06123,M,"43,6665000","7,1872000",06
202000030558,20,2,14,10:20,1,1,1,1,2,05061,M,"44,5733000","6,1088800",05
202000030559,20,2,13,13:50,1,2,1,8,7,05061,M,"44,5655300","6,1022600",05
202000030560,20,2,12,19:00,4,2,1,1,4,05061,M,"44,5661400","6,0939300",05
202000030561,20,2,14,07:20,2,2,4,1,-1,75118,M,"48,9009740","2,3403670",75
202000030562,20,2,14,16:15,1,2,3,1,2,75118,M,"48,9005060","2,3443830",75
202000030563,20,2,14,18:50,5,2,2,1,6,75119,M,"48,8896740","2,3681460",75
202000030564,20,2,14,12:20,1,2,1,1,-1,75119,M,"48,8871980","2,3870500",75
202000030565,20,2,13,13:53,1,2,7,1,2,75119,M,"48,8894820","2,3957070",75
202000030566,20,2,14,08:50,1,2,2,1,3,75117,M,"48,8924420","2,3247890",75
202000030567,20,2,13,18:30,5,2,2,1,6,75116,M,"48,8546860","2,2693880",75
202000030568,20,2,14,15:15,1,2,1,1,-1,75115,M,"48,8369480","2,2973970",75
202000030569,20,2,14,09:00,1,2,5,1,7,75115,M,"48,8511360","2,3009650",75
202000030570,20,2,14,12:00,1,2,7,1,3,75108,M,"48,8653060","2,3205030",75
202000030571,20,2,14,08:07,1,2,1,1,3,75108,M,"48,8746050","2,3268550",75
202000030572,20,2,14,21:30,5,2,1,1,6,75101,M,"48,8667310","2,3282780",75
202000030573,20,2,14,18:00,5,2,3,1,3,75101,M,"48,8629300","2,3506830",75
202000030574,20,2,14,14:55,1,2,1,1,6,75103,M,"48,8647920","2,3581630",75
202000030575,20,2,14,03:10,5,2,1,1,7,94081,M,"48,7799100","2,4080300",94
202000030576,20,2,14,15:45,1,2,1,1,3,94068,M,"48,7973261","2,5019359",94
202000030577,20,2,14,15:15,1,2,1,1,2,94046,M,"48,8066980","2,4438830",94
202000030578,20,2,14,13:45,1,2,2,8,6,94041,M,"48,8172700","2,3964200",94
202000030579,20,2,14,12:50,1,2,1,1,6,94034,M,"48,7590300","2,3223500",94
202000030580,20,2,14,21:00,5,2,1,1,1,94028,M,"48,8012083","2,4578216",94
202000030581,20,2,14,09:55,1,2,2,8,3,94017,M,"48,8137000","2,5102000",94
202000030582,20,2,13,07:00,2,2,3,2,3,94004,M,"48,7468627","2,5101202",94
202000030583,20,2,13,09:10,1,2,9,1,3,94002,M,"48,7989426","2,4239829",94
202000030584,20,2,14,16:00,1,2,1,1,2,93066,M,"48,9322400","2,3489100",93
202000030585,20,2,14,17:30,1,2,1,1,3,93064,M,"48,8657294","2,4897480",93