Num_Acc,an,mois,jour,hrmn,lum,agg,int,atm,col,com,gps,lat,long,dep
202000030586,20,2,13,22:40,5,2,2,1,3,93048,M,"48,8575358","2,4399635",93
202000030587,20,2,14,20:30,5,2,3,1,3,93046,M,"48,9088000","2,5366600",93
202000030588,20,2,14,16:30,1,2,1,1,2,93008,M,"48,9020600","2,4452700",93
202000030589,20,4,1,20:04,2,2,4,1,3,69142,M,"45,7258800","4,8141200",69
202000030590,20,3,15,16:20,1,1,1,1,3,77186,M,"48,3562780","2,7613880",77
202000030591,20,3,31,17:40,1,2,1,1,6,64102,M,"43,4873000"," -1,4624000",64
202000030592,20,3,30,22:55,5,2,1,1,1,62194,M,"50,4900600","2,4817000",62
202000030593,20,3,31,14:15,1,2,1,1,6,62178,M,"50,4880180","2,5500510",62
202000030594,20,3,21,14:05,1,2,1,1,3,49007,M,"47,4512200"," -0,5269700",49
202000030595,20,4,1,20:33,5,2,1,1,3,33522,M,"44,8072600"," -0,5733500",33
202000030596,20,3,31,16:00,1,1,4,1,6,12013,M,"44,5366000","2,2430820",12
202000030597,20,1,14,03:57,5,2,1,1,1,75119,M,"48,8995860","2,3925950",75
202000030598,20,4,1,14:25,1,2,2,1,3,75108,M,"48,8737060","2,3064820",75
202000030599,20,3,30,09:30,1,2,2,1,3,92050,M,"48,9179420","2,2239830",92
202000030600,20,3,17,15:52,1,2,1,1,7,59499,M,"50,9437730","2,5383460",59
202000030601,20,3,9,14:02,1,2,1,2,1,38529,M,"45,1152500","5,8081700",38
202000030602,20,4,2,00:20,4,2,1,1,6,79208,M,"46,6698630"," -0,1536600",79
202000030603,20,4,1,21:00,3,1,1,1,6,61061,M,"48,4460910","0,9290960",61
202000030604,20,4,1,20:10,1,2,1,1,7,29041,M,"48,0568860"," -3,8269330",29
202000030605,20,4,2,18:00,1,1,1,1,7,70257,M,"47,4981400","5,9492910",70
202000030606,20,4,1,05:30,3,1,9,1,7,09116,M,"43,1322620","1,5481220",09
202000030607,20,4,1,17:25,1,1,1,1,7,17394,M,"46,1219720"," -0,6567710",17
202000030608,20,4,1,18:00,1,2,9,9,2,97307,G,"4,8747120"," -52,3317030",973
202000030609,20,4,2,08:30,1,1,1,1,6,02218,M,"49,5594390","3,8039620",02
202000030610,20,3,30,18:15,1,1,1,1,1,38068,M,"45,1021500","5,7150500",38
202000030611,20,1,23,10:00,1,1,1,1,5,26169,M,"44,4613000","4,7357590",26
202000030612,20,1,24,18:15,5,2,2,1,6,69384,M,"45,7772400","4,8203300",69
202000030613,20,1,23,12:00,1,2,3,1,3,69382,M,"45,7590900","4,8299800",69
202000030614,20,1,22,18:00,5,2,3,1,6,69389,M,"45,7792668","4,8018301",69
202000030615,20,1,31,13:35,1,2,1,8,6,59028,M,"50,4085000","3,0778300",59
202000030616,20,3,30,21:28,5,2,1,1,6,98818,C," -22,2579800","166,4467200",988
202000030617,20,3,31,10:30,1,2,9,1,3,69259,M,"45,6941034","4,8779371",69
202000030618,20,3,28,20:39,5,2,2,1,3,63113,M,"45,7755100","3,0820900",63
202000030619,20,3,28,01:31,5,2,1,1,6,63075,M,"45,7796700","3,0683700",63
202000030620,20,3,30,21:20,3,2,1,1,6,35241,M,"48,6137900"," -2,0356500",35
202000030621,20,3,31,17:25,1,2,9,2,6,13215,M,"43,3480000","5,3583000",13
202000030622,20,3,31,21:20,5,2,1,1,7,13001,M,"43,5308600","5,4159100",13
202000030623,20,3,11,17:45,1,2,3,1,1,07008,M,"44,7131740","4,6322170",07
202000030624,20,3,31,20:40,5,1,6,1,6,02408,M,"49,5462330","3,6067510",02
202000030625,20,3,30,15:40,1,2,1,1,7,75119,M,"48,8994910","2,3740860",75
202000030626,20,3,31,17:45,1,2,5,1,3,93077,M,"48,8837492","2,5144442",93
202000030627,20,3,31,15:20,1,2,4,1,6,93046,M,"48,9231400","2,5449000",93
202000030628,20,3,31,19:50,1,2,3,1,3,93079,M,"48,9569400","2,3434800",93
202000030629,20,3,31,18:20,1,2,1,1,-1,92048,M,"48,8105190","2,2437140",92
202000030630,20,2,12,14:20,1,1,1,1,2,95352,M,"49,1215580","2,4029370",95
202000030631,20,3,31,20:00,3,1,1,1,3,34224,M,"43,4505820","3,2215910",34
202000030632,20,4,1,08:30,1,2,1,1,6,03082,M,"46,2668675","2,7356592",03
202000030633,20,2,26,14:00,1,2,1,1,6,53107,M,"48,4078030"," -0,8105210",53
202000030634,20,3,30,16:20,1,1,1,1,6,42154,M,"45,8486180","4,2193670",42
202000030635,20,3,30,08:55,1,1,1,1,7,73296,M,"45,5200093","6,9140015",73
202000030636,20,3,30,02:40,5,2,1,4,7,73296,M,"45,4682740","6,9053040",73
202000030637,20,4,1,08:00,1,2,1,1,6,69094,M,"45,7374250","4,6916720",69
202000030638,20,3,30,20:45,3,1,1,1,6,13005,M,"43,2983640","5,5617930",13
202000030639,20,3,30,22:50,3,1,1,1,2,69296,M,"45,6441300","4,8295900",69
202000030640,20,3,30,20:50,3,1,1,1,3,95306,M,"49,0068300","2,1630300",95
202000030641,20,3,30,19:00,1,1,1,1,2,95018,M,"48,9514600","2,2800700",95
202000030642,20,3,31,15:50,1,1,1,1,6,77053,M,"48,6842661","2,5993344",77
202000030643,20,2,26,17:45,2,1,1,2,-1,94073,M,"48,7709765","2,3890221",94
202000030644,20,1,27,07:30,1,2,9,1,6,97107,A,"16,0406200"," -61,5663000",971
202000030645,20,1,15,13:05,1,2,3,1,6,91201,M,"48,6864800","2,4158200",91
202000030646,20,3,30,16:00,1,2,2,1,6,69387,M,"45,7314100","4,8334700",69
202000030647,20,3,30,07:50,1,2,6,1,3,97101,A,"16,2501200"," -61,5292300",971
202000030648,20,3,30,21:00,3,1,1,1,6,78227,M,"49,0142000","1,9373000",78
202000030649,20,1,26,02:10,5,2,3,1,6,73065,M,"45,5666344","5,9149169",73
202000030650,20,3,30,12:20,1,2,1,1,2,69266,M,"45,7659804","4,8802753",69
202000030651,20,3,27,16:15,1,2,1,1,2,67482,M,"48,5542310","7,7584350",67
202000030652,20,3,29,11:30,5,2,1,1,6,44143,M,"47,1627480"," -1,5423050",44
202000030653,20,3,10,08:50,1,2,2,1,6,33063,M,"44,8248400"," -0,5903000",33
202000030654,20,3,30,00:29,3,2,1,1,7,13002,M,"43,3584762","5,4925183",13
202000030655,20,3,30,15:30,1,1,4,1,3,06123,M,"43,6603160","7,1892750",06
202000030656,20,3,29,16:00,1,2,3,1,6,06004,M,"43,6060246","7,0895710",06
202000030657,20,3,29,01:50,5,2,1,1,6,75119,M,"48,8834300","2,3997390",75
202000030658,20,2,24,07:40,5,2,3,1,6,75116,M,"48,8545480","2,2836200",75
202000030659,20,3,30,09:00,1,2,1,1,6,75114,M,"48,8232770","2,3164230",75
202000030660,20,3,30,16:30,1,2,2,1,6,75111,M,"48,8656550","2,3773460",75
202000030661,20,3,30,11:55,1,2,4,1,3,93073,M,"48,9429650","2,5690890",93
202000030662,20,3,30,18:05,1,2,1,1,7,92048,M,"48,7910000","2,2327000",92
202000030663,20,3,31,09:28,1,1,1,1,3,38114,M,"45,4159300","4,7662050",38
202000030664,20,3,26,14:27,1,2,1,1,3,62043,M,"50,8965886","1,9667912",62
202000030665,20,3,31,19:46,2,1,9,1,1,72268,M,"47,8237300","0,2489300",72
202000030666,20,3,30,18:45,1,1,1,1,6,82038,M,"44,2491980","1,7224740",82
202000030667,20,3,31,00:30,3,1,1,1,7,98805,C," -22,1614540","166,4449310",988
202000030668,20,3,30,17:30,1,2,1,1,6,60028,M,"49,2253760","2,5509870",60
202000030669,20,3,30,17:40,1,1,1,2,6,33063,M,"44,8840500"," -0,5600300",33
202000030670,20,3,29,15:45,1,2,3,8,3,69259,M,"45,6947100","4,8759300",69
202000030671,20,3,29,05:20,5,2,1,1,6,69259,M,"45,6946000","4,8798000",69
202000030672,20,3,28,18:23,1,2,1,1,3,2B033,M,"42,6864600","9,4433000",2B
202000030673,20,3,26,10:00,1,2,1,1,6,97107,A,"16,0449000"," -61,5630000",971
202000030674,20,3,28,20:00,2,2,1,1,3,91657,M,"48,7002800","2,4203000",91
202000030675,20,3,29,14:37,1,2,1,1,3,37261,M,"47,4149628","0,6912589",37
202000030676,20,3,29,17:52,1,2,1,1,2,34172,M,"43,6192000","3,8316200",34
202000030677,20,3,29,08:15,1,1,1,1,7,34198,M,"43,5589000","3,9631300",34
202000030678,20,3,29,05:20,5,2,1,1,6,75119,M,"48,8829720","2,3709590",75
202000030679,20,3,28,14:59,1,2,2,1,3,75118,M,"48,8990180","2,3294650",75
202000030680,20,3,28,22:50,5,2,1,1,2,93073,M,"49,0032282","2,5368203",93
202000030681,20,3,29,13:45,1,2,2,1,3,93072,M,"48,9497400","2,3860200",93
202000030682,20,2,24,06:45,1,1,1,1,4,74124,M,"46,1019530","6,0924980",74
202000030683,20,3,30,19:45,1,2,1,1,3,95313,M,"49,1107510","2,2244150",95
202000030684,20,3,10,17:30,1,1,1,1,1,33355,M,"44,6685440"," -0,3440830",33
202000030685,20,3,30,14:00,1,2,3,2,6,33327,M,"44,6477300"," -0,3515600",33
202000030686,20,3,30,18:50,2,1,1,1,2,10030,M,"48,3282950","4,0366170",10
202000030687,20,3,30,06:00,1,1,1,1,6,97210,A,"14,5841650"," -60,8753300",972
202000030688,20,3,26,16:45,1,1,1,1,6,74293,M,"46,2703000","6,2822750",74
202000030689,20,3,26,17:45,1,2,1,1,3,31157,M,"43,5364997","1,3446722",31
202000030690,20,3,20,03:00,3,2,1,1,6,80693,M,"49,9107530","2,6087700",80
202000030691,20,3,30,14:30,1,1,1,7,3,72085,M,"47,8571440","0,6348040",72
202000030692,20,3,4,10:25,1,2,1,1,3,43012,M,"45,3737650","4,2101560",43
202000030693,20,3,30,14:55,1,1,1,1,6,85034,M,"46,6316000"," -1,1110300",85
202000030694,20,3,30,07:25,2,2,1,1,6,27649,M,"49,3516070","1,4281310",27
202000030695,20,3,30,10:50,1,1,2,1,-1,44118,M,"47,4880060"," -1,1738630",44
202000030696,20,3,28,18:35,2,1,4,1,7,21021,M,"47,3473540","5,1982470",21
202000030697,20,3,30,14:40,1,1,1,2,6,33323,M,"44,5915700"," -0,2059800",33
202000030698,20,3,27,22:10,3,1,1,1,-1,77121,M,"48,8322465","2,6680024",77
202000030699,20,3,27,22:10,5,2,3,1,7,97209,A,"14,6103400"," -61,0454300",972
202000030700,20,3,28,16:28,1,2,1,1,6,83009,M,"43,1552500","5,7456900",83
202000030701,20,3,27,11:30,1,2,2,1,3,69266,M,"45,7705900","4,8737000",69
202000030702,20,3,28,21:20,5,2,3,1,3,64445,M,"43,2933140"," -0,3610920",64
202000030703,20,3,28,16:00,1,2,2,1,3,51454,M,"49,2616154","4,0418802",51
202000030704,20,3,28,15:54,1,2,1,1,1,38151,M,"45,1551900","5,7232900",38
202000030705,20,3,28,09:00,1,1,1,1,6,17200,M,"46,1796590"," -1,1523230",17
202000030706,20,3,25,20:30,5,2,2,1,3,75106,M,"48,8561060","2,3404140",75
202000030707,20,3,27,17:15,1,2,2,1,3,75118,M,"48,8931030","2,3402140",75
202000030708,20,3,28,04:15,5,2,7,1,7,75113,M,"48,8239600","2,3535570",75
202000030709,20,3,26,21:25,5,2,2,1,3,75111,M,"48,8688370","2,3762990",75
202000030710,20,3,28,18:20,1,2,4,1,6,75114,M,"48,8354660","2,3155000",75
202000030711,20,3,27,08:00,1,2,1,1,7,94074,M,"48,7509857","2,4547442",94
202000030712,20,3,26,16:10,1,2,9,1,7,94073,M,"48,7535010","2,3777599",94
202000030713,20,3,27,10:10,1,2,2,1,6,94054,M,"48,7460700","2,3694800",94
202000030714,20,3,27,14:20,1,2,9,1,6,94017,M,"48,8104560","2,5249340",94
202000030715,20,3,27,11:30,1,2,1,1,6,93078,M,"48,9535300","2,5626700",93
202000030716,20,3,26,05:35,2,2,1,1,3,93066,M,"48,9067200","2,3579800",93
202000030717,20,3,25,23:00,5,2,1,1,1,93066,M,"48,9375150","2,3598380",93
202000030718,20,3,27,12:30,1,2,1,1,3,93049,M,"48,8631800","2,5134500",93
202000030719,20,3,27,14:15,1,2,2,1,3,93046,M,"48,9176700","2,5229600",93
202000030720,20,3,27,15:15,1,2,2,1,3,93047,M,"48,8993580","2,5595100",93
202000030721,20,3,29,00:00,3,1,1,1,6,08357,M,"49,6521610","4,9989300",08
202000030722,20,3,27,08:40,1,2,1,1,6,24372,M,"45,1450830","0,5300210",24
202000030723,20,2,26,16:40,1,1,1,4,3,52282,M,"47,9945850","5,1797910",52
202000030724,20,3,28,18:00,1,1,3,1,2,33352,M,"44,5882440"," -0,0593090",33
202000030725,20,3,28,17:40,1,2,1,1,1,57242,M,"49,2738950","6,1341850",57
202000030726,20,3,29,12:18,1,2,1,1,6,74011,M,"45,9110630","6,1520970",74
202000030727,20,2,27,09:40,1,1,1,1,6,14422,M,"49,0705340"," -0,0116940",14
202000030728,20,3,28,21:00,5,2,1,1,6,50236,M,"49,2868050"," -1,5418370",50
202000030729,20,3,28,17:40,1,2,3,1,6,21638,M,"47,5185450","5,1791040",21
202000030730,20,2,26,16:15,1,2,1,1,3,85128,M,"46,4590870"," -1,1436350",85
202000030731,20,3,23,21:00,3,2,1,1,6,27580,M,"49,3489890","0,9264560",27
202000030732,20,3,29,15:10,1,1,1,1,6,17106,M,"45,5499010"," -0,3073490",17
202000030733,20,3,28,22:45,3,1,1,1,6,98821,C," -22,0454010","166,2654050",988
202000030734,20,3,29,01:30,3,2,1,1,6,06065,M,"43,7091760","7,1439140",06
202000030735,20,3,29,11:57,1,2,2,1,1,33441,M,"45,1472400"," -0,6388320",33
202000030736,20,3,28,20:30,3,1,2,1,6,59120,M,"50,7622345","2,5795025",59
202000030737,20,3,28,16:45,1,1,1,1,-1,94022,M,"48,7764740","2,4152360",94
202000030738,20,3,28,16:00,1,1,1,1,2,93051,M,"48,8350900","2,5774100",93
202000030739,20,1,27,07:50,5,2,2,2,6,77058,M,"48,8391463","2,7214091",77
202000030740,20,3,26,11:00,1,1,9,1,2,97411,R," -20,9207300","55,4944800",974
202000030741,20,3,27,18:00,1,1,9,1,3,97213,A,"14,6195200"," -60,9945100",972
202000030742,20,3,23,19:19,2,2,1,1,3,64260,M,"43,3483000"," -1,7703500",64
202000030743,20,3,22,19:05,2,1,1,1,6,56121,M,"47,7595000"," -3,3836300",56
202000030744,20,3,21,11:55,1,2,2,1,3,56083,M,"47,7914700"," -3,2727200",56
202000030745,20,3,26,20:20,5,2,7,1,3,51230,M,"49,0462802","3,9549195",51
202000030746,20,3,27,08:58,1,2,3,1,3,37261,M,"47,3732931","0,6869403",37
202000030747,20,3,27,19:35,2,2,2,1,1,34172,M,"43,6239608","3,8622469",34
202000030748,20,3,27,12:53,1,2,2,1,3,34172,M,"43,6260300","3,8824700",34
202000030749,20,3,26,17:37,1,2,1,1,6,31555,M,"43,6128860","1,4825150",31
202000030750,20,2,26,17:50,1,2,1,1,3,14271,M,"49,1626500"," -0,3666300",14
202000030751,20,2,3,13:40,1,2,1,1,6,14118,M,"49,1803740"," -0,3632360",14
202000030752,20,3,27,20:45,3,1,1,1,6,60107,M,"49,3578628","2,4243971",60
202000030753,20,3,28,14:40,1,1,1,1,6,81097,M,"43,8708740","2,2442250",81
202000030754,20,2,26,18:50,3,1,1,1,3,51049,M,"48,8700850","3,9757255",51
202000030755,20,3,28,12:45,1,1,4,1,6,80190,M,"50,0631720","1,6338190",80
202000030756,20,2,21,16:20,1,1,1,1,1,80761,M,"49,7532628","2,1833575",80
202000030757,20,3,27,04:20,3,1,1,1,6,46306,M,"44,6908780","1,8566040",46
202000030758,20,3,27,21:07,3,1,1,1,6,47038,M,"44,3296495","0,3786458",47
202000030759,20,2,27,11:55,1,1,1,2,1,70166,M,"47,6530010","6,2066420",70
202000030760,20,3,28,16:55,3,1,1,1,6,26055,M,"44,6370210","5,5768060",26
202000030761,20,3,27,23:15,3,1,1,1,7,54080,M,"48,5836770","5,8302640",54
202000030762,20,3,27,22:40,5,2,1,1,7,72180,M,"48,3499950","0,3673630",72
202000030763,20,3,28,16:30,1,1,1,1,7,27378,M,"48,7808540","1,2205020",27
202000030764,20,3,27,17:20,1,1,1,1,6,78043,M,"48,8377740","2,0859860",78
202000030765,20,3,27,18:15,1,1,1,1,6,97304,G,"5,0375740"," -52,6904080",973
202000030766,20,3,24,07:45,1,2,1,7,6,91359,M,"48,3940990","2,3780040",91
202000030767,20,2,9,06:50,3,1,1,1,1,33422,M,"44,8272190"," -0,7624980",33
202000030768,20,3,28,04:30,3,1,1,1,6,60446,M,"49,1508104","2,8308471",60
202000030769,20,3,28,02:56,3,1,6,1,6,60060,M,"49,1951390","2,2328420",60
202000030770,20,3,5,19:00,3,1,1,1,4,13070,M,"43,2853674","5,5286604",13
202000030771,20,1,10,06:45,5,1,1,1,2,94017,M,"48,8273238","2,5090637",94
202000030772,20,3,26,21:00,5,2,3,1,3,69259,M,"45,7037700","4,8800600",69
202000030773,20,2,23,22:13,5,2,6,1,3,73008,M,"45,6855704","5,9100411",73
202000030774,20,3,24,22:35,3,1,9,1,7,34336,M,"43,3210400","3,2922900",34
202000030775,20,3,17,12:45,1,1,1,1,2,22360,M,"48,4827801"," -2,6905919",22
202000030776,20,3,26,12:00,1,1,1,3,1,09122,M,"42,9542520","1,6235880",09
202000030777,20,9,2,16:45,1,2,1,1,5,80021,M,"49,9111600","2,2552100",80
202000030778,20,3,23,12:20,1,2,2,1,3,75115,M,"48,8326480","2,2798130",75
202000030779,20,9,2,11:20,1,2,3,1,3,80021,M,"49,8887700","2,3165500",80
202000030780,20,3,26,15:30,1,2,2,1,3,75114,M,"48,8367570","2,3207400",75
202000030781,20,9,4,15:40,1,2,1,1,6,79329,M,"46,9842090"," -0,2118300",79
202000030782,20,9,4,23:40,5,2,1,1,7,78551,M,"48,8998200","2,0934800",78
202000030783,20,9,2,16:20,1,2,3,1,6,78423,M,"48,7752980","2,0159850",78
202000030784,20,3,26,15:25,1,2,2,1,6,75107,M,"48,8621800","2,3196300",75
202000030785,20,9,2,22:55,5,2,2,1,3,78172,M,"49,0050790","2,0935470",78
202000030786,20,3,24,15:55,1,2,1,1,6,68196,M,"47,6034870","7,0548640",68
202000030787,20,9,4,20:55,5,2,1,1,7,77118,M,"48,9383180","2,6421900",77
202000030788,20,3,27,10:00,1,1,1,1,6,72315,M,"48,1830390"," -0,1155740",72
202000030789,20,9,4,08:35,1,2,2,1,6,77320,M,"48,8254000","3,0377000",77
202000030790,20,3,27,09:52,1,2,1,1,6,09155,M,"42,7791040","1,6642210",09
202000030791,20,9,4,21:10,5,2,3,1,3,71306,M,"46,6722338","4,3807071",71
202000030792,20,9,4,07:52,1,2,1,1,6,68066,M,"48,0737600","7,3485200",68
202000030793,20,3,27,09:55,1,2,2,1,6,60471,M,"49,5812120","3,0008530",60
202000030794,20,9,3,14:10,1,2,1,1,3,67365,M,"48,5530492","7,7117744",67
202000030795,20,9,4,15:58,1,2,1,1,6,66136,M,"42,7021700","2,8939400",66
202000030796,20,2,26,10:23,1,2,1,1,6,28280,M,"48,3191040","0,8188490",28
202000030797,20,9,3,17:48,1,2,1,1,4,66136,M,"42,6888600","2,9103100",66
202000030798,20,9,3,08:20,1,2,2,1,3,64129,M,"43,3072300"," -0,3824600",64
202000030799,20,9,3,18:50,1,2,9,1,7,64122,M,"43,4667450"," -1,5718430",64
202000030800,20,9,4,07:40,1,2,1,1,6,63075,M,"45,7759500","3,0690200",63
202000030801,20,9,3,12:35,1,2,5,1,-1,63113,M,"45,7737600","3,0753700",63
202000030802,20,9,3,22:00,5,2,6,1,6,61006,M,"48,7343600"," -0,0217000",61
202000030803,20,8,30,00:30,3,1,1,1,1,57606,M,"49,1364200","6,7385400",57
202000030804,20,9,3,18:30,1,1,1,1,2,56121,M,"47,7475500"," -3,3869400",56
202000030805,20,9,3,17:35,1,1,1,1,4,56185,M,"47,7740300"," -3,3687300",56
202000030806,20,9,4,17:45,1,2,3,1,3,54395,M,"48,6891300","6,2012300",54
202000030807,20,9,4,13:30,1,2,3,1,3,54395,M,"48,6735986","6,1714867",54
202000030808,20,9,3,11:30,1,2,3,1,3,54395,M,"48,6849401","6,1753866",54
202000030809,20,9,4,07:13,2,2,1,1,3,51454,M,"49,2352106","4,0078380",51
202000030810,20,9,2,14:45,1,2,3,1,2,51454,M,"49,2266045","4,0239776",51
202000030811,20,9,4,05:30,5,1,2,2,6,50532,M,"48,8154000"," -1,5453000",50
202000030812,20,9,3,17:43,1,2,1,1,3,49007,M,"47,4612400"," -0,6132500",49
202000030813,20,9,2,10:45,1,1,1,1,3,49267,M,"47,4694100"," -0,4470400",49
202000030814,20,8,31,21:30,2,2,1,1,6,49246,M,"47,4390100"," -0,5064200",49
202000030815,20,8,31,16:25,1,2,1,1,3,49007,M,"47,4736600"," -0,5386500",49
202000030816,20,9,1,09:00,1,2,1,1,3,49007,M,"47,4529500"," -0,5176700",49
202000030817,20,9,1,17:10,1,2,6,1,3,49246,M,"47,4337100"," -0,5297000",49
202000030818,20,9,2,19:40,1,2,6,1,3,49246,M,"47,4337300"," -0,5289300",49
202000030819,20,9,3,09:47,1,2,3,1,3,47001,M,"44,2067463","0,6140711",47
202000030820,20,9,4,17:40,1,2,1,1,2,45302,M,"47,9350000","1,8851000",45
202000030821,20,9,4,21:14,5,2,1,1,3,45004,M,"47,9698200","2,7720700",45
202000030822,20,9,4,19:06,1,2,1,1,2,45004,M,"47,9814800","2,7328800",45
202000030823,20,9,3,11:40,1,2,3,1,3,45004,M,"47,9857400","2,7693800",45
202000030824,20,9,3,18:25,1,2,1,1,3,44109,M,"47,2231700"," -1,5729300",44
202000030825,20,9,3,17:40,1,2,1,1,6,44109,M,"47,2284200"," -1,5784500",44
202000030826,20,9,3,13:30,1,2,1,1,6,42207,M,"45,4745744","4,5119059",42
202000030827,20,9,4,16:50,1,2,1,1,6,37261,M,"47,3684514","0,7083539",37
202000030828,20,9,4,08:04,1,2,1,1,6,37261,M,"47,4122391","0,6980867",37
202000030829,20,9,4,18:15,1,2,1,1,5,35238,M,"48,1118500"," -1,6802100",35
202000030830,20,9,4,14:00,1,1,1,1,2,35238,M,"48,1124400"," -1,7186600",35
202000030831,20,9,4,14:20,1,2,1,1,7,35238,M,"48,0832000"," -1,6770000",35
202000030832,20,9,4,00:30,3,1,1,1,6,35278,M,"48,1413300"," -1,6781100",35
202000030833,20,9,4,12:00,1,2,1,1,3,34172,M,"43,6180600","3,8437000",34
202000030834,20,9,4,09:00,1,2,6,1,2,33167,M,"44,8430400"," -0,5113600",33
202000030835,20,9,3,22:10,5,2,2,1,6,33063,M,"44,8310700"," -0,5735100",33
202000030836,20,9,4,04:45,3,2,1,1,6,31555,M,"43,5840954","1,4458019",31
202000030837,20,9,4,14:10,1,2,1,1,-1,29039,M,"47,8863400"," -3,9144900",29
202000030838,20,9,4,21:10,2,2,1,1,-1,29019,M,"48,3767284"," -4,5161063",29
202000030839,20,9,4,16:25,1,2,1,1,3,29019,M,"48,4104641"," -4,5157580",29
202000030840,20,9,4,00:55,5,2,6,2,3,29019,M,"48,4020246"," -4,5022970",29
202000030841,20,9,3,11:10,1,2,6,2,4,29019,M,"48,3828826"," -4,4883098",29
202000030842,20,9,4,12:20,1,1,3,1,5,27375,M,"49,2047700","1,1950600",27
202000030843,20,9,4,17:30,1,2,1,-1,6,26281,M,"45,0443000","5,0427300",26
202000030844,20,9,4,17:40,1,2,3,1,1,17300,M,"46,1756600"," -1,1507400",17
202000030845,20,9,3,17:12,1,2,2,7,3,17300,M,"46,1699000"," -1,1334000",17
202000030846,20,9,4,04:40,5,2,1,1,1,16102,M,"45,6892090"," -0,3446490",16
202000030847,20,9,4,13:45,1,2,3,1,3,13117,M,"43,4389600","5,2544300",13
202000030848,20,9,4,23:30,5,2,1,1,7,13204,M,"43,2961700","5,4034400",13
202000030849,20,9,4,21:40,4,2,1,1,7,13216,M,"43,3526200","5,3378400",13
202000030850,20,9,4,21:05,5,2,1,1,2,13216,M,"43,3603820","5,2976750",13
202000030851,20,9,4,14:40,1,2,1,1,3,13206,M,"43,2901625","5,3750664",13
202000030852,20,9,2,12:30,1,2,1,1,3,13213,M,"43,3294700","5,4302400",13
202000030853,20,9,3,15:00,1,2,1,1,3,13215,M,"43,3516700","5,3583700",13
202000030854,20,9,4,09:25,1,2,1,1,2,13209,M,"43,2730710","5,4006880",13
202000030855,20,9,3,23:35,5,2,1,1,7,13202,M,"43,3084000","5,3682000",13
202000030856,20,9,3,23:00,5,2,1,1,1,13210,M,"43,2900000","5,3600000",13
202000030857,20,9,4,12:21,1,2,3,1,6,10387,M,"48,3074800","4,0446000",10
202000030858,20,9,4,08:12,1,2,1,1,6,10081,M,"48,3123400","4,0499800",10
202000030859,20,9,4,10:00,1,2,1,1,7,06069,M,"43,6697790","6,9507040",06
202000030860,20,9,4,18:40,1,2,9,1,6,03190,M,"46,5603912","3,3345739",03
202000030861,20,9,4,09:30,1,2,3,1,1,01053,M,"46,1927839","5,2131218",01
202000030862,20,9,2,17:50,1,2,1,1,2,75113,M,"48,8182630","2,3694570",75
202000030863,20,9,4,17:25,1,2,4,1,3,75112,M,"48,8266640","2,3903910",75
202000030864,20,9,4,19:00,1,2,2,1,6,75120,M,"48,8490390","2,4114670",75
202000030865,20,9,4,07:12,1,2,2,1,2,75118,M,"48,8984960","2,3590110",75
202000030866,20,9,4,20:00,2,2,3,1,6,75117,M,"48,8919570","2,3224710",75
202000030867,20,9,4,19:30,1,2,7,1,3,75117,M,"48,8845860","2,2976620",75
202000030868,20,9,4,16:45,1,2,5,1,4,75116,M,"48,8650550","2,2887700",75
202000030869,20,9,4,00:35,4,2,3,1,6,75101,M,"48,8593900","2,3456930",75
202000030870,20,9,3,21:45,5,2,2,1,3,75116,M,"48,8726800","2,2845820",75
202000030871,20,9,4,14:05,1,2,7,1,3,75115,M,"48,8395830","2,3012910",75
202000030872,20,9,4,13:59,1,2,3,1,3,75113,M,"48,8357180","2,3586350",75
202000030873,20,9,4,16:47,1,2,3,1,3,75110,M,"48,8802390","2,3536360",75
202000030874,20,9,4,11:45,1,2,3,1,6,75109,M,"48,8800100","2,3373460",75
202000030875,20,9,4,15:00,1,2,3,1,3,75107,M,"48,8581320","2,3235120",75
202000030876,20,9,4,15:15,1,2,2,1,6,75102,M,"48,8687740","2,3331310",75
202000030877,20,9,4,09:15,1,2,7,7,7,75101,M,"48,8624080","2,3362630",75
202000030878,20,9,4,18:42,1,2,2,1,6,94046,M,"48,8005900","2,4351500",94
202000030879,20,9,2,09:50,1,2,2,1,3,94041,M,"48,8145000","2,4071000",94
202000030880,20,9,4,09:45,1,2,1,1,3,94021,M,"48,7726300","2,3394300",94
202000030881,20,9,4,09:05,1,2,1,7,6,94065,M,"48,7454620","2,3475930",94
202000030882,20,9,3,18:40,1,1,4,1,3,94028,M,"48,8012400","2,4459400",94
202000030883,20,9,4,14:30,1,2,1,1,6,94055,M,"48,7863600","2,5382000",94
202000030884,20,9,3,15:40,1,2,1,1,3,94019,M,"48,8035000","2,5372700",94
202000030885,20,9,4,15:45,1,2,1,1,6,94017,M,"48,8141300","2,5265400",94
202000030886,20,9,4,10:45,1,2,1,1,-1,93072,M,"48,9608000","2,3818000",93
202000030887,20,9,4,12:30,1,2,1,1,2,93070,M,"48,9131025","2,3442742",93
202000030888,20,9,4,08:30,1,2,2,1,3,93066,M,"48,9359400","2,3439000",93
202000030889,20,9,3,20:14,2,2,1,1,6,93066,M,"48,9164641","2,3554179",93
202000030890,20,9,3,13:00,1,2,1,1,3,93066,M,"48,9070378","2,3587633",93
202000030891,20,8,31,12:10,1,1,1,1,2,93066,M,"48,9229000","2,3575000",93
202000030892,20,9,4,10:20,1,2,1,1,6,93055,M,"48,8906020","2,3991876",93