Num_Acc,an,mois,jour,hrmn,lum,agg,int,atm,col,com,gps,lat,long,dep
202000030893,20,9,4,08:00,1,2,1,1,3,93051,M,"48,8352165","2,5637555",93
202000030894,20,9,4,15:20,1,2,1,1,6,92075,M,"48,8222500","2,2918870",92
202000030895,20,9,4,22:10,5,2,2,1,3,92050,M,"48,8914957","2,1775085",92
202000030896,20,9,2,10:00,1,2,4,1,2,92050,M,"48,9167659","2,2211882",92
202000030897,20,9,1,17:40,1,2,3,1,6,92050,M,"48,8882670","2,2019394",92
202000030898,20,9,4,21:00,3,2,1,1,3,92040,M,"48,8213000","2,2548700",92
202000030899,20,9,4,12:12,1,2,1,1,7,92040,M,"48,8206100","2,2609000",92
202000030900,20,9,4,08:30,1,2,3,1,3,92026,M,"48,9003480","2,2306511",92
202000030901,20,9,3,09:00,1,2,3,1,3,92025,M,"48,9168330","2,2526910",92
202000030902,20,9,4,08:30,1,2,1,1,3,92060,M,"48,7746879","2,2394474",92
202000030903,20,9,4,14:30,1,2,3,1,3,92012,M,"48,8309111","2,2579151",92
202000030904,20,9,3,11:40,1,2,2,7,6,92014,M,"48,7830846","2,3152184",92
202000030905,20,8,31,13:55,1,2,3,1,3,97415,R," -21,0151310","55,2608280",974
202000030906,20,9,5,08:30,1,2,1,3,6,97422,R," -21,2502740","55,5056940",974
202000030907,20,9,4,16:00,1,2,1,1,1,62038,M,"50,8662520","2,0026230",62
202000030908,20,9,4,19:00,2,1,1,1,7,63264,M,"45,6395480","2,8447080",63
202000030909,20,8,5,17:00,1,2,1,1,6,12096,M,"44,5228710","2,7678300",12
202000030910,20,9,4,22:50,3,1,3,1,7,22246,M,"48,4774969"," -2,6160484",22
202000030911,20,8,5,14:45,1,1,1,1,6,37141,M,"47,2891448","1,0366250",37
202000030912,20,9,4,18:00,1,2,1,1,6,62361,M,"50,2783520","2,2861390",62
202000030913,20,9,4,21:50,5,2,1,1,1,62124,M,"50,4907400","1,7274770",62
202000030914,20,9,4,23:00,3,1,1,1,6,56232,M,"47,6796630"," -2,1374850",56
202000030915,20,9,4,17:45,1,2,1,1,-1,74225,M,"45,8687810","5,9357740",74
202000030916,20,9,4,21:05,3,2,1,1,6,82087,M,"44,1251207","1,2412332",82
202000030917,20,9,4,17:20,1,2,1,1,1,33395,M,"45,2305700"," -0,7772480",33
202000030918,20,9,4,22:50,3,1,1,1,7,81288,M,"43,4428290","2,0407130",81
202000030919,20,9,4,19:35,1,1,1,1,7,11165,M,"42,8733275","2,1584165",11
202000030920,20,9,5,12:10,1,1,1,1,7,11007,M,"42,9436570","2,4347510",11
202000030921,20,9,3,16:40,1,1,1,1,6,63072,M,"45,8735770","3,7076070",63
202000030922,20,8,6,07:30,1,1,1,1,1,61507,M,"48,5502400","0,5834390",61
202000030923,20,9,1,15:00,1,1,1,1,3,61486,M,"48,7700860"," -0,7070210",61
202000030924,20,9,3,14:30,1,1,1,1,2,55148,M,"48,5562160","5,5150510",55
202000030925,20,8,24,08:10,1,2,3,1,7,12299,M,"44,0879110","2,7043910",12
202000030926,20,9,4,17:10,1,1,1,1,7,42092,M,"45,4984810","4,3836310",42
202000030927,20,8,5,09:25,1,1,2,7,3,41152,M,"47,5428500","1,6637620",41
202000030928,20,9,5,09:00,1,1,3,1,3,68201,M,"47,7498820","7,0010110",68
202000030929,20,8,6,10:30,1,1,3,1,3,25332,M,"47,2077580","6,1008240",25
202000030930,20,9,4,03:45,3,1,1,1,6,35117,M,"48,1387790"," -2,2235610",35
202000030931,20,9,4,16:15,1,2,9,1,6,29284,M,"47,7935790"," -4,2788110",29
202000030932,20,9,5,11:43,1,2,3,1,3,01373,M,"46,1390770","5,5530520",01
202000030933,20,9,5,17:45,1,1,1,1,1,26208,M,"44,7784990","4,9456070",26
202000030934,20,9,5,17:00,1,2,4,1,3,66009,M,"42,4621250","2,6377700",66
202000030935,20,9,1,11:15,1,2,1,1,6,06163,M,"44,0952600","7,6058010",06
202000030936,20,9,5,11:40,1,1,1,1,2,50270,M,"49,4936390"," -1,4649340",50
202000030937,20,9,4,07:48,1,2,2,1,3,10395,M,"48,0235650","4,0067750",10
202000030938,20,8,5,11:10,1,2,6,1,7,16106,M,"46,0034750","0,6737280",16
202000030939,20,9,4,17:45,1,2,1,1,6,07199,M,"44,4842100","4,2585220",07
202000030940,20,9,5,10:00,1,1,1,1,2,40142,M,"43,8580260"," -1,0037740",40
202000030941,20,9,5,05:50,5,1,1,1,7,24291,M,"45,0640700","1,1771460",24
202000030942,20,9,4,16:29,1,2,1,1,6,87111,M,"45,7327410","0,8639020",87
202000030943,20,9,5,11:20,1,1,2,1,3,37028,M,"46,7936811","0,9604306",37
202000030944,20,9,4,20:30,2,1,2,1,7,37045,M,"47,0102923","0,6313116",37
202000030945,20,9,3,11:40,1,1,2,1,3,24289,M,"44,8527120","0,0476150",24
202000030946,20,9,5,10:40,1,1,1,1,5,38339,M,"45,5975850","5,1652910",38
202000030947,20,9,5,02:20,3,1,6,1,6,33199,M,"44,6160270"," -1,1020120",33
202000030948,20,8,29,16:20,1,1,1,3,2,06088,M,"43,6696120","7,2011220",06
202000030949,20,9,4,13:00,1,1,1,1,6,06104,M,"43,7579100","7,4439190",06
202000030950,20,8,31,17:22,1,1,1,1,2,06149,M,"43,7358290","7,3197910",06
202000030951,20,9,5,14:50,1,1,1,8,7,51572,M,"49,0392387","4,6341557",51
202000030952,20,9,5,14:20,1,1,1,1,7,45012,M,"48,2733500","2,2320380",45
202000030953,20,9,4,20:00,2,1,3,7,1,77219,M,"48,7963200","2,9608150",77
202000030954,20,9,5,06:20,3,1,1,2,7,95492,M,"49,0310030","2,4246950",95
202000030955,20,9,5,03:00,3,2,1,1,6,2B079,M,"42,4822450","9,2817150",2B
202000030956,20,9,5,09:20,1,1,1,1,2,34154,M,"43,6034550","3,9625110",34
202000030957,20,9,4,08:20,1,1,2,1,5,71090,M,"46,2238570","4,7455120",71
202000030958,20,9,4,00:30,4,2,1,1,6,57724,M,"49,2648080","6,1074010",57
202000030959,20,9,4,21:10,3,1,1,1,7,57561,M,"49,0074460","7,2336390",57
202000030960,20,9,4,07:45,1,1,1,1,7,38110,M,"45,5878100","4,8680590",38
202000030961,20,9,2,12:40,1,2,1,1,6,69243,M,"45,8938540","4,4359980",69
202000030962,20,9,5,13:50,1,1,1,1,6,17099,M,"45,2352880"," -0,3276590",17
202000030963,20,9,4,19:45,1,1,1,1,5,85083,M,"46,9816500"," -2,2466800",85
202000030964,20,8,5,17:25,1,1,1,1,7,49299,M,"47,0936130"," -0,9220900",49
202000030965,20,9,1,20:15,1,2,1,1,2,44052,M,"47,3299600"," -2,0805200",44
202000030966,20,9,5,16:10,1,2,1,1,3,50041,M,"49,6459440"," -1,8504670",50
202000030967,20,9,2,09:05,1,2,6,1,3,22343,M,"48,7689335"," -3,5635727",22
202000030968,20,9,4,16:00,1,1,1,1,3,59500,M,"50,0985570","3,1313560",59
202000030969,20,9,4,18:50,2,1,1,1,7,13215,M,"43,3519820","5,3662530",13
202000030970,20,9,4,14:46,1,1,1,1,4,13055,M,"43,3013000","5,4244000",13
202000030971,20,9,4,10:47,1,1,1,1,2,13055,M,"43,3064000","5,4253000",13
202000030972,20,7,9,09:45,1,1,1,1,3,13071,M,"43,4082350","5,2874370",13
202000030973,20,9,4,16:20,1,1,1,1,2,69266,M,"45,7870800","4,8879300",69
202000030974,20,9,3,18:45,1,1,1,1,3,54115,M,"48,6944000","6,1037000",54
202000030975,20,9,4,15:30,1,1,1,1,2,33192,M,"44,7898000"," -0,6134800",33
202000030976,20,9,3,21:50,2,1,1,1,2,59403,M,"50,4312270","3,3808550",59
202000030977,20,9,4,16:58,1,1,1,1,3,92019,M,"48,7607000","2,2529500",92
202000030978,20,9,4,08:20,1,1,1,1,7,94037,M,"48,8161000","2,3567000",94
202000030979,20,9,4,08:25,1,1,1,1,4,78423,M,"48,7955110","2,0457370",78
202000030980,20,5,23,17:10,1,1,2,1,3,36081,M,"46,5030380","1,6008930",36
202000030981,20,11,1,20:20,5,2,3,1,2,98818,C," -22,2961300","166,4451900",988
202000030982,20,11,1,17:30,1,2,3,1,3,98818,C," -22,2364400","166,4753800",988
202000030983,20,10,31,11:35,1,2,1,1,6,97411,R," -20,8909300","55,4805900",974
202000030984,20,10,31,03:10,5,2,1,1,6,97302,G,"4,9337266"," -52,3329931",973
202000030985,20,10,30,16:25,1,2,1,1,7,91216,M,"48,6732000","2,3352700",91
202000030986,20,11,1,13:35,1,1,1,1,7,91421,M,"48,7140400","2,4424300",91
202000030987,20,11,1,00:15,5,2,1,1,6,83137,M,"43,1363370","5,8987380",83
202000030988,20,11,1,18:22,5,2,3,1,6,69256,M,"45,7845212","4,9169491",69
202000030989,20,11,1,16:30,1,2,6,1,6,69264,M,"45,9978800","4,7340900",69
202000030990,20,11,1,22:10,5,2,2,2,3,59599,M,"50,7363480","3,1496680",59
202000030991,20,11,1,01:50,5,2,2,1,6,34172,M,"43,6255300","3,8794900",34
202000030992,20,10,22,09:30,1,2,3,1,6,13103,M,"43,6362149","5,1031226",13
202000030993,20,11,1,20:00,5,2,1,1,6,13211,M,"43,2908250","5,4929830",13
202000030994,20,11,1,18:25,2,2,1,1,6,13211,M,"43,2824900","5,4320800",13
202000030995,20,11,1,16:15,1,1,3,1,2,13001,M,"43,5146400","5,3510200",13
202000030996,20,11,1,17:40,2,2,1,1,6,06088,M,"43,7029700","7,2881300",06
202000030997,20,11,1,21:00,5,2,1,2,6,75110,M,"48,8744490","2,3744030",75
202000030998,20,11,1,15:00,1,2,7,1,3,75117,M,"48,8872030","2,2975130",75
202000030999,20,11,1,12:05,1,2,7,2,7,75117,M,"48,8835010","2,3267250",75
202000031000,20,11,1,17:02,2,2,2,2,5,75114,M,"48,8198590","2,3255080",75
202000031001,20,11,1,17:15,1,2,4,2,2,75113,M,"48,8168190","2,3441250",75
202000031002,20,11,1,13:50,1,2,1,2,2,94076,M,"48,8039400","2,3642200",94
202000031003,20,11,1,21:00,5,2,1,2,6,93077,M,"48,8876700","2,5097800",93
202000031004,20,11,1,19:27,3,2,1,2,4,93062,M,"48,8974200","2,5158000",93
202000031005,20,10,31,22:25,5,2,5,2,4,93077,M,"48,8789697","2,5161740",93
202000031006,20,11,1,20:20,5,2,2,2,3,93027,M,"48,9248100","2,4150800",93
202000031007,20,11,1,05:35,3,2,1,2,6,93010,M,"48,8914576","2,4966044",93
202000031008,20,11,1,18:10,3,2,1,2,2,93005,M,"48,9514157","2,4813562",93
202000031009,20,11,1,18:20,4,2,1,2,6,92072,M,"48,8341400","2,2222700",92
202000031010,20,11,1,14:00,1,2,1,1,2,92024,M,"48,9030800","2,2919400",92
202000031011,20,11,1,15:40,1,2,4,8,3,92060,M,"48,7745339","2,2579761",92
202000031012,20,11,2,12:45,1,1,1,1,1,08144,M,"49,5062490","4,4343270",08
202000031013,20,10,18,13:00,1,1,1,1,7,51097,M,"49,0838854","4,5386218",51
202000031014,20,10,31,02:00,3,1,1,1,6,84027,M,"44,0920470","4,7625840",84
202000031015,20,11,2,18:30,2,1,1,1,2,44072,M,"47,4976910"," -2,2552870",44
202000031016,20,11,1,18:30,3,1,9,1,6,58215,M,"47,2801320","2,9723600",58
202000031017,20,11,1,18:30,3,1,1,2,7,59094,M,"50,9260040","2,2401380",59
202000031018,20,10,30,21:40,3,1,1,1,6,67025,M,"48,8502020","8,1030550",67
202000031019,20,11,1,07:30,2,2,1,1,6,2A271,M,"41,9518940","8,7916800",2A
202000031020,20,11,2,17:02,1,1,1,1,1,71225,M,"46,7249105","4,7698907",71
202000031021,20,10,25,18:15,3,1,1,3,1,47004,M,"44,2785390","0,3344130",47
202000031022,20,11,1,17:30,2,1,1,1,6,38055,M,"45,6899100","5,5206500",38
202000031023,20,11,2,05:25,3,2,1,1,6,14456,M,"49,1169760"," -0,1679280",14
202000031024,20,11,2,15:00,1,1,1,1,7,14639,M,"49,1388070","0,1017520",14
202000031025,20,10,29,16:35,1,1,1,1,3,97306,G,"5,5963820"," -53,8175580",973
202000031026,20,11,1,18:50,3,1,1,3,2,97305,G,"4,9164310"," -52,3768370",973
202000031027,20,11,2,16:00,1,2,1,1,7,68163,M,"47,6728290","7,4984480",68
202000031028,20,10,28,18:53,3,1,1,8,-1,46323,M,"44,6030150","1,5036170",46
202000031029,20,11,1,22:40,5,2,1,2,6,60103,M,"49,4060800","2,2531470",60
202000031030,20,10,29,17:50,3,1,2,2,3,59087,M,"50,6646380","2,4381550",59
202000031031,20,10,30,12:31,1,1,1,1,3,13070,M,"43,2894183","5,4941466",13
202000031032,20,10,30,05:57,3,1,1,1,3,67365,M,"48,5345000","7,7009100",67
202000031033,20,11,1,19:50,3,1,1,2,6,93053,M,"48,9006600","2,4625400",93
202000031034,20,10,30,16:30,1,1,1,1,7,94028,M,"48,8016000","2,4477000",94
202000031035,20,10,30,18:40,5,2,1,1,7,97411,R," -20,8932600","55,4642100",974
202000031036,20,10,31,19:30,5,2,1,2,1,97302,G,"4,9430200"," -52,3062100",973
202000031037,20,10,31,14:06,1,2,3,1,3,69259,M,"45,7054000","4,8674300",69
202000031038,20,10,30,20:05,4,2,1,1,2,97213,A,"14,6188419"," -61,0138607",972
202000031039,20,10,31,16:00,1,2,3,1,3,69256,M,"45,7744600","4,9154300",69
202000031040,20,10,31,21:20,5,2,2,2,3,59339,M,"50,6879140","3,2369310",59
202000031041,20,10,28,22:25,5,2,1,1,3,59350,M,"50,6322144","3,0608290",59
202000031042,20,10,31,02:55,4,2,1,1,6,45169,M,"47,9330000","1,8320000",45
202000031043,20,10,31,19:48,3,2,2,1,3,45208,M,"48,0036700","2,7419100",45
202000031044,20,10,31,16:30,1,2,6,1,2,45004,M,"47,9783529","2,7336090",45
202000031045,20,10,30,08:05,1,2,2,1,6,42305,M,"45,4811400","4,4347600",42
202000031046,20,10,31,15:30,1,2,3,8,3,37122,M,"47,3629982","0,6741450",37
202000031047,20,10,31,20:35,5,2,2,8,1,35238,M,"48,0910700"," -1,6454100",35
202000031048,20,10,31,16:00,1,1,1,8,6,35238,M,"48,1242800"," -1,7185000",35
202000031049,20,10,31,18:50,5,2,1,1,2,30189,M,"43,8196600","4,3565000",30
202000031050,20,10,31,19:05,5,2,2,2,3,14118,M,"49,1882100"," -0,3597800",14
202000031051,20,10,31,12:58,1,1,1,1,1,14341,M,"49,1394000"," -0,3354000",14
202000031052,20,10,31,13:07,1,2,2,1,3,13212,M,"43,3151537","5,4474280",13
202000031053,20,10,31,14:56,1,2,1,1,7,13211,M,"43,2807500","5,5044400",13
202000031054,20,10,29,12:10,1,2,4,1,3,13004,M,"43,6703822","4,6179277",13
202000031055,20,10,31,20:45,5,2,3,2,1,75110,M,"48,8804050","2,3642920",75
202000031056,20,10,31,16:30,1,2,2,2,6,75110,M,"48,8843080","2,3615170",75
202000031057,20,10,29,10:40,1,2,7,1,3,75102,M,"48,8694690","2,3422960",75
202000031058,20,10,31,10:50,1,2,3,1,6,94046,M,"48,8043080","2,4373810",94
202000031059,20,10,29,16:40,1,2,9,1,6,94016,M,"48,7887200","2,3247300",94
202000031060,20,10,31,17:15,2,2,1,2,1,93007,M,"48,9404800","2,4509100",93
202000031061,20,10,31,05:45,5,2,1,1,6,93007,M,"48,9484481","2,4374180",93
202000031062,20,10,31,11:30,1,2,1,1,1,92077,M,"48,8278486","2,1843045",92
202000031063,20,10,31,18:45,5,2,1,2,3,92049,M,"48,8184496","2,3256717",92
202000031064,20,11,1,17:30,1,2,2,1,3,97415,R," -21,0119309","55,2724904",974
202000031065,20,11,1,02:30,3,1,1,1,7,83072,M,"43,4850300","6,2880370",83
202000031066,20,11,1,15:53,1,2,1,2,1,25388,M,"47,5247940","6,8117590",25
202000031067,20,11,1,08:00,2,1,1,8,7,30151,M,"44,1317100","4,4102380",30
202000031068,20,11,1,11:45,1,1,1,1,3,65436,M,"43,2409210","0,1744460",65
202000031069,20,10,31,16:20,1,1,1,1,7,65392,M,"43,1528980","0,0756920",65
202000031070,20,10,21,13:00,1,2,1,1,6,33140,M,"44,7750500"," -0,3461100",33
202000031071,20,11,1,00:30,5,2,1,1,6,89439,M,"47,9708470","3,7108630",89
202000031072,20,11,1,02:00,4,2,1,1,6,63423,M,"45,6020561","3,4071769",63
202000031073,20,11,1,05:00,5,2,1,1,6,65230,M,"43,0169610","0,5997330",65
202000031074,20,11,1,15:15,1,2,8,2,7,54047,M,"48,5417811","5,8452952",54
202000031075,20,11,1,13:50,1,1,2,2,3,60390,M,"49,5392550","2,1568290",60
202000031076,20,10,29,12:09,1,1,2,1,3,73103,M,"45,6568000","5,9118030",73
202000031077,20,10,25,18:55,3,1,1,1,6,07035,M,"44,9434780","4,7003990",07
202000031078,20,10,29,16:55,1,2,1,2,3,87032,M,"45,6582370","0,9834857",87
202000031079,20,10,31,19:45,3,1,1,1,3,31181,M,"43,4118440","1,2959580",31
202000031080,20,10,30,21:15,3,2,1,1,3,98745,P," -16,6190993"," -151,5437579",987
202000031081,20,11,1,18:20,2,2,3,1,1,97408,R," -20,9656520","55,3407530",974
202000031082,20,10,31,09:36,1,1,1,7,1,77001,M,"48,3488910","2,5831170",77
202000031083,20,10,30,19:40,5,1,9,1,6,83071,M,"43,1465620","6,2571050",83
202000031084,20,11,1,13:28,1,1,1,8,6,89080,M,"48,2715970","3,2902340",89
202000031085,20,11,1,00:10,3,1,1,1,6,38071,M,"45,0681600","5,7287200",38
202000031086,20,10,31,18:28,2,2,1,1,6,33339,M,"45,0374730"," -0,5031590",33
202000031087,20,10,31,22:20,3,2,1,1,6,60141,M,"49,1948200","2,4655530",60
202000031088,20,10,30,14:00,1,1,1,1,2,13214,M,"43,3209000","5,3779000",13
202000031089,20,10,26,10:25,1,1,1,2,6,01049,M,"45,8310900","5,0269900",01
202000031090,20,10,31,15:45,1,1,1,1,2,93027,M,"48,9261500","2,4193000",93
202000031091,20,10,30,17:25,2,1,1,1,3,92036,M,"48,9390318","2,3061204",92
202000031092,20,10,30,12:15,1,1,1,1,3,93064,M,"48,8856100","2,4722000",93
202000031093,20,10,30,07:30,2,1,1,1,4,94073,M,"48,7559300","2,3833400",94
202000031094,20,10,31,02:00,5,2,2,1,3,98818,C," -22,2925900","166,4472600",988
202000031095,20,10,30,11:50,1,2,1,1,6,97411,R," -20,9047000","55,4832800",974
202000031096,20,10,30,15:07,1,2,2,1,6,69388,M,"45,7339247","4,8627517",69
202000031097,20,10,28,18:05,5,2,1,1,2,69259,M,"45,6963500","4,8833100",69
202000031098,20,10,29,15:05,1,2,1,1,3,69383,M,"45,7552700","4,8727200",69
202000031099,20,10,29,20:10,5,2,9,2,3,91657,M,"48,7031710","2,4199290",91
202000031100,20,10,6,16:50,1,2,1,1,3,91174,M,"48,6009600","2,4634100",91
202000031101,20,10,29,17:33,1,1,1,2,4,87085,M,"45,8618500","1,2867200",87
202000031102,20,10,29,12:10,1,2,1,1,6,80021,M,"49,8995500","2,2838500",80
202000031103,20,10,29,16:55,1,2,1,1,3,77296,M,"48,6298591","2,5728276",77
202000031104,20,10,8,21:45,5,1,2,1,3,77445,M,"48,5901037","2,5920469",77
202000031105,20,10,29,18:20,3,2,1,1,6,76540,M,"49,4378700","1,1054600",76
202000031106,20,10,29,18:50,1,2,1,1,6,76305,M,"49,5093100","0,2288400",76
202000031107,20,10,29,10:05,1,2,1,1,2,71306,M,"46,6887231","4,3490472",71
202000031108,20,10,28,18:20,1,2,1,1,2,66136,M,"42,6816300","2,9116100",66
202000031109,20,10,26,21:35,3,1,1,1,2,66136,M,"42,7121700","2,9581200",66
202000031110,20,10,29,11:00,1,1,1,1,2,64335,M,"43,3426006"," -0,4128993",64
202000031111,20,10,29,08:40,2,2,6,1,3,64125,M,"43,4455000"," -1,5451500",64
202000031112,20,10,19,10:50,1,2,1,1,6,61397,M,"48,4201500","0,0783900",61
202000031113,20,10,30,21:10,5,2,1,1,3,59350,M,"50,6191000","3,0323400",59
202000031114,20,10,25,18:40,2,1,1,3,1,59560,M,"50,5431900","3,0642000",59
202000031115,20,10,29,16:20,1,2,1,1,6,59569,M,"50,3636900","3,1134000",59
202000031116,20,10,19,10:58,1,2,6,1,6,56260,M,"47,6386900"," -2,7649000",56
202000031117,20,10,24,01:25,5,2,2,2,3,56121,M,"47,7438900"," -3,3810900",56
202000031118,20,10,29,00:40,5,2,1,2,6,56121,M,"47,7477800"," -3,3635400",56
202000031119,20,10,27,17:10,1,2,1,8,6,56121,M,"47,7551400"," -3,3651400",56
202000031120,20,10,29,12:50,1,2,2,1,3,54304,M,"48,6851685","6,1558487",54
202000031121,20,10,29,20:55,5,2,3,2,6,54493,M,"49,5301000","5,8188000",54
202000031122,20,10,29,17:35,1,2,1,1,2,52121,M,"48,0922800","5,1453200",52
202000031123,20,10,28,18:40,5,2,1,2,4,51454,M,"49,2537428","4,0408863",51
202000031124,20,10,28,09:45,1,2,1,2,5,49007,M,"47,4671800"," -0,5449800",49
202000031125,20,10,27,18:47,5,2,1,3,1,45298,M,"47,8923700","1,8819700",45
202000031126,20,10,13,05:50,5,1,2,2,2,42218,M,"45,4421900","4,4083400",42
202000031127,20,10,30,02:10,3,2,1,1,7,41295,M,"47,6065200","1,4055600",41
202000031128,20,10,29,18:00,2,2,2,2,3,35238,M,"48,1098100"," -1,6655700",35
202000031129,20,10,30,22:00,5,2,6,1,3,33063,M,"44,8661700"," -0,5753300",33
202000031130,20,10,30,14:40,1,1,3,1,3,33063,M,"44,8917300"," -0,5489800",33
202000031131,20,10,15,13:34,1,2,2,1,3,33063,M,"44,8610900"," -0,5701400",33
202000031132,20,10,29,21:00,5,2,1,1,3,33162,M,"44,8635500"," -0,6585900",33
202000031133,20,10,29,10:00,1,1,1,1,2,31555,M,"43,5706200","1,4306600",31
202000031134,20,10,29,15:30,1,1,1,8,4,29232,M,"48,0431900"," -4,0702900",29
202000031135,20,10,30,08:10,1,2,1,1,3,27375,M,"49,2046200","1,1953800",27
202000031136,20,10,30,14:10,1,2,1,1,6,25056,M,"47,2554000","6,0193000",25
202000031137,20,10,29,16:20,1,2,9,1,3,25056,M,"47,2287000","5,9872500",25
202000031138,20,10,30,11:15,1,2,6,1,3,17300,M,"46,1675000"," -1,1400000",17
202000031139,20,10,30,11:25,1,1,1,1,1,15012,M,"44,8973910","2,4094090",15
202000031140,20,10,28,11:37,1,2,2,8,3,14118,M,"49,1784840"," -0,3614370",14
202000031141,20,10,30,21:35,5,2,3,1,3,13208,M,"43,2799131","5,3871231",13
202000031142,20,10,30,08:30,1,2,1,1,2,13210,M,"43,2850720","5,4132810",13
202000031143,20,10,30,11:35,1,2,1,1,6,06069,M,"43,6558000","6,9245000",06
202000031144,20,10,30,16:30,2,2,1,1,6,06123,M,"43,6566000","7,1788000",06
202000031145,20,10,29,18:50,5,2,3,1,3,05061,M,"44,5672900","6,0833900",05
202000031146,20,10,30,17:55,5,2,1,1,3,75118,M,"48,9008440","2,3670720",75
202000031147,20,10,29,22:00,4,2,4,1,7,75117,M,"48,8830340","2,2836640",75
202000031148,20,8,3,18:45,2,2,9,1,6,13201,M,"43,2986700","5,3842100",13
202000031149,20,10,28,06:00,5,2,1,1,4,75113,M,"48,8177380","2,3673380",75
202000031150,20,7,31,09:00,1,2,1,1,1,13075,M,"43,3389490","5,4536580",13
202000031151,20,10,30,15:29,1,2,3,1,6,75115,M,"48,8402820","2,2951860",75
202000031152,20,8,3,02:40,5,2,1,1,3,13208,M,"43,2536990","5,3761280",13
202000031153,20,10,30,06:50,4,2,1,1,6,75120,M,"48,8606800","2,4103690",75
202000031154,20,8,3,21:10,5,2,9,1,6,13047,M,"43,5895000","4,9419000",13
202000031155,20,10,30,15:30,1,2,2,8,6,75118,M,"48,8911220","2,3293980",75
202000031156,20,10,29,17:45,2,2,3,1,3,75116,M,"48,8770800","2,2834650",75
202000031157,20,8,2,18:03,1,2,1,1,2,10387,M,"48,2968000","4,0606000",10
202000031158,20,10,29,13:00,1,2,1,1,6,75116,M,"48,8647250","2,2736570",75
202000031159,20,8,3,11:00,1,2,1,1,3,06123,M,"43,6679220","7,1921870",06
202000031160,20,10,30,08:45,1,2,4,1,7,75115,M,"48,8385240","2,3115380",75
202000031161,20,8,3,02:05,5,2,4,1,6,75118,M,"48,9010900","2,3552130",75
202000031162,20,10,28,18:30,5,2,1,2,5,75112,M,"48,8341220","2,3812950",75
202000031163,20,8,2,09:20,1,2,1,1,2,75119,M,"48,8977840","2,3937980",75
202000031164,20,10,30,14:30,1,2,2,1,3,75111,M,"48,8564620","2,3942130",75
202000031165,20,10,29,23:50,5,2,2,1,6,75109,M,"48,8736000","2,3283450",75
202000031166,20,8,3,17:00,1,2,3,1,6,75119,M,"48,8746860","2,3877750",75
202000031167,20,10,29,12:50,1,2,3,1,2,75108,M,"48,8754040","2,3088240",75
202000031168,20,8,3,15:50,1,2,3,1,2,75118,M,"48,8933140","2,3596360",75
202000031169,20,10,29,12:50,1,2,5,1,3,75108,M,"48,8753140","2,3157870",75
202000031170,20,8,3,10:00,1,2,4,1,3,75117,M,"48,8870800","2,2895660",75
202000031171,20,10,27,12:20,1,2,5,1,7,75103,M,"48,8619360","2,3645990",75
202000031172,20,7,25,17:30,1,2,3,8,7,75117,M,"48,8818700","2,3187180",75
202000031173,20,7,26,19:20,1,2,3,1,7,75101,M,"48,8632120","2,3338010",75
202000031174,20,8,2,18:08,1,2,1,1,1,75116,M,"48,8403010","2,2680420",75
202000031175,20,10,30,18:50,5,2,1,1,7,94068,M,"48,8076100","2,4738300",94
202000031176,20,8,3,17:05,1,2,7,1,2,75114,M,"48,8230460","2,3254920",75
202000031177,20,10,29,14:45,1,2,3,1,3,94068,M,"48,8087936","2,5105423",94
202000031178,20,8,2,22:30,5,2,3,1,2,75111,M,"48,8664040","2,3804860",75
202000031179,20,8,3,21:25,3,2,2,1,7,75107,M,"48,8589710","2,2933780",75
202000031180,20,10,28,17:20,1,2,4,8,5,94041,M,"48,8170950","2,3815240",94
202000031181,20,10,30,09:15,1,2,3,1,3,93045,M,"48,8818464","2,4228329",93
202000031182,20,8,3,17:55,1,2,2,1,3,75107,M,"48,8544710","2,3304590",75
202000031183,20,10,28,21:50,5,2,2,1,3,93006,M,"48,8623999","2,4161491",93
202000031184,20,8,3,19:40,1,2,3,1,7,75104,M,"48,8545740","2,3629400",75
202000031185,20,10,30,07:01,1,2,3,1,6,93029,M,"48,9145416","2,4611410",93
202000031186,20,8,3,07:15,1,2,1,8,3,94078,M,"48,7510000","2,4452000",94
202000031187,20,10,29,21:55,5,2,3,1,3,93010,M,"48,9013624","2,4890183",93
202000031188,20,8,2,19:00,1,2,2,1,3,94068,M,"48,7886982","2,5052315",94
202000031189,20,8,1,11:20,1,1,1,1,2,94065,M,"48,7538900","2,3574100",94
202000031190,20,10,29,17:40,5,2,2,1,3,92046,M,"48,8192000","2,2978000",92
202000031191,20,8,3,08:40,1,1,1,1,5,93073,M,"49,0022190","2,5369412",93
202000031192,20,10,30,20:55,5,2,1,1,3,92073,M,"48,8771078","2,2294274",92
202000031193,20,8,3,17:40,1,2,1,1,7,93066,M,"48,9366652","2,3533134",93
202000031194,20,8,3,04:00,5,2,1,1,6,93077,M,"48,8891873","2,4953883",93
202000031195,20,8,3,12:35,1,2,2,1,6,93053,M,"48,8924178","2,4558365",93
202000031196,20,8,3,07:45,1,2,3,1,6,93046,M,"48,9274500","2,5435100",93
202000031197,20,8,3,20:30,1,2,3,1,3,93032,M,"48,8946000","2,5467000",93
202000031198,20,8,3,14:11,1,2,1,1,3,93027,M,"48,9240100","2,3970600",93