Num_Acc,an,mois,jour,hrmn,lum,agg,int,atm,col,com,gps,lat,long,dep
202000031199,20,8,3,19:20,1,2,1,1,6,93010,M,"48,9108999","2,4806491",93
202000031200,20,8,1,13:15,1,2,9,1,3,93007,M,"48,9422400","2,4327200",93
202000031201,20,8,3,18:45,1,2,2,1,6,92075,M,"48,8258300","2,2906400",92
202000031202,20,8,3,18:45,1,1,1,1,1,35195,M,"48,2888470"," -1,6885150",35
202000031203,20,8,4,07:00,1,1,1,1,1,91390,M,"48,3215450","2,0945130",91
202000031204,20,7,26,12:30,1,1,1,1,3,84069,M,"44,1559730","5,1474060",84
202000031205,20,8,4,06:26,2,1,1,1,6,01209,M,"46,1182870","5,8854160",01
202000031206,20,8,3,16:15,1,1,1,1,7,22020,M,"48,3122030"," -2,2412910",22
202000031207,20,8,2,10:20,1,1,9,1,3,62233,M,"50,3517076","1,6483892",62
202000031208,20,8,3,20:45,1,1,2,1,3,56054,M,"47,6409820"," -3,1583527",56
202000031209,20,8,1,20:00,1,1,1,1,1,74288,M,"46,1124670","5,9702140",74
202000031210,20,8,3,12:30,1,1,1,1,6,82117,M,"44,3432100","0,9478440",82
202000031211,20,8,2,01:00,3,1,1,1,6,32306,M,"43,8692660","0,6048500",32
202000031212,20,7,27,15:30,1,1,1,1,1,32382,M,"43,7585300","0,3742750",32
202000031213,20,8,4,16:00,1,1,1,1,7,89069,M,"48,1022080","3,6748840",89
202000031214,20,8,3,19:54,1,1,1,1,6,61323,M,"48,4757100","0,9363810",61
202000031215,20,8,4,13:05,1,1,1,1,7,42015,M,"46,1651200","4,3355490",42
202000031216,20,8,4,18:25,1,1,1,1,1,46125,M,"44,7693290","2,0297880",46
202000031217,20,8,3,10:30,1,1,1,1,7,22135,M,"48,5525950"," -3,3722880",22
202000031218,20,5,31,17:55,1,2,1,1,7,67073,M,"48,2751960","7,3958270",67
202000031219,20,8,3,15:15,1,2,1,2,1,39339,M,"46,3587610","5,7882740",39
202000031220,20,5,26,17:25,1,2,6,1,-1,01173,M,"46,3340470","6,0597860",01
202000031221,20,6,4,15:20,1,1,1,1,1,50420,M,"49,0477420"," -1,2173150",50
202000031222,20,6,3,17:05,1,2,1,1,6,91275,M,"48,6773000","2,1339170",91
202000031223,20,5,31,22:10,3,1,1,1,7,19011,M,"45,3887164","1,3690004",19
202000031224,20,6,3,22:33,3,1,1,1,6,56222,M,"47,8472950"," -2,6934530",56
202000031225,20,6,3,20:54,2,1,3,8,7,56097,M,"47,7666400"," -3,0978000",56
202000031226,20,8,1,18:18,1,1,1,1,1,35299,M,"48,6331470"," -1,8651630",35
202000031227,20,6,3,21:10,2,1,1,3,7,77032,M,"48,7162520","3,2352160",77
202000031228,20,6,3,11:45,1,2,4,1,2,79079,M,"46,9385430"," -0,6940510",79
202000031229,20,8,3,13:00,1,2,1,1,3,29047,M,"48,5367980"," -4,3736310",29
202000031230,20,6,3,23:05,4,2,6,1,3,2B346,M,"42,5012560","9,4654460",2B
202000031231,20,8,4,18:30,1,1,1,1,2,29197,M,"48,0106170"," -4,4635710",29
202000031232,20,8,4,03:00,3,1,1,1,6,38463,M,"45,1683490","5,3231289",38
202000031233,20,6,4,10:00,1,1,1,1,3,80020,M,"49,9284610","2,3651500",80
202000031234,20,6,4,09:20,1,1,1,1,1,80703,M,"49,8231580","1,7391010",80
202000031235,20,8,3,17:20,1,1,1,1,7,38043,M,"45,4445100","5,5644600",38
202000031236,20,6,4,15:30,1,1,1,8,6,81145,M,"43,8759320","1,8442230",81
202000031237,20,8,4,15:50,1,1,1,1,7,02806,M,"49,1727820","3,4817860",02
202000031238,20,8,4,12:30,1,2,1,1,6,02719,M,"49,5980900","3,2561960",02
202000031239,20,8,4,16:40,1,2,1,1,7,72386,M,"48,0120470","0,2666330",72
202000031240,20,6,3,17:30,1,1,2,1,5,12239,M,"44,4290190","2,9628180",12
202000031241,20,8,3,16:40,1,1,9,1,7,72070,M,"48,0206750"," -0,1252020",72
202000031242,20,6,3,09:20,1,2,4,7,6,41275,M,"47,9184270","1,0857050",41
202000031243,20,8,3,17:20,1,1,2,1,3,14276,M,"48,9698120"," -0,2686840",14
202000031244,20,5,29,18:30,1,1,1,1,6,68065,M,"47,6372730","7,0245550",68
202000031245,20,8,4,14:09,1,1,1,1,6,50110,M,"49,1660730"," -0,9410650",50
202000031246,20,6,2,10:25,1,2,1,1,6,35223,M,"48,0062200"," -2,0921020",35
202000031247,20,8,4,13:30,1,2,1,1,6,83121,M,"43,5717710","6,2178650",83
202000031248,20,8,1,00:30,3,1,1,1,6,83145,M,"43,5911880","5,9587570",83
202000031249,20,6,4,04:45,4,2,1,2,6,70145,M,"47,3668470","5,9747060",70
202000031250,20,8,4,09:58,1,2,1,1,6,60070,M,"49,4480710","2,8272400",60
202000031251,20,7,25,18:45,1,2,2,1,3,60029,M,"49,3723490","1,9887780",60
202000031252,20,6,4,15:00,1,1,1,8,1,83038,M,"43,5967410","6,4712480",83
202000031253,20,5,21,17:30,1,2,1,1,6,45327,M,"47,9717742","2,1097173",45
202000031254,20,8,3,22:15,3,1,1,1,6,45175,M,"47,7301360","1,8030770",45
202000031255,20,6,3,18:30,1,1,1,2,7,45212,M,"47,9060944","2,8196617",45
202000031256,20,8,3,11:25,1,1,3,1,1,24587,M,"44,8407320","1,2496520",24
202000031257,20,6,3,13:00,1,2,3,1,1,45098,M,"47,8302003","1,7688522",45
202000031258,20,6,2,14:50,1,2,1,1,7,18197,M,"46,7416400","2,5075330",18
202000031259,20,8,4,18:20,1,1,1,1,1,04123,M,"44,2924360","5,8429110",04
202000031260,20,6,3,23:00,5,2,1,1,6,10437,M,"48,1395500","4,3083510",10
202000031261,20,6,4,06:55,1,2,3,1,3,16167,M,"45,6857920"," -0,1665080",16
202000031262,20,8,3,20:30,1,1,3,1,5,87086,M,"45,7053140","1,5096680",87
202000031263,20,8,1,16:30,1,2,1,1,1,08200,M,"49,4165940","4,6290020",08
202000031264,20,6,3,02:20,3,2,3,1,6,17347,M,"45,9423510"," -0,5222800",17
202000031265,20,8,3,16:05,1,1,1,1,6,88066,M,"48,3782450","6,0791890",88
202000031266,20,6,2,21:30,2,1,1,1,7,37085,M,"47,2710671","0,8863332",37
202000031267,20,8,4,05:45,2,1,1,1,3,98734,P," -17,7233790"," -149,5057300",987
202000031268,20,6,4,11:00,1,1,1,1,7,48175,M,"44,4661560","3,1423470",48
202000031269,20,8,4,10:05,1,1,9,1,6,72124,M,"47,8176180","0,3074080",72
202000031270,20,8,2,10:50,1,2,1,1,3,97801,,"18,0995690"," -63,0600270",978
202000031271,20,8,4,13:45,1,2,1,1,2,42256,M,"45,5024578","4,1857625",42
202000031272,20,8,3,17:00,1,1,1,2,6,74143,M,"45,8916260","6,7913940",74
202000031273,20,8,4,02:05,3,1,1,1,2,51027,M,"49,0590261","4,6999536",51
202000031274,20,6,2,20:20,1,1,1,1,-1,67329,M,"48,4433230","7,5028040",67
202000031275,20,6,3,18:30,1,1,1,1,7,44213,M,"47,4220190"," -1,0383800",44
202000031276,20,8,3,17:40,1,1,9,1,6,69268,M,"45,6604830","4,7642040",69
202000031277,20,6,4,17:40,1,1,1,2,6,51584,M,"49,2104658","4,0451553",51
202000031278,20,6,3,14:00,1,2,2,1,3,69116,M,"45,8181680","4,7712850",69
202000031279,20,8,3,10:18,1,1,1,1,1,38508,M,"45,5190830","5,4094790",38
202000031280,20,6,3,06:20,2,1,1,1,6,27258,M,"49,3367420","0,4128270",27
202000031281,20,7,21,13:20,1,1,9,1,3,97125,A,"16,2579590"," -61,3062210",971
202000031282,20,5,24,17:00,2,1,1,9,6,98729,P," -17,4996810"," -149,7678570",987
202000031283,20,8,2,17:45,1,1,1,1,1,95040,M,"49,0995130","1,8769670",95
202000031284,20,8,3,15:00,1,1,1,1,7,91175,M,"48,5015110","1,9697210",91
202000031285,20,6,4,15:20,1,1,1,2,6,77183,M,"48,9577560","3,1369190",77
202000031286,20,8,4,07:30,1,1,1,1,1,66164,M,"42,7663830","2,8425510",66
202000031287,20,6,4,17:40,1,2,1,1,6,2B205,M,"42,6966780","9,3598370",2B
202000031288,20,6,3,06:00,1,1,1,1,1,13013,M,"43,4314660","5,5647470",13
202000031289,20,8,3,16:40,1,2,6,1,3,30132,M,"44,2098380","4,0297440",30
202000031290,20,5,27,08:00,1,1,4,1,1,13066,M,"43,8565236","4,9031738",13
202000031291,20,7,31,17:00,1,1,6,1,2,83023,M,"43,4092410","6,0432530",83
202000031292,20,8,4,08:10,1,1,1,1,6,13074,M,"43,6455630","5,5675360",13
202000031293,20,6,3,17:10,1,1,1,2,6,71063,M,"46,8972850","4,3220470",71
202000031294,20,8,2,09:30,1,1,1,1,7,26325,M,"45,2999960","4,8203160",26
202000031295,20,5,31,12:15,1,1,1,1,-1,67052,M,"48,4511829","7,3545535",67
202000031296,20,7,29,17:45,2,2,1,7,3,71176,M,"46,4907062","3,9979414",71
202000031297,20,8,3,15:30,1,2,1,1,6,68247,M,"47,9094930","6,9755030",68
202000031298,20,6,3,08:20,1,1,6,1,3,67300,M,"48,5328280","7,5131920",67
202000031299,20,6,3,11:17,1,2,1,1,6,67112,M,"48,5220050","7,5625640",67
202000031300,20,8,3,12:15,1,2,9,1,3,67131,M,"48,4871630","7,7292630",67
202000031301,20,6,4,07:52,1,1,1,3,1,74015,M,"46,0828090","6,1856030",74
202000031302,20,8,3,06:52,2,1,1,1,7,54133,M,"48,7000170","6,6100630",54
202000031303,20,6,4,05:20,3,1,1,2,6,33238,M,"44,7352180"," -0,5785470",33
202000031304,20,8,1,17:45,1,1,1,1,7,54258,M,"48,6754052","6,5548468",54
202000031305,20,7,31,22:45,3,1,1,1,7,63263,M,"45,7669338","2,9780689",63
202000031306,20,8,3,20:00,1,1,1,8,7,38146,M,"45,7178810","5,2566360",38
202000031307,20,2,22,22:45,3,1,1,1,7,33351,M,"45,2027690"," -0,4999420",33
202000031308,20,6,4,16:30,1,1,2,1,3,35287,M,"48,6113680"," -2,0806630",35
202000031309,20,8,3,15:30,1,2,1,1,5,07070,M,"44,9728590","4,8518370",07
202000031310,20,6,4,16:25,1,2,1,3,3,60489,M,"49,1625615","2,8554609",60
202000031311,20,7,31,12:10,1,2,1,1,-1,69020,M,"45,8655917","4,6677667",69
202000031312,20,7,30,11:35,1,1,1,1,3,69116,M,"45,8412080","4,7776470",69
202000031313,20,8,3,20:15,1,1,1,1,1,85189,M,"46,7489110"," -1,8692850",85
202000031314,20,6,3,07:55,1,1,1,1,5,13215,M,"43,3759232","5,3598128",13
202000031315,20,8,4,08:05,1,1,1,1,6,56167,M,"47,6667960"," -2,9154650",56
202000031316,20,8,3,14:40,1,1,1,1,2,13215,M,"43,3804500","5,3500800",13
202000031317,20,8,3,14:50,1,1,1,1,5,33550,M,"44,7778400"," -0,5576100",33
202000031318,20,6,3,14:10,1,1,1,1,4,94034,M,"48,7594971","2,3224126",94
202000031319,20,8,3,14:45,1,1,1,1,4,33143,M,"44,9754800"," -0,4334200",33
202000031320,20,8,3,00:05,4,1,1,1,6,33075,M,"44,8894400"," -0,6175400",33
202000031321,20,6,2,17:45,1,1,1,1,2,78043,M,"48,8347300","2,0870700",78
202000031322,20,8,1,00:40,3,1,1,1,2,62186,M,"50,4351220","2,7249530",62
202000031323,20,6,2,19:50,1,1,1,1,6,95277,M,"48,9833200","2,5013100",95
202000031324,20,8,3,13:54,1,1,1,1,2,91136,M,"48,7055100","2,2874900",91
202000031325,20,6,2,17:45,1,1,1,1,5,95572,M,"49,0344700","2,1016500",95
202000031326,20,6,2,11:08,1,1,1,1,3,60631,M,"49,1526300","2,5861000",60
202000031327,20,8,3,18:30,1,1,1,3,3,93053,M,"48,8852000","2,4717000",93
202000031328,20,6,2,18:20,2,2,6,1,3,97411,R," -20,9021400","55,5032900",974
202000031329,20,8,3,08:00,1,1,1,1,3,94015,M,"48,8326100","2,5330600",94
202000031330,20,6,2,09:30,1,2,2,1,3,97411,R," -20,8887000","55,4464100",974
202000031331,20,8,2,04:25,5,2,1,1,2,98818,C," -22,2749000","166,4492800",988
202000031332,20,6,2,22:30,3,2,1,1,6,69259,M,"45,7107200","4,8656500",69
202000031333,20,6,2,21:10,2,2,2,1,7,69387,M,"45,7504700","4,8449000",69
202000031334,20,8,2,18:30,3,2,1,2,1,98818,C," -22,2257600","166,4922100",988
202000031335,20,5,28,09:30,1,2,2,1,2,91339,M,"48,6349400","2,2661700",91
202000031336,20,8,2,04:45,5,1,1,2,7,97416,R," -21,2995400","55,4568700",974
202000031337,20,5,29,16:30,1,2,2,1,3,89024,M,"47,7952000","3,5506800",89
202000031338,20,8,1,11:49,1,2,2,7,1,69388,M,"45,7379000","4,8845200",69
202000031339,20,6,2,07:06,2,1,1,1,6,87065,M,"45,7944200","1,2952800",87
202000031340,20,5,31,18:39,1,1,1,1,6,87048,M,"45,7708000","1,2502800",87
202000031341,20,7,22,04:40,5,1,1,2,6,97113,A,"16,2213300"," -61,5221200",971
202000031342,20,5,30,11:18,1,2,1,1,2,87085,M,"45,8704444","1,2680572",87
202000031343,20,8,2,07:00,1,2,1,1,4,83137,M,"43,1203100","5,9492100",83
202000031344,20,5,29,14:51,1,2,1,1,6,87085,M,"45,8170000","1,2514000",87
202000031345,20,8,1,18:45,1,2,1,1,-1,83137,M,"43,1274800","5,9063000",83
202000031346,20,5,31,05:22,5,2,2,1,3,87085,M,"45,8524400","1,2549800",87
202000031347,20,8,2,19:20,1,2,1,1,2,83069,M,"43,1193890","6,1515490",83
202000031348,20,5,29,23:10,5,2,1,1,7,87085,M,"45,8617034","1,2882918",87
202000031349,20,8,1,17:40,1,2,1,1,2,83069,M,"43,0900000","6,1600000",83
202000031350,20,6,1,19:10,1,1,1,1,1,83069,M,"43,1284200","6,0932000",83
202000031351,20,7,31,19:10,1,2,3,1,3,83069,M,"43,1136000","6,1290000",83
202000031352,20,6,1,10:50,1,2,1,1,3,80164,M,"49,9040800","2,3630000",80
202000031353,20,8,2,16:00,1,2,9,1,1,77058,M,"48,8324100","2,7380500",77
202000031354,20,6,1,10:10,1,2,1,1,3,80021,M,"49,9455300","2,2772400",80
202000031355,20,5,31,12:20,1,2,1,1,1,80021,M,"49,9062900","2,3051400",80
202000031356,20,5,29,09:10,1,2,1,1,6,79191,M,"46,3334600"," -0,4488700",79
202000031357,20,7,25,01:30,5,2,2,1,3,62893,M,"50,7735300","1,6123150",62
202000031358,20,5,15,16:35,1,2,1,1,-1,77320,M,"48,8228600","3,0345900",77
202000031359,20,7,31,23:00,3,1,1,1,-1,62350,M,"50,5041000","2,6137000",62
202000031360,20,6,1,19:02,1,2,1,1,7,76498,M,"49,4271978","1,0655665",76
202000031361,20,5,31,15:20,1,2,3,1,-1,76165,M,"49,2837882","1,0164347",76
202000031362,20,8,2,17:15,1,2,9,1,3,60159,M,"49,3924100","2,8022400",60
202000031363,20,5,31,23:10,5,2,8,1,6,76305,M,"49,4900500","0,1963000",76
202000031364,20,5,31,02:45,3,1,1,1,7,76270,M,"49,5305600","0,1294100",76
202000031365,20,7,28,15:55,1,2,9,1,3,60057,M,"49,4400200","2,1131100",60
202000031366,20,6,1,17:24,1,2,2,1,3,76351,M,"49,4852000","0,1300400",76
202000031367,20,8,1,13:50,1,2,4,8,-1,60057,M,"49,4313400","2,1171200",60
202000031368,20,6,1,18:20,1,2,3,1,3,74218,M,"46,3840600","6,5133800",74
202000031369,20,8,2,22:15,5,2,2,1,3,59512,M,"50,6765500","3,1796400",59
202000031370,20,6,2,06:50,1,1,4,1,3,74118,M,"46,1693000","6,2058000",74
202000031371,20,8,2,17:47,1,2,1,1,6,37261,M,"47,3923562","0,6769765",37
202000031372,20,5,31,18:25,1,2,1,1,6,74012,M,"46,1857900","6,2401700",74
202000031373,20,8,2,15:00,1,1,9,1,2,35055,M,"48,0988900"," -1,6143300",35
202000031374,20,6,1,11:10,1,2,1,1,-1,72181,M,"48,0003600","0,2027800",72
202000031375,20,8,2,20:25,1,1,4,1,6,33529,M,"44,6136400"," -1,1532500",33
202000031376,20,6,2,16:10,1,2,1,1,4,69013,M,"46,0093566","4,7255710",69
202000031377,20,8,1,12:25,1,2,1,1,2,27229,M,"49,0170000","1,1700000",27
202000031378,20,6,1,17:40,1,2,1,1,3,67482,M,"48,5643880","7,7054490",67
202000031379,20,6,1,17:24,1,2,1,1,6,66136,M,"42,7071600","2,8916100",66
202000031380,20,8,2,18:40,1,2,1,8,1,26198,M,"44,5601390","4,7479240",26
202000031381,20,6,1,14:00,1,2,1,1,2,66136,M,"42,6913700","2,8822200",66
202000031382,20,8,2,04:40,5,2,3,1,6,26198,M,"44,5717350","4,7431060",26
202000031383,20,6,2,22:30,5,1,1,1,7,65226,M,"43,2423600","0,0054900",65
202000031384,20,8,1,16:30,1,2,1,1,2,26198,M,"44,5417300","4,7466500",26
202000031385,20,6,2,09:50,1,2,1,1,2,65331,M,"43,2107340","0,0478290",65
202000031386,20,8,2,09:50,1,2,2,8,6,21166,M,"47,2931400","5,0132170",21
202000031387,20,5,28,20:00,1,2,1,1,6,62667,M,"50,7071250","1,5742430",62
202000031388,20,8,2,18:00,1,1,7,1,1,17380,M,"45,6634280"," -1,1351580",17
202000031389,20,5,31,12:30,1,2,1,1,7,59178,M,"50,3559449","3,0820137",59
202000031390,20,8,1,11:31,1,1,1,1,3,17300,M,"46,1598200"," -1,1738000",17
202000031391,20,5,30,10:00,1,2,1,1,-1,59574,M,"50,3599000","3,2823000",59
202000031392,20,8,2,10:00,1,1,1,1,3,15014,M,"44,8966160","2,4058950",15
202000031393,20,5,30,16:34,1,2,1,1,6,56121,M,"47,7404200"," -3,3721900",56
202000031394,20,6,2,08:48,1,2,2,1,6,54431,M,"48,9031800","6,0424300",54
202000031395,20,8,2,21:10,5,2,3,1,3,13208,M,"43,2668200","5,3825200",13
202000031396,20,6,1,16:30,1,2,2,1,-1,54304,M,"48,6949500","6,1379400",54
202000031397,20,8,2,18:25,1,2,3,1,3,13208,M,"43,2663800","5,3945700",13
202000031398,20,6,2,08:45,1,2,1,7,7,51454,M,"49,2136172","4,0267091",51
202000031399,20,8,2,18:30,1,2,2,1,3,13206,M,"43,2899470","5,3875840",13
202000031400,20,6,2,17:45,1,2,1,1,3,45234,M,"47,8358953","1,9343571",45
202000031401,20,3,6,16:05,1,2,1,7,6,05023,M,"44,8956900","6,6324000",05
202000031402,20,6,2,09:00,1,2,3,1,3,44162,M,"47,2183900"," -1,6474400",44
202000031403,20,8,1,12:20,1,2,3,1,2,03190,M,"46,5704857","3,3212399",03
202000031404,20,8,2,02:10,5,2,2,1,1,75105,M,"48,8495030","2,3528590",75
202000031405,20,6,2,08:10,1,2,1,7,6,44109,M,"47,2523500"," -1,5525200",44
202000031406,20,8,1,21:45,3,2,1,1,6,75105,M,"48,8533750","2,3457190",75
202000031407,20,6,2,08:45,1,2,2,1,3,38185,M,"45,1672500","5,7414900",38
202000031408,20,8,1,07:45,1,2,2,1,2,75117,M,"48,8901060","2,3037850",75
202000031409,20,6,2,08:15,1,2,2,1,3,37261,M,"47,3931728","0,6737959",37
202000031410,20,8,2,15:00,1,2,4,1,3,75115,M,"48,8364530","2,2991330",75
202000031411,20,6,2,19:00,1,2,1,1,3,35238,M,"48,0987300"," -1,6543100",35
202000031412,20,6,2,18:20,1,2,1,1,6,35238,M,"48,0891200"," -1,6506600",35
202000031413,20,8,2,15:00,1,2,1,1,1,75113,M,"48,8237040","2,3580420",75
202000031414,20,8,2,17:50,1,2,1,1,6,75111,M,"48,8572750","2,3838250",75
202000031415,20,6,2,17:00,1,2,1,1,2,35238,M,"48,1250200"," -1,7012200",35
202000031416,20,8,2,21:15,4,2,1,1,7,75101,M,"48,8632910","2,3225420",75
202000031417,20,5,27,19:05,1,2,1,1,6,33529,M,"44,5348200"," -1,1578500",33
202000031418,20,8,2,20:45,1,2,3,1,6,94081,M,"48,7825000","2,3809000",94
202000031419,20,5,28,09:27,1,2,1,1,6,32013,M,"43,6645000","0,5953000",32
202000031420,20,8,2,16:40,1,2,1,1,2,94078,M,"48,7328100","2,4611000",94
202000031421,20,6,1,21:15,5,2,1,1,3,31555,M,"43,6262200","1,4589700",31
202000031422,20,8,1,22:10,5,2,2,1,1,94074,M,"48,7490800","2,4555300",94
202000031423,20,8,1,20:00,1,2,2,1,3,94068,M,"48,7934260","2,4785820",94
202000031424,20,5,29,16:30,1,2,1,1,1,31555,M,"43,6656500","1,4390000",31
202000031425,20,8,2,12:40,1,2,1,1,3,94076,M,"48,7877000","2,3680800",94
202000031426,20,5,29,10:20,1,1,1,1,2,31555,M,"43,6373800","1,4212000",31
202000031427,20,8,2,17:30,1,2,1,1,7,94034,M,"48,7597820","2,3209370",94
202000031428,20,5,30,14:15,1,2,1,1,3,30007,M,"44,1289500","4,1025850",30
202000031429,20,6,2,10:54,1,2,2,1,3,25462,M,"46,9166600","6,3385600",25
202000031430,20,8,2,20:15,1,2,2,1,-1,94017,M,"48,8235100","2,5102500",94
202000031431,20,7,29,00:50,5,2,1,1,6,93062,M,"48,9014300","2,5118700",93
202000031432,20,8,2,15:55,1,2,9,1,6,93048,M,"48,8610740","2,4411033",93
202000031433,20,5,30,11:10,1,2,1,1,6,16102,M,"45,6885980"," -0,3148630",16
202000031434,20,8,2,00:10,5,2,3,1,1,93048,M,"48,8626610","2,4415835",93
202000031435,20,6,2,17:40,1,2,2,7,3,14699,M,"49,3402700","0,1033300",14
202000031436,20,8,2,12:30,1,2,3,1,3,93079,M,"48,9527500","2,3374400",93
202000031437,20,5,30,17:00,1,2,1,7,6,14221,M,"49,1833000"," -0,2667000",14
202000031438,20,8,2,11:50,1,2,5,1,3,93057,M,"48,9105900","2,5123100",93
202000031439,20,6,2,14:40,1,1,3,1,3,13054,M,"43,4102740","5,2092420",13
202000031440,20,8,1,23:00,5,2,1,1,3,93005,M,"48,9284417","2,4820539",93
202000031441,20,8,1,23:16,5,2,1,1,6,93001,M,"48,9183328","2,3978018",93
202000031442,20,8,2,21:00,2,2,1,1,3,92019,M,"48,7648563","2,2647406",92
202000031443,20,6,2,21:30,5,2,1,1,1,13215,M,"43,3493902","5,3468164",13
202000031444,20,8,2,05:00,3,1,1,1,6,35168,M,"47,9231010"," -2,0338710",35
202000031445,20,6,2,19:00,1,2,1,1,6,13203,M,"43,3204140","5,3725580",13
202000031446,20,6,2,09:30,1,2,1,2,6,13215,M,"43,3719100","5,3480000",13
202000031447,20,8,1,11:40,1,1,2,7,3,71147,M,"46,5392900","4,6399538",71
202000031448,20,8,3,15:45,1,2,2,1,3,81266,M,"43,6466580","1,9749370",81
202000031449,20,6,2,02:38,5,2,1,1,2,13207,M,"43,2771519","5,3569682",13
202000031450,20,6,2,02:00,4,2,1,1,-1,13216,M,"43,3586700","5,2918000",13
202000031451,20,8,1,09:18,1,1,1,1,2,45158,M,"48,0652090","2,6608880",45
202000031452,20,5,28,18:30,1,2,2,1,3,13202,M,"43,3030760","5,3665670",13
202000031453,20,8,3,08:40,1,1,1,1,7,28398,M,"48,2366110","1,0526380",28
202000031454,20,8,3,10:45,1,1,1,3,3,74179,M,"45,9947290","6,0126010",74
202000031455,20,6,2,08:00,1,2,1,1,1,12145,M,"44,1059800","3,0843000",12
202000031456,20,8,2,17:15,1,1,1,1,7,71256,M,"46,7410646","5,0903081",71
202000031457,20,6,1,18:10,1,2,3,1,-1,11262,M,"43,1850870","3,0219410",11
202000031458,20,8,3,03:50,3,1,1,1,1,51167,M,"48,7422050","4,4216217",51
202000031459,20,6,2,20:00,1,1,1,1,7,07116,M,"44,6429915","4,3447774",07
202000031460,20,6,2,16:05,1,2,1,1,6,06088,M,"43,7012300","7,2914200",06
202000031461,20,8,1,00:00,3,1,3,1,3,11102,M,"43,1693013","2,3001552",11
202000031462,20,7,24,13:45,1,1,1,1,-1,63364,M,"45,8274072","3,4478738",63
202000031463,20,6,2,20:52,1,2,9,1,3,06027,M,"43,6500000","7,1200000",06
202000031464,20,8,2,18:50,1,1,2,1,7,61230,M,"48,5836480","0,7085100",61
202000031465,20,6,1,11:15,1,2,1,1,1,06123,M,"43,6898300","7,1856200",06
202000031466,20,7,23,15:30,1,1,3,1,7,61483,M,"48,5611760"," -0,4346790",61
202000031467,20,5,30,18:20,1,2,3,8,3,05061,M,"44,5486900","6,0611400",05
202000031468,20,8,3,15:15,1,2,1,1,3,42052,M,"46,1554523","4,1649095",42
202000031469,20,6,2,08:30,1,2,1,1,3,75113,M,"48,8166320","2,3559200",75
202000031470,20,8,2,20:20,1,2,1,1,7,42149,M,"45,6339977","4,2384617",42
202000031471,20,5,30,10:00,1,2,1,1,2,75117,M,"48,8951580","2,3064100",75
202000031472,20,6,1,08:55,1,2,4,1,6,75107,M,"48,8527970","2,2983560",75
202000031473,20,7,31,13:30,1,1,4,1,5,42115,M,"45,3174970","4,3571730",42
202000031474,20,6,1,01:01,4,2,2,1,3,75116,M,"48,8749220","2,2711250",75
202000031475,20,7,4,19:20,1,1,2,1,3,41094,M,"47,4261820","1,4213720",41
202000031476,20,6,2,16:45,1,2,4,1,4,75119,M,"48,8796330","2,4083400",75
202000031477,20,8,1,18:15,1,1,3,1,2,34186,M,"43,6537340","3,3185090",34
202000031478,20,6,2,15:25,1,2,1,1,-1,75119,M,"48,8878990","2,3952930",75
202000031479,20,8,1,10:30,1,1,1,1,1,68094,M,"47,5428310","7,4350620",68
202000031480,20,6,2,08:20,1,2,1,1,3,75119,M,"48,8882840","2,3759560",75
202000031481,20,8,2,16:45,1,1,1,1,4,22371,M,"48,2008730"," -2,2589670",22
202000031482,20,6,2,09:50,1,2,3,1,3,75117,M,"48,8789880","2,3024120",75
202000031483,20,7,8,17:15,1,2,3,1,6,22055,M,"48,5990260"," -2,8248920",22
202000031484,20,6,2,11:40,1,2,2,1,3,75113,M,"48,8304440","2,3783550",75
202000031485,20,8,1,15:20,1,1,1,1,1,31308,M,"43,0113860","0,6174870",31
202000031486,20,6,2,10:10,1,2,1,1,3,75110,M,"48,8734520","2,3752290",75
202000031487,20,6,2,09:50,1,2,3,1,6,75110,M,"48,8785820","2,3641970",75
202000031488,20,8,3,15:00,1,1,1,1,1,03226,M,"46,3647305","3,8388467",03
202000031489,20,7,20,21:47,2,1,1,1,6,03132,M,"46,3859151","3,5612312",03
202000031490,20,6,2,08:10,1,2,5,7,6,75109,M,"48,8730970","2,3332980",75
202000031491,20,8,2,09:45,1,1,1,1,6,03155,M,"46,7136795","2,9250029",03
202000031492,20,6,2,14:10,1,2,1,1,1,75108,M,"48,8823840","2,3224740",75
202000031493,20,8,2,19:00,1,1,1,1,7,01124,M,"46,4588210","5,2293100",01
202000031494,20,8,3,01:40,5,2,2,1,6,26054,M,"44,2987590","4,8720820",26
202000031495,20,6,2,09:40,1,2,7,1,3,75108,M,"48,8741020","2,2958160",75
202000031496,20,8,2,20:45,2,1,1,1,7,72067,M,"48,1012020","0,4641240",72
202000031497,20,8,3,10:45,1,1,1,1,7,83012,M,"43,5548010","6,0094810",83
202000031498,20,6,2,16:45,1,2,1,1,3,94076,M,"48,7925500","2,3634400",94
202000031499,20,8,2,17:40,1,1,1,1,7,16347,M,"45,2786460","0,1003680",16
202000031500,20,6,2,07:46,1,2,2,7,3,94073,M,"48,7660300","2,3905600",94
202000031501,20,8,2,17:55,1,1,1,1,6,21087,M,"47,1341591","4,6836407",21
202000031502,20,6,1,19:48,1,2,1,1,3,94069,M,"48,8158970","2,4622700",94
202000031503,20,8,1,19:00,1,1,1,1,1,04025,M,"44,1414120","6,5920540",04
202000031504,20,6,2,14:50,1,2,1,1,3,93070,M,"48,9087000","2,3327000",93
202000031505,20,7,28,18:10,1,2,1,1,3,27116,M,"49,1891070","0,7234410",27
202000031506,20,6,2,16:05,1,2,1,1,6,93077,M,"48,8819394","2,5222719",93
202000031507,20,8,2,18:40,1,1,4,7,1,30043,M,"43,7757870","4,2297690",30