Num_Acc,an,mois,jour,hrmn,lum,agg,int,atm,col,com,gps,lat,long,dep
202000031508,20,6,2,08:45,1,2,1,7,6,93027,M,"48,9170938","2,3845011",93
202000031509,20,8,3,12:15,1,1,1,1,1,48039,M,"44,4499440","3,3709330",48
202000031510,20,6,2,13:05,1,2,2,1,1,93057,M,"48,9079753","2,4953024",93
202000031511,20,8,1,15:30,1,1,1,1,1,98752,P," -17,7220550"," -149,4046530",987
202000031512,20,6,2,06:50,2,2,3,1,3,93008,M,"48,9040700","2,4292600",93
202000031513,20,6,2,11:20,1,2,2,1,1,92050,M,"48,8938104","2,2120500",92
202000031514,20,6,1,20:46,1,2,1,1,7,92036,M,"48,9346097","2,2921756",92
202000031515,20,5,30,18:20,1,2,9,1,3,92036,M,"48,9223000","2,3233520",92
202000031516,20,5,30,20:50,1,2,1,1,7,92036,M,"48,9398550","2,2879660",92
202000031517,20,6,2,08:03,1,2,6,7,3,92035,M,"48,9054820","2,2556915",92
202000031518,20,5,30,17:10,1,2,2,1,3,92025,M,"48,9356332","2,2609037",92
202000031519,20,6,2,09:20,1,2,1,1,1,92012,M,"48,8471343","2,2347307",92
202000031520,20,6,2,22:45,5,2,1,1,6,37150,M,"47,3862914","0,4203919",37
202000031521,20,5,27,16:00,1,1,1,1,7,95452,M,"49,1330440","2,2977730",95
202000031522,20,6,3,16:40,1,2,1,1,7,76235,M,"49,8955900","1,2655980",76
202000031523,20,6,2,17:05,1,1,1,1,4,83023,M,"43,4218190","6,0714910",83
202000031524,20,6,2,20:45,2,1,1,1,2,68253,M,"47,7748600","7,5170300",68
202000031525,20,6,1,05:10,2,1,1,1,6,35098,M,"47,7743330"," -1,7032590",35
202000031526,20,5,31,17:15,1,1,6,1,1,68043,M,"47,8726620","7,2465990",68
202000031527,20,6,2,13:40,1,1,1,1,1,57485,M,"48,8140560","6,5343330",57
202000031528,20,6,2,10:00,1,1,1,1,7,56018,M,"47,5342900"," -2,4902760",56
202000031529,20,5,29,16:30,1,1,1,1,2,74208,M,"45,9032740","6,7135350",74
202000031530,20,6,3,07:30,1,2,1,1,-1,71013,M,"46,8765578","5,3112238",71
202000031531,20,5,22,15:25,1,1,1,1,7,46016,M,"44,9300660","1,5803360",46
202000031532,20,6,3,01:15,5,2,6,1,6,47051,M,"44,1807420","0,6740710",47
202000031533,20,6,3,02:50,3,1,1,1,2,25122,M,"46,9482120","6,1797240",25
202000031534,20,6,2,16:25,1,2,9,1,1,44015,M,"47,4766620"," -1,7654730",44
202000031535,20,5,25,16:40,1,1,3,1,3,38454,M,"45,1387500","5,3444800",38
202000031536,20,6,3,17:40,1,1,1,1,3,84072,M,"44,0603290","5,1034500",84
202000031537,20,6,1,16:55,1,1,1,1,1,01199,M,"46,0474420","5,3887940",01
202000031538,20,6,3,09:55,1,2,1,1,6,58106,M,"47,2888870","4,0142800",58
202000031539,20,6,3,16:25,1,2,9,1,3,72189,M,"48,2537380","0,3156100",72
202000031540,20,6,3,17:15,1,1,3,1,3,14302,M,"49,2575636","0,0779653",14
202000031541,20,6,2,11:20,1,1,1,1,2,64495,M,"43,3656760"," -1,5980440",64
202000031542,20,2,6,17:00,1,1,1,1,6,73247,M,"45,5561130","6,1367170",73
202000031543,20,6,2,12:00,1,2,2,1,1,18194,M,"47,1867780","2,6122190",18
202000031544,20,6,2,20:40,2,2,1,1,7,43039,M,"44,8876780","3,8811190",43
202000031545,20,6,2,16:55,1,2,6,1,2,10268,M,"48,4929190","3,5020370",10
202000031546,20,6,2,19:55,1,1,1,1,6,27627,M,"49,1499450","0,5342960",27
202000031547,20,6,3,16:20,1,2,6,1,6,30075,M,"43,8217250","4,2608930",30
202000031548,20,6,3,02:15,5,2,1,1,6,52079,M,"48,4932250","4,9633800",52
202000031549,20,6,2,10:47,1,1,1,1,5,33284,M,"44,6608130"," -0,8241690",33
202000031550,20,6,2,16:20,1,1,1,1,7,63272,M,"45,7307104","3,1547919",63
202000031551,20,6,3,19:40,1,1,1,3,6,91441,M,"48,5069590","2,5112770",91
202000031552,20,6,2,20:40,1,1,1,1,7,11144,M,"42,8679120","2,9858690",11
202000031553,20,6,3,01:30,5,1,1,1,1,97311,G,"5,4891000"," -54,0011850",973
202000031554,20,6,3,08:15,1,1,1,1,2,28185,M,"48,7722560","1,5442660",28
202000031555,20,5,31,16:55,1,1,1,1,7,45315,M,"47,7300039","2,3572470",45
202000031556,20,5,29,17:00,1,2,1,1,3,91587,M,"48,6900180","2,2630330",91
202000031557,20,5,31,20:45,1,1,1,1,1,78623,M,"48,7863470","1,8725140",78
202000031558,20,6,3,16:20,1,1,1,2,7,05024,M,"44,4606330","5,5679660",05
202000031559,20,6,2,14:50,1,2,1,1,1,71063,M,"46,8633283","4,2984402",71
202000031560,20,6,2,19:00,1,1,1,1,7,51379,M,"49,3029194","3,8107341",51
202000031561,20,6,2,19:25,1,1,1,1,1,68287,M,"47,9546790","7,2879590",68
202000031562,20,9,30,13:05,1,2,3,1,3,69388,M,"45,7390200","4,8665100",69
202000031563,20,9,29,14:40,1,2,1,2,2,97209,A,"14,6188500"," -61,0449300",972
202000031564,20,9,29,19:10,2,2,1,1,7,69286,M,"45,8070020","4,8906877",69
202000031565,20,9,30,20:50,5,2,1,1,6,2B120,M,"42,6342700","9,4376800",2B
202000031566,20,9,3,12:15,1,2,1,1,6,89387,M,"48,1929600","3,2809000",89
202000031567,20,9,17,07:50,2,1,1,1,3,84031,M,"44,0746600","5,0412100",84
202000031568,20,9,8,13:50,1,1,9,1,3,84031,M,"44,0328600","5,0389900",84
202000031569,20,9,4,16:50,1,2,2,1,3,84080,M,"44,0125600","5,0092600",84
202000031570,20,9,2,16:35,1,1,1,1,-1,84031,M,"44,0453600","5,0062100",84
202000031571,20,9,30,17:50,1,2,1,1,6,83137,M,"43,1375970","5,9024040",83
202000031572,20,9,29,19:35,5,2,3,1,3,80021,M,"49,9041400","2,2646900",80
202000031573,20,9,28,08:30,1,2,2,2,2,78646,M,"48,8046900","2,1483400",78
202000031574,20,9,24,20:55,4,2,1,1,3,78117,M,"48,7868000","2,1330500",78
202000031575,20,9,30,07:15,3,1,3,1,3,77450,M,"48,7115000","2,5814300",77
202000031576,20,9,30,23:50,5,2,1,1,6,69256,M,"45,7768339","4,9207020",69
202000031577,20,9,21,11:15,1,2,3,1,5,69029,M,"45,7382000","4,8946800",69
202000031578,20,9,30,18:10,1,2,3,2,2,67482,M,"48,5723000","7,7504500",67
202000031579,20,9,4,19:25,1,2,1,7,6,64260,M,"43,3569600"," -1,7754100",64
202000031580,20,9,29,07:50,1,2,2,1,3,63113,M,"45,8058800","3,1066900",63
202000031581,20,9,29,09:10,1,1,1,8,5,60175,M,"49,2457000","2,4575000",60
202000031582,20,9,30,13:25,1,2,6,1,6,60159,M,"49,4043500","2,8173200",60
202000031583,20,9,25,18:00,1,2,1,2,6,59350,M,"50,6318260","3,0074300",59
202000031584,20,9,25,11:50,1,2,2,1,3,58194,M,"46,9873000","3,1326000",58
202000031585,20,9,28,16:33,1,1,1,2,3,57672,M,"49,3624200","6,0854900",57
202000031586,20,9,28,16:20,1,2,2,1,3,56121,M,"47,7375300"," -3,3781200",56
202000031587,20,9,29,16:05,1,2,1,1,6,54395,M,"48,6900600","6,1721800",54
202000031588,20,9,27,18:10,2,2,3,1,6,50129,M,"49,6389000"," -1,6063600",50
202000031589,20,9,29,13:00,1,2,1,1,6,49328,M,"47,2555200"," -0,0769700",49
202000031590,20,9,29,16:41,1,2,1,1,2,49267,M,"47,4705600"," -0,4916500",49
202000031591,20,9,28,09:00,1,2,1,1,2,49267,M,"47,4705600"," -0,4916500",49
202000031592,20,9,30,22:25,5,2,1,3,6,44109,M,"47,1987600"," -1,5945000",44
202000031593,20,9,30,13:55,1,2,1,1,6,44109,M,"47,2070300"," -1,5944900",44
202000031594,20,9,28,08:45,1,2,6,1,3,44109,M,"47,2046200"," -1,5626200",44
202000031595,20,9,30,09:05,1,2,1,1,6,33529,M,"44,6375900"," -1,1522200",33
202000031596,20,9,30,12:45,1,2,1,1,6,31555,M,"43,6312200","1,4381500",31
202000031597,20,9,29,18:00,1,1,1,1,3,31555,M,"43,6352417","1,4210719",31
202000031598,20,9,28,06:30,5,2,1,2,3,26362,M,"44,9026700","4,8733000",26
202000031599,20,9,22,00:35,5,2,7,1,6,22113,M,"48,7328400"," -3,4569200",22
202000031600,20,9,30,23:50,5,2,1,1,7,17415,M,"45,7346700"," -0,6168900",17
202000031601,20,9,30,15:20,1,2,2,1,3,17300,M,"46,1624000"," -1,1669000",17
202000031602,20,9,30,18:15,1,2,1,1,7,15014,M,"44,9215900","2,4275500",15
202000031603,20,9,30,18:25,1,2,1,1,4,13071,M,"43,4139900","5,3452600",13
202000031604,20,10,1,00:05,5,2,1,1,2,13214,M,"43,3306600","5,4048700",13
202000031605,20,9,30,23:30,5,2,1,1,2,13214,M,"43,3165450","5,3892170",13
202000031606,20,9,30,16:50,1,2,1,1,1,13211,M,"43,3007640","5,5190500",13
202000031607,20,9,29,15:20,1,2,9,1,6,13212,M,"43,3004457","5,4767581",13
202000031608,20,9,29,17:40,1,2,1,1,6,13204,M,"43,3024700","5,3971300",13
202000031609,20,9,29,16:00,1,2,1,1,1,13207,M,"43,2888704","5,3662816",13
202000031610,20,9,29,13:15,1,2,1,1,3,13210,M,"43,2796700","5,4183500",13
202000031611,20,9,30,19:00,2,2,1,1,2,13001,M,"43,5259670","5,4487630",13
202000031612,20,9,30,13:40,1,2,9,1,6,13001,M,"43,5351920","5,4311340",13
202000031613,20,9,25,14:54,1,1,1,8,6,12146,M,"44,3265100","2,5833900",12
202000031614,20,9,29,17:24,1,2,2,1,3,10362,M,"48,2939680","4,0553590",10
202000031615,20,9,28,18:51,3,2,1,3,2,10387,M,"48,3040300","4,0964500",10
202000031616,20,9,29,07:55,1,2,1,1,6,09122,M,"42,9829520","1,6143210",09
202000031617,20,9,30,17:35,1,2,6,1,3,06069,M,"43,6498930","6,9314100",06
202000031618,20,9,30,07:30,1,2,1,1,1,06069,M,"43,6460000","6,9275800",06
202000031619,20,9,29,17:15,1,2,1,1,1,06030,M,"43,5645500","6,9776400",06
202000031620,20,9,28,14:25,1,1,9,1,3,06004,M,"43,6018600","7,0840100",06
202000031621,20,9,29,23:25,5,2,1,1,2,75117,M,"48,8851930","2,2873020",75
202000031622,20,9,29,10:40,1,2,4,1,2,75116,M,"48,8516600","2,2523340",75
202000031623,20,9,28,14:00,1,2,4,1,7,75118,M,"48,9008560","2,3587800",75
202000031624,20,9,30,17:25,1,2,3,1,6,75119,M,"48,8846840","2,3988380",75
202000031625,20,9,30,11:00,1,2,5,2,2,75116,M,"48,8769980","2,2769670",75
202000031626,20,9,29,09:55,1,2,5,2,3,75116,M,"48,8367310","2,2536860",75
202000031627,20,9,30,19:05,1,2,2,1,6,75113,M,"48,8210110","2,3507460",75
202000031628,20,9,30,17:30,1,2,1,1,2,75112,M,"48,8331650","2,4138210",75
202000031629,20,9,30,11:20,1,2,1,2,3,75112,M,"48,8316320","2,4205800",75
202000031630,20,9,30,20:00,5,2,1,1,3,75111,M,"48,8574820","2,3902620",75
202000031631,20,9,30,17:00,1,2,3,1,6,75111,M,"48,8539250","2,3820310",75
202000031632,20,9,30,14:45,1,2,4,1,6,75111,M,"48,8568260","2,3704930",75
202000031633,20,9,30,09:07,1,2,7,2,3,75108,M,"48,8666580","2,3220090",75
202000031634,20,9,30,13:40,1,2,2,8,3,75107,M,"48,8624720","2,3104050",75
202000031635,20,9,29,21:15,5,2,2,1,1,75103,M,"48,8679150","2,3550190",75
202000031636,20,9,30,08:20,1,2,3,8,3,75104,M,"48,8489270","2,3645210",75
202000031637,20,9,30,17:45,1,2,1,1,7,94078,M,"48,7540746","2,4444640",94
202000031638,20,9,30,14:40,1,2,1,8,3,94042,M,"48,8201290","2,4747950",94
202000031639,20,9,30,11:10,1,2,1,1,3,94052,M,"48,8376440","2,4773450",94
202000031640,20,9,29,13:20,1,2,1,2,-1,94046,M,"48,8044800","2,4304600",94
202000031641,20,9,29,16:40,1,2,6,2,2,94028,M,"48,7845880","2,4365710",94
202000031642,20,9,30,21:20,5,2,1,1,2,93027,M,"48,9242000","2,3957000",93
202000031643,20,9,30,12:50,1,2,1,8,6,93077,M,"48,8777097","2,5213874",93
202000031644,20,9,29,12:20,1,2,2,2,3,93049,M,"48,8708669","2,5123359",93
202000031645,20,9,29,07:30,5,2,7,2,6,93063,M,"48,8838637","2,4407499",93
202000031646,20,9,30,13:45,1,2,1,1,3,93031,M,"48,9580209","2,3256544",93
202000031647,20,9,29,13:10,1,2,1,2,6,93029,M,"48,9225153","2,4567895",93
202000031648,20,9,30,19:15,2,2,1,1,3,93001,M,"48,9101273","2,3856248",93
202000031649,20,9,30,18:41,1,2,2,1,6,75114,M,"48,8236160","2,3083960",75
202000031650,20,9,30,14:00,1,2,1,8,3,92075,M,"48,8223160","2,2848983",92
202000031651,20,9,30,13:35,1,2,1,8,6,92073,M,"48,8646990","2,2048930",92
202000031652,20,9,30,20:20,5,2,1,1,3,92062,M,"48,8809780","2,2426870",92
202000031653,20,9,29,20:30,5,2,1,1,5,92025,M,"48,9307990","2,2672870",92
202000031654,20,9,30,21:25,5,2,6,1,3,92060,M,"48,7763100","2,2499500",92
202000031655,20,10,1,11:45,1,1,1,1,1,37058,M,"47,2411119","0,1715173",37
202000031656,20,9,30,16:30,1,1,3,1,2,01074,M,"45,9887360","5,1908680",01
202000031657,20,10,1,08:45,1,2,1,1,6,26045,M,"44,5412910","4,9340470",26
202000031658,20,10,1,20:15,3,1,1,2,1,17285,M,"45,8093160"," -0,6500390",17
202000031659,20,9,30,17:58,1,2,3,1,3,81250,M,"43,7578480","2,1619570",81
202000031660,20,9,30,12:20,1,1,1,1,7,28398,M,"48,2369580","1,0534160",28
202000031661,20,9,25,06:50,2,1,1,1,3,83130,M,"43,1864866","6,0618251",83
202000031662,20,9,30,20:15,3,1,1,1,-1,19031,M,"45,1388320","1,4901550",19
202000031663,20,10,1,08:45,1,1,4,1,6,42308,M,"45,4530878","4,5822547",42
202000031664,20,9,30,13:30,1,2,1,1,6,62022,M,"50,7326190","1,8017100",62
202000031665,20,9,29,20:00,3,1,1,2,7,51662,M,"49,2893424","4,1275760",51
202000031666,20,10,1,05:00,3,1,1,3,1,51391,M,"49,2750882","3,8640137",51
202000031667,20,9,27,01:15,5,2,2,1,3,74225,M,"45,8677720","5,9386950",74
202000031668,20,9,30,15:50,1,2,1,8,3,77101,M,"48,4132940","3,1004410",77
202000031669,20,10,1,15:30,1,1,1,2,1,81220,M,"43,7904280","1,6887620",81
202000031670,20,10,1,08:30,1,1,2,1,3,63149,M,"45,8927260","3,2589910",63
202000031671,20,9,30,14:25,1,1,1,1,2,63262,M,"45,6966970","3,1638100",63
202000031672,20,9,27,07:45,2,1,1,1,1,49109,M,"47,1299950"," -0,6178310",49
202000031673,20,10,1,17:35,1,1,1,2,1,25160,M,"47,0342010","6,5597610",25
202000031674,20,9,30,16:00,1,1,1,8,1,44007,M,"47,6420730"," -1,9043470",44
202000031675,20,9,30,19:50,5,2,6,3,3,35310,M,"48,3431220"," -1,3066650",35
202000031676,20,9,30,10:20,1,2,1,2,6,29163,M,"48,5098350"," -3,8752866",29
202000031677,20,9,29,18:30,1,2,2,1,3,29191,M,"48,5240460"," -3,7175550",29
202000031678,20,9,30,08:20,1,1,1,1,1,31011,M,"43,0017032","0,9049584",31
202000031679,20,9,30,05:50,5,2,6,1,3,84089,M,"43,6985610","5,5019030",84
202000031680,20,10,1,08:30,1,2,1,1,6,01199,M,"46,0391540","5,4096200",01
202000031681,20,10,1,10:15,1,2,2,3,6,60509,M,"49,3076650","2,6030410",60
202000031682,20,9,28,17:45,1,1,1,2,1,43199,M,"45,1126940","4,1790320",43
202000031683,20,10,1,07:50,2,2,1,2,6,16153,M,"45,6766660"," -0,1755740",16
202000031684,20,9,30,17:30,1,1,1,1,7,24038,M,"45,2943020","0,3566690",24
202000031685,20,9,9,15:30,1,2,1,1,7,24156,M,"45,0598730","0,8660210",24
202000031686,20,9,29,22:40,3,1,6,1,6,28280,M,"48,3178930","0,7961230",28
202000031687,20,10,1,18:15,1,1,1,1,3,17188,M,"45,8558890"," -0,2488710",17
202000031688,20,9,30,17:15,1,1,1,1,7,30341,M,"43,6802250","4,2779300",30
202000031689,20,9,26,21:50,3,1,1,1,7,30122,M,"43,8917540","4,2321400",30
202000031690,20,10,1,04:30,3,1,1,9,3,53009,M,"47,9926650"," -0,6317140",53
202000031691,20,9,30,17:30,1,1,1,1,4,74159,M,"46,0043250","6,6293910",74
202000031692,20,9,30,12:30,1,1,1,1,2,28392,M,"48,2329420","1,8493430",28
202000031693,20,9,28,17:00,1,1,1,1,4,17299,M,"45,9627400"," -0,9617650",17
202000031694,20,9,27,00:15,3,1,1,8,7,34226,M,"43,3330130","2,9790120",34
202000031695,20,9,30,19:30,3,1,1,1,6,07217,M,"45,0637610","4,7594830",07
202000031696,20,9,30,15:50,1,2,2,1,5,01264,M,"46,1876740","5,1180410",01
202000031697,20,10,1,15:30,1,2,9,8,3,69140,M,"45,8865280","4,6970630",69
202000031698,20,9,30,19:00,1,1,6,1,3,69009,M,"45,9263080","4,7083930",69
202000031699,20,9,30,16:25,1,2,2,3,3,29001,M,"48,2443087"," -4,3161977",29
202000031700,20,9,30,20:10,3,1,1,1,6,13026,M,"43,3877000","5,1446500",13
202000031701,20,9,30,21:25,5,1,1,1,3,33039,M,"44,8003200"," -0,5354800",33
202000031702,20,9,30,07:20,3,1,1,1,3,33075,M,"44,8897700"," -0,6071600",33
202000031703,20,9,30,08:10,1,1,1,1,2,33281,M,"44,8458300"," -0,6706900",33
202000031704,20,9,30,18:00,1,1,1,1,4,92063,M,"48,8893900","2,1685900",92
202000031705,20,9,30,12:15,1,1,1,2,6,78423,M,"48,7954720","2,0462600",78
202000031706,20,9,30,16:55,1,1,1,1,3,93008,M,"48,9136900","2,4335100",93
202000031707,20,9,30,10:30,1,1,1,1,-1,93066,M,"48,9249148","2,3568453",93
202000031708,20,9,30,09:30,1,1,1,2,6,95252,M,"48,9765200","2,2360900",95
202000031709,20,9,29,08:45,1,2,1,1,3,69383,M,"45,7530066","4,8958724",69
202000031710,20,9,29,08:15,1,2,3,2,3,97213,A,"14,6336073"," -61,0085392",972
202000031711,20,9,29,17:15,1,2,1,1,3,69389,M,"45,7720800","4,7960800",69
202000031712,20,9,23,10:05,1,2,3,1,3,97120,A,"16,2429000"," -61,5396000",971
202000031713,20,9,29,13:30,1,2,1,2,6,95268,M,"48,9726200","2,4170500",95
202000031714,20,9,29,11:50,1,2,2,2,3,91645,M,"48,7546640","2,2745110",91
202000031715,20,9,29,07:00,5,2,3,2,6,91064,M,"48,7539400","2,2157600",91
202000031716,20,9,29,11:35,1,2,1,2,2,91161,M,"48,7038000","2,3177400",91
202000031717,20,9,28,08:05,1,2,6,2,7,91223,M,"48,4416200","2,1369800",91
202000031718,20,9,28,08:50,1,1,1,2,4,91514,M,"48,6634050","2,5146070",91
202000031719,20,9,23,12:30,1,2,1,1,5,89387,M,"48,1956800","3,2877700",89
202000031720,20,9,28,16:26,1,2,3,1,3,87050,M,"45,8704600","1,2362000",87
202000031721,20,9,28,18:44,1,1,1,1,6,87085,M,"45,8822700","1,1711100",87
202000031722,20,9,28,16:55,1,2,1,1,3,87085,M,"45,8318800","1,2631100",87
202000031723,20,9,29,18:00,1,2,1,1,3,86194,M,"46,5774000","0,3488000",86
202000031724,20,9,28,17:30,1,2,1,1,6,83137,M,"43,1294100","5,9220800",83
202000031725,20,9,29,10:15,1,1,1,1,3,83069,M,"43,1258900","6,1711100",83
202000031726,20,9,29,06:45,2,1,1,1,7,83069,M,"43,1606860","6,1256090",83
202000031727,20,9,28,07:30,2,2,2,1,3,80021,M,"49,8782700","2,2909900",80
202000031728,20,9,29,23:00,3,1,1,1,6,77513,M,"48,9415000","2,8481700",77
202000031729,20,9,28,08:25,1,1,1,1,2,76231,M,"49,2715500","0,9970900",76
202000031730,20,9,29,12:05,1,2,1,1,1,74093,M,"45,9080000","6,1039900",74
202000031731,20,9,28,12:40,1,2,1,2,3,71040,M,"46,6914481","4,3911564",71
202000031732,20,9,29,19:20,5,2,1,1,7,69266,M,"45,7624021","4,9160301",69
202000031733,20,9,29,13:45,1,2,1,1,6,69266,M,"45,7575100","4,8824100",69
202000031734,20,9,28,10:00,1,1,1,2,1,69275,M,"45,7835214","4,9523823",69
202000031735,20,9,29,11:30,1,2,8,8,3,67482,M,"48,5996339","7,7835230",67
202000031736,20,9,28,16:05,1,2,3,8,3,67482,M,"48,5769900","7,7536600",67
202000031737,20,9,25,22:22,5,2,3,1,3,66136,M,"42,6881273","2,8927282",66
202000031738,20,9,27,16:20,1,1,1,1,3,66136,M,"42,6894300","2,8313100",66
202000031739,20,9,29,15:05,1,2,1,1,3,64024,M,"43,4784900"," -1,5218200",64
202000031740,20,9,29,08:30,1,2,1,1,3,64024,M,"43,4885045"," -1,5355001",64
202000031741,20,9,29,07:20,2,2,1,1,7,64024,M,"43,4896700"," -1,5024600",64
202000031742,20,9,15,19:15,1,2,1,1,-1,60057,M,"49,4447900","2,0800300",60
202000031743,20,7,25,23:00,5,2,2,2,6,59328,M,"50,6445659","3,0286404",59
202000031744,20,9,28,07:55,2,2,1,1,6,56162,M,"47,7442900"," -3,3986600",56
202000031745,20,9,29,18:55,1,2,2,1,3,51454,M,"49,2456586","4,0177865",51
202000031746,20,9,12,03:47,5,2,1,1,6,49007,M,"47,4537200"," -0,5224700",49
202000031747,20,9,26,12:21,1,2,1,1,6,49007,M,"47,4785800"," -0,5527700",49
202000031748,20,9,28,08:40,1,2,1,1,2,49267,M,"47,4842100"," -0,4984100",49
202000031749,20,9,17,15:37,1,2,3,1,3,49007,M,"47,4754000"," -0,5487100",49
202000031750,20,9,28,13:10,1,2,2,1,3,34172,M,"43,5973821","3,8642371",34
202000031751,20,9,29,17:00,1,2,1,1,1,33063,M,"44,8391500"," -0,5671800",33
202000031752,20,9,28,12:10,1,2,4,1,3,33281,M,"44,8376100"," -0,6672700",33
202000031753,20,9,26,03:30,5,2,2,3,1,33063,M,"44,8466700"," -0,5982800",33
202000031754,20,9,29,12:25,1,2,6,1,2,33009,M,"44,6534700"," -1,1591500",33
202000031755,20,12,13,00:20,5,2,6,1,3,93005,M,"48,9301200","2,5088900",93
202000031756,20,12,13,19:15,5,2,2,2,3,93008,M,"48,9116505","2,4649381",93
202000031757,20,12,13,22:00,3,2,1,2,7,92040,M,"48,8216030","2,2796170",92
202000031758,20,12,13,21:25,5,2,2,2,7,92012,M,"48,8354560","2,2495030",92
202000031759,20,12,12,17:40,5,2,3,1,1,92002,M,"48,7537459","2,3034521",92
202000031760,20,12,8,19:22,5,2,1,1,3,31446,M,"43,5484300","1,4718780",31
202000031761,20,12,14,14:45,1,2,3,2,1,97412,R," -21,3773090","55,6064790",974
202000031762,20,12,14,16:05,1,1,2,1,3,01322,M,"45,9427530","4,8219730",01
202000031763,20,12,13,12:30,1,1,1,1,3,83048,M,"43,1965420","6,5544070",83
202000031764,20,12,13,09:50,1,1,1,8,6,62615,M,"50,9006650","1,8153830",62
202000031765,20,11,18,15:30,1,2,3,1,1,57269,M,"49,2967860","6,2029730",57
202000031766,20,12,13,17:20,3,1,1,1,3,57534,M,"49,0738100","6,2147430",57
202000031767,20,12,11,17:00,5,2,2,2,4,51507,M,"49,0909380","4,9031750",51
202000031768,20,12,14,09:30,1,2,1,1,6,76302,M,"49,6455720","0,3683580",76
202000031769,20,12,13,18:30,5,2,1,2,-1,79079,M,"46,9513170"," -0,7925340",79
202000031770,20,12,14,07:45,3,1,3,8,3,82126,M,"44,1683130","1,5772930",82
202000031771,20,12,13,19:40,3,1,1,1,7,33545,M,"45,2509710"," -0,8763530",33
202000031772,20,12,13,23:40,3,1,1,2,6,61100,M,"48,7148080","0,6192260",61
202000031773,20,12,14,17:15,2,1,3,1,3,47066,M,"44,2437960","0,4186390",47
202000031774,20,12,13,18:00,3,2,1,2,6,41151,M,"47,3438060","1,2424120",41
202000031775,20,12,11,12:00,1,2,1,3,2,44081,M,"46,8897510"," -1,6031830",44
202000031776,20,12,14,10:00,1,2,1,1,6,31345,M,"43,3663430","1,4170120",31
202000031777,20,12,14,07:30,2,1,1,1,1,02279,M,"49,1100060","3,3203600",02
202000031778,20,12,12,22:10,3,1,1,8,7,03217,M,"46,3575564","2,6891361",03
202000031779,20,12,13,18:30,3,1,1,1,-1,70257,M,"47,4760280","5,9299990",70
202000031780,20,12,13,15:30,1,1,1,1,6,58145,M,"47,2756370","3,8359670",58
202000031781,20,12,13,20:40,3,1,1,2,2,72125,M,"47,9457000","0,6555320",72
202000031782,20,12,5,22:30,3,1,1,1,6,27214,M,"49,2938600","1,4708800",27
202000031783,20,12,14,08:30,2,1,1,1,1,28304,M,"48,2909030","1,7136960",28
202000031784,20,12,11,18:35,2,1,1,1,7,97309,G,"4,8957100"," -52,2927980",973
202000031785,20,12,13,22:20,5,2,1,1,1,97309,G,"4,9143840"," -52,2741940",973
202000031786,20,12,13,09:00,1,2,3,2,1,97412,R," -21,3773090","55,6064790",974
202000031787,20,12,6,22:15,3,1,1,1,1,97415,R," -21,0713260","55,2261900",974
202000031788,20,12,9,18:15,5,2,1,1,3,97701,,"17,9032970"," -62,8445110",977
202000031789,20,12,14,12:40,1,2,2,8,3,28285,M,"48,4641290","1,7025050",28
202000031790,20,12,11,19:30,5,2,1,2,1,45089,M,"47,8929940","2,0480660",45
202000031791,20,12,13,07:00,3,1,1,2,7,77257,M,"49,0336480","3,0497360",77
202000031792,20,12,14,04:00,3,1,1,1,6,13004,M,"43,6832670","4,5694110",13
202000031793,20,12,11,22:29,5,2,1,8,6,67451,M,"48,9863980","8,0516820",67
202000031794,20,12,11,20:50,3,2,1,2,6,88183,M,"48,3959080","5,6718310",88
202000031795,20,12,11,12:40,1,1,3,4,6,74037,M,"46,2246330","6,3906690",74
202000031796,20,12,9,07:30,5,2,1,1,2,38565,M,"45,2880000","5,6409100",38
202000031797,20,12,11,12:00,1,1,1,8,1,33080,M,"44,7409930"," -0,5310370",33
202000031798,20,12,14,06:16,3,1,1,3,6,85003,M,"46,7690920"," -1,5996940",85
202000031799,20,12,8,14:15,1,2,2,1,6,22070,M,"48,5628027"," -3,1549509",22
202000031800,20,12,11,18:00,3,1,1,3,4,13071,M,"43,4063000","5,2918590",13
202000031801,20,12,12,12:00,1,1,1,1,2,13211,M,"43,2924000","5,4782200",13
202000031802,20,12,11,14:18,1,1,1,1,2,13071,M,"43,4057530","5,3374310",13
202000031803,20,12,11,00:15,5,1,1,1,6,13202,M,"43,3328200","5,3785700",13
202000031804,20,12,2,17:30,4,1,1,2,2,69266,M,"45,7732443","4,9001062",69
202000031805,20,11,20,19:55,3,1,1,1,2,57452,M,"49,1536200","6,1829500",57
202000031806,20,12,13,16:00,1,1,1,2,7,92002,M,"48,7364821","2,3174313",92
202000031807,20,12,12,21:10,3,1,1,1,2,94021,M,"48,7617000","2,3403000",94
202000031808,20,12,13,12:50,1,1,1,1,6,92064,M,"48,8385031","2,1923600",92
202000031809,20,12,13,03:00,5,1,1,1,6,78524,M,"48,8403000","2,1129000",78
202000031810,20,12,12,15:50,1,1,1,2,6,92063,M,"48,8854343","2,1652776",92
202000031811,20,12,13,19:00,3,1,1,2,4,93010,M,"48,9095700","2,4742500",93
202000031812,20,12,13,17:30,2,1,1,2,2,93005,M,"48,9648000","2,4750100",93
202000031813,20,12,13,06:00,3,1,9,1,6,77249,M,"48,7342410","2,6107580",77
202000031814,20,12,12,12:45,1,2,1,2,3,98818,C," -22,2493400","166,4524200",988