Num_Acc,an,mois,jour,hrmn,lum,agg,int,atm,col,com,gps,lat,long,dep
202000031815,20,12,12,18:00,1,2,3,1,7,97416,R," -21,3259700","55,4793100",974
202000031816,20,12,12,18:25,1,2,1,1,6,97409,R," -20,9332200","55,6461500",974
202000031817,20,12,12,08:55,1,2,6,1,3,97407,R," -20,9496300","55,3015800",974
202000031818,20,12,12,02:10,5,1,1,9,3,97302,G,"4,9137803"," -52,3289260",973
202000031819,20,12,12,13:45,1,2,1,1,3,69387,M,"45,7432300","4,8349000",69
202000031820,20,12,12,15:00,1,2,3,2,3,69383,M,"45,7500200","4,8582600",69
202000031821,20,12,12,10:40,1,2,3,2,6,69259,M,"45,7004200","4,8875000",69
202000031822,20,12,12,14:00,1,1,1,1,3,97213,A,"14,6336662"," -60,9543800",972
202000031823,20,12,11,22:10,5,2,1,1,7,97209,A,"14,6114500"," -61,0430600",972
202000031824,20,12,12,14:40,1,2,3,8,3,69381,M,"45,7677700","4,8379600",69
202000031825,20,12,11,18:50,5,2,1,2,2,69034,M,"45,7846500","4,8296800",69
202000031826,20,12,12,12:10,1,2,1,2,6,95476,M,"49,0616340","2,0579830",95
202000031827,20,12,12,20:00,5,2,1,2,4,91687,M,"48,6540600","2,3660100",91
202000031828,20,12,11,12:00,1,2,1,2,4,91434,M,"48,6456400","2,3491900",91
202000031829,20,12,12,10:20,1,2,6,1,3,91223,M,"48,4371500","2,1631500",91
202000031830,20,12,12,15:38,1,2,1,2,1,88209,M,"48,2093200","6,4411300",88
202000031831,20,12,11,18:35,5,1,1,2,5,78123,M,"48,9369150","2,0383880",78
202000031832,20,12,12,14:30,1,2,1,8,2,69029,M,"45,7295500","4,8938600",69
202000031833,20,12,11,19:38,5,2,1,2,4,69290,M,"45,6879507","4,9422877",69
202000031834,20,12,12,16:35,5,2,1,1,6,69264,M,"45,9937222","4,7230641",69
202000031835,20,12,10,07:40,2,2,1,1,6,68297,M,"47,5860200","7,5610500",68
202000031836,20,12,11,19:39,3,1,1,2,2,68154,M,"47,7737300","7,3504900",68
202000031837,20,12,12,14:15,1,2,3,1,2,64445,M,"43,2979500"," -0,3866700",64
202000031838,20,12,11,13:50,1,2,1,1,3,64445,M,"43,3172532"," -0,3598210",64
202000031839,20,12,11,18:00,5,2,3,8,6,56260,M,"47,6541900"," -2,7576800",56
202000031840,20,12,12,22:35,5,2,3,2,-1,54547,M,"48,6668358","6,1720888",54
202000031841,20,12,12,21:00,5,2,4,3,3,54025,M,"48,6592925","6,2592204",54
202000031842,20,12,10,16:35,2,1,2,1,2,52448,M,"48,6249100","4,9306600",52
202000031843,20,12,11,18:11,5,2,3,1,6,37261,M,"47,4224324","0,7059695",37
202000031844,20,12,12,20:45,5,2,2,3,3,33063,M,"44,8542900"," -0,5722400",33
202000031845,20,12,12,10:10,1,2,3,2,6,33063,M,"44,8522200"," -0,6146400",33
202000031846,20,12,12,21:50,5,2,2,1,7,30189,M,"43,8268100","4,3611600",30
202000031847,20,12,11,17:10,5,2,1,3,1,30007,M,"44,1185100","4,0797700",30
202000031848,20,12,12,23:25,3,1,2,8,2,17291,M,"46,1725100"," -1,1190200",17
202000031849,20,12,11,18:15,5,2,1,2,3,14557,M,"49,3391000","0,0984000",14
202000031850,20,12,12,21:20,5,2,1,1,6,13207,M,"43,2753860","5,3598460",13
202000031851,20,12,12,13:55,1,2,9,1,2,13209,M,"43,2651890","5,4089530",13
202000031852,20,12,11,16:15,1,2,1,6,6,01014,M,"46,2750000","5,6739500",01
202000031853,20,12,11,12:46,1,2,4,1,3,75112,M,"48,8276520","2,3939820",75
202000031854,20,12,11,07:57,5,2,2,2,6,75106,M,"48,8480910","2,3279330",75
202000031855,20,12,12,18:10,5,2,1,2,2,75119,M,"48,8823550","2,3747750",75
202000031856,20,12,11,20:19,5,2,1,2,3,75116,M,"48,8658750","2,2709810",75
202000031857,20,12,12,19:55,5,2,2,2,3,75115,M,"48,8254430","2,3004320",75
202000031858,20,12,12,19:25,5,2,1,2,5,75107,M,"48,8617980","2,3218590",75
202000031859,20,12,12,18:45,5,2,1,1,6,75113,M,"48,8271000","2,3569850",75
202000031860,20,12,12,15:24,1,2,3,3,6,75113,M,"48,8205600","2,3660350",75
202000031861,20,12,12,10:40,1,2,1,1,3,75110,M,"48,8733670","2,3565280",75
202000031862,20,12,12,14:50,1,2,5,2,5,75102,M,"48,8697130","2,3359220",75
202000031863,20,12,12,12:20,1,2,1,1,6,75104,M,"48,8587890","2,3499800",75
202000031864,20,12,12,11:05,1,2,2,1,3,94021,M,"48,7729920","2,3384940",94
202000031865,20,12,12,13:50,1,2,2,1,3,93078,M,"48,9582348","2,5585283",93
202000031866,20,12,12,13:10,1,2,1,2,6,93070,M,"48,9014300","2,3438100",93
202000031867,20,12,11,07:10,5,2,1,3,6,93066,M,"48,9217900","2,3458000",93
202000031868,20,12,12,18:45,5,2,3,2,5,93053,M,"48,9022364","2,4621573",93
202000031869,20,12,12,12:35,1,2,2,2,3,93053,M,"48,8878500","2,4545100",93
202000031870,20,12,12,15:50,1,2,1,2,6,93029,M,"48,9170893","2,4585538",93
202000031871,20,12,12,14:14,1,2,1,2,6,92075,M,"48,8240000","2,2978000",92
202000031872,20,12,12,07:45,2,2,1,2,1,92076,M,"48,8347824","2,1543925",92
202000031873,20,12,12,17:27,5,2,3,1,6,92050,M,"48,8931060","2,1979090",92
202000031874,20,12,12,17:00,3,2,1,2,2,92023,M,"48,7768700","2,2285600",92
202000031875,20,12,12,20:27,5,2,1,8,2,92002,M,"48,7517447","2,3045225",92
202000031876,20,12,13,17:50,5,2,1,2,1,95058,M,"49,1566056","2,2900790",95
202000031877,20,12,12,20:00,3,1,1,1,1,97216,A,"14,8254300"," -61,0405430",972
202000031878,20,12,12,12:29,1,1,1,1,7,68253,M,"47,8040160","7,5328580",68
202000031879,20,12,12,10:55,1,2,4,9,3,69100,M,"45,6950690","4,8207574",69
202000031880,20,12,13,13:30,1,2,3,8,6,77456,M,"48,5093620","3,2819350",77
202000031881,20,12,13,14:00,1,1,1,1,3,2A006,M,"41,9839110","8,7754960",2A
202000031882,20,12,12,16:20,1,1,1,2,6,33151,M,"45,2768480"," -0,4362990",33
202000031883,20,12,12,17:30,2,1,1,8,6,63242,M,"45,3988270","3,2680250",63
202000031884,20,12,8,18:25,3,1,1,1,6,63239,M,"45,7110576","3,3491765",63
202000031885,20,12,9,17:10,2,2,1,1,6,12264,M,"44,4033251","2,5994140",12
202000031886,20,8,2,10:30,1,2,2,1,1,34025,M,"43,4108620","3,2558210",34
202000031887,20,12,13,10:15,1,1,1,2,7,22157,M,"48,2898010"," -3,4880840",22
202000031888,20,12,12,12:40,1,1,1,2,1,22046,M,"48,2434100"," -2,5552980",22
202000031889,20,12,12,21:25,3,1,1,2,6,35096,M,"48,0853040"," -1,4010140",35
202000031890,20,12,12,15:30,1,1,2,1,3,35099,M,"48,0648090"," -1,5615610",35
202000031891,20,12,12,12:15,1,2,2,1,3,14174,M,"48,8500710"," -0,5494130",14
202000031892,20,12,13,08:40,1,1,1,1,6,64259,M,"43,2991620"," -1,2482790",64
202000031893,20,12,12,13:00,1,1,1,8,1,36043,M,"46,5442220","1,9222640",36
202000031894,20,12,13,18:30,3,1,1,1,6,16165,M,"45,7461240"," -0,2014640",16
202000031895,20,12,12,22:00,3,1,1,1,6,24214,M,"45,5806920","0,5279820",24
202000031896,20,12,13,03:30,5,1,1,1,7,98752,P," -17,7220550"," -149,4046530",987
202000031897,20,12,13,15:00,1,1,1,1,3,06004,M,"43,6073380","7,0951080",06
202000031898,20,12,12,19:30,3,1,1,2,7,51507,M,"49,0760594","4,9153219",51
202000031899,20,12,13,08:00,2,1,1,3,6,98803,C," -21,6608980","165,5361560",988
202000031900,20,8,30,17:30,2,1,1,1,6,98811,C," -21,0330500","164,9680300",988
202000031901,20,12,13,05:10,5,2,1,1,6,70279,M,"47,4442050","5,5914510",70
202000031902,20,12,11,22:15,5,2,1,2,7,38475,M,"45,6707730","5,1075860",38
202000031903,20,12,11,19:06,3,1,6,1,2,33435,M,"44,5639070"," -0,2438720",33
202000031904,20,12,13,01:47,3,1,1,2,7,60047,M,"49,1738914","2,7000693",60
202000031905,20,12,11,17:30,5,2,2,2,5,62318,M,"50,5200880","1,6414740",62
202000031906,20,12,11,19:15,5,1,1,2,7,13001,M,"43,5235869","5,4265999",13
202000031907,20,12,11,17:40,3,1,1,2,5,13088,M,"43,3916760","5,2593170",13
202000031908,20,12,12,19:45,3,1,1,2,6,33063,M,"44,8858320"," -0,5606600",33
202000031909,20,12,12,19:00,3,1,1,1,2,91689,M,"48,7391000","2,3199000",91
202000031910,20,12,12,14:50,1,1,1,2,6,77251,M,"48,6193900","2,5549200",77
202000031911,20,12,12,14:40,1,1,1,2,6,91645,M,"48,7596000","2,2675000",91
202000031912,20,12,12,12:50,1,1,1,3,4,94034,M,"48,7577300","2,3281000",94
202000031913,20,12,12,07:30,3,1,1,1,3,91340,M,"48,6100000","2,4420000",91
202000031914,20,12,12,01:52,5,1,1,1,6,94037,M,"48,8164806","2,3578369",94
202000031915,20,12,12,12:15,1,1,1,1,6,78133,M,"48,9133710","2,0436920",78
202000031916,20,12,11,13:20,1,1,1,2,4,92036,M,"48,9237880","2,3049267",92
202000031917,20,12,12,06:00,4,1,1,2,2,95306,M,"48,9961300","2,1813300",95
202000031918,20,12,11,22:30,3,1,1,2,6,93027,M,"48,9268000","2,4034000",93
202000031919,20,12,12,22:20,3,1,1,2,-1,77146,M,"48,8081800","2,6303700",77
202000031920,20,12,12,12:20,1,1,9,1,2,94028,M,"48,7763620","2,4332540",94
202000031921,20,9,29,19:00,2,2,1,8,6,78372,M,"48,8713000","2,0957000",78
202000031922,20,9,16,14:43,1,2,1,1,6,49007,M,"47,4567100"," -0,5539600",49
202000031923,20,9,11,11:35,1,2,1,1,6,49267,M,"47,4745400"," -0,5156700",49
202000031924,20,6,21,11:40,1,2,6,1,3,30028,M,"44,1599700","4,6139400",30
202000031925,20,10,11,08:20,1,2,6,1,6,13211,M,"43,2976690","5,4791630",13
202000031926,20,12,8,15:50,1,2,1,3,6,97409,R," -20,9492674","55,6855655",974
202000031927,20,12,9,06:00,1,2,1,1,3,97407,R," -20,9417200","55,2962600",974
202000031928,20,12,11,20:00,5,2,1,1,3,97302,G,"4,9396483"," -52,3053932",973
202000031929,20,12,11,15:15,1,2,9,1,3,97302,G,"4,9107226"," -52,3214714",973
202000031930,20,12,11,14:07,1,2,1,1,3,97302,G,"4,9290447"," -52,3012304",973
202000031931,20,12,11,06:30,1,2,3,1,3,97302,G,"4,9427700"," -52,3059800",973
202000031932,20,12,10,12:40,1,2,1,1,3,97302,G,"4,9362874"," -52,2964040",973
202000031933,20,12,11,21:00,4,2,2,2,3,69386,M,"45,7600000","4,8600000",69
202000031934,20,12,11,15:45,1,2,1,1,6,69383,M,"45,7582486","4,8510448",69
202000031935,20,12,11,07:50,2,2,1,1,2,69387,M,"45,7232500","4,8420600",69
202000031936,20,12,11,17:50,2,2,1,1,2,97213,A,"14,6145700"," -61,0122800",972
202000031937,20,12,11,07:30,1,2,1,1,6,97209,A,"14,6018600"," -61,0676800",972
202000031938,20,12,1,02:20,5,2,1,1,6,69384,M,"45,7742200","4,8127200",69
202000031939,20,12,11,19:05,5,2,1,3,6,69382,M,"45,7412900","4,8197600",69
202000031940,20,12,10,12:30,1,2,3,1,3,69382,M,"45,7540600","4,8254000",69
202000031941,20,12,11,09:40,1,2,1,1,4,2B033,M,"42,6860400","9,4462300",2B
202000031942,20,12,11,08:15,1,2,3,1,3,2B033,M,"42,6770700","9,4387800",2B
202000031943,20,12,10,18:23,5,2,6,8,6,2B033,M,"42,6801100","9,4419800",2B
202000031944,20,12,11,21:15,5,2,6,1,-1,2A004,M,"41,9451600","8,7582300",2A
202000031945,20,12,11,08:10,2,2,1,2,6,91549,M,"48,6418600","2,3227100",91
202000031946,20,1,14,16:40,1,2,1,1,3,75106,M,"48,8499663","2,3235971",75
202000031947,20,1,15,19:00,5,2,4,2,2,75120,M,"48,8559058","2,4100595",75
202000031948,20,1,15,12:36,1,2,2,1,6,75120,M,"48,8665300","2,3998980",75
202000031949,20,1,15,12:00,1,2,1,1,6,75120,M,"48,8582423","2,4068293",75
202000031950,20,1,15,16:00,1,2,1,1,3,75119,M,"48,8832576","2,3720665",75
202000031951,20,1,15,10:20,1,2,1,1,3,75119,M,"48,8811921","2,3876247",75
202000031952,20,1,15,08:20,2,2,4,1,3,75119,M,"48,8846860","2,3988360",75
202000031953,20,1,15,01:40,5,2,3,1,3,75117,M,"48,8989940","2,3287530",75
202000031954,20,1,15,20:20,5,2,1,2,6,75116,M,"48,8767980","2,2828710",75
202000031955,20,1,15,13:30,1,2,1,8,-1,75116,M,"48,8666652","2,2502230",75
202000031956,20,1,15,09:45,1,2,1,1,2,75116,M,"48,8411230","2,2687950",75
202000031957,20,1,15,15:15,1,2,1,1,6,75115,M,"48,8479154","2,2976605",75
202000031958,20,1,15,08:45,1,2,3,1,6,75115,M,"48,8301880","2,3019142",75
202000031959,20,1,15,01:30,5,2,1,1,7,75114,M,"48,8312183","2,3168023",75
202000031960,20,1,15,19:40,5,2,3,2,6,75113,M,"48,8228133","2,3583700",75
202000031961,20,1,15,18:18,5,2,3,8,6,75113,M,"48,8348820","2,3739160",75
202000031962,20,1,15,08:05,1,2,4,1,2,75113,M,"48,8352051","2,3582735",75
202000031963,20,1,15,18:50,5,2,2,1,6,75112,M,"48,8352980","2,3853465",75
202000031964,20,1,15,14:30,1,2,1,8,4,75111,M,"48,8683071","2,3673311",75
202000031965,20,1,15,14:00,1,2,1,1,6,75109,M,"48,8750817","2,3284645",75
202000031966,20,1,15,05:56,5,2,1,1,7,75108,M,"48,8655150","2,3196410",75
202000031967,20,1,15,19:50,5,2,2,2,6,75104,M,"48,8558976","2,3511731",75
202000031968,20,1,13,18:15,5,2,1,1,7,75103,M,"48,8634150","2,3560410",75
202000031969,20,1,15,20:30,5,2,2,2,3,75103,M,"48,8568235","2,3659953",75
202000031970,20,1,15,10:50,1,2,3,1,6,75104,M,"48,8546704","2,3627593",75
202000031971,20,1,14,20:45,5,2,2,2,3,75104,M,"48,8543687","2,3549385",75
202000031972,20,1,15,00:30,5,2,6,1,7,94077,M,"48,7350000","2,4190000",94
202000031973,20,1,14,19:00,5,2,1,1,6,94068,M,"48,8094080","2,4717860",94
202000031974,20,1,15,19:35,5,2,1,2,6,94015,M,"48,8345500","2,5200300",94
202000031975,20,1,15,17:55,3,2,1,2,6,94076,M,"48,7963000","2,3685300",94
202000031976,20,1,15,14:30,1,1,1,1,1,94076,M,"48,7853600","2,3667200",94
202000031977,20,1,15,11:35,1,2,1,1,6,94003,M,"48,7987300","2,3465200",94
202000031978,20,1,15,19:20,5,2,9,2,2,94017,M,"48,8178300","2,4945400",94
202000031979,20,1,15,12:15,1,2,2,1,3,93078,M,"48,9480930","2,5611570",93
202000031980,20,1,15,10:00,1,2,1,1,3,93064,M,"48,8829000","2,4954000",93
202000031981,20,1,15,12:20,1,2,9,8,2,93027,M,"48,9291700","2,3855700",93
202000031982,20,1,15,15:45,1,2,1,1,3,93010,M,"48,9205473","2,4572217",93
202000031983,20,1,15,11:10,1,2,4,1,3,93010,M,"48,9030700","2,4831300",93
202000031984,20,1,15,16:15,1,2,3,1,3,93005,M,"48,9580000","2,5031500",93
202000031985,20,1,15,17:00,1,2,1,2,6,93001,M,"48,9128000","2,3670600",93
202000031986,20,1,14,20:45,5,2,3,1,6,92036,M,"48,9163100","2,2958200",92
202000031987,20,1,15,18:35,5,2,2,8,6,92012,M,"48,8399723","2,2374297",92
202000031988,20,1,15,09:05,1,2,1,1,6,92012,M,"48,8319560","2,2481560",92
202000031989,20,1,16,16:15,1,1,1,1,2,66190,M,"42,8538140","2,9413960",66
202000031990,20,1,15,14:00,1,2,1,1,7,17194,M,"46,1285130"," -1,0135830",17
202000031991,20,1,14,15:12,1,1,1,1,2,52189,M,"47,6606520","5,1750880",52
202000031992,20,1,16,16:00,1,1,1,3,6,29302,M,"48,2635560"," -4,1136070",29
202000031993,20,1,15,21:50,5,2,4,1,1,97133,A,"15,9482900"," -61,6963700",971
202000031994,20,1,13,18:05,5,2,3,2,3,22185,M,"48,3677540"," -2,3952190",22
202000031995,20,1,12,10:50,1,1,5,7,3,21081,M,"47,3676360","4,7750840",21
202000031996,20,1,16,12:20,1,1,1,1,6,37261,M,"47,4149482","0,7295823",37
202000031997,20,1,15,20:13,3,1,1,1,1,62113,M,"50,3497300","2,5333630",62
202000031998,20,1,16,11:20,1,1,1,1,6,62434,M,"50,1899650","2,5630440",62
202000031999,20,1,16,10:50,1,2,3,7,6,74134,M,"46,1564180","6,6673850",74
202000032000,20,1,16,12:30,1,1,1,7,1,80205,M,"50,0127310","2,0152830",80
202000032001,20,1,15,11:45,1,1,1,1,6,32369,M,"43,7838490"," -0,0157120",32
202000032002,20,1,16,10:30,1,1,9,1,2,71426,M,"46,7368738","4,6207535",71
202000032003,20,1,14,18:50,5,2,1,1,6,71269,M,"46,7543405","4,8471687",71
202000032004,20,1,16,09:18,1,1,1,1,6,55520,M,"48,6887980","5,6671450",55
202000032005,20,1,16,05:25,4,2,1,5,6,49060,M,"47,1871970"," -0,0565730",49
202000032006,20,1,16,17:50,2,1,1,1,3,12226,M,"44,7565600","2,6209750",12
202000032007,20,1,16,12:10,1,1,1,1,6,47310,M,"44,3641730","0,3383240",47
202000032008,20,1,12,16:00,1,1,1,2,6,41177,M,"48,0813530","0,8721710",41
202000032009,20,1,16,18:30,3,1,1,1,6,86193,M,"46,7558211","0,7662141",86
202000032010,20,1,15,19:10,3,1,1,1,6,39043,M,"46,5802550","5,4558760",39
202000032011,20,1,15,00:05,3,1,1,2,6,44178,M,"47,0557420"," -1,7496360",44
202000032012,20,1,12,10:00,1,2,6,2,3,29184,M,"48,6312210"," -3,9884170",29
202000032013,20,1,15,11:30,1,1,1,1,6,29097,M,"48,4989721"," -4,0585886",29
202000032014,20,1,15,19:15,5,2,3,1,3,29160,M,"48,4985744"," -4,4274398",29
202000032015,20,1,15,18:15,5,2,3,1,2,31107,M,"43,2912460","1,2163790",31
202000032016,20,1,15,20:45,3,1,1,1,6,70012,M,"47,7808140","6,0721500",70
202000032017,20,1,16,07:30,2,1,6,1,3,72100,M,"47,7978470"," -0,0468530",72
202000032018,20,1,16,08:45,2,1,1,5,4,60483,M,"49,5728020","2,7027290",60
202000032019,20,1,15,08:30,1,2,1,1,3,10209,M,"48,2591820","4,2539860",10
202000032020,20,1,16,19:30,3,1,3,1,1,16132,M,"45,8932639","0,8031164",16
202000032021,20,1,15,14:50,1,1,1,1,1,53170,M,"48,3658220"," -0,6585380",53
202000032022,20,1,16,08:15,2,1,3,1,1,40312,M,"43,5209270"," -1,4339500",40
202000032023,20,1,16,15:05,1,2,2,1,3,87158,M,"45,7691250","0,9584460",87
202000032024,20,1,15,17:40,2,1,1,1,7,37109,M,"47,4169608","0,5803694",37
202000032025,20,1,16,11:30,1,2,9,1,6,30089,M,"43,8528220","4,5987720",30
202000032026,20,1,15,09:50,1,1,1,7,4,67156,M,"48,6739920","7,7516860",67
202000032027,20,1,16,17:15,1,2,1,1,6,97309,G,"4,9125100"," -52,2786210",973
202000032028,20,1,7,20:00,3,1,1,1,4,57333,M,"48,7495743","7,1401317",57
202000032029,20,1,16,08:00,1,2,1,1,1,69027,M,"45,6769810","4,7687110",69
202000032030,20,1,16,15:06,1,1,1,1,4,60531,M,"49,4302914","2,6955664",60
202000032031,20,1,15,16:50,1,2,1,1,5,97125,A,"16,2573140"," -61,2706480",971
202000032032,20,1,15,21:00,5,1,1,1,-1,77309,M,"49,0065568","2,8407227",77
202000032033,20,1,15,10:55,1,1,1,1,6,2B335,M,"42,3288080","9,5377790",2B
202000032034,20,1,16,17:30,5,2,1,1,6,67474,M,"48,9404485","7,8826712",67
202000032035,20,1,10,21:40,3,1,1,1,6,55304,M,"48,8610860","5,0864220",55
202000032036,20,1,15,21:10,3,1,1,1,3,38348,M,"45,5884380","5,2974260",38
202000032037,20,1,16,07:15,3,1,3,1,3,26235,M,"44,3609130","4,6890020",26
202000032038,20,1,15,21:05,3,1,1,1,6,22324,M,"48,7744280"," -3,4457460",22
202000032039,20,1,16,01:15,3,1,1,1,7,22171,M,"48,4244230"," -2,8229090",22
202000032040,20,1,15,10:40,1,2,1,2,3,35136,M,"47,9591660"," -1,4975600",35
202000032041,20,1,16,08:05,2,1,1,5,1,59258,M,"50,5385720","3,2080050",59
202000032042,20,1,14,17:55,3,1,1,1,2,83062,M,"43,1436293","6,0204078",83
202000032043,20,1,15,07:52,1,1,1,1,2,33192,M,"44,7862100"," -0,5950500",33
202000032044,20,1,15,13:00,1,1,1,1,6,92048,M,"48,8016140","2,2151550",92
202000032045,20,1,14,21:50,3,1,1,6,2,78402,M,"48,9639410","1,7861390",78
202000032046,20,1,14,18:00,3,1,1,1,3,93005,M,"48,9544400","2,4736400",93
202000032047,20,1,13,05:00,3,1,1,1,6,93005,M,"48,9579200","2,4731500",93
202000032048,20,1,13,16:15,1,1,1,1,3,92036,M,"48,9389100","2,3055400",92
202000032049,20,1,13,11:05,1,1,1,1,5,93078,M,"48,9674200","2,5106300",93
202000032050,20,1,11,17:10,2,1,1,1,3,77083,M,"48,8308286","2,6075100",77
202000032051,20,1,13,02:34,5,2,9,1,2,97611,Y," -12,7778300","45,2293900",976
202000032052,20,1,12,17:35,1,1,1,1,6,97416,R," -21,3074000","55,4273700",974
202000032053,20,1,11,12:05,1,2,2,1,5,97302,G,"4,9336890"," -52,3304294",973
202000032054,20,1,13,06:45,1,1,3,2,3,97213,A,"14,6445480"," -60,9910030",972
202000032055,20,1,12,11:20,1,2,1,1,7,97209,A,"14,6062000"," -61,0627100",972
202000032056,20,1,10,11:00,1,2,1,1,7,97209,A,"14,6044800"," -61,0694400",972
202000032057,20,1,12,02:15,5,2,9,1,6,69381,M,"45,7954000","4,8189000",69
202000032058,20,1,11,09:20,1,2,1,1,2,69384,M,"45,7749448","4,8389236",69
202000032059,20,1,12,19:20,5,2,1,1,1,2B033,M,"42,6799000","9,4283000",2B
202000032060,20,1,13,15:05,1,2,6,1,2,97120,A,"16,2236200"," -61,5259400",971
202000032061,20,1,12,22:52,5,1,1,2,6,97113,A,"16,2212300"," -61,5214634",971
202000032062,20,1,13,12:55,1,2,1,1,3,2A004,M,"41,9344300","8,7507700",2A
202000032063,20,1,10,09:43,1,2,1,2,3,2A004,M,"41,9460900","8,7718400",2A
202000032064,20,1,13,08:55,1,2,2,1,3,91122,M,"48,6976630","2,1556640",91
202000032065,20,1,13,19:20,5,2,9,8,6,91345,M,"48,6977110","2,2990600",91
202000032066,20,1,13,14:15,1,2,1,2,2,91687,M,"48,6798900","2,3803800",91
202000032067,20,1,10,11:50,1,2,1,2,4,91552,M,"48,6040000","2,2486000",91
202000032068,20,1,10,08:20,2,2,1,2,7,91552,M,"48,5949500","2,2649300",91
202000032069,20,1,9,18:00,2,2,3,2,6,87085,M,"45,8265400","1,2575900",87
202000032070,20,1,10,16:53,1,2,6,1,6,87085,M,"45,8147900","1,2691400",87
202000032071,20,1,8,22:21,5,1,1,1,2,87085,M,"45,8347700","1,2187200",87
202000032072,20,1,12,19:45,5,2,1,1,4,86088,M,"46,5467700","0,2981200",86
202000032073,20,1,12,00:00,5,2,1,1,2,80489,M,"49,8732800","2,3507400",80
202000032074,20,1,11,14:40,1,2,1,1,6,80489,M,"49,8715000","2,3697000",80
202000032075,20,1,9,17:30,2,2,4,2,3,80021,M,"49,8893800","2,2909500",80
202000032076,20,1,13,08:10,2,2,1,1,6,78498,M,"48,9310600","2,0531000",78
202000032077,20,1,9,07:28,3,1,1,2,1,77121,M,"48,8162000","2,6904000",77
202000032078,20,1,12,17:50,1,1,1,1,7,76305,M,"49,5122800","0,2164700",76
202000032079,20,1,13,15:45,1,2,1,1,-1,73065,M,"45,6037213","5,9124193",73
202000032080,20,1,11,07:45,5,2,3,1,3,73065,M,"45,5680400","5,9209700",73
202000032081,20,1,11,18:45,5,2,1,1,7,71270,M,"46,2861138","4,8085617",71
202000032082,20,1,10,19:25,5,2,1,1,2,71270,M,"46,2992432","4,8183403",71
202000032083,20,1,9,08:50,1,2,1,1,6,71076,M,"46,7757842","4,8578409",71
202000032084,20,1,13,16:30,1,2,1,1,6,69266,M,"45,7670000","4,8880000",69
202000032085,20,1,12,15:07,1,2,6,1,1,69290,M,"45,7198093","4,9330045",69
202000032086,20,1,10,07:50,3,1,1,1,3,69013,M,"46,0135775","4,7252208",69
202000032087,20,1,10,16:15,1,2,1,2,2,67482,M,"48,5572800","7,7337850",67
202000032088,20,1,11,10:24,1,1,1,8,1,67462,M,"48,2356605","7,4805655",67
202000032089,20,1,11,10:44,1,1,1,8,2,67462,M,"48,2287647","7,4881950",67
202000032090,20,1,12,13:20,1,2,1,1,-1,66136,M,"42,6887700","2,8948000",66
202000032091,20,1,10,14:10,1,1,1,1,2,66136,M,"42,6740090","2,8877010",66
202000032092,20,1,13,07:35,5,2,3,1,1,64445,M,"43,3222100"," -0,3668800",64
202000032093,20,1,9,05:45,5,2,4,1,3,63113,M,"45,7684180","3,1046476",63
202000032094,20,1,11,13:30,1,2,9,1,4,63113,M,"45,7667800","3,1070300",63
202000032095,20,1,11,09:55,1,2,1,1,3,62400,M,"50,4655990","2,5620790",62
202000032096,20,1,8,18:00,3,2,2,2,6,62160,M,"50,7215000","1,6069900",62
202000032097,20,1,10,17:53,5,2,1,1,6,57306,M,"49,3319000","6,0623700",57
202000032098,20,1,10,07:48,5,2,1,2,6,57672,M,"49,3530000","6,1595100",57
202000032099,20,1,8,17:40,5,2,3,2,6,57306,M,"49,3295600","6,0639600",57
202000032100,20,1,13,20:27,5,2,2,1,7,57463,M,"49,0942486","6,2388666",57
202000032101,20,1,12,18:25,5,2,6,1,3,56098,M,"47,7671500"," -3,3396400",56
202000032102,20,1,11,08:55,1,2,1,1,3,51454,M,"49,2192119","4,0207531",51
202000032103,20,1,11,08:55,1,2,1,1,7,51172,M,"49,2154935","4,0586262",51
202000032104,20,1,11,08:50,1,2,1,1,7,51108,M,"48,9460032","4,3739904",51
202000032105,20,1,13,16:30,1,2,1,2,6,45234,M,"47,8352900","1,9358800",45
202000032106,20,1,10,13:50,1,2,1,1,6,38169,M,"45,1993100","5,6884800",38
202000032107,20,1,13,18:25,5,2,3,1,3,37261,M,"47,3759184","0,6944865",37
202000032108,20,1,12,16:45,1,2,1,1,6,34172,M,"43,6061500","3,8987690",34
202000032109,20,1,12,15:20,1,2,2,1,3,34172,M,"43,5973900","3,8641590",34
202000032110,20,1,16,06:45,5,2,3,1,3,34172,M,"43,6364940","3,8734630",34
202000032111,20,1,10,11:35,1,2,1,1,7,34172,M,"43,6186200","3,9126100",34
202000032112,20,1,13,12:38,1,2,3,9,4,33318,M,"44,7790100"," -0,6599600",33
202000032113,20,1,13,13:50,1,2,1,1,6,33039,M,"44,7946400"," -0,5318600",33
202000032114,20,2,28,12:10,1,2,6,2,3,33281,M,"44,8561500"," -0,6439000",33
202000032115,20,1,13,07:50,1,1,1,1,2,31555,M,"43,6095000","1,4134100",31
202000032116,20,1,11,15:30,1,2,1,1,6,31069,M,"43,6464800","1,3686900",31
202000032117,20,1,11,17:30,2,2,1,1,6,31557,M,"43,5893630","1,3632070",31