Num_Acc,an,mois,jour,hrmn,lum,agg,int,atm,col,com,gps,lat,long,dep
202000032118,20,1,11,06:00,4,2,1,1,6,31555,M,"43,6570640","1,4206530",31
202000032119,20,1,10,17:55,5,2,1,1,6,31555,M,"43,6065200","1,4494400",31
202000032120,20,1,10,17:36,2,2,3,1,3,31149,M,"43,6124693","1,3200372",31
202000032121,20,1,10,09:55,1,2,1,1,6,31555,M,"43,5707400","1,4167500",31
202000032122,20,1,10,08:55,1,1,1,2,4,31555,M,"43,6466900","1,4503000",31
202000032123,20,1,10,20:26,5,2,1,1,5,29019,M,"48,4105388"," -4,5164779",29
202000032124,20,1,12,19:50,5,1,1,1,1,25462,M,"46,9001400","6,3342400",25
202000032125,20,1,11,17:10,1,2,3,1,3,19031,M,"45,1591100","1,5091900",19
202000032126,20,1,11,15:00,1,2,1,1,6,19031,M,"45,1622499","1,5362289",19
202000032127,20,1,12,21:00,5,2,9,1,3,13213,M,"43,3309804","5,4101148",13
202000032128,20,1,10,14:00,1,2,1,1,6,12202,M,"44,3604200","2,5727800",12
202000032129,20,1,10,08:10,2,1,1,1,6,12174,M,"44,3275500","2,5579300",12
202000032130,20,1,11,11:55,1,2,7,1,6,12145,M,"44,1024731","3,0770306",12
202000032131,20,1,13,12:05,1,2,2,1,3,11069,M,"43,2114000","2,3663000",11
202000032132,20,1,12,04:28,5,2,1,1,6,10362,M,"48,2928000","4,0177800",10
202000032133,20,1,8,18:33,3,1,9,2,4,10333,M,"48,2703675","4,0513968",10
202000032134,20,1,12,18:35,5,1,1,1,2,09122,M,"42,9703490","1,6238410",09
202000032135,20,1,7,22:45,3,1,1,1,7,05061,M,"44,6029800","6,1405200",05
202000032136,20,1,10,17:20,1,2,1,8,7,05061,M,"44,5444900","6,0619600",05
202000032137,20,1,13,08:10,1,2,2,1,6,75116,M,"48,8496680","2,2686460",75
202000032138,20,1,12,00:26,5,2,2,1,3,75113,M,"48,8269997","2,3664957",75
202000032139,20,7,4,20:15,2,1,2,7,3,84091,M,"44,1788650","4,7580460",84
202000032140,20,7,6,15:30,1,1,1,1,7,72231,M,"47,9763850","0,4125130",72
202000032141,20,7,6,11:30,1,1,1,1,6,30209,M,"43,9929210","4,7420980",30
202000032142,20,7,5,00:45,3,1,1,1,6,30221,M,"44,0550000","4,7611980",30
202000032143,20,7,5,11:15,1,1,2,8,3,87038,M,"45,9246320","1,2130880",87
202000032144,20,7,6,09:40,1,1,1,1,2,77385,M,"48,8513701","3,2497438",77
202000032145,20,7,6,14:00,1,1,1,1,6,83057,M,"43,3607730","6,2468000",83
202000032146,20,6,26,01:11,3,1,1,1,6,57314,M,"48,6997420","6,9557190",57
202000032147,20,6,30,19:10,1,1,6,2,3,56013,M,"47,6660810"," -3,1791900",56
202000032148,20,7,5,15:50,1,1,1,1,3,56184,M,"47,6786800"," -2,3904060",56
202000032149,20,7,5,10:35,1,1,6,2,7,56158,M,"47,7000900"," -2,7961400",56
202000032150,20,7,5,18:15,1,1,1,1,7,82155,M,"44,1578250","1,7241450",82
202000032151,20,7,5,17:05,1,1,1,1,1,81008,M,"44,0888800","2,1676540",81
202000032152,20,7,3,10:50,1,1,1,1,7,61404,M,"48,5707610","0,5639450",61
202000032153,20,7,5,01:15,3,1,1,2,6,61269,M,"48,8488660"," -0,3899680",61
202000032154,20,7,5,16:50,1,1,1,7,3,34125,M,"43,6779143","3,5332884",34
202000032155,20,7,4,14:20,1,1,1,1,7,84020,M,"43,8103210","5,3414580",84
202000032156,20,7,4,17:50,1,2,4,1,6,03103,M,"46,3456982","3,7931443",03
202000032157,20,7,4,17:16,1,2,1,1,6,70103,M,"47,8099190","6,4568550",70
202000032158,20,6,28,20:15,3,1,1,1,7,26073,M,"44,4195900","4,8508070",26
202000032159,20,7,6,10:00,1,2,1,1,6,50341,M,"49,4867580"," -1,3768420",50
202000032160,20,7,6,15:55,1,2,3,1,6,90052,M,"47,7416970","6,8274070",90
202000032161,20,7,6,16:10,1,1,1,1,4,09070,M,"42,7806122","1,6954800",09
202000032162,20,7,6,17:05,1,1,1,1,1,18138,M,"47,1071940","2,2485600",18
202000032163,20,7,5,17:40,1,1,1,1,1,18092,M,"47,0662710","2,6239460",18
202000032164,20,7,4,17:15,1,1,1,1,7,40252,M,"43,6836810"," -0,5818720",40
202000032165,20,7,2,16:18,1,2,6,1,3,85234,M,"46,7910200"," -2,0561550",85
202000032166,20,7,4,14:30,1,1,2,1,3,30166,M,"43,8699000","4,5415700",30
202000032167,20,7,6,16:45,1,1,1,1,7,48194,M,"44,3331540","3,8800570",48
202000032168,20,7,3,21:30,5,2,1,1,1,85058,M,"46,4677000"," -1,2296700",85
202000032169,20,7,6,06:15,2,1,1,1,6,72130,M,"47,9848660","0,0588800",72
202000032170,20,7,5,05:30,2,1,1,1,6,28121,M,"48,1220720","1,8511530",28
202000032171,20,7,6,08:35,1,1,1,2,-1,97228,A,"14,7556140"," -60,9858680",972
202000032172,20,7,2,18:10,1,2,1,1,1,37072,M,"47,1499310","0,2293280",37
202000032173,20,5,21,19:35,1,1,1,1,7,91115,M,"48,5812600","2,1560060",91
202000032174,20,6,19,09:45,1,2,9,1,6,66008,M,"42,5489980","3,0193730",66
202000032175,20,7,4,03:10,3,1,1,1,7,34113,M,"43,5092310","3,7216720",34
202000032176,20,7,5,23:55,3,1,1,2,6,54338,M,"48,7887324","6,1736941",54
202000032177,20,7,5,18:50,1,2,4,1,1,38009,M,"45,3473160","4,8853190",38
202000032178,20,7,4,23:45,5,2,1,1,6,69019,M,"46,1102079","4,7511782",69
202000032179,20,7,5,20:00,1,1,1,1,3,69154,M,"45,7600060","4,6850450",69
202000032180,20,7,5,20:30,2,1,1,7,3,81219,M,"43,5812010","1,9798300",81
202000032181,20,6,30,13:50,1,2,1,1,-1,09160,M,"42,9304780","1,8373510",09
202000032182,20,7,5,20:30,1,1,1,1,7,17199,M,"45,2659580"," -0,3597650",17
202000032183,20,7,6,16:35,1,2,1,8,7,64422,M,"43,1887740"," -0,6098650",64
202000032184,20,7,5,21:00,2,2,3,1,3,35164,M,"48,3831410"," -1,6050390",35
202000032185,20,7,6,10:00,1,1,9,1,7,80342,M,"49,8534560","2,7207040",80
202000032186,20,7,6,16:00,1,2,1,1,6,59052,M,"50,5190230","2,8916560",59
202000032187,20,7,4,23:09,3,1,1,1,6,13022,M,"43,2127140","5,5819860",13
202000032188,20,7,3,18:08,1,1,1,1,7,13071,M,"43,4065590","5,2911220",13
202000032189,20,6,30,17:45,1,1,1,1,4,13215,M,"43,3680000","5,3609000",13
202000032190,20,6,30,11:19,1,1,1,1,6,13001,M,"43,4905000","5,4076000",13
202000032191,20,7,4,07:50,1,1,1,1,3,69029,M,"45,7307000","4,8994000",69
202000032192,20,7,4,04:35,3,1,1,1,6,69029,M,"45,7350636","4,9016297",69
202000032193,20,7,3,13:11,1,1,9,1,4,42186,M,"45,5251900","4,6009000",42
202000032194,20,7,5,15:30,1,1,1,1,7,91659,M,"48,5904000","2,4465000",91
202000032195,20,7,5,18:30,1,1,1,1,5,92078,M,"48,9294623","2,3279700",92
202000032196,20,7,4,17:00,1,1,1,1,2,94033,M,"48,8486000","2,4915600",94
202000032197,20,7,4,11:30,1,1,1,1,7,77468,M,"48,8324722","2,6635163",77
202000032198,20,7,3,12:10,1,1,1,1,6,98818,C," -22,2684400","166,4256700",988
202000032199,20,7,4,04:15,5,1,1,1,2,97416,R," -21,3238200","55,4454900",974
202000032200,20,7,4,14:45,1,2,2,1,3,69386,M,"45,7670600","4,8476700",69
202000032201,20,7,4,11:30,1,2,1,1,2,69199,M,"45,7080000","4,8601000",69
202000032202,20,7,4,20:50,2,2,1,1,6,69034,M,"45,7888200","4,8552200",69
202000032203,20,7,4,18:10,1,2,1,1,6,69149,M,"45,7170800","4,8134400",69
202000032204,20,7,3,12:50,1,2,1,1,5,97101,A,"16,2740900"," -61,5060100",971
202000032205,20,7,3,20:00,1,2,2,1,1,91432,M,"48,6961350","2,3302550",91
202000032206,20,7,3,23:30,5,2,1,1,1,91345,M,"48,6903000","2,3173200",91
202000032207,20,7,4,23:50,5,2,2,1,3,91201,M,"48,6874100","2,4155870",91
202000032208,20,7,4,14:15,1,2,9,1,2,83144,M,"43,1391000","6,0108800",83
202000032209,20,7,3,18:10,1,2,1,1,6,83061,M,"43,4406900","6,7376800",83
202000032210,20,7,4,00:50,3,1,1,1,6,82033,M,"44,0595500","1,1384000",82
202000032211,20,7,4,15:45,1,2,3,1,3,72181,M,"47,9790600","0,2249800",72
202000032212,20,7,3,18:30,1,2,1,1,6,71540,M,"46,7787210","4,4385691",71
202000032213,20,7,4,14:00,1,2,1,7,2,69266,M,"45,7869000","4,8604000",69
202000032214,20,7,4,10:55,1,2,1,1,3,64545,M,"43,3845600"," -1,7201400",64
202000032215,20,7,3,23:20,3,1,1,1,7,59352,M,"50,7367000","3,0683000",59
202000032216,20,7,4,19:15,1,2,1,1,5,54526,M,"48,6972279","6,2073880",54
202000032217,20,7,4,16:20,1,2,3,1,3,45004,M,"47,9844730","2,7498620",45
202000032218,20,7,4,18:15,1,1,1,2,7,44109,M,"47,2690645"," -1,5605575",44
202000032219,20,7,4,21:07,1,2,1,1,1,42095,M,"45,3910800","4,2893900",42
202000032220,20,7,4,14:40,1,2,2,1,2,37261,M,"47,3797309","0,6773855",37
202000032221,20,7,4,08:35,1,2,1,1,6,37233,M,"47,3912252","0,7225640",37
202000032222,20,7,4,13:20,1,1,1,1,3,34129,M,"43,5881400","3,9082700",34
202000032223,20,7,4,04:45,5,2,1,1,7,33063,M,"44,8136262"," -0,5660305",33
202000032224,20,7,4,03:55,5,2,1,1,6,33063,M,"44,8339000"," -0,5620800",33
202000032225,20,7,5,00:20,5,2,1,1,6,33009,M,"44,6551600"," -1,1514900",33
202000032226,20,7,3,19:00,1,2,3,1,6,29232,M,"47,9828461"," -4,0720561",29
202000032227,20,7,4,18:50,1,2,1,1,1,18279,M,"47,2295000","2,0653400",18
202000032228,20,7,4,06:42,1,1,9,1,6,17200,M,"46,1902200"," -1,1344800",17
202000032229,20,7,4,20:10,1,2,1,1,2,13214,M,"43,3462902","5,3807178",13
202000032230,20,7,4,20:15,1,2,3,1,3,13209,M,"43,2602606","5,4157892",13
202000032231,20,7,4,13:50,1,2,1,1,2,13204,M,"43,3044730","5,4010150",13
202000032232,20,7,4,00:05,3,1,1,1,7,13209,M,"43,2420565","5,4531177",13
202000032233,20,6,24,09:00,1,2,2,1,3,13001,M,"43,5589700","5,4427300",13
202000032234,20,7,4,17:50,1,2,1,1,4,11069,M,"43,2220882","2,3450332",11
202000032235,20,7,4,16:05,1,2,1,8,6,10387,M,"48,3054000","4,0902100",10
202000032236,20,7,4,17:40,1,2,3,1,3,06088,M,"43,7189647","7,2651574",06
202000032237,20,7,4,01:30,5,2,1,1,5,06088,M,"43,7038390","7,2809080",06
202000032238,20,7,4,12:50,1,2,1,1,1,06069,M,"43,6639100","6,9324200",06
202000032239,20,7,4,18:00,1,2,1,1,-1,06029,M,"43,5625000","7,0017500",06
202000032240,20,7,3,19:30,1,2,1,1,3,75112,M,"48,8277650","2,3934860",75
202000032241,20,7,3,06:30,1,2,4,1,7,75119,M,"48,8810750","2,4039730",75
202000032242,20,7,3,14:20,1,2,4,1,3,75107,M,"48,8599800","2,3217100",75
202000032243,20,7,3,00:50,5,2,2,1,3,75105,M,"48,8473560","2,3436540",75
202000032244,20,7,4,07:21,1,2,2,1,2,75119,M,"48,8784100","2,3742520",75
202000032245,20,7,4,17:20,1,2,7,1,3,75118,M,"48,8848870","2,3593450",75
202000032246,20,7,4,14:40,1,2,3,8,3,75117,M,"48,8783460","2,2955530",75
202000032247,20,7,4,12:45,1,2,7,1,6,75117,M,"48,8873070","2,2978420",75
202000032248,20,7,4,18:30,1,2,2,1,6,75115,M,"48,8465520","2,2859950",75
202000032249,20,7,3,02:40,5,2,3,1,6,75115,M,"48,8441630","2,3202290",75
202000032250,20,7,4,01:15,5,2,1,1,3,75113,M,"48,8411820","2,3681510",75
202000032251,20,6,25,08:05,1,2,1,1,6,75113,M,"48,8307460","2,3654440",75
202000032252,20,7,4,16:45,1,2,3,1,3,75110,M,"48,8703640","2,3495800",75
202000032253,20,7,3,21:40,2,2,2,1,3,75110,M,"48,8789810","2,3557640",75
202000032254,20,7,4,16:50,1,2,2,1,2,75107,M,"48,8624290","2,3016050",75
202000032255,20,7,3,18:00,1,2,2,1,3,75114,M,"48,8339670","2,3181580",75
202000032256,20,7,4,18:20,1,2,1,1,2,75104,M,"48,8518200","2,3612760",75
202000032257,20,7,4,11:20,1,2,1,8,7,75101,M,"48,8649600","2,3283670",75
202000032258,20,7,4,20:00,1,2,2,1,3,94046,M,"48,8090440","2,4458460",94
202000032259,20,7,4,12:00,1,2,3,1,1,94073,M,"48,7653860","2,3951000",94
202000032260,20,7,4,12:30,1,2,2,1,5,94077,M,"48,7402500","2,4232900",94
202000032261,20,7,4,19:05,1,2,9,8,6,93053,M,"48,8874098","2,4627666",93
202000032262,20,7,4,15:41,1,2,1,1,3,93027,M,"48,9262120","2,4162331",93
202000032263,20,7,4,16:25,1,2,9,1,3,93010,M,"48,9046822","2,4704017",93
202000032264,20,7,4,01:05,5,2,2,1,3,92075,M,"48,8146800","2,2967900",92
202000032265,20,7,4,17:55,1,2,3,8,6,92064,M,"48,8501400","2,2213400",92
202000032266,20,7,4,16:50,1,2,1,1,3,92025,M,"48,9222041","2,2358251",92
202000032267,20,7,3,23:10,5,2,1,1,7,92024,M,"48,9015776","2,3157019",92
202000032268,20,7,3,22:15,5,2,2,1,3,92023,M,"48,7771016","2,2312653",92
202000032269,20,7,4,23:00,5,2,5,1,-1,92012,M,"48,8441720","2,2497980",92
202000032270,20,7,4,12:00,1,2,1,1,6,92012,M,"48,8391415","2,2461891",92
202000032271,20,7,4,11:35,1,2,9,8,3,92012,M,"48,8370970","2,2361840",92
202000032272,20,7,5,04:45,3,1,1,1,7,65130,M,"43,5861850"," -0,0195750",65
202000032273,20,7,4,19:50,1,1,1,1,1,01004,M,"45,9593620","5,3285840",01
202000032274,20,6,11,10:49,1,2,3,1,-1,06054,M,"43,7538150","7,3205910",06
202000032275,20,7,4,05:55,2,1,1,1,6,17010,M,"46,1028870"," -1,0942730",17
202000032276,20,7,5,20:35,1,2,1,1,2,95480,M,"49,1070040","2,2052800",95
202000032277,20,7,4,16:40,1,1,9,1,1,34067,M,"43,9391470","3,6890800",34
202000032278,20,7,5,14:53,1,1,1,1,1,74034,M,"46,2800250","6,6373090",74
202000032279,20,7,5,07:10,1,1,9,2,6,77382,M,"48,9012018","2,8898120",77
202000032280,20,7,4,17:48,1,1,1,1,3,71543,M,"46,5526040","4,9059430",71
202000032281,20,7,5,11:25,1,1,1,1,7,68044,M,"48,1722680","7,0901300",68
202000032282,20,7,3,18:10,3,2,2,1,-1,86165,M,"46,4357900","0,8631560",86
202000032283,20,7,4,20:25,1,1,1,1,2,67437,M,"48,7294045","7,3876421",67
202000032284,20,7,4,16:21,1,1,1,1,2,22225,M,"48,5523390"," -3,1197950",22
202000032285,20,7,5,09:29,1,1,1,1,6,06130,M,"43,6827850","6,8608090",06
202000032286,20,7,5,14:12,1,1,1,1,6,41252,M,"47,7115090","1,4670100",41
202000032287,20,7,5,12:00,1,1,1,1,1,68343,M,"47,8697550","7,3023140",68
202000032288,20,7,5,09:00,1,1,2,1,3,65340,M,"43,2786330","0,1092320",65
202000032289,20,7,5,20:00,1,1,1,6,6,62391,M,"50,6077890","2,4998940",62
202000032290,20,7,5,11:50,1,1,1,1,3,04161,M,"44,3988660","6,5337540",04
202000032291,20,7,4,00:25,3,1,1,1,1,51391,M,"49,2776133","3,8463900",51
202000032292,20,7,5,11:34,1,1,1,1,1,51576,M,"49,0501610","4,1420600",51
202000032293,20,7,4,01:42,3,2,1,1,6,56198,M,"48,0873230"," -2,7680000",56
202000032294,20,7,4,17:50,1,2,1,2,7,56084,M,"47,5824860"," -2,6970150",56
202000032295,20,7,5,12:45,1,2,6,8,6,76196,M,"49,6433740","0,2621385",76
202000032296,20,7,5,05:00,3,1,1,2,6,76258,M,"49,6353490","0,6301370",76
202000032297,20,7,4,21:30,2,1,1,2,6,80655,M,"49,9515114","1,9806716",80
202000032298,20,7,5,14:15,1,2,1,1,6,65322,M,"43,0692667","0,4077206",65
202000032299,20,7,4,19:45,1,1,2,1,2,61167,M,"48,8484370","0,4992130",61
202000032300,20,7,4,22:45,3,1,1,1,6,61414,M,"48,5320520","0,5220010",61
202000032301,20,7,4,09:30,1,2,1,8,6,61150,M,"48,7408130","0,4101370",61
202000032302,20,7,1,11:15,1,2,7,1,3,12001,M,"44,3575250","2,6802780",12
202000032303,20,7,4,11:20,1,1,2,1,3,47081,M,"44,3385416","0,6234215",47
202000032304,20,7,4,13:55,1,1,2,1,3,47012,M,"44,2793750","0,1665120",47
202000032305,20,7,5,16:45,1,1,1,1,6,34055,M,"43,6868900","2,9431450",34
202000032306,20,7,4,17:30,1,2,1,1,6,25542,M,"47,2368860","5,9360290",25
202000032307,20,7,3,18:30,1,2,1,1,3,25133,M,"47,3107330","5,9934180",25
202000032308,20,7,4,14:45,1,1,3,1,1,35186,M,"48,5533470"," -1,7609880",35
202000032309,20,7,5,16:05,1,1,1,1,6,38564,M,"45,4851130","5,7060560",38
202000032310,20,7,5,00:55,3,1,1,2,7,59312,M,"50,0306190","3,2445820",59
202000032311,20,7,3,14:15,1,2,1,1,1,03084,M,"46,4747418","2,8373842",03
202000032312,20,7,4,20:10,1,2,1,1,6,01073,M,"45,8371010","5,7277610",01
202000032313,20,7,4,22:55,3,1,1,1,6,26176,M,"44,6105730","4,8859120",26
202000032314,20,7,4,09:30,1,1,1,1,1,58253,M,"47,1114530","3,4397910",58
202000032315,20,7,5,09:40,1,1,1,1,3,06163,M,"44,0310610","7,5820280",06
202000032316,20,7,4,13:15,1,1,1,1,6,06086,M,"43,9225140","7,4084060",06
202000032317,20,7,5,13:13,1,2,1,1,1,14257,M,"49,1004032"," -0,4998631",14
202000032318,20,7,5,11:55,1,1,1,1,1,50215,M,"49,1004540"," -1,5979960",50
202000032319,20,7,4,19:29,1,1,1,1,1,83084,M,"43,6451280","6,0842800",83
202000032320,20,7,5,01:10,5,2,1,1,7,45134,M,"47,9681100","1,6215940",45
202000032321,20,7,4,20:20,1,1,2,1,3,43213,M,"45,2540070","4,2611180",43
202000032322,20,7,5,00:15,3,1,1,1,1,43223,M,"45,2699330","4,3341920",43
202000032323,20,7,4,16:50,1,2,3,1,1,07289,M,"44,6288480","4,4130170",07
202000032324,20,7,3,15:35,1,1,3,1,3,53039,M,"48,1779770"," -0,9946650",53
202000032325,20,7,5,00:00,3,1,1,1,7,04009,M,"44,1351671","6,3288199",04
202000032326,20,7,5,01:20,3,1,4,2,6,28236,M,"48,3315010","0,8860780",28
202000032327,20,7,5,03:10,5,2,1,1,6,30077,M,"44,1493420","4,0573130",30
202000032328,20,7,4,06:20,2,1,1,1,2,72380,M,"48,2422331","0,1655535",72
202000032329,20,7,5,13:40,1,1,1,1,6,24337,M,"44,6732840","1,0739030",24
202000032330,20,3,27,15:20,1,2,2,1,6,37081,M,"47,4280443","0,3794078",37
202000032331,20,2,26,13:45,1,2,1,1,6,78356,M,"48,7187830","2,1020260",78
202000032332,20,3,18,17:25,1,2,1,1,3,42165,M,"45,7967986","4,3414371",42
202000032333,20,3,26,23:30,3,1,1,1,7,22223,M,"48,5575020"," -3,1976760",22
202000032334,20,3,26,18:30,1,1,1,1,2,93010,M,"48,9062400","2,4721400",93
202000032335,20,3,26,16:00,1,1,1,1,7,92036,M,"48,9370400","2,2948200",92
202000032336,20,3,25,14:30,1,1,1,1,7,94017,M,"48,8273600","2,5087600",94
202000032337,20,1,24,15:17,1,2,1,1,6,76351,M,"49,5234500","0,1040900",76
202000032338,20,1,20,18:40,3,1,9,1,-1,78297,M,"48,7884720","2,0619360",78
202000032339,20,3,24,12:50,1,2,2,1,3,69388,M,"45,7329918","4,8635827",69
202000032340,20,3,25,02:00,5,2,1,1,6,69387,M,"45,7231200","4,8420700",69
202000032341,20,3,24,16:40,1,2,1,1,6,95424,M,"49,0065610","2,1951340",95
202000032342,20,3,24,14:10,1,2,1,1,6,78354,M,"48,9786810","1,6896160",78
202000032343,20,3,24,23:00,5,2,4,1,1,76351,M,"49,4961300","0,1261200",76
202000032344,20,3,25,04:55,3,1,1,1,1,69290,M,"45,6973700","4,9082400",69
202000032345,20,2,17,10:45,1,2,6,2,6,40088,M,"43,7107000"," -1,0424000",40
202000032346,20,3,18,16:45,1,1,1,8,6,40279,M,"43,7356300"," -1,1112900",40
202000032347,20,3,11,13:10,1,2,1,1,6,33063,M,"44,8325800"," -0,5674600",33
202000032348,20,3,25,07:10,1,2,1,1,3,33063,M,"44,8743400"," -0,5560500",33
202000032349,20,3,25,10:25,1,2,2,1,3,13215,M,"43,3492000","5,3753000",13
202000032350,20,3,24,17:40,2,2,2,1,3,13201,M,"43,2914490","5,3776030",13
202000032351,20,3,24,11:45,1,2,1,1,7,10081,M,"48,3124800","4,0467600",10
202000032352,20,3,25,11:34,1,2,1,1,3,10333,M,"48,2703675","4,0513968",10
202000032353,20,3,25,15:28,1,2,2,1,3,75113,M,"48,8261810","2,3572760",75
202000032354,20,3,25,17:15,1,2,1,1,3,94052,M,"48,8370297","2,4815944",94
202000032355,20,3,25,09:05,1,2,2,1,3,94041,M,"48,8123000","2,3865000",94
202000032356,20,3,24,17:45,1,2,1,1,3,95056,M,"49,0918730","2,3742060",95
202000032357,20,3,25,21:40,3,1,1,1,6,51318,M,"49,3021575","4,1922206",51
202000032358,20,3,25,17:50,1,2,6,1,3,51030,M,"49,0522037","4,0037488",51
202000032359,20,3,26,12:45,1,1,1,1,6,89159,M,"47,5249680","3,9072700",89
202000032360,20,3,26,06:00,3,1,1,1,7,44038,M,"47,1372970"," -2,0100370",44
202000032361,20,3,26,19:30,2,1,1,1,6,35362,M,"48,4877904"," -1,8494246",35
202000032362,20,2,27,08:55,1,1,1,4,3,02086,M,"49,5809180","3,1971070",02
202000032363,20,3,26,07:10,1,1,1,1,6,43244,M,"45,1072720","4,2632960",43
202000032364,20,3,26,13:51,1,1,3,1,5,17047,M,"45,5754800"," -0,4724120",17
202000032365,20,3,7,05:50,3,1,9,1,6,34058,M,"43,6742040","3,9971350",34
202000032366,20,3,25,10:55,1,2,4,1,2,98818,C," -22,2253500","166,4808500",988
202000032367,20,3,23,18:00,2,2,1,1,1,98818,C," -22,2763100","166,4634400",988
202000032368,20,3,23,14:25,1,1,1,1,6,98818,C," -22,2441400","166,4671800",988
202000032369,20,3,24,09:30,1,1,1,2,6,97411,R," -20,8880639","55,4369044",974
202000032370,20,1,8,08:44,1,2,2,8,6,88413,M,"48,2869867","6,9504294",88
202000032371,20,3,24,08:30,1,2,1,1,7,64102,M,"43,4872000"," -1,4850000",64
202000032372,20,2,26,09:50,1,2,1,1,3,44109,M,"47,1990700"," -1,5830400",44
202000032373,20,2,9,19:00,5,2,2,2,3,35238,M,"48,1098900"," -1,6740000",35
202000032374,20,1,26,07:20,5,2,3,1,1,35238,M,"48,0895600"," -1,6445400",35
202000032375,20,3,23,22:15,3,2,1,1,6,31149,M,"43,6150100","1,3402600",31
202000032376,20,2,14,17:25,1,2,1,1,6,31483,M,"43,1095400","0,7257000",31
202000032377,20,3,24,22:45,5,2,6,1,6,14366,M,"49,1387000","0,2238200",14
202000032378,20,3,24,10:00,1,2,2,1,3,75120,M,"48,8707820","2,3992260",75
202000032379,20,3,24,09:05,1,2,1,1,3,94041,M,"48,8116269","2,3716038",94
202000032380,20,3,23,20:57,5,2,1,1,6,92044,M,"48,8976230","2,2837460",92
202000032381,20,3,25,18:57,1,1,9,1,7,76135,M,"49,5481470","0,9216020",76
202000032382,20,3,18,09:00,1,1,3,1,3,68023,M,"48,1611120","7,3411520",68
202000032383,20,3,25,10:45,1,1,6,1,7,30034,M,"43,7518470","4,5199220",30
202000032384,20,2,26,20:00,3,1,1,1,7,51088,M,"49,3506463","4,0132859",51
202000032385,20,3,16,17:15,1,1,4,1,3,76517,M,"49,5158365","1,1395705",76
202000032386,20,2,26,20:30,5,2,1,1,6,60636,M,"49,4746990","2,8801990",60
202000032387,20,3,25,05:35,2,1,4,1,6,60183,M,"49,6959912","2,1724514",60
202000032388,20,3,25,17:15,1,2,1,1,6,08381,M,"49,5118070","4,1301890",08
202000032389,20,3,25,17:30,1,1,1,2,6,13113,M,"43,5953486","5,4869207",13
202000032390,20,3,25,11:20,1,1,1,1,1,77453,M,"48,5461880","2,7816010",77
202000032391,20,3,25,15:00,1,1,3,1,3,70024,M,"47,3945799","5,5640490",70
202000032392,20,3,22,18:40,1,1,1,1,6,17445,M,"45,6603070"," -0,7766600",17
202000032393,20,3,23,17:55,1,1,1,1,7,13055,M,"43,2858000","5,4268000",13
202000032394,20,1,22,14:55,1,1,2,1,3,98818,C," -22,2483900","166,4637700",988
202000032395,20,1,13,19:30,5,2,2,1,6,76540,M,"49,4498500","1,1384600",76
202000032396,20,1,22,17:05,1,2,2,1,6,35238,M,"48,1192302"," -1,6675272",35
202000032397,20,1,14,10:30,1,2,1,1,6,13047,M,"43,5040900","4,9911700",13
202000032398,20,1,10,00:10,5,1,1,1,7,13098,M,"43,4590410","5,0047710",13
202000032399,20,1,7,21:10,3,1,1,1,5,13063,M,"43,6013700","4,9952600",13
202000032400,20,3,23,02:27,5,2,2,1,6,69386,M,"45,7662432","4,8592347",69
202000032401,20,3,20,14:10,1,2,2,1,3,67447,M,"48,6076700","7,7216700",67
202000032402,20,2,12,18:40,1,2,1,1,6,62386,M,"50,4466178","2,7451210",62
202000032403,20,2,25,16:50,1,2,1,2,6,44162,M,"47,2250865"," -1,6258049",44
202000032404,20,2,14,14:15,1,2,1,9,6,44109,M,"47,2151000"," -1,5367600",44
202000032405,20,3,12,13:18,1,1,1,1,3,31044,M,"43,5919400","1,4941100",31
202000032406,20,2,14,10:00,1,2,3,8,3,92050,M,"48,8880000","2,1957700",92
202000032407,20,3,23,14:40,1,2,9,8,1,06069,M,"43,6497000","6,9316000",06
202000032408,20,2,13,20:00,5,2,1,2,6,92050,M,"48,9006960","2,1995930",92
202000032409,20,2,14,09:30,1,2,1,1,3,92062,M,"48,8875559","2,2429356",92
202000032410,20,3,21,20:15,3,1,1,1,7,05061,M,"44,5500300","6,0284700",05
202000032411,20,3,22,20:30,5,2,2,1,3,75103,M,"48,8572400","2,3617710",75
202000032412,20,2,14,15:50,1,2,1,1,7,06114,M,"43,7487010","7,2949430",06
202000032413,20,4,21,11:30,1,2,1,1,-1,94076,M,"48,7850000","2,3709400",94
202000032414,20,3,22,15:25,1,2,1,1,6,94028,M,"48,7913004","2,4417760",94
202000032415,20,2,14,23:15,3,1,1,1,7,22030,M,"48,7090450"," -3,3829090",22
202000032416,20,2,6,21:10,3,1,1,1,2,19248,M,"45,4301420","1,5128030",19
202000032417,20,3,21,11:20,1,2,2,1,3,92050,M,"48,8885014","2,1839806",92
202000032418,20,2,15,11:28,1,2,1,1,5,91665,M,"48,6632520","2,2770840",91
202000032419,20,3,24,17:15,1,2,1,1,1,42294,M,"46,0076780","4,1174380",42
202000032420,20,2,14,20:15,3,1,1,1,6,50485,M,"49,3044890"," -1,2026270",50
202000032421,20,2,15,11:20,1,1,1,8,5,50214,M,"48,9235990"," -1,0784630",50
202000032422,20,3,23,23:00,3,1,1,1,6,44098,M,"47,4860990"," -2,2173070",44
202000032423,20,2,15,15:00,1,1,1,1,2,08402,M,"49,5760490","4,4800400",08
202000032424,20,2,14,22:50,3,1,1,1,6,2A104,M,"41,9127690","8,8511720",2A
202000032425,20,2,14,20:15,3,1,1,1,7,22175,M,"48,4558760"," -2,3954920",22
202000032426,20,3,24,12:45,1,1,1,1,6,76638,M,"50,0044460","1,4320690",76