Num_Acc,an,mois,jour,hrmn,lum,agg,int,atm,col,com,gps,lat,long,dep
202000032427,20,2,14,11:35,1,1,2,1,1,74005,M,"46,3411265","6,4620445",74
202000032428,20,3,23,19:00,1,1,1,7,3,35091,M,"48,2058640"," -2,1456490",35
202000032429,20,2,15,05:30,3,1,1,2,6,56047,M,"48,0280500"," -2,7924160",56
202000032430,20,3,23,16:15,1,1,1,1,6,58247,M,"47,0200350","3,3230050",58
202000032431,20,2,15,15:15,1,1,1,1,3,74011,M,"45,9284380","6,1774920",74
202000032432,20,3,23,19:00,1,2,3,1,6,18058,M,"46,8568240","2,3168880",18
202000032433,20,2,15,15:50,1,1,2,1,1,33514,M,"45,5061500"," -1,0929300",33
202000032434,20,2,15,00:15,3,1,1,1,6,32306,M,"43,8967710","0,6420940",32
202000032435,20,2,15,10:05,1,2,1,1,6,71014,M,"46,9492660","4,2984252",71
202000032436,20,2,14,19:15,3,1,2,1,3,63045,M,"45,7898440","3,4602087",63
202000032437,20,2,26,18:39,5,2,9,1,3,67152,M,"48,5239060","7,6909100",67
202000032438,20,3,20,09:30,1,1,1,1,7,97130,A,"15,8440310"," -61,6374690",971
202000032439,20,2,13,16:45,1,2,1,1,6,34142,M,"43,7297550","3,3244800",34
202000032440,20,2,14,19:40,3,1,1,1,6,68235,M,"47,9830850","7,4155990",68
202000032441,20,3,23,16:40,1,2,6,1,3,57350,M,"49,0778580","6,1006630",57
202000032442,20,3,23,22:00,5,1,1,1,6,38067,M,"45,7031700","5,1907500",38
202000032443,20,2,14,16:30,1,1,1,2,1,25199,M,"46,9947440","6,0525440",25
202000032444,20,3,24,09:15,1,2,1,1,6,85003,M,"46,7408620"," -1,6038940",85
202000032445,20,3,19,15:45,1,1,1,1,6,13071,M,"43,4142649","5,3646399",13
202000032446,20,2,15,17:25,1,1,1,1,7,02174,M,"49,4735340","3,5282420",02
202000032447,20,2,14,14:50,1,1,1,1,3,84010,M,"43,6994590","5,5648960",84
202000032448,20,3,22,18:15,3,2,3,1,4,98818,C," -22,2522900","166,4636200",988
202000032449,20,2,15,09:53,1,1,1,1,6,01108,M,"46,3729190","5,3646827",01
202000032450,20,3,21,18:00,1,2,1,1,7,59560,M,"50,5586138","3,0456430",59
202000032451,20,2,15,12:35,1,1,1,1,7,58145,M,"47,3080010","3,8305810",58
202000032452,20,3,21,18:35,1,2,1,1,1,34172,M,"43,5948230","3,8884550",34
202000032453,20,2,14,10:30,1,2,6,1,3,06090,M,"43,5909300","6,9291370",06
202000032454,20,3,22,00:30,5,2,6,1,6,18033,M,"47,0956700","2,4356200",18
202000032455,20,1,18,21:30,3,2,1,1,6,14200,M,"49,2766021"," -0,5454069",14
202000032456,20,3,21,22:00,5,2,2,1,-1,92004,M,"48,9101837","2,2860224",92
202000032457,20,2,12,07:45,2,1,2,2,6,50425,M,"49,5128380"," -1,6809030",50
202000032458,20,2,15,16:40,1,1,1,1,6,60151,M,"49,4495236","2,8775340",60
202000032459,20,3,20,10:00,1,2,1,1,2,92004,M,"48,9080490","2,2677844",92
202000032460,20,2,15,12:30,1,2,1,1,6,64138,M,"43,2345810"," -0,2805640",64
202000032461,20,3,22,18:10,1,1,1,1,6,29020,M,"48,0991920"," -4,0311240",29
202000032462,20,2,14,23:00,3,1,1,1,1,64238,M,"43,2485360"," -0,0731380",64
202000032463,20,2,12,18:30,3,2,3,1,3,51153,M,"49,0233747","4,0250140",51
202000032464,20,2,15,14:10,1,1,1,1,1,73032,M,"45,6339288","6,4421082",73
202000032465,20,3,22,19:50,3,1,1,1,2,71404,M,"46,7590770","4,7337560",71
202000032466,20,3,21,10:30,1,1,1,1,6,25259,M,"46,8666020","6,1361860",25
202000032467,20,2,15,10:00,1,1,1,1,6,53049,M,"48,1562610"," -0,6485930",53
202000032468,20,3,23,17:30,1,1,1,1,6,50305,M,"49,5805460"," -1,5392820",50
202000032469,20,2,14,16:00,1,1,4,1,3,40051,M,"43,8856330"," -0,3741670",40
202000032470,20,3,19,23:30,3,2,1,1,6,85210,M,"46,8231160"," -1,6180050",85
202000032471,20,2,14,13:50,1,2,2,1,3,24153,M,"45,0819340","1,3588660",24
202000032472,20,3,22,18:40,1,2,1,1,6,17327,M,"46,0968920"," -0,5895150",17
202000032473,20,2,15,14:35,1,1,1,1,5,85232,M,"46,6973400"," -1,1847300",85
202000032474,20,2,13,05:15,3,2,1,2,3,27617,M,"49,3149040","1,5105100",27
202000032475,20,3,23,08:10,1,2,1,1,2,69244,M,"45,7661270","4,7649990",69
202000032476,20,2,15,06:15,3,1,3,5,6,17349,M,"46,2984780"," -0,8909280",17
202000032477,20,2,14,12:20,1,1,3,8,1,23189,M,"46,0624600","1,6926030",23
202000032478,20,3,22,11:15,1,1,1,1,2,98831,C," -20,8814180","164,6468370",988
202000032479,20,2,14,18:45,2,1,1,1,2,73213,M,"45,5497330","5,9588080",73
202000032480,20,2,22,12:58,1,2,6,1,2,97415,R," -21,0379770","55,2187216",974
202000032481,20,2,15,08:30,1,2,2,1,3,97309,G,"4,8875430"," -52,2800950",973
202000032482,20,2,15,10:25,1,1,3,2,3,97415,R," -21,0990818","55,2426606",974
202000032483,20,2,14,18:15,1,2,1,1,2,97309,G,"4,8975870"," -52,2617680",973
202000032484,20,2,14,09:00,1,1,9,1,3,74250,M,"46,0705550","6,3859050",74
202000032485,20,3,12,13:00,1,1,3,1,3,97701,,"17,8954950"," -62,8125940",977
202000032486,20,3,22,18:15,1,1,1,1,7,34135,M,"43,2575730","3,1601890",34
202000032487,20,3,22,02:30,5,1,1,1,6,13055,M,"43,2858950","5,4259110",13
202000032488,20,2,15,07:15,2,1,1,1,4,60680,M,"49,2782210","2,6959420",60
202000032489,20,2,14,11:27,1,1,1,1,3,30258,M,"43,6962580","4,4252100",30
202000032490,20,2,22,09:00,1,1,1,1,2,69072,M,"45,8226200","4,7312100",69
202000032491,20,2,14,22:50,3,1,1,1,6,11300,M,"43,3885210","1,9089820",11
202000032492,20,2,15,17:45,1,1,1,1,7,13022,M,"43,2234600","5,5442310",13
202000032493,20,3,21,21:45,3,1,1,1,6,77294,M,"48,9661857","2,6068511",77
202000032494,20,2,13,18:35,5,2,3,2,2,13015,M,"43,4528327","5,4007013",13
202000032495,20,3,20,21:34,5,1,9,1,7,97209,A,"14,6433000"," -61,0437000",972
202000032496,20,2,15,15:10,1,1,1,1,7,89059,M,"48,0129230","3,5142300",89
202000032497,20,3,20,23:00,5,2,1,1,6,69382,M,"45,7503200","4,8230900",69
202000032498,20,2,14,20:15,5,2,1,1,6,08328,M,"49,8116830","4,7457100",08
202000032499,20,2,15,05:50,3,1,1,1,6,68130,M,"47,9606460","7,5373080",68
202000032500,20,3,21,16:00,1,2,1,1,1,91223,M,"48,4225730","2,1527260",91
202000032501,20,2,14,08:20,1,2,3,8,3,88262,M,"48,1796190","6,7564790",88
202000032502,20,3,21,13:30,1,2,1,1,3,72181,M,"47,9917700","0,2236400",72
202000032503,20,2,15,15:45,1,2,1,7,6,57350,M,"49,0632410","6,0762600",57
202000032504,20,2,15,15:30,1,1,1,1,7,63038,M,"45,5095050","2,9134260",63
202000032505,20,3,20,17:00,1,2,5,1,3,69029,M,"45,7511000","4,9073000",69
202000032506,20,2,7,16:50,1,2,1,7,6,74250,M,"46,0590910","6,3745940",74
202000032507,20,3,21,22:25,5,2,4,1,6,34172,M,"43,5899800","3,8630972",34
202000032508,20,2,15,15:35,1,2,2,1,3,42147,M,"45,6048139","4,0666840",42
202000032509,20,3,21,04:45,5,2,2,1,6,29039,M,"47,8646700"," -3,8841600",29
202000032510,20,2,14,15:30,1,2,1,1,6,81105,M,"43,7640050","1,9930100",81
202000032511,20,3,12,11:10,1,2,8,1,3,29019,M,"48,3866089"," -4,5283024",29
202000032512,20,2,15,13:15,1,2,1,1,6,65481,M,"42,8965500","0,0642340",65
202000032513,20,2,12,16:45,1,1,1,1,7,40125,M,"43,6262910"," -1,0525420",40
202000032514,20,3,21,17:35,1,2,3,1,6,75119,M,"48,8742260","2,3774050",75
202000032515,20,3,21,10:20,1,2,1,1,6,94019,M,"48,8036500","2,5518500",94
202000032516,20,2,14,18:00,1,1,1,1,7,85088,M,"46,7294400"," -1,8793500",85
202000032517,20,2,14,20:10,3,1,3,6,6,29091,M,"48,6301570"," -4,3595340",29
202000032518,20,3,21,16:15,1,2,1,8,2,93005,M,"48,9526100","2,4918200",93
202000032519,20,2,15,05:15,3,2,1,1,6,76610,M,"49,6257410","0,7813650",76
202000032520,20,3,20,18:30,2,2,2,1,3,92044,M,"48,8981117","2,2851476",92
202000032521,20,2,15,16:20,1,1,1,1,7,60103,M,"49,3980860","2,2671530",60
202000032522,20,2,13,19:00,5,1,1,2,2,83137,M,"43,1213200","5,9533100",83
202000032523,20,2,13,18:25,3,1,1,1,3,83144,M,"43,1334900","5,9847600",83
202000032524,20,1,27,11:50,1,2,9,1,7,51649,M,"48,7209512","4,5886393",51
202000032525,20,2,13,08:58,1,1,1,1,2,83137,M,"43,1213200","5,9533100",83
202000032526,20,3,19,19:40,3,1,1,1,7,74184,M,"46,0573000","5,9799960",74
202000032527,20,3,16,11:45,1,1,6,1,6,63231,M,"45,8700770","3,6280470",63
202000032528,20,2,13,08:45,1,1,1,1,-1,69382,M,"45,7390700","4,8226200",69
202000032529,20,3,22,17:15,1,1,1,1,6,42016,M,"46,1454210","4,0370890",42
202000032530,20,2,9,19:30,3,1,1,1,2,69256,M,"45,8045172","4,9261791",69
202000032531,20,3,22,11:15,1,2,1,1,-1,38261,M,"45,6712200","5,4710800",38
202000032532,20,2,14,17:00,1,1,1,1,5,33397,M,"44,9023700"," -0,4934600",33
202000032533,20,3,22,01:45,3,1,1,1,6,37243,M,"47,3375696","0,5685946",37
202000032534,20,2,14,02:00,3,1,1,9,2,94021,M,"48,7704700","2,3455200",94
202000032535,20,3,21,17:20,1,1,6,1,7,06152,M,"43,6209010","7,0352730",06
202000032536,20,2,14,07:05,5,1,1,8,4,92047,M,"48,8364384","2,1847164",92
202000032537,20,3,20,19:35,3,2,1,1,6,71153,M,"46,8101088","4,4189392",71
202000032538,20,2,14,15:30,1,1,1,1,2,92036,M,"48,9390900","2,3040200",92
202000032539,20,2,13,12:25,1,1,1,1,2,95488,M,"49,0135100","2,1484400",95
202000032540,20,3,22,11:00,1,1,1,1,1,78668,M,"49,0068060","1,5406390",78
202000032541,20,3,22,05:20,3,1,1,1,6,64064,M,"43,1000430"," -0,6220150",64
202000032542,20,2,12,18:40,3,1,1,1,4,93078,M,"48,9611800","2,5436500",93
202000032543,20,2,12,14:40,1,1,1,1,3,93027,M,"48,9256900","2,3979400",93
202000032544,20,2,8,19:40,3,1,1,2,2,95572,M,"49,0336800","2,1115000",95
202000032545,20,1,17,07:30,2,2,3,1,3,13212,M,"43,3148360","5,4379460",13
202000032546,20,2,14,18:00,2,1,9,8,6,77059,M,"48,8411110","2,6638710",77
202000032547,20,3,20,20:09,5,1,2,1,3,97302,G,"4,9295792"," -52,3151028",973
202000032548,20,2,13,15:50,1,2,2,1,3,98818,C," -22,2743700","166,4428000",988
202000032549,20,3,20,10:20,1,1,1,2,6,97113,A,"16,2188700"," -61,5030100",971
202000032550,20,1,10,17:09,1,2,1,1,6,97611,Y," -12,7986000","45,2156700",976
202000032551,20,2,12,14:45,1,1,1,1,5,97407,R," -20,9354000","55,3285400",974
202000032552,20,3,19,11:00,1,2,5,1,3,97120,A,"16,2389900"," -61,5328500",971
202000032553,20,2,12,17:15,1,2,1,1,6,69386,M,"45,7636200","4,8535600",69
202000032554,20,2,12,21:20,5,1,9,1,2,97213,A,"14,6135000"," -61,0103000",972
202000032555,20,3,20,18:39,2,2,2,1,3,95018,M,"48,9427310","2,2430320",95
202000032556,20,2,13,13:45,1,2,6,7,7,97209,A,"14,6035500"," -61,0710000",972
202000032557,20,3,18,19:00,1,2,1,1,5,76351,M,"49,4986117","0,1585186",76
202000032558,20,2,13,07:35,2,1,1,1,7,69152,M,"45,6937600","4,8279600",69
202000032559,20,2,12,17:00,1,2,1,1,3,97120,A,"16,2316248"," -61,5315108",971
202000032560,20,3,19,14:05,1,2,3,1,3,74012,M,"46,1974384","6,2370640",74
202000032561,20,2,10,19:30,3,2,1,3,6,95427,M,"48,9587400","2,3292700",95
202000032562,20,2,14,00:55,5,2,1,1,2,91434,M,"48,6684610","2,3547300",91
202000032563,20,3,20,14:40,1,2,1,1,3,72181,M,"47,9707000","0,2137000",72
202000032564,20,2,13,10:45,1,2,1,3,3,91174,M,"48,6080870","2,4490480",91
202000032565,20,3,20,13:36,1,2,1,1,3,64140,M,"43,5289540"," -1,4820100",64
202000032566,20,2,12,11:05,1,1,1,1,2,91103,M,"48,5879100","2,3074700",91
202000032567,20,2,12,20:05,5,2,1,1,3,87085,M,"45,8730400","1,2686800",87
202000032568,20,3,19,19:15,3,2,3,1,1,57463,M,"49,1254600","6,1591200",57
202000032569,20,2,13,07:48,5,2,1,2,6,87085,M,"45,8224500","1,2815400",87
202000032570,20,2,12,15:14,1,1,1,1,2,87085,M,"45,8752900","1,2878200",87
202000032571,20,2,24,16:30,1,2,1,1,6,57591,M,"49,2507500","6,0930700",57
202000032572,20,2,13,16:45,1,2,2,2,1,78440,M,"48,9867500","1,9239420",78
202000032573,20,2,12,12:12,1,2,2,1,6,77294,M,"48,9538000","2,6004000",77
202000032574,20,1,11,02:00,5,2,1,1,6,77152,M,"48,5262100","2,6458100",77
202000032575,20,3,15,17:45,1,1,1,1,7,38544,M,"45,5163300","4,9160100",38
202000032576,20,2,13,18:20,5,1,1,2,5,77307,M,"48,8706000","2,7304700",77
202000032577,20,3,1,12:25,1,2,1,1,6,37122,M,"47,3551154","0,6972465",37
202000032578,20,2,12,16:25,1,2,6,1,3,76351,M,"49,4853900","0,1368000",76
202000032579,20,3,19,10:30,1,1,1,1,1,27375,M,"49,2045200","1,1956400",27
202000032580,20,2,13,18:25,5,2,6,2,3,74012,M,"46,1916300","6,2506199",74
202000032581,20,1,21,17:20,1,2,9,1,3,10387,M,"48,3084680","4,0690430",10
202000032582,20,2,12,07:20,1,2,1,1,6,69266,M,"45,7762831","4,8685212",69
202000032583,20,3,20,15:30,1,2,1,1,6,75116,M,"48,8634560","2,2481120",75
202000032584,20,2,13,09:30,1,2,6,8,3,69115,M,"45,9730000","4,7173400",69
202000032585,20,3,20,07:20,1,2,2,1,3,75116,M,"48,8482270","2,2698940",75
202000032586,20,2,12,16:53,1,2,1,1,3,66136,M,"42,7016700","2,8992900",66
202000032587,20,3,20,10:20,1,2,3,1,7,75104,M,"48,8572820","2,3573700",75
202000032588,20,2,10,18:35,5,2,1,1,2,64129,M,"43,3176400"," -0,3785800",64
202000032589,20,2,12,20:10,5,2,9,1,1,62041,M,"50,2925270","2,7821480",62
202000032590,20,3,20,14:20,1,2,3,1,3,92014,M,"48,7823054","2,3147696",92
202000032591,20,2,11,18:20,5,2,1,1,2,58194,M,"46,9856500","3,1593100",58
202000032592,20,2,12,11:10,1,2,1,1,6,57368,M,"49,3386000","6,0435000",57
202000032593,20,3,12,10:35,1,1,5,1,1,01075,M,"46,0386544","4,8158723",01
202000032594,20,3,20,19:40,2,1,1,1,7,89226,M,"47,8519659","3,7154239",89
202000032595,20,2,12,19:56,1,2,2,2,3,57019,M,"49,2547500","6,1490500",57
202000032596,20,2,12,22:24,3,1,1,1,6,56185,M,"47,7705100"," -3,3785500",56
202000032597,20,3,20,17:15,1,1,1,1,6,73270,M,"45,5826590","6,1439540",73
202000032598,20,2,13,17:00,1,2,2,2,3,54547,M,"48,6617722","6,1611608",54
202000032599,20,3,20,11:50,1,2,1,1,1,97309,G,"4,8915110"," -52,2746002",973
202000032600,20,2,13,14:15,1,2,6,3,-1,54274,M,"48,6682050","6,2086620",54
202000032601,20,1,25,02:35,5,2,1,1,2,54395,M,"48,6892960","6,1724871",54
202000032602,20,3,21,13:45,1,1,1,1,7,60019,M,"49,5056790","2,7178770",60
202000032603,20,2,13,10:20,1,2,3,1,2,54323,M,"49,5235430","5,7644530",54
202000032604,20,3,17,09:13,1,1,1,1,6,77232,M,"48,9118150","2,8151840",77
202000032605,20,2,12,18:32,2,2,1,1,3,49007,M,"47,4762200"," -0,5451000",49
202000032606,20,2,13,20:00,5,2,2,1,3,37261,M,"47,3637474","0,7000458",37
202000032607,20,3,20,17:00,1,1,6,1,6,34039,M,"43,4531180","3,6535500",34
202000032608,20,3,21,15:30,1,1,1,1,1,39517,M,"46,7182320","6,0033740",39
202000032609,20,3,18,05:46,3,2,1,1,2,38544,M,"45,5108700","4,8566300",38
202000032610,20,1,17,19:30,3,2,1,4,4,05061,M,"44,6009500","6,0793300",05
202000032611,20,3,19,21:50,5,2,2,1,3,69387,M,"45,7469700","4,8564400",69
202000032612,20,2,13,20:00,5,2,2,8,3,37261,M,"47,4211877","0,6837224",37
202000032613,20,2,13,07:30,5,2,1,2,2,37261,M,"47,3751639","0,7075013",37
202000032614,20,3,19,16:30,1,2,9,1,3,2A004,M,"41,9364884","8,7535172",2A
202000032615,20,2,13,07:40,5,2,6,2,3,35238,M,"48,0914500"," -1,6581500",35
202000032616,20,3,18,17:40,1,2,1,1,3,80021,M,"49,8846300","2,3039600",80
202000032617,20,2,11,18:40,5,2,1,1,1,34003,M,"43,3066900","3,4758000",34
202000032618,20,2,14,00:56,3,1,1,2,6,33075,M,"44,8944900"," -0,6030900",33
202000032619,20,2,13,18:10,2,2,2,1,1,33318,M,"44,7882900"," -0,6463600",33
202000032620,20,3,18,09:20,1,2,4,1,3,76484,M,"49,3610300","1,0988100",76
202000032621,20,2,13,17:45,1,2,3,1,2,33550,M,"44,7638200"," -0,5633700",33
202000032622,20,2,5,16:30,1,2,2,1,3,33281,M,"44,8231600"," -0,6528500",33
202000032623,20,3,15,18:45,2,2,2,1,3,69282,M,"45,7771800","5,0054000",69
202000032624,20,3,18,15:08,1,2,1,1,7,66136,M,"42,6932900","2,8766700",66
202000032625,20,2,13,14:15,1,1,1,1,3,33039,M,"44,7933700"," -0,5348400",33
202000032626,20,3,18,10:05,1,2,3,1,3,64024,M,"43,4634000"," -1,5069000",64
202000032627,20,2,14,13:15,1,2,1,1,-1,33522,M,"44,8179100"," -0,5777400",33
202000032628,20,3,19,04:15,5,2,1,1,6,62035,M,"50,5315380","2,6111510",62
202000032629,20,2,13,10:00,1,2,1,2,3,33281,M,"44,8562600"," -0,6408000",33
202000032630,20,3,18,19:45,3,2,1,1,7,49007,M,"47,4665700"," -0,6023100",49
202000032631,20,2,13,07:15,3,2,2,2,3,33039,M,"44,8095700"," -0,5422300",33
202000032632,20,3,19,18:20,1,2,1,1,6,45234,M,"47,8866378","1,9049613",45
202000032633,20,2,12,07:40,2,2,1,1,2,33529,M,"44,6118300"," -1,1340000",33
202000032634,20,2,8,05:15,5,1,6,1,1,33529,M,"44,6224800"," -1,1598600",33
202000032635,20,3,19,07:30,1,2,6,1,3,35238,M,"48,1038000"," -1,7118400",35
202000032636,20,2,13,12:00,1,2,1,1,2,31555,M,"43,6155000","1,4525800",31
202000032637,20,3,7,14:50,1,2,1,1,6,33119,M,"44,8616300"," -0,5232700",33
202000032638,20,2,12,16:15,1,2,3,1,3,31555,M,"43,6006000","1,4666200",31
202000032639,20,2,9,17:10,1,2,1,1,3,31555,M,"43,6105100","1,4147700",31
202000032640,20,1,28,15:00,1,2,1,1,6,24037,M,"44,8541600","0,4853100",24
202000032641,20,3,17,10:00,1,2,1,1,6,31555,M,"43,5967800","1,4456500",31
202000032642,20,3,12,18:30,1,2,1,1,4,29019,M,"48,3843782"," -4,4964078",29
202000032643,20,2,11,16:30,1,1,1,1,4,22360,M,"48,4804500"," -2,7002200",22
202000032644,20,2,6,17:15,1,2,1,1,2,22278,M,"48,5185830"," -2,7830450",22
202000032645,20,3,19,19:22,5,2,2,1,3,26362,M,"44,9228660","4,9058680",26
202000032646,20,2,13,11:45,1,2,1,1,6,17415,M,"45,7411500"," -0,6255500",17
202000032647,20,3,19,19:08,5,2,1,1,6,06088,M,"43,7037000","7,2346000",06
202000032648,20,2,13,08:37,1,2,2,3,6,17300,M,"46,1681800"," -1,1321700",17
202000032649,20,3,18,17:25,1,1,6,1,7,01053,M,"46,2034381","5,2739072",01
202000032650,20,3,19,20:20,5,2,4,1,7,75115,M,"48,8354020","2,2668850",75
202000032651,20,2,13,07:20,1,2,2,1,3,13201,M,"43,2922100","5,3772800",13
202000032652,20,2,13,01:45,5,2,9,1,6,13206,M,"43,2900000","5,3800000",13
202000032653,20,2,11,12:15,1,2,2,1,3,13063,M,"43,5845006","5,0057731",13
202000032654,20,3,19,10:30,1,2,3,1,3,75110,M,"48,8743820","2,3741620",75
202000032655,20,2,13,02:00,3,1,1,1,6,13047,M,"43,5741000","4,9926000",13
202000032656,20,3,19,02:10,5,2,1,1,6,94043,M,"48,8114558","2,3512100",94
202000032657,20,2,12,10:35,1,2,1,1,6,11262,M,"43,1769000","3,0053700",11
202000032658,20,3,17,13:45,1,2,1,1,3,94002,M,"48,8009300","2,4223100",94
202000032659,20,2,13,18:10,5,2,1,1,2,75114,M,"48,8225610","2,3141690",75
202000032660,20,3,19,16:30,1,2,9,1,3,92007,M,"48,7912200","2,3198000",92
202000032661,20,2,13,14:25,1,2,1,1,3,75116,M,"48,8524220","2,2525860",75
202000032662,20,3,16,15:20,1,2,1,2,1,37074,M,"47,2448173","0,1523006",37
202000032663,20,2,13,06:10,5,2,4,8,-1,75119,M,"48,9003430","2,3804220",75
202000032664,20,3,19,15:15,1,1,1,1,7,97225,A,"14,7737720"," -61,2015830",972
202000032665,20,3,19,17:15,1,1,1,1,6,30251,M,"44,1976590","4,6944560",30
202000032666,20,3,13,22:40,3,1,1,1,6,74100,M,"46,0151150","5,8903460",74
202000032667,20,2,12,20:55,5,2,1,1,-1,75113,M,"48,8161510","2,3611500",75
202000032668,20,3,19,17:45,1,2,1,1,7,80338,M,"49,8978700","2,5113700",80
202000032669,20,2,13,18:00,2,2,3,2,2,75105,M,"48,8468490","2,3609700",75
202000032670,20,3,17,13:55,1,1,1,1,6,29259,M,"48,6666520"," -3,9757690",29
202000032671,20,3,20,02:00,3,1,1,1,6,02671,M,"49,4947510","3,1702420",02
202000032672,20,2,13,10:05,1,2,7,2,3,75119,M,"48,8784320","2,3704460",75
202000032673,20,2,13,20:15,5,2,1,2,6,75118,M,"48,8839960","2,3515320",75
202000032674,20,2,13,11:45,1,2,1,1,6,75118,M,"48,8971650","2,3380620",75
202000032675,20,2,13,17:15,1,2,1,2,-1,75116,M,"48,8452500","2,2614980",75
202000032676,20,2,12,11:28,1,2,1,1,6,75116,M,"48,8666260","2,2850880",75
202000032677,20,2,13,09:45,1,2,2,3,7,75112,M,"48,8486300","2,3725420",75
202000032678,20,2,13,09:40,1,2,2,3,3,75110,M,"48,8813290","2,3647160",75
202000032679,20,2,13,18:25,5,2,1,8,3,75108,M,"48,8746150","2,3080680",75
202000032680,20,2,13,16:05,1,2,2,1,3,75107,M,"48,8606410","2,2954590",75
202000032681,20,2,13,10:55,1,2,1,1,6,75104,M,"48,8549550","2,3687030",75
202000032682,20,2,13,15:25,1,2,1,2,6,75101,M,"48,8552190","2,3458030",75
202000032683,20,2,10,13:45,1,2,2,2,3,94068,M,"48,8050000","2,4770000",94
202000032684,20,2,13,03:30,5,2,6,1,3,94065,M,"48,7633421","2,3551274",94
202000032685,20,2,13,19:09,5,2,1,3,6,94017,M,"48,8201700","2,5316900",94
202000032686,20,2,13,09:10,1,2,1,2,6,93073,M,"49,0017881","2,5370300",93
202000032687,20,2,13,07:30,5,2,6,2,2,93078,M,"48,9615900","2,5562600",93
202000032688,20,2,13,07:20,2,2,9,2,6,93073,M,"49,0034241","2,5368129",93
202000032689,20,2,13,07:00,5,2,3,2,2,93059,M,"48,9655000","2,3636000",93
202000032690,20,2,13,09:00,1,2,6,2,2,93051,M,"48,8431000","2,5478000",93
202000032691,20,2,13,16:35,1,2,6,1,7,93050,M,"48,8710963","2,5335449",93
202000032692,20,2,13,16:54,1,2,2,2,3,93027,M,"48,9284300","2,4007800",93
202000032693,20,2,13,15:35,1,2,1,8,6,93027,M,"48,9331294","2,3914127",93
202000032694,20,2,13,20:30,5,2,1,8,3,92072,M,"48,8127900","2,2158200",92
202000032695,20,2,13,10:45,1,2,1,2,6,92064,M,"48,8465010","2,2187568",92
202000032696,20,2,13,10:30,1,2,1,1,2,92062,M,"48,8868568","2,2384751",92
202000032697,20,2,13,17:58,2,2,3,2,3,92050,M,"48,8869290","2,2082870",92
202000032698,20,2,13,13:30,1,2,2,8,3,92023,M,"48,7834000","2,2467000",92
202000032699,20,2,13,19:05,5,2,1,1,2,92012,M,"48,8282000","2,2355000",92
202000032700,20,10,2,10:00,1,2,2,1,3,92012,M,"48,8255880","2,2419040",92
202000032701,20,2,13,09:20,1,2,1,2,3,92012,M,"48,8329810","2,2416940",92
202000032702,20,2,13,18:00,2,2,1,1,6,92007,M,"48,8023270","2,3110970",92
202000032703,20,2,14,15:06,1,1,1,1,5,54312,M,"48,9236980","6,0943870",54
202000032704,20,2,13,19:40,3,1,1,8,1,2A249,M,"41,6548297","8,9185583",2A
202000032705,20,2,14,02:00,3,1,1,2,6,52114,M,"48,0376920","4,8815770",52
202000032706,20,2,13,22:00,3,1,1,1,6,60016,M,"49,3635642","2,3701442",60
202000032707,20,2,14,13:35,1,1,1,1,3,31082,M,"43,5928250","1,7133520",31
202000032708,20,2,13,19:35,3,1,1,6,2,21483,M,"47,4661750","5,1828390",21
202000032709,20,2,14,15:25,1,1,1,1,-1,71270,M,"46,3251980","4,8064010",71
202000032710,20,2,12,14:19,1,2,3,1,3,68295,M,"48,0121980","7,3812250",68
202000032711,20,2,13,19:35,3,1,1,1,1,11203,M,"43,1622740","2,7301240",11
202000032712,20,2,14,16:55,1,2,9,1,3,97414,R," -21,2812970","55,4319910",974
202000032713,20,2,14,07:30,2,1,1,6,-1,34016,M,"43,6250130","3,6436200",34
202000032714,20,2,13,07:05,2,2,1,1,1,2A271,M,"41,9530599","8,7876465",2A
202000032715,20,2,14,11:30,1,1,1,1,2,80627,M,"49,8012837","2,2165149",80
202000032716,20,2,14,06:50,5,2,2,1,3,49347,M,"47,6146040"," -0,4650520",49
202000032717,20,2,12,13:30,1,1,1,8,6,31436,M,"43,3273850","1,0598780",31
202000032718,20,2,11,21:20,5,2,9,1,3,02810,M,"49,2536680","3,0933720",02
202000032719,20,9,4,22:00,3,1,1,1,7,93010,M,"48,8993000","2,4695600",93
202000032720,20,9,4,15:29,1,1,1,1,2,93006,M,"48,8684900","2,4286900",93
202000032721,20,2,25,08:50,1,2,7,1,3,75108,M,"48,8694070","2,3109490",75
202000032722,20,9,2,06:25,1,2,4,1,3,98818,C," -22,2420200","166,4572900",988
202000032723,20,9,2,16:40,1,2,3,1,2,98818,C," -22,2439200","166,4472800",988
202000032724,20,9,2,13:45,1,2,6,1,3,98818,C," -22,2462100","166,4719600",988
202000032725,20,9,2,19:00,3,1,1,1,6,97416,R," -21,2954300","55,4556700",974
202000032726,20,9,1,08:20,1,2,1,1,2,97416,R," -21,2973400","55,4926000",974
202000032727,20,9,2,16:55,2,1,1,1,1,97416,R," -21,2609300","55,4818000",974
202000032728,20,9,3,07:10,1,2,1,1,6,97411,R," -20,8876600","55,4543600",974
202000032729,20,9,2,20:30,3,1,1,1,7,97407,R," -20,9471600","55,3231600",974
202000032730,20,9,1,11:20,1,2,6,1,1,97407,R," -20,9408400","55,3074300",974
202000032731,20,9,3,23:10,5,2,1,1,6,69259,M,"45,7046900","4,8876100",69