Num_Acc,an,mois,jour,hrmn,lum,agg,int,atm,col,com,gps,lat,long,dep
202000032732,20,9,3,18:20,1,2,1,1,3,69199,M,"45,7115300","4,8551200",69
202000032733,20,9,3,17:35,1,2,1,1,6,69199,M,"45,7120300","4,8542500",69
202000032734,20,9,3,11:45,1,2,2,1,6,69387,M,"45,7486234","4,8397945",69
202000032735,20,9,2,18:45,1,2,2,1,3,69383,M,"45,7536598","4,8592751",69
202000032736,20,9,2,15:58,1,2,2,1,1,69383,M,"45,7584300","4,8492700",69
202000032737,20,9,3,08:25,1,2,1,1,6,69389,M,"45,7749100","4,8086800",69
202000032738,20,9,3,10:50,1,1,1,1,3,97113,A,"16,2178400"," -61,5153200",971
202000032739,20,9,2,08:30,1,2,1,1,6,97120,A,"16,2438341"," -61,5345848",971
202000032740,20,9,3,07:30,1,2,1,1,6,91223,M,"48,4289700","2,1667200",91
202000032741,20,9,3,18:47,1,2,1,1,6,88160,M,"48,1864700","6,4382000",88
202000032742,20,9,3,08:04,1,2,1,1,6,87085,M,"45,8179400","1,2230800",87
202000032743,20,9,3,05:00,5,2,1,1,7,83137,M,"43,1260530","5,9813420",83
202000032744,20,9,3,15:20,1,1,1,1,3,77447,M,"48,5367700","2,5578400",77
202000032745,20,9,2,12:25,1,2,1,1,6,76216,M,"49,4762200","1,0535600",76
202000032746,20,9,2,20:45,5,2,1,1,6,76451,M,"49,4606600","1,0824500",76
202000032747,20,9,2,13:10,1,2,1,1,-1,76575,M,"49,3777400","1,1157300",76
202000032748,20,9,3,16:00,1,1,1,1,2,76382,M,"49,5777100","0,5152840",76
202000032749,20,9,1,22:55,5,2,1,1,6,71153,M,"46,8066505","4,4304317",71
202000032750,20,9,3,03:20,5,2,1,1,6,69266,M,"45,7636826","4,8709174",69
202000032751,20,9,2,21:20,5,2,2,1,3,69256,M,"45,7719400","4,9198700",69
202000032752,20,9,2,19:38,1,2,1,1,3,66136,M,"42,6969400","2,9019700",66
202000032753,20,9,2,08:25,1,2,2,1,1,65440,M,"43,2440800","0,0673500",65
202000032754,20,9,3,15:00,1,2,1,1,3,64445,M,"43,2943500"," -0,3772530",64
202000032755,20,9,3,15:05,1,2,3,1,2,64102,M,"43,4792000"," -1,4845000",64
202000032756,20,9,3,13:30,1,2,1,1,2,64024,M,"43,4957000"," -1,5320300",64
202000032757,20,9,3,12:00,1,2,3,1,7,64024,M,"43,4765800"," -1,5099700",64
202000032758,20,9,3,10:50,1,2,1,1,7,64024,M,"43,5096500"," -1,5295300",64
202000032759,20,9,3,09:50,1,2,1,1,7,64102,M,"43,4925600"," -1,4808100",64
202000032760,20,8,30,08:35,1,2,2,1,3,63113,M,"45,7946931","3,0825733",63
202000032761,20,1,21,17:30,5,2,1,5,6,62250,M,"50,4537500","2,9406400",62
202000032762,20,9,3,19:30,1,2,1,1,2,61001,M,"48,4325500","0,0864100",61
202000032763,20,9,3,11:02,1,2,9,1,6,59155,M,"51,0338807","2,4021234",59
202000032764,20,8,28,15:10,1,2,6,1,3,59122,M,"50,1824180","3,2275400",59
202000032765,20,8,28,17:00,1,2,1,1,1,58194,M,"46,9914000","3,1703000",58
202000032766,20,9,2,12:35,1,2,1,1,3,56260,M,"47,6605700"," -2,7538000",56
202000032767,20,9,2,14:05,1,2,1,1,4,56121,M,"47,7378300"," -3,3819000",56
202000032768,20,9,2,12:35,1,2,2,1,3,56121,M,"47,7365700"," -3,3903100",56
202000032769,20,9,3,21:45,5,1,1,1,7,51058,M,"49,2227146","3,9937837",51
202000032770,20,9,2,23:30,5,2,1,1,6,50173,M,"49,6494300"," -1,6852200",50
202000032771,20,8,31,14:38,1,1,1,1,2,49015,M,"47,5109400"," -0,6182400",49
202000032772,20,9,2,08:05,1,2,1,1,3,37261,M,"47,3785006","0,6984283",37
202000032773,20,9,3,17:40,1,1,1,1,2,35055,M,"48,0950700"," -1,6219600",35
202000032774,20,9,3,16:10,1,2,4,1,3,35238,M,"48,1172100"," -1,6823000",35
202000032775,20,9,2,19:35,1,2,6,1,3,35238,M,"48,1274191"," -1,6524442",35
202000032776,20,9,3,19:44,1,2,9,1,6,34172,M,"43,6201400","3,8173100",34
202000032777,20,9,3,16:15,1,2,1,1,3,34172,M,"43,5982400","3,8412300",34
202000032778,20,9,3,08:55,1,2,1,1,3,34172,M,"43,6147750","3,8313954",34
202000032779,20,9,3,08:50,1,2,1,1,3,34172,M,"43,6070900","3,8987100",34
202000032780,20,9,2,17:30,1,2,1,1,2,34172,M,"43,5991900","3,8660600",34
202000032781,20,9,3,23:05,5,2,7,1,7,33063,M,"44,8662300"," -0,5757300",33
202000032782,20,9,3,19:25,1,2,3,1,3,33318,M,"44,8062110"," -0,6306097",33
202000032783,20,9,3,17:30,2,2,4,1,3,33063,M,"44,8679110"," -0,5548850",33
202000032784,20,9,3,12:45,1,2,2,1,3,33192,M,"44,7828000"," -0,6100000",33
202000032785,20,8,31,15:50,1,2,2,1,6,33063,M,"44,8274800"," -0,5580000",33
202000032786,20,9,2,21:40,5,2,1,1,6,31069,M,"43,6383400","1,3737200",31
202000032787,20,9,2,19:05,1,2,1,1,6,31555,M,"43,6358600","1,4639700",31
202000032788,20,9,3,13:55,1,1,1,1,3,15012,M,"44,8870560","2,4500810",15
202000032789,20,9,2,16:10,1,2,1,7,6,15014,M,"44,9262300","2,4399700",15
202000032790,20,8,11,22:05,3,1,1,1,2,14366,M,"49,1285900","0,2226100",14
202000032791,20,9,3,17:05,1,1,1,8,6,14001,M,"49,3988878","0,2884430",14
202000032792,20,9,3,16:50,1,2,1,1,3,13213,M,"43,3306565","5,4107478",13
202000032793,20,9,3,16:25,1,2,1,1,6,13211,M,"43,2967000","5,4854800",13
202000032794,20,9,3,08:20,1,2,1,1,6,13210,M,"43,2860450","5,4050040",13
202000032795,20,9,3,08:35,1,2,6,1,2,13047,M,"43,5074800","4,9831300",13
202000032796,20,9,2,18:55,2,2,9,1,7,11069,M,"43,2265600","2,3308400",11
202000032797,20,9,3,09:15,1,2,1,1,6,07186,M,"44,7363463","4,5987896",07
202000032798,20,9,3,08:14,1,2,6,1,3,06123,M,"43,6720000","7,1935200",06
202000032799,20,9,1,07:25,1,2,1,1,6,05061,M,"44,5086100","6,0554000",05
202000032800,20,9,3,12:05,1,2,1,1,6,02304,M,"49,6598900","3,3740800",02
202000032801,20,9,3,10:20,1,2,7,1,3,75119,M,"48,9009440","2,3870020",75
202000032802,20,9,3,08:30,1,2,1,1,-1,75105,M,"48,8447520","2,3394440",75
202000032803,20,9,3,18:10,1,2,2,1,-1,75120,M,"48,8634540","2,4108630",75
202000032804,20,9,3,03:27,5,2,1,1,6,75119,M,"48,8849260","2,3698870",75
202000032805,20,9,3,17:00,1,2,2,1,1,75118,M,"48,8946220","2,3471550",75
202000032806,20,9,2,20:00,1,2,3,1,6,75116,M,"48,8562200","2,2857090",75
202000032807,20,9,2,17:10,1,2,2,1,3,75116,M,"48,8726850","2,2845710",75
202000032808,20,9,1,17:50,1,2,2,1,4,75116,M,"48,8676210","2,2508480",75
202000032809,20,9,3,21:25,5,2,2,1,3,75114,M,"48,8261330","2,3127430",75
202000032810,20,9,3,08:55,1,2,1,1,6,75113,M,"48,8192190","2,3581230",75
202000032811,20,9,3,16:50,1,2,3,1,3,75111,M,"48,8539830","2,3823330",75
202000032812,20,9,3,13:20,1,2,3,1,-1,75108,M,"48,8806790","2,3182390",75
202000032813,20,9,3,09:15,1,2,1,1,6,75108,M,"48,8696430","2,3080740",75
202000032814,20,9,2,21:10,5,2,2,1,3,75116,M,"48,8641190","2,2775760",75
202000032815,20,9,3,08:30,1,2,2,1,3,75107,M,"48,8628600","2,3134420",75
202000032816,20,9,3,19:20,1,2,2,1,3,75101,M,"48,8584560","2,3426560",75
202000032817,20,9,3,19:30,1,2,7,1,2,75104,M,"48,8532210","2,3686090",75
202000032818,20,9,3,10:30,1,2,3,1,-1,75101,M,"48,8582710","2,3433930",75
202000032819,20,9,3,08:50,1,2,3,1,6,75104,M,"48,8554750","2,3600970",75
202000032820,20,9,3,17:30,1,2,9,1,1,94067,M,"48,8493180","2,4200320",94
202000032821,20,7,9,11:20,1,2,3,1,6,94080,M,"48,8472710","2,4347320",94
202000032822,20,9,1,15:30,1,2,1,1,6,94052,M,"48,8362500","2,4814200",94
202000032823,20,9,3,12:45,1,2,1,1,3,94073,M,"48,7547680","2,3743680",94
202000032824,20,9,3,14:50,1,2,1,1,6,94022,M,"48,7620450","2,4049495",94
202000032825,20,9,3,13:18,1,2,6,1,6,94077,M,"48,7314900","2,4191400",94
202000032826,20,9,3,08:10,1,2,1,1,3,94004,M,"48,7455900","2,5120300",94
202000032827,20,9,3,07:15,2,2,1,1,3,93066,M,"48,9212848","2,3451738",93
202000032828,20,9,2,17:10,1,2,1,1,6,93066,M,"48,9300141","2,3564690",93
202000032829,20,9,3,08:30,1,2,2,1,6,93049,M,"48,8570665","2,5014460",93
202000032830,20,9,2,23:24,5,2,3,1,1,93048,M,"48,8617193","2,4346955",93
202000032831,20,9,1,21:40,1,2,9,1,3,93053,M,"48,8934225","2,4707478",93
202000032832,20,9,2,17:00,1,2,1,1,5,93063,M,"48,8938000","2,4349000",93
202000032833,20,9,2,19:20,1,2,3,1,-1,93029,M,"48,9213300","2,4488600",93
202000032834,20,9,2,12:30,1,2,1,1,3,93001,M,"48,9039000","2,3828000",93
202000032835,20,9,3,07:12,1,2,2,1,3,92046,M,"48,8116000","2,3001000",92
202000032836,20,9,3,17:15,1,2,1,1,2,92050,M,"48,8855480","2,2022210",92
202000032837,20,9,3,16:00,1,2,1,1,3,92050,M,"48,8991200","2,2216100",92
202000032838,20,9,3,08:50,1,2,5,1,3,92049,M,"48,8162100","2,3070250",92
202000032839,20,8,14,18:25,1,2,3,1,7,92024,M,"48,9120300","2,3104700",92
202000032840,20,9,3,20:12,1,2,2,1,-1,92007,M,"48,7961400","2,3216000",92
202000032841,20,8,27,09:55,1,2,1,1,6,92002,M,"48,7536265","2,3040788",92
202000032842,20,9,4,09:30,1,1,1,1,2,2A348,M,"42,1518407","8,7554132",2A
202000032843,20,9,3,19:00,1,1,3,1,1,24010,M,"45,1722280","0,5799790",24
202000032844,20,8,30,12:15,1,1,1,3,6,25212,M,"47,2804930","5,9954340",25
202000032845,20,9,3,17:50,1,1,9,1,3,69282,M,"45,7601880","5,0331120",69
202000032846,20,9,4,08:05,1,1,1,1,1,05174,M,"44,9351010","6,6781430",05
202000032847,20,9,1,21:28,5,2,6,1,6,01399,M,"46,2943100","6,0769210",01
202000032848,20,9,4,15:15,1,1,1,1,5,67437,M,"48,7543640","7,3332560",67
202000032849,20,9,3,11:00,1,1,1,1,7,22213,M,"48,5354770"," -2,0100690",22
202000032850,20,9,3,18:35,1,2,6,1,3,06095,M,"43,6389360","6,8716160",06
202000032851,20,9,3,23:50,3,1,1,1,1,42271,M,"45,4674576","4,5842437",42
202000032852,20,9,4,05:15,3,1,4,1,7,22193,M,"48,4259040"," -2,4388040",22
202000032853,20,9,4,18:40,2,2,9,1,6,23176,M,"46,2395020","1,4939360",23
202000032854,20,9,3,11:50,1,2,4,1,4,62620,M,"50,5922970","2,4044110",62
202000032855,20,9,3,06:10,2,1,1,1,3,83057,M,"43,3710770","6,2049790",83
202000032856,20,9,4,14:10,1,2,6,1,7,51568,M,"49,3143093","3,9655122",51
202000032857,20,9,3,07:30,1,1,1,1,5,51119,M,"49,0905569","3,9714532",51
202000032858,20,9,4,15:27,1,1,1,1,1,59039,M,"50,1529810","3,2918860",59
202000032859,20,8,18,16:40,1,1,1,1,7,56128,M,"47,9612210"," -3,0984020",56
202000032860,20,9,3,16:50,1,1,1,1,1,74192,M,"45,8897920","5,9208260",74
202000032861,20,9,3,08:55,1,1,1,1,7,74289,M,"45,9333340","5,8747670",74
202000032862,20,9,2,17:00,1,2,1,1,3,74011,M,"45,9044150","6,1597160",74
202000032863,20,8,5,18:50,1,1,1,1,6,76126,M,"49,6748490","1,3434220",76
202000032864,20,9,4,06:30,2,1,1,1,6,79223,M,"46,5200570"," -0,5561770",79
202000032865,20,9,4,00:24,3,1,1,1,6,82102,M,"44,0109000","0,8621210",82
202000032866,20,6,19,07:30,1,2,3,1,6,82075,M,"43,8288960","1,3005230",82
202000032867,20,9,3,16:20,1,2,3,1,7,65479,M,"43,1395030","0,0626320",65
202000032868,20,9,4,17:30,1,1,1,1,3,81183,M,"43,8245447","2,3562762",81
202000032869,20,9,3,07:30,1,1,4,1,1,11206,M,"43,0437120","2,2365600",11
202000032870,20,9,4,15:00,1,1,1,1,6,71319,M,"46,6913201","5,1217261",71
202000032871,20,9,3,22:30,3,1,1,1,6,61474,M,"48,7618830","0,1913800",61
202000032872,20,8,4,20:30,1,1,1,1,6,49026,M,"47,5142880"," -0,7915520",49
202000032873,20,9,3,16:55,1,1,1,1,6,44069,M,"47,2888760"," -2,4381490",44
202000032874,20,9,3,08:10,2,1,1,1,6,35204,M,"48,0461850"," -1,5739200",35
202000032875,20,9,3,07:25,2,1,1,1,7,29056,M,"48,4194040"," -4,3344070",29
202000032876,20,8,4,18:45,1,2,1,1,2,03073,M,"46,4911121","3,3153220",03
202000032877,20,8,20,20:00,3,1,1,1,1,03120,M,"46,6321315","3,6513410",03
202000032878,20,9,3,10:10,1,1,1,1,1,01036,M,"45,9087710","5,6569400",01
202000032879,20,9,4,14:30,1,1,1,1,1,26248,M,"44,7624620","5,2707280",26
202000032880,20,9,2,13:30,1,1,1,1,7,58164,M,"47,2239150","3,0035220",58
202000032881,20,9,4,16:45,1,2,3,1,6,06079,M,"43,5460050","6,9393200",06
202000032882,20,9,3,11:45,1,1,2,1,3,14504,M,"49,2078920","0,3393660",14
202000032883,20,9,4,11:30,1,1,2,1,3,50513,M,"48,9871950"," -1,2698220",50
202000032884,20,9,4,14:30,1,1,9,1,7,60063,M,"49,3591980","2,0613040",60
202000032885,20,9,4,16:40,1,1,1,1,6,45098,M,"47,8252430","1,7481990",45
202000032886,20,9,4,14:14,1,1,1,1,6,10072,M,"48,3638200","4,6776330",10
202000032887,20,9,4,06:30,3,1,9,1,3,07076,M,"44,6344820","4,7457770",07
202000032888,20,9,3,18:30,1,1,1,1,6,07260,M,"44,6939000","4,7033500",07
202000032889,20,9,4,10:50,1,2,3,1,5,40328,M,"43,7861840"," -1,3943200",40
202000032890,20,9,3,11:20,1,1,1,1,2,17091,M,"46,2912650"," -1,0840850",17
202000032891,20,9,4,12:40,1,2,1,1,6,06152,M,"43,6220490","7,0394320",06
202000032892,20,9,3,23:50,5,2,1,1,1,06018,M,"43,6281200","7,0931710",06
202000032893,20,9,4,05:55,3,1,1,1,7,39285,M,"47,1662510","5,6439220",39
202000032894,20,9,3,22:20,3,1,1,1,6,63195,M,"45,8481960","3,3695040",63
202000032895,20,8,5,10:20,1,2,1,1,6,38485,M,"45,1759700","5,6969600",38
202000032896,20,9,4,14:30,1,2,3,1,3,98817,C," -22,2246790","166,5135630",988
202000032897,20,9,4,15:20,1,1,1,1,6,97424,R," -21,1513150","55,4773840",974
202000032898,20,9,3,08:15,1,2,3,1,3,97701,,"17,9045580"," -62,8247270",977
202000032899,20,9,3,11:16,1,1,1,1,3,33214,M,"45,0250500"," -1,1751700",33
202000032900,20,9,4,13:25,1,1,1,1,2,77196,M,"48,9496536","2,7574994",77
202000032901,20,9,3,11:34,1,1,1,1,1,77451,M,"48,9311640","3,0770250",77
202000032902,20,9,4,18:30,2,1,2,7,3,34165,M,"43,5132340","3,6778020",34
202000032903,20,8,16,23:45,3,1,1,1,3,83107,M,"43,4675330","6,6083460",83
202000032904,20,9,3,16:30,1,2,3,1,3,04019,M,"44,3844140","6,6514760",04
202000032905,20,9,4,15:30,1,2,1,1,6,25057,M,"47,5313170","6,7876140",25
202000032906,20,9,3,14:30,1,1,1,1,1,55532,M,"48,9292240","5,1175050",55
202000032907,20,9,4,10:00,1,2,2,1,6,57550,M,"49,1569970","6,6531340",57
202000032908,20,9,4,13:10,1,1,1,1,6,73047,M,"45,3926040","7,0452400",73
202000032909,20,9,4,06:40,1,1,3,1,3,42065,M,"45,7709510","4,2156060",42
202000032910,20,9,4,18:35,1,1,2,1,3,38415,M,"45,6414080","5,2373460",38
202000032911,20,10,30,14:30,1,2,1,1,3,92044,M,"48,9006500","2,2852800",92
202000032912,20,10,23,22:00,5,2,3,9,3,92024,M,"48,9028419","2,3122467",92
202000032913,20,10,30,13:15,1,2,1,1,2,92002,M,"48,7479700","2,3092900",92
202000032914,20,10,30,18:40,5,1,3,1,1,24297,M,"45,0108670","0,0364590",24
202000032915,20,10,30,08:15,1,2,1,1,6,06161,M,"43,6404930","7,1407060",06
202000032916,20,10,31,14:50,1,2,1,1,1,97422,R," -21,2629660","55,5189530",974
202000032917,20,10,30,10:00,3,1,1,1,7,38127,M,"44,8191276","5,6775755",38
202000032918,20,10,31,08:10,1,1,1,7,1,77182,M,"48,7566630","3,3160360",77
202000032919,20,10,30,17:50,2,2,3,1,3,41149,M,"47,7571870","0,8712810",41
202000032920,20,10,30,15:25,1,1,1,1,1,57334,M,"48,6852090","7,1896130",57
202000032921,20,10,31,15:00,1,1,1,2,6,56075,M,"47,8765630"," -2,1219380",56
202000032922,20,10,30,18:55,3,1,2,1,5,49068,M,"47,4123770"," -0,8548710",49
202000032923,20,10,31,10:20,1,1,1,1,6,42156,M,"45,9021190","4,2047380",42
202000032924,20,10,30,14:35,1,2,1,1,6,46280,M,"44,5383510","1,2934950",46
202000032925,20,10,31,21:00,3,1,1,1,2,47106,M,"44,5108600","0,9489010",47
202000032926,20,10,31,03:00,4,2,2,1,6,35116,M,"48,5902990"," -1,8584690",35
202000032927,20,10,30,06:51,2,1,1,1,6,38511,M,"45,3490240","5,9461520",38
202000032928,20,10,31,16:00,1,2,1,1,6,70311,M,"47,8139430","6,3851760",70
202000032929,20,10,29,08:20,1,1,1,1,-1,06089,M,"43,6695560","6,9842900",06
202000032930,20,10,31,12:20,1,1,1,1,1,83056,M,"43,5502690","6,5119480",83
202000032931,20,10,30,07:25,2,1,1,1,5,60133,M,"49,5338830","2,3819690",60
202000032932,20,10,29,17:52,5,2,3,2,3,21599,M,"47,5763377","5,2021485",21
202000032933,20,10,31,14:00,1,2,1,2,6,85036,M,"46,4696700"," -1,2830000",85
202000032934,20,10,30,21:08,3,1,1,1,5,31399,M,"43,3659210","1,2732340",31
202000032935,20,10,29,20:40,5,1,2,1,-1,30344,M,"43,7362630","4,2337060",30
202000032936,20,10,30,07:15,2,1,1,1,1,30036,M,"43,7744410","4,2845450",30
202000032937,20,10,29,17:20,3,1,1,1,2,06088,M,"43,7331350","7,2813390",06
202000032938,20,10,30,12:40,1,1,9,1,6,98726,P," -16,5311110"," -143,8010200",987
202000032939,20,10,30,20:30,3,2,1,1,1,98748,P," -17,8016630"," -149,2958040",987
202000032940,20,10,28,19:00,5,2,2,1,3,77183,M,"48,9492798","3,1306475",77
202000032941,20,10,17,15:10,1,2,3,1,3,91105,M,"48,5794980","2,1741630",91
202000032942,20,10,30,15:00,1,1,1,1,-1,38019,M,"45,4124760","4,8248430",38
202000032943,20,10,30,12:30,1,1,4,1,3,68342,M,"47,8134530","7,1970940",68
202000032944,20,10,29,08:33,1,1,1,2,2,68154,M,"47,7698350","7,3879520",68
202000032945,20,10,30,13:40,1,2,3,1,1,63204,M,"45,8146310","3,1839480",63
202000032946,20,10,31,10:30,1,2,1,1,6,38529,M,"45,1195800","5,8111900",38
202000032947,20,10,3,16:50,1,1,2,2,-1,26084,M,"45,0144410","4,9625800",26
202000032948,20,10,29,16:40,2,1,1,1,1,26362,M,"44,8972580","4,9202870",26
202000032949,20,10,30,17:25,1,2,1,1,6,33243,M,"44,9198770"," -0,2402820",33
202000032950,20,10,31,11:20,1,2,1,1,1,33293,M,"44,8810200"," -0,4119800",33
202000032951,20,10,29,16:20,1,1,1,1,2,49194,M,"47,4498070"," -0,2821040",49
202000032952,20,10,29,19:00,5,1,1,1,2,13202,M,"43,3089500","5,3665800",13
202000032953,20,10,27,15:00,1,1,1,1,4,13071,M,"43,4087545","5,3634951",13
202000032954,20,10,29,19:00,3,1,1,1,4,69290,M,"45,6831200","4,9619200",69
202000032955,20,10,29,14:20,1,1,1,1,2,69277,M,"45,7405637","4,9860845",69
202000032956,20,10,29,19:50,3,1,1,1,4,54328,M,"48,6118900","6,1770900",54
202000032957,20,10,23,15:20,1,1,1,1,2,59560,M,"50,5398595","3,0523163",59
202000032958,20,10,30,18:20,5,1,1,1,5,91589,M,"48,6793000","2,3340000",91
202000032959,20,10,29,01:30,4,1,1,3,2,78640,M,"48,7810200","2,1733100",78
202000032960,20,9,24,23:35,3,1,1,1,4,60505,M,"49,1741200","2,6006400",60
202000032961,20,10,30,14:10,1,1,1,1,-1,77169,M,"48,8214251","2,6152198",77
202000032962,20,6,9,22:15,5,2,1,1,6,92078,M,"48,9292820","2,3339100",92
202000032963,20,6,16,06:00,3,2,9,1,6,92078,M,"48,9403620","2,3289670",92
202000032964,20,2,27,10:05,1,2,9,2,6,92078,M,"48,9264310","2,3284210",92
202000032965,20,10,30,09:12,1,2,3,1,2,98818,C," -22,2397000","166,4517900",988
202000032966,20,10,29,06:05,2,1,1,2,6,97416,R," -21,3613500","55,5308500",974
202000032967,20,10,30,23:25,5,2,2,1,3,69387,M,"45,7340100","4,8261700",69
202000032968,20,10,29,21:00,5,2,2,1,3,69259,M,"45,6897100","4,9009900",69
202000032969,20,10,29,13:45,1,2,2,1,3,69387,M,"45,7525100","4,8429200",69
202000032970,20,10,29,05:50,5,2,2,1,3,69387,M,"45,7293690","4,8457866",69
202000032971,20,10,28,12:53,1,2,1,1,3,97213,A,"14,6175900"," -60,9945800",972
202000032972,20,10,27,17:15,2,2,3,2,3,91021,M,"48,5904800","2,2447500",91
202000032973,20,10,24,18:12,2,2,6,1,2,91103,M,"48,5887700","2,3011500",91
202000032974,20,10,24,17:55,1,1,1,2,2,91339,M,"48,6326990","2,2646840",91
202000032975,20,10,27,18:00,3,2,1,2,-1,91377,M,"48,7224700","2,2572300",91
202000032976,20,10,29,12:45,1,2,1,1,6,91326,M,"48,6878500","2,3861500",91
202000032977,20,10,29,08:15,1,2,1,8,2,91027,M,"48,7299700","2,3679000",91
202000032978,20,10,27,21:40,3,2,1,3,7,91521,M,"48,6546850","2,4105290",91
202000032979,20,10,24,13:00,1,2,1,2,2,91174,M,"48,5805680","2,4761910",91
202000032980,20,10,28,18:08,5,2,3,2,6,81033,M,"44,0327300","2,1572400",81
202000032981,20,10,28,19:15,5,2,1,3,3,80021,M,"49,9060100","2,3180400",80
202000032982,20,10,28,20:40,5,2,1,1,6,78327,M,"48,9912500","1,8565800",78
202000032983,20,10,29,20:30,5,2,1,1,3,73008,M,"45,6938320","5,9109640",73
202000032984,20,10,29,17:00,1,2,1,1,6,72003,M,"47,9760800","0,1534400",72
202000032985,20,10,29,07:05,5,2,6,2,3,71153,M,"46,8074297","4,4324885",71
202000032986,20,10,29,17:05,2,2,3,1,3,69271,M,"45,7316700","4,9713000",69
202000032987,20,9,17,16:00,1,2,1,1,6,69266,M,"45,7561800","4,8776600",69
202000032988,20,10,28,10:15,1,2,3,1,3,67482,M,"48,5770000","7,7535600",67
202000032989,20,10,28,08:09,1,2,3,2,3,67482,M,"48,5919708","7,7598091",67
202000032990,20,10,25,19:45,2,2,1,1,1,66136,M,"42,6909400","2,8908100",66
202000032991,20,10,29,21:25,4,2,6,1,3,64102,M,"43,4989100"," -1,4815400",64
202000032992,20,10,29,09:00,1,2,6,1,2,64024,M,"43,4644000"," -1,5332300",64
202000032993,20,10,28,13:50,1,2,1,8,6,64102,M,"43,5057000"," -1,4672000",64
202000032994,20,10,29,08:20,1,2,3,1,6,59378,M,"50,6532500","3,1115800",59
202000032995,20,10,27,14:00,1,1,1,1,7,56185,M,"47,7708700"," -3,3782900",56
202000032996,20,10,29,20:45,5,2,2,2,3,54395,M,"48,6842884","6,1885764",54
202000032997,20,10,29,18:00,2,1,1,1,2,54526,M,"48,6910500","6,2054600",54
202000032998,20,10,19,17:45,1,2,1,1,3,54395,M,"48,6793700","6,1985100",54
202000032999,20,10,29,11:40,1,1,1,3,4,50173,M,"49,6612400"," -1,6783000",50
202000033000,20,10,29,09:30,1,2,1,2,7,50203,M,"49,6223300"," -1,6127700",50
202000033001,20,10,26,07:45,1,1,3,2,3,50173,M,"49,6355700"," -1,6663900",50
202000033002,20,10,27,08:45,1,2,1,1,7,49007,M,"47,4655972"," -0,6016262",49
202000033003,20,10,27,14:25,1,2,1,1,1,49246,M,"47,4315800"," -0,5077900",49
202000033004,20,10,27,18:10,1,1,1,1,7,49007,M,"47,4945400"," -0,5630700",49
202000033005,20,10,27,14:25,1,2,1,1,6,49007,M,"47,4865900"," -0,5380200",49
202000033006,20,10,29,20:25,5,1,1,1,3,45232,M,"47,8659430","1,9131450",45
202000033007,20,10,29,16:45,5,2,1,2,3,45234,M,"47,9042100","1,9149400",45
202000033008,20,10,28,07:25,1,2,1,1,6,37208,M,"47,3687758","0,7292518",37
202000033009,20,10,29,20:10,5,2,3,1,2,35238,M,"48,0875900"," -1,6487400",35
202000033010,20,10,29,12:20,1,2,1,1,3,35238,M,"48,1058590"," -1,7328220",35
202000033011,20,8,2,21:35,5,2,1,1,6,34116,M,"43,6453690","3,8255810",34
202000033012,20,10,29,13:40,1,2,9,8,3,35238,M,"48,1064400"," -1,7293300",35
202000033013,20,8,3,14:45,1,1,1,1,7,51211,M,"49,0766069","4,8125266",51
202000033014,20,10,29,11:50,1,2,2,1,3,35238,M,"48,1085400"," -1,6929400",35
202000033015,20,7,4,06:55,2,1,1,1,6,77168,M,"48,1654743","2,8708370",77
202000033016,20,8,2,11:30,1,1,1,1,7,98802,C," -21,8450880","165,9178450",988
202000033017,20,8,3,13:40,1,2,1,1,6,97134,A,"16,0600730"," -61,7653080",971
202000033018,20,8,2,14:30,1,1,1,1,7,04096,M,"44,3377850","6,7898940",04
202000033019,20,10,29,08:30,1,2,3,2,3,35238,M,"48,1044637"," -1,6843732",35
202000033020,20,8,2,17:15,1,1,9,1,7,68106,M,"47,8898700","7,1142640",68
202000033021,20,10,29,15:00,1,2,1,1,1,34172,M,"43,6085476","3,8828677",34
202000033022,20,8,2,10:20,1,2,6,1,7,67130,M,"48,4236690","7,6402000",67
202000033023,20,10,29,14:32,1,2,1,1,2,34172,M,"43,6237174","3,8947982",34
202000033024,20,7,31,15:45,1,2,2,1,3,38474,M,"45,2074630","5,6800440",38
202000033025,20,10,29,12:30,1,2,1,1,3,34172,M,"43,6188000","3,9126100",34
202000033026,20,8,2,11:45,1,2,3,7,3,38317,M,"45,1320320","5,7110020",38
202000033027,20,8,2,02:45,3,1,1,1,7,26064,M,"44,9185570","5,0563290",26
202000033028,20,10,29,13:10,1,2,1,1,1,34172,M,"43,6059700","3,8966900",34
202000033029,20,8,1,07:15,1,1,1,1,6,81099,M,"43,9300040","1,9234980",81
202000033030,20,8,3,09:30,1,1,1,1,6,14627,M,"48,8870760"," -0,2204830",14
202000033031,20,10,29,12:50,1,2,3,1,2,33281,M,"44,8371400"," -0,6165500",33
202000033032,20,8,3,14:45,1,1,1,1,4,60489,M,"49,1721930","2,8269200",60
202000033033,20,8,2,20:30,1,2,4,1,6,59409,M,"50,3032460","3,2119450",59
202000033034,20,8,2,16:57,1,1,1,1,7,59268,M,"50,6306160","2,6959190",59
202000033035,20,7,27,07:40,1,1,1,1,7,13211,M,"43,2887580","5,4438380",13
202000033036,20,8,1,04:59,4,2,1,1,2,13055,M,"43,3327040","5,3853310",13
202000033037,20,7,23,18:30,1,1,1,1,4,13055,M,"43,2930000","5,4243000",13
202000033038,20,8,2,06:00,2,1,1,1,7,69276,M,"45,6741503","4,8475778",69