Num_Acc,an,mois,jour,hrmn,lum,agg,int,atm,col,com,gps,lat,long,dep
202000033039,20,10,29,18:00,1,2,2,1,3,33529,M,"44,6095900"," -1,1355200",33
202000033040,20,8,1,23:30,4,1,9,1,5,91340,M,"48,6058200","2,4356200",91
202000033041,20,8,2,09:44,1,1,1,1,2,78551,M,"48,9127240","2,1072650",78
202000033042,20,10,28,19:15,5,2,1,1,6,31555,M,"43,6070700","1,4473600",31
202000033043,20,10,29,02:25,3,1,1,8,6,29039,M,"47,9369200"," -3,9123600",29
202000033044,20,8,2,00:05,3,1,1,1,5,78466,M,"48,9345000","1,9668000",78
202000033045,20,8,2,02:10,3,1,1,1,2,93005,M,"48,9622700","2,4708500",93
202000033046,20,10,29,11:05,1,1,1,1,2,29019,M,"48,4162748"," -4,4791637",29
202000033047,20,8,2,03:00,3,1,1,1,7,95527,M,"48,9950600","2,5160800",95
202000033048,20,8,2,19:15,1,1,1,1,4,94017,M,"48,8268961","2,5128995",94
202000033049,20,10,28,19:20,5,2,2,1,3,29019,M,"48,3997600"," -4,4861300",29
202000033050,20,8,2,17:00,1,1,1,1,-1,77237,M,"48,8302090","2,7517960",77
202000033051,20,10,29,11:30,1,2,1,8,6,27375,M,"49,2148200","1,1668100",27
202000033052,20,8,1,21:50,5,1,1,1,4,94058,M,"48,8482589","2,4916133",94
202000033053,20,8,1,18:10,2,2,2,1,3,97411,R," -20,8827996","55,4543281",974
202000033054,20,8,1,16:15,1,2,1,1,-1,2B033,M,"42,6995200","9,4497700",2B
202000033055,20,10,29,18:11,3,1,9,1,4,26362,M,"44,9408200","4,9427700",26
202000033056,20,7,31,20:50,3,1,1,2,6,97101,A,"16,2648800"," -61,5112400",971
202000033057,20,8,1,21:45,2,2,2,1,1,91345,M,"48,6974510","2,2951640",91
202000033058,20,10,29,10:50,1,2,2,1,-1,22278,M,"48,5120800"," -2,7449400",22
202000033059,20,8,1,17:20,1,2,9,1,5,91174,M,"48,5845200","2,4764700",91
202000033060,20,10,28,10:25,1,2,6,1,3,22106,M,"48,4994500"," -2,7305000",22
202000033061,20,8,1,21:55,5,2,1,1,3,82121,M,"44,0278100","1,3683700",82
202000033062,20,10,29,15:15,1,2,2,1,3,17300,M,"46,1583800"," -1,1575800",17
202000033063,20,10,29,16:45,1,2,9,1,3,15014,M,"44,9343000","2,4494000",15
202000033064,20,7,28,18:00,1,1,3,1,3,77210,M,"48,3613000","2,8886000",77
202000033065,20,7,31,12:55,1,2,6,1,3,77058,M,"48,8312810","2,7061050",77
202000033066,20,7,31,22:11,5,2,2,1,3,76540,M,"49,4257700","1,0826100",76
202000033067,20,10,29,12:45,1,2,1,1,6,13209,M,"43,2730780","5,4006590",13
202000033068,20,8,1,16:50,1,2,1,1,2,72181,M,"47,9816200","0,2098400",72
202000033069,20,10,28,10:55,1,2,9,1,6,13028,M,"43,1863190","5,6002220",13
202000033070,20,7,31,15:45,1,2,1,1,-1,71153,M,"46,8027147","4,4501729",71
202000033071,20,10,29,17:45,2,2,1,1,5,11069,M,"43,2083500","2,3146700",11
202000033072,20,8,1,13:10,1,2,1,1,6,68224,M,"47,7499400","7,3369200",68
202000033073,20,10,29,18:00,1,2,1,1,3,06030,M,"43,5794800","6,9954500",06
202000033074,20,8,1,17:00,1,2,1,1,3,64260,M,"43,3578500"," -1,7716200",64
202000033075,20,10,27,08:25,1,2,1,1,3,06027,M,"43,6570700","7,1729200",06
202000033076,20,8,1,08:10,1,2,1,2,3,64129,M,"43,3067674"," -0,3855000",64
202000033077,20,10,28,13:30,1,2,1,1,6,03310,M,"46,1441057","3,4147846",03
202000033078,20,8,1,10:30,1,2,1,2,7,64024,M,"43,4944000"," -1,5188000",64
202000033079,20,10,13,11:00,1,2,1,3,7,02691,M,"49,8513780","3,2975730",02
202000033080,20,8,1,17:50,1,2,4,1,3,57463,M,"49,1174500","6,1881300",57
202000033081,20,8,1,12:20,1,2,1,1,3,51454,M,"49,2535536","4,0542174",51
202000033082,20,10,29,18:35,5,2,3,2,3,75120,M,"48,8624210","2,4091590",75
202000033083,20,8,1,13:40,1,2,1,1,1,51108,M,"48,9465844","4,3481611",51
202000033084,20,10,29,17:00,1,2,3,2,6,75120,M,"48,8631650","2,3976470",75
202000033085,20,8,1,13:10,1,2,1,1,3,45302,M,"47,9414200","1,8930700",45
202000033086,20,10,29,09:00,1,2,2,1,3,75120,M,"48,8716610","2,3922810",75
202000033087,20,8,1,19:00,1,1,1,1,6,45338,M,"47,9833800","2,7047500",45
202000033088,20,10,29,10:25,1,2,1,8,7,75119,M,"48,8850860","2,3857360",75
202000033089,20,7,28,18:03,1,2,6,9,-1,42225,M,"45,5199990","4,5937040",42
202000033090,20,8,1,07:15,1,2,6,1,6,42183,M,"45,4052560","4,3717270",42
202000033091,20,10,29,14:25,1,2,4,1,3,75117,M,"48,8753390","2,2961850",75
202000033092,20,8,1,22:25,5,2,1,1,6,35238,M,"48,1091837"," -1,6901832",35
202000033093,20,10,28,14:15,1,2,7,1,3,75116,M,"48,8721190","2,2754010",75
202000033094,20,7,31,16:00,1,2,9,1,6,34172,M,"43,6183719","3,8985948",34
202000033095,20,10,29,18:00,5,2,1,1,6,75115,M,"48,8358980","2,2970250",75
202000033096,20,10,28,21:30,5,2,2,1,7,75115,M,"48,8369400","2,2742360",75
202000033097,20,8,1,06:05,2,1,1,1,3,34003,M,"43,3011900","3,4619300",34
202000033098,20,10,28,17:25,5,2,1,2,6,75115,M,"48,8433350","2,3024990",75
202000033099,20,7,31,20:45,1,2,1,1,3,25031,M,"47,4855450","6,8413170",25
202000033100,20,10,29,14:55,1,2,1,1,2,75112,M,"48,8466870","2,3997530",75
202000033101,20,8,1,20:04,1,2,1,1,2,13210,M,"43,2775700","5,4204100",13
202000033102,20,10,29,01:20,5,2,1,3,6,75110,M,"48,8727490","2,3698930",75
202000033103,20,8,1,15:38,1,2,2,1,3,13214,M,"43,3491638","5,3752407",13
202000033104,20,10,29,07:25,2,2,1,8,7,75108,M,"48,8641200","2,3027090",75
202000033105,20,8,1,02:35,5,2,4,1,1,13208,M,"43,2829700","5,3890800",13
202000033106,20,10,28,20:50,5,2,7,1,3,75108,M,"48,8712070","2,3161580",75
202000033107,20,10,29,20:50,5,2,3,1,6,75101,M,"48,8591070","2,3464340",75
202000033108,20,10,29,17:40,2,2,1,8,6,75101,M,"48,8616410","2,3386980",75
202000033109,20,8,1,23:25,5,2,9,1,3,13063,M,"43,5878500","5,0003300",13
202000033110,20,10,29,14:00,1,2,1,1,6,75101,M,"48,8645890","2,3366690",75
202000033111,20,7,31,19:00,1,1,1,1,3,13047,M,"43,5577300","4,9757200",13
202000033112,20,10,29,08:50,1,2,3,1,1,75104,M,"48,8547730","2,3624230",75
202000033113,20,7,31,06:50,1,2,1,1,7,08105,M,"49,7340400","4,7203600",08
202000033114,20,10,29,07:20,2,2,1,1,6,94074,M,"48,7480000","2,4590000",94
202000033115,20,8,1,03:19,5,2,2,1,5,06088,M,"43,7000000","7,2500000",06
202000033116,20,10,29,12:50,1,2,2,2,6,94015,M,"48,8431200","2,5233720",94
202000033117,20,10,29,17:00,1,2,1,2,2,94041,M,"48,8155400","2,3931200",94
202000033118,20,8,1,15:45,1,2,1,1,1,06069,M,"43,6504500","6,9208100",06
202000033119,20,10,29,09:07,1,2,3,1,6,94041,M,"48,8177000","2,3755200",94
202000033120,20,8,1,06:55,2,2,6,1,3,06069,M,"43,6498300","6,9314260",06
202000033121,20,10,29,21:15,3,2,1,1,3,94065,M,"48,7496170","2,3556880",94
202000033122,20,7,31,13:00,1,2,1,1,3,75112,M,"48,8286420","2,3988890",75
202000033123,20,10,29,12:30,1,2,3,1,3,94038,M,"48,7794850","2,3534710",94
202000033124,20,8,1,17:25,1,2,2,1,3,75105,M,"48,8495920","2,3448750",75
202000033125,20,8,1,15:10,1,2,5,1,3,75106,M,"48,8521580","2,3405460",75
202000033126,20,10,29,13:25,1,2,1,8,7,94079,M,"48,8224800","2,5409000",94
202000033127,20,8,1,00:38,5,2,2,1,3,75105,M,"48,8473580","2,3436550",75
202000033128,20,10,29,16:29,1,2,1,1,2,94018,M,"48,8273100","2,4046400",94
202000033129,20,7,31,21:25,2,2,2,1,3,75120,M,"48,8716610","2,3922880",75
202000033130,20,10,29,10:00,1,2,9,1,5,93066,M,"48,9402366","2,3679483",93
202000033131,20,8,1,20:00,1,2,1,1,3,75118,M,"48,8846850","2,3536200",75
202000033132,20,10,29,15:30,1,2,1,1,3,93064,M,"48,8778300","2,4869400",93
202000033133,20,8,1,15:00,1,2,1,1,3,75119,M,"48,8911770","2,3761780",75
202000033134,20,6,16,10:50,1,2,1,1,7,93048,M,"48,8555775","2,4222358",93
202000033135,20,8,1,19:30,1,2,1,1,6,75118,M,"48,8939470","2,3497120",75
202000033136,20,10,29,16:00,1,2,9,1,3,93008,M,"48,9065700","2,4425100",93
202000033137,20,8,1,14:15,1,2,1,1,2,75116,M,"48,8667940","2,2485250",75
202000033138,20,10,23,20:20,5,2,3,1,3,92063,M,"48,8830300","2,1894700",92
202000033139,20,8,1,00:20,5,2,1,1,3,75116,M,"48,8612240","2,2466350",75
202000033140,20,10,29,20:20,5,2,1,1,3,92044,M,"48,8933100","2,2866100",92
202000033141,20,8,1,14:30,1,2,2,1,3,75114,M,"48,8327430","2,3115570",75
202000033142,20,10,29,14:45,1,2,3,1,6,92025,M,"48,9282320","2,2584230",92
202000033143,20,8,1,10:50,1,2,2,1,3,75111,M,"48,8551210","2,3871340",75
202000033144,20,10,29,19:00,5,2,2,1,3,92024,M,"48,9026933","2,3135368",92
202000033145,20,8,1,14:30,1,2,2,1,2,75107,M,"48,8623780","2,3092360",75
202000033146,20,10,29,09:15,1,2,1,1,-1,92024,M,"48,9065514","2,3136697",92
202000033147,20,8,1,02:10,5,2,1,1,6,75101,M,"48,8598220","2,3442490",75
202000033148,20,10,28,18:20,5,2,2,2,6,92024,M,"48,9026920","2,3098570",92
202000033149,20,7,29,21:15,2,2,2,1,4,75101,M,"48,8600710","2,3490950",75
202000033150,20,10,23,13:55,1,2,3,1,3,92024,M,"48,9022300","2,3043500",92
202000033151,20,8,1,07:10,1,2,9,1,3,94081,M,"48,7799000","2,4081400",94
202000033152,20,10,28,20:55,5,2,1,1,-1,92019,M,"48,7682491","2,2799092",92
202000033153,20,8,1,19:55,1,2,1,1,6,94058,M,"48,8410600","2,5099200",94
202000033154,20,10,30,09:20,1,2,1,1,6,97415,R," -20,9871060","55,2919310",974
202000033155,20,8,1,02:10,5,2,2,1,3,94068,M,"48,8015300","2,4859800",94
202000033156,20,10,29,21:45,3,2,1,1,1,17373,M,"46,1385710"," -1,0090580",17
202000033157,20,10,29,16:56,1,2,9,1,3,49092,M,"47,2073320"," -0,7178990",49
202000033158,20,7,31,23:00,5,2,5,1,3,94076,M,"48,7846000","2,3668100",94
202000033159,20,10,29,13:00,1,1,1,1,6,28188,M,"48,4979310","1,6881070",28
202000033160,20,8,1,01:00,5,2,2,1,6,94041,M,"48,8131520","2,3805750",94
202000033161,20,8,1,17:30,1,2,2,1,6,94022,M,"48,7710000","2,4035000",94
202000033162,20,10,29,11:50,1,1,3,2,3,51585,M,"49,0794618","3,6897136",51
202000033163,20,7,31,23:47,5,2,1,1,7,94081,M,"48,7893690","2,4056600",94
202000033164,20,10,28,19:40,3,1,1,1,-1,97225,A,"14,7547350"," -61,1827750",972
202000033165,20,8,1,09:45,1,2,1,1,3,93073,M,"48,9547800","2,5874300",93
202000033166,20,8,1,07:30,1,2,1,1,6,93077,M,"48,8828600","2,5139700",93
202000033167,20,10,30,10:30,1,1,1,1,3,58193,M,"47,5268950","2,8796410",58
202000033168,20,8,1,05:10,5,2,1,1,6,93033,M,"48,8635800","2,5672800",93
202000033169,20,10,23,03:45,3,1,1,1,6,56127,M,"48,0969790"," -2,2685300",56
202000033170,20,8,1,12:00,1,2,1,1,1,93063,M,"48,8718563","2,4427001",93
202000033171,20,10,30,07:30,3,1,1,1,3,56185,M,"47,7712800"," -3,3820500",56
202000033172,20,10,29,14:20,1,2,1,1,6,56164,M,"47,6554980"," -2,8683740",56
202000033173,20,8,1,06:20,1,2,2,1,3,93001,M,"48,9152911","2,3711744",93
202000033174,20,10,29,18:30,2,1,1,1,1,32466,M,"43,3902980","0,4728680",32
202000033175,20,8,1,19:40,1,2,3,1,3,93047,M,"48,8992500","2,5626000",93
202000033176,20,10,29,16:40,1,1,1,1,1,32210,M,"43,5677520","1,1327510",32
202000033177,20,10,30,15:00,1,1,1,8,6,55065,M,"49,2056330","5,0383200",55
202000033178,20,8,1,18:28,1,2,3,1,2,93008,M,"48,9087000","2,4283000",93
202000033179,20,8,1,13:10,1,2,1,1,3,92051,M,"48,8787708","2,2525138",92
202000033180,20,10,29,16:46,1,1,2,1,3,41211,M,"47,3271960","1,1236020",41
202000033181,20,10,29,16:35,1,1,1,1,6,86281,M,"46,7256830","0,2129030",86
202000033182,20,8,1,15:40,1,2,1,1,4,92026,M,"48,8950404","2,2567356",92
202000033183,20,10,30,01:10,3,1,1,2,7,22163,M,"48,2337570"," -3,4678820",22
202000033184,20,8,2,10:45,1,1,1,1,6,87002,M,"45,9326020","1,3901780",87
202000033185,20,10,29,18:05,2,1,2,8,3,29090,M,"48,0913518"," -4,2652703",29
202000033186,20,10,29,18:52,3,1,9,1,3,31356,M,"43,6872120","1,2240420",31
202000033187,20,7,1,04:10,1,1,1,1,2,25381,M,"47,2776310","5,9805050",25
202000033188,20,10,30,11:05,1,1,1,1,1,15260,M,"44,6625790","2,4495220",15
202000033189,20,7,31,11:55,1,1,1,1,-1,64300,M,"43,4099420"," -0,6084540",64
202000033190,20,10,29,17:25,2,1,1,1,-1,58151,M,"46,8700500","3,4597060",58
202000033191,20,10,29,18:05,3,1,1,2,6,54003,M,"48,3645468","6,0009384",54
202000033192,20,8,1,23:20,3,1,1,1,7,58044,M,"47,4932510","2,9598230",58
202000033193,20,8,1,18:00,1,1,1,1,3,85017,M,"46,9070630"," -1,1172800",85
202000033194,20,10,29,15:30,1,1,1,1,3,05124,M,"44,5808700","6,1257790",05
202000033195,20,7,31,22:06,3,1,1,1,1,47121,M,"44,3471460","0,1073630",47
202000033196,20,8,2,06:05,2,1,1,1,7,51594,M,"48,7423413","4,1149921",51
202000033197,20,10,29,15:18,1,2,3,2,3,60636,M,"49,4828510","2,8703390",60
202000033198,20,10,29,15:10,1,1,9,1,3,07050,M,"44,4138420","4,1488250",07
202000033199,20,10,30,01:10,3,1,1,2,6,21659,M,"47,4629150","4,8000810",21
202000033200,20,10,28,16:00,1,2,1,2,1,24156,M,"45,0893120","0,8570520",24
202000033201,20,10,28,14:26,1,2,1,1,3,28140,M,"48,6082290","1,6796030",28
202000033202,20,10,29,17:50,2,1,1,1,4,68113,M,"48,2018520","7,3981760",68
202000033203,20,10,29,06:30,3,1,1,1,3,33284,M,"44,6240640"," -0,8540100",33
202000033204,20,9,28,10:15,1,1,1,1,3,31069,M,"43,6348900","1,3791000",31
202000033205,20,10,30,09:55,1,1,1,1,7,34129,M,"43,5731540","3,8754960",34
202000033206,20,8,2,02:00,5,2,1,7,6,76468,M,"49,5972280","0,4803140",76
202000033207,20,10,30,17:00,1,1,1,1,3,69043,M,"45,7228629","4,7709386",69
202000033208,20,9,29,15:10,1,2,1,1,6,30189,M,"43,8406400","4,3615600",30
202000033209,20,8,2,14:00,1,1,1,1,6,2B354,M,"42,1502990","9,1524630",2B
202000033210,20,10,29,17:55,2,1,1,8,4,14301,M,"49,1674230"," -0,2768040",14
202000033211,20,10,29,23:50,3,1,1,1,6,95535,M,"49,0640320","1,9618450",95
202000033212,20,8,2,15:15,1,1,1,1,6,81171,M,"43,8687710","1,8974380",81
202000033213,20,9,29,14:22,1,1,6,2,3,29039,M,"47,9005800"," -3,9110300",29
202000033214,20,10,16,18:45,5,2,1,1,6,91661,M,"48,7051540","2,2480690",91
202000033215,20,6,3,14:30,1,1,2,1,3,67519,M,"48,6814370","7,8129480",67
202000033216,20,10,29,19:55,5,2,3,1,3,78683,M,"48,8209790","1,8753250",78
202000033217,20,4,14,08:20,1,1,6,1,2,67101,M,"48,5235840","7,4982270",67
202000033218,20,8,2,12:10,1,1,1,1,6,11397,M,"43,2055770","2,4315000",11
202000033219,20,10,29,19:15,5,2,6,2,3,58117,M,"47,0123980","3,0784140",58
202000033220,20,6,2,11:00,1,1,6,1,3,69086,M,"45,8407260","4,6540460",69
202000033221,20,9,28,18:25,1,2,3,1,3,29019,M,"48,4255548"," -4,4773840",29
202000033222,20,6,2,08:45,1,1,1,1,7,46057,M,"44,6724530","2,0261410",46
202000033223,20,9,26,14:42,1,2,6,1,3,29019,M,"48,3986010"," -4,4942599",29
202000033224,20,5,29,20:45,2,1,1,1,7,33300,M,"45,2675400"," -1,0801600",33
202000033225,20,8,1,19:45,2,2,1,1,4,71014,M,"46,9571252","4,3065917",71
202000033226,20,6,3,07:20,1,2,3,1,1,33501,M,"44,6501900"," -0,5961700",33
202000033227,20,8,1,22:15,3,1,1,1,1,55398,M,"48,6839090","5,7302120",55
202000033228,20,6,3,00:20,3,1,1,1,7,22143,M,"48,5886370"," -2,2889970",22
202000033229,20,8,1,23:15,5,2,1,1,7,46029,M,"44,9261310","1,8507560",46
202000033230,20,6,3,09:15,1,2,1,1,7,27188,M,"49,3048057","1,0895294",27
202000033231,20,7,31,21:50,2,1,1,1,1,86145,M,"46,4637280","0,1935310",86
202000033232,20,9,28,18:27,1,2,1,1,6,23096,M,"46,1748500","1,8736000",23
202000033233,20,8,1,20:58,5,2,1,6,7,68374,M,"48,0599550","7,2332740",68
202000033234,20,8,2,16:45,1,1,1,1,7,22100,M,"48,2744820"," -2,6536380",22
202000033235,20,5,26,16:25,1,2,5,1,3,57323,M,"49,3975340","6,1628370",57
202000033236,20,8,2,16:30,1,2,3,8,3,39397,M,"46,5234290","5,6163640",39
202000033237,20,9,29,21:15,5,2,1,1,2,13213,M,"43,3266500","5,4252600",13
202000033238,20,6,2,06:24,2,1,1,2,7,13019,M,"43,4202000","5,3675000",13
202000033239,20,7,31,10:30,1,2,3,1,3,25021,M,"47,0317150","5,7786480",25
202000033240,20,5,31,16:40,1,1,1,1,6,59195,M,"50,6282970","2,9611990",59
202000033241,20,9,28,16:50,1,2,1,1,3,13208,M,"43,2727060","5,3915244",13
202000033242,20,8,2,00:30,3,1,1,1,6,44088,M,"47,1062331"," -1,4120337",44
202000033243,20,5,30,02:30,4,1,1,1,2,59507,M,"50,5956777","3,1027848",59
202000033244,20,7,31,23:00,5,2,1,1,6,29011,M,"48,4113722"," -4,5269854",29
202000033245,20,6,2,17:00,1,1,1,1,4,93053,M,"48,8870060","2,4750514",93
202000033246,20,8,1,11:45,1,2,6,1,6,03254,M,"46,3057581","3,2973518",03
202000033247,20,9,28,12:36,1,2,6,2,3,10387,M,"48,2895400","4,0671400",10
202000033248,20,8,2,12:45,1,1,1,8,6,15205,M,"45,1571360","2,5772810",15
202000033249,20,6,2,07:40,1,1,1,1,4,94017,M,"48,8289035","2,4794072",94
202000033250,20,9,29,18:15,1,2,9,1,2,06069,M,"43,6491900","6,9339940",06
202000033251,20,8,1,20:15,1,1,1,1,7,15006,M,"45,2159360","2,4329350",15
202000033252,20,6,1,10:50,1,2,2,1,2,97407,R," -20,9455400","55,2983000",974
202000033253,20,9,29,16:45,1,2,1,1,6,06123,M,"43,6936300","7,1835500",06
202000033254,20,8,2,14:00,1,1,1,1,5,15196,M,"44,8575300","2,2878010",15
202000033255,20,5,28,17:30,1,2,3,1,1,69384,M,"45,7835560","4,8207953",69
202000033256,20,9,28,16:35,1,2,1,1,3,05061,M,"44,5565457","6,0796908",05
202000033257,20,9,28,10:57,1,2,1,1,6,05061,M,"44,5589048","6,0806014",05
202000033258,20,6,1,17:35,1,2,1,1,1,97101,A,"16,2690723"," -61,5057564",971
202000033259,20,8,2,12:40,1,1,1,1,5,01230,M,"46,4202350","5,1007890",01
202000033260,20,8,1,18:15,1,1,1,6,7,26108,M,"44,7400730","5,0023410",26
202000033261,20,9,28,09:43,1,2,3,1,7,05061,M,"44,5484100","6,0667900",05
202000033262,20,8,2,14:55,1,1,1,1,6,58305,M,"47,2268470","3,8328900",58
202000033263,20,5,31,11:00,1,1,1,7,6,91421,M,"48,6926220","2,4661190",91
202000033264,20,9,29,17:15,1,2,5,2,1,75120,M,"48,8683250","2,4014350",75
202000033265,20,8,2,13:10,1,1,2,1,1,72109,M,"48,1596450"," -0,0823970",72
202000033266,20,6,1,19:45,1,2,1,1,6,91174,M,"48,6179080","2,4649400",91
202000033267,20,8,1,20:00,1,2,1,1,5,14305,M,"49,3017120"," -0,0397500",14
202000033268,20,9,29,09:50,1,2,7,2,7,75120,M,"48,8650520","2,3985990",75
202000033269,20,6,1,16:00,1,2,1,1,6,77337,M,"48,8486000","2,6158000",77
202000033270,20,8,1,21:10,1,1,1,7,3,50266,M,"48,9296260"," -1,3958380",50
202000033271,20,9,29,18:20,1,2,2,2,6,75119,M,"48,8836470","2,3969800",75
202000033272,20,5,31,19:55,1,2,4,1,3,69029,M,"45,7361200","4,9013300",69
202000033273,20,8,2,04:30,3,1,1,1,6,60275,M,"49,4974866","1,9139471",60
202000033274,20,9,28,13:55,1,2,1,2,3,75118,M,"48,8985240","2,3368150",75
202000033275,20,8,1,01:00,3,1,1,1,6,45313,M,"48,0693470","1,7985280",45
202000033276,20,6,1,14:40,1,2,2,1,3,68376,M,"47,7984000","7,3131500",68
202000033277,20,8,1,14:20,1,2,3,1,3,18289,M,"46,9721090","2,5880430",18
202000033278,20,5,30,11:45,1,2,1,1,6,65286,M,"43,1030600"," -0,0430900",65
202000033279,20,6,1,11:25,1,2,1,1,1,64189,M,"43,3882580"," -1,6784139",64
202000033280,20,8,1,22:52,5,2,1,1,6,10323,M,"48,5081860","3,7455280",10
202000033281,20,6,1,17:30,1,2,1,1,1,64024,M,"43,5015000"," -1,5040500",64
202000033282,20,8,2,12:30,1,1,1,8,7,07165,M,"44,9257440","4,4777710",07
202000033283,20,5,31,19:40,1,1,1,1,6,59324,M,"50,3060800","4,0878800",59
202000033284,20,8,2,10:45,1,2,1,1,7,53121,M,"48,4180720"," -0,3360920",53
202000033285,20,9,29,13:45,1,2,2,2,2,75117,M,"48,8808580","2,3125420",75
202000033286,20,6,1,15:30,1,2,1,1,6,57463,M,"49,1002000","6,1789700",57
202000033287,20,9,29,13:10,1,2,1,2,2,75117,M,"48,8919970","2,3019520",75
202000033288,20,9,29,10:15,1,2,2,8,6,75117,M,"48,8875330","2,3074830",75
202000033289,20,5,31,20:00,1,2,6,1,6,57751,M,"49,1518900","6,1581000",57
202000033290,20,9,29,19:30,5,2,1,1,2,75116,M,"48,8671320","2,2805460",75
202000033291,20,6,1,15:55,1,2,1,1,6,51454,M,"49,2698182","4,0277944",51
202000033292,20,8,2,13:00,1,2,3,1,2,53216,M,"48,3493620"," -0,5795280",53
202000033293,20,6,1,09:40,1,2,1,1,-1,38185,M,"45,1830600","5,7381900",38
202000033294,20,6,1,18:25,1,2,6,7,1,35278,M,"48,1371400"," -1,6894400",35
202000033295,20,7,31,16:20,1,2,1,1,7,40194,M,"43,7112770"," -0,8401910",40
202000033296,20,6,1,21:40,1,1,1,1,3,34129,M,"43,5724900","3,8961300",34
202000033297,20,9,29,09:40,1,2,1,2,3,75116,M,"48,8543460","2,2421260",75
202000033298,20,8,2,08:15,1,1,1,1,3,40211,M,"43,6502210"," -1,1803220",40
202000033299,20,6,1,06:35,1,2,1,1,6,34172,M,"43,6093100","3,8378900",34
202000033300,20,9,29,09:00,2,2,3,2,3,75115,M,"48,8283630","2,3030460",75
202000033301,20,6,1,16:15,1,2,1,1,5,13207,M,"43,2883200","5,3529900",13
202000033302,20,9,29,09:15,1,2,1,2,7,75115,M,"48,8471770","2,3004950",75
202000033303,20,6,1,14:30,1,2,1,1,2,13211,M,"43,2889677","5,4321760",13
202000033304,20,9,28,21:28,5,2,1,1,6,75115,M,"48,8507290","2,2930850",75
202000033305,20,9,29,22:30,5,2,7,1,3,75113,M,"48,8436570","2,3650580",75
202000033306,20,6,1,11:50,1,2,3,1,3,13202,M,"43,3153800","5,3681900",13
202000033307,20,8,2,04:10,3,1,1,1,7,24156,M,"45,0832560","0,8364740",24
202000033308,20,6,1,07:20,1,2,1,1,7,13208,M,"43,2300785","5,3548104",13
202000033309,20,8,2,13:00,1,1,1,1,6,85234,M,"46,8325600"," -2,0837600",85
202000033310,20,9,29,08:50,1,2,7,2,7,75112,M,"48,8404040","2,3789420",75
202000033311,20,6,1,11:35,1,2,3,1,-1,06088,M,"43,7064900","7,2560800",06
202000033312,20,9,28,20:45,5,2,1,1,2,75112,M,"48,8456070","2,3718310",75
202000033313,20,9,29,14:40,1,2,3,2,3,75111,M,"48,8667520","2,3668160",75
202000033314,20,8,1,18:40,1,1,2,1,1,85232,M,"46,6890740"," -1,1832190",85
202000033315,20,8,1,14:35,1,1,1,1,1,37226,M,"47,0897669","0,5949714",37
202000033316,20,9,29,14:30,1,2,2,2,3,75111,M,"48,8559240","2,3832730",75
202000033317,20,7,7,18:00,1,1,9,1,2,30077,M,"44,1480860","4,0579970",30
202000033318,20,5,31,12:41,1,2,9,7,7,06004,M,"43,5782400","7,1192200",06
202000033319,20,9,29,07:55,1,2,1,2,3,75111,M,"48,8503280","2,3947380",75
202000033320,20,8,1,17:15,1,1,1,1,7,48012,M,"44,8443070","3,2046180",48
202000033321,20,5,30,11:55,1,2,1,1,3,05061,M,"44,5577200","6,0817600",05
202000033322,20,9,28,13:15,1,2,3,1,2,75109,M,"48,8829740","2,3348760",75
202000033323,20,5,29,16:45,1,2,1,4,2,05061,M,"44,5589800","6,0835600",05
202000033324,20,9,28,13:15,1,2,1,2,7,75108,M,"48,8646220","2,3064610",75
202000033325,20,8,2,02:57,3,1,1,1,6,19201,M,"45,5156400","2,3194240",19
202000033326,20,5,31,09:40,1,2,1,1,3,75112,M,"48,8274660","2,3923120",75
202000033327,20,9,29,19:40,5,2,1,2,6,75108,M,"48,8656160","2,3217650",75
202000033328,20,6,1,18:43,1,2,1,1,6,75119,M,"48,8908750","2,3720300",75
202000033329,20,7,31,18:35,2,1,3,1,3,97307,G,"4,8923590"," -52,3484370",973
202000033330,20,9,27,08:15,2,2,7,2,6,75101,M,"48,8673730","2,3324530",75
202000033331,20,6,1,15:50,1,2,1,1,6,75119,M,"48,8825800","2,3829970",75
202000033332,20,6,1,15:16,1,2,2,1,6,75119,M,"48,8778350","2,3740970",75
202000033333,20,9,29,08:00,1,2,2,3,3,94081,M,"48,7942500","2,4016600",94
202000033334,20,5,31,20:45,1,2,1,1,3,75119,M,"48,8782234","2,4033518",75
202000033335,20,9,29,07:50,1,2,1,2,6,94067,M,"48,8406310","2,4184140",94
202000033336,20,6,1,00:30,5,2,2,1,6,75118,M,"48,8977307","2,3290318",75
202000033337,20,8,2,04:35,3,1,1,1,-1,68300,M,"47,7759670","7,3892180",68
202000033338,20,6,1,22:00,2,2,3,1,6,75116,M,"48,8444020","2,2570430",75
202000033339,20,6,1,17:30,1,2,2,1,2,75116,M,"48,8634950","2,2815750",75
202000033340,20,5,29,11:00,1,2,3,1,3,75107,M,"48,8574954","2,2910163",75
202000033341,20,9,29,16:40,1,2,1,2,3,94074,M,"48,7479480","2,4593130",94
202000033342,20,6,1,10:00,1,2,2,1,2,75114,M,"48,8300600","2,3288180",75
202000033343,20,9,29,18:10,2,2,1,8,6,94046,M,"48,8020000","2,4321000",94
202000033344,20,9,29,20:00,5,2,1,2,4,94016,M,"48,7962000","2,3430000",94
202000033345,20,6,1,20:15,2,2,4,1,3,75111,M,"48,8533474","2,3827508",75