Num_Acc,an,mois,jour,hrmn,lum,agg,int,atm,col,com,gps,lat,long,dep
202000033346,20,9,29,09:10,1,2,1,8,6,94041,M,"48,8114000","2,3841000",94
202000033347,20,8,2,00:20,3,1,1,1,5,69086,M,"45,8475160","4,6728370",69
202000033348,20,6,1,13:50,1,2,4,1,3,75111,M,"48,8540410","2,3689260",75
202000033349,20,9,29,19:30,5,2,1,1,2,94021,M,"48,7698370","2,3678670",94
202000033350,20,7,31,18:30,5,1,1,1,1,98745,P," -16,6308330"," -151,5040280",987
202000033351,20,6,1,01:00,5,2,3,1,6,75103,M,"48,8653960","2,3604230",75
202000033352,20,9,29,12:35,1,2,1,2,6,94033,M,"48,8561500","2,4820900",94
202000033353,20,8,1,17:00,1,1,1,1,2,74042,M,"46,0703130","6,4321520",74
202000033354,20,9,29,06:40,5,2,1,2,6,94033,M,"48,8569560","2,4919130",94
202000033355,20,9,29,17:30,1,2,9,2,3,94069,M,"48,8233240","2,4212080",94
202000033356,20,8,2,08:24,1,1,1,1,5,13087,M,"43,4697400","5,6546650",13
202000033357,20,9,29,08:20,1,2,1,2,3,94017,M,"48,8107700","2,5409100",94
202000033358,20,9,29,14:30,1,1,3,2,5,94075,M,"48,7345840","2,5199300",94
202000033359,20,6,1,18:35,1,2,1,1,3,75104,M,"48,8609630","2,3496270",75
202000033360,20,6,1,16:00,1,2,3,1,6,93050,M,"48,8660800","2,5343000",93
202000033361,20,8,1,01:40,5,2,3,1,3,98733,P," -17,7104670"," -149,5835350",987
202000033362,20,6,1,18:04,1,2,1,1,4,93046,M,"48,9279952","2,5517529",93
202000033363,20,8,1,02:45,3,1,1,1,6,97119,A,"16,3691650"," -61,4348600",971
202000033364,20,6,1,14:00,1,1,1,1,2,93074,M,"48,9346986","2,5781553",93
202000033365,20,7,31,19:15,1,2,1,1,-1,06091,M,"43,8033100","7,4004020",06
202000033366,20,9,29,20:45,5,2,1,1,2,93078,M,"48,9850000","2,5238000",93
202000033367,20,5,30,22:40,5,2,9,1,3,93071,M,"48,9431600","2,5381100",93
202000033368,20,8,2,18:05,1,1,1,1,5,73211,M,"45,7138020","6,4429070",73
202000033369,20,8,2,12:25,1,2,9,1,3,69278,M,"45,8973855","4,8192122",69
202000033370,20,8,1,12:45,1,2,1,1,2,33394,M,"44,8973131"," -0,1586055",33
202000033371,20,8,1,18:00,1,1,1,1,1,27546,M,"49,0921360","1,1371600",27
202000033372,20,8,1,17:00,1,2,9,1,3,27448,M,"49,0129280","1,3893790",27
202000033373,20,9,29,15:00,1,2,1,2,3,93064,M,"48,8845966","2,4838635",93
202000033374,20,8,1,15:05,1,1,1,1,7,13005,M,"43,2839000","5,5926000",13
202000033375,20,9,29,21:45,5,2,4,2,3,93051,M,"48,8388100","2,5488300",93
202000033376,20,9,29,16:30,1,2,9,2,6,93051,M,"48,8487000","2,5513400",93
202000033377,20,7,31,19:10,1,1,1,1,2,13001,M,"43,5261900","5,4268900",13
202000033378,20,7,31,21:10,1,1,1,1,3,13215,M,"43,3744553","5,3607640",13
202000033379,20,8,1,15:29,1,1,1,1,3,91689,M,"48,7453580","2,3236160",91
202000033380,20,7,31,16:08,1,1,1,8,7,94003,M,"48,8082385","2,3401176",94
202000033381,20,8,1,14:15,1,1,1,1,4,93010,M,"48,8980800","2,4696600",93
202000033382,20,8,1,14:15,1,1,1,1,7,95306,M,"48,9960700","2,1840200",95
202000033383,20,6,1,20:17,2,2,1,1,2,92050,M,"48,8969994","2,2236224",92
202000033384,20,9,29,12:15,1,2,4,2,3,93051,M,"48,8494600","2,5667000",93
202000033385,20,9,29,07:20,5,2,2,2,6,93050,M,"48,8650070","2,5202460",93
202000033386,20,6,1,20:20,1,2,1,1,3,92048,M,"48,7881000","2,2348000",92
202000033387,20,9,29,16:00,1,1,1,2,-1,93027,M,"48,9381200","2,3885200",93
202000033388,20,9,29,18:10,1,2,1,2,2,93007,M,"48,9419342","2,4322882",93
202000033389,20,9,29,17:30,1,1,1,1,2,93005,M,"48,9548500","2,5103500",93
202000033390,20,6,1,14:50,1,2,2,1,3,92044,M,"48,8953700","2,2789700",92
202000033391,20,9,29,02:52,3,2,1,1,6,92072,M,"48,8295564","2,2240241",92
202000033392,20,9,29,10:20,1,2,9,2,7,92064,M,"48,8413100","2,2229600",92
202000033393,20,9,26,23:57,5,2,2,2,3,92050,M,"48,8825056","2,2044398",92
202000033394,20,6,1,09:30,1,2,3,1,6,92071,M,"48,7779626","2,3033395",92
202000033395,20,8,1,05:45,5,1,1,1,2,93073,M,"48,9676000","2,5631900",93
202000033396,20,9,29,18:10,1,2,1,1,6,92020,M,"48,8071808","2,2806431",92
202000033397,20,9,29,15:30,1,2,1,8,7,92049,M,"48,8159204","2,3067822",92
202000033398,20,9,29,09:14,1,2,1,2,2,92044,M,"48,8995310","2,2781980",92
202000033399,20,9,27,18:55,1,2,2,8,1,92025,M,"48,9308900","2,2444000",92
202000033400,20,9,29,13:30,1,2,1,2,7,92024,M,"48,9048100","2,3043100",92
202000033401,20,9,30,15:20,1,2,1,1,2,86174,M,"46,7601190","0,4909930",86
202000033402,20,9,19,14:30,1,1,1,1,7,57365,M,"49,3996640","6,4222010",57
202000033403,20,9,29,22:57,5,1,1,1,1,21642,M,"47,4903440","4,1358480",21
202000033404,20,9,30,16:55,1,2,1,1,3,67283,M,"48,6911600","7,3804650",67
202000033405,20,9,29,16:45,1,2,9,1,2,26333,M,"45,1736270","4,8139000",26
202000033406,20,6,2,10:16,1,1,1,1,2,02776,M,"50,0010250","3,1794650",02
202000033407,20,8,1,16:45,1,1,1,1,-1,77249,M,"48,7324300","2,6099200",77
202000033408,20,6,1,14:15,1,1,1,1,1,97210,A,"14,5801780"," -60,9282020",972
202000033409,20,9,23,10:10,1,2,3,1,3,68315,M,"47,8922140","7,2260080",68
202000033410,20,9,29,19:45,3,1,1,2,6,60279,M,"49,2348366","2,9417459",60
202000033411,20,8,1,00:33,3,1,1,1,2,93051,M,"48,8340929","2,5827350",93
202000033412,20,9,29,23:10,3,2,1,1,6,85215,M,"46,8547900"," -1,1754380",85
202000033413,20,6,1,15:45,1,1,1,3,7,87122,M,"46,0595640","1,3610600",87
202000033414,20,7,31,08:15,1,1,1,1,2,94073,M,"48,7688460","2,3791999",94
202000033415,20,9,11,18:32,1,1,1,1,-1,34123,M,"43,6070900","3,8192080",34
202000033416,20,5,20,15:00,1,2,3,1,6,64445,M,"43,3117800"," -0,3458900",64
202000033417,20,9,30,08:25,1,2,1,8,1,91617,M,"48,6353190","2,5292370",91
202000033418,20,9,30,15:10,1,1,1,1,3,51662,M,"49,2933073","4,1292878",51
202000033419,20,6,2,13:50,1,2,1,1,7,51507,M,"49,0923296","4,8971376",51
202000033420,20,9,29,07:45,1,2,3,1,3,82186,M,"44,1148780","0,8942160",82
202000033421,20,7,31,08:20,1,2,1,1,3,97416,R," -21,3445500","55,4841400",974
202000033422,20,9,30,15:40,1,1,1,1,3,63211,M,"45,4636000","3,7254000",63
202000033423,20,5,31,10:25,1,1,1,1,7,51555,M,"48,7418706","4,3089799",51
202000033424,20,7,31,13:05,1,2,1,1,6,97411,R," -20,8773431","55,4480892",974
202000033425,20,9,29,07:45,1,1,1,8,1,61457,M,"48,7803730","0,5534360",61
202000033426,20,6,2,09:00,1,2,3,1,3,74208,M,"45,9196730","6,7141750",74
202000033427,20,7,31,11:55,1,2,3,1,5,97411,R," -20,8887800","55,4488370",974
202000033428,20,9,29,23:45,3,1,1,2,7,41095,M,"47,9082920","1,1893480",41
202000033429,20,6,1,16:15,1,2,1,1,-1,76132,M,"49,6792780","0,9401040",76
202000033430,20,7,31,07:30,1,2,1,1,6,97411,R," -20,8884000","55,4584000",974
202000033431,20,9,29,16:45,1,1,3,1,1,68258,M,"47,8269290","7,2867340",68
202000033432,20,6,2,18:00,1,1,9,1,2,2B207,M,"42,4574670","9,5012370",2B
202000033433,20,7,31,17:25,1,2,2,1,3,69387,M,"45,7487200","4,8579000",69
202000033434,20,9,27,03:49,5,1,1,1,6,84057,M,"43,9283410","5,2524840",84
202000033435,20,7,30,20:45,1,2,1,1,2,69388,M,"45,7426200","4,8574700",69
202000033436,20,7,31,07:15,1,1,1,2,6,97213,A,"14,5940600"," -60,9841000",972
202000033437,20,9,29,16:30,1,2,3,1,3,03264,M,"46,0656447","3,4554335",03
202000033438,20,6,1,11:15,1,1,2,7,5,82134,M,"44,0787760","1,5801220",82
202000033439,20,9,29,08:50,1,1,1,1,6,03031,M,"46,4093223","2,7458442",03
202000033440,20,7,31,22:30,5,2,3,1,6,95680,M,"49,0034000","2,4143300",95
202000033441,20,5,31,12:50,1,1,1,1,6,63138,M,"45,8874950","3,5028630",63
202000033442,20,6,1,18:00,1,1,1,1,7,63363,M,"45,8824329","2,7609962",63
202000033443,20,6,2,15:01,1,1,3,1,6,61133,M,"48,6207850","0,3356180",61
202000033444,20,6,2,16:20,1,1,1,1,7,55348,M,"48,5352150","5,2307590",55
202000033445,20,9,30,12:10,1,2,1,2,1,54337,M,"49,3566700","5,8712240",54
202000033446,20,6,1,15:00,1,1,1,1,7,41177,M,"48,0671970","0,8735850",41
202000033447,20,9,30,12:10,1,2,9,1,1,72057,M,"48,0714410","0,7348560",72
202000033448,20,5,31,14:15,1,1,1,1,7,39436,M,"46,8896220","5,8935210",39
202000033449,20,9,30,17:10,1,2,2,3,3,50419,M,"48,9703160"," -1,4680270",50
202000033450,20,7,30,19:30,1,2,1,1,6,91021,M,"48,5874400","2,2514500",91
202000033451,20,6,2,12:33,1,2,3,7,3,25463,M,"47,3946090","6,7702820",25
202000033452,20,7,30,08:10,1,2,3,1,2,91347,M,"48,6347400","2,2889300",91
202000033453,20,6,1,18:15,1,1,1,1,7,25551,M,"47,3206430","6,8573140",25
202000033454,20,6,1,11:10,1,1,1,1,3,35163,M,"48,3021340"," -1,1576360",35
202000033455,20,6,1,15:25,1,2,1,1,6,35211,M,"48,0218980"," -2,1718110",35
202000033456,20,9,30,17:35,1,2,1,1,-1,60686,M,"49,2090050","2,3948160",60
202000033457,20,7,28,04:45,3,1,1,1,5,89387,M,"48,1816704","3,3025330",89
202000033458,20,6,1,21:10,2,1,1,7,1,35023,M,"48,1841550"," -1,9394680",35
202000033459,20,7,30,19:30,2,2,1,1,6,86194,M,"46,5727780","0,3586080",86
202000033460,20,6,1,16:00,1,1,3,1,3,38453,M,"45,0852480","5,3076570",38
202000033461,20,7,31,10:05,1,2,3,1,6,84087,M,"44,1362000","4,8025000",84
202000033462,20,6,2,13:20,1,1,2,1,3,02651,M,"49,6588220","3,4163190",02
202000033463,20,7,30,09:15,1,1,9,1,1,83069,M,"43,0861000","6,1560000",83
202000033464,20,9,29,13:45,1,1,1,1,5,85288,M,"46,4774000"," -1,6726000",85
202000033465,20,6,1,10:00,1,2,1,1,7,02237,M,"49,6938620","3,6340120",02
202000033466,20,5,20,16:00,1,2,9,1,2,58051,M,"46,9702310","3,1568800",58
202000033467,20,9,29,15:30,1,2,1,1,1,85140,M,"46,7465800"," -0,8246200",85
202000033468,20,5,27,11:45,1,1,1,1,6,72138,M,"48,2917960","0,0804930",72
202000033469,20,9,29,22:10,3,2,1,1,6,17465,M,"45,9712190"," -0,5631890",17
202000033470,20,9,30,08:15,1,2,3,2,3,08363,M,"49,9350880","4,6510200",08
202000033471,20,6,1,18:20,1,1,1,1,6,50145,M,"49,0678080"," -1,3840370",50
202000033472,20,7,31,00:05,5,2,6,1,6,78624,M,"48,9688210","2,0119980",78
202000033473,20,7,31,01:10,4,2,1,1,7,76366,M,"49,5037300","1,0426100",76
202000033474,20,7,30,23:49,5,2,3,1,3,76351,M,"49,4984783","0,1179798",76
202000033475,20,7,30,08:50,1,1,1,1,2,74118,M,"46,1681000","6,2014000",74
202000033476,20,7,30,21:40,2,2,1,1,6,72181,M,"47,9569500","0,1983200",72
202000033477,20,5,31,20:50,1,2,2,1,6,18206,M,"47,1557800","2,3524100",18
202000033478,20,7,30,10:55,1,2,1,1,6,71306,M,"46,6668838","4,3715351",71
202000033479,20,6,2,15:40,1,2,1,1,6,16287,M,"45,5804490","0,0482170",16
202000033480,20,7,29,07:35,1,2,1,1,3,69256,M,"45,7653000","4,9236000",69
202000033481,20,5,29,16:00,1,1,1,1,7,21652,M,"47,2154073","4,6282110",21
202000033482,20,7,21,10:10,1,2,3,1,3,69092,M,"45,9800000","4,6900000",69
202000033483,20,7,8,11:20,1,2,1,1,6,68066,M,"48,0837700","7,3473500",68
202000033484,20,5,31,12:07,1,1,2,1,3,23180,M,"45,9780380","2,1868200",23
202000033485,20,7,31,11:15,1,2,1,1,5,64483,M,"43,3700910"," -1,6375980",64
202000033486,20,7,31,02:35,5,2,1,1,7,64122,M,"43,4923200"," -1,5496500",64
202000033487,20,9,29,19:35,3,1,1,1,5,13051,M,"43,5764760","5,1509380",13
202000033488,20,6,2,09:25,1,1,1,1,4,73241,M,"45,6118110","6,2948818",73
202000033489,20,5,27,17:10,1,2,3,1,1,42169,M,"45,4402810","4,1559650",42
202000033490,20,5,31,10:45,1,2,9,1,7,38486,M,"45,1601740","5,6948930",38
202000033491,20,6,1,18:25,1,1,4,1,7,51454,M,"49,2427840","4,0313710",51
202000033492,20,6,1,13:45,1,1,1,1,6,51437,M,"49,2228784","3,8175322",51
202000033493,20,9,1,16:00,1,1,9,3,7,67348,M,"48,4713490","7,5118590",67
202000033494,20,6,1,22:40,3,1,1,1,6,74018,M,"46,0947150","6,3546420",74
202000033495,20,5,31,22:53,3,1,1,1,2,69077,M,"46,1473730","4,7696860",69
202000033496,20,6,1,01:30,5,1,1,1,6,97125,A,"16,2599780"," -61,2923060",971
202000033497,20,6,1,19:45,3,2,1,1,1,97117,A,"16,3357390"," -61,3611210",971
202000033498,20,6,1,10:50,1,1,1,1,7,77244,M,"48,2886900","2,5787830",77
202000033499,20,9,30,12:20,1,1,1,1,6,97311,G,"5,4573490"," -53,9950470",973
202000033500,20,9,30,10:15,1,1,2,1,3,13021,M,"43,3394260","5,1637300",13
202000033501,20,9,30,16:45,1,1,1,1,7,77001,M,"48,3675120","2,5637200",77
202000033502,20,9,30,17:15,1,1,1,1,1,66227,M,"42,6471700","2,8936530",66
202000033503,20,9,29,19:50,3,1,1,1,6,67300,M,"48,5604630","7,5141550",67
202000033504,20,9,27,03:00,3,2,2,2,3,57443,M,"49,2171840","6,1187730",57
202000033505,20,9,30,17:20,1,1,1,1,1,74243,M,"46,1306110","6,0790420",74
202000033506,20,8,6,12:40,1,1,1,7,2,33324,M,"44,8362900","0,2362400",33
202000033507,20,9,26,10:45,1,1,1,1,3,72151,M,"47,8508190"," -0,3266930",72
202000033508,20,6,1,18:08,1,2,1,1,6,78389,M,"48,8031040","1,8156300",78
202000033509,20,9,29,07:20,3,1,3,5,-1,44089,M,"47,3275190"," -1,8821600",44
202000033510,20,6,1,19:00,1,1,1,1,6,78162,M,"48,6820780","1,9996190",78
202000033511,20,6,1,21:30,5,1,1,1,1,83068,M,"43,2708230","6,5732200",83
202000033512,20,6,2,09:25,1,1,1,1,6,52449,M,"47,8395398","5,3339670",52
202000033513,20,6,1,01:15,3,1,1,1,6,52392,M,"47,9073818","5,4988881",52
202000033514,20,9,29,17:20,1,1,1,1,7,22067,M,"48,5458090"," -3,1733670",22
202000033515,20,5,30,20:00,1,2,1,1,6,68368,M,"48,0489110","7,2020640",68
202000033516,20,5,30,23:30,3,2,3,1,1,42005,M,"45,5384590","4,2546220",42
202000033517,20,6,1,16:35,1,1,1,2,6,42328,M,"45,5694790","4,0180460",42
202000033518,20,9,30,07:37,3,1,1,3,2,35273,M,"48,3851930"," -1,2726010",35
202000033519,20,6,1,11:00,1,1,1,1,-1,38003,M,"45,3240880","4,8585900",38
202000033520,20,5,31,11:50,1,2,1,1,3,44201,M,"47,3664430"," -1,5229150",44
202000033521,20,6,2,14:05,1,1,1,1,6,38535,M,"45,7784040","5,2626660",38
202000033522,20,6,1,15:00,1,1,1,8,1,69184,M,"45,6038710","4,5610050",69
202000033523,20,5,31,01:30,5,2,1,1,6,81105,M,"43,7615100","1,9834050",81
202000033524,20,6,2,09:50,1,2,1,1,7,81076,M,"43,5683270","1,8884680",81
202000033525,20,5,31,09:15,1,2,9,7,3,31433,M,"43,5184200","1,3957250",31
202000033526,20,6,2,16:48,1,1,1,1,7,62196,M,"50,4753475","1,6997097",62
202000033527,20,9,30,12:25,1,2,1,1,4,60346,M,"49,1463570","2,4412670",60
202000033528,20,6,1,10:30,1,1,1,1,2,13005,M,"43,2898680","5,5531880",13
202000033529,20,6,1,20:05,1,1,1,1,5,33281,M,"44,8526900"," -0,6658700",33
202000033530,20,6,1,15:15,1,1,1,1,6,33080,M,"44,7588200"," -0,5461400",33
202000033531,20,6,1,18:10,1,1,1,1,3,91687,M,"48,6631600","2,3670100",91
202000033532,20,5,31,21:30,2,1,1,1,6,78043,M,"48,8471400","2,0791720",78
202000033533,20,9,29,11:40,1,2,1,3,7,59015,M,"50,2822600","3,1046680",59
202000033534,20,6,1,17:50,1,1,1,1,2,94017,M,"48,8290900","2,4802900",94
202000033535,20,9,29,16:10,1,2,1,1,6,59322,M,"50,2334300","3,3215780",59
202000033536,20,1,12,19:45,3,1,4,9,6,73248,M,"45,2540855","6,3233088",73
202000033537,20,9,30,01:30,5,2,1,1,6,59400,M,"50,6453040","2,6385100",59
202000033538,20,5,30,21:45,3,1,9,1,6,97416,R," -21,2880000","55,4541700",974
202000033539,20,9,29,18:05,1,1,1,1,4,13043,M,"43,3870190","5,2417280",13
202000033540,20,9,29,13:25,1,1,1,1,4,13071,M,"43,4053000","5,2952000",13
202000033541,20,5,30,17:20,1,1,3,1,5,97411,R," -20,8769204","55,4422367",974
202000033542,20,9,29,18:05,1,1,1,1,3,13215,M,"43,3754760","5,3601990",13
202000033543,20,9,29,07:50,1,1,1,1,3,13117,M,"43,4179000","5,2732500",13
202000033544,20,12,11,08:15,2,2,1,2,6,91201,M,"48,6784270","2,3901690",91
202000033545,20,5,30,01:30,3,1,1,1,5,97411,R," -20,8967000","55,3750000",974
202000033546,20,9,27,21:53,3,1,1,1,7,13071,M,"43,4159700","5,2767000",13
202000033547,20,12,11,13:42,1,1,1,1,2,91027,M,"48,7176800","2,3707900",91
202000033548,20,9,28,16:16,1,1,1,1,3,13211,M,"43,2899600","5,4475500",13
202000033549,20,12,10,18:30,5,2,9,1,5,83137,M,"43,1251800","5,9310300",83
202000033550,20,9,28,08:30,1,1,1,1,7,13211,M,"43,2886300","5,4432000",13
202000033551,20,12,11,07:59,1,2,1,1,3,83069,M,"43,1146740","6,1354490",83
202000033552,20,5,30,15:15,1,2,5,1,-1,69034,M,"45,7794700","4,8412800",69
202000033553,20,12,11,09:15,1,2,1,1,6,81065,M,"43,6086215","2,2391442",81
202000033554,20,9,28,16:13,1,1,1,1,3,83144,M,"43,1404831","6,0001445",83
202000033555,20,12,9,14:50,1,2,1,2,7,80021,M,"49,8802400","2,3217300",80
202000033556,20,5,30,19:50,1,2,1,1,3,69385,M,"45,7636700","4,7993300",69
202000033557,20,9,26,21:00,5,1,1,2,6,59646,M,"50,6852030","3,1349960",59
202000033558,20,9,29,17:50,1,1,1,1,7,91345,M,"48,6886000","2,3245000",91
202000033559,20,12,11,16:30,1,2,1,1,-1,79191,M,"46,3257100"," -0,4547600",79
202000033560,20,5,31,07:55,1,1,9,2,3,97101,A,"16,2719500"," -61,5154900",971
202000033561,20,11,11,22:25,3,2,2,1,6,78646,M,"48,8049440","2,1311110",78
202000033562,20,6,1,00:20,5,2,1,1,3,91161,M,"48,6910890","2,3125710",91
202000033563,20,9,29,14:00,1,1,1,2,4,91377,M,"48,7145300","2,2890600",91
202000033564,20,9,29,11:25,1,1,1,9,7,77251,M,"48,6261686","2,5393743",77
202000033565,20,12,11,13:00,1,2,3,1,1,77243,M,"48,8748100","2,6936300",77
202000033566,20,9,29,10:40,1,1,1,1,7,91363,M,"48,6344000","2,2193000",91
202000033567,20,9,29,08:00,1,1,1,1,6,91086,M,"48,6250600","2,3617600",91
202000033568,20,5,31,22:45,5,2,9,1,3,91027,M,"48,7005100","2,3641700",91
202000033569,20,12,10,18:25,3,2,1,1,4,76498,M,"49,4303500","1,0544800",76
202000033570,20,9,29,09:10,1,1,1,2,6,94076,M,"48,7942000","2,3451000",94
202000033571,20,12,10,17:45,5,2,1,1,6,76322,M,"49,4173098","1,0378622",76
202000033572,20,5,31,14:55,1,2,1,1,5,83069,M,"43,0951300","6,1366300",83
202000033573,20,9,29,09:40,1,1,1,2,5,78640,M,"48,7788900","2,2015630",78
202000033574,20,12,11,07:25,5,2,2,2,3,76351,M,"49,5241500","0,1228670",76
202000033575,20,5,31,11:20,1,2,6,1,3,73029,M,"45,5642000","5,9439660",73
202000033576,20,9,29,21:35,3,1,1,1,2,93010,M,"48,8978300","2,4698400",93
202000033577,20,12,7,15:00,1,2,5,1,6,71076,M,"46,7960170","4,8542838",71
202000033578,20,9,29,16:15,1,1,1,2,7,95582,M,"48,9642800","2,2688900",95
202000033579,20,12,11,07:45,2,1,1,1,4,69013,M,"46,0189000","4,7209700",69
202000033580,20,5,31,15:40,1,2,1,1,3,71076,M,"46,7902379","4,8323053",71
202000033581,20,9,29,16:00,1,1,1,2,2,95582,M,"48,9642810","2,2688900",95
202000033582,20,12,10,21:25,5,2,3,1,3,67267,M,"48,5544500","7,6770800",67
202000033583,20,5,30,11:50,1,2,1,1,6,69264,M,"45,9849300","4,7320600",69
202000033584,20,9,29,15:40,1,1,1,2,6,92036,M,"48,9435747","2,2874026",92
202000033585,20,12,10,21:01,5,2,1,1,2,66136,M,"42,6885200","2,8950600",66
202000033586,20,9,28,21:30,3,1,1,1,5,93053,M,"48,8945000","2,4714000",93
202000033587,20,12,11,07:50,4,2,6,2,2,64483,M,"43,3887057"," -1,6540861",64
202000033588,20,5,31,12:55,1,2,1,1,2,64445,M,"43,3043700"," -0,3535800",64
202000033589,20,9,29,08:20,1,1,1,2,3,93027,M,"48,9286300","2,4145500",93
202000033590,20,12,9,09:25,1,2,1,1,3,64445,M,"43,3126580"," -0,3709880",64
202000033591,20,6,1,01:10,5,2,1,1,7,64024,M,"43,5041000"," -1,5005500",64
202000033592,20,5,31,22:10,5,2,1,1,6,61169,M,"48,7511440"," -0,5683810",61
202000033593,20,9,29,04:30,3,1,1,1,4,92036,M,"48,9382000","2,3134400",92
202000033594,20,5,31,16:45,1,2,2,1,3,59299,M,"50,6664000","3,1799000",59
202000033595,20,9,28,12:05,1,1,1,2,6,92036,M,"48,9367300","2,3180400",92
202000033596,20,12,10,10:10,1,2,2,3,4,64024,M,"43,4874000"," -1,5364000",64
202000033597,20,5,31,10:30,1,2,1,1,6,38544,M,"45,5421700","4,8507400",38
202000033598,20,12,10,14:21,1,2,1,2,7,63113,M,"45,7714100","3,1270800",63
202000033599,20,9,28,12:30,1,1,1,2,6,95394,M,"49,0507603","2,1816461",95
202000033600,20,5,30,20:00,1,1,3,1,7,33075,M,"44,8901800"," -0,6008400",33
202000033601,20,9,28,14:00,1,1,1,2,7,95277,M,"48,9738158","2,4884355",95
202000033602,20,12,11,16:02,1,2,2,2,3,59512,M,"50,6838400","3,1989700",59
202000033603,20,9,28,09:00,1,1,1,2,4,92036,M,"48,9376172","2,2955077",92
202000033604,20,5,31,20:00,1,2,2,1,2,29019,M,"48,3929302"," -4,4578005",29
202000033605,20,12,9,13:55,1,2,1,1,6,59234,M,"50,3987900","3,0601000",59
202000033606,20,12,10,16:55,2,2,6,1,6,56083,M,"47,7994480"," -3,2599600",56
202000033607,20,9,28,07:20,5,1,1,2,3,93078,M,"48,9666000","2,5146200",93
202000033608,20,5,30,11:25,1,2,1,1,3,26198,M,"44,5342300","4,7460500",26
202000033609,20,11,26,16:46,5,2,1,1,6,54528,M,"48,6740800","5,8854700",54
202000033610,20,9,29,15:55,1,1,1,2,7,94022,M,"48,7736300","2,4010700",94
202000033611,20,5,30,02:00,3,1,9,1,7,22113,M,"48,7172896"," -3,4083671",22
202000033612,20,9,29,09:40,1,1,1,2,3,77294,M,"48,9657870","2,6077670",77
202000033613,20,12,8,20:30,5,2,1,1,6,54395,M,"48,6877200","6,1833900",54
202000033614,20,5,31,15:30,1,2,1,7,3,18033,M,"47,0794600","2,3900000",18
202000033615,20,12,9,08:55,1,2,1,1,6,54357,M,"48,7035118","6,1393983",54
202000033616,20,12,11,15:30,1,2,1,1,7,51454,M,"49,2186703","4,0331360",51
202000033617,20,5,31,18:10,1,1,1,1,1,13071,M,"43,4109100","5,3262000",13
202000033618,20,6,29,08:25,1,2,1,1,3,84007,M,"43,9426000","4,7936400",84
202000033619,20,5,31,18:15,1,2,1,1,3,13208,M,"43,2509130","5,3882290",13
202000033620,20,12,11,12:36,1,2,1,8,4,51454,M,"49,2472596","4,0511746",51
202000033621,20,9,28,07:30,1,2,1,1,2,97411,R," -20,8908600","55,4569600",974
202000033622,20,12,11,07:00,5,2,1,1,1,50129,M,"49,6273800"," -1,6375400",50
202000033623,20,5,31,18:00,1,2,1,1,1,13201,M,"43,2973200","5,3774800",13
202000033624,20,9,27,18:10,5,2,3,1,6,97411,R," -20,8887100","55,4573900",974
202000033625,20,12,10,17:17,2,2,1,1,6,49007,M,"47,4641000"," -0,5473600",49
202000033626,20,12,11,11:20,1,2,1,1,6,47323,M,"44,4260000","0,7174000",47
202000033627,20,5,31,15:45,1,2,3,1,3,13212,M,"43,3157300","5,4226500",13
202000033628,20,9,27,20:45,5,2,2,1,3,97302,G,"4,9413144"," -52,3323547",973
202000033629,20,12,11,12:15,1,1,1,3,2,45338,M,"47,9854242","2,7011879",45
202000033630,20,9,28,16:40,1,2,2,3,6,69386,M,"45,7693700","4,8427600",69
202000033631,20,5,31,11:15,1,2,6,1,3,13204,M,"43,3136000","5,3971000",13
202000033632,20,12,10,18:10,5,2,9,1,3,44184,M,"47,2699620"," -2,2393120",44
202000033633,20,5,31,07:45,1,2,1,1,1,13204,M,"43,3157001","5,3987772",13
202000033634,20,9,28,09:30,1,2,1,3,6,69387,M,"45,7267000","4,8250000",69
202000033635,20,11,22,15:55,1,2,1,1,6,44109,M,"47,2465600"," -1,5322000",44
202000033636,20,5,30,12:45,1,2,6,1,1,13212,M,"43,3159800","5,4238400",13
202000033637,20,12,11,02:45,3,2,1,3,7,37122,M,"47,3417526","0,6485796",37
202000033638,20,9,28,09:55,1,2,2,2,3,69386,M,"45,7636800","4,8581100",69
202000033639,20,9,28,16:15,1,2,1,1,6,69389,M,"45,7625500","4,8041500",69
202000033640,20,5,31,01:23,5,2,2,1,3,10333,M,"48,2740140","4,0581780",10
202000033641,20,9,28,07:55,1,1,1,2,3,97113,A,"16,2296100"," -61,5240600",971
202000033642,20,12,11,12:50,1,2,1,2,1,37122,M,"47,3549861","0,6772769",37
202000033643,20,12,4,20:21,5,2,1,2,7,37122,M,"47,3455488","0,6485068",37
202000033644,20,5,30,08:55,1,1,3,1,3,07186,M,"44,7191800","4,6039800",07
202000033645,20,9,28,12:10,1,2,1,8,3,91216,M,"48,6691430","2,3353570",91
202000033646,20,12,11,12:45,1,2,2,1,6,35238,M,"48,1384600"," -1,6586600",35
202000033647,20,9,28,18:50,2,2,3,8,3,91286,M,"48,6573300","2,3858300",91
202000033648,20,5,30,12:00,1,2,1,1,6,06088,M,"43,6966400","7,2958090",06
202000033649,20,12,11,19:25,5,2,2,2,6,34172,M,"43,5933700","3,8734600",34
202000033650,20,9,28,10:30,1,2,6,2,6,91201,M,"48,6882800","2,3908200",91
202000033651,20,5,31,20:50,3,1,1,1,1,06012,M,"43,7574250","7,4299180",06
202000033652,20,12,11,18:19,5,2,1,3,1,34172,M,"43,6207100","3,8649700",34