Num_Acc,an,mois,jour,hrmn,lum,agg,int,atm,col,com,gps,lat,long,dep
202000033653,20,9,25,19:30,2,2,2,1,2,91339,M,"48,6353840","2,2664120",91
202000033654,20,9,26,20:35,5,2,1,1,7,87065,M,"45,8203300","1,3242000",87
202000033655,20,12,8,22:20,5,2,1,1,2,34032,M,"43,3454100","3,2106800",34
202000033656,20,5,30,17:00,1,2,1,1,4,75113,M,"48,8257910","2,3865890",75
202000033657,20,5,30,11:25,1,2,1,1,2,75113,M,"48,8167070","2,3651070",75
202000033658,20,9,24,20:00,5,2,2,2,3,87085,M,"45,8260500","1,2679100",87
202000033659,20,12,11,17:45,5,2,1,2,5,33550,M,"44,7804300"," -0,5352100",33
202000033660,20,9,25,12:43,1,2,1,1,6,87085,M,"45,8814300","1,2671400",87
202000033661,20,5,30,00:25,5,2,1,1,6,75117,M,"48,8982360","2,3148060",75
202000033662,20,12,11,07:28,5,2,2,2,1,30189,M,"43,8379300","4,3791400",30
202000033663,20,5,30,01:15,5,2,1,1,6,75119,M,"48,9003513","2,3751658",75
202000033664,20,9,26,12:20,1,2,1,1,2,86214,M,"46,5518422","0,3213876",86
202000033665,20,9,15,10:05,1,2,1,7,6,86066,M,"46,8170400","0,5365300",86
202000033666,20,5,29,23:30,5,2,2,1,3,75116,M,"48,8622939","2,2383302",75
202000033667,20,12,11,20:55,5,1,6,2,2,29019,M,"48,4151172"," -4,4798042",29
202000033668,20,9,28,15:45,1,2,6,1,3,85191,M,"46,6747200"," -1,4287300",85
202000033669,20,12,10,18:56,2,2,2,2,6,29019,M,"48,4132258"," -4,4866160",29
202000033670,20,9,28,18:30,2,2,1,1,6,83137,M,"43,1205900","5,9578800",83
202000033671,20,9,26,12:00,1,2,1,1,6,80021,M,"49,8876700","2,3059700",80
202000033672,20,12,10,17:55,5,2,1,2,6,27229,M,"49,0106100","1,1586600",27
202000033673,20,5,30,23:26,5,2,1,1,6,75105,M,"48,8443140","2,3492803",75
202000033674,20,9,25,17:28,1,2,1,1,5,80164,M,"49,8907900","2,3505200",80
202000033675,20,12,10,19:52,3,1,1,9,1,25056,M,"47,2820400","6,0613000",25
202000033676,20,5,31,18:15,1,2,2,1,3,75120,M,"48,8671020","2,3832880",75
202000033677,20,12,11,21:20,5,2,2,3,6,17300,M,"46,1519500"," -1,1240000",17
202000033678,20,9,28,21:10,5,2,1,1,2,78551,M,"48,9000230","2,0662080",78
202000033679,20,5,30,00:45,3,2,1,1,6,75120,M,"48,8482340","2,4009590",75
202000033680,20,12,11,15:05,1,2,1,2,6,14118,M,"49,1593000"," -0,3431000",14
202000033681,20,9,28,17:00,1,2,1,1,6,78440,M,"48,9884700","1,8952900",78
202000033682,20,9,28,05:45,3,1,1,3,6,77186,M,"48,3736360","2,6410450",77
202000033683,20,11,30,18:10,3,2,3,1,6,14437,M,"49,1818500"," -0,3289300",14
202000033684,20,5,31,18:15,1,2,7,1,3,75119,M,"48,8897004","2,3966664",75
202000033685,20,12,11,17:50,5,2,1,2,6,13202,M,"43,2975000","5,3803800",13
202000033686,20,5,31,19:40,1,2,2,1,3,75118,M,"48,8860680","2,3566150",75
202000033687,20,8,30,09:50,1,2,2,1,3,76540,M,"49,4282700","1,0813400",76
202000033688,20,12,11,21:20,5,2,9,2,3,13001,M,"43,5140100","5,4613800",13
202000033689,20,5,30,23:50,5,2,1,1,3,75117,M,"48,8817742","2,3181394",75
202000033690,20,12,11,13:50,1,2,3,1,3,12176,M,"44,3712100","2,5916000",12
202000033691,20,9,26,22:20,5,2,1,1,3,76540,M,"49,4420800","1,0983000",76
202000033692,20,5,31,01:50,5,2,1,1,4,75112,M,"48,8416170","2,3725620",75
202000033693,20,12,10,20:32,3,2,9,9,6,10081,M,"48,3225910","4,0269600",10
202000033694,20,5,31,21:40,2,2,2,1,3,75104,M,"48,8575120","2,3514420",75
202000033695,20,12,11,10:30,1,2,6,8,3,06027,M,"43,6668500","7,1417300",06
202000033696,20,9,27,01:20,5,2,2,1,3,76351,M,"49,4933000","0,1185000",76
202000033697,20,9,28,13:45,1,2,1,2,7,69256,M,"45,7707300","4,9324800",69
202000033698,20,9,27,17:40,1,1,3,8,3,67043,M,"48,6299600","7,7766400",67
202000033699,20,5,31,19:10,1,2,3,1,1,75104,M,"48,8552240","2,3611120",75
202000033700,20,12,10,19:42,5,2,2,1,6,75107,M,"48,8610510","2,3132300",75
202000033701,20,9,26,12:00,1,2,1,2,6,67482,M,"48,5954800","7,7089100",67
202000033702,20,12,11,11:45,1,2,2,2,6,75105,M,"48,8437940","2,3523010",75
202000033703,20,9,25,15:10,1,2,1,2,-1,67482,M,"48,5810300","7,7625100",67
202000033704,20,9,25,14:00,1,2,1,1,6,67482,M,"48,5843734","7,6928123",67
202000033705,20,12,11,08:50,1,2,7,2,2,75120,M,"48,8650940","2,3986560",75
202000033706,20,5,30,23:45,5,2,2,1,2,94073,M,"48,7584300","2,3928400",94
202000033707,20,5,31,16:50,1,2,9,1,3,94011,M,"48,7627000","2,4786000",94
202000033708,20,5,31,16:20,1,2,1,1,3,94028,M,"48,7806702","2,4715111",94
202000033709,20,12,11,05:45,5,2,3,3,3,75119,M,"48,8754890","2,3920720",75
202000033710,20,9,26,12:50,1,2,1,1,3,66136,M,"42,6931200","2,9153300",66
202000033711,20,9,25,16:04,1,2,1,1,6,66136,M,"42,6888900","2,9069100",66
202000033712,20,8,24,15:10,1,2,1,1,2,65440,M,"43,2305790","0,0551160",65
202000033713,20,9,25,22:00,5,1,1,1,6,63300,M,"45,8961500","3,1403400",63
202000033714,20,9,4,23:20,5,1,2,1,3,59009,M,"50,6435500","3,1445300",59
202000033715,20,9,27,14:55,1,2,1,8,6,59178,M,"50,3746500","3,0660200",59
202000033716,20,9,25,20:15,5,2,1,2,3,59178,M,"50,3653200","3,0636200",59
202000033717,20,9,27,09:30,1,2,5,3,3,54578,M,"48,6700000","6,1584000",54
202000033718,20,9,26,03:20,3,1,1,2,6,54254,M,"49,5142000","5,8126000",54
202000033719,20,9,28,15:55,1,2,1,2,2,51454,M,"49,2347569","4,0410190",51
202000033720,20,9,27,15:10,1,1,1,1,6,50129,M,"49,6242800"," -1,6381600",50
202000033721,20,9,18,22:56,5,2,1,2,7,49015,M,"47,5086800"," -0,5915300",49
202000033722,20,9,25,07:42,2,2,6,1,2,49015,M,"47,5006000"," -0,5905600",49
202000033723,20,9,25,13:54,1,2,2,1,7,49007,M,"47,4786100"," -0,5562000",49
202000033724,20,9,25,18:17,1,2,1,1,2,49323,M,"47,4917000"," -0,4969200",49
202000033725,20,9,28,06:30,5,2,8,2,3,45234,M,"47,8415310","1,9373280",45
202000033726,20,9,28,09:15,1,2,3,1,6,35238,M,"48,1021889"," -1,6679444",35
202000033727,20,12,11,14:30,1,2,3,3,3,75117,M,"48,8812130","2,3121750",75
202000033728,20,5,31,14:30,1,2,1,1,2,93078,M,"48,9476240","2,5631358",93
202000033729,20,12,11,08:50,1,2,1,8,6,75116,M,"48,8748600","2,2916840",75
202000033730,20,5,30,20:25,2,2,1,1,6,93077,M,"48,8800900","2,5056300",93
202000033731,20,5,31,02:30,5,2,1,1,2,93033,M,"48,8586274","2,5825717",93
202000033732,20,5,31,19:10,1,2,2,1,3,93006,M,"48,8696000","2,4161000",93
202000033733,20,12,11,15:48,1,2,2,3,3,75115,M,"48,8509100","2,2926070",75
202000033734,20,5,31,12:45,1,2,9,1,3,93032,M,"48,8800510","2,5504050",93
202000033735,20,5,30,19:40,1,2,1,1,4,93014,M,"48,9056990","2,5403170",93
202000033736,20,12,11,18:50,5,2,2,2,6,75114,M,"48,8261290","2,3289180",75
202000033737,20,5,31,11:50,1,2,1,1,2,92040,M,"48,8227244","2,2532728",92
202000033738,20,12,10,20:55,3,2,4,1,2,75114,M,"48,8218800","2,3168000",75
202000033739,20,5,31,11:30,1,2,1,1,7,92071,M,"48,7758097","2,3094624",92
202000033740,20,6,1,03:40,3,1,3,1,6,29131,M,"48,4400810"," -4,0849880",29
202000033741,20,12,11,09:30,1,2,3,1,6,75113,M,"48,8240180","2,3770060",75
202000033742,20,12,10,20:15,5,2,1,1,2,75107,M,"48,8521330","2,3136350",75
202000033743,20,6,1,16:10,1,1,2,1,3,50565,M,"48,7720400"," -1,4841610",50
202000033744,20,12,11,15:20,1,2,2,2,3,75111,M,"48,8646120","2,3780280",75
202000033745,20,6,1,17:20,1,1,1,1,-1,49192,M,"47,0215200"," -0,7336380",49
202000033746,20,12,11,09:00,1,2,3,2,7,75110,M,"48,8729120","2,3637360",75
202000033747,20,5,31,17:40,1,1,1,1,6,97221,A,"14,5434850"," -60,9759500",972
202000033748,20,5,30,14:35,1,1,1,1,1,97225,A,"14,7744260"," -61,2018510",972
202000033749,20,12,11,14:10,1,2,2,2,6,75109,M,"48,8771840","2,3489890",75
202000033750,20,12,11,18:00,5,2,2,1,3,75108,M,"48,8700640","2,3010200",75
202000033751,20,5,31,12:10,1,1,1,1,1,42242,M,"45,5534580","4,6279170",42
202000033752,20,5,30,14:00,1,1,1,1,7,44086,M,"47,6801830"," -1,5759370",44
202000033753,20,12,11,15:27,1,2,2,2,2,75117,M,"48,8808920","2,3124780",75
202000033754,20,12,11,18:50,5,2,3,2,3,75107,M,"48,8574670","2,2910470",75
202000033755,20,12,10,12:45,1,2,2,1,3,75104,M,"48,8539510","2,3647260",75
202000033756,20,12,11,20:00,5,2,3,8,3,94080,M,"48,8452386","2,4321633",94
202000033757,20,12,11,13:55,1,2,1,2,1,94073,M,"48,7636700","2,3828300",94
202000033758,20,12,11,16:00,1,2,1,3,6,94028,M,"48,7975200","2,4670100",94
202000033759,20,12,11,07:00,5,2,1,2,6,94022,M,"48,7615688","2,4072719",94
202000033760,20,12,11,18:45,5,2,1,2,-1,94018,M,"48,8294130","2,4025220",94
202000033761,20,12,11,14:40,1,2,4,2,1,94017,M,"48,8188067","2,5225616",94
202000033762,20,12,11,07:00,5,1,1,3,1,93073,M,"49,0022149","2,5369655",93
202000033763,20,12,11,08:05,2,2,1,2,6,93059,M,"48,9628228","2,3696905",93
202000033764,20,12,11,19:09,4,2,1,2,4,93066,M,"48,9259559","2,3368392",93
202000033765,20,12,11,16:50,5,2,1,2,6,93064,M,"48,8676106","2,4847485",93
202000033766,20,12,10,12:55,1,2,2,1,3,93032,M,"48,8739000","2,5652100",93
202000033767,20,12,11,20:00,5,2,1,2,2,93029,M,"48,9168500","2,4291300",93
202000033768,20,12,11,18:27,5,2,1,2,3,93005,M,"48,9397550","2,4897890",93
202000033769,20,12,11,15:40,1,2,2,3,6,93001,M,"48,9200900","2,3941200",93
202000033770,20,12,11,08:10,2,2,2,2,6,93001,M,"48,9018600","2,3855300",93
202000033771,20,12,11,17:30,5,2,1,2,3,92046,M,"48,8118100","2,2950400",92
202000033772,20,12,10,23:37,5,2,1,2,2,92046,M,"48,8116756","2,2958340",92
202000033773,20,12,11,15:50,1,2,1,2,6,92064,M,"48,8428400","2,2209700",92
202000033774,20,12,11,10:40,1,2,1,1,3,92020,M,"48,8060547","2,2864481",92
202000033775,20,12,11,08:15,1,2,1,2,3,92020,M,"48,8028020","2,2789080",92
202000033776,20,12,11,17:45,5,2,7,2,6,92048,M,"48,8148700","2,2342900",92
202000033777,20,12,11,17:28,5,2,3,3,6,92040,M,"48,8275680","2,2762050",92
202000033778,20,12,11,18:00,5,2,2,2,6,92014,M,"48,7823997","2,3165622",92
202000033779,20,12,11,17:50,5,2,3,2,3,62794,M,"50,7120110","2,1558650",62
202000033780,20,12,7,16:20,1,1,1,1,6,41142,M,"47,5576950","1,2072990",41
202000033781,20,12,11,17:46,4,1,6,2,3,44043,M,"47,0969740"," -1,2720480",44
202000033782,20,12,10,07:50,3,1,1,2,2,28278,M,"48,4612920","1,5778460",28
202000033783,20,12,11,16:45,2,1,1,2,6,42337,M,"46,1791840","3,9471280",42
202000033784,20,12,12,13:00,1,1,1,2,1,60231,M,"49,2650040","2,9154860",60
202000033785,20,12,12,17:15,2,1,1,1,6,50214,M,"48,9069170"," -1,1050490",50
202000033786,20,12,8,14:30,1,1,1,2,7,34095,M,"43,5156770","3,7276270",34
202000033787,20,12,11,23:00,3,1,1,2,7,57162,M,"49,0434100","6,1454340",57
202000033788,20,12,12,05:52,3,1,1,2,7,51532,M,"49,1387217","3,9941755",51
202000033789,20,12,11,12:15,1,1,1,2,1,49069,M,"47,3115910"," -1,2009810",49
202000033790,20,12,11,11:30,1,2,6,1,6,42323,M,"45,5518300","4,2810850",42
202000033791,20,12,11,12:10,1,1,1,3,6,39128,M,"46,9741030","5,3895660",39
202000033792,20,12,11,16:30,1,1,3,2,2,29020,M,"48,1215320"," -4,0240970",29
202000033793,20,12,11,18:45,3,1,1,2,6,29177,M,"48,4466820"," -4,7232630",29
202000033794,20,12,12,01:00,3,1,1,3,6,31260,M,"43,1597540","0,9011580",31
202000033795,20,12,12,13:00,1,1,1,2,1,38324,M,"45,4002880","5,0227800",38
202000033796,20,12,12,15:00,1,2,1,8,7,02463,M,"49,8040470","3,7704780",02
202000033797,20,12,11,19:00,3,1,1,2,6,03169,M,"46,3824236","3,2129075",03
202000033798,20,12,12,13:45,1,1,1,2,6,54292,M,"48,5203060","6,4182217",54
202000033799,20,12,12,14:45,1,1,1,2,6,10120,M,"48,0047380","4,0945180",10
202000033800,20,12,11,22:20,3,1,1,3,6,10083,M,"48,1904630","4,2759400",10
202000033801,20,12,11,19:00,3,1,1,2,2,02157,M,"49,5905900","3,6801540",02
202000033802,20,12,12,05:30,3,1,1,8,4,06079,M,"43,5478390","6,9434750",06
202000033803,20,12,11,22:23,3,1,1,2,6,38565,M,"45,3027460","5,6215670",38
202000033804,20,12,11,19:15,3,1,1,2,4,73010,M,"45,7593237","5,9516782",73
202000033805,20,12,11,15:50,1,2,1,1,1,97102,A,"16,4683750"," -61,4982300",971
202000033806,20,12,11,13:10,1,2,1,3,6,68063,M,"47,8119440","7,1889480",68
202000033807,20,12,12,07:15,5,1,1,2,6,38205,M,"45,1408940","5,5901850",38
202000033808,20,12,11,14:45,1,1,1,3,3,19220,M,"45,2862930","1,8466040",19
202000033809,20,12,12,12:12,1,1,2,1,-1,17086,M,"45,7399220"," -0,5435710",17
202000033810,20,12,11,18:30,5,2,1,2,1,49020,M,"47,4695630"," -0,6149450",49
202000033811,20,12,11,15:50,1,2,3,1,6,14762,M,"48,7957270"," -0,8939180",14
202000033812,20,12,11,10:26,1,2,1,2,3,76462,M,"49,7297540","1,4287160",76
202000033813,20,12,1,18:30,3,1,1,1,2,13088,M,"43,3917177","5,2562969",13
202000033814,20,12,10,05:20,5,1,1,1,2,69385,M,"45,7533700","4,8194800",69
202000033815,20,12,10,07:45,2,1,1,1,4,57672,M,"49,3498900","6,1501300",57
202000033816,20,12,11,18:45,4,1,1,2,4,33013,M,"44,8587600"," -0,5043900",33
202000033817,20,12,11,09:56,1,1,1,2,2,33063,M,"44,8800520"," -0,5377080",33
202000033818,20,12,11,17:50,3,1,1,2,7,91689,M,"48,7369000","2,3179000",91
202000033819,20,12,11,09:05,1,1,1,2,2,91174,M,"48,6231000","2,4665000",91
202000033820,20,12,11,06:30,3,1,1,3,3,91064,M,"48,7468700","2,2193600",91
202000033821,20,12,11,22:00,4,1,1,2,6,92036,M,"48,9355000","2,2615000",92
202000033822,20,12,11,16:00,1,1,1,2,3,78007,M,"48,9009840","2,0050710",78
202000033823,20,12,11,08:35,1,1,1,8,4,78007,M,"48,8954230","2,0070920",78
202000033824,20,12,11,18:15,3,1,1,2,2,93064,M,"48,8866300","2,4816900",93
202000033825,20,12,11,10:10,1,1,1,2,7,93066,M,"48,9228000","2,3514700",93
202000033826,20,12,11,05:45,5,1,1,3,7,93005,M,"48,9724420","2,4940869",93
202000033827,20,12,10,18:00,5,1,1,1,4,93005,M,"48,9544200","2,4736200",93
202000033828,20,12,11,13:00,1,2,1,1,2,94033,M,"48,8517200","2,4905100",94
202000033829,20,7,2,06:20,1,2,4,1,1,47015,M,"44,0622380","0,6507680",47
202000033830,20,12,9,12:00,1,2,9,1,6,97407,R," -20,9554400","55,3069000",974
202000033831,20,12,10,20:30,5,2,1,1,7,69387,M,"45,7299855","4,8381706",69
202000033832,20,11,29,16:00,1,2,1,1,6,69382,M,"45,7423545","4,8206826",69
202000033833,20,12,10,09:55,1,2,1,1,6,97101,A,"16,2712000"," -61,5048000",971
202000033834,20,12,9,10:37,1,2,1,8,2,95539,M,"48,9915000","2,3603000",95
202000033835,20,12,8,13:45,1,2,1,1,3,91103,M,"48,6122700","2,2775900",91
202000033836,20,11,26,10:50,1,1,1,1,6,91521,M,"48,6303400","2,3971500",91
202000033837,20,12,8,08:47,5,2,1,2,6,87085,M,"45,8368600","1,2254000",87
202000033838,20,12,9,07:00,5,2,1,1,6,86194,M,"46,5705556","0,3763777",86
202000033839,20,12,9,11:10,1,2,1,1,6,83126,M,"43,1077000","5,8645400",83
202000033840,20,12,10,01:40,3,1,1,1,6,83069,M,"43,1519218","6,1352703",83
202000033841,20,12,9,19:25,3,2,1,1,2,80021,M,"49,9247000","2,2928800",80
202000033842,20,12,9,04:31,3,2,6,1,3,80131,M,"49,8517300","2,4048900",80
202000033843,20,12,8,07:55,2,2,2,1,1,80164,M,"49,9207400","2,3679900",80
202000033844,20,12,7,16:45,2,2,1,1,2,80021,M,"49,9111900","2,2950000",80
202000033845,20,12,10,08:40,1,2,1,1,6,77305,M,"48,3756010","2,9573180",77
202000033846,20,12,9,18:12,5,2,6,1,6,77326,M,"48,5880630","2,5730089",77
202000033847,20,11,23,18:58,5,2,1,1,6,77122,M,"48,6492600","2,5632000",77
202000033848,20,12,10,10:50,1,2,1,1,6,77186,M,"48,4053000","2,7014000",77
202000033849,20,12,9,10:30,1,1,1,1,-1,74298,M,"46,1909000","6,2590000",74
202000033850,20,12,10,09:08,1,2,1,1,6,69266,M,"45,7647262","4,8849655",69
202000033851,20,12,4,14:25,1,2,3,1,3,62270,M,"50,4812900","2,5154700",62
202000033852,20,12,10,22:35,5,2,2,1,3,59350,M,"50,6357647","3,0095000",59
202000033853,20,12,10,13:10,1,2,1,1,6,59378,M,"50,6623290","3,0962640",59
202000033854,20,12,9,08:55,1,2,6,1,3,56098,M,"47,7659700"," -3,3293400",56
202000033855,20,12,10,13:30,1,2,1,8,2,45234,M,"47,9050800","1,9107000",45
202000033856,20,12,9,18:05,5,2,2,1,3,44184,M,"47,2694100"," -2,2283400",44
202000033857,20,11,12,15:50,1,2,1,1,6,44109,M,"47,2294700"," -1,5249000",44
202000033858,20,12,10,12:00,1,2,9,4,3,43041,M,"45,0495500","3,9121500",43
202000033859,20,12,10,15:15,1,2,3,1,3,38318,M,"45,5239000","4,9192000",38
202000033860,20,12,10,13:25,1,1,1,2,7,37122,M,"47,3647575","0,6506127",37
202000033861,20,12,10,07:40,3,2,3,2,3,37261,M,"47,3942114","0,6672474",37
202000033862,20,12,10,05:55,5,2,6,2,-1,37195,M,"47,3828585","0,6548897",37
202000033863,20,12,11,01:30,5,2,1,3,2,35238,M,"48,0864000"," -1,6743600",35
202000033864,20,12,10,21:45,5,2,2,2,2,35238,M,"48,1085886"," -1,6929695",35
202000033865,20,12,9,15:30,1,1,9,1,4,35055,M,"48,0927300"," -1,6261900",35
202000033866,20,12,9,14:45,1,2,1,1,3,34172,M,"43,6188000","3,8468600",34
202000033867,20,12,9,12:28,1,2,1,1,3,34172,M,"43,6024556","3,8652778",34
202000033868,20,12,2,16:15,1,2,1,1,6,33522,M,"44,8241500"," -0,5875300",33
202000033869,20,11,19,08:15,1,2,2,1,6,33200,M,"44,8767500"," -0,6798000",33
202000033870,20,12,9,12:50,1,1,1,1,3,30007,M,"44,1499500","4,0969000",30
202000033871,20,12,9,12:10,1,2,4,8,1,29232,M,"47,9875400"," -4,1266700",29
202000033872,20,12,5,11:14,1,2,2,3,1,29019,M,"48,4164700"," -4,4628600",29
202000033873,20,12,10,09:35,1,2,1,2,3,25056,M,"47,2526300","5,9983100",25
202000033874,20,12,9,19:40,3,1,1,3,3,22113,M,"48,7168480"," -3,4062440",22
202000033875,20,1,13,18:05,5,2,4,2,6,75106,M,"48,8445601","2,3245389",75
202000033876,20,1,13,07:45,5,2,2,8,3,75105,M,"48,8495920","2,3448760",75
202000033877,20,1,13,15:55,1,2,1,8,3,75120,M,"48,8588560","2,4024870",75
202000033878,20,1,13,17:15,5,2,1,1,6,75119,M,"48,8746847","2,3829858",75
202000033879,20,1,13,12:00,1,2,3,1,3,75119,M,"48,8840213","2,3904517",75
202000033880,20,1,13,12:30,1,2,3,2,6,75119,M,"48,8857207","2,3683633",75
202000033881,20,1,13,10:00,1,2,1,1,6,75119,M,"48,8763030","2,3825020",75
202000033882,20,1,13,09:55,1,2,5,1,3,75119,M,"48,8759986","2,3813281",75
202000033883,20,1,13,14:00,1,2,2,1,3,75118,M,"48,8977070","2,3290170",75
202000033884,20,1,13,13:05,1,2,2,2,3,75118,M,"48,8894850","2,3496000",75
202000033885,20,1,13,14:00,1,2,2,1,3,75117,M,"48,8826190","2,3103930",75
202000033886,20,1,13,10:50,1,2,4,1,3,75117,M,"48,8817361","2,3145892",75
202000033887,20,1,13,18:50,5,2,3,2,3,75116,M,"48,8596120","2,2877160",75
202000033888,20,1,13,09:00,1,2,3,1,3,75115,M,"48,8325711","2,2792272",75
202000033889,20,1,13,18:56,5,2,3,8,3,75114,M,"48,8303853","2,3196792",75
202000033890,20,1,13,17:25,5,2,2,1,3,75113,M,"48,8259074","2,3827524",75
202000033891,20,1,13,08:14,1,2,1,1,3,75113,M,"48,8232716","2,3741587",75
202000033892,20,1,13,18:05,3,2,2,2,3,75112,M,"48,8375300","2,4253529",75
202000033893,20,1,13,08:00,1,2,3,1,3,75111,M,"48,8504630","2,3899580",75
202000033894,20,1,13,11:10,1,2,1,1,6,75110,M,"48,8729090","2,3590810",75
202000033895,20,1,13,10:00,1,2,1,1,6,75110,M,"48,8809645","2,3579477",75
202000033896,20,1,13,13:12,1,2,1,8,-1,75109,M,"48,8770751","2,3485009",75
202000033897,20,1,13,09:05,1,2,3,1,7,75109,M,"48,8819100","2,3343285",75
202000033898,20,1,13,12:55,1,2,2,2,3,75107,M,"48,8476908","2,3133482",75
202000033899,20,1,13,06:10,5,2,1,1,3,75101,M,"48,8626400","2,3249580",75
202000033900,20,1,13,14:00,1,2,1,2,6,94041,M,"48,8128700","2,3872800",94
202000033901,20,1,13,01:09,5,2,1,1,2,94028,M,"48,7875800","2,4622200",94
202000033902,20,1,13,19:50,5,2,3,8,-1,94018,M,"48,8193200","2,4075100",94
202000033903,20,1,13,18:45,5,2,1,1,3,94017,M,"48,8218300","2,4901000",94
202000033904,20,1,13,09:40,1,2,1,8,2,94004,M,"48,7514300","2,5069800",94
202000033905,20,1,13,13:00,1,2,1,1,1,93039,M,"48,9469820","2,3259850",93
202000033906,20,1,12,22:49,5,2,1,1,4,93077,M,"48,8838627","2,5103306",93
202000033907,20,1,13,20:40,5,2,3,2,3,93077,M,"48,8821606","2,5231676",93
202000033908,20,1,13,13:50,1,2,1,2,2,93051,M,"48,8424588","2,5456426",93
202000033909,20,1,13,08:15,2,2,3,8,6,93050,M,"48,8669000","2,5307000",93
202000033910,20,1,13,18:40,3,2,9,1,1,93001,M,"48,9219388","2,3670906",93
202000033911,20,1,12,20:50,5,2,1,1,2,92036,M,"48,9236780","2,2946550",92
202000033912,20,1,13,19:50,5,2,1,1,2,92024,M,"48,8991040","2,3131773",92
202000033913,20,1,10,06:10,5,2,1,2,2,92032,M,"48,7933000","2,2907500",92
202000033914,20,1,11,14:15,1,1,1,1,7,47193,M,"44,5457354","0,5725712",47
202000033915,20,1,13,19:10,3,1,1,1,2,74307,M,"46,0005960","6,1475040",74
202000033916,20,1,13,15:15,1,1,1,1,6,77415,M,"48,9522385","3,0433716",77
202000033917,20,1,13,11:30,1,1,1,1,6,97402,R," -21,0034830","55,6774980",974
202000033918,20,1,14,07:40,5,2,1,2,2,59107,M,"51,0640070","2,5204350",59
202000033919,20,1,13,19:50,5,2,7,6,6,56248,M,"47,5774866"," -2,6297035",56
202000033920,20,1,14,06:50,3,1,1,6,2,80136,M,"49,9748680","2,7006800",80
202000033921,20,1,12,18:30,1,2,9,1,6,11079,M,"43,3811850","2,3137220",11
202000033922,20,1,14,08:35,1,1,1,8,6,12208,M,"43,9809840","2,9415000",12
202000033923,20,1,12,17:40,1,1,3,1,3,46225,M,"44,5121460","1,1897400",46
202000033924,20,1,13,17:00,1,2,6,1,6,34192,M,"43,5289010","3,9349120",34
202000033925,20,1,13,14:05,1,2,2,2,3,29191,M,"48,5179370"," -3,7126430",29
202000033926,20,1,14,07:30,3,1,1,2,1,29061,M,"48,4369950"," -4,4493670",29
202000033927,20,1,14,10:05,1,1,1,3,6,29220,M,"47,8529154"," -4,2450517",29
202000033928,20,1,14,07:40,2,1,1,1,1,31118,M,"43,7924530","1,3382430",31
202000033929,20,1,14,11:45,1,2,1,1,6,38315,M,"45,5360900","5,6687700",38
202000033930,20,1,13,21:15,5,2,1,1,6,01367,M,"46,4005328","5,1130485",01
202000033931,20,1,14,18:40,4,2,9,1,6,26113,M,"44,7557330","5,3712440",26
202000033932,20,1,13,20:10,3,1,1,1,7,26115,M,"44,6843240","5,0121010",26
202000033933,20,1,14,18:30,3,1,1,2,2,72158,M,"48,0461620","0,6244200",72
202000033934,20,1,14,11:40,1,1,1,6,7,50596,M,"49,6448320"," -1,4111620",50
202000033935,20,1,13,14:30,1,1,1,1,1,90007,M,"47,5945350","6,8022060",90
202000033936,20,1,13,13:20,1,1,2,2,1,60408,M,"49,4800960","2,7491210",60
202000033937,20,1,13,18:10,3,1,1,1,1,36139,M,"46,7919830","1,4705410",36
202000033938,20,1,14,14:45,1,2,2,1,1,16292,M,"46,0168795","0,1982044",16
202000033939,20,1,13,20:00,3,1,1,8,6,07171,M,"44,4509260","4,1578866",07
202000033940,20,1,12,20:00,3,1,1,1,1,53091,M,"48,4688590"," -0,8459920",53
202000033941,20,1,11,16:25,1,1,3,1,3,24551,M,"45,4137220","0,9231420",24
202000033942,20,1,13,18:00,3,1,2,8,2,85266,M,"46,7383630"," -0,9807950",85
202000033943,20,1,14,00:30,5,2,6,1,6,27428,M,"49,1482730","0,9006670",27
202000033944,20,1,11,13:40,1,1,5,1,3,27432,M,"49,2053050","0,7846230",27
202000033945,20,1,12,23:50,3,1,1,2,7,37156,M,"47,3971872","0,8920212",37
202000033946,20,1,14,08:00,1,1,1,8,6,48140,M,"44,8116200","3,2658820",48
202000033947,20,1,14,11:15,1,1,9,6,5,35206,M,"48,0456871"," -1,6287265",35
202000033948,20,1,11,16:00,1,1,1,1,4,13051,M,"43,5475320","5,1549720",13
202000033949,20,1,9,07:30,2,1,1,1,2,45067,M,"47,8914623","1,7623776",45
202000033950,20,1,14,10:00,1,1,1,1,4,30125,M,"43,7785420","4,4157420",30
202000033951,20,1,11,19:00,3,2,1,1,6,97103,A,"16,2542610"," -61,5636490",971
202000033952,20,1,11,01:15,3,1,1,2,1,97128,A,"16,2487290"," -61,3410290",971
202000033953,20,1,11,07:35,1,1,1,1,2,97125,A,"16,2557640"," -61,2468940",971
202000033954,20,1,14,17:45,3,2,1,1,6,30130,M,"44,3521850","3,9462220",30
202000033955,20,1,13,08:15,2,1,1,1,2,13084,M,"43,7261270","5,2799550",13
202000033956,20,1,10,17:15,5,2,1,1,3,69194,M,"45,7914520","4,8086010",69