Num_Acc,an,mois,jour,hrmn,lum,agg,int,atm,col,com,gps,lat,long,dep
202000033957,20,1,14,16:30,1,2,1,1,6,47157,M,"44,5032670","0,1620360",47
202000033958,20,1,14,13:30,1,2,1,8,7,33058,M,"45,1253420"," -0,6489400",33
202000033959,20,1,10,04:40,5,2,1,1,3,44103,M,"47,3265077"," -2,1598194",44
202000033960,20,1,14,17:15,2,1,2,6,3,60517,M,"49,2190193","2,2315946",60
202000033961,20,1,12,23:00,3,1,1,1,7,13001,M,"43,5121350","5,4240210",13
202000033962,20,1,13,14:50,1,1,1,1,7,13215,M,"43,3793633","5,3542057",13
202000033963,20,1,10,19:00,3,1,1,1,2,13106,M,"43,4055110","5,3603750",13
202000033964,20,1,11,12:30,1,1,1,1,2,83144,M,"43,1334900","5,9847600",83
202000033965,20,1,11,01:00,3,1,1,1,6,59609,M,"50,5728740","3,0804080",59
202000033966,20,1,12,06:50,3,1,1,1,6,62498,M,"50,4490877","2,8349240",62
202000033967,20,1,13,19:40,3,1,1,1,2,77251,M,"48,6261440","2,5391080",77
202000033968,20,1,13,11:20,1,1,1,1,4,94034,M,"48,7577255","2,3280598",94
202000033969,20,1,13,13:00,1,1,1,2,6,91182,M,"48,6275700","2,4139800",91
202000033970,20,1,13,09:43,1,1,1,1,6,91687,M,"48,6634000","2,3666000",91
202000033971,20,1,13,18:00,3,1,1,1,2,77146,M,"48,8323500","2,6597800",77
202000033972,20,1,13,08:30,1,1,1,1,4,94069,M,"48,8173704","2,4286140",94
202000033973,20,1,13,06:45,3,1,1,1,2,93051,M,"48,8362553","2,5522765",93
202000033974,20,1,12,02:30,5,1,1,1,6,94033,M,"48,8593412","2,4862011",94
202000033975,20,1,11,17:00,1,2,1,1,6,98818,C," -22,2410600","166,4811700",988
202000033976,20,1,10,23:35,3,1,1,1,7,97611,Y," -12,7924000","45,1872000",976
202000033977,20,1,9,10:00,1,1,1,1,2,97416,R," -21,3194900","55,4994600",974
202000033978,20,1,10,15:40,1,2,1,1,1,97411,R," -20,8983900","55,4611799",974
202000033979,20,1,10,06:55,1,2,1,1,6,97411,R," -20,8901200","55,4644800",974
202000033980,20,1,11,17:30,1,1,9,2,6,97407,R," -20,9344800","55,3195000",974
202000033981,20,1,11,11:40,1,2,1,1,6,97407,R," -20,9399000","55,3054700",974
202000033982,20,1,11,11:00,1,2,9,1,6,69199,M,"45,7076378","4,8548788",69
202000033983,20,1,9,22:30,5,2,1,1,6,97213,A,"14,6179600"," -61,0072900",972
202000033984,20,1,10,07:36,5,2,1,8,7,69202,M,"45,7497734","4,7962021",69
202000033985,20,1,10,20:00,5,1,1,1,2,97101,A,"16,2788941"," -61,5096831",971
202000033986,20,1,10,18:35,5,2,1,1,3,2A004,M,"41,9201482","8,7395057",2A
202000033987,20,1,9,11:50,1,2,9,2,6,91691,M,"48,7107800","2,4846500",91
202000033988,20,1,10,06:30,5,2,1,2,2,91114,M,"48,7017500","2,4935900",91
202000033989,20,1,9,16:40,2,2,1,2,7,91021,M,"48,5884400","2,2520600",91
202000033990,20,1,5,17:45,5,2,1,1,3,89387,M,"48,1767700","3,2894000",89
202000033991,20,1,3,08:25,1,2,1,1,6,81065,M,"43,6045700","2,2442860",81
202000033992,20,1,8,18:30,5,1,1,8,6,77016,M,"48,2136400","2,7146300",77
202000033993,20,1,9,08:00,5,2,1,1,3,76540,M,"49,4480600","1,0719400",76
202000033994,20,1,4,18:40,5,2,3,1,3,74012,M,"46,1961970","6,2568470",74
202000033995,20,1,11,05:15,3,1,9,9,1,74093,M,"45,9058600","6,0896700",74
202000033996,20,1,9,07:44,5,2,1,2,6,72181,M,"47,9948900","0,1861400",72
202000033997,20,1,10,18:35,5,2,1,1,3,71270,M,"46,3091286","4,8333775",71
202000033998,20,1,7,18:40,5,2,1,5,6,71270,M,"46,2926823","4,8107059",71
202000033999,20,1,7,12:55,1,2,1,1,6,69264,M,"45,9829694","4,7426277",69
202000034000,20,1,10,11:55,1,2,1,1,6,67482,M,"48,5878080","7,7017290",67
202000034001,20,1,9,19:30,5,2,1,1,3,67482,M,"48,5808400","7,7573080",67
202000034002,20,1,9,14:35,1,2,1,1,-1,67482,M,"48,6003559","7,7803279",67
202000034003,20,1,11,13:10,1,2,3,1,3,65440,M,"43,2219710","0,0847260",65
202000034004,20,1,11,10:20,1,2,6,1,3,64445,M,"43,3130400"," -0,3689600",64
202000034005,20,1,10,11:15,1,1,1,1,3,64237,M,"43,2383380"," -0,3586435",64
202000034006,20,1,10,08:15,2,2,3,2,6,64445,M,"43,3001319"," -0,3671953",64
202000034007,20,1,10,10:40,1,2,1,2,3,64102,M,"43,4999620"," -1,4687751",64
202000034008,20,1,9,13:35,1,2,1,1,3,63113,M,"45,7880100","3,1391100",63
202000034009,20,1,9,22:30,5,2,3,1,6,63113,M,"45,7841700","3,1091500",63
202000034010,20,1,8,19:06,5,2,6,1,3,63113,M,"45,7879200","3,1394600",63
202000034011,20,1,11,14:34,1,2,1,1,6,60057,M,"49,4097700","2,1129900",60
202000034012,20,1,11,13:17,1,2,2,1,3,60057,M,"49,4191100","2,1066400",60
202000034013,20,1,11,14:55,1,2,9,1,6,59599,M,"50,7304060","3,1481430",59
202000034014,20,1,11,11:50,1,2,1,1,1,59220,M,"50,5870761","3,0732469",59
202000034015,20,1,8,18:45,5,2,1,2,3,59165,M,"50,3770900","3,0511800",59
202000034016,20,1,10,12:05,1,2,4,1,3,56121,M,"47,7453206"," -3,3696531",56
202000034017,20,1,10,08:00,5,2,2,1,3,56121,M,"47,7438700"," -3,3810800",56
202000034018,20,1,9,09:00,2,2,1,2,6,56121,M,"47,7475800"," -3,3690700",56
202000034019,20,1,9,06:05,3,1,1,2,6,56185,M,"47,7709100"," -3,3782500",56
202000034020,20,1,9,19:10,5,2,1,2,-1,50502,M,"49,1154190"," -1,0980930",50
202000034021,20,1,9,16:25,1,2,1,1,3,49007,M,"47,4783800"," -0,5468000",49
202000034022,20,1,10,18:50,5,2,1,1,2,45234,M,"47,8968600","1,9043400",45
202000034023,20,1,10,18:15,3,2,1,1,1,45338,M,"47,9899300","2,7246200",45
202000034024,20,1,9,11:45,1,2,1,7,6,42110,M,"45,4829500","4,5323500",42
202000034025,20,1,9,21:20,5,2,3,1,3,40192,M,"43,8994100"," -0,5047300",40
202000034026,20,1,10,04:40,5,2,2,1,-1,37261,M,"47,3970430","0,6995117",37
202000034027,20,1,9,18:17,5,2,9,8,6,35093,M,"48,6301200"," -2,0632098",35
202000034028,20,1,10,19:30,3,1,1,1,2,35238,M,"48,1084300"," -1,7174700",35
202000034029,20,1,10,12:25,1,2,2,1,2,35238,M,"48,0835000"," -1,6620000",35
202000034030,20,1,10,09:00,1,2,1,1,3,35238,M,"48,1162000"," -1,6583000",35
202000034031,20,1,10,15:45,1,2,1,1,3,34172,M,"43,6184656","3,8450925",34
202000034032,20,1,10,11:35,1,2,3,1,3,34172,M,"43,5969300","3,8777300",34
202000034033,20,1,10,09:30,1,2,1,1,6,34172,M,"43,6087755","3,8452256",34
202000034034,20,1,10,21:35,5,2,1,1,3,33063,M,"44,8927930"," -0,5448800",33
202000034035,20,1,10,10:45,1,2,2,1,1,33318,M,"44,8091000"," -0,6328100",33
202000034036,20,1,10,09:20,1,2,2,2,3,33063,M,"44,8594100"," -0,5711700",33
202000034037,20,1,10,20:10,3,1,1,1,2,32013,M,"43,6881000","0,6041000",32
202000034038,20,1,9,09:45,1,1,1,1,2,31555,M,"43,5604200","1,4155400",31
202000034039,20,1,10,15:21,1,2,2,1,3,30189,M,"43,8352500","4,3584200",30
202000034040,20,1,4,17:38,5,2,1,1,-1,30189,M,"43,8224900","4,3393400",30
202000034041,20,1,9,09:49,1,2,1,2,6,29232,M,"47,9757200"," -4,0831800",29
202000034042,20,1,10,14:10,1,2,3,1,3,28134,M,"48,7350000","1,3870000",28
202000034043,20,1,10,18:00,5,2,1,2,6,25462,M,"46,8926100","6,3647900",25
202000034044,20,1,10,16:55,5,2,3,2,3,25056,M,"47,2365720","5,9782870",25
202000034045,20,1,7,17:20,5,2,1,8,1,22113,M,"48,7469300"," -3,4599500",22
202000034046,20,1,11,11:15,1,2,1,1,6,17300,M,"46,1783400"," -1,1453300",17
202000034047,20,1,10,17:35,2,2,1,1,4,17291,M,"46,1735200"," -1,1266600",17
202000034048,20,1,11,14:00,1,2,1,1,1,13106,M,"43,4044300","5,3639300",13
202000034049,20,1,11,04:35,5,2,1,1,3,13214,M,"43,3306500","5,3716300",13
202000034050,20,1,10,15:30,1,2,1,8,6,13215,M,"43,3563600","5,3574300",13
202000034051,20,1,11,13:55,1,2,6,1,6,13063,M,"43,5991500","5,0061300",13
202000034052,20,1,10,18:30,5,1,1,1,5,13047,M,"43,4826300","4,9961600",13
202000034053,20,1,8,17:25,5,2,1,8,2,10297,M,"48,3180480","4,0944700",10
202000034054,20,1,4,13:40,1,1,1,8,6,07281,M,"44,9348655","4,8155604",07
202000034055,20,1,10,07:50,1,1,1,1,5,06088,M,"43,7411400","7,2512380",06
202000034056,20,1,9,11:09,1,2,2,1,3,06088,M,"43,7130000","7,2620000",06
202000034057,20,1,10,17:45,5,2,1,2,-1,06069,M,"43,6506000","6,9220000",06
202000034058,20,1,10,11:00,1,2,1,2,7,06069,M,"43,6443370","6,9428750",06
202000034059,20,1,10,10:50,1,2,1,2,7,06069,M,"43,6442981","6,9446224",06
202000034060,20,1,11,12:00,1,2,1,1,3,06029,M,"43,5580000","7,0210000",06
202000034061,20,1,10,18:56,5,2,2,1,3,06155,M,"43,5705500","7,0760000",06
202000034062,20,1,12,19:10,5,2,1,1,2,75119,M,"48,8944260","2,3948290",75
202000034063,20,7,4,15:20,1,2,2,1,3,24461,M,"44,8934660","0,1822940",24
202000034064,20,7,5,00:30,3,1,1,1,6,03118,M,"46,0793393","3,1226953",03
202000034065,20,7,5,13:00,1,1,1,1,6,72339,M,"47,9658190","0,0341610",72
202000034066,20,7,5,11:40,1,1,1,7,2,06004,M,"43,6054250","7,0908100",06
202000034067,20,7,5,05:55,2,1,1,2,6,02443,M,"49,0468980","3,2807280",02
202000034068,20,7,5,09:30,1,1,1,3,7,98613,W," -13,2960920"," -176,1831610",986
202000034069,20,7,4,02:40,3,1,1,1,7,97415,R," -21,0796050","55,2293660",974
202000034070,20,7,5,11:50,1,1,1,1,2,33214,M,"44,9850900"," -1,0677900",33
202000034071,20,7,4,11:45,1,2,3,1,3,37166,M,"47,5110572","0,9092855",37
202000034072,20,7,5,01:50,5,2,1,1,-1,2B148,M,"42,5457380","9,4190760",2B
202000034073,20,7,5,14:38,1,2,3,1,1,66017,M,"42,8171290","3,0288850",66
202000034074,20,6,6,01:10,3,2,1,1,6,84092,M,"43,9610170","4,8545620",84
202000034075,20,7,5,11:30,1,1,1,1,5,83108,M,"43,3532840","5,9703830",83
202000034076,20,7,5,03:30,5,1,1,1,6,05063,M,"45,0482177","6,3224548",05
202000034077,20,7,4,17:40,1,1,3,7,3,04183,M,"43,9160380","6,5410600",04
202000034078,20,7,4,15:15,1,1,1,1,7,04171,M,"43,8000310","6,4383750",04
202000034079,20,7,4,21:15,2,1,1,1,3,38344,M,"45,3626230","4,8064970",38
202000034080,20,7,3,16:40,1,1,1,1,7,68012,M,"47,7778440","7,1376770",68
202000034081,20,7,4,04:40,2,2,1,1,6,68298,M,"48,2390320","7,1770660",68
202000034082,20,7,4,19:00,1,1,2,1,3,26235,M,"44,4033270","4,7001100",26
202000034083,20,7,4,19:30,1,1,1,1,6,69254,M,"45,9271487","4,4282511",69
202000034084,20,7,5,10:06,1,1,2,1,3,69228,M,"45,5954230","4,6506770",69
202000034085,20,7,4,02:30,3,2,1,1,7,64496,M,"43,4688660"," -1,4497670",64
202000034086,20,2,2,10:15,1,1,1,1,6,33183,M,"45,0318700"," -0,3869000",33
202000034087,20,6,30,15:25,1,1,1,1,4,85214,M,"46,5454900"," -1,7181200",85
202000034088,20,7,5,11:15,1,2,6,2,3,14047,M,"49,2705450"," -0,7072770",14
202000034089,20,7,5,13:28,1,1,1,1,7,27335,M,"49,1433690","1,1800000",27
202000034090,20,7,5,00:05,3,1,1,1,7,60341,M,"49,0795427","2,7273050",60
202000034091,20,7,5,19:40,2,1,1,1,6,80789,M,"49,8571180","2,7873030",80
202000034092,20,7,3,19:15,1,1,1,1,2,13001,M,"43,5050000","5,4095000",13
202000034093,20,7,4,13:39,1,1,1,1,7,91477,M,"48,7196000","2,2556000",91
202000034094,20,7,3,20:00,1,1,1,1,2,92036,M,"48,9407207","2,2929967",92
202000034095,20,7,3,16:00,1,1,1,1,2,93027,M,"48,9258500","2,3977500",93
202000034096,20,7,3,12:07,1,1,1,1,3,93010,M,"48,8988400","2,4693000",93
202000034097,20,7,3,22:43,3,2,9,1,3,97416,R," -21,3356600","55,4557600",974
202000034098,20,7,3,16:50,1,2,3,1,3,97416,R," -21,3151100","55,4762800",974
202000034099,20,7,3,14:55,1,1,1,1,2,97416,R," -21,3007000","55,4242200",974
202000034100,20,7,2,17:00,1,2,2,1,6,97411,R," -20,8899329","55,4529497",974
202000034101,20,7,2,17:00,1,1,9,1,2,97407,R," -20,9490800","55,2846000",974
202000034102,20,7,2,11:00,1,2,6,1,2,97407,R," -20,9424500","55,2921300",974
202000034103,20,7,3,20:55,2,2,1,1,6,69259,M,"45,7159450","4,8779311",69
202000034104,20,7,3,18:10,1,2,2,1,3,69387,M,"45,7521204","4,8466307",69
202000034105,20,7,3,09:48,1,2,1,1,7,69386,M,"45,7825900","4,8477700",69
202000034106,20,7,3,13:25,1,2,1,1,3,69383,M,"45,7636500","4,8623600",69
202000034107,20,7,3,12:15,1,1,1,1,2,97213,A,"14,6183000"," -61,0197800",972
202000034108,20,7,3,14:20,1,1,9,1,3,97209,A,"14,6147000"," -61,0503000",972
202000034109,20,7,3,14:50,1,1,3,1,3,97209,A,"14,6311200"," -61,0798600",972
202000034110,20,7,2,19:20,5,2,1,1,6,97209,A,"14,6820000"," -61,0840000",972
202000034111,20,7,3,19:20,5,2,1,1,1,69384,M,"45,7734800","4,8267100",69
202000034112,20,7,3,01:40,5,2,2,1,3,69382,M,"45,7635500","4,8381100",69
202000034113,20,7,3,23:25,5,2,1,1,1,95585,M,"48,9838550","2,3893760",95
202000034114,20,7,2,11:20,1,2,6,1,3,91223,M,"48,4374100","2,1631500",91
202000034115,20,7,3,11:57,1,1,1,1,-1,87085,M,"45,8379400","1,2818600",87
202000034116,20,7,3,17:35,1,2,2,1,3,86194,M,"46,5604400","0,3139500",86
202000034117,20,6,23,09:50,1,1,1,1,3,84087,M,"44,1598600","4,7962200",84
202000034118,20,7,3,13:30,1,2,1,1,1,83137,M,"43,1355386","5,8823942",83
202000034119,20,6,28,20:00,1,2,3,1,3,83129,M,"43,0874900","5,8374600",83
202000034120,20,7,2,18:05,1,2,1,1,2,80021,M,"49,9116300","2,3017200",80
202000034121,20,7,3,15:00,1,2,2,1,3,79191,M,"46,3158600"," -0,4656300",79
202000034122,20,7,2,22:45,5,2,6,1,3,79081,M,"46,3507000"," -0,3775100",79
202000034123,20,7,2,00:25,5,2,2,1,3,78123,M,"48,9434900","2,0297100",78
202000034124,20,7,3,07:10,2,1,9,1,3,77053,M,"48,7130100","2,6403300",77
202000034125,20,7,2,16:50,1,2,1,1,3,76575,M,"49,4001100","1,0639100",76
202000034126,20,7,3,09:25,1,2,2,1,3,76351,M,"49,4984100","0,1255400",76
202000034127,20,7,2,21:56,5,2,2,1,3,69275,M,"45,7710000","4,9601000",69
202000034128,20,7,3,04:30,2,2,2,1,3,67482,M,"48,5667000","7,7659300",67
202000034129,20,7,2,19:50,1,2,1,1,3,67482,M,"48,5641680","7,7053830",67
202000034130,20,7,1,18:15,1,2,1,1,6,67482,M,"48,5548100","7,7454890",67
202000034131,20,7,3,18:06,1,2,1,1,2,64483,M,"43,3965500"," -1,6458300",64
202000034132,20,7,1,23:30,5,2,2,1,-1,63063,M,"45,8180300","3,1071200",63
202000034133,20,7,2,18:00,1,2,1,1,3,60159,M,"49,4091110","2,8060617",60
202000034134,20,7,3,17:50,1,2,6,1,3,59636,M,"50,6849124","3,0608685",59
202000034135,20,7,3,11:20,1,2,2,1,3,59220,M,"50,6040000","3,0567600",59
202000034136,20,7,2,12:15,1,2,3,1,3,59350,M,"50,6328300","3,0722900",59
202000034137,20,7,2,20:45,1,2,1,1,1,59569,M,"50,3477088","3,1027688",59
202000034138,20,6,25,10:45,1,2,1,1,2,56260,M,"47,6644600"," -2,7615500",56
202000034139,20,7,2,16:50,1,2,1,1,3,54395,M,"48,7030998","6,1752438",54
202000034140,20,7,3,15:50,1,2,1,1,2,51454,M,"49,2710019","4,0112541",51
202000034141,20,7,2,15:40,1,2,1,1,6,50129,M,"49,6276900"," -1,6250800",50
202000034142,20,6,30,19:10,1,2,4,2,6,50129,M,"49,6385700"," -1,6226200",50
202000034143,20,7,1,15:30,1,2,6,2,7,49328,M,"47,2600400"," -0,0892500",49
202000034144,20,7,3,01:38,5,2,9,1,2,44109,M,"47,2471400"," -1,5228800",44
202000034145,20,7,3,12:00,1,2,1,1,7,42186,M,"45,5282794","4,6152844",42
202000034146,20,7,3,08:25,1,2,1,2,3,41018,M,"47,5832600","1,3208200",41
202000034147,20,7,3,21:00,1,2,6,1,3,35238,M,"48,0989934"," -1,6842390",35
202000034148,20,7,3,12:25,1,2,1,1,3,35051,M,"48,1080900"," -1,6138500",35
202000034149,20,7,3,08:40,1,2,1,1,7,35238,M,"48,0915000"," -1,6647000",35
202000034150,20,7,3,12:45,1,2,1,1,1,34172,M,"43,6321300","3,8223800",34
202000034151,20,7,3,10:00,1,2,9,1,1,34172,M,"43,6067500","3,8759500",34
202000034152,20,6,29,22:35,5,2,1,1,1,33318,M,"44,7852300"," -0,6827700",33
202000034153,20,7,2,17:35,1,2,1,1,6,31483,M,"43,1141016","0,7082178",31
202000034154,20,7,2,09:28,1,2,1,1,2,30189,M,"43,8324000","4,3222000",30
202000034155,20,7,3,02:05,5,2,6,1,6,29232,M,"47,9797187"," -4,1226264",29
202000034156,20,7,3,17:30,1,2,2,1,2,29039,M,"47,8813391"," -3,9099670",29
202000034157,20,6,16,18:40,1,2,1,1,7,27375,M,"49,2249800","1,1819200",27
202000034158,20,6,30,20:00,1,1,1,1,6,27375,M,"49,2283200","1,1478000",27
202000034159,20,7,4,01:05,5,2,1,1,3,26362,M,"44,9525840","4,9321670",26
202000034160,20,7,3,18:35,1,2,1,1,1,26198,M,"44,5773000","4,7647000",26
202000034161,20,6,30,07:40,1,2,1,1,6,22278,M,"48,4959809"," -2,7457595",22
202000034162,20,7,2,12:10,1,2,1,1,3,16089,M,"45,6794600"," -0,3283300",16
202000034163,20,7,3,14:55,1,2,1,1,2,14118,M,"49,1881700"," -0,3516200",14
202000034164,20,7,3,19:30,1,2,2,1,3,13210,M,"43,2768275","5,4190489",13
202000034165,20,7,3,18:00,1,2,1,1,2,13203,M,"43,3202000","5,3717960",13
202000034166,20,7,3,16:15,1,2,2,1,6,13202,M,"43,3035868","5,3689528",13
202000034167,20,7,3,01:50,5,2,6,1,-1,13208,M,"43,2723200","5,3912600",13
202000034168,20,7,1,08:50,1,2,1,1,5,13204,M,"43,3031200","5,4005900",13
202000034169,20,7,2,08:30,1,2,9,1,6,13063,M,"43,5846000","5,0018600",13
202000034170,20,7,3,18:35,1,2,1,1,6,13005,M,"43,2939300","5,5693300",13
202000034171,20,7,1,13:15,1,2,9,1,3,13001,M,"43,5246900","5,3906900",13
202000034172,20,7,2,13:55,1,1,2,1,3,13001,M,"43,4894700","5,4079300",13
202000034173,20,7,2,18:15,1,2,9,1,6,11262,M,"43,1827600","3,0053900",11
202000034174,20,7,3,02:25,4,1,1,1,6,11069,M,"43,2259290","2,2856910",11
202000034175,20,7,1,16:15,1,1,1,1,7,11069,M,"43,2008406","2,3703110",11
202000034176,20,7,4,00:01,5,2,2,1,3,10387,M,"48,3081900","4,0561500",10
202000034177,20,7,2,16:25,1,2,1,1,3,10343,M,"48,2799600","4,0873900",10
202000034178,20,7,2,08:42,1,2,1,1,3,10325,M,"48,2657600","4,0786900",10
202000034179,20,7,2,07:18,1,2,3,1,2,10297,M,"48,3156000","4,0822000",10
202000034180,20,7,2,13:20,1,2,1,1,6,06029,M,"43,5514000","7,0154000",06
202000034181,20,7,3,00:45,5,2,4,1,3,06004,M,"43,5952400","7,1148410",06
202000034182,20,6,30,15:50,1,1,1,1,2,04112,M,"43,8275100","5,7554800",04
202000034183,20,6,30,15:25,1,2,1,1,3,04112,M,"43,8208120","5,7948243",04
202000034184,20,5,11,11:15,1,2,9,1,6,03095,M,"46,1378848","3,4364355",03
202000034185,20,7,2,10:45,1,1,1,1,1,03321,M,"46,5796846","3,3849594",03
202000034186,20,7,3,14:15,1,2,1,1,2,75117,M,"48,8964620","2,3100570",75
202000034187,20,7,3,10:10,1,2,4,1,7,75113,M,"48,8247240","2,3844490",75
202000034188,20,7,2,22:50,5,2,2,1,6,75104,M,"48,8529260","2,3684220",75
202000034189,20,7,3,18:01,1,2,5,1,-1,75105,M,"48,8489290","2,3498280",75
202000034190,20,7,3,19:15,1,2,1,1,6,75120,M,"48,8669410","2,3969230",75
202000034191,20,7,3,07:25,1,2,1,1,6,75119,M,"48,8775040","2,4044650",75
202000034192,20,7,3,18:15,1,2,1,1,6,75118,M,"48,8835170","2,3338540",75
202000034193,20,7,3,19:00,1,2,3,1,3,75116,M,"48,8674830","2,2330130",75
202000034194,20,7,3,10:00,1,2,7,1,3,75116,M,"48,8716940","2,2757950",75
202000034195,20,7,2,18:40,1,2,1,1,3,75116,M,"48,8616620","2,2378960",75
202000034196,20,7,2,13:05,1,2,1,1,4,75116,M,"48,8728230","2,2859870",75
202000034197,20,7,2,09:00,1,2,4,1,3,75116,M,"48,8528490","2,2815990",75
202000034198,20,7,3,17:45,1,2,2,1,6,75115,M,"48,8321180","2,2806140",75
202000034199,20,7,3,16:55,1,2,1,1,6,75115,M,"48,8434010","2,2997730",75
202000034200,20,7,2,09:20,1,2,1,1,-1,75114,M,"48,8361360","2,3307490",75
202000034201,20,7,3,18:45,1,2,1,1,6,75112,M,"48,8382040","2,4265610",75
202000034202,20,7,3,11:55,1,2,3,1,6,75111,M,"48,8666350","2,3673170",75
202000034203,20,7,3,02:35,5,2,2,1,-1,75111,M,"48,8639990","2,3706780",75
202000034204,20,7,3,02:25,5,2,7,1,3,75117,M,"48,8740280","2,2942430",75
202000034205,20,7,3,18:58,1,2,1,1,1,94081,M,"48,8020600","2,3978000",94
202000034206,20,7,3,17:15,1,2,1,1,6,94080,M,"48,8477500","2,4529140",94
202000034207,20,7,3,18:45,1,2,2,1,1,94068,M,"48,7894100","2,5115500",94
202000034208,20,7,3,12:00,1,2,2,1,3,94068,M,"48,7974700","2,5087700",94
202000034209,20,7,3,14:45,1,2,6,1,2,94043,M,"48,8096400","2,3625400",94
202000034210,20,7,3,14:00,1,1,9,1,2,94043,M,"48,8102800","2,3498500",94
202000034211,20,7,3,19:20,1,2,9,1,3,94011,M,"48,7708570","2,4912970",94
202000034212,20,7,2,11:30,1,2,4,1,3,94019,M,"48,7992928","2,5443435",94
202000034213,20,7,3,17:15,1,2,1,1,3,94004,M,"48,7480720","2,5118140",94
202000034214,20,7,3,08:15,1,2,7,1,3,94071,M,"48,7745600","2,5108600",94
202000034215,20,7,2,23:30,5,2,1,1,2,93073,M,"49,0032725","2,5368290",93
202000034216,20,7,3,18:00,1,2,1,1,5,93066,M,"48,9157200","2,3442000",93
202000034217,20,7,2,18:50,1,2,1,1,3,93066,M,"48,9300000","2,3620000",93
202000034218,20,7,3,13:00,1,2,1,1,6,93077,M,"48,8825600","2,5248600",93
202000034219,20,7,3,17:35,1,2,1,1,1,93031,M,"48,9642392","2,2986413",93
202000034220,20,7,3,10:30,1,2,1,1,3,93031,M,"48,9500000","2,3285000",93
202000034221,20,7,3,08:30,1,2,1,1,3,93029,M,"48,9200078","2,4517219",93
202000034222,20,7,2,18:15,1,2,1,1,6,93027,M,"48,9283400","2,3944100",93
202000034223,20,7,3,09:35,1,2,1,1,2,93014,M,"48,9100637","2,5534967",93
202000034224,20,7,2,10:10,1,2,1,8,7,92049,M,"48,8133000","2,3045500",92
202000034225,20,7,3,13:00,1,2,1,1,-1,92035,M,"48,9061000","2,2506100",92
202000034226,20,7,3,19:35,1,2,3,1,2,92024,M,"48,9021000","2,3070400",92
202000034227,20,7,3,18:00,1,2,1,1,3,92024,M,"48,8980727","2,3115445",92
202000034228,20,7,3,09:45,1,2,3,8,6,92024,M,"48,9068214","2,3042294",92
202000034229,20,7,3,07:45,1,2,1,1,3,92024,M,"48,9041522","2,2914798",92
202000034230,20,7,3,11:30,1,2,9,1,6,92023,M,"48,7882801","2,2359592",92
202000034231,20,7,3,08:45,1,2,6,1,3,92023,M,"48,7989800","2,2680100",92
202000034232,20,7,3,13:15,1,1,1,1,1,38157,M,"45,4966310","4,9323680",38
202000034233,20,7,4,06:00,2,1,1,1,2,66136,M,"42,6995560","2,9029390",66
202000034234,20,7,3,07:30,1,2,2,1,3,17245,M,"46,1715100"," -1,0038640",17
202000034235,20,7,4,16:00,1,1,1,7,6,83023,M,"43,4191074","6,1136127",83
202000034236,20,7,4,16:30,1,2,1,1,2,85233,M,"46,5239700"," -1,0825300",85
202000034237,20,7,3,16:00,1,1,1,1,5,84037,M,"44,0639130","4,7955670",84
202000034238,20,7,4,10:50,1,2,1,1,7,60088,M,"49,2247170","2,2050120",60
202000034239,20,7,3,18:15,1,2,3,1,3,69283,M,"45,6814119","4,9489122",69
202000034240,20,7,3,18:10,1,2,1,1,6,84037,M,"44,0564670","4,8336460",84
202000034241,20,6,27,19:30,1,1,1,1,2,83019,M,"43,1440690","6,3263010",83
202000034242,20,7,3,10:55,1,1,1,1,7,36200,M,"46,6138960","1,5336230",36
202000034243,20,7,4,14:50,1,1,1,1,2,12063,M,"44,0102170","3,1433720",12
202000034244,20,7,3,17:34,1,1,1,1,5,30226,M,"44,2270730","4,6336130",30
202000034245,20,7,4,02:30,3,1,1,1,7,22032,M,"48,2821650"," -2,1903030",22
202000034246,20,7,3,17:20,1,1,1,1,7,19214,M,"45,1340110","2,1740060",19
202000034247,20,7,3,18:00,1,2,9,7,3,56002,M,"47,5591900"," -2,5023750",56
202000034248,20,7,4,01:10,3,1,1,1,2,74103,M,"45,9166350","6,6482900",74
202000034249,20,6,29,20:45,2,2,6,1,6,74011,M,"45,9158690","6,1473310",74
202000034250,20,7,1,11:00,1,1,3,1,3,80377,M,"50,1547270","2,3168920",80
202000034251,20,7,4,19:30,1,1,2,1,6,33482,M,"44,6858720"," -0,1075030",33
202000034252,20,6,11,19:30,1,1,1,1,2,61375,M,"48,6637270","0,0207820",61
202000034253,20,7,3,16:20,1,1,1,1,1,49008,M,"47,5725686"," -1,0201208",49
202000034254,20,7,2,22:00,5,2,2,1,3,49259,M,"47,3572891"," -0,6559213",49
202000034255,20,7,4,08:05,1,1,1,1,3,12069,M,"43,8762110","2,6746770",12
202000034256,20,7,4,17:00,1,1,1,1,7,42229,M,"46,1759167","4,3908608",42
202000034257,20,7,4,18:30,1,1,1,2,3,44128,M,"47,5466591"," -1,8652294",44
202000034258,20,6,28,19:45,1,1,1,1,6,31231,M,"43,3108770","1,4613320",31
202000034259,20,7,3,21:10,2,1,1,1,1,38189,M,"45,6388300","5,0624500",38
202000034260,20,3,19,22:00,3,1,1,1,6,72169,M,"47,9562490","0,0675920",72
202000034261,20,3,20,05:57,2,1,1,5,6,60312,M,"49,5800858","1,7572954",60
202000034262,20,3,19,21:00,3,1,1,1,7,40017,M,"43,7221610"," -0,6039430",40
202000034263,20,3,16,09:30,1,2,6,1,7,67506,M,"48,6615600","7,7205510",67
202000034264,20,3,20,01:05,3,1,1,1,2,57495,M,"49,1337810","6,5436240",57