Num_Acc,an,mois,jour,hrmn,lum,agg,int,atm,col,com,gps,lat,long,dep
202000034265,20,3,17,20:45,3,1,1,1,2,33049,M,"44,8811800"," -0,3564800",33
202000034266,20,3,18,14:20,1,1,1,1,6,67482,M,"48,5811760","7,7240370",67
202000034267,20,3,18,06:50,2,1,1,1,2,62193,M,"50,9399965","1,8331681",62
202000034268,20,3,19,11:00,1,1,1,1,2,91340,M,"48,6098800","2,4424200",91
202000034269,20,3,18,07:50,1,2,1,1,6,97416,R," -21,2782900","55,4671100",974
202000034270,20,3,17,15:55,1,1,1,1,6,97409,R," -20,9598600","55,6580000",974
202000034271,20,3,18,19:15,5,2,2,1,3,97407,R," -20,9455400","55,2982600",974
202000034272,20,2,6,15:35,1,2,1,1,3,69259,M,"45,7069972","4,8718786",69
202000034273,20,3,18,18:40,2,2,1,1,3,97209,A,"14,6123900"," -61,0794300",972
202000034274,20,3,18,15:45,1,2,1,1,2,91691,M,"48,7070300","2,4963500",91
202000034275,20,3,12,15:00,1,2,1,1,6,91521,M,"48,6512740","2,4030600",91
202000034276,20,3,16,22:13,5,2,3,1,3,85191,M,"46,6670400"," -1,4304100",85
202000034277,20,3,18,11:05,1,2,1,1,6,77243,M,"48,8791200","2,7042700",77
202000034278,20,3,17,11:50,1,2,2,1,3,71306,M,"46,6711664","4,3797488",71
202000034279,20,3,18,16:50,1,2,2,1,3,69256,M,"45,7772321","4,9196325",69
202000034280,20,3,7,11:20,1,2,1,1,2,59507,M,"50,5986770","3,0810470",59
202000034281,20,3,11,05:50,5,2,1,2,6,59569,M,"50,3657800","3,1174100",59
202000034282,20,3,6,10:00,1,2,1,1,6,59327,M,"50,3906791","3,1620087",59
202000034283,20,3,13,08:40,1,2,6,1,3,58194,M,"46,9928000","3,1677000",58
202000034284,20,3,16,19:40,3,1,1,1,2,55302,M,"48,7470740","5,2066080",55
202000034285,20,3,13,16:00,1,2,1,1,7,31555,M,"43,5821700","1,4804900",31
202000034286,20,3,18,17:50,1,2,1,1,6,29232,M,"47,9704900"," -4,1139600",29
202000034287,20,3,13,15:40,1,2,3,1,2,24322,M,"45,1906110","0,7097620",24
202000034288,20,3,18,22:00,5,2,9,1,7,17300,M,"46,1616000"," -1,1656000",17
202000034289,20,3,18,08:10,1,1,1,5,2,14327,M,"49,1865200"," -0,3297000",14
202000034290,20,1,30,15:51,1,2,1,2,6,10297,M,"48,3266800","4,1104600",10
202000034291,20,3,16,19:40,3,2,1,1,-1,05061,M,"44,5195800","6,0642500",05
202000034292,20,3,16,11:30,1,2,6,1,3,05061,M,"44,5619500","6,0777600",05
202000034293,20,3,18,11:00,1,2,7,1,3,75117,M,"48,8784110","2,2983960",75
202000034294,20,3,18,21:40,5,2,3,1,3,75115,M,"48,8517750","2,2916910",75
202000034295,20,3,17,13:45,1,2,9,1,3,94028,M,"48,7780900","2,4384300",94
202000034296,20,3,17,13:00,1,2,3,1,3,93061,M,"48,8870600","2,4080300",93
202000034297,20,3,17,11:25,1,2,2,1,3,92050,M,"48,8882600","2,1941900",92
202000034298,20,3,18,13:30,1,2,1,1,6,92048,M,"48,8211710","2,2276370",92
202000034299,20,5,3,14:15,1,2,1,1,7,92019,M,"48,7723963","2,2753822",92
202000034300,20,3,19,13:35,1,1,1,1,7,11148,M,"43,1687070","2,7099540",11
202000034301,20,3,19,07:00,3,1,1,1,7,86233,M,"46,4971260","0,6296650",86
202000034302,20,3,18,18:20,2,1,1,1,-1,97132,A,"15,9984290"," -61,6398020",971
202000034303,20,3,18,22:00,3,1,1,1,6,38284,M,"45,3909500","5,2050000",38
202000034304,20,3,19,12:15,1,2,1,1,6,01291,M,"46,2447260","4,9816670",01
202000034305,20,3,18,17:00,1,2,1,1,3,60481,M,"49,2927140","2,8585960",60
202000034306,20,3,19,07:49,5,1,1,1,2,73104,M,"45,5540950","5,7486710",73
202000034307,20,3,13,13:35,1,2,9,1,6,41220,M,"47,7177060","1,6168520",41
202000034308,20,3,17,15:15,1,1,1,1,7,11315,M,"43,2715420","2,5766158",11
202000034309,20,3,19,12:00,1,1,1,1,6,81140,M,"43,6711930","1,8405000",81
202000034310,20,3,17,09:00,1,2,1,1,6,56007,M,"47,6744110"," -3,0034840",56
202000034311,20,2,19,11:40,1,1,9,1,2,33550,M,"44,7845300"," -0,5417900",33
202000034312,20,1,14,08:15,5,2,1,2,6,56083,M,"47,7988597"," -3,2933919",56
202000034313,20,1,9,14:10,1,2,7,1,3,09122,M,"42,9628800","1,6083300",09
202000034314,20,1,6,08:53,1,1,1,1,2,09122,M,"42,9822290","1,6132410",09
202000034315,20,3,18,08:10,1,2,1,1,3,98818,C," -22,2929000","166,4481500",988
202000034316,20,3,17,17:40,1,2,3,1,3,98818,C," -22,2347600","166,4426100",988
202000034317,20,3,17,11:35,1,2,1,1,6,98818,C," -22,2715100","166,4424800",988
202000034318,20,3,17,09:00,1,2,1,1,3,97302,G,"4,9271207"," -52,3247480",973
202000034319,20,3,16,01:40,3,1,1,1,7,97209,A,"14,6090700"," -61,0667000",972
202000034320,20,3,17,11:00,1,2,1,1,6,91687,M,"48,6802000","2,3804900",91
202000034321,20,3,17,04:25,5,2,1,1,6,91347,M,"48,6409900","2,2850000",91
202000034322,20,3,13,18:30,1,1,1,1,3,85194,M,"46,5118400"," -1,8174600",85
202000034323,20,3,16,14:20,1,1,1,1,3,80131,M,"49,8370200","2,4104900",80
202000034324,20,3,13,23:45,5,2,5,1,3,78168,M,"48,7486500","1,9249500",78
202000034325,20,2,28,11:45,1,2,3,2,6,76351,M,"49,4989000","0,1197300",76
202000034326,20,3,17,07:00,1,2,6,1,3,69282,M,"45,7783000","5,0217000",69
202000034327,20,3,16,13:30,1,2,3,1,3,67482,M,"48,5804529","7,7276513",67
202000034328,20,3,15,02:40,5,2,1,1,7,64122,M,"43,4881800"," -1,5533400",64
202000034329,20,3,17,09:59,1,2,1,8,6,64102,M,"43,5023500"," -1,4789900",64
202000034330,20,3,17,06:45,2,2,9,2,1,64024,M,"43,5210800"," -1,5029400",64
202000034331,20,3,16,08:52,1,2,2,2,3,63113,M,"45,7947500","3,0825700",63
202000034332,20,3,15,09:36,1,2,3,1,-1,63113,M,"45,7927900","3,0916600",63
202000034333,20,3,16,14:05,1,2,3,1,3,62193,M,"50,9486700","1,8539900",62
202000034334,20,3,17,16:10,1,2,1,1,3,60159,M,"49,4127800","2,8142800",60
202000034335,20,3,17,10:50,1,2,1,1,-1,59599,M,"50,7189690","3,1636680",59
202000034336,20,3,13,09:10,1,2,6,1,3,59178,M,"50,3629800","3,0781200",59
202000034337,20,3,15,01:00,5,2,1,1,6,44184,M,"47,2842820"," -2,2291320",44
202000034338,20,3,15,18:30,1,2,1,1,-1,37122,M,"47,3465104","0,6548812",37
202000034339,20,3,17,20:30,3,1,1,1,6,35051,M,"48,1497600"," -1,6083800",35
202000034340,20,3,15,01:56,5,2,9,1,7,35238,M,"48,1374200"," -1,6522400",35
202000034341,20,3,17,17:25,1,2,2,1,1,33063,M,"44,8419800"," -0,5845200",33
202000034342,20,3,16,17:45,1,2,1,2,3,31555,M,"43,6218200","1,4250000",31
202000034343,20,3,16,14:00,1,2,1,1,3,31555,M,"43,6012400","1,4202500",31
202000034344,20,3,16,08:40,1,2,2,1,3,31557,M,"43,5870600","1,3450700",31
202000034345,20,3,15,02:30,3,1,1,2,2,31555,M,"43,5912342","1,3989233",31
202000034346,20,3,17,07:45,1,2,6,1,2,17274,M,"46,1530300"," -1,1119700",17
202000034347,20,3,17,15:28,1,2,9,1,6,13201,M,"43,2973155","5,3774080",13
202000034348,20,3,17,10:25,1,2,1,1,6,13047,M,"43,5099200","4,9826000",13
202000034349,20,3,14,11:40,1,1,1,1,1,13004,M,"43,7060070","4,6584000",13
202000034350,20,3,14,17:22,1,2,6,1,3,11262,M,"43,1849100","2,9791700",11
202000034351,20,3,16,18:50,1,2,2,1,-1,75120,M,"48,8518366","2,4013825",75
202000034352,20,3,17,04:30,5,2,3,1,6,75117,M,"48,8819070","2,3188860",75
202000034353,20,3,16,01:15,5,2,2,1,6,75116,M,"48,8635020","2,2815760",75
202000034354,20,3,17,11:30,1,2,2,1,6,94077,M,"48,7353000","2,4243000",94
202000034355,20,3,16,18:25,2,2,2,1,3,94069,M,"48,8241000","2,4227800",94
202000034356,20,3,16,18:20,2,2,1,1,6,94017,M,"48,8111800","2,4952800",94
202000034357,20,3,16,17:59,1,2,1,1,3,93066,M,"48,9394200","2,3449900",93
202000034358,20,3,17,12:00,1,2,1,1,1,92078,M,"48,9403790","2,3288770",92
202000034359,20,3,11,20:19,5,2,2,1,2,92044,M,"48,8907200","2,2843590",92
202000034360,20,3,16,23:40,5,2,4,1,3,92040,M,"48,8212220","2,2613510",92
202000034361,20,3,16,15:30,1,2,1,1,3,92036,M,"48,9433930","2,3032740",92
202000034362,20,3,16,16:40,1,2,1,1,6,41167,M,"47,4973660","1,1753440",41
202000034363,20,3,5,15:40,1,1,3,3,1,74068,M,"46,0614910","5,8679230",74
202000034364,20,3,16,17:39,1,1,2,1,5,65375,M,"43,3728970","0,1538760",65
202000034365,20,3,17,07:40,2,1,1,1,6,61464,M,"48,6179560","0,1511420",61
202000034366,20,2,14,16:00,1,1,1,1,3,02475,M,"49,4216030","3,9977150",02
202000034367,20,3,18,14:50,1,2,1,1,1,66202,M,"42,4982900","2,0026180",66
202000034368,20,3,17,12:20,1,1,1,1,6,18015,M,"47,4681370","2,3714160",18
202000034369,20,3,17,16:30,1,2,1,1,6,17003,M,"46,1180070"," -0,9341340",17
202000034370,20,3,18,07:30,1,1,1,1,4,68015,M,"47,7897760","7,4466710",68
202000034371,20,3,18,08:28,1,1,1,1,6,06157,M,"43,7526440","7,0921580",06
202000034372,20,3,18,15:50,1,1,1,1,7,03056,M,"46,0888720","3,5504060",03
202000034373,20,3,15,17:15,1,2,3,1,2,33433,M,"44,9099700"," -0,4382100",33
202000034374,20,3,16,08:20,1,1,1,2,4,33096,M,"44,8885800"," -0,5047300",33
202000034375,20,3,17,11:58,1,1,1,1,4,91161,M,"48,7101000","2,3079000",91
202000034376,20,3,16,09:35,1,1,1,1,3,93048,M,"48,8649600","2,4821000",93
202000034377,20,3,14,21:10,3,1,1,1,2,93006,M,"48,8691800","2,4295400",93
202000034378,20,3,17,15:00,1,1,1,1,7,94074,M,"48,7659690","2,4582200",94
202000034379,20,3,14,22:10,3,1,1,1,6,77438,M,"48,8662469","2,6701001",77
202000034380,20,1,4,15:35,1,2,1,3,6,97407,R," -20,9500000","55,2929700",974
202000034381,20,1,14,18:35,5,2,1,1,6,78440,M,"48,9934390","1,9130140",78
202000034382,20,1,10,08:45,2,1,2,1,-1,78238,M,"48,9598940","1,8714980",78
202000034383,20,1,6,17:02,1,2,1,1,6,24037,M,"44,8538000","0,4825100",24
202000034384,20,3,16,19:34,1,2,3,1,-1,97416,R," -21,2904100","55,4567800",974
202000034385,20,3,16,14:20,1,2,9,1,2,97411,R," -20,9020000","55,4773000",974
202000034386,20,3,16,10:40,1,2,2,1,6,69386,M,"45,7726000","4,8442000",69
202000034387,20,3,15,20:45,5,1,1,1,3,97209,A,"14,6181800"," -61,0366100",972
202000034388,20,3,16,11:33,2,2,1,1,6,69384,M,"45,7770000","4,8266800",69
202000034389,20,1,15,15:50,1,2,1,1,3,69385,M,"45,7563913","4,7999623",69
202000034390,20,3,16,12:25,1,2,9,1,2,91174,M,"48,6056030","2,4666910",91
202000034391,20,3,16,05:35,5,2,1,1,1,91103,M,"48,5980120","2,2936680",91
202000034392,20,3,13,17:14,1,2,1,1,2,87085,M,"45,8315400","1,2364800",87
202000034393,20,3,7,23:45,5,2,1,1,6,81060,M,"44,0551700","2,1621200",81
202000034394,20,3,12,16:55,1,2,1,1,6,78158,M,"48,8167800","2,1360900",78
202000034395,20,3,15,15:45,1,2,1,1,7,76540,M,"49,4410500","1,0815000",76
202000034396,20,3,14,17:53,1,1,1,1,-1,66136,M,"42,6731900","2,8895900",66
202000034397,20,3,15,16:58,1,1,1,1,1,65047,M,"43,2397000","0,1167400",65
202000034398,20,3,13,09:00,1,2,1,8,6,64445,M,"43,3100900"," -0,3660200",64
202000034399,20,3,15,14:30,1,1,1,1,3,63164,M,"45,8413171","3,1437154",63
202000034400,20,3,13,01:20,3,1,1,1,6,56098,M,"47,7732742"," -3,3605222",56
202000034401,20,1,28,16:35,1,2,1,2,6,50147,M,"49,0439000"," -1,4439300",50
202000034402,20,3,15,16:25,1,2,1,1,7,49007,M,"47,4722400"," -0,5527100",49
202000034403,20,3,10,16:25,1,2,1,1,-1,46224,M,"44,4711000","1,4150700",46
202000034404,20,3,16,17:00,1,2,1,2,3,37122,M,"47,3552740","0,6977510",37
202000034405,20,3,15,19:40,5,2,1,1,3,34172,M,"43,6171400","3,8425400",34
202000034406,20,3,16,16:25,1,2,2,1,2,33522,M,"44,8213100"," -0,5831500",33
202000034407,20,3,16,14:50,1,2,3,1,6,33522,M,"44,8232490"," -0,5929990",33
202000034408,20,3,16,08:00,1,2,3,1,3,33069,M,"44,8560900"," -0,5965000",33
202000034409,20,3,12,10:50,1,2,2,1,3,33063,M,"44,8570300"," -0,6199000",33
202000034410,20,3,15,08:50,1,1,9,1,3,31555,M,"43,5694200","1,3739700",31
202000034411,20,3,15,21:05,5,2,1,1,6,31555,M,"43,5578800","1,4410200",31
202000034412,20,3,13,17:40,1,2,1,1,-1,31555,M,"43,6349100","1,4637200",31
202000034413,20,3,16,06:55,5,2,1,1,7,31483,M,"43,1178380","0,7134150",31
202000034414,20,3,14,13:50,1,2,1,1,3,22278,M,"48,5190810"," -2,7858478",22
202000034415,20,3,13,16:40,3,1,1,1,-1,19152,M,"45,0149683","1,8092680",19
202000034416,20,3,16,05:10,3,1,1,1,6,17415,M,"45,7332700"," -0,6644700",17
202000034417,20,3,16,05:40,5,2,1,2,7,17300,M,"46,1561060"," -1,1315700",17
202000034418,20,3,15,20:20,3,1,1,1,6,14574,M,"49,1267400","0,2174900",14
202000034419,20,3,16,16:40,1,2,1,1,7,13002,M,"43,3417492","5,4717216",13
202000034420,20,3,15,07:15,1,1,1,1,6,13047,M,"43,4788900","4,9963600",13
202000034421,20,3,16,07:30,1,2,1,1,6,06123,M,"43,6962100","7,1843300",06
202000034422,20,3,15,00:40,5,2,1,1,5,06027,M,"43,6567000","7,1644000",06
202000034423,20,3,14,17:30,1,2,1,1,6,06123,M,"43,6603780","7,1819920",06
202000034424,20,3,14,10:00,1,2,3,1,3,05061,M,"44,5615500","6,0949900",05
202000034425,20,3,13,09:15,1,2,1,1,6,03310,M,"46,1306606","3,4168506",03
202000034426,20,3,16,16:30,1,2,2,1,6,75119,M,"48,8763590","2,3931180",75
202000034427,20,3,16,20:25,3,2,2,1,3,75117,M,"48,8944440","2,3134920",75
202000034428,20,3,16,14:10,1,2,3,1,3,75116,M,"48,8573040","2,2692970",75
202000034429,20,3,16,14:34,1,2,1,1,3,75110,M,"48,8804660","2,3576990",75
202000034430,20,3,16,17:30,1,2,1,1,4,94043,M,"48,8090500","2,3629500",94
202000034431,20,3,15,16:35,1,2,9,1,3,94076,M,"48,8062782","2,3635465",94
202000034432,20,3,14,12:00,1,2,1,2,2,94076,M,"48,7952100","2,3537700",94
202000034433,20,3,15,20:10,5,2,1,1,7,94028,M,"48,7892900","2,4424000",94
202000034434,20,3,15,20:40,3,2,1,1,3,93066,M,"48,9277237","2,3529268",93
202000034435,20,3,16,10:50,1,2,1,1,6,93048,M,"48,8684154","2,4338697",93
202000034436,20,3,15,20:40,5,2,8,1,3,92078,M,"48,9348700","2,3266300",92
202000034437,20,3,13,17:10,1,2,1,1,6,92063,M,"48,8674410","2,1977404",92
202000034438,20,3,16,01:45,5,2,1,1,7,92049,M,"48,8139240","2,3103656",92
202000034439,20,3,11,17:05,1,2,6,2,-1,92024,M,"48,9033950","2,3128680",92
202000034440,20,3,16,14:07,1,2,1,1,3,92023,M,"48,8086382","2,2678030",92
202000034441,20,3,17,10:40,1,2,1,1,6,63116,M,"45,9820820","3,0880840",63
202000034442,20,3,16,14:30,1,1,1,1,5,67324,M,"48,9688010","7,5802120",67
202000034443,20,3,11,12:30,1,1,1,1,2,2B167,M,"42,5364260","8,8467730",2B
202000034444,20,2,13,12:45,1,2,1,2,6,80711,M,"50,0422120","2,1191279",80
202000034445,20,3,14,07:00,2,1,1,1,7,80211,M,"49,7504583","2,1621281",80
202000034446,20,3,17,11:55,1,1,2,1,3,65019,M,"43,1485380","0,0918390",65
202000034447,20,3,17,11:30,1,1,1,1,5,12120,M,"44,3706670","2,8414670",12
202000034448,20,3,13,22:30,3,1,1,1,6,47006,M,"44,4051590","0,6348790",47
202000034449,20,3,16,14:30,1,1,1,7,1,29045,M,"48,4330230"," -4,2767180",29
202000034450,20,3,16,19:40,3,1,3,1,2,68094,M,"47,5489720","7,4361240",68
202000034451,20,9,3,21:50,3,1,1,1,6,69120,M,"45,7847940","4,4124110",69
202000034452,20,9,3,10:45,1,2,6,1,3,44195,M,"47,3608010"," -1,9557430",44
202000034453,20,8,28,19:50,1,1,2,1,1,44073,M,"47,4275650"," -1,6024160",44
202000034454,20,8,18,13:40,1,1,1,1,7,60002,M,"49,3707350","2,1551440",60
202000034455,20,9,4,00:00,3,1,1,2,6,59139,M,"50,1405820","3,4197840",59
202000034456,20,9,3,16:30,1,2,1,8,2,59482,M,"50,7118770","2,9985970",59
202000034457,20,8,29,04:30,3,1,1,2,7,13033,M,"43,3795550","5,2058970",13
202000034458,20,9,3,20:25,2,1,1,1,4,33249,M,"44,8788400"," -0,5095200",33
202000034459,20,8,25,12:01,1,1,1,6,6,59155,M,"51,0149820","2,3895970",59
202000034460,20,9,1,13:30,1,1,1,1,6,59646,M,"50,6683190","3,1151910",59
202000034461,20,9,3,20:20,2,1,1,1,3,91553,M,"48,6314800","2,4941300",91
202000034462,20,9,3,19:38,2,1,1,1,3,91345,M,"48,6913800","2,3223600",91
202000034463,20,9,3,16:15,1,1,1,1,2,78043,M,"48,8325600","2,0841500",78
202000034464,20,9,3,14:15,1,1,1,1,6,78073,M,"48,7969460","2,0219720",78
202000034465,20,9,3,08:45,1,1,1,1,3,92036,M,"48,9344081","2,2702786",92
202000034466,20,9,3,09:00,1,1,1,1,4,95351,M,"49,0312500","2,4938600",95
202000034467,20,9,2,21:55,3,1,1,1,5,95306,M,"49,0092900","2,1572400",95
202000034468,20,9,2,23:45,3,1,1,1,6,95582,M,"48,9698600","2,2496600",95
202000034469,20,9,2,17:00,1,1,1,1,2,93008,M,"48,9114600","2,4404500",93
202000034470,20,9,2,11:00,1,1,1,1,2,93010,M,"48,9019600","2,4703400",93
202000034471,20,9,3,21:30,3,1,1,1,2,77122,M,"48,6596260","2,6131470",77
202000034472,20,9,3,18:00,1,1,1,1,2,75112,M,"48,8251710","2,4640200",75
202000034473,20,9,3,17:30,1,1,1,1,2,94028,M,"48,7916209","2,4409774",94
202000034474,20,9,3,15:30,1,1,1,1,-1,94046,M,"48,8074506","2,4489937",94
202000034475,20,9,2,08:40,1,1,1,1,3,94028,M,"48,7916209","2,4409774",94
202000034476,20,8,31,02:40,5,2,1,1,6,98818,C," -22,3090300","166,4517700",988
202000034477,20,8,31,08:20,1,1,1,8,6,97411,R," -20,9291240","55,4929090",974
202000034478,20,9,1,22:10,3,2,1,1,1,97302,G,"4,9261373"," -52,3036122",973
202000034479,20,9,1,16:10,1,2,1,1,6,69388,M,"45,7292700","4,8474000",69
202000034480,20,9,2,17:00,1,1,1,1,6,69286,M,"45,8113509","4,8945294",69
202000034481,20,9,2,07:00,1,2,3,1,3,69389,M,"45,8015171","4,8383613",69
202000034482,20,9,1,12:30,1,2,4,1,2,91471,M,"48,6922000","2,1754300",91
202000034483,20,9,1,18:20,1,2,6,1,3,91114,M,"48,6940400","2,5022400",91
202000034484,20,8,30,12:10,1,1,1,1,6,91103,M,"48,6034900","2,3199200",91
202000034485,20,9,2,09:20,1,2,1,1,3,86194,M,"46,6015023","0,3243452",86
202000034486,20,9,1,23:50,5,2,9,1,3,83137,M,"43,1291600","5,9242000",83
202000034487,20,8,22,16:05,1,2,1,1,4,83123,M,"43,1420000","5,7787400",83
202000034488,20,9,2,08:10,1,2,9,1,2,83069,M,"43,1170000","6,1440000",83
202000034489,20,8,28,18:45,1,2,2,1,3,83061,M,"43,4396700","6,7160340",83
202000034490,20,9,2,14:00,1,2,1,1,3,76217,M,"49,9218400","1,0567800",76
202000034491,20,9,2,09:00,1,2,1,1,6,69266,M,"45,7700000","4,8984400",69
202000034492,20,9,1,19:45,1,2,1,1,3,66136,M,"42,6784800","2,8810200",66
202000034493,20,8,4,04:00,2,2,1,1,6,62413,M,"50,4396600","2,8809370",62
202000034494,20,9,2,20:40,5,2,1,1,2,59368,M,"50,6493780","3,0788796",59
202000034495,20,9,1,11:30,1,2,2,1,5,59350,M,"50,6271000","3,0392100",59
202000034496,20,8,31,23:25,5,2,1,1,7,59276,M,"50,3446200","3,1530400",59
202000034497,20,9,1,18:30,1,2,3,1,2,54395,M,"48,6892358","6,1615410",54
202000034498,20,9,1,12:30,1,2,2,1,2,54526,M,"48,6893700","6,2155800",54
202000034499,20,9,1,15:35,1,2,1,1,3,52121,M,"48,1063000","5,1358200",52
202000034500,20,8,31,19:00,1,2,1,1,1,50602,M,"49,6365200"," -1,5889500",50
202000034501,20,9,2,17:32,1,2,2,1,1,45147,M,"47,9340184","1,8962286",45
202000034502,20,8,31,16:50,1,2,1,1,2,44184,M,"47,2637300"," -2,2587200",44
202000034503,20,9,2,09:35,1,2,1,1,6,44109,M,"47,2437000"," -1,5338200",44
202000034504,20,8,31,11:50,1,2,1,7,3,37261,M,"47,4280220","0,6725930",37
202000034505,20,9,2,13:00,1,2,2,1,3,35238,M,"48,1278400"," -1,6833200",35
202000034506,20,9,2,13:45,1,2,1,1,1,35238,M,"48,1218500"," -1,7114600",35
202000034507,20,9,2,07:30,1,2,1,1,6,35238,M,"48,1100300"," -1,6600800",35
202000034508,20,9,1,21:05,5,2,3,1,3,35238,M,"48,0847000"," -1,6569700",35
202000034509,20,8,31,18:15,1,2,3,1,-1,34032,M,"43,3540300","3,2353300",34
202000034510,20,9,2,09:45,1,2,2,1,3,33550,M,"44,7786100"," -0,5660900",33
202000034511,20,8,20,06:50,1,2,2,1,6,33162,M,"44,8613100"," -0,6420600",33
202000034512,20,9,2,17:35,1,2,1,1,6,31483,M,"43,1064100","0,7317900",31
202000034513,20,9,2,14:15,1,2,1,1,3,26362,M,"44,9345000","4,9064000",26
202000034514,20,9,1,19:01,1,2,1,1,1,25056,M,"47,2532920","6,0009060",25
202000034515,20,8,28,17:00,1,2,1,1,6,22215,M,"48,4972800"," -2,7651500",22
202000034516,20,9,2,17:15,1,2,2,1,3,17200,M,"46,1809300"," -1,1672800",17
202000034517,20,9,2,15:30,1,2,1,1,3,13216,M,"43,3484670","5,3434370",13
202000034518,20,9,1,14:30,1,2,1,1,2,13210,M,"43,2834000","5,4129000",13
202000034519,20,9,2,09:00,1,2,3,1,3,13207,M,"43,2843210","5,3581810",13
202000034520,20,9,2,07:00,1,2,1,1,3,13213,M,"43,3334600","5,4398450",13
202000034521,20,9,1,23:15,5,2,1,1,7,13209,M,"43,2649600","5,4098300",13
202000034522,20,9,1,18:00,1,2,1,1,2,11069,M,"43,2061100","2,3170600",11
202000034523,20,9,1,12:34,1,2,1,1,1,11069,M,"43,2089300","2,3695500",11
202000034524,20,9,2,18:10,1,2,1,1,3,06123,M,"43,6734100","7,1898100",06
202000034525,20,9,2,12:40,1,2,2,1,3,03185,M,"46,3383091","2,5743118",03
202000034526,20,9,2,07:40,1,2,3,1,3,01053,M,"46,2006398","5,2204424",01
202000034527,20,9,2,09:50,1,2,1,1,3,75113,M,"48,8262150","2,3877800",75
202000034528,20,8,31,08:30,1,2,1,1,3,75114,M,"48,8211650","2,3205140",75
202000034529,20,9,2,21:20,5,2,2,1,3,75118,M,"48,8912690","2,3632740",75
202000034530,20,9,2,17:40,1,2,3,1,2,75116,M,"48,8568000","2,2740120",75
202000034531,20,9,2,17:30,1,2,3,1,3,75116,M,"48,8620500","2,2932210",75
202000034532,20,9,2,14:25,1,2,7,1,2,75116,M,"48,8740380","2,2942450",75
202000034533,20,9,2,19:00,1,2,1,1,3,75115,M,"48,8456690","2,3089680",75
202000034534,20,9,2,17:00,1,2,2,1,3,75115,M,"48,8258360","2,3003890",75
202000034535,20,9,1,00:25,5,2,2,1,3,75115,M,"48,8367530","2,2980840",75
202000034536,20,9,2,17:00,1,2,2,1,3,75113,M,"48,8251400","2,3698020",75
202000034537,20,9,2,08:34,1,2,3,1,6,75113,M,"48,8274290","2,3568780",75
202000034538,20,9,2,17:45,1,2,2,1,3,75112,M,"48,8385650","2,3931700",75
202000034539,20,9,2,14:20,1,2,3,1,3,75112,M,"48,8381010","2,3996540",75
202000034540,20,9,2,11:45,1,2,1,1,3,75112,M,"48,8347880","2,3933570",75
202000034541,20,9,2,18:55,1,2,1,1,3,75111,M,"48,8641560","2,3694680",75
202000034542,20,9,2,14:15,1,2,3,1,3,75109,M,"48,8729990","2,3376570",75
202000034543,20,9,2,17:10,1,2,7,1,3,75108,M,"48,8668700","2,3211490",75
202000034544,20,9,2,22:30,5,2,3,1,7,75101,M,"48,8612530","2,3398140",75
202000034545,20,9,2,14:41,1,2,3,1,7,75101,M,"48,8614770","2,3391310",75
202000034546,20,9,2,22:40,5,2,1,1,6,94068,M,"48,7978850","2,4857940",94
202000034547,20,9,2,20:10,3,2,1,1,2,94046,M,"48,8024300","2,4336200",94
202000034548,20,9,2,17:10,1,2,2,1,3,94046,M,"48,8099400","2,4435300",94
202000034549,20,9,1,23:32,5,2,1,1,3,94076,M,"48,8041000","2,3641000",94
202000034550,20,9,2,19:30,1,2,1,1,1,94002,M,"48,8147640","2,4115840",94
202000034551,20,9,1,11:20,1,2,1,1,2,94002,M,"48,7921500","2,4256900",94
202000034552,20,9,2,12:00,1,2,3,1,3,93078,M,"48,9533000","2,5323000",93
202000034553,20,9,2,15:00,1,2,1,1,1,93048,M,"48,8574300","2,4240800",93
202000034554,20,9,2,19:30,1,2,1,1,3,92073,M,"48,8733420","2,2214370",92
202000034555,20,9,2,16:21,1,2,1,1,2,92051,M,"48,8826470","2,2768440",92
202000034556,20,9,1,09:00,1,2,5,1,3,92050,M,"48,8865153","2,2089922",92
202000034557,20,9,2,21:04,5,2,5,1,3,92026,M,"48,9021900","2,2395200",92
202000034558,20,9,2,08:15,1,2,2,1,3,92025,M,"48,9274100","2,2470200",92
202000034559,20,9,2,08:10,1,2,1,1,2,92012,M,"48,8307068","2,2521154",92
202000034560,20,9,3,09:20,1,1,1,1,7,11156,M,"43,3204295","2,2770989",11
202000034561,20,9,1,20:34,4,2,1,1,7,22213,M,"48,5342420"," -1,9785870",22
202000034562,20,8,24,11:05,1,1,1,1,2,11418,M,"43,2436080","2,0765450",11
202000034563,20,9,3,19:35,2,1,1,1,7,67362,M,"48,2487870","7,3564250",67
202000034564,20,9,3,07:50,1,1,1,1,2,26337,M,"44,7283590","4,7876630",26
202000034565,20,9,2,20:15,1,2,1,1,6,62408,M,"50,9023290","1,8809370",62
202000034566,20,9,2,19:30,1,2,4,1,6,62208,M,"50,2771330","2,3696090",62
202000034567,20,2,14,15:45,1,1,1,1,7,03158,M,"46,4846124","2,6557068",03
202000034568,20,8,27,13:45,1,2,1,1,7,57118,M,"49,3479410","6,3550330",57
202000034569,20,2,14,14:00,1,1,1,1,6,15188,M,"45,0235210","3,1207940",15
202000034570,20,9,1,20:45,2,1,2,1,3,51391,M,"49,2735469","3,8823650",51
202000034571,20,2,13,18:30,3,1,1,2,1,01408,M,"46,2511140","5,4239310",01
202000034572,20,9,1,09:10,1,1,1,1,7,51518,M,"49,3102146","3,9845072",51