Num_Acc,an,mois,jour,hrmn,lum,agg,int,atm,col,com,gps,lat,long,dep
202000034573,20,9,3,13:20,1,1,3,1,1,56072,M,"48,1009500"," -2,7915570",56
202000034574,20,2,14,05:10,3,1,1,1,6,50064,M,"49,3978200"," -1,4554740",50
202000034575,20,2,14,04:40,3,1,1,2,6,60667,M,"49,3110561","2,7472992",60
202000034576,20,9,2,20:50,2,1,1,1,6,74178,M,"45,9615210","5,9402940",74
202000034577,20,9,2,17:45,1,1,2,7,3,82152,M,"44,0210660","1,0754850",82
202000034578,20,9,2,10:45,1,2,7,1,6,82108,M,"44,0882242","1,2388783",82
202000034579,20,9,3,07:45,2,1,1,1,6,33140,M,"44,7836600"," -0,3256700",33
202000034580,20,2,12,18:30,5,2,1,1,1,18075,M,"47,0314260","3,0278050",18
202000034581,20,2,14,16:45,1,1,1,1,7,04141,M,"44,0118095","5,6976835",04
202000034582,20,8,31,13:35,1,2,1,1,6,71269,M,"46,7543690","4,8466930",71
202000034583,20,1,22,16:20,2,1,1,7,2,28136,M,"48,7081530","1,4167860",28
202000034584,20,2,13,15:45,1,1,1,2,7,87078,M,"45,9772810","0,9449740",87
202000034585,20,9,3,08:35,1,1,2,1,3,89283,M,"47,6433740","3,3846530",89
202000034586,20,2,14,18:30,3,1,1,1,6,87109,M,"46,2592440","1,0380150",87
202000034587,20,2,11,00:40,3,1,1,2,6,10083,M,"48,1874340","4,2800330",10
202000034588,20,9,2,20:32,2,1,1,1,5,63258,M,"45,6981157","3,5906628",63
202000034589,20,9,1,20:15,2,1,1,1,7,61484,M,"48,3053490","0,7143630",61
202000034590,20,9,3,02:15,3,1,1,1,6,12208,M,"43,9884920","2,7772240",12
202000034591,20,2,14,08:50,1,1,1,8,7,60030,M,"49,3453029","2,1073678",60
202000034592,20,9,2,15:15,1,1,1,1,7,12076,M,"44,5831780","2,3730470",12
202000034593,20,2,13,12:50,1,1,1,8,6,67106,M,"48,7729625","7,9413546",67
202000034594,20,2,11,18:00,2,1,1,1,2,34159,M,"43,5252150","3,8178780",34
202000034595,20,9,2,08:35,2,2,1,7,6,44015,M,"47,4739880"," -1,7635120",44
202000034596,20,2,9,10:24,1,1,1,1,-1,06152,M,"43,6427060","7,0252260",06
202000034597,20,2,13,11:24,1,1,9,6,7,79125,M,"46,2369570"," -0,4348200",79
202000034598,20,2,13,19:45,5,2,1,1,3,97360,G,"5,1624810"," -54,3379710",973
202000034599,20,9,2,18:00,1,2,1,1,3,29049,M,"47,9948110"," -3,8884900",29
202000034600,20,8,4,10:20,1,1,1,1,3,38439,M,"45,3683376","6,0005275",38
202000034601,20,9,2,20:15,1,1,1,1,6,02286,M,"49,9880520","3,7384790",02
202000034602,20,2,14,06:10,5,1,1,2,5,42056,M,"45,4183240","4,7379720",42
202000034603,20,2,14,09:45,1,1,1,1,6,98831,C," -20,8857610","164,6597360",988
202000034604,20,9,2,16:45,1,1,1,1,3,15248,M,"45,0541970","2,9211400",15
202000034605,20,2,14,07:35,3,1,1,5,3,33203,M,"45,2014500"," -1,0734800",33
202000034606,20,9,1,10:18,1,1,1,1,7,70408,M,"47,2874610","5,5919420",70
202000034607,20,9,3,16:34,1,1,1,1,6,58142,M,"46,9588600","3,7553290",58
202000034608,20,9,3,12:45,1,2,1,1,3,58232,M,"47,0057960","3,3923770",58
202000034609,20,9,3,19:25,1,1,1,1,6,58072,M,"46,9370190","3,2147880",58
202000034610,20,2,12,19:35,3,1,1,1,4,91207,M,"48,5853370","2,2338510",91
202000034611,20,2,14,11:30,1,2,3,1,6,2A247,M,"41,5990730","9,2730620",2A
202000034612,20,2,12,20:10,5,2,1,1,6,83019,M,"43,1227785","6,3563449",83
202000034613,20,2,14,11:00,1,1,1,1,6,89111,M,"48,2384150","3,4568530",89
202000034614,20,9,3,17:55,1,1,1,1,1,50087,M,"49,5637440"," -1,5828140",50
202000034615,20,9,2,12:40,1,1,1,1,3,60129,M,"49,5260172","3,0257979",60
202000034616,20,2,13,19:28,3,1,1,2,7,08263,M,"49,7339530","4,7992230",08
202000034617,20,2,14,15:00,1,1,1,1,6,55122,M,"48,7431440","5,5713130",55
202000034618,20,9,3,12:00,1,2,3,1,3,04217,M,"44,1362570","6,1325760",04
202000034619,20,2,12,17:50,2,2,1,1,3,74250,M,"46,0730720","6,3933590",74
202000034620,20,9,3,17:15,1,1,1,7,6,82033,M,"44,0553330","1,1024740",82
202000034621,20,9,3,11:10,1,1,1,1,2,13001,M,"43,5117750","5,4500660",13
202000034622,20,9,2,15:20,1,1,1,1,1,37173,M,"47,1465636","1,2967177",37
202000034623,20,2,13,17:40,2,1,1,6,1,42323,M,"45,5580260","4,3082210",42
202000034624,20,9,3,18:20,2,1,1,1,6,38173,M,"45,0407300","6,1244900",38
202000034625,20,9,3,17:00,1,1,1,1,2,30326,M,"44,0056110","4,7083070",30
202000034626,20,2,14,18:30,2,1,1,1,1,31395,M,"43,4663680","1,2625690",31
202000034627,20,9,2,18:30,2,2,1,1,3,97304,G,"5,1669421"," -52,6510119",973
202000034628,20,2,14,16:00,1,2,1,1,6,50554,M,"48,6819260"," -1,3375160",50
202000034629,20,9,3,14:15,1,1,1,1,1,2B205,M,"42,6956640","9,3328640",2B
202000034630,20,9,3,01:25,3,1,1,1,6,2A139,M,"41,6663560","9,3070610",2A
202000034631,20,8,29,20:04,2,1,1,1,2,84036,M,"43,9307860","4,9427440",84
202000034632,20,2,13,22:30,3,1,1,2,6,35012,M,"47,8497230"," -1,7190150",35
202000034633,20,2,14,14:20,1,2,1,1,6,60612,M,"49,2065637","2,5786248",60
202000034634,20,8,23,16:10,1,1,1,1,7,04062,M,"44,4559770","6,7441250",04
202000034635,20,2,14,03:28,3,1,3,1,6,60504,M,"49,3417252","2,1996807",60
202000034636,20,9,3,17:45,1,1,1,1,3,13049,M,"43,6888220","5,0937510",13
202000034637,20,2,14,03:00,3,1,1,1,7,60009,M,"49,3870418","2,1000419",60
202000034638,20,9,2,18:00,1,2,4,1,2,21021,M,"47,3459944","5,1865618",21
202000034639,20,2,14,18:45,5,2,1,1,3,59080,M,"50,4590853","3,2868379",59
202000034640,20,9,2,16:21,1,1,1,8,7,68063,M,"47,7958090","7,1574020",68
202000034641,20,2,12,18:00,3,1,1,1,2,13071,M,"43,3982862","5,2879424",13
202000034642,20,9,1,21:19,5,2,2,1,3,03315,M,"46,3969393","2,8563783",03
202000034643,20,2,13,14:45,1,1,1,1,7,13055,M,"43,2964590","5,4246080",13
202000034644,20,9,3,07:00,1,1,1,1,6,63141,M,"45,7858600","3,0406700",63
202000034645,20,2,12,07:30,1,1,1,1,4,13202,M,"43,2939070","5,3643000",13
202000034646,20,2,12,14:00,1,1,1,1,-1,69199,M,"45,7014400","4,8454400",69
202000034647,20,9,3,17:00,1,1,1,1,7,42132,M,"45,3862970","4,7258060",42
202000034648,20,2,13,12:30,1,1,1,2,7,91521,M,"48,6362000","2,4028000",91
202000034649,20,9,2,14:45,1,2,1,1,3,38109,M,"45,7007130","5,2164190",38
202000034650,20,2,13,11:05,1,1,1,2,5,91617,M,"48,6375000","2,5353000",91
202000034651,20,9,3,12:15,1,1,1,1,7,38442,M,"45,3506900","5,7846100",38
202000034652,20,2,12,16:45,1,1,1,1,6,91471,M,"48,7156000","2,1731000",91
202000034653,20,2,13,19:30,3,1,1,1,4,78423,M,"48,7933800","2,0523800",78
202000034654,20,9,3,06:30,2,1,1,1,6,26038,M,"45,0355900","4,9346200",26
202000034655,20,2,12,08:50,1,1,1,1,3,95572,M,"49,0344900","2,1016100",95
202000034656,20,2,11,20:15,3,1,1,1,2,93063,M,"48,8774500","2,4448600",93
202000034657,20,9,3,06:55,1,1,3,1,3,26085,M,"44,5044560","4,7438510",26
202000034658,20,2,13,19:35,3,1,1,2,3,94079,M,"48,8271600","2,5247300",94
202000034659,20,8,29,12:35,1,1,9,1,7,01276,M,"45,8268050","5,0675950",01
202000034660,20,2,13,18:45,3,1,1,2,2,93051,M,"48,8354100","2,5674200",93
202000034661,20,8,21,18:30,1,2,1,7,3,69140,M,"45,8976705","4,7009804",69
202000034662,20,2,13,16:00,1,1,1,1,2,94073,M,"48,7715133","2,3920170",94
202000034663,20,9,1,15:20,1,1,1,1,6,09160,M,"42,9234860","1,8687700",09
202000034664,20,2,13,06:20,3,1,1,1,2,77449,M,"48,8336962","2,7968183",77
202000034665,20,9,3,09:10,1,2,1,1,7,64422,M,"43,1917820"," -0,6127670",64
202000034666,20,2,12,23:30,5,2,3,1,1,97416,R," -21,3435000","55,4743000",974
202000034667,20,9,3,13:50,1,2,1,1,-1,50099,M,"49,3090950"," -1,2545120",50
202000034668,20,2,11,17:30,1,1,1,2,7,97416,R," -21,2843700","55,4669000",974
202000034669,20,2,10,10:30,1,2,2,1,3,97411,R," -20,8838486","55,4503967",974
202000034670,20,2,11,11:00,1,2,3,1,3,97411,R," -20,8839528","55,4504204",974
202000034671,20,2,11,11:25,1,2,1,1,6,97407,R," -20,9396400","55,3044400",974
202000034672,20,9,2,16:00,1,1,1,1,7,13215,M,"43,3580400","5,3628000",13
202000034673,20,2,12,16:30,1,2,1,1,3,97302,G,"4,9357000"," -52,3131000",973
202000034674,20,9,1,15:07,1,1,1,1,6,62239,M,"50,9261940","1,8022730",62
202000034675,20,2,11,12:40,1,1,6,1,3,97302,G,"4,8970086"," -52,3284066",973
202000034676,20,8,31,16:00,1,1,1,1,6,59143,M,"50,6644170","2,8855600",59
202000034677,20,2,12,09:00,1,2,2,1,1,69387,M,"45,7434000","4,8472000",69
202000034678,20,2,11,11:00,1,2,1,1,6,69381,M,"45,7687000","4,8355000",69
202000034679,20,2,12,18:45,1,2,3,1,1,2A004,M,"41,9315400","8,7403500",2A
202000034680,20,8,21,00:50,3,1,1,1,6,59509,M,"50,3993070","3,1063060",59
202000034681,20,2,11,18:30,2,1,1,1,4,95277,M,"48,9810180","2,4672590",95
202000034682,20,9,2,08:36,1,1,1,1,4,91363,M,"48,6526790","2,1814840",91
202000034683,20,2,11,23:59,3,1,1,1,7,91103,M,"48,5945700","2,3117300",91
202000034684,20,2,11,13:55,1,2,3,2,6,90010,M,"47,6328100","6,8599200",90
202000034685,20,2,11,19:30,5,2,2,1,3,87085,M,"45,8259400","1,2507500",87
202000034686,20,2,12,15:05,1,2,1,1,2,83034,M,"43,1116868","6,0520389",83
202000034687,20,9,2,08:35,1,1,1,1,4,94065,M,"48,7548400","2,3460300",94
202000034688,20,2,11,16:35,1,1,1,1,1,76157,M,"49,4316000","1,0133700",76
202000034689,20,9,2,07:00,1,1,1,1,3,91286,M,"48,6558800","2,3785700",91
202000034690,20,2,11,13:40,1,2,1,1,3,71306,M,"46,6776001","4,3649444",71
202000034691,20,9,2,10:35,1,1,1,1,4,92025,M,"48,9185500","2,2233900",92
202000034692,20,2,12,15:15,1,2,1,1,6,69266,M,"45,7789000","4,8918300",69
202000034693,20,9,2,08:00,1,1,1,1,4,78007,M,"48,8946900","2,0075050",78
202000034694,20,2,11,17:20,2,2,1,6,3,67482,M,"48,5966450","7,7757140",67
202000034695,20,2,11,09:20,1,2,1,6,2,67482,M,"48,5725071","7,7502474",67
202000034696,20,2,11,17:40,1,2,3,1,3,66136,M,"42,7033013","2,8846683",66
202000034697,20,9,2,07:15,1,1,1,1,3,92025,M,"48,9335186","2,2533307",92
202000034698,20,2,11,12:05,1,2,1,2,6,64445,M,"43,3102000"," -0,3599400",64
202000034699,20,2,10,17:53,1,2,1,1,6,63113,M,"45,7907200","3,1125900",63
202000034700,20,9,2,18:00,1,1,1,1,4,93053,M,"48,8838500","2,4599500",93
202000034701,20,2,7,13:00,1,2,1,1,3,62548,M,"50,9472800","1,9315340",62
202000034702,20,2,12,19:30,5,2,1,1,2,59350,M,"50,6180200","3,0713700",59
202000034703,20,9,2,10:30,1,1,1,1,3,95527,M,"48,9870819","2,5051041",95
202000034704,20,1,23,16:30,1,2,2,1,3,59350,M,"50,6352500","3,0581100",59
202000034705,20,9,2,06:40,2,1,1,1,4,93078,M,"48,9691200","2,5057300",93
202000034706,20,2,12,00:45,5,2,1,1,6,59509,M,"50,4177700","3,0988700",59
202000034707,20,6,18,05:00,2,1,1,1,6,69163,M,"45,9256713","4,7594001",69
202000034708,20,2,12,22:40,5,2,1,1,6,57463,M,"49,1107769","6,1833065",57
202000034709,20,2,11,08:30,1,2,1,8,2,56260,M,"47,6800100"," -2,7709600",56
202000034710,20,2,12,14:00,1,2,1,1,4,51454,M,"49,2348800","4,0412400",51
202000034711,20,6,30,16:30,1,1,6,1,6,91549,M,"48,6202930","2,3380930",91
202000034712,20,2,12,08:00,2,2,1,8,2,51172,M,"49,2212577","4,0642085",51
202000034713,20,2,11,16:29,1,2,1,1,5,49007,M,"47,4604600"," -0,5516400",49
202000034714,20,3,6,22:15,3,1,4,1,3,62510,M,"50,4365000","2,7504600",62
202000034715,20,2,12,16:10,1,2,1,1,3,45234,M,"47,9021900","1,9312500",45
202000034716,20,2,11,13:35,1,2,2,1,3,45208,M,"47,9982800","2,7463920",45
202000034717,20,8,30,14:04,1,2,1,1,6,98818,C," -22,2668300","166,4146900",988
202000034718,20,2,12,08:01,1,2,1,1,2,44109,M,"47,2583738"," -1,5555847",44
202000034719,20,8,28,20:35,5,2,3,3,1,98818,C," -22,2789100","166,4626100",988
202000034720,20,2,12,07:05,1,2,3,1,3,37261,M,"47,3741447","0,6986647",37
202000034721,20,2,12,17:50,1,1,1,1,3,35278,M,"48,1416000"," -1,6707000",35
202000034722,20,2,12,15:20,1,2,6,1,7,35238,M,"48,1225700"," -1,6512500",35
202000034723,20,8,27,14:57,1,2,3,1,3,98818,C," -22,2309900","166,4495900",988
202000034724,20,9,1,17:05,1,1,3,1,3,97416,R," -21,3034500","55,4602000",974
202000034725,20,2,12,12:30,1,2,3,1,3,33063,M,"44,8834079"," -0,5715453",33
202000034726,20,9,1,15:58,1,2,1,1,1,97411,R," -20,8782954","55,4454620",974
202000034727,20,2,12,11:40,1,2,2,1,3,33063,M,"44,8333600"," -0,5986000",33
202000034728,20,2,12,08:54,2,2,1,2,6,33063,M,"44,8509500"," -0,5744000",33
202000034729,20,2,12,16:50,1,1,1,1,5,32013,M,"43,6654000","0,5702000",32
202000034730,20,8,31,10:20,1,2,1,7,2,97302,G,"4,9343038"," -52,3172808",973
202000034731,20,2,11,17:30,1,1,1,1,5,31555,M,"43,6238400","1,4179600",31
202000034732,20,9,1,21:50,5,2,2,1,3,69387,M,"45,7343101","4,8296352",69
202000034733,20,1,17,17:00,2,2,1,2,6,27229,M,"49,0066800","1,1465300",27
202000034734,20,9,1,14:20,1,2,1,1,6,69387,M,"45,7556400","4,8421000",69
202000034735,20,2,12,17:15,1,2,1,8,2,25056,M,"47,2714700","6,0447800",25
202000034736,20,9,1,11:45,1,2,1,1,6,69386,M,"45,7653500","4,8589600",69
202000034737,20,2,12,12:30,1,2,2,1,3,14118,M,"49,1717900"," -0,3485700",14
202000034738,20,2,12,00:20,5,2,1,1,7,13117,M,"43,4235130","5,2745110",13
202000034739,20,2,11,12:20,1,1,9,1,3,13117,M,"43,4234557","5,2402478",13
202000034740,20,2,13,01:00,5,2,1,1,3,13210,M,"43,3000000","5,4000000",13
202000034741,20,2,12,19:44,5,2,1,1,6,13207,M,"43,2920000","5,3590000",13
202000034742,20,2,12,20:25,5,2,1,1,3,13215,M,"43,3849000","5,3586000",13
202000034743,20,2,12,16:15,1,2,2,1,3,13202,M,"43,3000000","5,4000000",13
202000034744,20,2,12,12:50,1,2,1,1,6,13215,M,"43,3719440","5,3649360",13
202000034745,20,2,12,02:50,5,2,1,1,6,13209,M,"43,2634500","5,4043900",13
202000034746,20,2,12,10:30,1,2,9,1,7,13001,M,"43,4796900","5,4146600",13
202000034747,20,2,3,10:50,1,2,1,1,3,13001,M,"43,5288900","5,4161050",13
202000034748,20,2,12,15:46,1,2,1,2,2,10387,M,"48,2993000","4,0658700",10
202000034749,20,2,11,19:40,5,2,2,1,7,10387,M,"48,2800000","4,0874000",10
202000034750,20,2,12,07:25,2,1,3,1,1,03262,M,"46,3744890","2,5923552",03
202000034751,20,2,12,18:50,1,2,1,1,2,75116,M,"48,8763230","2,2785250",75
202000034752,20,1,14,08:15,1,2,1,1,2,75120,M,"48,8651730","2,4134290",75
202000034753,20,2,12,09:50,1,2,1,1,3,75106,M,"48,8578320","2,3357680",75
202000034754,20,2,12,20:40,5,2,1,1,6,75120,M,"48,8522480","2,4035910",75
202000034755,20,2,12,11:30,1,2,1,1,6,75120,M,"48,8690050","2,3830890",75
202000034756,20,2,12,13:25,1,2,3,1,3,75119,M,"48,8843440","2,3913020",75
202000034757,20,2,11,12:30,1,2,3,1,2,75118,M,"48,8933170","2,3596210",75
202000034758,20,2,12,15:40,1,2,1,1,3,75117,M,"48,8794900","2,2905720",75
202000034759,20,2,12,12:40,1,2,4,1,3,75117,M,"48,8981430","2,3240390",75
202000034760,20,2,12,09:10,1,2,7,1,2,75116,M,"48,8679960","2,2960150",75
202000034761,20,2,11,22:28,5,2,3,8,-1,75115,M,"48,8334880","2,2865880",75
202000034762,20,2,12,11:40,1,2,2,1,2,75114,M,"48,8274820","2,3348190",75
202000034763,20,2,12,09:45,1,2,1,1,6,75113,M,"48,8299460","2,3569720",75
202000034764,20,2,12,15:00,1,2,1,1,6,75111,M,"48,8550330","2,3739690",75
202000034765,20,2,12,00:55,5,2,2,1,3,75110,M,"48,8785340","2,3540540",75
202000034766,20,2,12,13:55,1,2,1,1,3,75108,M,"48,8772870","2,3031660",75
202000034767,20,2,12,17:00,1,2,1,1,3,75104,M,"48,8563290","2,3499870",75
202000034768,20,2,12,11:15,1,2,3,1,-1,75101,M,"48,8590330","2,3398920",75
202000034769,20,2,12,07:50,1,2,9,1,1,94044,M,"48,7472000","2,4899000",94
202000034770,20,2,11,07:20,5,2,3,2,6,94046,M,"48,8123740","2,4282710",94
202000034771,20,2,11,13:20,1,2,9,1,3,94003,M,"48,8084230","2,3317770",94
202000034772,20,2,12,14:50,1,2,1,1,2,94034,M,"48,7542200","2,3268700",94
202000034773,20,2,12,07:15,5,2,1,1,6,94071,M,"48,7710000","2,5080000",94
202000034774,20,2,12,15:30,1,2,1,1,-1,93051,M,"48,8492855","2,5371980",93
202000034775,20,2,12,21:10,5,2,1,1,6,93048,M,"48,8563472","2,4266294",93
202000034776,20,2,12,18:00,1,2,9,1,3,93031,M,"48,9524900","2,3072600",93
202000034777,20,2,12,12:05,1,2,1,1,3,93031,M,"48,9499900","2,3411000",93
202000034778,20,2,9,13:30,1,2,9,6,6,93029,M,"48,9161538","2,4363179",93
202000034779,20,2,12,15:18,1,2,2,1,6,93013,M,"48,9332000","2,4242000",93
202000034780,20,2,12,17:00,1,2,6,1,6,93008,M,"48,9081142","2,4530883",93
202000034781,20,2,12,11:35,1,2,1,1,6,92064,M,"48,8428383","2,2204292",92
202000034782,20,2,12,06:45,5,2,3,1,6,92033,M,"48,8512828","2,1922816",92
202000034783,20,2,11,17:00,1,2,9,2,6,92050,M,"48,9187029","2,2214306",92
202000034784,20,2,12,18:40,5,2,6,1,6,92026,M,"48,9025100","2,2747800",92
202000034785,20,2,10,14:30,1,2,2,2,3,92025,M,"48,9238960","2,2405570",92
202000034786,20,2,12,11:09,1,1,1,1,4,08145,M,"49,6755570","5,0127270",08
202000034787,20,2,12,20:05,5,2,6,1,3,69277,M,"45,7332310","4,9925350",69
202000034788,20,2,13,18:00,1,2,3,1,3,97405,R," -21,3563720","55,5657360",974
202000034789,20,2,13,10:30,1,2,1,1,6,97225,A,"14,7429900"," -61,1762460",972
202000034790,20,2,13,18:50,2,1,1,1,3,97414,R," -21,2790470","55,4133220",974
202000034791,20,2,12,18:05,2,1,2,1,3,41259,M,"47,7714400","0,9698610",41
202000034792,20,2,12,14:15,1,1,1,1,6,79190,M,"46,6681990"," -0,4409500",79
202000034793,20,2,13,18:10,2,1,1,1,1,79213,M,"46,6227170"," -0,2412490",79
202000034794,20,2,13,07:50,2,1,1,3,3,79285,M,"46,6031540"," -0,2873450",79
202000034795,20,2,12,10:45,1,1,1,1,1,79109,M,"46,3722200"," -0,4234500",79
202000034796,20,2,10,08:25,1,1,1,1,7,32172,M,"43,5675190","0,5261850",32
202000034797,20,2,13,16:30,1,1,1,1,3,63148,M,"45,8901454","3,2349365",63
202000034798,20,2,13,07:20,1,1,1,1,1,42181,M,"45,9871900","4,2154620",42
202000034799,20,2,13,00:30,3,1,1,2,7,22229,M,"48,2883310"," -3,2396780",22
202000034800,20,2,12,06:00,5,2,6,8,6,44036,M,"47,7182830"," -1,3722220",44
202000034801,20,1,31,16:30,1,1,1,1,6,31522,M,"43,2962540","0,8231270",31
202000034802,20,2,12,19:00,3,2,1,1,1,38269,M,"44,9098610","5,7826760",38
202000034803,20,2,12,08:00,1,1,2,1,3,03157,M,"46,2270508","3,5179324",03
202000034804,20,2,13,15:15,1,2,1,1,5,01304,M,"46,0576950","5,3323390",01
202000034805,20,2,12,17:50,2,1,1,2,7,70369,M,"47,6290920","5,7932709",70
202000034806,20,2,12,17:40,2,1,1,1,7,26013,M,"44,3699210","5,2594790",26
202000034807,20,2,12,22:45,3,1,1,2,6,50648,M,"49,4961950"," -1,5145760",50
202000034808,20,2,13,17:30,1,2,1,1,6,64331,M,"43,4496830"," -0,1119930",64
202000034809,20,2,11,08:15,2,1,1,6,7,36010,M,"46,8747344","1,0922948",36
202000034810,20,2,13,07:30,3,1,2,6,1,85073,M,"46,5095900"," -1,1607300",85
202000034811,20,2,12,11:45,1,2,1,1,2,98725,P," -17,5625910"," -149,4760510",987
202000034812,20,2,12,21:30,5,1,2,1,3,97107,A,"16,0764520"," -61,5621980",971
202000034813,20,2,13,11:42,1,1,1,3,4,89399,M,"48,2431820","3,3603680",89
202000034814,20,2,13,18:00,3,1,1,1,1,26367,M,"44,3723370","5,1111530",26
202000034815,20,2,11,19:15,3,1,1,1,5,69188,M,"45,9216925","4,4723654",69
202000034816,20,2,13,08:00,2,1,1,3,3,72025,M,"47,6930460"," -0,1288860",72
202000034817,20,2,12,14:10,1,1,1,1,1,27676,M,"49,2327810","1,3807260",27
202000034818,20,2,12,16:55,1,2,1,1,6,60141,M,"49,1896310","2,4628794",60
202000034819,20,2,12,14:24,1,2,2,1,3,60682,M,"49,2545012","2,6533270",60
202000034820,20,2,12,11:40,1,2,2,2,3,80759,M,"49,6477016","2,7520196",80
202000034821,20,2,12,13:00,1,1,1,1,2,13215,M,"43,3649769","5,3604222",13
202000034822,20,2,12,18:20,1,1,1,1,2,33249,M,"44,8835700"," -0,5200300",33
202000034823,20,2,12,12:55,1,1,1,1,2,94065,M,"48,7456000","2,3601000",94
202000034824,20,2,12,09:10,1,1,1,1,4,94038,M,"48,7787900","2,3466500",94
202000034825,20,2,12,09:55,1,1,1,1,2,94034,M,"48,7614000","2,3158800",94
202000034826,20,2,12,10:00,1,1,1,1,2,92050,M,"48,9179053","2,2225480",92
202000034827,20,2,10,19:25,3,1,1,1,4,78402,M,"48,9638860","1,7922220",78
202000034828,20,2,10,00:55,3,1,1,2,4,94017,M,"48,8304000","2,4896000",94
202000034829,20,2,10,12:20,1,2,4,1,4,75119,M,"48,8810310","2,4041290",75
202000034830,20,2,11,06:52,5,2,4,2,6,75113,M,"48,8157730","2,3607040",75
202000034831,20,2,11,11:47,1,2,3,1,6,75120,M,"48,8626900","2,4066730",75
202000034832,20,2,11,18:15,2,2,7,2,3,75119,M,"48,8781430","2,4093520",75
202000034833,20,2,8,21:25,5,2,2,8,3,75119,M,"48,8921760","2,3750800",75
202000034834,20,2,11,09:25,1,2,1,1,6,75118,M,"48,8972040","2,3288660",75
202000034835,20,2,11,09:45,1,2,1,8,7,75117,M,"48,8936400","2,3119300",75
202000034836,20,2,10,20:30,5,2,1,3,2,75112,M,"48,8341300","2,4548590",75
202000034837,20,7,30,10:00,1,2,1,1,5,64140,M,"43,5146600"," -1,4887000",64
202000034838,20,7,31,22:20,5,1,1,1,6,59043,M,"50,7168784","2,6931041",59
202000034839,20,7,29,11:35,1,2,1,1,2,58194,M,"46,9923600","3,1597000",58
202000034840,20,7,31,07:50,1,1,1,1,2,56260,M,"47,6698000"," -2,7421600",56
202000034841,20,7,30,10:17,1,2,9,1,3,56121,M,"47,7397800"," -3,3908700",56
202000034842,20,7,27,10:05,1,2,1,1,7,55043,M,"49,1721066","5,3830906",55
202000034843,20,7,30,16:08,1,1,1,1,1,54483,M,"48,6240000","6,3163000",54
202000034844,20,7,30,10:00,1,2,1,1,2,49328,M,"47,2659000"," -0,0927600",49
202000034845,20,7,31,05:33,5,2,1,1,3,49007,M,"47,4556700"," -0,5298800",49
202000034846,20,7,31,17:00,1,2,1,1,6,45068,M,"48,0219000","2,7202000",45
202000034847,20,7,30,14:10,1,2,1,7,2,44184,M,"47,2660000"," -2,2556000",44
202000034848,20,7,31,16:00,5,2,1,1,7,44109,M,"47,2529293"," -1,5301734",44
202000034849,20,8,10,17:12,1,2,2,1,3,38151,M,"45,1473500","5,7013400",38
202000034850,20,7,30,18:40,1,2,1,1,3,38185,M,"45,1836800","5,7387300",38
202000034851,20,7,31,16:10,1,2,1,1,3,37261,M,"47,3959157","0,6806541",37
202000034852,20,7,29,12:20,1,2,3,1,3,37233,M,"47,3819004","0,7121789",37
202000034853,20,7,31,21:15,1,2,1,1,5,34172,M,"43,6213602","3,8151942",34
202000034854,20,7,31,21:10,2,2,3,1,3,33063,M,"44,8588300"," -0,5567100",33
202000034855,20,7,6,15:05,1,2,1,1,6,33063,M,"44,8432300"," -0,5698700",33
202000034856,20,7,30,10:25,1,2,3,1,1,33550,M,"44,7738800"," -0,5315600",33
202000034857,20,7,31,04:00,5,2,3,1,2,33063,M,"44,8676700"," -0,5758500",33
202000034858,20,7,31,09:35,1,2,3,1,1,33529,M,"44,6166400"," -1,1133700",33
202000034859,20,7,31,07:55,1,2,1,1,3,31555,M,"43,5985100","1,4565600",31
202000034860,20,7,30,19:45,1,2,1,1,3,31555,M,"43,6264000","1,4764100",31
202000034861,20,7,30,01:40,4,2,1,1,6,31149,M,"43,6111800","1,3058800",31
202000034862,20,7,31,07:40,1,2,1,1,3,30007,M,"44,1264400","4,0718100",30
202000034863,20,7,30,15:25,1,2,2,1,6,29039,M,"47,8708500"," -3,9212400",29
202000034864,20,7,31,14:50,1,2,1,1,3,27229,M,"49,0220700","1,1431800",27
202000034865,20,7,31,10:29,1,2,1,1,6,17300,M,"46,1668900"," -1,1363500",17
202000034866,20,7,30,14:47,1,2,1,1,2,17200,M,"46,1792479"," -1,1531495",17
202000034867,20,7,30,02:10,5,2,1,1,6,13026,M,"43,3885250","5,1468340",13
202000034868,20,7,31,20:40,2,2,1,1,1,13213,M,"43,3405200","5,4124700",13
202000034869,20,7,28,21:40,5,2,2,1,3,13206,M,"43,2912000","5,3808000",13
202000034870,20,7,30,19:45,1,2,1,1,3,13212,M,"43,2945900","5,4161660",13
202000034871,20,7,30,14:30,1,2,1,1,1,13209,M,"43,2510740","5,4220200",13
202000034872,20,7,31,05:50,2,1,1,1,1,13001,M,"43,5377100","5,3819700",13
202000034873,20,7,30,20:40,2,2,3,1,3,11262,M,"43,1918600","3,0147800",11
202000034874,20,7,30,05:30,2,1,1,1,7,11397,M,"43,2044870","2,4164570",11
202000034875,20,7,31,07:36,1,2,1,1,6,10333,M,"48,2895000","4,0451000",10
202000034876,20,7,28,16:55,1,2,9,1,3,06104,M,"43,7648100","7,4808700",06
202000034877,20,7,28,15:07,1,1,1,1,5,02408,M,"49,5606770","3,6404000",02
202000034878,20,7,31,15:05,1,2,3,1,6,75105,M,"48,8483320","2,3415260",75