Num_Acc,an,mois,jour,hrmn,lum,agg,int,atm,col,com,gps,lat,long,dep
202000034879,20,7,30,20:30,1,2,1,1,6,75106,M,"48,8502370","2,3372010",75
202000034880,20,7,31,12:10,1,2,1,1,-1,75120,M,"48,8773920","2,4115320",75
202000034881,20,7,30,20:30,1,2,3,1,4,75120,M,"48,8772020","2,4100320",75
202000034882,20,7,31,19:13,1,2,2,1,3,75119,M,"48,8897550","2,3957060",75
202000034883,20,7,31,00:30,5,2,4,1,2,75119,M,"48,8904210","2,3964240",75
202000034884,20,7,31,00:01,5,2,3,1,1,75117,M,"48,8866080","2,3260020",75
202000034885,20,7,31,17:30,1,2,1,1,3,75116,M,"48,8491420","2,2420510",75
202000034886,20,7,31,07:15,1,2,1,1,6,75116,M,"48,8663650","2,2924380",75
202000034887,20,7,30,23:20,5,2,2,9,6,75117,M,"48,8796430","2,2947100",75
202000034888,20,7,31,13:10,1,2,3,1,7,75115,M,"48,8529100","2,2866420",75
202000034889,20,7,31,08:05,1,2,2,1,3,75115,M,"48,8450040","2,3106510",75
202000034890,20,7,31,08:43,1,2,1,1,6,75113,M,"48,8248600","2,3879780",75
202000034891,20,7,30,11:27,1,2,1,1,3,75113,M,"48,8430290","2,3663690",75
202000034892,20,7,31,18:55,1,2,3,1,2,75112,M,"48,8514600","2,3692250",75
202000034893,20,7,31,17:10,1,2,1,1,6,75107,M,"48,8591010","2,2936270",75
202000034894,20,7,30,20:20,1,2,1,1,3,75107,M,"48,8585100","2,2927350",75
202000034895,20,7,31,10:05,1,2,3,7,3,75107,M,"48,8627490","2,3116540",75
202000034896,20,7,31,01:59,5,2,7,1,3,75107,M,"48,8607430","2,3187540",75
202000034897,20,7,28,09:30,1,2,3,1,7,75101,M,"48,8607090","2,3457780",75
202000034898,20,7,31,12:00,1,2,5,1,3,94080,M,"48,8475600","2,4524900",94
202000034899,20,7,31,10:50,1,2,1,1,3,94046,M,"48,8052800","2,4394400",94
202000034900,20,7,31,09:15,1,2,1,1,6,94003,M,"48,8122300","2,3281900",94
202000034901,20,7,31,18:55,1,2,1,1,6,94041,M,"48,8179900","2,3983200",94
202000034902,20,7,31,09:00,1,2,1,1,6,94077,M,"48,7314300","2,4148500",94
202000034903,20,7,31,14:40,1,2,1,1,1,94017,M,"48,8251120","2,5013440",94
202000034904,20,7,31,13:40,1,2,1,1,6,94017,M,"48,8299220","2,5023820",94
202000034905,20,7,31,10:30,1,2,1,1,6,94017,M,"48,8193400","2,4989710",94
202000034906,20,7,30,05:40,5,2,2,1,2,94017,M,"48,8294070","2,4931690",94
202000034907,20,7,31,07:50,1,2,9,1,6,93066,M,"48,9297182","2,3601852",93
202000034908,20,7,29,13:20,1,2,1,1,4,93066,M,"48,9409634","2,3670157",93
202000034909,20,7,31,16:30,1,2,1,1,2,93051,M,"48,8503200","2,5529700",93
202000034910,20,7,31,11:45,1,2,2,1,3,93074,M,"48,9397800","2,5691200",93
202000034911,20,7,30,18:00,1,2,2,1,2,93045,M,"48,8790500","2,4130700",93
202000034912,20,7,31,17:34,1,2,2,8,5,93014,M,"48,9144700","2,5456800",93
202000034913,20,7,30,23:47,5,2,9,1,3,93008,M,"48,9090600","2,4490400",93
202000034914,20,7,31,14:00,1,2,1,1,6,92033,M,"48,8443000","2,1884400",92
202000034915,20,7,28,22:10,2,2,1,1,3,92050,M,"48,8863041","2,2111546",92
202000034916,20,7,31,14:50,1,2,1,1,3,92044,M,"48,9017512","2,2861401",92
202000034917,20,7,31,07:30,1,2,2,1,-1,92040,M,"48,8269710","2,2792230",92
202000034918,20,7,30,17:25,1,2,1,1,3,92036,M,"48,9264870","2,2847120",92
202000034919,20,8,1,05:00,3,1,1,1,6,26231,M,"45,0898910","5,0088540",26
202000034920,20,8,1,02:30,3,1,1,1,5,77415,M,"48,9405220","3,0327215",77
202000034921,20,8,1,16:40,1,1,1,1,2,83031,M,"43,4011810","6,3666200",83
202000034922,20,7,16,18:30,1,2,1,1,1,85159,M,"46,4723100"," -1,0409700",85
202000034923,20,7,31,17:00,1,1,1,1,6,35014,M,"48,0052850"," -1,2746070",35
202000034924,20,8,1,17:15,1,2,1,1,6,60207,M,"49,2853610","3,0282950",60
202000034925,20,7,31,18:30,1,1,1,1,2,44086,M,"47,6818660"," -1,5935920",44
202000034926,20,7,31,16:00,1,1,1,1,1,30221,M,"44,0385840","4,7287560",30
202000034927,20,7,31,19:00,1,1,1,1,1,50214,M,"48,9305140"," -1,0952430",50
202000034928,20,7,31,09:40,1,1,1,1,5,47108,M,"44,4874510","0,1294330",47
202000034929,20,8,1,12:35,1,1,1,1,1,41278,M,"47,6556140","0,9576880",41
202000034930,20,7,31,18:10,1,2,1,1,7,77022,M,"48,4429710","2,6121870",77
202000034931,20,8,1,15:45,1,2,3,1,3,56251,M,"47,6290840"," -2,6674710",56
202000034932,20,7,31,19:30,1,1,1,1,6,56053,M,"47,7382130"," -2,6095110",56
202000034933,20,8,1,16:55,1,1,9,7,2,74109,M,"46,0888650","5,8357290",74
202000034934,20,7,30,22:15,3,2,1,1,7,2A006,M,"41,9739075","8,7425657",2A
202000034935,20,8,1,16:50,1,1,3,1,3,2B150,M,"42,5662540","8,8204600",2B
202000034936,20,8,1,19:15,1,1,1,1,6,32210,M,"43,5612840","1,1280780",32
202000034937,20,8,1,01:15,3,1,1,1,1,49069,M,"47,2784500"," -1,1743030",49
202000034938,20,8,1,09:20,1,1,1,1,6,12291,M,"44,2112800","3,0765470",12
202000034939,20,8,1,12:49,1,1,1,2,6,47301,M,"44,5591630","0,3087760",47
202000034940,20,7,31,17:35,1,1,2,1,3,41280,M,"47,2862760","1,7694640",41
202000034941,20,8,1,03:15,3,1,1,1,6,68060,M,"47,7334280","7,1329490",68
202000034942,20,7,31,07:30,1,1,4,7,3,39470,M,"46,4675610","6,0685300",39
202000034943,20,7,31,19:30,1,1,3,1,3,25424,M,"47,1001140","6,3484670",25
202000034944,20,8,1,15:20,1,1,1,1,6,25561,M,"47,1687690","5,9058810",25
202000034945,20,8,1,10:20,1,2,1,1,3,35297,M,"48,1833030"," -2,1850400",35
202000034946,20,7,31,20:15,1,1,1,2,1,29069,M,"48,4025885"," -4,5444197",29
202000034947,20,8,1,01:20,3,1,1,2,6,29173,M,"48,0064131"," -4,1712951",29
202000034948,20,7,31,17:30,1,1,1,1,1,38001,M,"45,5525180","5,5847560",38
202000034949,20,7,31,14:45,1,2,1,1,6,01306,M,"46,2602510","4,8878220",01
202000034950,20,7,25,13:25,1,2,9,1,6,66025,M,"42,4332840","1,9460280",66
202000034951,20,8,1,17:30,1,1,1,1,1,06079,M,"43,5177660","6,9367560",06
202000034952,20,8,1,08:50,1,1,1,1,6,18231,M,"46,7310220","2,5906060",18
202000034953,20,7,19,18:10,1,1,1,1,2,10287,M,"48,2714330","4,3694040",10
202000034954,20,7,31,21:20,2,1,1,1,6,16181,M,"46,0446420","0,6633850",16
202000034955,20,7,30,13:40,1,1,1,1,7,53262,M,"48,0749110"," -0,5513550",53
202000034956,20,8,1,02:30,3,1,1,1,7,24504,M,"45,2008120","0,3902960",24
202000034957,20,7,31,17:00,1,1,1,1,7,17223,M,"45,8717580"," -0,2318240",17
202000034958,20,8,1,14:30,1,1,1,1,-1,48016,M,"44,4765050","3,4653010",48
202000034959,20,9,28,09:50,1,2,9,1,2,33063,M,"44,8701400"," -0,5665900",33
202000034960,20,8,1,08:00,1,1,1,1,7,48016,M,"44,4668970","3,4585050",48
202000034961,20,8,1,11:05,1,2,4,1,3,52332,M,"47,9990530","5,4587780",52
202000034962,20,9,28,08:20,1,2,3,1,3,33522,M,"44,7884260"," -0,5869370",33
202000034963,20,7,31,18:20,1,1,1,1,2,49301,M,"47,0952020"," -1,0106460",49
202000034964,20,9,28,15:15,1,2,1,1,2,32013,M,"43,6284200","0,5793700",32
202000034965,20,8,1,01:15,3,1,1,1,2,80160,M,"49,8532769","2,3562455",80
202000034966,20,9,25,18:15,1,2,1,1,3,31555,M,"43,5603200","1,3937500",31
202000034967,20,8,1,06:30,2,1,1,1,6,01254,M,"46,1659810","5,2998730",01
202000034968,20,9,25,13:20,1,2,1,2,2,31555,M,"43,6071000","1,4471200",31
202000034969,20,7,31,01:00,3,1,1,1,6,18038,M,"46,7930380","2,4137310",18
202000034970,20,9,27,08:00,1,2,2,1,1,29232,M,"47,9870300"," -4,1079900",29
202000034971,20,8,1,03:45,3,1,1,1,2,17038,M,"45,1739220"," -0,3312740",17
202000034972,20,9,28,07:50,1,2,1,2,2,26362,M,"44,9280800","4,9062500",26
202000034973,20,7,31,16:10,1,1,2,7,2,77069,M,"48,4574160","2,5879130",77
202000034974,20,9,28,18:35,1,2,1,1,2,17200,M,"46,1724200"," -1,1741300",17
202000034975,20,8,1,10:46,1,1,1,1,1,77437,M,"49,0423690","2,7723530",77
202000034976,20,9,28,10:20,1,2,1,1,2,17028,M,"46,1312900"," -1,0991650",17
202000034977,20,8,1,00:10,3,1,1,1,2,77393,M,"48,6875090","2,9646030",77
202000034978,20,9,28,19:38,1,2,1,1,7,14030,M,"49,2092838"," -0,4222172",14
202000034979,20,9,28,12:25,1,2,3,1,3,14327,M,"49,2049578"," -0,3489017",14
202000034980,20,9,27,10:00,1,2,1,1,6,14118,M,"49,1686800"," -0,3518900",14
202000034981,20,7,31,19:00,1,1,1,1,6,78590,M,"48,6804580","1,9654770",78
202000034982,20,9,28,12:15,1,2,9,1,3,13212,M,"43,3077400","5,4268600",13
202000034983,20,7,31,18:15,1,1,1,1,1,83042,M,"43,2447030","6,5545030",83
202000034984,20,8,1,11:50,1,1,1,1,6,05063,M,"45,0378690","6,2127900",05
202000034985,20,9,25,13:30,1,2,1,1,6,13202,M,"43,3117180","5,3692060",13
202000034986,20,7,31,16:30,1,1,1,1,5,67101,M,"48,5183751","7,4793536",67
202000034987,20,9,28,12:42,1,1,1,1,3,09225,M,"43,1018200","1,6351200",09
202000034988,20,8,1,15:00,1,1,1,1,6,73242,M,"45,1976430","6,2796310",73
202000034989,20,8,1,11:35,1,1,1,1,7,69167,M,"46,0136990","4,5862770",69
202000034990,20,9,28,06:00,5,2,1,2,3,09225,M,"43,1071800","1,6182500",09
202000034991,20,8,1,19:50,2,1,1,8,6,69154,M,"45,7623290","4,6329500",69
202000034992,20,9,28,12:15,1,2,1,1,6,06088,M,"43,7110000","7,2641100",06
202000034993,20,7,31,11:10,1,2,6,1,3,44195,M,"47,3705050"," -1,9518700",44
202000034994,20,9,27,14:40,1,2,9,1,3,06027,M,"43,6601140","7,1501810",06
202000034995,20,9,25,18:55,3,1,1,2,3,03095,M,"46,1538243","3,4918788",03
202000034996,20,7,31,23:35,5,2,7,1,3,22343,M,"48,7722140"," -3,5782570",22
202000034997,20,8,1,16:30,1,2,1,1,7,60141,M,"49,2010140","2,4606590",60
202000034998,20,9,28,15:55,1,2,1,1,4,75120,M,"48,8483160","2,4147680",75
202000034999,20,9,27,08:15,1,2,1,2,6,75118,M,"48,9002730","2,3592460",75
202000035000,20,7,31,02:35,5,2,1,1,7,13055,M,"43,3356000","5,3994000",13
202000035001,20,9,27,03:35,5,2,1,2,6,75120,M,"48,8661300","2,4128200",75
202000035002,20,7,30,13:20,1,1,1,1,6,83137,M,"43,1213200","5,9533100",83
202000035003,20,9,27,23:57,5,2,2,2,3,75106,M,"48,8520950","2,3403020",75
202000035004,20,7,31,13:55,1,1,1,1,-1,69276,M,"45,6740900","4,8478600",69
202000035005,20,9,28,16:25,1,2,1,2,6,75119,M,"48,8987980","2,3757930",75
202000035006,20,7,31,16:25,1,1,1,1,4,33003,M,"44,9368900"," -0,4670600",33
202000035007,20,9,28,08:50,1,2,2,3,7,75117,M,"48,8808490","2,3125420",75
202000035008,20,7,31,15:40,1,1,1,1,6,92064,M,"48,8392111","2,2186213",92
202000035009,20,9,28,10:00,1,2,2,2,7,75117,M,"48,8840330","2,3185170",75
202000035010,20,7,31,09:20,1,1,1,1,6,92050,M,"48,8921883","2,1806615",92
202000035011,20,7,31,09:00,1,1,1,1,3,93064,M,"48,8612100","2,4841000",93
202000035012,20,9,28,08:25,1,2,3,2,6,75114,M,"48,8405690","2,3301100",75
202000035013,20,7,30,23:10,5,2,1,1,2,94028,M,"48,7766802","2,4422998",94
202000035014,20,9,28,10:00,1,2,2,2,2,75113,M,"48,8358400","2,3525020",75
202000035015,20,4,27,11:15,1,2,2,2,6,64445,M,"43,3162000"," -0,3397400",64
202000035016,20,9,27,23:45,5,2,2,2,3,75113,M,"48,8222860","2,3716430",75
202000035017,20,5,29,16:30,1,2,3,1,6,33522,M,"44,7890700"," -0,5870600",33
202000035018,20,9,28,10:15,1,2,1,2,2,75105,M,"48,8447000","2,3655550",75
202000035019,20,2,12,09:45,1,2,3,1,3,25056,M,"47,2578800","6,0325100",25
202000035020,20,9,28,08:15,1,2,3,2,3,75111,M,"48,8666450","2,3672900",75
202000035021,20,5,17,20:15,2,1,1,1,7,34088,M,"43,5975020","3,6715790",34
202000035022,20,9,28,16:30,1,2,1,1,2,75110,M,"48,8731590","2,3755690",75
202000035023,20,9,28,18:20,1,2,1,1,2,75108,M,"48,8817670","2,3239830",75
202000035024,20,7,30,17:45,2,2,3,2,2,98818,C," -22,3079900","166,4515900",988
202000035025,20,9,28,01:15,5,2,7,2,3,75115,M,"48,8467730","2,2856480",75
202000035026,20,7,30,23:20,5,2,3,1,3,97416,R," -21,3436260","55,4692930",974
202000035027,20,7,30,10:10,1,2,1,1,2,97411,R," -20,8935600","55,4854000",974
202000035028,20,9,28,13:45,1,2,2,2,3,94081,M,"48,7781669","2,3964471",94
202000035029,20,7,29,17:40,1,2,3,1,3,97411,R," -20,8950000","55,4602200",974
202000035030,20,9,28,16:10,1,2,1,1,2,94078,M,"48,7369220","2,4686080",94
202000035031,20,7,26,01:45,3,2,4,1,6,97407,R," -20,9469400","55,2821100",974
202000035032,20,9,27,01:05,5,2,1,3,5,94068,M,"48,7912000","2,5200200",94
202000035033,20,7,29,16:30,1,1,2,1,3,97407,R," -20,9314000","55,2901600",974
202000035034,20,9,18,19:20,2,2,3,1,3,94042,M,"48,8201000","2,4816000",94
202000035035,20,7,29,21:50,5,2,3,1,3,97302,G,"4,9171904"," -52,3178172",973
202000035036,20,7,30,22:40,5,2,1,1,6,69259,M,"45,7230500","4,8944300",69
202000035037,20,7,7,21:45,5,2,9,1,6,69199,M,"45,6953000","4,8591000",69
202000035038,20,7,30,16:40,1,2,1,1,-1,69387,M,"45,7233200","4,8421100",69
202000035039,20,9,28,11:00,1,2,3,2,6,94016,M,"48,7921180","2,3203550",94
202000035040,20,7,30,11:20,1,2,1,1,2,97213,A,"14,6081000"," -61,0049000",972
202000035041,20,9,28,06:55,5,2,1,2,6,94021,M,"48,7764200","2,3674500",94
202000035042,20,7,29,13:42,1,2,9,1,2,97209,A,"14,6100700"," -61,0546100",972
202000035043,20,9,28,12:10,1,2,1,2,1,94055,M,"48,7784000","2,5342000",94
202000035044,20,7,30,15:40,1,2,1,1,1,91377,M,"48,7200300","2,2839900",91
202000035045,20,9,28,08:10,1,2,3,2,6,93071,M,"48,9396840","2,5127278",93
202000035046,20,7,30,12:10,1,2,1,1,4,91687,M,"48,6663720","2,3766170",91
202000035047,20,7,28,19:00,1,2,1,1,1,91182,M,"48,6231520","2,4180020",91
202000035048,20,7,30,12:10,1,2,3,1,3,83069,M,"43,1169010","6,1225660",83
202000035049,20,7,27,08:35,1,2,6,1,3,81004,M,"43,9212340","2,1676150",81
202000035050,20,7,29,08:45,1,2,1,1,6,80674,M,"49,9016180","2,3294880",80
202000035051,20,10,29,17:50,3,1,1,2,6,88367,M,"48,3390430","6,6561000",88
202000035052,20,7,30,11:20,1,2,6,1,-1,77058,M,"48,8353800","2,7222500",77
202000035053,20,7,29,17:10,1,2,2,1,3,76540,M,"49,4496600","1,0505500",76
202000035054,20,10,29,23:15,3,1,1,1,7,74239,M,"45,9103840","6,4193310",74
202000035055,20,10,29,23:40,5,2,1,1,6,74302,M,"45,9068830","6,3628860",74
202000035056,20,7,29,12:00,1,2,2,1,3,76575,M,"49,3955400","1,0775400",76
202000035057,20,10,29,17:10,1,1,1,1,6,81140,M,"43,6918860","1,7945800",81
202000035058,20,9,28,16:05,1,2,2,8,3,93048,M,"48,8549702","2,4429379",93
202000035059,20,7,29,17:30,1,2,2,1,3,76351,M,"49,5242500","0,0968600",76
202000035060,20,9,28,08:30,1,2,1,1,3,93074,M,"48,9353000","2,5711900",93
202000035061,20,10,23,19:30,3,1,1,2,5,33367,M,"44,6031260"," -0,1918530",33
202000035062,20,7,28,12:20,1,1,1,1,3,76351,M,"49,5003500","0,1793000",76
202000035063,20,7,28,12:50,1,2,1,1,6,76351,M,"49,4894700","0,1547900",76
202000035064,20,9,28,20:00,4,2,3,1,3,93029,M,"48,9284900","2,4304500",93
202000035065,20,10,28,19:00,3,1,1,1,2,60107,M,"49,3473533","2,4304354",60
202000035066,20,10,29,12:40,1,1,1,1,6,80685,M,"49,7096550","2,7722880",80
202000035067,20,7,29,20:40,3,1,1,1,3,74218,M,"46,3848750","6,5616870",74
202000035068,20,9,27,16:30,1,2,1,1,3,93001,M,"48,9082505","2,3874717",93
202000035069,20,10,29,20:50,5,1,1,1,6,33550,M,"44,7769900"," -0,5590100",33
202000035070,20,9,1,15:40,1,2,1,1,7,92078,M,"48,9344720","2,3206870",92
202000035071,20,7,30,13:20,1,2,6,1,-1,69264,M,"45,9936500","4,7344400",69
202000035072,20,10,29,16:35,1,1,1,1,4,33487,M,"44,9512300"," -0,4612900",33
202000035073,20,9,28,14:10,1,2,1,2,7,92047,M,"48,8276644","2,1515731",92
202000035074,20,10,29,00:10,5,1,1,1,6,33063,M,"44,8839020"," -0,5580440",33
202000035075,20,7,29,20:40,2,2,3,1,3,67482,M,"48,5724350","7,7659200",67
202000035076,20,9,28,09:50,1,2,1,2,6,92048,M,"48,8208500","2,2280600",92
202000035077,20,10,29,18:30,3,1,1,1,3,91377,M,"48,7146300","2,2901700",91
202000035078,20,7,26,23:45,5,1,6,1,6,65226,M,"43,2231680","0,0261850",65
202000035079,20,9,28,10:10,1,2,3,2,3,92044,M,"48,9016300","2,2866600",92
202000035080,20,10,29,19:00,3,1,1,1,2,78640,M,"48,7796780","2,1907370",78
202000035081,20,7,29,11:09,1,2,1,1,2,64445,M,"43,3193100"," -0,3786230",64
202000035082,20,9,28,06:55,5,2,1,3,2,92040,M,"48,8213196","2,2523947",92
202000035083,20,10,29,07:47,2,1,1,8,-1,92036,M,"48,9374713","2,2956603",92
202000035084,20,7,28,07:15,1,2,6,1,3,58194,M,"46,9998000","3,1555000",58
202000035085,20,9,26,08:20,1,2,2,1,2,92035,M,"48,9057884","2,2531012",92
202000035086,20,10,29,19:30,3,1,1,1,2,95582,M,"48,9756750","2,2398580",95
202000035087,20,7,29,19:49,1,2,6,1,3,56121,M,"47,7477000"," -3,3651000",56
202000035088,20,9,28,00:05,5,2,6,1,6,92023,M,"48,7854816","2,2407188",92
202000035089,20,9,28,09:15,1,2,1,2,6,92012,M,"48,8256321","2,2361895",92
202000035090,20,10,29,19:30,3,1,1,1,4,95582,M,"48,9756750","2,2398580",95
202000035091,20,7,20,18:30,1,2,1,1,2,54526,M,"48,6896218","6,2102848",54
202000035092,20,9,28,02:40,5,2,9,2,7,92012,M,"48,8324242","2,2597993",92
202000035093,20,7,28,17:20,1,2,2,1,6,54395,M,"48,6722950","6,1727580",54
202000035094,20,10,29,18:00,3,1,1,1,2,93066,M,"48,9253623","2,3393889",93
202000035095,20,9,27,21:00,5,2,4,1,6,97415,R," -21,0484380","55,2639130",974
202000035096,20,7,29,10:45,1,2,1,1,3,50002,M,"49,1157400"," -1,1348500",50
202000035097,20,10,29,18:00,3,1,1,1,2,93007,M,"48,9345212","2,4807377",93
202000035098,20,7,29,19:55,1,1,1,1,7,50203,M,"49,6015030"," -1,5826470",50
202000035099,20,9,27,16:45,1,2,1,1,1,22003,M,"48,4462910"," -2,1229360",22
202000035100,20,7,29,20:30,1,2,1,1,6,49007,M,"47,4770100"," -0,5317000",49
202000035101,20,10,29,12:50,1,1,1,1,4,95424,M,"48,9926900","2,1876700",95
202000035102,20,9,28,18:45,2,1,1,3,5,01443,M,"45,9801440","5,0135850",01
202000035103,20,7,29,17:44,1,2,1,1,3,49007,M,"47,4606500"," -0,5326800",49
202000035104,20,10,29,12:05,1,1,1,1,3,93010,M,"48,9123000","2,4761000",93
202000035105,20,10,29,10:00,1,1,1,8,6,92078,M,"48,9288920","2,3305548",92
202000035106,20,7,30,18:00,1,2,6,1,3,45302,M,"47,9467931","1,8930402",45
202000035107,20,7,30,08:40,1,1,1,1,3,45068,M,"48,0262200","2,7241200",45
202000035108,20,9,4,18:20,1,1,2,1,3,33072,M,"44,5245690"," -0,1686300",33
202000035109,20,10,28,22:00,3,1,1,1,2,93006,M,"48,8678500","2,4279900",93
202000035110,20,7,28,16:28,1,2,1,1,2,41018,M,"47,5974500","1,3244300",41
202000035111,20,7,30,08:00,1,2,2,1,1,35238,M,"48,1079150"," -1,7029200",35
202000035112,20,9,5,13:07,1,2,3,1,3,68300,M,"47,7768690","7,3900380",68
202000035113,20,9,27,09:45,1,1,1,1,6,14380,M,"49,2346970"," -0,5828650",14
202000035114,20,10,28,09:00,1,1,1,1,3,95154,M,"49,0493300","2,5470400",95
202000035115,20,7,30,08:20,1,2,6,1,3,35238,M,"48,1093100"," -1,6977200",35
202000035116,20,9,27,16:40,1,1,2,3,3,59448,M,"50,9375130","2,5854070",59
202000035117,20,9,28,16:30,1,2,4,1,7,68315,M,"47,8823390","7,2250060",68
202000035118,20,10,29,08:50,1,1,1,1,4,94017,M,"48,8302764","2,4868936",94
202000035119,20,9,26,16:47,1,1,1,1,7,57602,M,"49,2676090","6,2368440",57
202000035120,20,10,28,06:30,2,1,1,1,-1,77514,M,"48,9496630","2,6289740",77
202000035121,20,9,29,09:30,1,1,6,1,6,51493,M,"49,2277529","4,0991905",51
202000035122,20,8,24,12:50,1,2,1,1,3,84007,M,"43,9453400","4,7938900",84
202000035123,20,9,29,14:15,1,1,1,1,4,74234,M,"45,7812920","6,3121600",74
202000035124,20,10,27,08:40,1,2,1,1,7,97416,R," -21,3303500","55,4794400",974
202000035125,20,9,28,19:10,2,1,2,2,-1,77020,M,"48,6925750","3,1860570",77
202000035126,20,10,28,14:10,1,2,6,2,3,97411,R," -20,9021110","55,5028010",974
202000035127,20,9,28,06:33,3,1,2,2,3,76138,M,"49,6587370","1,1818050",76
202000035128,20,9,28,14:55,1,2,6,1,7,80368,M,"50,0822570","1,5435840",80
202000035129,20,10,28,10:00,1,2,3,1,5,97411,R," -20,8918900","55,4955200",974
202000035130,20,9,22,07:30,2,2,3,1,3,81070,M,"43,8185430","1,7286570",81
202000035131,20,10,27,15:50,1,2,1,1,6,97411,R," -20,8911945","55,4804045",974
202000035132,20,9,29,05:40,2,1,1,1,7,11262,M,"43,2191260","3,0110690",11
202000035133,20,10,28,11:15,1,2,1,1,7,97407,R," -20,9557087","55,3144240",974
202000035134,20,10,28,16:08,1,2,1,1,6,97302,G,"4,9389642"," -52,3308420",973
202000035135,20,9,29,17:15,1,1,3,1,6,71367,M,"46,6446277","5,3018757",71
202000035136,20,9,28,17:45,1,1,1,2,6,63265,M,"45,8612350","3,4445950",63
202000035137,20,10,28,19:25,5,2,2,1,3,69383,M,"45,7552800","4,8726200",69
202000035138,20,9,28,14:35,1,1,1,2,5,63338,M,"46,1448770","2,8548510",63
202000035139,20,10,27,08:50,1,2,2,1,3,69199,M,"45,6918400","4,8584200",69
202000035140,20,9,25,13:27,1,1,4,3,2,61100,M,"48,7257370","0,6222940",61
202000035141,20,10,25,20:00,4,1,1,1,6,97209,A,"14,6066800"," -61,0468600",972
202000035142,20,9,29,01:00,3,1,1,2,6,68374,M,"48,0633390","7,2407630",68
202000035143,20,9,28,18:00,2,1,1,3,6,39307,M,"46,5035040","5,6926460",39
202000035144,20,10,28,13:50,1,2,3,1,3,69389,M,"45,7853800","4,8105400",69
202000035145,20,9,29,07:15,2,1,3,5,3,31392,M,"43,4765250","1,7076870",31
202000035146,20,10,27,18:00,5,2,3,1,-1,97120,A,"16,2409912"," -61,5318114",971
202000035147,20,10,27,13:20,1,2,1,1,7,97101,A,"16,2581817"," -61,5266050",971
202000035148,20,9,28,16:40,1,1,1,1,3,50210,M,"49,2547780"," -1,3861980",50
202000035149,20,10,28,10:24,1,2,2,1,6,2A004,M,"41,9143300","8,7248500",2A
202000035150,20,9,28,15:05,1,1,1,8,1,23228,M,"45,9469910","2,2331910",23
202000035151,20,9,29,07:10,5,2,1,1,3,87154,M,"45,9013430","0,9338160",87
202000035152,20,10,28,17:00,2,2,1,2,3,95582,M,"48,9671480","2,2622380",95
202000035153,20,9,28,07:00,2,1,1,2,7,19176,M,"45,3741809","1,9660807",19
202000035154,20,10,28,19:30,5,2,4,1,3,91477,M,"48,7055600","2,2137000",91
202000035155,20,9,28,14:28,1,1,1,1,7,49349,M,"47,1451160"," -1,1888840",49
202000035156,20,10,28,22:30,3,1,1,1,6,91114,M,"48,6826940","2,4909190",91
202000035157,20,9,29,16:26,1,1,6,1,-1,06084,M,"43,6339300","6,9841430",06
202000035158,20,9,28,15:30,1,2,1,1,3,97309,G,"4,9233950"," -52,2830480",973
202000035159,20,9,29,09:45,1,1,1,1,2,01290,M,"45,8638230","5,1836610",01
202000035160,20,9,29,10:27,1,1,1,1,2,66213,M,"42,6612670","2,8229280",66
202000035161,20,9,28,17:31,1,1,1,1,2,82142,M,"43,8175450","1,3524990",82
202000035162,20,10,26,22:15,5,2,3,2,3,89387,M,"48,2047130","3,2951870",89
202000035163,20,9,28,11:50,1,1,1,3,3,69121,M,"45,8493840","4,6720000",69
202000035164,20,6,1,10:05,1,1,1,1,3,83067,M,"43,3458340","6,2964210",83
202000035165,20,9,29,17:35,1,1,1,1,3,31037,M,"43,3693546","1,7748182",31
202000035166,20,5,31,19:00,1,1,1,1,6,56068,M,"47,9921330"," -2,5204610",56
202000035167,20,9,18,08:45,1,1,1,1,6,38140,M,"45,2744680","5,9031350",38
202000035168,20,5,30,10:20,1,2,1,1,6,56036,M,"47,8103910"," -3,3405570",56
202000035169,20,5,31,17:25,1,1,1,1,6,74097,M,"45,7605250","6,0553870",74
202000035170,20,5,31,19:35,2,1,1,1,6,2B121,M,"42,4231400","8,7223720",2B
202000035171,20,5,31,17:30,1,1,1,1,1,81217,M,"43,9486940","1,7290810",81
202000035172,20,9,29,07:30,2,1,1,2,4,60424,M,"49,4576820","2,7024170",60
202000035173,20,10,27,08:20,1,2,1,2,2,86194,M,"46,5706700","0,3247900",86
202000035174,20,5,31,17:05,1,2,1,1,1,32212,M,"44,0388300","0,4808020",32
202000035175,20,10,27,16:00,1,1,6,2,3,85194,M,"46,5278400"," -1,7534000",85
202000035176,20,9,10,12:00,1,1,1,1,6,98750,P," -16,8374680"," -151,4031660",987
202000035177,20,5,31,21:40,2,1,1,1,6,71168,M,"46,8318850","5,1860522",71
202000035178,20,5,31,19:20,1,2,1,7,6,89464,M,"48,0820930","3,2934900",89
202000035179,20,9,29,17:15,1,1,1,9,3,77283,M,"49,0787850","3,0293080",77
202000035180,20,10,27,20:45,5,2,2,1,5,83137,M,"43,1402331","5,9131205",83
202000035181,20,5,31,11:15,1,1,2,1,3,89151,M,"48,1282814","3,1998163",89
202000035182,20,9,28,19:00,1,1,1,1,3,78368,M,"48,9040150","1,8646940",78
202000035183,20,10,28,15:20,1,1,1,1,-1,83069,M,"43,0798400","6,1270200",83
202000035184,20,5,31,16:35,1,1,1,1,7,63236,M,"45,5544180","2,8164910",63