Num_Acc,an,mois,jour,hrmn,lum,agg,int,atm,col,com,gps,lat,long,dep
202000035185,20,10,28,08:55,1,2,1,1,1,81004,M,"43,9299200","2,1880400",81
202000035186,20,9,29,16:00,1,1,3,1,3,34145,M,"43,6917540","4,1624020",34
202000035187,20,5,31,15:30,1,1,1,1,7,68218,M,"47,7236210","7,2561910",68
202000035188,20,9,28,21:00,3,1,1,1,6,83053,M,"43,1584630","5,8358110",83
202000035189,20,10,27,19:35,5,2,1,2,3,80021,M,"49,9105300","2,2568200",80
202000035190,20,5,31,22:35,3,2,1,1,6,68374,M,"48,0744700","7,2869720",68
202000035191,20,10,27,08:45,1,2,1,1,3,80021,M,"49,8879100","2,2884900",80
202000035192,20,9,27,16:30,1,1,1,1,1,83053,M,"43,1784480","5,8501120",83
202000035193,20,5,31,20:20,1,1,1,1,7,39088,M,"46,6225330","5,4857610",39
202000035194,20,8,13,22:41,5,2,3,1,6,77111,M,"48,8587400","2,7757200",77
202000035195,20,5,31,03:50,3,1,6,1,6,29076,M,"48,4466960"," -4,5529750",29
202000035196,20,10,27,18:15,5,2,1,2,1,72181,M,"47,9785100","0,2137800",72
202000035197,20,6,1,01:55,5,2,1,1,6,31490,M,"43,7443398","1,3686091",31
202000035198,20,10,8,19:15,2,2,1,1,6,72181,M,"47,9942500","0,2341200",72
202000035199,20,5,31,12:00,1,1,1,1,7,03026,M,"46,4675282","3,2555106",03
202000035200,20,9,27,14:30,1,1,1,1,7,06070,M,"43,7966530","6,9220670",06
202000035201,20,6,1,10:55,1,1,1,1,1,66063,M,"42,4847730","2,8361460",66
202000035202,20,9,29,16:20,1,2,4,8,6,68154,M,"47,7615130","7,3641390",68
202000035203,20,5,30,16:00,1,1,4,1,7,54360,M,"48,7667550","5,8434610",54
202000035204,20,10,27,06:45,5,2,2,1,3,71540,M,"46,7868315","4,4310221",71
202000035205,20,9,27,13:00,1,1,1,2,1,74249,M,"46,3736120","6,6424640",74
202000035206,20,9,29,07:20,2,1,3,1,6,74128,M,"46,1639900","6,3645490",74
202000035207,20,10,21,06:30,5,2,1,6,-1,69266,M,"45,7658300","4,8998000",69
202000035208,20,9,25,12:00,1,2,1,1,6,49193,M,"47,1428690"," -0,8928750",49
202000035209,20,6,1,13:18,1,2,6,7,3,72132,M,"48,1827420","0,6611060",72
202000035210,20,9,20,15:50,1,1,1,1,3,49035,M,"47,4471110"," -0,6181270",49
202000035211,20,10,26,20:30,5,2,2,1,3,69266,M,"45,7711000","4,8699400",69
202000035212,20,9,28,03:55,5,2,1,1,7,14047,M,"49,2788650"," -0,6991120",14
202000035213,20,10,28,20:53,3,1,1,1,2,65100,M,"43,2695942","0,0796364",65
202000035214,20,5,31,22:50,3,1,1,1,6,72241,M,"48,0748500","0,4116400",72
202000035215,20,10,25,17:25,5,2,3,2,3,59152,M,"50,7628870","3,0029400",59
202000035216,20,6,1,13:55,1,2,1,1,1,72127,M,"47,9564540","0,0910500",72
202000035217,20,9,29,09:15,1,1,6,1,2,60589,M,"49,2108160","2,4444580",60
202000035218,20,9,28,09:10,1,1,1,2,7,60282,M,"49,2081210","2,4627400",60
202000035219,20,5,31,17:15,1,1,1,1,7,50256,M,"48,6495330"," -1,1373850",50
202000035220,20,9,28,17:15,1,1,1,1,4,13215,M,"43,3703630","5,3611440",13
202000035221,20,6,1,11:07,1,1,1,1,1,50410,M,"48,5396540"," -1,4266400",50
202000035222,20,9,28,13:00,1,1,1,2,-1,69297,M,"45,6020200","4,7968100",69
202000035223,20,5,31,18:20,1,1,1,1,3,83002,M,"43,7722540","6,2575490",83
202000035224,20,10,27,15:10,1,2,2,2,1,59650,M,"50,7070010","3,1967570",59
202000035225,20,9,28,18:15,1,1,1,1,3,33063,M,"44,8841300"," -0,5579800",33
202000035226,20,10,27,19:10,5,2,1,2,1,59324,M,"50,2956300","4,0895100",59
202000035227,20,6,1,10:25,1,1,6,1,3,16287,M,"45,5775230","0,0339250",16
202000035228,20,5,30,17:40,1,1,1,1,6,21439,M,"47,2643856","4,6485257",21
202000035229,20,10,20,16:15,1,2,1,8,6,59360,M,"50,6152470","3,0181930",59
202000035230,20,10,26,08:30,2,2,3,3,6,59017,M,"50,6951609","2,8817057",59
202000035231,20,9,25,09:05,1,1,1,1,4,33063,M,"44,8871800"," -0,5708100",33
202000035232,20,10,7,18:10,1,2,1,1,4,58194,M,"46,9936000","3,1379000",58
202000035233,20,9,26,00:15,3,1,1,2,5,59256,M,"50,5723840","3,1548895",59
202000035234,20,5,31,20:00,1,1,1,1,1,04230,M,"43,8278400","5,9428740",04
202000035235,20,10,26,17:55,5,2,1,1,6,57666,M,"49,3485200","6,1310100",57
202000035236,20,9,24,18:00,1,1,1,1,6,59646,M,"50,6656660","3,1143050",59
202000035237,20,5,31,18:30,1,1,1,1,1,85031,M,"46,7814300"," -0,9427300",85
202000035238,20,9,28,14:35,1,1,1,2,3,78322,M,"48,7867810","2,1505590",78
202000035239,20,5,31,16:30,1,2,1,1,7,17140,M,"45,9350350"," -1,2575910",17
202000035240,20,9,28,09:30,1,1,1,1,4,78640,M,"48,7820400","2,1652400",78
202000035241,20,9,27,23:00,3,1,1,3,6,78297,M,"48,7894600","2,0697400",78
202000035242,20,5,31,16:00,1,2,1,1,2,87045,M,"45,9906410","1,0477780",87
202000035243,20,10,28,18:10,5,1,1,1,2,54547,M,"48,6685192","6,1898690",54
202000035244,20,9,28,14:30,1,1,1,2,3,95252,M,"48,9765140","2,2359970",95
202000035245,20,9,28,00:20,3,1,1,1,6,95154,M,"49,0381000","2,5417600",95
202000035246,20,10,27,08:40,1,2,1,1,3,51230,M,"49,0426612","3,9623340",51
202000035247,20,9,27,21:45,3,1,1,2,3,92036,M,"48,9392100","2,2943400",92
202000035248,20,10,28,10:25,1,2,2,2,3,50129,M,"49,6345800"," -1,6260400",50
202000035249,20,6,1,11:00,1,1,1,1,4,87203,M,"45,6239580","1,4248110",87
202000035250,20,10,23,14:05,1,2,1,1,7,49007,M,"47,4644200"," -0,5554000",49
202000035251,20,9,28,06:00,3,1,1,2,7,94017,M,"48,8289000","2,5005900",94
202000035252,20,6,1,08:55,1,2,1,1,6,74264,M,"46,0526990","6,5447940",74
202000035253,20,10,22,22:56,5,2,1,1,7,49007,M,"47,4767100"," -0,5463100",49
202000035254,20,5,31,22:30,3,1,1,1,5,64445,M,"43,3386630"," -0,3699300",64
202000035255,20,9,27,15:17,1,2,1,1,1,98818,C," -22,2243100","166,4828900",988
202000035256,20,10,21,07:10,2,2,1,1,7,49007,M,"47,4732700"," -0,5955500",49
202000035257,20,6,1,15:30,1,1,1,1,6,49266,M,"47,4372490"," -0,7710520",49
202000035258,20,9,27,07:50,1,2,1,2,3,97611,Y," -12,7851700","45,2276300",976
202000035259,20,9,27,14:35,1,1,1,1,6,97416,R," -21,3000600","55,4238000",974
202000035260,20,10,2,23:30,3,2,2,2,3,49007,M,"47,4556600"," -0,5298600",49
202000035261,20,6,1,15:25,1,1,1,1,2,14286,M,"49,3659420","0,2195120",14
202000035262,20,9,27,19:29,3,1,1,1,3,97411,R," -20,8863000","55,3912000",974
202000035263,20,5,31,06:00,2,1,3,8,7,98827,C," -21,3244500","165,1521100",988
202000035264,20,9,27,16:00,1,2,1,2,6,69259,M,"45,6960785","4,8772662",69
202000035265,20,10,28,10:03,1,2,2,2,3,38169,M,"45,1890800","5,6989100",38
202000035266,20,5,31,11:40,1,1,1,1,6,97228,A,"14,7912470"," -60,9992830",972
202000035267,20,9,27,00:35,5,2,1,2,1,69152,M,"45,7045000","4,8288300",69
202000035268,20,5,31,20:15,1,1,1,1,6,28096,M,"48,8823350","1,4945910",28
202000035269,20,10,28,08:30,1,2,1,1,6,38185,M,"45,1785800","5,7424500",38
202000035270,20,10,28,16:10,1,2,1,1,6,35238,M,"48,1150000"," -1,6825800",35
202000035271,20,6,1,19:45,1,2,1,1,1,45142,M,"47,9379623","2,1538470",45
202000035272,20,9,23,16:00,1,2,3,1,3,69382,M,"45,7497800","4,8312400",69
202000035273,20,6,1,17:10,1,2,1,7,2,77327,M,"48,5561830","3,0108200",77
202000035274,20,9,27,05:00,5,1,1,2,6,2A004,M,"41,9088510","8,7143716",2A
202000035275,20,5,31,21:00,2,1,1,1,7,95610,M,"49,0934789","1,9114159",95
202000035276,20,10,27,19:45,5,2,1,1,3,33550,M,"44,7894100"," -0,5667300",33
202000035277,20,9,26,18:30,1,2,2,1,2,95063,M,"48,9289000","2,2142400",95
202000035278,20,6,1,15:42,1,1,2,1,3,91180,M,"48,4370100","2,4788710",91
202000035279,20,1,11,18:40,4,2,1,1,3,75119,M,"48,8953707","2,3947770",75
202000035280,20,10,28,12:10,1,2,2,8,3,33167,M,"44,8216000"," -0,5140200",33
202000035281,20,1,11,15:20,1,2,1,1,3,75116,M,"48,8458296","2,2548485",75
202000035282,20,5,30,14:05,1,1,1,1,1,78548,M,"48,7108720","2,0017330",78
202000035283,20,9,27,07:47,1,2,1,1,3,83137,M,"43,1175400","5,9358900",83
202000035284,20,10,20,11:10,1,2,2,2,3,33063,M,"44,8353700"," -0,5888600",33
202000035285,20,6,1,13:15,1,1,1,9,7,05117,M,"44,4037410","5,5261230",05
202000035286,20,10,25,11:01,1,2,8,2,3,33063,M,"44,8364900"," -0,5657200",33
202000035287,20,5,29,09:25,1,2,1,1,6,13031,M,"43,3761500","5,6063050",13
202000035288,20,1,11,16:50,1,2,1,1,4,75120,M,"48,8744254","2,4108285",75
202000035289,20,1,12,02:29,5,2,1,1,6,75119,M,"48,8828680","2,3705280",75
202000035290,20,1,11,13:05,1,2,2,1,3,75120,M,"48,8725996","2,3961092",75
202000035291,20,1,12,10:05,1,2,1,1,7,75116,M,"48,8685964","2,2775696",75
202000035292,20,1,11,22:25,5,2,1,1,3,75116,M,"48,8374030","2,2540160",75
202000035293,20,1,11,22:15,5,2,2,1,1,75115,M,"48,8495695","2,2812921",75
202000035294,20,1,10,22:40,5,2,1,1,6,75115,M,"48,8496517","2,2964517",75
202000035295,20,10,27,18:10,2,2,1,1,3,31555,M,"43,5929400","1,3949600",31
202000035296,20,9,26,15:27,1,2,2,1,5,78124,M,"48,9161480","2,1945480",78
202000035297,20,1,12,12:15,1,2,4,1,3,75114,M,"48,8350073","2,3239397",75
202000035298,20,10,28,17:20,1,1,1,1,4,29051,M,"48,0003800"," -4,0508300",29
202000035299,20,1,12,18:50,5,2,2,1,6,75112,M,"48,8496123","2,3742761",75
202000035300,20,9,25,18:00,1,2,1,2,2,77186,M,"48,4099400","2,6908560",77
202000035301,20,1,12,04:47,5,2,1,1,6,75112,M,"48,8414645","2,3727540",75
202000035302,20,6,1,14:45,1,1,1,7,7,08328,M,"49,7978600","4,7593760",08
202000035303,20,7,11,15:50,1,2,1,1,6,69256,M,"45,7465274","4,9330442",69
202000035304,20,10,28,16:50,1,2,9,1,3,24145,M,"44,8506200","0,5323300",24
202000035305,20,1,11,23:35,5,2,2,1,6,75109,M,"48,8710783","2,3347968",75
202000035306,20,10,28,02:57,3,1,1,2,7,17200,M,"46,1919100"," -1,1428300",17
202000035307,20,5,31,11:30,1,1,1,1,7,68171,M,"47,9618530","6,9966820",68
202000035308,20,10,27,12:20,1,2,1,3,4,17028,M,"46,1303600"," -1,1170900",17
202000035309,20,5,31,14:25,1,1,1,1,1,68028,M,"48,2236360","7,3140410",68
202000035310,20,1,12,12:12,1,2,7,1,3,75108,M,"48,8666666","2,3220178",75
202000035311,20,8,23,15:40,1,2,1,1,2,69266,M,"45,7605900","4,9051400",69
202000035312,20,1,12,02:15,5,2,2,1,6,75108,M,"48,8705166","2,3052532",75
202000035313,20,9,27,20:32,5,2,2,1,3,64445,M,"43,2992500"," -0,3712700",64
202000035314,20,1,12,01:40,5,2,7,1,3,75108,M,"48,8661175","2,2996610",75
202000035315,20,9,26,18:50,1,2,1,2,6,62160,M,"50,7284530","1,6205102",62
202000035316,20,9,27,19:40,2,1,1,2,6,45004,M,"47,9906377","2,7831917",45
202000035317,20,5,31,17:47,1,1,1,1,7,88321,M,"48,3827770","5,6978490",88
202000035318,20,9,27,17:00,1,2,1,1,2,34172,M,"43,5855900","3,8781000",34
202000035319,20,1,12,15:25,1,2,2,1,3,75104,M,"48,8543687","2,3549395",75
202000035320,20,10,22,20:15,5,2,1,1,6,15014,M,"44,9140500","2,4321200",15
202000035321,20,9,27,03:40,3,2,3,2,6,33063,M,"44,8389200"," -0,5680700",33
202000035322,20,1,12,11:30,1,2,1,1,6,75101,M,"48,8604290","2,3478840",75
202000035323,20,10,28,18:45,2,2,3,1,1,13213,M,"43,3160300","5,4039270",13
202000035324,20,1,11,21:00,5,2,1,8,6,94078,M,"48,7496600","2,4342800",94
202000035325,20,10,28,17:00,1,2,1,1,6,13214,M,"43,3255810","5,3880980",13
202000035326,20,9,27,15:50,1,2,6,1,3,33529,M,"44,6370500"," -1,1287900",33
202000035327,20,1,12,01:10,4,1,1,1,2,94028,M,"48,7823600","2,4371900",94
202000035328,20,9,26,20:28,3,2,1,1,3,30189,M,"43,8222000","4,3559000",30
202000035329,20,10,28,13:00,1,2,9,1,6,13211,M,"43,2942493","5,4803791",13
202000035330,20,1,12,17:35,5,2,1,1,2,94017,M,"48,8170700","2,5117700",94
202000035331,20,9,27,18:45,1,2,1,1,3,13212,M,"43,3026820","5,4149030",13
202000035332,20,5,31,17:50,1,1,1,1,-1,55183,M,"49,3138757","5,3339186",55
202000035333,20,10,27,16:50,1,2,1,1,6,13210,M,"43,2807100","5,4075900",13
202000035334,20,1,12,20:59,5,2,3,1,3,93055,M,"48,9037100","2,3945800",93
202000035335,20,10,25,06:30,2,2,1,1,6,13204,M,"43,3155800","5,4016600",13
202000035336,20,9,27,12:00,1,2,3,1,-1,13211,M,"43,2816881","5,4275499",13
202000035337,20,1,12,12:15,1,2,1,1,3,93051,M,"48,8301300","2,5604500",93
202000035338,20,10,27,11:45,1,2,1,1,3,13202,M,"43,3324000","5,3548000",13
202000035339,20,5,29,00:10,3,1,1,1,7,38349,M,"45,3133930","4,7991630",38
202000035340,20,9,27,18:10,1,2,1,1,3,06088,M,"43,7048200","7,2561100",06
202000035341,20,1,12,14:30,1,2,1,1,4,93048,M,"48,8558200","2,4232200",93
202000035342,20,9,27,15:55,1,2,1,1,3,06069,M,"43,6564200","6,9226900",06
202000035343,20,10,27,10:00,1,2,3,1,3,13002,M,"43,3389410","5,4804900",13
202000035344,20,9,27,17:15,1,2,1,1,3,06027,M,"43,6522000","7,1429000",06
202000035345,20,1,11,06:10,5,1,1,1,6,02131,M,"49,3942170","3,3685970",02
202000035346,20,9,27,11:20,1,2,1,2,6,75120,M,"48,8659680","2,4126050",75
202000035347,20,5,30,11:30,1,2,1,1,6,01376,M,"45,8252600","4,9817370",01
202000035348,20,1,11,11:50,1,1,2,7,3,37010,M,"47,5549056","0,9212915",37
202000035349,20,10,20,18:00,2,1,1,1,1,07186,M,"44,6984100","4,5824400",07
202000035350,20,1,13,16:20,1,1,1,1,5,26116,M,"44,4343470","4,6916940",26
202000035351,20,9,26,18:35,1,2,1,1,2,75113,M,"48,8167070","2,3651070",75
202000035352,20,10,28,14:55,1,2,1,1,2,06069,M,"43,6490900","6,9343300",06
202000035353,20,9,25,15:45,1,2,1,1,2,75119,M,"48,9002830","2,3833670",75
202000035354,20,1,12,15:00,1,1,1,1,2,01194,M,"45,9956610","4,7524440",01
202000035355,20,10,28,10:00,1,2,3,1,3,06027,M,"43,6589230","7,1627430",06
202000035356,20,1,13,03:30,3,1,1,1,7,22193,M,"48,4341260"," -2,4687380",22
202000035357,20,1,9,23:10,3,1,1,1,6,34259,M,"43,6305720","3,7667370",34
202000035358,20,10,28,07:05,2,2,4,8,3,75113,M,"48,8259130","2,3868710",75
202000035359,20,1,13,08:00,1,2,6,1,6,83054,M,"43,1704370","6,0491370",83
202000035360,20,1,9,23:28,5,2,2,2,3,57067,M,"49,3136460","6,1920510",57
202000035361,20,10,27,23:47,5,2,1,2,3,75116,M,"48,8649100","2,2676040",75
202000035362,20,1,8,02:00,3,1,1,2,7,51244,M,"48,7913172","4,3637322",51
202000035363,20,9,26,23:00,5,2,3,2,6,75120,M,"48,8641070","2,4131740",75
202000035364,20,9,27,06:00,5,2,2,2,3,75118,M,"48,8987180","2,3703630",75
202000035365,20,1,13,09:00,1,2,6,2,3,56078,M,"47,7928668"," -3,4915522",56
202000035366,20,5,31,17:20,1,1,1,1,2,01249,M,"45,8353879","4,9188324",01
202000035367,20,10,27,16:35,1,2,4,1,4,75117,M,"48,8844490","2,2861050",75
202000035368,20,1,12,17:50,2,1,3,2,6,76211,M,"49,9118176","1,5571774",76
202000035369,20,9,27,14:30,1,2,1,2,3,75116,M,"48,8636070","2,2398570",75
202000035370,20,1,13,06:50,2,1,1,1,6,2A104,M,"41,9142240","8,8469880",2A
202000035371,20,10,27,12:10,1,2,1,2,3,75120,M,"48,8590330","2,4141100",75
202000035372,20,12,9,18:05,5,2,4,1,6,22113,M,"48,7324190"," -3,4563720",22
202000035373,20,10,28,17:25,5,2,2,8,-1,75117,M,"48,8918350","2,3015550",75
202000035374,20,12,10,21:15,5,2,1,2,3,18033,M,"47,0617800","2,3586900",18
202000035375,20,1,13,08:10,1,1,1,1,3,82018,M,"44,1054950","1,5097400",82
202000035376,20,9,27,01:00,5,2,2,3,2,75116,M,"48,8572960","2,2730430",75
202000035377,20,1,13,00:30,3,1,1,1,6,33193,M,"45,4341770"," -1,1445340",33
202000035378,20,9,27,19:45,4,2,2,2,3,75115,M,"48,8494150","2,3037930",75
202000035379,20,12,10,17:30,5,2,3,2,3,18033,M,"47,1082500","2,4309600",18
202000035380,20,1,12,21:20,5,2,1,1,7,33395,M,"45,2339160"," -0,7874570",33
202000035381,20,12,10,09:10,1,2,6,1,6,17300,M,"46,1421300"," -1,1582300",17
202000035382,20,10,26,20:04,5,2,2,1,3,75116,M,"48,8784390","2,2798310",75
202000035383,20,9,26,22:10,5,2,2,2,3,75114,M,"48,8246450","2,3195200",75
202000035384,20,1,13,17:30,2,1,1,1,6,81188,M,"43,7086854","2,7908658",81
202000035385,20,10,28,12:50,1,2,1,1,6,75113,M,"48,8247580","2,3772760",75
202000035386,20,9,27,03:46,5,2,2,2,6,75113,M,"48,8437040","2,3645700",75
202000035387,20,12,10,07:40,5,2,1,2,3,17300,M,"46,1622880"," -1,1565660",17
202000035388,20,10,28,15:10,1,2,1,8,2,75109,M,"48,8763140","2,3484960",75
202000035389,20,1,13,12:15,1,2,2,8,2,71014,M,"46,9578850","4,3060890",71
202000035390,20,9,26,23:25,5,2,3,1,6,75112,M,"48,8381020","2,3996440",75
202000035391,20,12,9,09:40,1,2,9,1,1,13054,M,"43,4096200","5,2547300",13
202000035392,20,1,5,19:36,5,2,1,1,6,44196,M,"47,5518905"," -2,0786531",44
202000035393,20,5,31,22:25,3,1,1,1,7,01202,M,"45,9214530","5,3403640",01
202000035394,20,10,28,14:00,1,2,7,8,3,75108,M,"48,8660650","2,3209740",75
202000035395,20,12,10,12:30,1,2,1,2,3,13215,M,"43,3648200","5,3615500",13
202000035396,20,9,27,05:15,5,2,3,2,6,75111,M,"48,8630830","2,3761580",75
202000035397,20,1,11,15:30,1,2,3,2,6,35360,M,"48,1144300"," -1,2058120",35
202000035398,20,6,1,16:00,1,1,1,8,3,69220,M,"45,7333595","4,4680378",69
202000035399,20,9,27,04:15,5,2,4,2,6,75110,M,"48,8814300","2,3514430",75
202000035400,20,12,10,13:00,1,2,3,2,3,13208,M,"43,2810717","5,3893572",13
202000035401,20,10,28,16:30,1,2,2,2,2,75107,M,"48,8606270","2,2954910",75
202000035402,20,1,12,21:00,3,1,1,1,6,35104,M,"48,5101030"," -1,6889640",35
202000035403,20,9,27,02:20,5,2,2,2,3,75103,M,"48,8644300","2,3515170",75
202000035404,20,1,13,20:30,3,1,1,3,6,29267,M,"48,1629500"," -3,8702440",29
202000035405,20,9,26,19:50,5,2,1,1,3,75102,M,"48,8718100","2,3390390",75
202000035406,20,12,10,10:30,1,2,1,2,7,13206,M,"43,2800000","5,3700000",13
202000035407,20,9,24,20:32,5,2,1,2,6,75102,M,"48,8681320","2,3309210",75
202000035408,20,1,12,20:50,3,1,3,1,1,29160,M,"48,4743360"," -4,3911520",29
202000035409,20,9,27,13:15,1,1,1,2,7,94028,M,"48,7998730","2,4469760",94
202000035410,20,9,26,13:20,1,2,1,1,3,94077,M,"48,7351400","2,4181100",94
202000035411,20,1,4,14:40,1,1,1,1,2,02714,M,"49,3732170","3,4582130",02
202000035412,20,5,31,19:50,1,1,1,1,1,69112,M,"45,8054360","4,6646350",69
202000035413,20,10,25,14:50,1,2,1,2,7,75107,M,"48,8586120","2,2928780",75
202000035414,20,12,10,12:20,1,2,1,8,3,13005,M,"43,2847400","5,5495100",13
202000035415,20,9,27,22:10,5,2,9,2,3,94018,M,"48,8187910","2,4095830",94
202000035416,20,6,1,10:30,1,1,1,1,5,14724,M,"49,2561149"," -0,1327731",14
202000035417,20,1,12,11:55,1,2,1,7,6,84148,M,"44,0579660","5,2331420",84
202000035418,20,9,27,12:00,1,2,3,8,2,93066,M,"48,9302000","2,3504000",93
202000035419,20,10,28,18:45,3,2,2,1,6,75101,M,"48,8604340","2,3423240",75
202000035420,20,10,28,16:50,2,2,2,2,7,75104,M,"48,8575140","2,3542410",75
202000035421,20,12,9,14:40,1,2,1,1,-1,11262,M,"43,1926972","3,0085635",11
202000035422,20,9,27,14:30,1,2,2,2,3,93047,M,"48,8902347","2,5520269",93
202000035423,20,12,8,17:30,1,2,1,1,-1,11262,M,"43,2004800","3,0138000",11
202000035424,20,6,1,09:00,1,2,6,1,1,60346,M,"49,1533590","2,4291910",60
202000035425,20,5,31,12:55,1,1,1,1,2,13055,M,"43,3297000","5,4126000",13
202000035426,20,5,30,15:20,1,1,1,1,2,13055,M,"43,2960900","5,4244500",13
202000035427,20,1,13,13:30,1,1,1,1,5,05164,M,"44,5355450","6,3857980",05
202000035428,20,5,30,16:13,1,1,1,1,2,67152,M,"48,5227600","7,6962900",67
202000035429,20,9,27,09:45,1,2,1,2,3,93008,M,"48,9080994","2,4706996",93
202000035430,20,12,8,19:50,5,2,1,8,4,10387,M,"48,2987600","4,0778400",10
202000035431,20,1,12,15:43,1,1,1,1,3,50235,M,"49,4087530"," -1,7405660",50
202000035432,20,5,31,17:10,1,1,1,1,5,91687,M,"48,6599000","2,3732000",91
202000035433,20,9,27,13:30,1,2,9,1,3,93005,M,"48,9464732","2,5107805",93
202000035434,20,12,9,11:53,1,2,1,8,6,10081,M,"48,3031600","4,0292400",10
202000035435,20,9,27,22:10,5,2,9,2,3,92048,M,"48,8124500","2,2445210",92
202000035436,20,12,9,17:55,4,2,1,8,6,07281,M,"44,9443500","4,8567000",07
202000035437,20,9,27,19:50,5,2,1,2,2,92040,M,"48,8215870","2,2657880",92
202000035438,20,9,27,16:20,1,2,6,2,3,92060,M,"48,7763282","2,2496532",92
202000035439,20,9,28,07:15,1,2,3,1,3,97415,R," -20,9773186","55,3255928",974
202000035440,20,9,28,04:15,3,2,1,1,6,97415,R," -20,9613090","55,2938680",974
202000035441,20,1,13,08:20,2,2,2,2,3,60471,M,"49,5826360","2,9986006",60
202000035442,20,5,30,15:45,1,1,1,1,2,91216,M,"48,6837400","2,3287000",91
202000035443,20,12,10,23:50,5,2,1,1,3,06027,M,"43,6779000","7,1510000",06
202000035444,20,1,13,13:30,1,1,1,9,6,45175,M,"47,7433540","1,8500850",45
202000035445,20,5,31,01:06,3,1,1,1,6,91617,M,"48,6314900","2,4962600",91
202000035446,20,12,9,15:13,1,1,3,1,3,05061,M,"44,6248131","6,0831035",05
202000035447,20,9,27,13:50,1,2,2,1,3,35176,M,"47,8310740"," -1,7959700",35
202000035448,20,10,28,16:40,1,2,2,2,3,94067,M,"48,8464200","2,4175000",94
202000035449,20,1,12,17:45,2,1,1,1,7,64477,M,"43,1776040"," -1,3926060",64
202000035450,20,12,10,18:15,5,2,1,1,3,75119,M,"48,8878820","2,3896460",75
202000035451,20,5,31,14:50,1,1,1,1,2,92023,M,"48,7768071","2,2306989",92
202000035452,20,10,27,14:55,1,2,3,2,3,94002,M,"48,8145040","2,4125130",94
202000035453,20,10,28,13:55,1,2,9,1,6,94033,M,"48,8547660","2,4792110",94
202000035454,20,12,10,13:20,1,2,2,1,3,75118,M,"48,8977390","2,3290310",75
202000035455,20,1,11,19:00,3,1,1,1,5,40044,M,"43,5491140"," -1,3229490",40
202000035456,20,9,26,19:15,1,1,1,1,6,35356,M,"48,2568990"," -1,7516110",35
202000035457,20,5,31,19:40,1,1,1,1,4,95018,M,"48,9497706","2,2805053",95
202000035458,20,1,11,21:00,5,2,1,1,6,85105,M,"46,3734460"," -0,9241140",85
202000035459,20,9,27,01:45,5,2,1,2,1,95229,M,"49,0295080","2,3634280",95
202000035460,20,5,29,18:45,1,1,1,1,4,95277,M,"48,9739100","2,4886500",95
202000035461,20,1,11,15:40,1,2,1,7,6,48092,M,"44,5581590","3,2900220",48
202000035462,20,1,12,23:50,3,1,1,1,6,52172,M,"48,4167330","4,9166730",52
202000035463,20,10,27,19:05,5,2,1,2,6,94055,M,"48,7893420","2,5487650",94
202000035464,20,9,28,08:00,1,1,1,2,1,43095,M,"45,1509210","3,6541990",43
202000035465,20,12,10,12:50,1,2,2,1,3,75112,M,"48,8458730","2,3676710",75
202000035466,20,9,27,18:55,1,1,1,1,6,17196,M,"45,5710420"," -0,6441750",17
202000035467,20,12,10,17:30,2,2,2,1,3,75111,M,"48,8503100","2,3986050",75
202000035468,20,9,28,01:50,3,1,1,8,7,71270,M,"46,3512031","4,8268553",71
202000035469,20,5,31,14:00,1,1,1,1,4,94017,M,"48,8300400","2,4965500",94
202000035470,20,1,9,18:40,3,1,1,1,5,68253,M,"47,7875560","7,4598880",68
202000035471,20,10,28,10:30,1,2,1,8,3,93073,M,"48,9439000","2,5732000",93
202000035472,20,9,27,12:15,1,1,1,1,2,83085,M,"43,5157860","6,5655540",83
202000035473,20,5,31,12:30,1,1,1,1,2,94033,M,"48,8542817","2,4895683",94
202000035474,20,1,3,17:15,1,1,1,1,7,98715,P," -17,5845220"," -149,5685780",987
202000035475,20,5,30,20:45,1,1,1,1,2,94017,M,"48,8300000","2,4900000",94
202000035476,20,1,9,01:30,3,1,1,1,2,34340,M,"43,7182909","4,1402340",34
202000035477,20,10,28,18:10,4,2,1,2,6,93005,M,"48,9565435","2,4953908",93
202000035478,20,9,27,20:45,3,1,1,2,7,34014,M,"43,6945630","3,8994600",34
202000035479,20,12,10,07:55,2,2,2,1,3,75111,M,"48,8663450","2,3688560",75
202000035480,20,5,31,04:45,5,2,3,3,1,98818,C," -22,2371800","166,4745500",988
202000035481,20,1,12,09:50,1,1,3,1,3,98813,C," -21,8194000","165,8678700",988
202000035482,20,5,29,06:55,1,2,1,1,3,98818,C," -22,2764700","166,4416700",988
202000035483,20,1,12,13:40,1,2,1,1,1,37210,M,"47,2131440","0,3170126",37
202000035484,20,5,30,18:50,5,1,1,1,7,97416,R," -21,3028300","55,4723700",974
202000035485,20,1,11,17:55,3,1,1,1,2,78398,M,"48,7634740","1,8258650",78
202000035486,20,5,30,22:00,5,2,1,1,3,69276,M,"45,6679534","4,8529456",69
202000035487,20,1,13,10:45,1,2,1,1,3,2B042,M,"42,5710970","9,4419340",2B
202000035488,20,10,28,20:40,5,2,9,8,6,93070,M,"48,9140100","2,3444400",93
202000035489,20,9,26,19:36,2,2,1,2,6,57733,M,"49,3065600","6,2636390",57