Num_Acc,an,mois,jour,hrmn,lum,agg,int,atm,col,com,gps,lat,long,dep
202000035490,20,10,28,13:00,1,2,3,1,3,93051,M,"48,8451500","2,5276600",93
202000035491,20,1,13,07:50,1,1,2,1,3,84132,M,"43,9035240","5,0144750",84
202000035492,20,9,26,03:10,5,2,1,1,6,79337,M,"46,2955380"," -0,6368560",79
202000035493,20,10,28,14:05,1,2,1,1,6,93048,M,"48,8672600","2,4293000",93
202000035494,20,1,12,16:50,4,1,2,2,7,54463,M,"48,7956500","6,0149840",54
202000035495,20,5,30,15:10,1,2,1,1,4,69388,M,"45,7210000","4,8541900",69
202000035496,20,9,27,21:00,3,1,1,3,6,80530,M,"49,9395380","2,5323920",80
202000035497,20,12,10,08:45,2,2,2,1,3,75109,M,"48,8836110","2,3495140",75
202000035498,20,5,30,10:00,1,2,9,1,3,97209,A,"14,6175531"," -61,0468244",972
202000035499,20,12,9,09:20,1,2,2,1,3,75109,M,"48,8759400","2,3455480",75
202000035500,20,5,29,20:45,5,1,1,1,2,97209,A,"14,6182400"," -61,0376900",972
202000035501,20,5,29,20:00,1,2,1,1,6,69389,M,"45,7865755","4,8076769",69
202000035502,20,12,10,16:45,5,2,3,1,4,75108,M,"48,8719260","2,3009290",75
202000035503,20,9,28,10:35,1,2,4,1,3,93027,M,"48,9270100","2,3795100",93
202000035504,20,10,28,19:40,5,2,1,1,6,93047,M,"48,8952458","2,5703619",93
202000035505,20,10,27,08:50,1,2,1,1,6,93005,M,"48,9526100","2,4968200",93
202000035506,20,10,28,07:00,2,2,6,1,7,92078,M,"48,9413366","2,3221855",92
202000035507,20,1,13,16:00,1,1,1,1,3,26220,M,"44,3720800","5,1548860",26
202000035508,20,5,30,10:00,1,2,9,1,3,69384,M,"45,7742400","4,8130500",69
202000035509,20,9,28,13:15,1,1,1,2,1,69248,M,"46,0409370","4,3087920",69
202000035510,20,12,10,10:50,1,2,1,1,3,75116,M,"48,8687020","2,2856030",75
202000035511,20,10,28,16:42,1,2,1,2,2,92040,M,"48,8272466","2,2785218",92
202000035512,20,5,29,16:50,1,2,1,1,6,69034,M,"45,7986265","4,8493682",69
202000035513,20,1,13,14:05,1,1,1,1,5,69163,M,"45,9179576","4,7748953",69
202000035514,20,10,28,11:00,1,2,1,1,-1,92036,M,"48,9278600","2,2978990",92
202000035515,20,9,27,21:55,3,1,1,8,7,89418,M,"47,8481132","3,9381748",89
202000035516,20,1,12,21:30,3,1,1,2,6,17219,M,"45,8276500"," -1,0942080",17
202000035517,20,9,26,09:30,1,1,1,3,6,63125,M,"45,7785390","3,5389710",63
202000035518,20,5,30,08:50,1,1,1,1,6,97101,A,"16,2392349"," -61,5231586",971
202000035519,20,9,28,15:00,1,1,1,2,3,63380,M,"45,5895819","2,9691132",63
202000035520,20,5,30,20:40,1,2,1,1,6,95555,M,"48,9602115","2,2836918",95
202000035521,20,9,23,14:50,1,1,2,2,3,49149,M,"47,3350930"," -0,3030680",49
202000035522,20,1,13,16:10,1,1,1,1,-1,85112,M,"46,5719670"," -1,7869190",85
202000035523,20,10,20,16:50,1,2,1,2,7,92036,M,"48,9333070","2,3067630",92
202000035524,20,5,29,03:10,5,2,1,1,7,95063,M,"48,9255624","2,2155740",95
202000035525,20,12,9,08:40,1,2,5,1,6,75107,M,"48,8511100","2,3009330",75
202000035526,20,10,28,19:45,5,2,1,1,1,92025,M,"48,9356900","2,2609800",92
202000035527,20,5,30,16:45,1,2,1,1,3,91377,M,"48,7352000","2,2710000",91
202000035528,20,12,10,15:45,1,2,3,1,6,94081,M,"48,7900000","2,3800000",94
202000035529,20,10,28,09:00,1,2,1,1,3,92012,M,"48,8257475","2,2486755",92
202000035530,20,12,9,22:30,5,2,3,1,3,94081,M,"48,7959070","2,4127250",94
202000035531,20,1,13,15:54,1,2,9,2,3,60398,M,"49,1775630","2,2865410",60
202000035532,20,10,28,15:00,1,2,6,1,3,92002,M,"48,7405955","2,3021212",92
202000035533,20,12,8,20:15,5,2,2,8,3,94081,M,"48,7907728","2,3809808",94
202000035534,20,12,1,14:50,1,2,1,1,3,94052,M,"48,8451070","2,4889530",94
202000035535,20,12,10,15:55,1,2,1,1,2,94076,M,"48,7933700","2,3691200",94
202000035536,20,12,10,12:45,1,2,9,1,6,94003,M,"48,7993600","2,3442700",94
202000035537,20,10,28,18:00,3,1,1,2,4,60107,M,"49,3479297","2,4301108",60
202000035538,20,10,25,16:25,1,2,1,1,7,57210,M,"48,8454640","7,0123190",57
202000035539,20,12,10,20:25,5,2,4,1,3,94034,M,"48,7576500","2,3291800",94
202000035540,20,10,29,10:00,1,1,2,2,3,28424,M,"48,1738060","1,1525880",28
202000035541,20,12,8,13:46,1,2,7,1,2,94033,M,"48,8441500","2,4635300",94
202000035542,20,10,29,13:50,1,1,1,1,3,11172,M,"43,2654269","2,7174759",11
202000035543,20,10,28,19:25,3,1,2,1,2,11111,M,"43,2105310","2,8275020",11
202000035544,20,1,12,22:15,3,1,1,1,4,80288,M,"49,8779710","2,8365830",80
202000035545,20,10,28,14:30,1,1,1,1,6,52432,M,"47,9428110","5,3020620",52
202000035546,20,10,28,19:05,3,1,1,2,3,74026,M,"45,9605550","6,0349920",74
202000035547,20,5,30,18:45,1,2,1,1,4,91223,M,"48,4407900","2,1434500",91
202000035548,20,10,29,11:53,1,2,9,2,6,77182,M,"48,7815854","3,3047083",77
202000035549,20,10,29,06:30,3,1,1,1,6,57106,M,"49,2975980","6,5851660",57
202000035550,20,10,29,17:50,5,2,1,2,6,57155,M,"49,1085820","6,4131260",57
202000035551,20,10,29,09:25,1,1,1,9,6,56159,M,"47,7753290"," -2,3863400",56
202000035552,20,10,29,18:00,2,2,3,1,6,56195,M,"47,5185510"," -2,3017890",56
202000035553,20,1,12,19:46,3,1,1,1,4,13215,M,"43,3536590","5,3646040",13
202000035554,20,10,29,15:00,1,2,1,8,1,80428,M,"49,9539540","2,8511450",80
202000035555,20,10,28,17:50,2,2,2,1,3,33485,M,"44,8201350"," -0,1354250",33
202000035556,20,1,12,19:46,3,1,1,1,3,13085,M,"43,2484033","5,5964703",13
202000035557,20,12,9,21:20,5,2,1,1,6,94075,M,"48,7220300","2,5366700",94
202000035558,20,5,30,19:15,1,2,1,1,6,83123,M,"43,1183000","5,8016100",83
202000035559,20,5,29,20:40,2,1,1,1,7,83069,M,"43,0840900","6,1134500",83
202000035560,20,10,28,21:30,3,1,1,1,6,81148,M,"44,0459410","1,8887040",81
202000035561,20,12,9,09:14,1,2,9,1,6,94028,M,"48,7696590","2,4710460",94
202000035562,20,12,10,12:10,1,2,1,7,6,94079,M,"48,8326150","2,5518030",94
202000035563,20,12,9,20:31,5,2,1,1,2,94019,M,"48,7992500","2,5430200",94
202000035564,20,12,10,19:30,5,2,1,1,2,94018,M,"48,8196730","2,4138640",94
202000035565,20,1,11,14:30,1,1,1,1,2,13106,M,"43,4054240","5,3604770",13
202000035566,20,12,10,10:10,1,2,1,1,4,94017,M,"48,8199000","2,5111600",94
202000035567,20,1,11,11:50,1,1,1,1,2,13005,M,"43,2828115","5,5794480",13
202000035568,20,10,29,18:50,3,1,1,1,1,11259,M,"43,2760260","2,2324880",11
202000035569,20,5,30,17:54,1,2,1,1,2,78440,M,"48,9738710","1,9172760",78
202000035570,20,5,29,19:00,1,2,3,1,2,76540,M,"49,4424200","1,0772700",76
202000035571,20,12,9,21:00,5,2,2,1,5,94075,M,"48,7273400","2,5354000",94
202000035572,20,10,29,19:10,5,2,1,2,6,71014,M,"46,9544982","4,2932336",71
202000035573,20,1,10,12:06,1,1,1,1,7,13215,M,"43,3469580","5,3449440",13
202000035574,20,1,12,06:25,3,1,1,1,6,69297,M,"45,6085000","4,8036520",69
202000035575,20,5,29,22:55,5,2,3,1,3,69266,M,"45,7536800","4,8952300",69
202000035576,20,5,30,14:25,1,2,1,1,2,64445,M,"43,3096800"," -0,3312000",64
202000035577,20,5,30,14:50,1,2,1,1,2,64024,M,"43,4855900"," -1,5043000",64
202000035578,20,5,30,14:15,1,2,1,1,7,64024,M,"43,4829800"," -1,5037800",64
202000035579,20,5,30,11:20,1,2,1,1,4,64102,M,"43,5023100"," -1,4616100",64
202000035580,20,1,7,06:50,3,1,1,1,4,67152,M,"48,5244243","7,6957365",67
202000035581,20,12,10,10:10,1,2,1,1,1,94071,M,"48,7676060","2,5247460",94
202000035582,20,10,29,12:10,1,1,1,8,7,89131,M,"47,9044910","4,2178490",89
202000035583,20,5,29,12:30,1,2,1,1,3,64024,M,"43,4908400"," -1,4983800",64
202000035584,20,10,29,07:15,2,1,1,8,7,55573,M,"48,6738040","5,6099150",55
202000035585,20,5,29,11:15,1,2,1,1,2,64102,M,"43,4989600"," -1,4887600",64
202000035586,20,10,29,08:22,1,1,1,2,1,86281,M,"46,7133850","0,2248760",86
202000035587,20,5,30,10:10,1,2,1,1,6,56260,M,"47,6590300"," -2,7588800",56
202000035588,20,10,28,21:20,3,1,1,3,6,39478,M,"46,3813690","5,8041070",39
202000035589,20,12,9,08:00,1,2,2,1,1,94004,M,"48,7544700","2,5060300",94
202000035590,20,5,30,08:30,1,2,2,1,3,54395,M,"48,7002300","6,1725300",54
202000035591,20,1,12,07:25,3,1,1,1,6,33080,M,"44,7370100"," -0,5339300",33
202000035592,20,1,12,04:18,3,1,1,1,6,91377,M,"48,7194600","2,2934600",91
202000035593,20,1,11,23:09,3,1,1,1,7,94034,M,"48,7549200","2,3325900",94
202000035594,20,1,12,21:30,3,1,1,1,2,94022,M,"48,7765300","2,4198800",94
202000035595,20,1,11,14:20,1,2,4,1,3,75118,M,"48,9003991","2,3624843",75
202000035596,20,10,29,09:30,1,2,9,1,1,02363,M,"49,5206360","3,2693930",02
202000035597,20,1,11,17:40,5,2,3,1,6,75117,M,"48,8954096","2,3116721",75
202000035598,20,10,29,17:50,3,1,1,1,2,03166,M,"46,1287166","3,1671713",03
202000035599,20,10,29,12:20,1,1,1,2,6,15038,M,"45,3939370","2,5379060",15
202000035600,20,10,28,16:45,1,2,1,2,6,01269,M,"46,1573210","5,6039390",01
202000035601,20,10,28,21:40,3,1,1,1,6,58085,M,"47,4354900","3,4176800",58
202000035602,20,10,28,13:17,1,1,1,2,5,60223,M,"49,4193770","2,6340370",60
202000035603,20,1,11,21:00,5,2,2,1,3,75120,M,"48,8777771","2,4081784",75
202000035604,20,1,10,11:35,1,2,1,2,3,75118,M,"48,8983130","2,3705310",75
202000035605,20,5,28,08:15,1,2,9,1,2,52448,M,"48,6343200","4,9380500",52
202000035606,20,1,11,00:30,5,2,3,1,6,75117,M,"48,8816749","2,3177641",75
202000035607,20,12,9,17:30,5,2,3,1,6,93070,M,"48,9085910","2,3326899",93
202000035608,20,5,30,18:30,1,2,1,1,3,51454,M,"49,2604507","4,0477345",51
202000035609,20,5,30,15:20,1,2,6,1,2,51454,M,"49,2135668","4,0152836",51
202000035610,20,5,29,18:50,1,2,1,1,2,51454,M,"49,2286957","4,0676347",51
202000035611,20,5,30,12:35,1,2,1,1,6,45274,M,"47,8910900","1,9701200",45
202000035612,20,12,10,11:30,1,2,1,1,6,93066,M,"48,9421113","2,3850849",93
202000035613,20,5,30,15:00,1,2,9,1,2,35238,M,"48,1042700"," -1,6773300",35
202000035614,20,10,29,08:25,1,2,9,1,3,64145,M,"43,1940740"," -0,2717720",64
202000035615,20,5,29,18:30,1,2,8,1,-1,34172,M,"43,6103750","3,8562120",34
202000035616,20,10,28,18:15,2,1,1,1,5,18206,M,"47,1943790","2,3251530",18
202000035617,20,5,30,21:25,2,2,3,1,6,33063,M,"44,8526000"," -0,5677000",33
202000035618,20,10,29,09:05,1,1,1,2,6,10288,M,"48,0033620","4,4743970",10
202000035619,20,12,7,08:30,1,2,1,1,4,93066,M,"48,9358200","2,3670400",93
202000035620,20,5,30,21:05,1,2,2,1,3,33522,M,"44,8082634"," -0,6003304",33
202000035621,20,1,11,15:30,1,2,3,1,4,75116,M,"48,8632061","2,2961761",75
202000035622,20,10,28,23:10,4,1,1,1,6,04214,M,"44,0683780","6,3835290",04
202000035623,20,1,10,08:10,1,2,4,8,3,75116,M,"48,8769984","2,2769237",75
202000035624,20,1,10,09:40,1,2,1,2,3,75116,M,"48,8767330","2,2662520",75
202000035625,20,10,29,16:30,1,1,3,1,5,04094,M,"43,7528759","5,8046551",04
202000035626,20,1,10,18:30,5,2,3,2,3,75115,M,"48,8354161","2,2810699",75
202000035627,20,5,30,08:00,1,2,3,1,3,33281,M,"44,8202400"," -0,6928100",33
202000035628,20,10,28,17:15,1,1,1,1,6,08490,M,"49,4326780","4,6727090",08
202000035629,20,5,30,18:40,1,2,2,1,3,33009,M,"44,6603400"," -1,1886400",33
202000035630,20,10,29,17:40,2,1,1,2,5,80160,M,"49,8532249","2,3559056",80
202000035631,20,5,30,10:20,1,2,1,1,6,27554,M,"49,1092900","1,4397100",27
202000035632,20,5,30,20:30,1,2,1,1,6,13216,M,"43,3598900","5,3161700",13
202000035633,20,10,25,19:50,3,1,1,8,6,06018,M,"43,6158750","7,0830920",06
202000035634,20,1,11,13:40,1,2,2,1,6,75114,M,"48,8293001","2,3226671",75
202000035635,20,10,22,16:00,1,2,3,1,1,98722,P," -17,5914290"," -149,3821260",987
202000035636,20,1,11,11:50,1,2,2,1,3,75113,M,"48,8296059","2,3792361",75
202000035637,20,12,10,07:50,1,2,1,1,6,93064,M,"48,8687200","2,4860400",93
202000035638,20,1,11,11:30,1,2,1,1,3,75113,M,"48,8291887","2,3563339",75
202000035639,20,12,10,16:30,2,2,2,1,3,93048,M,"48,8508600","2,4185700",93
202000035640,20,5,30,12:00,1,2,1,1,6,13212,M,"43,3100000","5,4180000",13
202000035641,20,1,11,02:25,5,2,1,1,3,75112,M,"48,8500131","2,3705201",75
202000035642,20,10,29,17:55,5,1,1,1,1,77343,M,"49,0231800","3,0763440",77
202000035643,20,1,11,04:45,5,2,3,1,6,75111,M,"48,8598334","2,3887545",75
202000035644,20,10,28,17:35,2,2,1,1,1,83112,M,"43,1808890","5,6810050",83
202000035645,20,12,9,13:00,1,2,2,2,3,93048,M,"48,8571859","2,4411565",93
202000035646,20,5,30,07:20,1,2,1,1,4,13213,M,"43,3310000","5,4070000",13
202000035647,20,12,9,16:38,5,2,1,1,3,93063,M,"48,8740614","2,4405091",93
202000035648,20,12,10,17:05,2,2,1,1,6,92073,M,"48,8631076","2,2030324",92
202000035649,20,5,30,17:50,1,2,1,1,3,06088,M,"43,6803060","7,2157500",06
202000035650,20,10,29,16:45,1,2,1,1,6,83143,M,"43,4360860","6,0565460",83
202000035651,20,5,31,01:30,5,2,1,1,6,06027,M,"43,6648920","7,1623170",06
202000035652,20,10,29,15:40,1,2,9,1,3,13110,M,"43,4507710","5,6906090",13
202000035653,20,5,30,14:32,1,2,4,1,3,75116,M,"48,8439745","2,2549412",75
202000035654,20,10,29,15:00,1,1,1,2,5,03298,M,"46,3243333","3,3719691",03
202000035655,20,1,10,23:30,5,2,2,1,2,75111,M,"48,8651558","2,3752030",75
202000035656,20,12,10,11:00,1,2,1,8,6,92051,M,"48,8880766","2,2818748",92
202000035657,20,5,30,19:45,1,2,1,1,6,75107,M,"48,8519063","2,3267259",75
202000035658,20,10,29,13:15,1,2,1,1,-1,74040,M,"46,1670150","6,3295680",74
202000035659,20,10,25,20:20,3,1,1,1,3,69160,M,"46,1391810","4,4473390",69
202000035660,20,12,8,18:00,2,2,2,1,3,92050,M,"48,8996842","2,1950428",92
202000035661,20,5,30,15:15,1,2,2,1,3,75105,M,"48,8411840","2,3559590",75
202000035662,20,1,11,20:15,5,2,4,1,6,75110,M,"48,8782962","2,3544157",75
202000035663,20,1,11,12:05,1,2,1,1,3,75110,M,"48,8685679","2,3582151",75
202000035664,20,1,10,13:39,1,2,1,2,-1,75110,M,"48,8824090","2,3505700",75
202000035665,20,12,6,22:15,5,2,1,1,3,92050,M,"48,9121873","2,2236666",92
202000035666,20,1,1,01:30,5,2,2,1,6,75107,M,"48,8595320","2,3292840",75
202000035667,20,12,10,06:50,5,2,2,1,1,92023,M,"48,7863886","2,2540117",92
202000035668,20,1,11,19:40,5,2,2,1,6,75103,M,"48,8654488","2,3560470",75
202000035669,20,5,30,18:20,1,2,3,1,3,75119,M,"48,8725342","2,3785561",75
202000035670,20,9,26,00:40,3,1,1,2,-1,42044,M,"45,3946500","4,3314300",42
202000035671,20,5,30,21:15,2,2,7,1,2,75117,M,"48,8742800","2,2945460",75
202000035672,20,10,28,15:15,1,1,1,1,2,33039,M,"44,7964100"," -0,5385500",33
202000035673,20,5,30,13:55,1,2,2,1,3,75117,M,"48,8815520","2,3006755",75
202000035674,20,12,6,15:20,1,2,2,1,2,92009,M,"48,9071100","2,2638600",92
202000035675,20,12,10,18:30,5,2,1,1,2,62504,M,"50,7357630","2,1756260",62
202000035676,20,5,30,12:15,1,2,3,1,3,75116,M,"48,8748276","2,2917277",75
202000035677,20,12,7,08:00,1,1,9,1,6,97422,R," -21,2484670","55,5252750",974
202000035678,20,12,11,12:32,1,1,1,1,6,67153,M,"48,7849960","7,5019560",67
202000035679,20,5,30,14:25,1,2,2,1,3,75115,M,"48,8360990","2,2782700",75
202000035680,20,5,30,14:50,1,2,1,1,3,75114,M,"48,8236447","2,3256404",75
202000035681,20,12,10,18:20,3,1,1,2,7,22227,M,"48,5674920"," -3,5816720",22
202000035682,20,10,22,06:50,3,1,1,1,5,59435,M,"50,4949938","3,2120982",59
202000035683,20,1,11,17:35,2,2,1,1,7,75104,M,"48,8602203","2,3491686",75
202000035684,20,12,11,07:30,3,1,1,2,3,76244,M,"49,7069560","1,3757260",76
202000035685,20,5,30,13:00,1,2,3,1,3,75114,M,"48,8223779","2,3291271",75
202000035686,20,12,11,07:30,2,1,9,4,2,15055,M,"45,0874110","3,1174030",15
202000035687,20,12,11,05:45,3,1,1,2,6,37266,M,"47,3119576","0,7353865",37
202000035688,20,5,30,21:10,1,2,2,1,3,75112,M,"48,8318200","2,3977200",75
202000035689,20,12,10,15:50,1,1,1,1,5,83067,M,"43,3399430","6,2959760",83
202000035690,20,12,10,18:45,3,1,1,1,6,04161,M,"44,4007427","6,4999279",04
202000035691,20,5,30,16:57,1,2,2,1,3,75112,M,"48,8351784","2,3987763",75
202000035692,20,10,28,14:35,2,1,1,1,2,93051,M,"48,8400000","2,5500000",93
202000035693,20,5,30,14:35,1,2,7,1,6,75110,M,"48,8710682","2,3611258",75
202000035694,20,10,28,08:00,1,1,1,1,-1,95277,M,"48,9744000","2,4891000",95
202000035695,20,5,30,10:15,1,2,1,1,3,75110,M,"48,8766840","2,3652830",75
202000035696,20,1,11,12:25,1,2,1,1,2,94043,M,"48,8114800","2,3621100",94
202000035697,20,12,11,12:45,1,1,1,8,6,82013,M,"43,8700350","0,9632134",82
202000035698,20,10,28,01:30,3,1,1,2,7,93007,M,"48,9195786","2,4789097",93
202000035699,20,1,11,11:00,1,2,1,1,6,94019,M,"48,7964592","2,5317085",94
202000035700,20,1,11,11:35,1,2,1,1,3,94017,M,"48,8079300","2,5517620",94
202000035701,20,10,28,20:00,3,1,1,1,4,94033,M,"48,8600600","2,4853400",94
202000035702,20,12,10,21:47,3,1,1,2,6,82125,M,"43,9388240","1,2432040",82
202000035703,20,5,30,09:10,1,2,2,1,3,75110,M,"48,8736396","2,3750159",75
202000035704,20,1,10,23:45,5,2,9,1,4,93066,M,"48,9217550","2,3457877",93
202000035705,20,10,28,19:20,5,1,1,1,-1,77169,M,"48,8329200","2,5951700",77
202000035706,20,10,28,07:30,1,2,1,1,6,98818,C," -22,2335100","166,4665300",988
202000035707,20,1,10,23:30,3,1,1,2,5,93074,M,"48,9347900","2,6029800",93
202000035708,20,10,27,13:15,1,2,6,1,2,98818,C," -22,2604100","166,4446200",988
202000035709,20,1,11,13:50,1,2,2,1,6,93031,M,"48,9600978","2,2918736",93
202000035710,20,12,10,20:34,3,1,1,1,6,49378,M,"47,3018100"," -0,0373690",49
202000035711,20,10,27,14:20,1,2,2,1,3,97416,R," -21,3383600","55,4772300",974
202000035712,20,1,11,09:20,1,2,6,1,6,93010,M,"48,9032784","2,4802217",93
202000035713,20,10,21,19:45,3,1,1,1,1,97416,R," -21,3016700","55,4330000",974
202000035714,20,1,11,20:43,5,2,2,1,-1,92072,M,"48,8264150","2,2192830",92
202000035715,20,10,27,18:00,5,2,2,1,3,69383,M,"45,7561426","4,8548960",69
202000035716,20,10,27,12:55,1,2,2,1,3,69387,M,"45,7491100","4,8564500",69
202000035717,20,10,27,12:17,1,2,9,1,6,69388,M,"45,7366500","4,8692100",69
202000035718,20,10,27,08:15,1,2,1,1,2,69386,M,"45,7653600","4,8457300",69
202000035719,20,12,11,17:20,2,1,1,8,7,12068,M,"44,3246310","2,3408390",12
202000035720,20,5,30,16:00,1,2,4,1,6,75109,M,"48,8760260","2,3445350",75
202000035721,20,10,22,13:30,1,1,1,1,2,97213,A,"14,6174161"," -61,0169506",972
202000035722,20,1,11,16:30,1,2,1,1,2,92051,M,"48,8841670","2,2625340",92
202000035723,20,10,27,12:50,1,1,1,3,7,97209,A,"14,6162800"," -61,0434400",972
202000035724,20,10,27,15:40,1,2,1,1,6,69384,M,"45,7739300","4,8270200",69
202000035725,20,10,27,12:30,1,2,3,1,3,69385,M,"45,7559000","4,7880000",69
202000035726,20,1,11,11:30,1,2,1,1,3,92035,M,"48,9124000","2,2492400",92
202000035727,20,10,26,11:25,1,2,1,8,6,69202,M,"45,7351600","4,7817800",69
202000035728,20,10,27,09:50,1,2,2,1,6,97120,A,"16,2409100"," -61,5351800",971
202000035729,20,5,30,20:30,1,2,2,1,3,75101,M,"48,8601128","2,3333437",75
202000035730,20,10,26,21:25,5,2,1,1,1,95424,M,"48,9978580","2,1952130",95
202000035731,20,5,29,19:30,1,2,4,1,3,75103,M,"48,8575990","2,3680630",75
202000035732,20,5,27,21:00,2,2,7,1,3,75104,M,"48,8536186","2,3690504",75
202000035733,20,12,11,10:40,1,1,1,4,1,01066,M,"45,8427620","5,5700040",01
202000035734,20,1,11,18:20,5,2,3,1,3,92012,M,"48,8297100","2,2422100",92
202000035735,20,12,10,13:50,1,2,1,7,6,29160,M,"48,4935552"," -4,4317237",29
202000035736,20,5,30,16:10,1,2,4,1,3,75102,M,"48,8658543","2,3433805",75
202000035737,20,5,30,21:50,2,2,3,1,3,94081,M,"48,7825600","2,3808700",94
202000035738,20,12,10,17:20,2,2,1,1,6,29075,M,"48,4355974"," -4,3952082",29
202000035739,20,12,11,07:00,4,1,1,1,-1,72179,M,"47,8364930"," -0,0649090",72
202000035740,20,1,12,18:00,5,2,1,2,2,51649,M,"48,7290529","4,5925752",51
202000035741,20,12,11,01:50,3,1,1,3,6,72248,M,"47,8365090","0,4342770",72
202000035742,20,5,30,05:20,1,2,1,1,7,94081,M,"48,8029400","2,3990500",94
202000035743,20,12,10,09:45,1,1,3,1,3,06113,M,"43,7968160","7,4786700",06
202000035744,20,5,30,15:33,1,2,1,1,1,94073,M,"48,7531200","2,3791100",94
202000035745,20,12,10,11:05,1,1,3,2,3,14453,M,"49,3114830"," -0,8302250",14
202000035746,20,12,11,11:20,1,1,1,4,7,05092,M,"44,4919750","6,0143920",05
202000035747,20,1,11,11:20,1,1,1,1,1,95504,M,"49,1016800","2,2766320",95
202000035748,20,12,11,07:45,2,2,1,2,1,16002,M,"46,0784550","0,1993040",16
202000035749,20,1,11,04:00,4,1,1,1,6,33138,M,"45,0282990"," -0,0627530",33
202000035750,20,1,2,10:00,1,2,1,1,6,40304,M,"43,6607460"," -1,4321690",40
202000035751,20,5,29,18:45,1,2,1,1,6,94033,M,"48,8482000","2,4911000",94
202000035752,20,1,12,11:30,1,1,1,1,-1,83085,M,"43,4960530","6,5215220",83
202000035753,20,12,10,17:50,3,1,1,9,5,21103,M,"47,1482540","5,1755910",21
202000035754,20,5,30,18:47,1,2,1,1,6,93078,M,"48,9489926","2,5518186",93
202000035755,20,1,11,15:25,1,2,3,7,3,12169,M,"44,1992340","2,3405940",12
202000035756,20,12,8,12:50,1,1,1,1,1,24077,M,"44,9418760","0,5680600",24
202000035757,20,5,30,20:40,1,2,2,1,1,93072,M,"48,9558000","2,3832200",93
202000035758,20,1,10,15:55,1,2,3,1,3,35024,M,"48,1861630"," -1,6310500",35
202000035759,20,12,11,16:50,2,2,1,1,6,85282,M,"46,7084230"," -0,9868650",85
202000035760,20,5,30,06:15,1,2,1,1,2,93070,M,"48,9157851","2,3309299",93
202000035761,20,12,10,16:45,1,1,3,2,6,37216,M,"47,1560761","0,5638094",37
202000035762,20,5,30,21:20,1,2,1,1,3,93066,M,"48,9140843","2,3581939",93
202000035763,20,1,11,20:30,3,1,1,1,6,19025,M,"45,4088370","1,2804250",19
202000035764,20,12,9,16:25,2,2,3,8,2,37273,M,"47,3858207","0,7854298",37
202000035765,20,5,30,19:30,1,2,3,1,3,93010,M,"48,9014000","2,4890400",93
202000035766,20,12,11,12:30,1,1,1,2,6,30272,M,"43,9732450","3,6876940",30
202000035767,20,5,30,18:20,1,2,9,1,3,92026,M,"48,8982586","2,2550701",92
202000035768,20,12,10,16:00,1,1,1,1,2,97307,G,"4,8351870"," -52,3320870",973
202000035769,20,12,10,01:00,3,1,1,1,6,01067,M,"46,1130793","5,4779183",01
202000035770,20,5,29,22:30,5,2,1,1,-1,92012,M,"48,8414720","2,2387450",92
202000035771,20,12,10,19:45,3,1,1,2,2,18255,M,"47,0473140","2,3274480",18
202000035772,20,1,12,07:10,3,1,1,2,1,56164,M,"47,6829570"," -2,8354170",56
202000035773,20,12,10,10:45,1,1,3,8,2,33122,M,"44,7303750"," -0,7565250",33
202000035774,20,5,30,20:10,1,2,3,7,3,92014,M,"48,7807120","2,3206750",92
202000035775,20,5,31,12:50,1,1,1,1,7,54110,M,"48,6989640","6,2921080",54
202000035776,20,12,7,08:45,1,1,1,1,2,78196,M,"48,8607730","1,9689670",78
202000035777,20,1,12,06:40,3,1,1,1,1,77239,M,"48,6785664","3,1120493",77
202000035778,20,12,10,21:55,3,1,1,2,2,69250,M,"45,8202350","4,7117720",69
202000035779,20,1,12,17:15,2,1,1,1,6,76222,M,"49,4910590","0,8615660",76
202000035780,20,12,11,11:55,1,1,1,8,4,69050,M,"45,8698570","4,6541260",69
202000035781,20,5,30,20:00,1,2,1,1,1,62066,M,"50,4764310","2,0985190",62
202000035782,20,1,8,19:40,3,1,1,1,1,79031,M,"46,1658340"," -0,4358390",79
202000035783,20,5,31,09:45,1,2,1,1,7,2A282,M,"42,1905477","8,9132756",2A
202000035784,20,1,12,11:00,1,1,1,1,6,49086,M,"47,2148350"," -0,4311720",49
202000035785,20,12,11,09:57,1,1,1,1,2,27263,M,"49,3839510","0,5912020",27
202000035786,20,12,11,12:30,1,2,1,1,6,97119,A,"16,3763090"," -61,4761450",971
202000035787,20,11,4,14:55,1,1,3,8,3,21515,M,"47,3205983","5,1243902",21
202000035788,20,1,10,11:00,1,2,1,1,6,35095,M,"48,5490290"," -1,7578490",35
202000035789,20,1,12,02:00,3,1,1,1,6,29269,M,"47,9311370"," -3,6158410",29
202000035790,20,12,1,18:05,4,1,1,1,6,91587,M,"48,6882370","2,2862080",91
202000035791,20,1,12,15:20,1,1,1,7,6,15085,M,"44,8565056","2,5101670",15
202000035792,20,12,11,09:04,1,2,1,2,1,66190,M,"42,8334320","2,9156310",66
202000035793,20,12,11,06:45,3,1,1,2,3,70528,M,"47,4292690","5,6593410",70