Num_Acc,an,mois,jour,hrmn,lum,agg,int,atm,col,com,gps,lat,long,dep
202000035794,20,5,31,11:25,1,1,1,1,2,01105,M,"45,9047100","4,8772850",01
202000035795,20,12,11,09:45,1,2,3,2,3,68001,M,"48,0014050","7,5572790",68
202000035796,20,5,29,17:55,1,1,3,7,3,62229,M,"50,6473920","2,1804430",62
202000035797,20,5,31,15:15,1,1,1,1,6,26107,M,"45,1849620","5,0851520",26
202000035798,20,5,30,17:00,1,1,9,7,7,60225,M,"49,4281784","2,3472697",60
202000035799,20,5,31,18:35,1,1,1,7,7,06161,M,"43,6571340","7,1079130",06
202000035800,20,12,11,17:20,5,2,2,2,6,67067,M,"48,7096610","7,7108310",67
202000035801,20,1,11,16:00,1,2,3,1,3,14143,M,"49,0881656"," -0,8166142",14
202000035802,20,5,29,09:58,1,1,9,1,1,31389,M,"43,6328990","1,5201070",31
202000035803,20,12,11,17:20,3,1,1,2,1,63470,M,"45,8827120","3,0571230",63
202000035804,20,1,12,13:15,1,1,4,1,7,73128,M,"45,7262240","5,9187400",73
202000035805,20,5,30,17:00,1,1,1,2,1,97204,A,"14,7009920"," -61,1811710",972
202000035806,20,12,11,07:10,2,1,1,1,6,73075,M,"45,4524620","6,0618460",73
202000035807,20,5,29,15:00,1,1,1,1,2,29204,M,"48,4997480"," -4,1816290",29
202000035808,20,1,12,02:05,3,1,1,1,6,21412,M,"46,9563270","4,8163110",21
202000035809,20,12,9,16:00,1,2,5,1,3,38382,M,"45,2426840","5,6706190",38
202000035810,20,1,12,02:15,5,2,1,1,2,27100,M,"49,3661820","0,4036950",27
202000035811,20,5,31,11:40,1,1,1,1,7,60448,M,"49,1252020","3,0699490",60
202000035812,20,1,11,18:05,5,1,6,1,6,17350,M,"45,9382040"," -0,4815130",17
202000035813,20,1,12,18:15,3,1,1,8,7,37002,M,"47,4183099","0,4288723",37
202000035814,20,12,9,12:05,1,1,1,1,1,26037,M,"44,8709470","4,9430270",26
202000035815,20,5,31,10:30,1,1,1,1,7,30175,M,"44,2749700","4,4107960",30
202000035816,20,1,11,16:00,1,1,1,1,7,30336,M,"43,8438390","4,6320150",30
202000035817,20,12,11,07:45,2,1,3,3,3,81198,M,"43,8475349","2,0662129",81
202000035818,20,5,31,17:00,1,1,1,1,-1,83026,M,"43,4117349","6,2200534",83
202000035819,20,1,12,02:30,3,2,1,1,1,97801,,"18,0816150"," -63,0686470",978
202000035820,20,12,10,15:20,1,1,2,1,3,86297,M,"46,5987790","0,2951370",86
202000035821,20,5,31,11:40,1,1,1,1,3,19107,M,"45,1020001","1,3873061",19
202000035822,20,5,31,03:30,3,1,1,1,7,76380,M,"49,7940000","0,9803000",76
202000035823,20,1,11,17:55,2,1,1,2,6,98714,P," -16,5273900"," -151,7289310",987
202000035824,20,12,10,16:10,1,1,1,2,1,33067,M,"45,0549850"," -0,5455510",33
202000035825,20,12,10,12:35,1,2,1,7,6,22070,M,"48,5545050"," -3,1499760",22
202000035826,20,5,4,15:45,1,2,3,1,3,33140,M,"44,7765900"," -0,3498000",33
202000035827,20,1,10,16:10,1,2,3,1,3,97415,R," -21,0520726","55,2277440",974
202000035828,20,5,29,16:05,1,1,1,1,7,69248,M,"46,0107268","4,3147063",69
202000035829,20,12,9,12:40,1,2,1,1,6,60446,M,"49,1378820","2,8096120",60
202000035830,20,1,11,18:30,3,1,1,1,6,45042,M,"47,8387482","2,4333206",45
202000035831,20,5,30,12:00,1,2,3,1,6,32252,M,"43,4301100","0,3064370",32
202000035832,20,12,10,11:50,1,2,1,1,6,60404,M,"49,3148614","2,4718113",60
202000035833,20,1,3,19:01,5,2,1,2,6,77153,M,"49,0510130","2,6708650",77
202000035834,20,1,11,21:10,3,1,1,1,7,77141,M,"48,8438402","2,8462859",77
202000035835,20,5,30,16:30,1,1,1,1,3,11319,M,"43,3931520","2,3749780",11
202000035836,20,1,11,17:00,2,2,1,7,1,84003,M,"43,8758970","5,3776060",84
202000035837,20,12,11,13:09,1,2,1,2,3,60639,M,"49,4530610","2,0992790",60
202000035838,20,5,31,14:35,1,2,1,1,6,71310,M,"46,7498948","4,4686730",71
202000035839,20,1,12,18:45,2,1,1,1,2,83115,M,"43,3137742","6,6636780",83
202000035840,20,12,11,16:30,1,1,1,2,1,80049,M,"49,6222320","2,5506680",80
202000035841,20,5,31,16:00,1,1,1,1,6,89015,M,"47,5906438","3,7498476",89
202000035842,20,1,11,10:20,1,2,6,1,3,13042,M,"43,2974110","5,6236030",13
202000035843,20,5,31,14:20,1,1,3,1,6,89118,M,"47,6989170","3,5640550",89
202000035844,20,12,8,17:00,2,2,1,5,6,59400,M,"50,6450450","2,6386280",59
202000035845,20,1,11,19:10,3,1,3,1,2,68072,M,"47,6955570","7,4224200",68
202000035846,20,5,30,21:40,2,1,1,1,7,63023,M,"45,6000568","3,5606478",63
202000035847,20,12,10,14:44,1,1,4,2,2,13211,M,"43,2914100","5,4829900",13
202000035848,20,1,9,07:40,2,2,2,1,1,67458,M,"48,8307770","7,7431280",67
202000035849,20,12,9,07:20,3,1,1,1,3,13215,M,"43,3544200","5,3632600",13
202000035850,20,5,30,19:30,1,1,2,7,5,41043,M,"47,2808450","1,4808260",41
202000035851,20,1,12,06:15,3,1,1,1,1,73285,M,"45,6080030","6,8425940",73
202000035852,20,12,10,05:00,3,1,1,1,5,13215,M,"43,3775930","5,3575020",13
202000035853,20,5,29,15:50,1,1,1,1,7,22034,M,"48,6599870"," -3,3381700",22
202000035854,20,1,8,18:35,5,2,1,1,6,73054,M,"45,6169410","6,7670660",73
202000035855,20,5,31,02:40,3,2,1,1,6,31523,M,"43,0954400","0,9529240",31
202000035856,20,1,11,16:15,1,1,6,7,3,31420,M,"43,4920610","1,4037430",31
202000035857,20,12,9,17:16,2,1,1,1,4,67482,M,"48,5863640","7,7186792",67
202000035858,20,5,30,18:30,1,1,1,1,3,38086,M,"45,2795100","5,3492200",38
202000035859,20,1,12,06:10,5,1,9,1,6,60409,M,"49,2885781","2,4617635",60
202000035860,20,12,10,10:05,1,1,1,2,5,33550,M,"44,7630600"," -0,5478700",33
202000035861,20,1,11,14:45,1,1,1,1,4,13019,M,"43,4238916","5,3742729",13
202000035862,20,5,30,15:30,1,1,1,1,6,02642,M,"49,7237510","4,2033220",02
202000035863,20,12,9,20:45,3,1,1,1,2,59124,M,"50,6027891","3,2693794",59
202000035864,20,5,30,07:50,1,1,1,1,7,03297,M,"46,5301539","2,6394444",03
202000035865,20,1,11,02:40,5,1,1,1,3,13055,M,"43,2915000","5,4243200",13
202000035866,20,12,9,18:00,3,1,1,1,2,59378,M,"50,6845680","3,1075410",59
202000035867,20,5,25,12:15,1,1,1,1,3,72143,M,"47,8768940","0,4306980",72
202000035868,20,12,10,15:50,1,1,1,1,3,91182,M,"48,6231500","2,4212500",91
202000035869,20,12,10,08:25,2,1,1,1,3,91659,M,"48,5867000","2,4513000",91
202000035870,20,1,11,13:50,1,1,1,1,6,78524,M,"48,8399507","2,1153939",78
202000035871,20,12,10,06:50,3,1,1,1,2,92064,M,"48,8370300","2,1875100",92
202000035872,20,1,10,14:20,1,1,1,1,4,92025,M,"48,9225112","2,2270876",92
202000035873,20,1,11,15:10,1,1,1,1,6,95277,M,"48,9817728","2,5010447",95
202000035874,20,12,9,18:45,3,1,1,1,5,92036,M,"48,9436400","2,2877400",92
202000035875,20,1,11,14:30,1,1,1,1,7,95061,M,"49,0675600","2,2557900",95
202000035876,20,12,9,21:00,5,1,1,1,7,95607,M,"49,0289700","2,2031600",95
202000035877,20,1,11,06:20,3,1,1,1,6,60505,M,"49,1756700","2,6017500",60
202000035878,20,12,10,06:30,3,1,1,1,7,95572,M,"49,0323200","2,1059900",95
202000035879,20,1,11,04:25,3,1,1,1,2,95488,M,"49,0123200","2,1503800",95
202000035880,20,5,31,19:45,1,1,1,7,5,14174,M,"48,8341567"," -0,6065816",14
202000035881,20,12,9,22:35,3,1,1,5,6,95582,M,"48,9636900","2,2651400",95
202000035882,20,5,31,11:45,1,1,1,1,1,14570,M,"49,0700240","0,2914890",14
202000035883,20,12,5,19:45,3,1,1,2,2,95277,M,"48,9769000","2,4753000",95
202000035884,20,5,30,19:30,1,2,1,1,6,45062,M,"47,9887639","1,8823745",45
202000035885,20,5,31,14:50,1,1,1,7,6,85108,M,"46,9254800"," -1,3651300",85
202000035886,20,5,31,19:30,1,1,1,1,7,48034,M,"44,3825890","3,2809480",48
202000035887,20,12,10,18:00,2,1,1,1,4,93051,M,"48,8355582","2,5652771",93
202000035888,20,1,11,03:10,3,1,1,1,2,93053,M,"48,8808900","2,4528800",93
202000035889,20,12,10,00:40,5,1,1,1,3,94042,M,"48,8284100","2,4755290",94
202000035890,20,5,31,18:30,1,1,1,1,2,13044,M,"43,6179730","5,0335610",13
202000035891,20,8,25,12:15,1,1,1,1,-1,30060,M,"43,8014170","4,4031680",30
202000035892,20,5,31,14:00,1,1,1,1,4,91649,M,"48,5427510","2,3527690",91
202000035893,20,5,30,11:00,1,1,1,1,6,97603,Y," -12,8874520","45,2120100",976
202000035894,20,11,25,11:00,1,1,9,1,3,97416,R," -21,2981400","55,4984200",974
202000035895,20,1,10,19:00,3,1,1,1,2,95582,M,"48,9818893","2,2412217",95
202000035896,20,1,10,18:10,3,1,1,1,2,95572,M,"49,0358500","2,0965500",95
202000035897,20,12,8,08:35,1,1,9,1,2,97416,R," -21,3287600","55,4716900",974
202000035898,20,1,10,14:50,1,1,1,8,6,93066,M,"48,9281100","2,3579800",93
202000035899,20,12,9,08:20,1,2,1,1,6,97416,R," -21,3436200","55,4695200",974
202000035900,20,1,11,19:00,3,1,1,1,2,77363,M,"48,9221342","2,6303049",77
202000035901,20,1,11,11:45,1,1,1,1,2,77294,M,"48,9616820","2,6166690",77
202000035902,20,12,8,16:30,1,2,9,2,2,97411,R," -20,9019900","55,4801700",974
202000035903,20,1,10,17:40,5,2,1,1,3,75118,M,"48,9006720","2,3684330",75
202000035904,20,1,10,18:30,5,2,1,1,3,75120,M,"48,8651553","2,4132150",75
202000035905,20,12,9,18:30,5,2,1,1,3,69388,M,"45,7381500","4,8673900",69
202000035906,20,1,9,17:15,2,2,4,2,4,75116,M,"48,8596127","2,2630792",75
202000035907,20,12,9,13:50,1,2,1,1,6,69259,M,"45,7025500","4,8877000",69
202000035908,20,12,9,10:30,1,2,1,1,6,69199,M,"45,7083100","4,8609700",69
202000035909,20,1,10,18:54,2,2,3,1,-1,75120,M,"48,8698138","2,4089696",75
202000035910,20,12,9,06:35,5,2,3,1,3,69386,M,"45,7636700","4,8637700",69
202000035911,20,1,10,09:30,1,2,2,1,3,75112,M,"48,8481010","2,3991390",75
202000035912,20,12,9,13:20,1,2,3,1,3,69385,M,"45,7591300","4,7919200",69
202000035913,20,12,9,06:10,5,2,1,1,6,95018,M,"48,9398033","2,2287333",95
202000035914,20,1,9,00:42,5,2,2,1,3,75108,M,"48,8741102","2,3246150",75
202000035915,20,12,8,17:45,3,1,2,1,3,91469,M,"48,3998300","2,1747100",91
202000035916,20,1,10,17:55,5,2,2,2,3,75106,M,"48,8455844","2,3286460",75
202000035917,20,12,9,13:00,1,2,1,2,6,77181,M,"48,8217485","2,7068307",77
202000035918,20,1,10,15:10,1,2,2,1,3,75120,M,"48,8719067","2,3826878",75
202000035919,20,12,8,07:30,3,2,3,1,6,76575,M,"49,3742840","1,1027100",76
202000035920,20,1,10,16:30,1,2,7,1,3,75118,M,"48,8956433","2,3462933",75
202000035921,20,12,8,12:50,1,2,1,2,6,71153,M,"46,8057314","4,4137660",71
202000035922,20,1,10,19:15,5,2,3,1,6,75108,M,"48,8754390","2,2962684",75
202000035923,20,12,8,09:00,1,2,1,2,6,71153,M,"46,8044647","4,4371247",71
202000035924,20,12,8,17:45,5,2,3,8,3,67218,M,"48,5300800","7,7225900",67
202000035925,20,1,10,12:00,1,2,2,1,6,75117,M,"48,8958507","2,3245139",75
202000035926,20,1,10,07:20,5,2,2,1,6,75117,M,"48,8943922","2,3133414",75
202000035927,20,12,8,17:25,5,2,4,8,3,67482,M,"48,5937041","7,7585271",67
202000035928,20,1,10,13:45,1,2,7,1,3,75116,M,"48,8631020","2,2864839",75
202000035929,20,12,9,17:35,5,2,3,1,3,65100,M,"43,2658300","0,0397800",65
202000035930,20,1,10,12:03,1,2,1,2,6,75116,M,"48,8663540","2,2824853",75
202000035931,20,12,8,18:40,5,2,3,1,3,64445,M,"43,2974090"," -0,3584900",64
202000035932,20,1,9,07:20,5,2,3,2,3,75116,M,"48,8612840","2,2842200",75
202000035933,20,12,9,08:50,1,2,1,3,7,64024,M,"43,4979300"," -1,4950200",64
202000035934,20,1,10,17:25,5,2,2,2,3,75115,M,"48,8335638","2,3092154",75
202000035935,20,1,10,11:00,1,2,1,8,7,75115,M,"48,8347270","2,2827659",75
202000035936,20,12,9,13:08,1,2,2,1,3,63113,M,"45,7924700","3,0916000",63
202000035937,20,1,10,07:25,5,2,3,2,7,75115,M,"48,8446210","2,2969100",75
202000035938,20,1,10,04:55,5,2,2,2,3,75115,M,"48,8392657","2,2919765",75
202000035939,20,12,8,17:46,2,2,1,1,2,63113,M,"45,7737100","3,0818700",63
202000035940,20,12,5,15:55,1,2,1,1,6,63014,M,"45,7527800","3,1270200",63
202000035941,20,1,10,12:57,1,2,3,8,3,75113,M,"48,8430734","2,3663312",75
202000035942,20,11,3,09:00,1,2,1,1,2,62427,M,"50,4155400","2,9646500",62
202000035943,20,1,9,17:40,2,2,2,2,3,75112,M,"48,8334763","2,4021119",75
202000035944,20,1,10,09:30,1,2,2,1,6,75112,M,"48,8385560","2,3931770",75
202000035945,20,12,9,08:10,2,2,2,8,3,51454,M,"49,2783846","4,0129237",51
202000035946,20,1,10,03:59,5,2,2,2,3,75112,M,"48,8458310","2,3676500",75
202000035947,20,12,7,12:50,1,2,4,1,3,50203,M,"49,6127700"," -1,6181800",50
202000035948,20,12,9,08:25,5,2,1,1,6,44184,M,"47,2658400"," -2,2501500",44
202000035949,20,1,9,18:15,2,2,2,2,6,75112,M,"48,8464380","2,3668731",75
202000035950,20,12,8,08:35,2,2,3,8,3,44109,M,"47,2283200"," -1,4953900",44
202000035951,20,12,7,16:50,1,2,2,1,6,38544,M,"45,5153100","4,8648200",38
202000035952,20,12,9,08:06,2,2,6,1,-1,37214,M,"47,4190429","0,6739758",37
202000035953,20,12,9,07:39,2,2,1,1,7,37261,M,"47,4193100","0,6909954",37
202000035954,20,12,9,13:55,1,1,6,1,2,35051,M,"48,1409500"," -1,6283700",35
202000035955,20,12,9,13:40,1,2,6,1,3,35278,M,"48,1585460"," -1,6872770",35
202000035956,20,12,9,00:50,5,2,1,1,7,31555,M,"43,6569200","1,4132300",31
202000035957,20,12,4,16:45,1,2,1,1,6,28134,M,"48,7374300","1,3752000",28
202000035958,20,12,8,13:30,1,2,1,1,6,28134,M,"48,7528500","1,3495300",28
202000035959,20,12,8,17:45,2,1,6,2,2,17380,M,"45,6622700"," -1,0617000",17
202000035960,20,12,9,11:06,1,2,1,1,3,17300,M,"46,1584000"," -1,1455200",17
202000035961,20,12,9,08:00,1,2,9,9,2,15012,M,"44,8512290","2,4554780",15
202000035962,20,12,9,16:00,1,2,1,1,6,13215,M,"43,3472900","5,3553000",13
202000035963,20,12,9,10:00,1,2,1,1,3,13206,M,"43,2863700","5,3699500",13
202000035964,20,12,8,19:25,5,2,1,1,2,13212,M,"43,3014000","5,4635000",13
202000035965,20,12,8,13:10,1,2,3,8,3,10357,M,"48,2968100","4,1332400",10
202000035966,20,12,9,12:00,1,2,1,1,3,07102,M,"44,9333200","4,8792100",07
202000035967,20,12,9,08:35,1,2,1,1,2,06069,M,"43,6393800","6,9127700",06
202000035968,20,12,9,18:25,5,2,3,1,3,06123,M,"43,6600470","7,1880250",06
202000035969,20,12,7,08:35,1,2,2,5,3,02738,M,"49,6591300","3,2791800",02
202000035970,20,12,9,19:20,2,2,1,1,5,75116,M,"48,8665240","2,2687920",75
202000035971,20,12,9,17:00,2,2,1,1,2,75114,M,"48,8240040","2,3076690",75
202000035972,20,12,9,14:15,1,2,1,1,5,75114,M,"48,8226000","2,3142350",75
202000035973,20,12,9,08:00,2,2,4,1,3,75114,M,"48,8239830","2,3076780",75
202000035974,20,12,8,22:55,5,2,1,1,-1,75117,M,"48,8979210","2,3134410",75
202000035975,20,12,8,18:45,5,2,1,1,6,75114,M,"48,8172120","2,3349820",75
202000035976,20,12,8,11:56,1,2,2,1,6,75112,M,"48,8434280","2,3707060",75
202000035977,20,12,8,11:55,1,2,1,1,6,75120,M,"48,8613370","2,4088260",75
202000035978,20,12,9,10:00,1,2,3,1,3,75118,M,"48,8977560","2,3334060",75
202000035979,20,12,9,21:08,5,2,2,1,3,75112,M,"48,8362320","2,4029160",75
202000035980,20,12,9,08:45,1,2,2,1,3,75112,M,"48,8479980","2,3714330",75
202000035981,20,12,9,09:20,1,2,1,1,3,75107,M,"48,8581120","2,3268450",75
202000035982,20,12,9,20:00,5,2,2,1,3,75104,M,"48,8489360","2,3645210",75
202000035983,20,12,9,17:39,5,2,1,1,6,75103,M,"48,8619850","2,3634760",75
202000035984,20,12,9,14:15,1,2,3,8,2,75101,M,"48,8582660","2,3433720",75
202000035985,20,12,8,18:10,5,2,1,1,2,75101,M,"48,8597910","2,3488910",75
202000035986,20,12,9,20:10,4,2,1,8,2,94074,M,"48,7663990","2,4414020",94
202000035987,20,12,9,09:00,1,2,1,1,3,94052,M,"48,8409470","2,4822710",94
202000035988,20,7,3,21:00,1,2,3,1,3,02238,M,"49,6109850","3,5101290",02
202000035989,20,7,3,19:50,1,1,1,1,3,01343,M,"46,2648820","4,9533750",01
202000035990,20,7,4,10:10,1,1,1,1,7,54504,M,"49,3995790","5,8890150",54
202000035991,20,7,4,11:00,1,2,1,1,3,83012,M,"43,5541040","6,0093020",83
202000035992,20,7,3,18:36,1,1,2,1,3,64106,M,"43,3068180"," -1,0097550",64
202000035993,20,7,3,07:30,1,1,1,1,5,64256,M,"43,3762590"," -1,2785930",64
202000035994,20,7,4,11:15,1,1,1,1,6,53140,M,"48,1224880"," -0,6933830",53
202000035995,20,7,3,14:10,1,2,2,1,3,27563,M,"49,3708707","0,5231411",27
202000035996,20,7,4,14:15,1,1,4,1,1,17313,M,"45,7666511"," -0,4662420",17
202000035997,20,7,4,11:15,1,1,1,1,7,48131,M,"44,1916170","3,2223790",48
202000035998,20,7,4,10:00,1,1,1,1,7,10442,M,"48,4609130","4,1592690",10
202000035999,20,7,4,17:45,1,1,1,1,6,45053,M,"47,6427972","2,7645693",45
202000036000,20,7,3,23:55,5,2,1,1,1,97801,,"18,0674730"," -63,0340150",978
202000036001,20,7,3,12:00,1,2,1,1,1,97801,,"18,0995180"," -63,0314830",978
202000036002,20,7,3,13:55,1,2,1,1,-1,69244,M,"45,7579160","4,7759950",69
202000036003,20,7,3,13:25,1,1,6,1,3,77508,M,"48,8191514","2,8188797",77
202000036004,20,7,4,10:40,1,1,2,7,3,66101,M,"42,6176910","2,7903100",66
202000036005,20,7,3,23:00,3,1,1,1,6,34157,M,"43,4426920","3,6009940",34
202000036006,20,7,3,14:35,1,1,1,1,2,83107,M,"43,3656560","6,6745380",83
202000036007,20,7,3,19:40,1,2,1,1,2,70528,M,"47,4199720","5,7032230",70
202000036008,20,7,4,16:10,1,1,1,1,6,70262,M,"47,6664350","6,3783359",70
202000036009,20,7,4,14:15,1,2,1,7,3,71360,M,"46,3226257","4,7435442",71
202000036010,20,7,3,23:00,3,1,1,1,7,54336,M,"48,5876510","6,0728650",54
202000036011,20,7,4,15:45,1,1,4,1,7,03102,M,"46,5054164","3,6584711",03
202000036012,20,7,4,17:40,1,2,1,7,3,01142,M,"45,8508880","5,0759810",01
202000036013,20,7,3,18:10,1,1,1,1,6,69249,M,"45,6713140","4,6058460",69
202000036014,20,7,3,17:00,1,1,6,1,7,31381,M,"43,4560640","1,5555710",31
202000036015,20,6,27,10:20,1,2,1,1,1,31395,M,"43,4610990","1,3371420",31
202000036016,20,7,3,20:40,1,1,3,1,3,85112,M,"46,5842910"," -1,7619540",85
202000036017,20,7,4,12:10,1,1,1,2,6,35004,M,"48,4689851"," -1,5121513",35
202000036018,20,7,4,13:00,1,1,1,2,3,60065,M,"49,3399340","2,2099630",60
202000036019,20,7,3,19:30,1,2,1,1,1,59581,M,"50,7024070","2,7746060",59
202000036020,20,6,30,07:13,2,1,9,1,2,13005,M,"43,3033100","5,5694200",13
202000036021,20,7,1,15:35,1,1,1,1,1,83069,M,"43,1231200","6,0968600",83
202000036022,20,7,1,23:30,3,1,1,1,4,59507,M,"50,6074542","3,0961771",59
202000036023,20,7,3,19:30,1,1,1,1,3,91064,M,"48,7547000","2,2236000",91
202000036024,20,7,3,16:50,1,1,1,1,2,91570,M,"48,6254000","2,3359000",91
202000036025,20,7,3,07:35,1,1,1,1,3,91286,M,"48,6462000","2,3882000",91
202000036026,20,7,3,04:50,2,1,1,1,7,91617,M,"48,6324000","2,5291000",91
202000036027,20,7,2,23:38,5,1,1,1,3,94065,M,"48,7547500","2,3440000",94
202000036028,20,7,2,23:50,5,1,9,1,2,94034,M,"48,7554400","2,3430700",94
202000036029,20,7,2,11:25,1,1,1,1,3,78140,M,"48,9587780","1,9331830",78
202000036030,20,7,3,20:00,1,1,1,1,3,95527,M,"48,9886340","2,5093020",95
202000036031,20,7,3,12:45,1,1,1,1,2,93005,M,"48,9611800","2,4689700",93
202000036032,20,7,3,08:30,1,1,1,1,2,95488,M,"49,0245500","2,1323500",95
202000036033,20,7,3,16:30,1,1,1,1,-1,94017,M,"48,8292500","2,4993400",94
202000036034,20,7,3,09:10,1,1,1,1,2,77468,M,"48,8476848","2,6620341",77
202000036035,20,1,29,09:45,1,2,4,1,1,86066,M,"46,8212500","0,5487000",86
202000036036,20,7,1,11:50,1,2,3,1,3,98735,P," -17,5290246"," -149,5611477",987
202000036037,20,7,1,11:20,1,2,1,1,7,97416,R," -21,2847100","55,4683900",974
202000036038,20,7,1,10:35,1,2,1,1,6,97416,R," -21,3416900","55,4725100",974
202000036039,20,7,2,15:10,1,1,1,1,3,97302,G,"4,9215409"," -52,3297477",973
202000036040,20,7,2,16:32,1,2,1,1,5,97302,G,"4,9172800"," -52,3214200",973
202000036041,20,7,2,13:58,1,1,6,1,2,97302,G,"4,9071806"," -52,3226582",973
202000036042,20,7,2,18:15,1,2,9,1,3,69383,M,"45,7444600","4,8745900",69
202000036043,20,7,2,00:15,5,2,1,1,6,69199,M,"45,7122084","4,8602882",69
202000036044,20,6,20,19:00,1,2,1,1,2,69384,M,"45,7748100","4,8211400",69
202000036045,20,7,1,11:45,1,2,1,1,2,69152,M,"45,6976000","4,8248000",69
202000036046,20,7,2,08:25,1,2,1,1,2,69034,M,"45,8083000","4,8564000",69
202000036047,20,6,30,20:10,1,2,1,1,3,69382,M,"45,7587000","4,8309000",69
202000036048,20,6,18,16:40,1,2,2,1,3,89387,M,"48,2017424","3,2977826",89
202000036049,20,6,17,10:55,1,2,1,1,6,89387,M,"48,1994000","3,2841000",89
202000036050,20,7,1,22:30,5,2,2,1,3,87085,M,"45,8547400","1,2737600",87
202000036051,20,7,1,19:15,1,1,9,1,3,83141,M,"43,4894200","6,4837500",83
202000036052,20,6,30,23:47,5,1,1,1,6,78646,M,"48,8023900","2,1125100",78
202000036053,20,6,29,18:15,1,2,1,1,3,77169,M,"48,8205100","2,6130000",77
202000036054,20,7,1,22:11,5,2,6,1,3,76231,M,"49,2870000","1,0088000",76
202000036055,20,7,1,10:00,1,2,1,2,5,76402,M,"49,5221000","1,0400000",76
202000036056,20,7,1,16:00,1,2,1,1,6,76305,M,"49,4877000","0,2105000",76
202000036057,20,7,2,12:15,1,2,1,1,1,71059,M,"46,8017086","4,4748881",71
202000036058,20,7,1,08:55,1,2,1,1,6,71076,M,"46,7858571","4,8581334",71
202000036059,20,7,1,21:45,5,2,7,1,3,67482,M,"48,5838500","7,7414800",67
202000036060,20,7,1,16:30,1,2,1,1,3,67482,M,"48,5928124","7,7186699",67
202000036061,20,7,1,14:20,1,2,1,1,3,67482,M,"48,5427917","7,7761729",67
202000036062,20,7,2,10:35,1,2,1,1,6,66136,M,"42,7253500","2,8874700",66
202000036063,20,7,1,12:19,1,2,1,1,6,66136,M,"42,6973360","2,8608670",66
202000036064,20,7,2,09:25,1,2,1,2,4,64284,M,"43,2799300"," -0,3900300",64
202000036065,20,7,2,11:05,1,2,1,2,2,64102,M,"43,4855410"," -1,4922410",64
202000036066,20,6,30,20:15,1,2,6,1,3,64102,M,"43,4916000"," -1,4641000",64
202000036067,20,6,28,17:25,1,2,1,1,3,62193,M,"50,9624600","1,8626900",62
202000036068,20,6,30,17:45,1,1,1,1,7,60665,M,"49,4210500","2,7956700",60
202000036069,20,7,2,20:30,1,2,2,1,3,59599,M,"50,7293600","3,1643900",59
202000036070,20,7,1,13:35,1,2,1,1,6,56098,M,"47,7669600"," -3,3301700",56
202000036071,20,6,30,15:20,1,2,3,1,3,56098,M,"47,7688100"," -3,3524500",56
202000036072,20,5,30,04:10,5,2,1,1,6,54036,M,"49,2868400","5,9636500",54
202000036073,20,6,30,13:50,1,2,2,8,3,50475,M,"49,1286000"," -1,0938000",50
202000036074,20,6,29,17:00,1,2,2,1,6,50173,M,"49,6504100"," -1,6514600",50
202000036075,20,7,1,09:38,1,2,1,1,3,49007,M,"47,4793000"," -0,5556000",49
202000036076,20,7,2,17:30,1,2,9,8,3,45286,M,"47,8837922","1,9306004",45
202000036077,20,5,18,21:50,5,2,1,1,2,43157,M,"45,0371561","3,8877439",43
202000036078,20,7,2,09:00,1,2,2,1,3,38185,M,"45,1859400","5,7165300",38
202000036079,20,7,2,17:50,1,2,6,1,3,33063,M,"44,8885000"," -0,5600800",33
202000036080,20,7,2,17:05,1,2,1,1,2,33529,M,"44,6377100"," -1,1342200",33
202000036081,20,7,1,17:15,1,2,1,1,2,31555,M,"43,5759800","1,3953200",31
202000036082,20,7,1,14:35,1,2,1,1,3,31555,M,"43,6520430","1,4254020",31
202000036083,20,7,2,22:35,2,1,1,1,7,27701,M,"49,2443500","1,1935900",27
202000036084,20,6,25,11:00,1,2,2,1,6,27375,M,"49,2089100","1,1574900",27
202000036085,20,6,30,18:05,1,2,1,1,6,27229,M,"49,0300000","1,1614000",27
202000036086,20,6,30,13:00,1,2,3,1,2,25056,M,"47,2394600","6,0121700",25
202000036087,20,7,2,15:50,1,2,2,1,3,17300,M,"46,1589500"," -1,1477020",17
202000036088,20,7,2,20:30,1,2,1,1,-1,14118,M,"49,1882900"," -0,3597800",14
202000036089,20,7,1,14:26,1,2,1,1,2,14271,M,"49,1574500"," -0,3687900",14
202000036090,20,7,1,23:00,3,1,1,1,2,13103,M,"43,6200700","5,0914000",13
202000036091,20,7,2,11:45,1,2,1,1,3,13207,M,"43,2922700","5,3652800",13
202000036092,20,7,2,11:00,1,2,1,1,3,13208,M,"43,2543810","5,3821670",13
202000036093,20,7,2,00:30,5,2,3,1,3,13214,M,"43,3235810","5,3890450",13
202000036094,20,7,1,14:00,1,2,2,1,3,10387,M,"48,3050600","4,0661500",10
202000036095,20,7,2,20:00,1,2,1,1,1,09122,M,"42,9630300","1,6040400",09
202000036096,20,7,2,14:30,1,2,1,1,3,06088,M,"43,7087080","7,2876490",06
202000036097,20,7,2,01:32,5,2,9,1,6,06088,M,"43,6845980","7,2334280",06
202000036098,20,7,2,02:30,5,2,1,1,7,06123,M,"43,6556200","7,1502500",06
202000036099,20,7,1,17:53,1,2,4,1,1,05023,M,"44,9166100","6,6224100",05
202000036100,20,7,2,13:50,1,2,1,1,4,75116,M,"48,8729060","2,2744470",75
202000036101,20,7,1,17:30,1,2,1,1,3,75115,M,"48,8278800","2,2913900",75