Num_Acc,an,mois,jour,hrmn,lum,agg,int,atm,col,com,gps,lat,long,dep
202000036716,20,2,7,13:00,1,1,1,1,2,84007,M,"43,9473200","4,8558900",84
202000036717,20,2,9,18:50,5,2,1,1,2,83123,M,"43,1312020","5,7814710",83
202000036718,20,2,7,09:30,1,2,1,1,6,80021,M,"49,9064800","2,3180800",80
202000036719,20,2,10,09:15,1,2,1,1,7,78440,M,"48,9857630","1,9118820",78
202000036720,20,2,9,01:20,5,2,3,1,3,76351,M,"49,4885900","0,1112400",76
202000036721,20,2,10,14:05,1,2,1,1,4,74012,M,"46,1831200","6,2324000",74
202000036722,20,2,8,12:35,1,2,1,1,6,71306,M,"46,6803051","4,3643396",71
202000036723,20,2,10,08:40,1,2,3,1,6,69256,M,"45,7505797","4,9185500",69
202000036724,20,2,8,10:10,1,2,1,1,6,68066,M,"48,0819960","7,3478610",68
202000036725,20,2,7,17:30,1,1,1,1,1,66136,M,"42,7120890","2,8736800",66
202000036726,20,2,10,07:20,5,2,3,1,3,66136,M,"42,6928600","2,8859000",66
202000036727,20,2,9,16:20,1,2,1,1,7,66136,M,"42,6915900","2,8933100",66
202000036728,20,2,10,19:00,5,2,9,2,3,64445,M,"43,3115700"," -0,3655800",64
202000036729,20,2,10,08:20,1,2,1,1,3,64445,M,"43,2964200"," -0,3742800",64
202000036730,20,2,10,16:00,1,2,1,8,1,64024,M,"43,4806800"," -1,5137700",64
202000036731,20,2,10,17:00,1,2,4,6,1,62193,M,"50,9396700","1,8820500",62
202000036732,20,2,9,18:50,3,2,2,3,6,59599,M,"50,7189910","3,1550150",59
202000036733,20,2,10,11:30,1,2,1,1,6,59599,M,"50,7212400","3,1583100",59
202000036734,20,2,9,19:25,5,2,3,6,1,59654,M,"50,3817500","3,1078700",59
202000036735,20,2,7,14:20,1,2,1,7,2,57630,M,"48,7506200","7,0685200",57
202000036736,20,2,8,15:55,1,2,1,1,3,56121,M,"47,7338800"," -3,3849800",56
202000036737,20,2,8,11:50,1,2,6,1,3,56121,M,"47,7568400"," -3,3646200",56
202000036738,20,2,7,10:15,1,2,1,1,7,55545,M,"49,1649000","5,3823000",55
202000036739,20,2,10,23:05,5,2,2,2,3,51454,M,"49,2632510","4,0157030",51
202000036740,20,2,10,17:30,2,2,6,3,2,51055,M,"49,2762944","4,0555513",51
202000036741,20,2,10,08:00,1,2,1,2,6,50502,M,"49,1146200"," -1,0958560",50
202000036742,20,2,9,19:15,5,2,1,6,6,50203,M,"49,6230400"," -1,6121500",50
202000036743,20,2,8,16:14,1,2,1,2,-1,49007,M,"47,4652463"," -0,5499714",49
202000036744,20,2,7,07:07,5,2,1,1,3,49007,M,"47,4818200"," -0,5230200",49
202000036745,20,2,8,07:48,2,2,1,3,3,49007,M,"47,4785500"," -0,5562200",49
202000036746,20,2,10,18:40,5,2,1,8,6,45208,M,"48,0019770","2,7365960",45
202000036747,20,2,4,20:40,5,2,9,1,3,44109,M,"47,2103800"," -1,5730300",44
202000036748,20,2,9,22:20,3,2,1,6,7,41018,M,"47,6098400","1,3392900",41
202000036749,20,2,7,19:21,5,2,1,1,6,40192,M,"43,8915000"," -0,4815300",40
202000036750,20,2,9,06:25,5,2,1,1,6,38516,M,"45,1989700","5,7553900",38
202000036751,20,2,7,16:15,1,2,1,1,6,35288,M,"48,6455000"," -2,0101900",35
202000036752,20,2,9,18:50,5,2,2,6,3,35115,M,"48,3622290"," -1,1864320",35
202000036753,20,2,9,16:50,1,2,1,1,-1,34032,M,"43,3338100","3,2088100",34
202000036754,20,2,7,23:55,5,2,1,1,3,34032,M,"43,3464000","3,2160600",34
202000036755,20,1,10,02:30,5,2,5,2,2,75109,M,"48,8796730","2,3495310",75
202000036756,20,1,10,09:35,1,2,1,2,3,75108,M,"48,8724722","2,3117970",75
202000036757,20,1,10,10:00,1,2,2,1,2,75107,M,"48,8605430","2,2956380",75
202000036758,20,1,10,02:40,5,2,2,2,2,75104,M,"48,8595129","2,3487702",75
202000036759,20,1,10,14:45,1,2,1,1,3,94081,M,"48,7960000","2,3980000",94
202000036760,20,1,10,21:45,5,2,1,1,-1,94076,M,"48,7855900","2,3668500",94
202000036761,20,1,10,07:30,5,2,3,8,6,94016,M,"48,7998600","2,3234500",94
202000036762,20,1,9,12:35,1,2,1,2,3,94041,M,"48,8197000","2,3970000",94
202000036763,20,1,10,16:20,1,2,1,1,6,94073,M,"48,7564900","2,3740500",94
202000036764,20,1,10,07:50,2,2,1,2,3,94069,M,"48,8182800","2,4221800",94
202000036765,20,1,10,12:00,1,2,1,8,3,94017,M,"48,8131100","2,5122500",94
202000036766,20,1,10,07:00,5,2,6,2,3,94044,M,"48,7568700","2,4833200",94
202000036767,20,1,10,00:20,5,2,1,2,4,94081,M,"48,7823589","2,4171606",94
202000036768,20,1,9,23:35,5,2,1,2,4,93073,M,"49,0034733","2,5367700",93
202000036769,20,1,10,18:10,5,2,1,2,6,93072,M,"48,9714750","2,3755031",93
202000036770,20,1,10,15:45,1,2,1,1,4,93070,M,"48,9091465","2,3440016",93
202000036771,20,1,10,05:45,5,2,1,2,6,93053,M,"48,8999888","2,4708785",93
202000036772,20,1,10,17:30,2,2,1,1,6,93048,M,"48,8582300","2,4353900",93
202000036773,20,1,10,08:03,1,2,2,2,6,93057,M,"48,9064510","2,5118660",93
202000036774,20,1,10,08:30,2,2,2,8,3,93010,M,"48,9038960","2,4706750",93
202000036775,20,1,10,17:40,5,2,1,1,7,92073,M,"48,8611200","2,2250700",92
202000036776,20,1,9,13:55,1,2,1,2,6,92073,M,"48,8638653","2,2087348",92
202000036777,20,1,10,09:25,1,2,2,2,7,92048,M,"48,8188300","2,2344600",92
202000036778,20,1,10,08:00,2,2,1,2,3,92036,M,"48,9415120","2,3030260",92
202000036779,20,1,9,16:55,1,2,9,2,6,92036,M,"48,9242230","2,2885750",92
202000036780,20,1,10,20:30,5,2,2,2,3,92035,M,"48,9047800","2,2491700",92
202000036781,20,1,10,12:00,1,2,1,1,2,92026,M,"48,9012860","2,2631840",92
202000036782,20,1,10,21:20,5,2,1,1,2,92014,M,"48,7811040","2,3193480",92
202000036783,20,1,9,09:42,1,2,1,2,3,92002,M,"48,7576630","2,2927830",92
202000036784,20,1,10,13:15,1,1,1,1,7,86107,M,"46,3501378","0,6780253",86
202000036785,20,1,11,01:00,3,2,1,1,7,22019,M,"48,5756670"," -3,0032770",22
202000036786,20,1,11,02:45,5,2,1,1,6,74191,M,"46,1754060","6,7098290",74
202000036787,20,1,8,20:45,5,2,3,1,1,84137,M,"44,2446190","5,0893490",84
202000036788,20,1,8,18:45,3,1,1,1,1,97225,A,"14,7702140"," -61,1992760",972
202000036789,20,1,11,15:00,1,1,1,1,1,59266,M,"50,5416420","2,9986860",59
202000036790,20,1,11,11:15,1,2,1,1,6,60176,M,"49,2348320","2,8873570",60
202000036791,20,1,11,20:15,4,2,1,1,6,72350,M,"47,8852480","0,2725170",72
202000036792,20,1,10,19:30,3,1,1,1,6,30151,M,"44,1330610","4,4067730",30
202000036793,20,1,11,13:25,1,1,1,1,7,61464,M,"48,5927390","0,1871540",61
202000036794,20,1,10,20:30,3,1,1,8,6,83073,M,"43,3959470","6,2923200",83
202000036795,20,1,10,22:20,3,1,1,1,6,49304,M,"47,3244470"," -0,1445760",49
202000036796,20,1,10,16:40,1,1,1,1,1,12082,M,"43,9277840","3,3096400",12
202000036797,20,1,11,15:20,1,1,1,1,6,46303,M,"44,5999230","1,6681450",46
202000036798,20,1,10,19:40,3,1,4,1,1,47011,M,"44,3721330","0,9820740",47
202000036799,20,1,11,17:00,1,1,1,1,7,29293,M,"47,8478190"," -3,8352250",29
202000036800,20,1,11,00:15,3,2,3,1,3,29130,M,"48,3745340"," -4,6453810",29
202000036801,20,1,10,20:25,3,1,1,1,-1,31490,M,"43,7600250","1,3603660",31
202000036802,20,1,10,18:30,5,2,1,8,6,38389,M,"45,5555450","5,0800050",38
202000036803,20,1,10,18:25,3,1,9,1,1,38399,M,"45,5037300","5,1179300",38
202000036804,20,1,11,01:50,3,1,1,1,6,38130,M,"45,3964400","5,2439000",38
202000036805,20,1,10,23:15,3,1,1,1,1,38450,M,"45,2836400","5,5330100",38
202000036806,20,1,11,14:15,1,1,1,1,6,38272,M,"45,2034400","5,3113400",38
202000036807,20,1,10,21:35,3,1,1,5,6,83032,M,"43,4656690","6,1400640",83
202000036808,20,1,10,19:54,3,1,1,1,7,60264,M,"49,3782670","2,0793870",60
202000036809,20,1,10,20:10,3,1,9,5,6,45279,M,"47,9534401","2,7937493",45
202000036810,20,1,1,21:00,4,2,1,1,7,64038,M,"43,4524620"," -1,5303760",64
202000036811,20,1,8,08:00,4,1,6,2,6,53146,M,"48,1957510"," -0,6667400",53
202000036812,20,1,10,18:15,5,2,1,1,1,21574,M,"47,5240190","5,4281420",21
202000036813,20,1,11,11:50,1,2,3,1,3,04166,M,"43,8154557","6,0947581",04
202000036814,20,1,10,18:00,3,1,1,1,6,37085,M,"47,2412483","0,8621646",37
202000036815,20,1,10,17:25,2,2,6,2,7,06018,M,"43,6210280","7,0635560",06
202000036816,20,1,10,21:00,3,1,1,1,4,49129,M,"47,4959530"," -0,5224930",49
202000036817,20,1,6,07:20,5,1,1,1,7,45232,M,"47,8418710","1,8636680",45
202000036818,20,1,11,10:10,1,2,3,1,3,97415,R," -21,0520730","55,2277440",974
202000036819,20,1,11,06:30,1,1,1,1,7,97312,G,"5,1847163"," -52,9145941",973
202000036820,20,1,10,19:10,5,1,1,1,3,97304,G,"5,1560400"," -52,6692430",973
202000036821,20,1,11,10:30,1,1,1,1,6,67290,M,"48,9261707","7,8304056",67
202000036822,20,1,10,21:15,3,1,1,9,1,42304,M,"45,5563110","4,2178590",42
202000036823,20,1,11,09:20,1,2,1,8,6,38557,M,"45,7856900","5,1059500",38
202000036824,20,1,11,16:17,1,1,1,1,7,26084,M,"45,0143450","4,9622390",26
202000036825,20,1,10,14:30,1,2,6,1,3,44026,M,"47,2940830"," -1,4880790",44
202000036826,20,1,10,18:20,3,1,1,1,2,29042,M,"48,2822930"," -4,5063690",29
202000036827,20,1,11,12:30,1,1,1,1,6,60540,M,"49,3431130","2,7379200",60
202000036828,20,1,10,13:15,1,1,9,1,3,13055,M,"43,3081200","5,4249200",13
202000036829,20,1,7,11:30,1,1,1,1,-1,13070,M,"43,2850510","5,5175960",13
202000036830,20,1,9,09:00,1,1,1,1,3,83123,M,"43,1293100","5,8168300",83
202000036831,20,1,10,09:30,1,1,1,8,3,94065,M,"48,7612700","2,3451100",94
202000036832,20,1,10,07:30,3,1,1,2,2,91645,M,"48,7599000","2,2681400",91
202000036833,20,1,10,05:20,5,1,1,2,7,94037,M,"48,8151300","2,3363800",94
202000036834,20,1,10,17:40,4,1,1,1,4,78466,M,"48,9279870","1,9902330",78
202000036835,20,1,10,18:00,2,1,1,1,4,95394,M,"49,0517900","2,1824500",95
202000036836,20,1,7,09:00,1,1,1,1,3,95392,M,"49,0665500","2,2160400",95
202000036837,20,1,10,10:00,1,1,1,2,4,93005,M,"48,9680200","2,4778700",93
202000036838,20,1,10,00:10,3,1,1,1,6,93053,M,"48,8887000","2,4728000",93
202000036839,20,1,9,17:30,4,1,1,2,6,95491,M,"49,0035000","2,2459600",95
202000036840,20,1,9,13:08,1,1,1,8,7,93053,M,"48,8979500","2,4693900",93
202000036841,20,1,9,08:15,3,1,1,2,6,95572,M,"49,0320400","2,1067700",95
202000036842,20,1,9,00:15,3,1,1,1,6,93063,M,"48,8784300","2,4471400",93
202000036843,20,1,8,11:00,1,2,1,8,1,92049,M,"48,8181470","2,3254500",92
202000036844,20,1,9,12:20,1,2,1,1,7,97411,R," -20,9025000","55,4779000",974
202000036845,20,1,8,08:30,1,2,1,1,3,97411,R," -20,8900000","55,4611000",974
202000036846,20,1,9,15:01,1,2,1,1,3,97302,G,"4,9316956"," -52,2905231",973
202000036847,20,1,9,10:40,1,2,1,1,3,97302,G,"4,9314284"," -52,3265076",973
202000036848,20,1,8,19:15,5,2,1,1,7,97209,A,"14,6147200"," -61,0529500",972
202000036849,20,1,9,08:55,1,2,1,1,5,69382,M,"45,7410000","4,8240000",69
202000036850,20,1,9,15:25,1,2,1,1,1,2A004,M,"41,9095576","8,7203476",2A
202000036851,20,1,9,13:20,1,2,9,8,3,91377,M,"48,7213000","2,2868000",91
202000036852,20,1,3,08:35,1,2,1,1,6,91377,M,"48,7187545","2,2494611",91
202000036853,20,1,8,16:30,1,1,6,1,2,91457,M,"48,5742100","2,2600800",91
202000036854,20,1,9,13:08,1,1,1,1,4,87085,M,"45,8466100","1,2771100",87
202000036855,20,1,7,18:53,5,2,2,2,5,87085,M,"45,8212496","1,2628772",87
202000036856,20,1,6,08:50,1,2,1,1,6,86194,M,"46,5617653","0,3727414",86
202000036857,20,5,31,19:45,5,2,3,1,6,98817,C," -22,2823110","166,5854410",988
202000036858,20,1,9,07:40,5,2,1,1,6,85191,M,"46,6720800"," -1,4347200",85
202000036859,20,1,5,17:15,5,2,1,1,6,83069,M,"43,0915010","6,1618050",83
202000036860,20,5,30,13:55,1,1,3,3,6,98802,C," -21,9757230","166,1973090",988
202000036861,20,1,9,08:35,1,2,1,1,3,80021,M,"49,8957400","2,2977900",80
202000036862,20,5,30,14:50,1,1,1,1,7,97422,R," -21,1721610","55,5856650",974
202000036863,20,1,8,16:55,1,2,7,8,2,79191,M,"46,3213040"," -0,4648500",79
202000036864,20,5,31,18:00,1,2,1,1,6,97406,R," -21,1428550","55,6212100",974
202000036865,20,1,8,08:10,3,1,1,1,4,78440,M,"48,9797820","1,8872400",78
202000036866,20,5,31,19:55,2,1,1,1,7,77508,M,"48,8064680","2,8424980",77
202000036867,20,5,31,03:15,5,2,6,1,6,83054,M,"43,1596760","6,0414400",83
202000036868,20,1,9,12:45,1,2,1,2,2,78498,M,"48,9258900","2,0517900",78
202000036869,20,5,30,14:45,1,1,1,1,6,05118,M,"44,2052569","5,8899249",05
202000036870,20,5,31,16:30,1,1,1,1,1,13014,M,"43,5127360","5,1254650",13
202000036871,20,1,8,19:35,3,2,2,1,2,77305,M,"48,3817230","2,9753850",77
202000036872,20,5,30,14:25,1,1,1,1,3,57289,M,"49,0876890","7,0403640",57
202000036873,20,1,8,19:50,5,2,1,2,3,77152,M,"48,5153600","2,6271900",77
202000036874,20,5,31,01:30,3,1,1,1,6,73150,M,"45,5624680","6,7000670",73
202000036875,20,1,7,05:50,5,2,1,1,6,76540,M,"49,4424600","1,0773100",76
202000036876,20,5,30,19:20,1,2,1,7,6,01049,M,"45,8450585","5,0360801",01
202000036877,20,1,9,17:56,5,2,1,1,5,74010,M,"45,9054000","6,1136000",74
202000036878,20,5,30,18:20,1,2,2,1,1,01376,M,"45,8298050","4,9797030",01
202000036879,20,1,8,15:08,1,1,1,2,3,72181,M,"48,0105700","0,1711200",72
202000036880,20,5,31,09:50,1,2,6,7,7,81105,M,"43,7623700","1,9698840",81
202000036881,20,1,9,14:55,1,2,2,1,3,71270,M,"46,3097711","4,8268421",71
202000036882,20,1,9,05:55,5,2,1,2,3,70388,M,"47,6154700","6,1424400",70
202000036883,20,5,30,15:45,1,1,1,1,1,17237,M,"45,8722470"," -1,0647730",17
202000036884,20,1,9,08:45,1,2,3,1,3,67482,M,"48,5788000","7,7285100",67
202000036885,20,5,31,14:30,1,2,2,1,3,33284,M,"44,6065100"," -0,9331700",33
202000036886,20,1,9,15:51,1,2,9,1,3,67180,M,"48,8039044","7,8100237",67
202000036887,20,5,29,15:00,1,1,6,1,2,35047,M,"48,0620644"," -1,7553678",35
202000036888,20,1,9,22:15,5,2,3,2,3,65433,M,"43,2112420","0,0980170",65
202000036889,20,1,8,17:00,1,2,1,1,4,64102,M,"43,5045000"," -1,4482000",64
202000036890,20,1,8,11:30,1,2,3,1,1,64140,M,"43,5224000"," -1,4899300",64
202000036891,20,5,30,22:30,3,1,1,1,6,27008,M,"49,3213859","1,1860916",27
202000036892,20,1,2,17:00,1,2,3,1,3,62666,M,"50,4741900","2,8840830",62
202000036893,20,1,9,20:36,3,2,6,2,-1,56260,M,"47,6660000"," -2,7702500",56
202000036894,20,1,9,16:50,1,2,1,1,2,54395,M,"48,6975784","6,1670128",54
202000036895,20,1,9,12:00,1,2,1,1,2,54578,M,"48,6709000","6,1595000",54
202000036896,20,1,8,08:00,2,2,1,1,6,54304,M,"48,6815000","6,1613000",54
202000036897,20,5,30,04:10,3,1,1,1,6,13005,M,"43,2876190","5,5446730",13
202000036898,20,1,9,19:35,5,2,6,2,7,51454,M,"49,2878615","4,0241131",51
202000036899,20,1,8,20:35,5,2,1,2,2,45232,M,"47,8674700","1,9125100",45
202000036900,20,1,7,10:30,2,1,1,2,-1,44184,M,"47,2887446"," -2,2423166",44
202000036901,20,1,9,17:45,5,2,1,1,6,37261,M,"47,4224510","0,6967655",37
202000036902,20,1,7,08:30,2,2,1,2,7,37261,M,"47,3881520","0,6891796",37
202000036903,20,1,9,08:00,5,2,1,1,-1,37122,M,"47,3487045","0,6627033",37
202000036904,20,1,9,09:15,1,2,6,2,6,35238,M,"48,1092089"," -1,6594921",35
202000036905,20,1,9,00:39,5,2,9,8,6,35238,M,"48,1100970"," -1,6640700",35
202000036906,20,5,30,01:00,5,1,1,1,6,33249,M,"44,8846500"," -0,5123100",33
202000036907,20,1,9,08:00,1,2,4,1,3,34172,M,"43,5874600","3,8720600",34
202000036908,20,1,8,10:10,1,2,9,7,6,30189,M,"43,8274900","4,3744500",30
202000036909,20,1,9,18:10,4,2,1,1,6,30007,M,"44,1408800","4,0876200",30
202000036910,20,1,8,11:53,1,2,1,1,3,29232,M,"47,9781700"," -4,1222500",29
202000036911,20,1,8,22:18,3,2,2,6,3,29019,M,"48,4315319"," -4,4865769",29
202000036912,20,1,8,07:20,5,2,6,2,3,29019,M,"48,4019632"," -4,5025700",29
202000036913,20,1,4,10:20,1,2,1,1,6,27375,M,"49,2101000","1,1690000",27
202000036914,20,1,9,16:30,1,2,1,3,3,17299,M,"45,9522300"," -0,9533100",17
202000036915,20,1,9,19:45,3,1,2,1,3,14079,M,"49,3240000","0,0364900",14
202000036916,20,1,9,18:30,5,2,1,1,6,14220,M,"49,3598707","0,0814853",14
202000036917,20,1,9,11:00,1,1,1,1,2,13117,M,"43,4435710","5,2970150",13
202000036918,20,1,8,15:45,1,1,9,1,2,13056,M,"43,3519300","5,0546300",13
202000036919,20,1,9,17:15,1,2,1,1,3,13202,M,"43,3040480","5,3708670",13
202000036920,20,1,9,13:35,1,2,2,1,3,13204,M,"43,3027430","5,3964960",13
202000036921,20,5,30,04:00,3,1,1,1,2,60494,M,"49,1142100","2,5542200",60
202000036922,20,1,8,13:00,1,2,2,1,1,13204,M,"43,3094140","5,4029040",13
202000036923,20,1,7,12:10,1,2,1,1,6,12202,M,"44,3556329","2,5768529",12
202000036924,20,1,7,10:55,1,2,3,1,6,12202,M,"44,3493900","2,5723700",12
202000036925,20,1,9,19:15,5,2,1,2,6,10387,M,"48,3007580","4,0646890",10
202000036926,20,1,8,18:11,5,2,1,2,6,10387,M,"48,3060100","4,0920600",10
202000036927,20,1,8,08:13,2,2,6,2,3,10387,M,"48,3082000","4,0681100",10
202000036928,20,1,8,21:13,5,2,1,2,6,08409,M,"49,7047400","4,9514000",08
202000036929,20,5,29,19:00,1,1,1,1,7,93064,M,"48,8818200","2,4731200",93
202000036930,20,5,29,15:50,1,1,1,1,7,95572,M,"49,0520200","2,1499300",95
202000036931,20,5,29,18:00,1,1,1,1,2,95277,M,"48,9774700","2,4628400",95
202000036932,20,5,29,19:00,1,1,1,1,2,75112,M,"48,8199621","2,4599397",75
202000036933,20,5,29,17:00,1,1,1,1,6,94042,M,"48,8285467","2,4757460",94
202000036934,20,3,17,00:28,3,1,9,1,6,78551,M,"48,9819400","2,0861910",78
202000036935,20,1,9,20:45,5,2,4,1,1,06088,M,"43,7052100","7,2717600",06
202000036936,20,5,29,07:10,1,2,3,1,2,98818,C," -22,2703900","166,4638800",988
202000036937,20,5,29,16:00,1,2,1,1,6,97302,G,"4,9128300"," -52,3208500",973
202000036938,20,5,29,19:05,1,2,2,1,3,69387,M,"45,7437500","4,8409400",69
202000036939,20,5,29,17:02,1,2,1,1,4,69383,M,"45,7570500","4,8562200",69
202000036940,20,5,29,09:10,1,2,2,1,-1,69386,M,"45,7692105","4,8411096",69
202000036941,20,5,29,06:00,2,2,1,1,6,69387,M,"45,7496900","4,8522700",69
202000036942,20,5,28,20:04,1,2,3,1,3,69382,M,"45,7587800","4,8309000",69
202000036943,20,5,21,11:00,1,2,1,1,7,69034,M,"45,7833400","4,8344100",69
202000036944,20,5,28,07:40,1,2,1,1,6,69202,M,"45,7444559","4,7840926",69
202000036945,20,1,9,13:14,1,2,1,1,6,06088,M,"43,7100900","7,2599200",06
202000036946,20,5,29,08:15,1,1,1,1,6,97101,A,"16,2457000"," -61,5249000",971
202000036947,20,1,9,10:10,1,1,1,1,3,06159,M,"43,7103600","7,3139900",06
202000036948,20,5,29,18:00,1,2,9,1,3,95585,M,"48,9782632","2,3675714",95
202000036949,20,1,9,21:30,5,2,3,1,3,06027,M,"43,6662200","7,1422600",06
202000036950,20,5,29,11:35,1,2,2,1,3,95268,M,"48,9676000","2,4107000",95
202000036951,20,5,28,21:50,2,2,7,1,6,91589,M,"48,6764200","2,3466700",91
202000036952,20,1,9,19:30,5,2,2,2,6,75105,M,"48,8523546","2,3482643",75
202000036953,20,5,29,16:07,1,1,1,1,3,91223,M,"48,4296000","2,1623600",91
202000036954,20,1,9,18:20,5,2,2,2,6,75120,M,"48,8683071","2,3881859",75
202000036955,20,5,29,18:00,1,2,1,1,3,91027,M,"48,7056000","2,3564500",91
202000036956,20,1,9,20:30,5,2,1,2,3,75119,M,"48,8955481","2,3832312",75
202000036957,20,5,28,06:39,1,2,3,1,3,90010,M,"47,6413900","6,8571300",90
202000036958,20,5,28,19:10,1,2,1,1,3,80489,M,"49,8677400","2,3688200",80
202000036959,20,1,9,18:45,5,2,3,2,3,75119,M,"48,8751880","2,3736420",75
202000036960,20,5,28,07:50,1,2,1,1,3,80021,M,"49,8861000","2,2737100",80
202000036961,20,1,1,04:20,5,2,2,1,-1,75117,M,"48,8856740","2,3168239",75
202000036962,20,5,28,12:56,1,2,3,1,3,78646,M,"48,8188700","2,1502600",78
202000036963,20,1,8,16:00,1,2,5,2,6,75116,M,"48,8696868","2,2982360",75
202000036964,20,5,29,09:30,1,2,1,1,7,76216,M,"49,4709500","1,0498700",76
202000036965,20,1,8,18:55,5,2,1,1,5,75115,M,"48,8485800","2,2905600",75
202000036966,20,5,29,07:45,1,2,6,1,3,76351,M,"49,5055600","0,1010300",76
202000036967,20,1,8,09:40,1,2,3,1,3,75115,M,"48,8487210","2,2852180",75
202000036968,20,5,28,13:06,1,2,1,1,6,67482,M,"48,5916470","7,7040220",67
202000036969,20,1,9,09:00,1,2,2,2,3,75114,M,"48,8261581","2,3127535",75
202000036970,20,5,28,20:05,2,2,1,1,6,66136,M,"42,7178000","2,8871300",66
202000036971,20,1,9,20:15,3,2,1,2,2,75114,M,"48,8167140","2,3402980",75
202000036972,20,1,9,08:00,5,2,2,8,6,75113,M,"48,8333963","2,3542124",75
202000036973,20,1,8,23:30,5,2,4,1,3,75112,M,"48,8262220","2,4627440",75
202000036974,20,1,1,01:00,5,2,4,1,6,75112,M,"48,8493978","2,3796461",75
202000036975,20,1,9,20:00,5,2,3,2,6,75103,M,"48,8646655","2,3658072",75
202000036976,20,1,9,14:24,1,2,4,1,2,75109,M,"48,8766598","2,3394610",75
202000036977,20,5,29,15:20,1,1,1,1,2,64545,M,"43,3848900"," -1,7198400",64
202000036978,20,1,8,16:15,1,2,3,2,7,75109,M,"48,8829731","2,3348718",75
202000036979,20,1,9,08:50,1,2,2,2,7,75107,M,"48,8588040","2,3035141",75
202000036980,20,1,9,13:30,1,2,3,1,6,75103,M,"48,8628574","2,3533405",75
202000036981,20,1,9,20:00,5,2,3,1,6,75101,M,"48,8643920","2,3301088",75
202000036982,20,1,8,21:30,5,2,1,1,2,94081,M,"48,7868271","2,3910265",94
202000036983,20,5,28,17:40,1,2,1,7,2,64129,M,"43,3051400"," -0,4019800",64
202000036984,20,1,9,21:04,5,2,1,2,6,94080,M,"48,8489000","2,4255000",94
202000036985,20,1,8,20:50,5,2,1,1,2,94078,M,"48,7293100","2,4464900",94
202000036986,20,1,6,18:00,5,2,1,1,7,94037,M,"48,8152795","2,3474640",94
202000036987,20,1,9,17:10,5,2,1,2,6,94041,M,"48,8180200","2,3826900",94
202000036988,20,1,9,20:00,5,2,1,2,3,94038,M,"48,7763600","2,3242500",94
202000036989,20,1,9,18:30,5,2,1,2,6,94038,M,"48,7775300","2,3273900",94
202000036990,20,1,8,15:30,1,2,3,8,5,94028,M,"48,7663700","2,4583200",94
202000036991,20,1,8,11:39,1,2,1,1,6,94028,M,"48,7953300","2,4587700",94
202000036992,20,1,9,18:05,5,2,9,2,6,94017,M,"48,8140100","2,5092400",94
202000036993,20,1,8,15:00,1,2,3,8,3,94002,M,"48,8007300","2,4254330",94
202000036994,20,1,9,17:40,5,2,1,2,6,93066,M,"48,9359100","2,3440800",93
202000036995,20,5,28,15:45,1,2,1,1,2,64125,M,"43,4290100"," -1,6008900",64
202000036996,20,1,9,18:55,5,2,1,2,3,93064,M,"48,8781100","2,4878600",93
202000036997,20,1,9,08:30,2,2,3,2,6,93048,M,"48,8618500","2,4367200",93
202000036998,20,1,9,20:00,5,2,9,2,1,93031,M,"48,9542416","2,3099594",93
202000036999,20,1,9,16:10,1,2,9,2,3,93010,M,"48,9294160","2,4975710",93
202000037000,20,5,28,10:30,1,2,2,1,6,63193,M,"45,7699100","3,1944500",63
202000037001,20,5,29,00:52,5,2,1,1,6,63113,M,"45,7795400","3,0973500",63
202000037002,20,5,29,05:03,3,1,1,1,6,62525,M,"50,7271165","2,2463135",62
202000037003,20,5,28,19:45,1,2,1,1,6,62688,M,"50,4181300","1,6167000",62
202000037004,20,5,29,17:50,1,2,1,1,6,59286,M,"50,6069200","2,9848300",59
202000037005,20,5,28,20:12,1,2,2,1,5,59648,M,"50,5995900","3,0532100",59
202000037006,20,5,27,18:00,1,2,3,1,3,57630,M,"48,7463100","7,0630100",57
202000037007,20,5,26,16:50,1,2,1,1,7,56260,M,"47,6680000"," -2,7712000",56
202000037008,20,5,27,20:00,1,2,3,1,2,56260,M,"47,6564300"," -2,7662400",56
202000037009,20,5,29,16:00,1,2,1,1,2,54395,M,"48,6776695","6,2079681",54
202000037010,20,5,29,00:30,3,1,6,1,6,54253,M,"49,1892710","5,8933960",54
202000037011,20,5,28,13:25,1,2,1,1,3,53130,M,"48,0661200"," -0,7825300",53
202000037012,20,5,21,20:30,1,2,1,1,7,49007,M,"47,4869800"," -0,5499300",49
202000037013,20,5,28,14:57,1,2,1,1,3,49353,M,"47,4578000"," -0,5148900",49
202000037014,20,5,29,12:00,1,2,1,1,2,45234,M,"47,9158219","1,8991166",45
202000037015,20,5,28,19:45,1,2,2,1,3,42183,M,"45,4055500","4,3666800",42
202000037016,20,5,28,11:35,1,2,1,1,3,37208,M,"47,3588615","0,7218559",37
202000037017,20,5,29,10:40,1,2,1,1,-1,37261,M,"47,3922011","0,7029779",37
202000037018,20,5,29,07:45,1,2,1,1,2,37261,M,"47,3692619","0,6690981",37
202000037019,20,5,29,07:45,1,2,1,1,2,37214,M,"47,4217774","0,6630115",37
202000037020,20,5,29,08:20,1,2,1,1,3,35238,M,"48,0937900"," -1,6461500",35
202000037021,20,5,29,22:20,3,1,1,1,6,33281,M,"44,8002600"," -0,7045400",33
202000037022,20,5,29,20:45,1,2,1,1,6,33063,M,"44,8238000"," -0,5675200",33
202000037023,20,5,15,18:30,1,2,1,1,3,33069,M,"44,8649700"," -0,5992700",33