Num_Acc,an,mois,jour,hrmn,lum,agg,int,atm,col,com,gps,lat,long,dep
202000037024,20,5,28,20:15,1,2,1,1,6,31555,M,"43,5962200","1,4623300",31
202000037025,20,5,25,15:48,1,2,9,1,3,31555,M,"43,6479300","1,4220000",31
202000037026,20,5,29,20:20,1,2,1,1,3,30189,M,"43,8254000","4,3780200",30
202000037027,20,5,29,16:45,1,2,1,1,6,30189,M,"43,8386700","4,3574900",30
202000037028,20,5,29,13:50,1,1,1,1,2,29232,M,"48,0111503"," -4,0796962",29
202000037029,20,5,29,09:25,1,2,1,1,2,29019,M,"48,3927781"," -4,4997923",29
202000037030,20,5,23,14:40,1,2,1,1,6,28220,M,"48,4288020","1,4746270",28
202000037031,20,5,28,18:20,1,2,1,1,6,25462,M,"46,9084900","6,3535800",25
202000037032,20,5,28,10:07,5,2,9,1,6,25056,M,"47,2308760","6,0337150",25
202000037033,20,5,29,16:10,1,2,9,1,3,14243,M,"49,3899350","0,2048970",14
202000037034,20,5,29,17:15,1,2,1,1,1,13209,M,"43,2657600","5,4085500",13
202000037035,20,5,29,07:40,1,2,1,1,6,13208,M,"43,2797700","5,3866700",13
202000037036,20,5,24,18:55,1,2,1,1,6,13201,M,"43,2954400","5,3743900",13
202000037037,20,5,29,01:54,5,2,1,1,6,13208,M,"43,2747500","5,3847700",13
202000037038,20,5,28,11:00,1,2,1,1,3,13208,M,"43,2648540","5,3937750",13
202000037039,20,5,28,09:45,1,2,3,1,6,13047,M,"43,4964000","4,9798000",13
202000037040,20,5,29,13:20,1,2,6,1,-1,13001,M,"43,5427100","5,4549600",13
202000037041,20,5,28,21:00,2,1,1,1,7,11069,M,"43,2050500","2,4054800",11
202000037042,20,5,29,19:40,2,2,1,2,6,06069,M,"43,6452100","6,8945640",06
202000037043,20,5,28,15:15,1,2,1,1,2,06027,M,"43,6630200","7,1547400",06
202000037044,20,5,28,19:50,1,2,1,1,2,75114,M,"48,8240040","2,3076690",75
202000037045,20,5,29,00:02,5,2,1,1,6,75119,M,"48,8989038","2,3934398",75
202000037046,20,5,29,08:55,1,2,2,1,3,75118,M,"48,8987158","2,3703678",75
202000037047,20,5,29,09:50,1,2,4,1,3,75117,M,"48,8773025","2,2944366",75
202000037048,20,5,29,10:05,1,2,1,1,6,75117,M,"48,8929550","2,3196160",75
202000037049,20,5,29,18:00,1,2,1,1,3,75116,M,"48,8683340","2,2821910",75
202000037050,20,5,27,19:40,1,2,2,1,2,75116,M,"48,8685350","2,2989090",75
202000037051,20,5,29,15:20,1,2,4,1,3,75114,M,"48,8314607","2,3253810",75
202000037052,20,5,29,20:20,1,2,1,1,-1,75113,M,"48,8262700","2,3835470",75
202000037053,20,5,29,18:30,1,2,1,1,3,75112,M,"48,8397910","2,4371170",75
202000037054,20,5,28,14:05,1,2,1,1,2,75112,M,"48,8466300","2,3805480",75
202000037055,20,5,29,20:15,1,2,2,1,3,75110,M,"48,8815943","2,3657459",75
202000037056,20,5,29,13:40,1,2,2,1,3,75110,M,"48,8754819","2,3578143",75
202000037057,20,5,29,20:05,1,2,2,1,6,75109,M,"48,8742890","2,3327440",75
202000037058,20,5,17,17:20,1,2,5,1,3,75107,M,"48,8596570","2,3013390",75
202000037059,20,5,29,11:20,1,2,2,1,2,75107,M,"48,8628330","2,3134560",75
202000037060,20,5,29,13:17,1,2,2,1,6,75103,M,"48,8659130","2,3581180",75
202000037061,20,5,29,15:35,1,2,1,1,6,75104,M,"48,8536300","2,3670502",75
202000037062,20,5,23,13:00,1,2,2,1,6,75101,M,"48,8598850","2,3439870",75
202000037063,20,5,29,00:25,5,2,3,1,3,94068,M,"48,7980400","2,4744200",94
202000037064,20,5,27,12:20,1,2,1,1,3,94041,M,"48,8191300","2,3966900",94
202000037065,20,5,27,15:00,1,2,2,1,3,94002,M,"48,7982000","2,4205800",94
202000037066,20,5,29,15:00,1,2,1,1,6,93071,M,"48,9310193","2,5279713",93
202000037067,20,5,29,18:22,1,2,1,1,3,93070,M,"48,9129503","2,3442167",93
202000037068,20,5,28,19:25,1,2,2,1,6,93066,M,"48,9265700","2,3659500",93
202000037069,20,5,28,20:40,5,2,1,1,3,93064,M,"48,8791732","2,4783529",93
202000037070,20,5,29,08:40,1,2,2,1,3,93053,M,"48,8795500","2,4486900",93
202000037071,20,5,29,17:40,1,2,9,1,6,93048,M,"48,8580000","2,4372700",93
202000037072,20,5,29,15:30,1,2,9,1,4,93046,M,"48,9213298","2,5255558",93
202000037073,20,5,29,17:15,1,2,2,7,-1,93045,M,"48,8814600","2,4214900",93
202000037074,20,5,29,23:00,5,2,1,1,6,93010,M,"48,8934143","2,4817207",93
202000037075,20,5,29,00:50,5,2,1,1,3,93055,M,"48,9073000","2,3960000",93
202000037076,20,5,28,19:35,1,2,1,1,3,92022,M,"48,8081700","2,1937100",92
202000037077,20,5,29,13:45,1,2,2,7,1,92048,M,"48,8188276","2,2346566",92
202000037078,20,5,29,19:55,1,2,1,1,6,92040,M,"48,8283340","2,2675120",92
202000037079,20,5,28,17:35,1,2,2,1,3,92036,M,"48,9364540","2,3039200",92
202000037080,20,5,29,14:15,1,2,3,1,2,92035,M,"48,9125831","2,2537878",92
202000037081,20,5,30,13:00,1,1,2,1,3,12263,M,"44,3462870","1,9585810",12
202000037082,20,5,27,15:56,1,1,1,1,1,25009,M,"47,2644440","6,3256900",25
202000037083,20,5,29,08:30,2,1,1,7,1,49110,M,"47,5576390"," -0,3988440",49
202000037084,20,5,30,16:30,1,2,1,1,1,31116,M,"43,6930540","1,4291514",31
202000037085,20,5,30,18:50,1,1,1,7,6,31423,M,"43,4065990","1,0500100",31
202000037086,20,5,29,22:45,3,1,2,1,3,35085,M,"48,3699570"," -1,7627580",35
202000037087,20,5,29,16:20,1,1,1,1,-1,74112,M,"45,9386500","6,0677580",74
202000037088,20,5,29,10:50,1,2,1,1,2,97414,R," -21,2829460","55,3989350",974
202000037089,20,5,30,11:00,1,2,1,1,7,06140,M,"43,6327280","6,8615140",06
202000037090,20,5,30,05:00,3,1,1,1,7,65447,M,"43,1903620","0,2612530",65
202000037091,20,5,28,20:20,1,2,1,1,3,87021,M,"45,7679980","1,2098100",87
202000037092,20,5,29,21:25,3,1,1,1,3,34077,M,"43,6469372","3,8879317",34
202000037093,20,5,30,10:55,1,1,3,7,3,57295,M,"48,7956910","6,6062590",57
202000037094,20,5,30,14:15,1,2,3,1,1,74242,M,"45,8322160","6,1619350",74
202000037095,20,5,30,10:36,1,1,1,1,1,67434,M,"48,9368740","7,0738210",67
202000037096,20,4,29,02:55,3,1,4,1,7,76421,M,"49,5514744","0,4316313",76
202000037097,20,5,30,15:30,1,1,1,1,4,2B318,M,"42,4393020","9,5141820",2B
202000037098,20,5,30,13:00,1,1,1,7,6,63357,M,"45,4665719","3,1270909",63
202000037099,20,5,29,15:55,1,1,1,1,7,61230,M,"48,5510750","0,7792570",61
202000037100,20,5,29,21:25,1,1,2,1,3,61063,M,"48,7022770"," -0,3516270",61
202000037101,20,5,30,15:50,1,2,4,1,6,55001,M,"48,5297400","5,4916300",55
202000037102,20,5,30,08:40,1,2,1,1,3,49223,M,"47,3953640"," -0,5567780",49
202000037103,20,5,29,15:00,1,1,1,7,1,47287,M,"44,1435370","0,4391530",47
202000037104,20,5,29,14:00,1,2,3,1,1,47168,M,"44,6009970","0,3635620",47
202000037105,20,4,30,07:10,2,1,2,2,3,41166,M,"47,4052620","1,3687420",41
202000037106,20,5,28,16:30,1,2,1,1,-1,68195,M,"47,7568320","7,2750950",68
202000037107,20,5,29,17:40,1,2,2,1,3,25349,M,"47,1447810","6,4987670",25
202000037108,20,5,30,18:20,1,1,5,1,3,31224,M,"43,0609870","0,5922320",31
202000037109,20,5,28,08:50,1,1,1,1,1,38397,M,"45,2408370","5,8515390",38
202000037110,20,5,29,20:20,1,1,1,1,6,15185,M,"45,3266550","2,6008840",15
202000037111,20,5,30,15:30,1,1,1,1,1,66124,M,"42,4985070","2,0560530",66
202000037112,20,5,30,19:15,1,1,1,1,6,60465,M,"49,5426379","2,2227121",60
202000037113,20,5,29,15:23,1,2,1,1,6,60074,M,"49,2178900","2,3639390",60
202000037114,20,5,30,17:45,1,1,1,1,7,64274,M,"43,1749820"," -1,2862160",64
202000037115,20,5,29,12:45,1,1,1,1,2,10080,M,"48,0333420","4,1343050",10
202000037116,20,5,29,10:45,1,2,1,1,7,40152,M,"43,9678940"," -1,0533140",40
202000037117,20,5,16,01:40,3,1,1,1,7,24288,M,"44,9016120","0,1342940",24
202000037118,20,5,29,14:15,1,1,1,7,6,24270,M,"45,1201845","0,9539732",24
202000037119,20,5,29,13:30,1,1,1,1,5,04137,M,"44,2690510","6,0046290",04
202000037120,20,5,29,13:00,1,1,1,1,6,37206,M,"47,5097269","0,5978489",37
202000037121,20,5,29,23:50,3,1,1,1,6,30012,M,"43,8925350","4,6893220",30
202000037122,20,7,28,07:35,1,2,1,1,6,34032,M,"43,3367800","3,2187500",34
202000037123,20,5,30,15:15,1,1,1,1,2,88302,M,"47,9176870","6,7928820",88
202000037124,20,7,30,14:50,1,2,1,1,6,33281,M,"44,8294700"," -0,6554700",33
202000037125,20,5,29,10:25,1,2,9,7,6,88079,M,"48,2084800","5,8351940",88
202000037126,20,5,27,09:55,1,2,2,1,3,78356,M,"48,7232170","2,0896610",78
202000037127,20,5,30,13:25,1,1,1,1,6,77100,M,"48,5120549","2,8276221",77
202000037128,20,7,30,02:20,4,1,1,1,2,31069,M,"43,6308200","1,3821300",31
202000037129,20,5,29,20:15,1,1,1,7,6,69242,M,"46,1172060","4,7632030",69
202000037130,20,7,29,14:18,1,1,1,1,3,31555,M,"43,5745745","1,4474541",31
202000037131,20,5,28,17:45,5,1,1,1,1,98747,P," -17,7331872"," -149,3152475",987
202000037132,20,5,29,22:55,3,1,1,1,2,97418,R," -20,8977410","55,5759980",974
202000037133,20,7,30,19:13,1,2,2,1,3,29039,M,"47,8720509"," -3,9085750",29
202000037134,20,5,29,05:35,1,1,2,1,3,77367,M,"49,0472000","2,9970150",77
202000037135,20,7,29,21:55,1,2,3,1,3,29019,M,"48,3983300"," -4,4736600",29
202000037136,20,5,30,16:00,1,1,2,1,3,77370,M,"48,2516890","2,7616050",77
202000037137,20,7,28,15:15,1,2,1,1,3,27229,M,"49,0043960","1,1474480",27
202000037138,20,7,29,09:05,1,2,1,7,2,18279,M,"47,2202500","2,0825800",18
202000037139,20,5,29,17:05,1,1,1,1,5,95054,M,"49,1547186","1,8823274",95
202000037140,20,7,30,17:56,1,2,1,1,6,17274,M,"46,1546200"," -1,0954300",17
202000037141,20,5,29,15:00,1,1,1,2,2,2B148,M,"42,5273260","9,4558810",2B
202000037142,20,7,29,20:50,1,2,1,1,6,13026,M,"43,3887700","5,1737100",13
202000037143,20,7,30,18:25,1,2,1,1,2,13205,M,"43,2886706","5,3940606",13
202000037144,20,5,30,02:30,3,1,1,1,6,84138,M,"44,3712290","4,9569900",84
202000037145,20,7,30,13:45,1,2,2,1,3,13210,M,"43,2690439","5,4204214",13
202000037146,20,5,30,12:20,1,1,6,1,2,83042,M,"43,2580340","6,5627000",83
202000037147,20,7,30,09:20,1,2,3,1,3,13201,M,"43,2927990","5,3747860",13
202000037148,20,5,29,16:50,1,1,1,1,7,68247,M,"47,9333844","7,0137722",68
202000037149,20,7,29,16:30,1,2,2,1,3,13201,M,"43,3006400","5,3883900",13
202000037150,20,5,26,16:20,1,2,3,1,3,67101,M,"48,5244350","7,4911950",67
202000037151,20,5,28,23:15,3,1,1,1,6,42326,M,"45,3756340","4,6730090",42
202000037152,20,5,29,20:30,1,1,8,1,6,42065,M,"45,7553970","4,2312270",42
202000037153,20,7,30,10:45,1,2,3,1,3,13005,M,"43,2923800","5,5558200",13
202000037154,20,5,29,19:16,1,1,1,1,1,01262,M,"45,8742530","5,0426120",01
202000037155,20,5,29,22:00,2,1,1,1,6,29001,M,"48,2632840"," -4,3044090",29
202000037156,20,5,30,07:42,1,2,6,1,3,27275,M,"49,1572960","1,3486350",27
202000037157,20,7,30,15:26,1,1,1,1,4,10362,M,"48,2915400","4,0350700",10
202000037158,20,7,30,07:15,1,1,1,7,6,10081,M,"48,3094700","4,0226400",10
202000037159,20,5,30,16:45,1,2,2,1,3,60355,M,"49,4243290","2,1981510",60
202000037160,20,7,30,20:40,1,1,9,1,3,09225,M,"43,1363000","1,6203000",09
202000037161,20,5,30,11:39,1,2,1,1,6,80685,M,"49,6976400","2,7898000",80
202000037162,20,7,29,20:23,5,2,3,1,3,08105,M,"49,7600000","4,7000000",08
202000037163,20,7,30,10:05,1,2,1,1,2,06088,M,"43,6951300","7,2746200",06
202000037164,20,7,30,08:56,1,2,3,1,6,06088,M,"43,7111500","7,2555700",06
202000037165,20,5,29,09:10,1,1,1,1,7,13055,M,"43,3299899","5,3926432",13
202000037166,20,7,29,17:15,1,2,3,1,3,06104,M,"43,7608340","7,4708230",06
202000037167,20,7,30,04:10,5,2,1,1,6,03321,M,"46,5515340","3,3495144",03
202000037168,20,7,27,18:20,1,2,1,1,4,75114,M,"48,8164610","2,3416710",75
202000037169,20,7,30,17:10,1,2,2,1,6,75119,M,"48,8830070","2,3855440",75
202000037170,20,7,29,22:20,3,2,1,1,6,75117,M,"48,8771310","2,2885280",75
202000037171,20,7,30,19:50,1,2,1,1,3,75116,M,"48,8681400","2,2700000",75
202000037172,20,7,29,09:55,1,2,4,1,3,75116,M,"48,8490990","2,2765500",75
202000037173,20,7,30,18:45,2,2,3,1,3,75115,M,"48,8436340","2,2964850",75
202000037174,20,7,29,18:30,1,2,1,1,6,75115,M,"48,8385000","2,2936320",75
202000037175,20,7,30,18:30,1,2,3,1,3,75106,M,"48,8436240","2,3246420",75
202000037176,20,7,30,13:25,1,2,4,1,-1,75114,M,"48,8214510","2,3424860",75
202000037177,20,7,30,17:10,1,2,1,1,-1,75113,M,"48,8193200","2,3576300",75
202000037178,20,7,30,15:35,1,2,2,1,3,75113,M,"48,8197130","2,3729280",75
202000037179,20,7,30,12:30,1,2,2,1,6,75112,M,"48,8461240","2,3760010",75
202000037180,20,7,29,12:24,1,2,3,1,7,75112,M,"48,8342980","2,4044180",75
202000037181,20,7,28,13:00,1,2,1,1,6,75112,M,"48,8302160","2,3930720",75
202000037182,20,7,30,17:00,1,2,4,1,3,75111,M,"48,8488210","2,3929940",75
202000037183,20,7,30,16:15,1,2,3,1,3,75109,M,"48,8741110","2,3371730",75
202000037184,20,7,26,15:30,1,2,2,1,6,75109,M,"48,8740260","2,3453540",75
202000037185,20,7,30,13:30,1,2,3,1,3,75109,M,"48,8709200","2,3467750",75
202000037186,20,7,30,21:30,5,2,4,1,3,75101,M,"48,8677500","2,3335730",75
202000037187,20,7,30,19:10,1,2,1,1,6,94015,M,"48,8369255","2,5250506",94
202000037188,20,7,30,21:30,2,2,1,1,1,94043,M,"48,8064700","2,3459400",94
202000037189,20,7,29,20:25,2,2,9,1,4,94028,M,"48,7929300","2,4435800",94
202000037190,20,7,30,12:00,1,2,1,1,3,94059,M,"48,8127020","2,5668260",94
202000037191,20,7,30,15:15,1,2,1,1,-1,94018,M,"48,8254730","2,3931090",94
202000037192,20,7,30,09:50,1,2,2,1,6,94018,M,"48,8245500","2,4054500",94
202000037193,20,7,30,00:35,5,2,3,1,3,94078,M,"48,7355300","2,4654600",94
202000037194,20,7,29,18:59,1,2,1,1,3,93053,M,"48,8882485","2,4595731",93
202000037195,20,7,30,18:15,1,2,1,1,6,93010,M,"48,9152464","2,4789602",93
202000037196,20,7,30,20:15,1,2,1,1,3,93005,M,"48,9534538","2,4829660",93
202000037197,20,12,8,15:25,1,2,9,1,6,94042,M,"48,8166790","2,4660720",94
202000037198,20,12,9,21:32,5,2,1,1,6,94016,M,"48,7957100","2,3263000",94
202000037199,20,7,29,18:30,1,2,4,1,1,93001,M,"48,9124000","2,3731000",93
202000037200,20,12,9,11:40,1,2,3,1,3,94003,M,"48,8078600","2,3334900",94
202000037201,20,7,30,13:06,1,2,1,1,3,92072,M,"48,8247250","2,2139010",92
202000037202,20,12,9,21:45,5,2,9,9,3,94021,M,"48,7716300","2,3670600",94
202000037203,20,7,28,00:32,5,2,2,1,3,92063,M,"48,8871800","2,1795200",92
202000037204,20,12,9,09:20,1,2,1,1,2,94021,M,"48,7624900","2,3509700",94
202000037205,20,7,30,19:45,1,2,2,1,1,92050,M,"48,8880479","2,1903965",92
202000037206,20,12,9,17:10,5,2,7,1,3,94022,M,"48,7710300","2,4035200",94
202000037207,20,11,19,16:20,1,2,1,2,6,93066,M,"48,9406000","2,3714200",93
202000037208,20,12,9,08:35,1,2,6,1,6,93062,M,"48,8948813","2,5133653",93
202000037209,20,12,8,21:25,5,2,1,1,3,93051,M,"48,8293820","2,5723536",93
202000037210,20,7,27,18:40,1,2,1,1,2,92024,M,"48,9018900","2,2911200",92
202000037211,20,12,9,07:25,2,2,1,1,2,93027,M,"48,9388700","2,3878500",93
202000037212,20,12,9,06:00,5,2,1,1,6,93008,M,"48,9104549","2,4693499",93
202000037213,20,7,30,08:55,1,2,3,1,3,92004,M,"48,9252319","2,2759496",92
202000037214,20,7,31,15:20,1,1,1,1,1,14764,M,"48,8795900"," -0,4005290",14
202000037215,20,12,9,11:35,1,2,2,8,5,93007,M,"48,9413691","2,4638593",93
202000037216,20,7,30,18:47,1,2,1,1,3,68112,M,"47,9019730","7,2323080",68
202000037217,20,12,7,18:10,5,2,9,1,3,92078,M,"48,9267550","2,3291470",92
202000037218,20,7,31,16:50,1,1,3,1,3,81238,M,"43,4831620","2,4735760",81
202000037219,20,6,12,09:00,1,2,1,2,6,92040,M,"48,8218355","2,2537476",92
202000037220,20,12,8,22:00,4,2,1,1,6,92025,M,"48,9200077","2,2554870",92
202000037221,20,7,30,17:45,1,2,2,7,1,85159,M,"46,4710900"," -1,0248300",85
202000037222,20,12,9,13:30,1,2,2,1,3,92004,M,"48,9145623","2,2831614",92
202000037223,20,7,31,17:30,1,1,1,1,6,97412,R," -21,3546720","55,6058680",974
202000037224,20,10,22,18:30,1,1,2,1,3,51224,M,"48,6962246","4,6936381",51
202000037225,20,12,5,15:10,1,1,1,1,2,97216,A,"14,8276590"," -61,0336880",972
202000037226,20,7,31,16:45,1,2,1,1,1,71167,M,"46,8359470","4,9921010",71
202000037227,20,12,8,13:15,1,2,1,1,6,27507,M,"48,9068910","1,2836240",27
202000037228,20,12,9,10:30,1,1,1,2,7,23101,M,"46,2680110","1,9312490",23
202000037229,20,7,31,18:00,1,1,1,4,7,63427,M,"45,9627550","3,0253600",63
202000037230,20,12,10,07:50,2,1,1,2,6,2B150,M,"42,5894890","8,8359260",2B
202000037231,20,7,31,11:00,1,1,1,1,4,62384,M,"50,1518520","3,0891110",62
202000037232,20,12,9,12:45,1,1,1,2,6,32090,M,"43,5597600","1,0063650",32
202000037233,20,7,30,13:00,1,1,1,1,3,83031,M,"43,4058350","6,3535580",83
202000037234,20,12,8,22:00,3,1,1,1,6,11262,M,"43,2219400","3,0425690",11
202000037235,20,7,31,10:30,1,1,3,1,3,56070,M,"47,9521710"," -2,5664230",56
202000037236,20,12,8,12:50,1,1,1,4,1,63023,M,"45,6034700","3,5097460",63
202000037237,20,7,30,16:00,1,2,4,1,6,78565,M,"48,8816440","1,7333720",78
202000037238,20,12,10,13:00,1,2,2,2,3,63273,M,"45,7282700","3,2271430",63
202000037239,20,7,31,10:00,1,1,2,1,3,80758,M,"49,7262550","2,4169920",80
202000037240,20,7,31,00:50,3,1,1,1,6,80571,M,"49,7634430","2,4371190",80
202000037241,20,11,28,11:40,1,2,9,7,6,22152,M,"48,7772550"," -3,2459770",22
202000037242,20,7,30,21:45,3,1,2,1,1,80779,M,"50,1155700","1,8889940",80
202000037243,20,12,9,19:30,3,1,1,1,6,31383,M,"43,7800360","1,5271190",31
202000037244,20,7,30,18:50,1,1,1,7,2,80062,M,"49,8402520","1,7625330",80
202000037245,20,7,29,18:30,1,2,1,1,1,80649,M,"50,3205290","1,5600480",80
202000037246,20,7,31,19:00,1,1,1,1,6,32147,M,"43,6190010","0,8681950",32
202000037247,20,12,5,17:10,2,2,1,1,6,83032,M,"43,4745820","6,1680550",83
202000037248,20,12,10,16:00,1,1,2,1,3,60560,M,"49,2233080","2,7395440",60
202000037249,20,7,30,18:05,1,2,4,1,3,11272,M,"43,1733382","2,3886440",11
202000037250,20,12,7,07:10,3,1,1,4,3,43152,M,"45,0612300","3,8631110",43
202000037251,20,12,10,06:55,3,1,1,5,6,07089,M,"45,3097665","4,7525015",07
202000037252,20,7,31,09:45,1,2,3,7,6,71442,M,"46,8460089","4,6349014",71
202000037253,20,12,1,07:08,3,1,1,2,7,24584,M,"44,9484940","0,0683750",24
202000037254,20,7,30,15:57,1,1,1,1,7,63006,M,"45,3512061","3,0535252",63
202000037255,20,12,9,23:45,5,1,1,1,6,97121,A,"16,2575680"," -61,8043180",971
202000037256,20,7,31,07:30,1,1,1,1,6,61290,M,"48,6763970"," -0,2504110",61
202000037257,20,12,9,19:45,5,2,1,5,7,77128,M,"48,8773860","2,8682310",77
202000037258,20,7,26,15:00,1,1,1,1,6,55467,M,"48,8104530","5,4884860",55
202000037259,20,12,8,13:50,1,2,1,1,6,2B042,M,"42,5628800","9,4452170",2B
202000037260,20,7,20,17:00,1,1,1,1,7,46115,M,"44,8584700","1,9222210",46
202000037261,20,12,10,18:45,3,1,1,2,1,66164,M,"42,7928180","2,8822800",66
202000037262,20,7,30,15:00,1,1,1,1,1,47065,M,"44,3726830","0,4287800",47
202000037263,20,12,10,01:05,3,1,1,1,6,84074,M,"43,7530200","5,1809070",84
202000037264,20,7,25,22:58,3,1,1,1,7,34332,M,"43,3031950","3,4329060",34
202000037265,20,12,9,08:30,1,1,1,1,1,13105,M,"43,7154490","5,1204820",13
202000037266,20,7,31,11:30,1,1,1,1,7,22041,M,"48,6647490"," -3,2452800",22
202000037267,20,12,10,11:25,1,1,1,2,1,09044,M,"43,0177880","1,5289660",09
202000037268,20,7,31,14:00,1,2,3,1,6,39368,M,"46,5239880","6,0223420",39
202000037269,20,12,10,16:00,1,1,3,1,-1,44025,M,"47,4193000"," -1,9755970",44
202000037270,20,7,30,20:30,1,1,1,7,6,35194,M,"48,1366080"," -1,2638480",35
202000037271,20,12,10,05:20,3,1,1,1,6,60700,M,"49,3963120","2,1395440",60
202000037272,20,7,30,23:40,3,2,1,1,6,29101,M,"48,5980810"," -4,5643880",29
202000037273,20,12,9,18:00,3,1,1,1,6,59482,M,"50,7116660","3,0261705",59
202000037274,20,7,31,17:20,1,1,1,7,3,38182,M,"45,3662800","5,4175400",38
202000037275,20,12,4,08:55,1,1,1,2,4,13211,M,"43,2909400","5,4500800",13
202000037276,20,7,30,20:19,2,1,1,1,6,03126,M,"46,0801530","3,4364651",03
202000037277,20,12,9,17:45,5,1,1,1,2,33550,M,"44,7867800"," -0,5415300",33
202000037278,20,7,31,17:30,1,1,1,1,3,58215,M,"47,2712950","3,0004260",58
202000037279,20,12,8,08:12,3,1,1,2,6,59574,M,"50,3572280","3,2624210",59
202000037280,20,7,31,03:30,3,2,6,1,6,60591,M,"49,4221690","1,9784720",60
202000037281,20,12,3,08:25,3,1,1,1,6,59205,M,"50,3275080","3,3364390",59
202000037282,20,7,31,14:18,1,1,1,1,3,73010,M,"45,7680840","5,9382550",73
202000037283,20,12,9,07:45,2,1,1,1,2,91689,M,"48,7346000","2,3164400",91
202000037284,20,7,31,09:10,1,1,1,1,3,07185,M,"45,1378560","4,6452000",07
202000037285,20,12,9,12:10,1,1,1,1,6,92047,M,"48,8336666","2,1639026",92
202000037286,20,7,31,19:55,1,1,3,1,2,53174,M,"48,3221310"," -0,6469540",53
202000037287,20,7,29,18:15,1,2,1,1,3,53097,M,"48,1514650"," -0,3964450",53
202000037288,20,12,9,07:43,2,1,1,5,6,78423,M,"48,7968310","2,0219920",78
202000037289,20,12,9,10:30,1,1,1,2,6,95582,M,"48,9633000","2,2661200",95
202000037290,20,12,9,07:30,3,1,1,1,2,93010,M,"48,9010500","2,4701000",93
202000037291,20,12,8,19:00,4,1,1,1,2,93053,M,"48,8794700","2,4501300",93
202000037292,20,7,30,19:45,1,1,1,1,6,40313,M,"43,8190770"," -0,8016370",40
202000037293,20,12,8,18:10,5,1,1,1,2,95018,M,"48,9523900","2,2797600",95
202000037294,20,7,30,20:30,1,1,1,1,6,24188,M,"45,1106490","1,0000780",24
202000037295,20,12,8,15:30,1,1,1,1,7,93066,M,"48,9103300","2,3579700",93
202000037296,20,7,31,03:50,3,2,2,1,6,27333,M,"49,3342080","1,6604860",27
202000037297,20,12,8,13:45,1,1,1,1,3,93006,M,"48,8669200","2,4253200",93
202000037298,20,7,29,14:45,1,1,1,7,1,87051,M,"45,5836690","1,5915210",87
202000037299,20,7,30,18:58,1,1,1,1,2,37001,M,"46,9145873","0,7205909",37
202000037300,20,7,31,08:45,1,1,1,1,6,30003,M,"43,5660420","4,1646770",30
202000037301,20,12,7,20:00,5,1,1,1,2,93066,M,"48,9193600","2,3575400",93
202000037302,20,7,28,16:45,1,1,1,1,1,30148,M,"43,8875780","4,0155890",30
202000037303,20,12,7,09:15,1,1,1,1,2,93007,M,"48,9359000","2,4805200",93
202000037304,20,9,30,21:30,3,1,1,1,6,19148,M,"45,2897730","2,2891040",19
202000037305,20,9,18,11:55,1,2,1,1,6,02691,M,"49,8485900","3,2975400",02
202000037306,20,7,31,01:20,3,1,1,1,6,30055,M,"44,1244870","4,2360130",30
202000037307,20,12,8,21:23,5,2,2,1,3,98818,C," -22,2743300","166,4428100",988
202000037308,20,7,31,10:45,1,1,1,1,1,31341,M,"43,7348170","1,3166110",31
202000037309,20,7,30,21:05,2,1,1,1,1,58296,M,"46,6941150","3,2119670",58
202000037310,20,12,8,17:00,1,2,3,1,3,97302,G,"4,9128757"," -52,3208763",973
202000037311,20,7,30,08:25,1,1,1,1,6,78009,M,"48,4827080","1,9124790",78
202000037312,20,7,30,13:20,1,2,1,1,7,11202,M,"42,8597420","3,0411640",11
202000037313,20,7,30,14:55,1,1,3,1,2,98811,C," -21,0563480","164,8459800",988
202000037314,20,9,24,19:45,3,1,1,2,7,12025,M,"43,8364460","2,7448230",12
202000037315,20,9,26,22:20,3,1,1,2,6,46324,M,"44,5842280","1,3922220",46
202000037316,20,7,31,16:20,1,2,1,1,1,97608,Y," -12,7891080","45,2798470",976
202000037317,20,7,30,19:30,3,1,1,1,6,97607,Y," -12,8685970","45,2015790",976
202000037318,20,1,21,21:25,5,2,2,1,3,97302,G,"4,9358644"," -52,3246890",973
202000037319,20,12,8,12:15,1,2,1,1,2,97302,G,"4,9380236"," -52,2991276",973
202000037320,20,7,31,01:15,3,1,3,1,3,97116,A,"16,3213600"," -61,4207300",971
202000037321,20,7,26,07:00,1,1,1,7,2,28371,M,"48,8451890","1,3947920",28
202000037322,20,12,8,19:10,5,2,2,2,3,69386,M,"45,7690300","4,8605000",69
202000037323,20,7,31,09:16,1,1,1,1,1,45122,M,"47,7527000","2,5370450",45
202000037324,20,9,25,11:00,1,2,3,8,3,41214,M,"47,9257540","1,2071870",41
202000037325,20,12,8,13:35,1,2,1,2,6,69383,M,"45,7575452","4,8747531",69
202000037326,20,12,7,11:00,1,2,2,1,6,69386,M,"45,7663000","4,8618700",69
202000037327,20,12,8,15:15,1,1,1,1,4,97209,A,"14,6159300"," -61,0439400",972
202000037328,20,12,8,07:20,1,2,1,1,1,97209,A,"14,6339300"," -61,0356600",972
202000037329,20,9,27,15:15,1,1,1,1,3,35169,M,"47,9642320"," -2,0160610",35