Num_Acc,an,mois,jour,hrmn,lum,agg,int,atm,col,com,gps,lat,long,dep
202000037330,20,7,31,00:38,3,1,1,1,1,66037,M,"42,6659020","3,0329990",66
202000037331,20,9,27,17:15,1,2,1,1,7,29146,M,"47,9060992"," -3,8853192",29
202000037332,20,12,7,07:22,1,2,1,1,6,97101,A,"16,2569669"," -61,5297782",971
202000037333,20,7,30,22:10,3,1,9,1,1,84003,M,"43,8791830","5,3849640",84
202000037334,20,12,7,05:50,2,2,3,1,6,97120,A,"16,2441400"," -61,5412700",971
202000037335,20,7,30,15:20,1,1,1,1,1,71223,M,"46,9777405","4,1699380",71
202000037336,20,12,7,17:05,1,2,3,1,6,91103,M,"48,6122200","2,2979800",91
202000037337,20,7,31,10:25,1,1,2,1,3,71169,M,"46,3120193","4,7566703",71
202000037338,20,9,27,19:05,3,1,1,1,7,70563,M,"47,5790340","6,2471760",70
202000037339,20,7,30,17:24,1,2,1,1,1,67338,M,"48,3592560","7,6893360",67
202000037340,20,9,26,14:47,1,1,1,1,7,06150,M,"43,7490060","7,4145380",06
202000037341,20,9,28,08:00,1,2,1,1,6,14092,M,"49,1218280"," -0,2986100",14
202000037342,20,9,24,07:00,2,2,1,1,6,14456,M,"49,1129520"," -0,1644570",14
202000037343,20,7,31,16:10,1,1,1,1,7,42168,M,"45,4128900","4,6236240",42
202000037344,20,9,28,10:40,1,2,1,7,6,50484,M,"48,5781120"," -1,0918360",50
202000037345,20,7,30,22:20,3,1,1,1,6,69136,M,"45,6518180","4,7488830",69
202000037346,20,12,4,12:05,1,2,9,7,3,91471,M,"48,6975400","2,1893990",91
202000037347,20,7,30,17:30,1,1,1,1,6,09241,M,"42,8514910","1,5577840",09
202000037348,20,12,8,16:55,2,2,1,1,6,91421,M,"48,6973100","2,4528900",91
202000037349,20,12,8,10:40,1,2,1,1,6,91215,M,"48,6980200","2,5216500",91
202000037350,20,12,8,17:20,5,2,1,1,6,91027,M,"48,7075220","2,3778070",91
202000037351,20,12,8,16:35,1,2,1,1,6,91286,M,"48,6559400","2,3824000",91
202000037352,20,7,24,16:40,1,1,1,1,1,47157,M,"44,5166400","0,1247980",47
202000037353,20,9,28,16:00,1,2,3,1,3,60233,M,"49,6429110","1,8539880",60
202000037354,20,2,6,07:47,2,2,1,1,6,72154,M,"47,6989380"," -0,0695280",72
202000037355,20,12,5,19:00,3,2,2,2,3,80021,M,"49,8857500","2,3024800",80
202000037356,20,7,31,18:30,1,1,1,1,6,56023,M,"47,6906000"," -3,0333500",56
202000037357,20,12,5,18:30,5,2,1,2,6,80021,M,"49,8950200","2,2992400",80
202000037358,20,7,30,18:30,1,1,1,1,3,22076,M,"48,5528230"," -2,3654506",22
202000037359,20,12,5,15:40,1,2,1,2,3,80021,M,"49,9235200","2,3052100",80
202000037360,20,7,31,09:30,1,1,1,1,7,60446,M,"49,1401601","2,7891829",60
202000037361,20,9,28,16:30,1,1,1,1,4,64060,M,"43,3293620"," -0,4793430",64
202000037362,20,7,31,18:00,1,1,1,1,7,60551,M,"49,2883860","2,3826440",60
202000037363,20,9,24,14:10,1,2,1,1,1,18141,M,"47,1523550","2,2000770",18
202000037364,20,9,27,06:20,3,1,1,3,6,18041,M,"46,6315840","2,5448800",18
202000037365,20,7,31,07:45,1,1,2,1,3,60089,M,"49,2226430","1,8850990",60
202000037366,20,9,28,07:30,2,1,6,2,7,18075,M,"47,0134880","3,0665700",18
202000037367,20,9,26,17:50,1,2,6,1,3,36192,M,"46,6333995","1,4276193",36
202000037368,20,9,27,15:30,1,2,1,1,3,40312,M,"43,5467740"," -1,4608200",40
202000037369,20,7,30,17:40,1,1,1,1,7,13216,M,"43,3590310","5,3441850",13
202000037370,20,12,4,23:44,3,2,1,1,7,80164,M,"49,9222862","2,3736048",80
202000037371,20,9,27,21:50,3,1,1,2,6,27428,M,"49,1458500","0,9136730",27
202000037372,20,7,30,17:20,1,1,1,1,4,13055,M,"43,2900005","5,4243506",13
202000037373,20,9,26,14:15,1,2,3,8,3,17187,M,"45,4405010"," -0,5135200",17
202000037374,20,12,4,16:40,2,2,1,1,2,80261,M,"49,8610000","2,2720600",80
202000037375,20,9,26,16:45,1,1,1,1,7,87028,M,"46,2233150","0,9385590",87
202000037376,20,9,10,16:00,1,1,1,1,1,08178,M,"49,6444920","4,1727340",08
202000037377,20,12,8,16:20,1,2,3,1,3,79191,M,"46,3417300"," -0,4573500",79
202000037378,20,7,2,13:05,1,1,2,8,2,24073,M,"44,8694430","0,8101560",24
202000037379,20,12,8,15:40,1,2,1,1,6,79191,M,"46,3276000"," -0,4482200",79
202000037380,20,7,29,18:40,1,1,1,1,4,13026,M,"43,3729900","5,1906000",13
202000037381,20,8,16,02:58,3,2,1,1,7,97701,,"17,9064670"," -62,8476760",977
202000037382,20,7,28,15:20,1,1,1,1,5,83144,M,"43,1334900","5,9847600",83
202000037383,20,12,7,17:00,2,2,1,1,6,77285,M,"48,5476700","2,6396600",77
202000037384,20,9,27,17:40,2,1,1,2,6,77031,M,"48,6843380","2,9385320",77
202000037385,20,10,15,19:41,5,2,1,2,3,95210,M,"48,9718000","2,3085000",95
202000037386,20,7,2,22:25,5,2,3,1,6,33080,M,"44,7520330"," -0,5337970",33
202000037387,20,7,2,22:30,3,2,1,1,7,49162,M,"47,2014530"," -0,9685460",49
202000037388,20,10,23,13:05,1,2,1,1,6,91216,M,"48,6758400","2,3339100",91
202000037389,20,7,3,12:15,1,2,1,1,6,60009,M,"49,4045440","2,1115960",60
202000037390,20,7,3,08:35,1,2,1,1,6,02701,M,"48,9751960","3,3059140",02
202000037391,20,12,8,00:30,5,1,1,8,6,77018,M,"48,8500990","2,8062670",77
202000037392,20,7,28,12:45,1,1,1,1,5,83123,M,"43,1293100","5,8168300",83
202000037393,20,9,26,17:00,1,1,1,2,3,78590,M,"48,6933680","1,9625190",78
202000037394,20,10,27,10:25,1,2,1,1,6,91421,M,"48,7038100","2,4611800",91
202000037395,20,7,2,17:25,1,1,2,1,1,62589,M,"50,3451463","2,6943074",62
202000037396,20,10,26,12:25,1,2,2,1,3,91027,M,"48,7160900","2,3712400",91
202000037397,20,10,24,18:20,1,1,1,1,-1,86158,M,"46,6320430","0,2923770",86
202000037398,20,10,27,08:40,1,2,9,7,6,83144,M,"43,1364900","5,9813100",83
202000037399,20,7,2,06:45,2,1,1,1,6,59010,M,"50,1590650","3,1234000",59
202000037400,20,10,14,12:15,1,2,1,1,3,83129,M,"43,0924600","5,8388100",83
202000037401,20,6,30,16:45,1,2,1,1,6,59285,M,"50,2572890","3,4144040",59
202000037402,20,12,7,18:50,5,2,1,1,5,77320,M,"48,8212200","3,0468400",77
202000037403,20,9,26,18:15,1,1,1,1,7,78601,M,"48,5798440","1,8315840",78
202000037404,20,7,29,17:30,1,1,1,1,3,69027,M,"45,6695800","4,7662200",69
202000037405,20,7,2,15:55,1,1,1,1,2,13106,M,"43,3953760","5,3506200",13
202000037406,20,7,25,08:15,1,1,1,1,2,69287,M,"45,6841800","5,0058700",69
202000037407,20,7,1,17:45,1,1,1,1,2,13001,M,"43,5078390","5,4122250",13
202000037408,20,9,28,15:40,1,1,1,2,5,26002,M,"45,2432890","4,8393060",26
202000037409,20,7,30,08:00,1,1,1,1,3,33249,M,"44,8803700"," -0,5106000",33
202000037410,20,7,1,23:30,5,2,1,1,3,69259,M,"45,7207925","4,8828363",69
202000037411,20,10,26,08:10,1,2,1,1,3,80021,M,"49,8907500","2,3065500",80
202000037412,20,9,27,15:05,1,1,8,2,6,88083,M,"48,3094020","5,7236840",88
202000037413,20,12,5,16:00,1,2,2,1,3,76540,M,"49,4427100","1,0845900",76
202000037414,20,7,30,15:25,1,1,1,1,3,91161,M,"48,7108000","2,3074000",91
202000037415,20,10,25,02:00,5,2,1,1,3,80021,M,"49,8888800","2,2989900",80
202000037416,20,12,7,08:45,2,2,2,1,6,76540,M,"49,4257600","1,0826300",76
202000037417,20,10,24,14:25,1,2,1,2,3,80021,M,"49,9269800","2,3050200",80
202000037418,20,9,28,18:20,1,1,1,3,1,38537,M,"45,6285010","5,1590410",38
202000037419,20,7,30,20:35,1,1,1,1,3,78206,M,"48,9535100","1,9400090",78
202000037420,20,12,3,14:58,1,2,1,1,7,73065,M,"45,5749200","5,9164400",73
202000037421,20,10,27,06:40,3,1,1,1,2,78007,M,"48,9019500","2,0057700",78
202000037422,20,7,1,08:45,1,1,1,1,6,67447,M,"48,6028000","7,7306900",67
202000037423,20,9,28,14:50,1,2,1,3,1,69010,M,"45,8289829","4,6094306",69
202000037424,20,7,2,07:45,1,1,1,1,7,33366,M,"44,9873500"," -0,4274800",33
202000037425,20,7,29,10:15,1,1,1,1,5,78322,M,"48,7872290","2,1485290",78
202000037426,20,7,2,20:40,1,1,1,1,7,91363,M,"48,6382000","2,2026000",91
202000037427,20,10,27,11:50,1,2,4,2,2,77186,M,"48,4078900","2,7038100",77
202000037428,20,8,2,21:00,2,2,2,1,3,33051,M,"44,6558700"," -0,9871500",33
202000037429,20,9,27,21:32,3,1,3,1,2,50445,M,"49,2299400"," -1,2560250",50
202000037430,20,9,25,15:00,1,2,2,1,3,14488,M,"49,2743826"," -0,2534217",14
202000037431,20,9,27,20:45,3,2,1,1,1,22090,M,"48,7719626"," -3,3700015",22
202000037432,20,9,26,22:50,5,1,1,1,6,13055,M,"43,2940690","5,4245350",13
202000037433,20,9,26,07:20,2,1,1,1,2,13005,M,"43,2977580","5,5611430",13
202000037434,20,9,21,16:00,1,1,1,1,3,13026,M,"43,3796200","5,1633600",13
202000037435,20,9,27,16:20,1,1,1,1,2,33550,M,"44,7840800"," -0,5901500",33
202000037436,20,9,27,17:05,1,1,1,8,6,92002,M,"48,7599773","2,2795987",92
202000037437,20,9,27,10:04,1,1,1,2,6,91174,M,"48,6276700","2,4742900",91
202000037438,20,9,27,13:55,1,1,1,2,7,91136,M,"48,7107400","2,2878500",91
202000037439,20,9,27,04:45,3,1,1,3,7,91179,M,"48,5568000","2,4947000",91
202000037440,20,9,26,20:15,3,1,1,2,2,91064,M,"48,7688000","2,2298000",91
202000037441,20,9,27,05:10,3,1,1,2,2,78206,M,"48,9471710","1,9473130",78
202000037442,20,9,27,18:07,1,1,1,1,2,93027,M,"48,9269300","2,4200100",93
202000037443,20,9,27,17:35,1,1,1,1,4,93066,M,"48,9148700","2,3579500",93
202000037444,20,9,27,14:30,1,1,1,1,6,92078,M,"48,9300400","2,3257000",92
202000037445,20,9,27,14:30,1,1,1,2,6,95256,M,"49,0468500","2,1843600",95
202000037446,20,9,27,13:50,1,1,1,2,6,95582,M,"48,9749700","2,2416900",95
202000037447,20,9,27,10:30,1,1,1,2,6,95572,M,"49,0331840","2,1094620",95
202000037448,20,9,27,10:00,1,1,1,2,6,93027,M,"48,9264869","2,4025770",93
202000037449,20,7,29,07:40,1,1,1,1,3,92036,M,"48,9318406","2,3020910",92
202000037450,20,12,4,20:00,5,2,3,2,1,68224,M,"47,7768392","7,3194217",68
202000037451,20,7,2,19:05,1,1,1,1,4,94034,M,"48,7600000","2,3210000",94
202000037452,20,9,27,10:10,1,1,1,3,6,92078,M,"48,9290700","2,3300500",92
202000037453,20,9,27,05:20,3,1,9,2,6,95572,M,"49,0346640","2,1139300",95
202000037454,20,7,30,21:30,1,1,1,1,3,92078,M,"48,9316200","2,3223800",92
202000037455,20,9,27,03:00,3,1,1,2,6,92036,M,"48,9384500","2,3133100",92
202000037456,20,7,2,09:30,1,1,1,1,2,92002,M,"48,7632690","2,3059569",92
202000037457,20,10,26,05:10,5,2,3,2,3,67482,M,"48,5921080","7,7440700",67
202000037458,20,7,1,20:05,1,1,1,1,7,91570,M,"48,6250800","2,3320300",91
202000037459,20,12,8,14:30,1,2,1,1,3,68224,M,"47,7403000","7,3204100",68
202000037460,20,12,7,15:20,1,2,9,1,2,66136,M,"42,6918500","2,8895800",66
202000037461,20,12,6,17:45,5,2,1,1,6,66136,M,"42,6963700","2,8801700",66
202000037462,20,12,6,11:20,1,2,1,1,3,66136,M,"42,6906900","2,9012300",66
202000037463,20,7,2,19:20,1,1,1,1,4,95582,M,"48,9760300","2,2373300",95
202000037464,20,9,26,18:15,1,1,1,1,1,93008,M,"48,9089275","2,4490592",93
202000037465,20,7,2,17:30,1,1,1,1,2,95018,M,"48,9620148","2,2672766",95
202000037466,20,9,26,04:25,3,1,1,1,4,95488,M,"49,0129500","2,1495300",95
202000037467,20,7,2,13:00,1,1,1,1,4,93066,M,"48,9193700","2,3575500",93
202000037468,20,9,26,19:30,2,1,1,8,7,77373,M,"48,7616060","2,6159100",77
202000037469,20,7,2,08:30,1,1,1,2,3,95582,M,"48,9685214","2,2516783",95
202000037470,20,9,26,13:40,1,1,1,1,2,94046,M,"48,8089200","2,4492200",94
202000037471,20,9,26,13:00,1,2,6,1,3,97411,R," -20,9016600","55,4802700",974
202000037472,20,10,24,16:00,1,2,1,7,6,67482,M,"48,5971374","7,7132139",67
202000037473,20,7,30,18:00,1,1,1,1,4,95572,M,"49,0340400","2,1116700",95
202000037474,20,12,8,15:00,1,2,6,1,3,64348,M,"43,3262000"," -0,3869100",64
202000037475,20,7,1,07:10,1,1,1,1,2,95491,M,"48,9980800","2,2466000",95
202000037476,20,9,25,23:45,3,2,1,1,1,97407,R," -20,9521300","55,3054500",974
202000037477,20,7,30,18:20,1,1,1,1,5,93066,M,"48,9225700","2,3519000",93
202000037478,20,7,30,16:00,1,1,1,1,3,93005,M,"48,9692500","2,4815400",93
202000037479,20,7,30,14:30,1,1,1,1,4,92036,M,"48,9386500","2,3105800",92
202000037480,20,7,30,08:15,1,1,1,1,3,93066,M,"48,9139000","2,3577400",93
202000037481,20,7,29,17:45,1,1,1,1,3,93006,M,"48,8662700","2,4156000",93
202000037482,20,7,30,19:20,1,1,1,1,2,77122,M,"48,6564300","2,6132700",77
202000037483,20,7,30,06:20,1,1,1,1,7,94015,M,"48,8294500","2,5283700",94
202000037484,20,11,30,04:25,5,2,1,1,6,64132,M,"43,2831800"," -0,3434000",64
202000037485,20,10,24,15:00,1,2,1,1,3,67118,M,"48,5823405","7,6922276",67
202000037486,20,7,29,19:30,1,1,1,1,-1,77363,M,"48,9297101","2,6282238",77
202000037487,20,10,26,14:30,1,2,4,1,3,67462,M,"48,2672090","7,4428600",67
202000037488,20,7,29,18:45,1,1,1,1,2,77363,M,"48,9302800","2,6281400",77
202000037489,20,10,26,18:52,1,2,1,1,3,63113,M,"45,7762300","3,0971100",63
202000037490,20,7,29,08:30,1,1,1,1,3,77055,M,"48,9007728","2,6528461",77
202000037491,20,10,23,14:36,1,2,2,1,3,63113,M,"45,7715546","3,0832401",63
202000037492,20,7,1,18:40,1,1,9,8,4,94028,M,"48,7833000","2,4667000",94
202000037493,20,9,26,21:00,5,2,1,1,1,69383,M,"45,7536400","4,8488800",69
202000037494,20,12,2,17:15,5,2,1,8,6,62200,M,"50,5112300","2,7381500",62
202000037495,20,7,29,08:10,1,1,1,1,3,94018,M,"48,8248600","2,3934400",94
202000037496,20,12,4,16:40,1,2,2,1,3,61001,M,"48,4272740","0,0930890",61
202000037497,20,12,4,15:50,1,2,6,7,3,61001,M,"48,4343200","0,0938000",61
202000037498,20,9,23,18:00,1,2,2,1,3,69389,M,"45,8018400","4,8385600",69
202000037499,20,7,1,18:00,1,1,1,2,3,94028,M,"48,7817400","2,4410800",94
202000037500,20,10,10,01:40,5,2,2,1,3,59386,M,"50,6658600","3,0640300",59
202000037501,20,10,23,20:20,5,2,3,1,3,59527,M,"50,6652000","3,0596800",59
202000037502,20,9,27,00:40,5,2,6,2,6,2A004,M,"41,9341257","8,7509635",2A
202000037503,20,10,24,19:50,5,2,2,1,5,54395,M,"48,7006420","6,1685264",54
202000037504,20,12,7,17:50,3,2,1,1,4,60057,M,"49,4147190","2,0889920",60
202000037505,20,2,17,18:55,5,2,3,2,6,28134,M,"48,7463000","1,3536900",28
202000037506,20,10,26,07:55,1,1,1,2,7,49099,M,"47,0337000"," -0,8643600",49
202000037507,20,12,7,17:20,5,2,1,1,6,59273,M,"51,0047200","2,1137400",59
202000037508,20,7,29,12:35,1,1,1,1,1,97411,R," -20,8964900","55,4039700",974
202000037509,20,10,19,17:56,1,2,1,1,2,49007,M,"47,4635200"," -0,5416900",49
202000037510,20,10,17,02:00,5,2,1,1,6,49007,M,"47,4693600"," -0,5604900",49
202000037511,20,7,29,21:20,1,2,2,1,3,69386,M,"45,7693000","4,8504000",69
202000037512,20,10,27,09:20,1,2,1,2,2,44184,M,"47,2747600"," -2,2300100",44
202000037513,20,7,1,16:45,1,1,1,2,2,94065,M,"48,7534000","2,3783000",94
202000037514,20,7,29,19:00,1,2,1,1,6,69386,M,"45,7724000","4,8426100",69
202000037515,20,12,7,08:35,5,2,6,2,2,56121,M,"47,7453800"," -3,3678900",56
202000037516,20,1,16,07:20,4,1,1,1,3,24102,M,"45,2124140","0,6464540",24
202000037517,20,7,29,14:30,1,2,2,1,-1,69259,M,"45,7035400","4,8797100",69
202000037518,20,10,27,07:00,3,2,1,3,2,44184,M,"47,2795800"," -2,2010100",44
202000037519,20,7,29,08:55,1,1,9,1,2,69259,M,"45,7197100","4,8803300",69
202000037520,20,7,2,01:15,3,1,1,2,6,97416,R," -21,3269700","55,4836000",974
202000037521,20,9,26,07:20,5,2,2,1,6,91589,M,"48,6807590","2,3426650",91
202000037522,20,11,29,14:20,1,2,1,1,1,54483,M,"48,6319100","6,3053800",54
202000037523,20,7,29,08:20,1,2,1,1,3,69386,M,"45,7697600","4,8547900",69
202000037524,20,10,27,09:00,1,2,3,1,3,44114,M,"47,2590811"," -1,5810217",44
202000037525,20,10,27,19:10,5,2,9,2,3,35051,M,"48,1115500"," -1,6208200",35
202000037526,20,10,23,10:10,1,2,1,1,2,34301,M,"43,4138370","3,6959280",34
202000037527,20,9,26,15:50,1,2,1,1,3,91570,M,"48,6337800","2,3096300",91
202000037528,20,7,29,21:45,5,2,2,1,3,69389,M,"45,7867200","4,7883000",69
202000037529,20,12,7,19:07,5,2,1,2,6,49007,M,"47,4476700"," -0,5625600",49
202000037530,20,7,29,18:00,1,2,1,1,2,69382,M,"45,7463000","4,8209000",69
202000037531,20,10,27,13:00,1,2,3,2,2,33119,M,"44,8465800"," -0,5366900",33
202000037532,20,10,26,09:10,1,1,1,2,6,31555,M,"43,6042700","1,4038200",31
202000037533,20,12,7,08:40,2,2,3,2,1,44184,M,"47,2840300"," -2,2014600",44
202000037534,20,7,1,15:10,1,2,2,1,3,97411,R," -20,8863800","55,4698100",974
202000037535,20,9,26,02:20,3,2,1,1,1,91691,M,"48,7070300","2,4968800",91
202000037536,20,7,30,00:20,5,1,3,1,2,2B033,M,"42,6600000","9,4434000",2B
202000037537,20,9,26,15:00,1,2,1,1,4,91479,M,"48,7161600","2,3708300",91
202000037538,20,7,29,16:52,1,2,1,1,3,2B033,M,"42,6737000","9,4428000",2B
202000037539,20,9,25,18:13,1,2,2,1,3,79191,M,"46,3140500"," -0,4499100",79
202000037540,20,12,8,10:05,1,2,1,1,3,44109,M,"47,2338100"," -1,5616100",44
202000037541,20,10,21,15:30,1,2,1,1,6,31557,M,"43,5873700","1,3549100",31
202000037542,20,10,27,23:34,5,2,1,1,7,29232,M,"47,9880347"," -4,1066001",29
202000037543,20,10,27,14:00,1,2,1,2,6,29232,M,"47,9935612"," -4,0972343",29
202000037544,20,10,26,12:50,1,2,6,2,6,29232,M,"48,0101700"," -4,0959000",29
202000037545,20,10,27,11:25,1,1,1,2,6,29232,M,"47,9841700"," -4,1127200",29
202000037546,20,10,15,16:40,1,2,1,1,6,29019,M,"48,4105800"," -4,4861100",29
202000037547,20,10,27,09:50,1,2,3,2,3,27299,M,"49,0498100","1,1642600",27
202000037548,20,11,4,18:50,5,2,1,1,6,44109,M,"47,2042908"," -1,5390741",44
202000037549,20,7,29,11:00,1,1,1,1,6,91216,M,"48,6715400","2,3049100",91
202000037550,20,12,5,10:45,1,2,1,3,6,40192,M,"43,8931800"," -0,4998600",40
202000037551,20,10,27,17:00,1,2,6,1,3,26198,M,"44,5416400","4,7498500",26
202000037552,20,7,26,09:20,1,2,2,1,3,91471,M,"48,6847900","2,1836100",91
202000037553,20,12,8,12:10,1,2,1,1,6,37208,M,"47,3650813","0,7167619",37
202000037554,20,7,29,09:35,1,2,3,1,6,91434,M,"48,6524620","2,3564120",91
202000037555,20,10,27,23:45,5,2,2,1,6,25056,M,"47,2608300","6,0420600",25
202000037556,20,6,30,12:20,1,1,4,1,3,97411,R," -20,8854800","55,4578600",974
202000037557,20,9,26,19:50,5,2,6,1,3,77337,M,"48,8518400","2,6211100",77
202000037558,20,12,7,14:10,1,2,3,1,3,37233,M,"47,3897844","0,7152674",37
202000037559,20,9,26,23:25,5,2,1,2,1,77305,M,"48,3973700","2,9664500",77
202000037560,20,9,25,09:30,1,1,1,2,4,76540,M,"49,4274300","1,1035900",76
202000037561,20,12,3,18:25,5,2,6,1,7,37122,M,"47,3390653","0,6531266",37
202000037562,20,7,29,14:35,1,2,9,1,2,91174,M,"48,6047000","2,4674400",91
202000037563,20,10,26,12:00,1,2,1,1,3,15014,M,"44,9152000","2,4403600",15
202000037564,20,12,4,17:45,5,2,4,1,7,37261,M,"47,3920178","0,6863895",37
202000037565,20,7,29,12:05,1,2,1,1,6,91174,M,"48,6080500","2,4489860",91
202000037566,20,10,27,22:50,1,1,1,2,3,14118,M,"49,1832500"," -0,3857100",14
202000037567,20,10,27,16:00,2,2,1,7,3,13215,M,"43,3470900","5,3684300",13
202000037568,20,7,29,16:00,1,2,1,1,2,91114,M,"48,7087200","2,5105600",91
202000037569,20,12,4,12:25,1,2,1,1,3,37208,M,"47,3683837","0,7195479",37
202000037570,20,9,25,07:47,1,2,3,2,3,74012,M,"46,1929500","6,2374300",74
202000037571,20,7,1,08:55,1,2,1,1,3,69387,M,"45,7309800","4,8241500",69
202000037572,20,10,27,13:05,1,2,1,1,2,13212,M,"43,2976643","5,4217261",13
202000037573,20,7,29,10:13,1,2,1,1,6,87085,M,"45,8809200","1,2947400",87
202000037574,20,9,25,17:30,1,2,1,1,2,72181,M,"47,9739000","0,2109000",72
202000037575,20,7,11,00:40,5,2,7,1,3,86066,M,"46,8177790","0,5425660",86
202000037576,20,6,29,16:30,1,2,1,1,2,97209,A,"14,6279500"," -61,0600800",972
202000037577,20,10,27,08:25,1,2,1,1,3,13210,M,"43,2850000","5,4250000",13
202000037578,20,9,25,06:30,5,2,3,1,3,72181,M,"47,9959000","0,2077700",72
202000037579,20,7,29,16:20,1,2,1,1,6,83069,M,"43,1218840","6,1290080",83
202000037580,20,6,30,14:10,1,2,1,1,6,69381,M,"45,7714804","4,8338021",69
202000037581,20,12,1,07:00,5,1,6,1,3,35241,M,"48,6153600"," -2,0575700",35
202000037582,20,6,21,20:10,5,2,1,1,6,97101,A,"16,2729200"," -61,5050600",971
202000037583,20,12,8,17:35,5,2,1,1,3,35238,M,"48,0972500"," -1,6577100",35
202000037584,20,12,8,11:05,1,2,1,1,6,35238,M,"48,1033700"," -1,6626000",35
202000037585,20,6,30,13:40,1,1,1,1,5,97120,A,"16,2531400"," -61,5462000",971
202000037586,20,12,8,08:25,1,2,1,2,1,35051,M,"48,1126619"," -1,6269985",35
202000037587,20,7,1,16:45,1,2,1,1,2,2A004,M,"41,9090703","8,7190614",2A
202000037588,20,11,30,11:45,1,2,1,1,3,34172,M,"43,6298000","3,8795000",34
202000037589,20,7,28,21:25,1,2,7,1,7,78361,M,"48,9968300","1,6764500",78
202000037590,20,9,27,01:35,3,1,1,3,7,71189,M,"46,7614985","4,8781031",71
202000037591,20,10,26,13:40,1,2,9,1,3,13213,M,"43,3141400","5,4061500",13
202000037592,20,11,4,16:00,1,2,1,1,3,34172,M,"43,6214050","3,8752400",34
202000037593,20,10,27,16:30,1,1,1,1,1,13047,M,"43,5248800","5,0083400",13
202000037594,20,10,27,11:55,1,2,9,1,6,13005,M,"43,2856700","5,5547000",13
202000037595,20,10,27,21:00,5,2,1,1,2,13001,M,"43,5252000","5,4443800",13
202000037596,20,10,26,13:20,1,2,1,1,5,13001,M,"43,4920820","5,3506260",13
202000037597,20,10,26,10:45,1,2,9,8,3,13001,M,"43,5244800","5,4156000",13
202000037598,20,10,24,14:40,1,2,1,1,7,12202,M,"44,3591600","2,5857400",12
202000037599,20,10,27,09:10,1,1,1,1,-1,07316,M,"44,9199000","4,8624000",07
202000037600,20,10,27,19:20,5,2,3,1,3,06088,M,"43,7025900","7,2625310",06
202000037601,20,10,27,14:15,1,1,1,1,7,06069,M,"43,6508500","6,9485800",06
202000037602,20,10,27,11:20,1,2,1,1,3,06069,M,"43,6442490","6,8990000",06
202000037603,20,10,23,11:50,1,1,1,2,3,06123,M,"43,6997150","7,1759270",06
202000037604,20,9,26,00:25,5,2,6,2,2,69266,M,"45,7848200","4,8642100",69
202000037605,20,7,1,15:35,1,2,4,2,2,91377,M,"48,7247000","2,2553000",91
202000037606,20,10,26,12:17,1,2,3,8,3,05061,M,"44,5462400","6,0638700",05
202000037607,20,10,27,12:00,1,2,3,2,7,75119,M,"48,8970040","2,3924160",75
202000037608,20,12,8,16:35,1,2,6,1,3,33318,M,"44,7947000"," -0,6822500",33
202000037609,20,7,28,14:15,1,2,2,1,3,76540,M,"49,4505500","1,0986900",76
202000037610,20,6,30,08:52,1,2,1,1,2,87085,M,"45,8283400","1,2615600",87
202000037611,20,9,25,12:50,1,2,1,3,2,64102,M,"43,5074200"," -1,4449300",64
202000037612,20,9,27,23:40,5,2,3,2,3,59328,M,"50,6452100","3,0379900",59
202000037613,20,7,29,18:36,1,2,3,1,3,74119,M,"46,3977000","6,5740000",74
202000037614,20,9,26,16:50,1,1,1,2,7,54375,M,"48,8993100","5,9933100",54
202000037615,20,10,27,20:35,5,2,7,2,6,75118,M,"48,8902310","2,3599210",75
202000037616,20,7,9,19:15,1,2,1,1,1,65417,M,"43,2297000","0,0928000",65
202000037617,20,9,26,15:44,1,2,1,1,2,54184,M,"48,7116500","6,2391100",54
202000037618,20,12,8,14:25,1,2,3,1,3,33063,M,"44,8143400"," -0,5705900",33
202000037619,20,7,1,19:44,1,2,1,7,3,83137,M,"43,1270440","5,9211870",83
202000037620,20,10,27,14:00,1,2,3,2,3,75118,M,"48,8871710","2,3495740",75
202000037621,20,9,26,14:00,1,2,2,1,3,45208,M,"48,0013600","2,7243500",45
202000037622,20,7,29,17:20,1,2,1,1,2,64483,M,"43,3890600"," -1,6498200",64
202000037623,20,9,26,17:00,1,2,2,1,3,35051,M,"48,1271500"," -1,6288400",35
202000037624,20,7,1,12:40,1,2,1,1,6,83137,M,"43,1276700","5,8996000",83
202000037625,20,12,8,08:00,1,2,2,1,3,33281,M,"44,8463900"," -0,6350900",33
202000037626,20,9,27,02:45,5,2,1,1,2,33063,M,"44,8403000"," -0,5557900",33
202000037627,20,10,27,08:45,1,2,3,1,3,75118,M,"48,8938230","2,3350750",75
202000037628,20,9,23,08:26,1,2,6,1,3,29019,M,"48,4007433"," -4,4997479",29
202000037629,20,11,30,01:15,5,2,1,1,3,31555,M,"43,6261700","1,4371100",31
202000037630,20,10,27,09:00,1,2,4,1,6,75117,M,"48,8912530","2,3190890",75
202000037631,20,7,29,21:15,1,1,1,1,6,64102,M,"43,5019200"," -1,4538800",64
202000037632,20,6,30,19:10,1,2,1,1,2,83129,M,"43,1162760","5,8100800",83
202000037633,20,12,7,22:40,5,2,1,1,3,30189,M,"43,8262200","4,3323700",30
202000037634,20,12,3,17:45,5,2,2,1,6,27681,M,"49,0810800","1,4957200",27
202000037635,20,6,30,12:45,1,2,6,1,2,79081,M,"46,3456500"," -0,3994900",79