Num_Acc,an,mois,jour,hrmn,lum,agg,int,atm,col,com,gps,lat,long,dep
202000037636,20,7,29,15:15,1,2,3,1,1,64024,M,"43,5032900"," -1,5096900",64
202000037637,20,9,26,18:30,1,2,1,8,6,14118,M,"49,1808300"," -0,3605300",14
202000037638,20,12,8,07:30,2,2,1,2,6,26281,M,"45,0476300","5,0548400",26
202000037639,20,12,7,07:55,2,2,3,1,3,19031,M,"45,1676700","1,5314900",19
202000037640,20,12,8,10:40,1,2,1,1,3,17306,M,"45,6325400"," -0,9920300",17
202000037641,20,12,8,19:50,5,2,2,1,3,17028,M,"46,1415190"," -1,1214700",17
202000037642,20,12,8,18:00,5,2,1,8,3,14118,M,"49,1823400"," -0,3789600",14
202000037643,20,7,1,19:55,1,2,1,1,3,78586,M,"48,9377000","2,1964100",78
202000037644,20,12,8,21:00,5,2,6,1,3,13213,M,"43,3391600","5,4204100",13
202000037645,20,12,8,20:08,5,2,1,1,7,13209,M,"43,2492200","5,4056300",13
202000037646,20,7,1,12:48,1,1,1,2,1,76484,M,"49,3453200","1,0753600",76
202000037647,20,6,30,14:23,1,2,1,1,7,76552,M,"49,5158000","0,0856000",76
202000037648,20,12,8,09:45,1,2,1,1,3,13208,M,"43,2759690","5,3841580",13
202000037649,20,10,26,13:15,1,2,3,1,4,75116,M,"48,8534560","2,2264190",75
202000037650,20,7,1,20:55,2,2,2,8,3,69266,M,"45,7616273","4,8820110",69
202000037651,20,7,29,13:40,1,2,2,1,3,64140,M,"43,5159000"," -1,4853000",64
202000037652,20,10,27,20:50,5,2,1,2,7,75114,M,"48,8357380","2,3338860",75
202000037653,20,11,25,16:30,1,2,9,1,-1,13209,M,"43,2598080","5,3940780",13
202000037654,20,12,7,21:19,5,2,2,2,1,13206,M,"43,2900000","5,3750000",13
202000037655,20,6,18,15:30,1,2,2,1,3,69256,M,"45,7678700","4,9366500",69
202000037656,20,12,7,17:30,5,2,1,2,3,13208,M,"43,2462828","5,3880362",13
202000037657,20,6,30,17:40,1,2,3,1,3,69290,M,"45,6915623","4,9681789",69
202000037658,20,12,7,17:10,5,2,1,2,3,13209,M,"43,2513000","5,4033000",13
202000037659,20,11,29,14:45,1,2,1,1,2,13005,M,"43,2820324","5,5728069",13
202000037660,20,12,8,11:10,1,2,3,3,3,09225,M,"43,1171000","1,6136000",09
202000037661,20,12,8,08:40,1,2,1,8,2,07102,M,"44,9357000","4,8837000",07
202000037662,20,9,26,22:45,5,2,2,1,3,13215,M,"43,3603300","5,3638500",13
202000037663,20,12,8,19:16,5,2,2,1,3,06088,M,"43,6753100","7,2271500",06
202000037664,20,9,25,14:40,1,2,2,1,3,13214,M,"43,3484240","5,3764690",13
202000037665,20,12,8,19:50,3,1,1,1,7,06069,M,"43,6218740","6,9251890",06
202000037666,20,6,30,17:20,1,2,1,1,4,69092,M,"46,0082100","4,7185100",69
202000037667,20,12,2,16:55,2,2,3,1,6,02691,M,"49,8598700","3,2939000",02
202000037668,20,10,27,11:00,1,2,2,2,6,75114,M,"48,8317630","2,3219840",75
202000037669,20,9,26,19:02,1,2,1,1,3,10333,M,"48,2893600","4,0644300",10
202000037670,20,7,29,12:30,1,2,2,1,3,64102,M,"43,4914000"," -1,4694000",64
202000037671,20,6,30,16:50,1,2,6,1,3,64129,M,"43,2997800"," -0,3989100",64
202000037672,20,11,17,18:10,5,2,3,1,3,02691,M,"49,8473500","3,2685900",02
202000037673,20,10,27,20:05,5,2,7,2,6,75113,M,"48,8309560","2,3555790",75
202000037674,20,7,1,19:19,1,2,1,1,7,64024,M,"43,4943900"," -1,5280300",64
202000037675,20,12,8,19:00,3,2,4,1,3,75120,M,"48,8648350","2,4137150",75
202000037676,20,7,1,17:10,1,2,1,1,3,64102,M,"43,4952100"," -1,4698100",64
202000037677,20,7,29,18:30,1,2,3,1,3,62193,M,"50,9627100","1,8421000",62
202000037678,20,9,26,12:17,1,2,3,1,3,10325,M,"48,2626000","4,0655000",10
202000037679,20,12,8,08:50,1,2,1,1,3,75116,M,"48,8721120","2,2738190",75
202000037680,20,6,27,20:00,1,2,1,1,7,62193,M,"50,9549600","1,8955370",62
202000037681,20,10,27,16:45,1,2,1,8,6,75113,M,"48,8247270","2,3759120",75
202000037682,20,7,27,14:40,1,2,1,1,-1,62764,M,"50,3057910","2,7875570",62
202000037683,20,9,25,22:55,5,2,1,1,6,07186,M,"44,7340650","4,5961820",07
202000037684,20,12,7,18:15,5,2,1,1,3,75114,M,"48,8216480","2,3178870",75
202000037685,20,7,1,20:25,1,2,1,1,3,59183,M,"51,0080478","2,3321786",59
202000037686,20,7,29,08:15,1,2,1,1,3,59193,M,"50,5847115","3,0122334",59
202000037687,20,12,7,15:00,1,2,2,8,6,75117,M,"48,8800010","2,2883690",75
202000037688,20,9,25,23:45,5,2,2,1,1,06088,M,"43,7101700","7,2619500",06
202000037689,20,7,27,16:30,1,2,1,1,4,59178,M,"50,3714900","3,0986500",59
202000037690,20,6,30,08:15,1,2,1,2,2,55545,M,"49,1677300","5,3945800",55
202000037691,20,9,26,10:30,1,2,2,1,3,01053,M,"46,2036000","5,2426000",01
202000037692,20,12,8,17:13,5,2,2,1,6,75120,M,"48,8514860","2,4062850",75
202000037693,20,7,23,20:30,2,2,1,1,3,58194,M,"46,9882000","3,1651000",58
202000037694,20,10,27,10:30,1,2,3,1,3,75113,M,"48,8388710","2,3609910",75
202000037695,20,9,26,08:00,1,2,6,8,2,01451,M,"46,2274000","5,2193000",01
202000037696,20,12,8,14:30,1,2,7,1,3,75116,M,"48,8737200","2,2941000",75
202000037697,20,7,27,16:45,1,2,1,1,6,56098,M,"47,7686700"," -3,3449700",56
202000037698,20,7,1,23:07,5,2,1,1,7,54547,M,"48,6650183","6,1886877",54
202000037699,20,9,26,12:00,1,2,1,1,2,75120,M,"48,8617120","2,4136970",75
202000037700,20,7,28,20:51,1,2,3,1,3,51454,M,"49,2492094","4,0166193",51
202000037701,20,9,25,18:45,2,2,1,1,3,75117,M,"48,8993110","2,3183800",75
202000037702,20,10,27,11:35,1,2,1,2,6,75111,M,"48,8531550","2,3895900",75
202000037703,20,7,28,15:48,1,2,1,1,3,49353,M,"47,4504100"," -0,4896700",49
202000037704,20,12,7,22:05,5,2,2,1,3,75115,M,"48,8489750","2,2978250",75
202000037705,20,6,30,09:50,1,2,1,1,3,54382,M,"49,5484000","5,8095000",54
202000037706,20,7,29,01:35,3,1,1,1,6,47323,M,"44,4060520","0,7566300",47
202000037707,20,6,30,21:09,1,2,1,1,6,54483,M,"48,6357400","6,2875900",54
202000037708,20,9,25,10:50,1,2,4,1,5,75117,M,"48,8901070","2,2978960",75
202000037709,20,12,8,16:05,1,2,2,1,6,75113,M,"48,8261090","2,3440530",75
202000037710,20,10,27,12:00,1,2,1,2,3,75110,M,"48,8690970","2,3683420",75
202000037711,20,7,29,11:20,1,1,1,1,4,45284,M,"47,9247100","1,9775500",45
202000037712,20,12,8,17:40,5,2,1,1,6,75111,M,"48,8650340","2,3757770",75
202000037713,20,9,26,20:00,5,2,1,1,6,75112,M,"48,8344180","2,4010120",75
202000037714,20,6,26,08:30,1,2,1,1,4,49267,M,"47,4715935"," -0,4557746",49
202000037715,20,7,1,08:45,1,2,1,1,3,45302,M,"47,9501000","1,9034000",45
202000037716,20,9,26,06:13,5,2,1,1,6,75116,M,"48,8616900","2,2931290",75
202000037717,20,7,29,14:30,5,2,6,1,2,44162,M,"47,2249030"," -1,6222630",44
202000037718,20,7,1,07:20,1,2,1,1,3,45208,M,"48,0003717","2,7280067",45
202000037719,20,12,7,15:57,1,2,3,1,5,75107,M,"48,8610910","2,3241520",75
202000037720,20,10,27,14:10,1,2,5,2,6,75109,M,"48,8730590","2,3282970",75
202000037721,20,9,25,18:50,2,2,5,1,3,75118,M,"48,8917140","2,3487390",75
202000037722,20,9,25,04:02,5,2,2,2,3,75112,M,"48,8349560","2,4198210",75
202000037723,20,6,30,21:00,2,2,4,1,4,45208,M,"48,0062401","2,7391464",45
202000037724,20,9,26,13:50,1,2,1,1,2,75117,M,"48,8893710","2,2960980",75
202000037725,20,7,1,19:55,1,2,2,1,1,35238,M,"48,1296000"," -1,6430100",35
202000037726,20,9,26,20:45,5,2,2,2,3,75116,M,"48,8629970","2,2726240",75
202000037727,20,10,27,12:20,1,2,1,2,6,75109,M,"48,8780420","2,3289120",75
202000037728,20,7,1,13:00,1,2,1,1,2,35238,M,"48,1135300"," -1,6877300",35
202000037729,20,12,8,16:30,1,2,3,1,1,75104,M,"48,8547870","2,3624410",75
202000037730,20,9,26,20:55,5,2,2,2,3,75116,M,"48,8514710","2,2782470",75
202000037731,20,10,26,15:13,1,2,7,1,3,75108,M,"48,8658430","2,3198850",75
202000037732,20,6,30,12:15,1,2,3,1,3,33281,M,"44,8393400"," -0,6307100",33
202000037733,20,9,26,14:15,1,2,1,1,2,75116,M,"48,8499160","2,2775910",75
202000037734,20,12,7,12:50,1,2,2,1,3,94068,M,"48,8060000","2,5090000",94
202000037735,20,12,3,20:40,5,2,1,2,6,94068,M,"48,7869330","2,4952350",94
202000037736,20,6,30,16:35,1,2,3,1,3,33529,M,"44,6293200"," -1,1415100",33
202000037737,20,9,26,21:15,5,2,2,2,3,75115,M,"48,8451450","2,3110980",75
202000037738,20,12,8,08:30,1,2,9,1,3,94076,M,"48,8057300","2,3637000",94
202000037739,20,10,26,12:45,1,2,2,1,3,75107,M,"48,8516420","2,3125340",75
202000037740,20,10,27,13:10,1,2,3,2,6,75104,M,"48,8553250","2,3527550",75
202000037741,20,9,26,11:15,1,2,1,1,7,75110,M,"48,8693880","2,3622400",75
202000037742,20,12,8,16:30,1,2,1,1,1,94077,M,"48,7312230","2,4383490",94
202000037743,20,10,27,18:50,5,2,1,2,6,94058,M,"48,8354100","2,4961680",94
202000037744,20,6,30,20:15,1,2,2,1,3,33529,M,"44,6333100"," -1,2001900",33
202000037745,20,12,8,00:00,5,2,9,1,1,94004,M,"48,7689000","2,5195000",94
202000037746,20,10,27,20:40,5,2,1,2,2,94046,M,"48,8043520","2,4375870",94
202000037747,20,9,26,19:40,2,2,2,2,3,75108,M,"48,8724930","2,2962110",75
202000037748,20,12,8,07:55,5,2,9,1,6,94071,M,"48,7689000","2,5195000",94
202000037749,20,10,27,17:20,5,2,4,2,3,94003,M,"48,8039090","2,3424260",94
202000037750,20,7,1,11:55,1,2,1,1,3,31555,M,"43,6599200","1,4223000",31
202000037751,20,12,7,20:00,5,2,1,1,3,93066,M,"48,9294000","2,3511200",93
202000037752,20,9,26,00:55,5,2,7,1,6,75108,M,"48,8693320","2,3247110",75
202000037753,20,10,27,11:40,1,2,1,8,6,94043,M,"48,8127200","2,3617400",94
202000037754,20,11,17,17:08,2,2,1,8,1,93064,M,"48,8848104","2,4893256",93
202000037755,20,9,25,15:00,1,2,3,2,7,75102,M,"48,8712820","2,3359610",75
202000037756,20,12,8,13:39,1,2,6,1,7,93048,M,"48,8650976","2,4432832",93
202000037757,20,6,29,18:35,1,2,6,1,3,30189,M,"43,8275900","4,3745800",30
202000037758,20,10,27,07:00,5,2,1,1,-1,94073,M,"48,7603100","2,3997200",94
202000037759,20,12,8,08:10,2,2,1,1,6,93031,M,"48,9477284","2,3323739",93
202000037760,20,9,25,10:00,1,2,4,2,7,75102,M,"48,8719970","2,3399310",75
202000037761,20,10,26,10:30,1,2,1,1,6,94028,M,"48,7856100","2,4653800",94
202000037762,20,12,8,12:50,1,2,1,1,6,93027,M,"48,9269670","2,3929852",93
202000037763,20,9,26,21:05,5,2,2,2,3,94081,M,"48,8010000","2,4020000",94
202000037764,20,10,27,18:18,3,2,1,2,3,94017,M,"48,8131400","2,5126000",94
202000037765,20,12,8,07:25,5,2,6,1,2,93027,M,"48,9322700","2,3994100",93
202000037766,20,9,26,16:40,1,2,1,1,2,94078,M,"48,7535600","2,4509300",94
202000037767,20,7,1,08:15,1,2,3,1,5,25204,M,"46,9293700","6,3556500",25
202000037768,20,12,8,08:05,2,2,1,8,6,93005,M,"48,9394448","2,4947927",93
202000037769,20,10,27,13:35,1,2,1,2,3,93027,M,"48,9244900","2,4023100",93
202000037770,20,9,26,16:30,1,2,3,1,6,94041,M,"48,8160000","2,3771400",94
202000037771,20,7,1,08:55,1,2,1,1,2,17300,M,"46,1651800"," -1,1367700",17
202000037772,20,10,27,10:40,1,2,9,2,3,93064,M,"48,8763688","2,4807535",93
202000037773,20,12,8,15:15,1,2,1,1,3,92022,M,"48,8177940","2,1966581",92
202000037774,20,9,26,14:20,1,2,1,1,1,94028,M,"48,7846900","2,4377400",94
202000037775,20,7,1,14:10,1,2,2,1,3,14220,M,"49,3589100","0,0782749",14
202000037776,20,12,8,17:55,5,2,1,1,4,92062,M,"48,8818500","2,2469400",92
202000037777,20,9,26,15:22,1,2,1,1,2,93077,M,"48,8826427","2,5173456",93
202000037778,20,10,27,17:00,1,2,2,2,3,93048,M,"48,8549620","2,4429558",93
202000037779,20,10,26,10:10,1,2,1,1,2,93061,M,"48,8855460","2,4028540",93
202000037780,20,9,26,00:00,5,2,1,8,1,93051,M,"48,8338500","2,5609400",93
202000037781,20,12,4,18:55,5,2,3,1,3,92036,M,"48,9329330","2,3128680",92
202000037782,20,10,27,19:20,5,2,3,2,6,92046,M,"48,8166160","2,2925040",92
202000037783,20,12,5,02:50,5,2,6,1,7,92024,M,"48,9106435","2,3125872",92
202000037784,20,6,29,17:50,1,2,3,1,3,13102,M,"43,4189000","5,2439700",13
202000037785,20,9,26,20:35,3,2,2,1,3,93006,M,"48,8710910","2,4310865",93
202000037786,20,12,7,15:07,1,2,1,1,6,92071,M,"48,7800200","2,3022300",92
202000037787,20,9,26,08:05,1,2,1,1,2,93014,M,"48,9116033","2,5498948",93
202000037788,20,12,7,15:20,1,2,1,1,6,92071,M,"48,7752024","2,3054911",92
202000037789,20,10,27,13:57,1,2,9,2,3,92062,M,"48,8866102","2,2455161",92
202000037790,20,6,30,15:25,1,1,1,1,3,13019,M,"43,4736600","5,3550900",13
202000037791,20,12,8,07:40,2,2,1,1,6,92004,M,"48,9245259","2,2841471",92
202000037792,20,7,1,22:40,5,2,2,1,3,13204,M,"43,2998511","5,4009303",13
202000037793,20,9,26,09:25,1,2,2,1,3,93010,M,"48,9070129","2,4886930",93
202000037794,20,12,8,11:15,1,2,2,1,6,92002,M,"48,7530871","2,3067230",92
202000037795,20,10,27,21:00,5,2,2,2,3,92020,M,"48,8024272","2,2863370",92
202000037796,20,12,8,13:30,1,2,2,1,6,97415,R," -21,0089760","55,2707680",974
202000037797,20,6,26,19:00,2,2,1,8,3,93001,M,"48,9153706","2,4046429",93
202000037798,20,7,1,16:45,1,2,1,1,3,13209,M,"43,2634020","5,4045040",13
202000037799,20,9,26,10:05,1,2,1,1,3,92004,M,"48,9145600","2,2832000",92
202000037800,20,10,27,15:00,1,2,1,2,6,92048,M,"48,7874965","2,2337437",92
202000037801,20,9,27,13:30,1,1,1,2,1,63307,M,"45,7127200","3,0731680",63
202000037802,20,10,27,18:50,5,2,2,2,3,92040,M,"48,8173462","2,2737506",92
202000037803,20,12,7,16:00,1,1,1,2,5,33225,M,"44,5612580"," -0,3789850",33
202000037804,20,7,1,07:50,1,2,1,1,6,13215,M,"43,3338880","5,3582540",13
202000037805,20,9,27,18:45,1,1,1,8,1,37148,M,"46,9586618","0,4790769",37
202000037806,20,10,27,18:30,5,2,1,2,6,92040,M,"48,8283807","2,2797757",92
202000037807,20,10,27,19:00,5,2,1,2,5,92024,M,"48,9080200","2,2989300",92
202000037808,20,9,27,16:35,1,1,1,2,1,81052,M,"43,9163200","2,2365330",81
202000037809,20,12,7,06:20,2,2,1,1,7,97422,R," -21,2480930","55,5195280",974
202000037810,20,12,9,04:48,3,1,1,1,7,67102,M,"48,6451030","7,5805230",67
202000037811,20,9,26,12:35,1,1,1,1,7,28018,M,"48,2042390","0,9114630",28
202000037812,20,6,30,08:45,1,2,2,1,3,13206,M,"43,2841000","5,3848000",13
202000037813,20,10,27,19:30,3,2,1,2,6,92023,M,"48,7914600","2,2630200",92
202000037814,20,10,27,15:30,1,1,1,2,6,49244,M,"47,3565090"," -0,9613630",49
202000037815,20,7,1,08:50,1,1,2,1,3,13001,M,"43,4932190","5,3713580",13
202000037816,20,10,28,18:10,5,2,1,1,3,08362,M,"49,5068750","4,3651450",08
202000037817,20,12,6,22:46,5,2,1,1,2,67220,M,"48,7357080","7,5228290",67
202000037818,20,9,27,12:10,1,1,1,1,1,83148,M,"43,4276040","6,4135410",83
202000037819,20,6,29,09:25,1,2,1,8,6,12202,M,"44,3608900","2,5605200",12
202000037820,20,9,26,20:15,3,1,1,2,2,01419,M,"46,2376100","6,0051440",01
202000037821,20,9,27,11:10,1,1,9,6,6,76126,M,"49,6774180","1,3388510",76
202000037822,20,12,8,14:56,1,1,1,1,6,87148,M,"45,7247870","1,3464690",87
202000037823,20,7,1,10:10,1,2,6,1,2,07102,M,"44,9160000","4,8571000",07
202000037824,20,10,27,20:20,5,2,3,1,6,26231,M,"45,0920800","5,0480460",26
202000037825,20,12,9,13:11,1,1,1,1,1,74005,M,"46,3162280","6,4414640",74
202000037826,20,9,26,04:57,3,1,1,1,6,36101,M,"46,6935190","1,5840050",36
202000037827,20,6,15,09:00,1,2,6,1,7,06083,M,"43,7892000","7,4926000",06
202000037828,20,10,28,07:05,2,1,1,1,2,28403,M,"48,3790720","1,4943770",28
202000037829,20,10,27,11:00,1,2,1,1,6,74010,M,"45,9098720","6,1489000",74
202000037830,20,12,8,17:45,3,1,1,1,1,41123,M,"47,8295290","1,4157240",41
202000037831,20,12,6,16:20,1,1,1,1,1,83026,M,"43,4211340","6,1979200",83
202000037832,20,10,28,12:50,1,2,1,1,7,2B096,M,"42,3127310","9,1508870",2B
202000037833,20,12,8,18:15,3,1,1,1,3,33363,M,"44,7698576"," -0,4307680",33
202000037834,20,7,2,01:15,5,1,1,1,7,06069,M,"43,6651290","6,8931130",06
202000037835,20,10,28,09:35,1,1,1,1,7,2B207,M,"42,4465780","9,4773820",2B
202000037836,20,12,7,10:30,1,1,6,1,3,61342,M,"48,7478560","0,5947420",61
202000037837,20,10,28,09:30,1,1,1,5,6,82155,M,"44,1571000","1,7191000",82
202000037838,20,12,8,15:56,1,1,1,1,1,86076,M,"46,6328730","0,2354350",86
202000037839,20,10,27,13:10,1,2,1,1,1,11258,M,"43,2268340","2,9395940",11
202000037840,20,7,1,09:00,1,2,3,7,5,06004,M,"43,5808300","7,0980500",06
202000037841,20,12,1,18:10,3,1,1,1,7,22387,M,"48,6046660"," -3,4635550",22
202000037842,20,9,26,11:15,1,1,9,1,6,41020,M,"47,8244860","0,7563710",41
202000037843,20,10,27,15:45,1,1,1,2,1,63407,M,"45,6088089","2,8253853",63
202000037844,20,6,30,17:55,1,2,2,1,2,75106,M,"48,8560630","2,3404750",75
202000037845,20,9,26,20:00,3,1,1,2,6,59622,M,"50,2203920","3,3933970",59
202000037846,20,10,27,20:15,3,1,1,3,1,49267,M,"47,4867630"," -0,4828570",49
202000037847,20,7,1,10:00,1,2,1,1,-1,75119,M,"48,8838700","2,3743830",75
202000037848,20,9,26,19:35,2,1,2,2,3,77416,M,"48,6154630","3,1028060",77
202000037849,20,7,1,16:30,1,2,2,2,2,75118,M,"48,8961280","2,3381300",75
202000037850,20,10,27,21:10,3,1,3,8,3,22046,M,"48,2595630"," -2,5261100",22
202000037851,20,7,1,14:00,1,2,3,2,6,75117,M,"48,8782980","2,2957000",75
202000037852,20,10,27,18:30,3,1,1,2,7,02057,M,"49,9979740","3,3446070",02
202000037853,20,9,27,18:05,1,1,1,3,1,63179,M,"45,6118283","3,7198123",63
202000037854,20,7,1,09:35,1,2,3,1,2,75117,M,"48,8835300","2,3268610",75
202000037855,20,8,5,17:50,1,2,2,1,3,61168,M,"48,5890740"," -0,3657510",61
202000037856,20,7,1,16:10,1,2,1,2,2,75116,M,"48,8635570","2,2975630",75
202000037857,20,10,27,16:30,1,2,9,1,6,54135,M,"48,5305063","5,8954632",54
202000037858,20,6,30,15:40,1,2,3,1,3,75114,M,"48,8298370","2,3211760",75
202000037859,20,10,27,10:15,1,1,1,2,1,24520,M,"44,9189600","1,2052560",24
202000037860,20,9,26,17:45,2,1,2,3,5,47252,M,"44,3883710","0,5890130",47
202000037861,20,6,30,00:20,5,2,1,1,-1,75114,M,"48,8325240","2,3329330",75
202000037862,20,10,28,06:45,1,2,1,1,7,04121,M,"44,0294130","6,1726960",04
202000037863,20,10,27,18:00,3,1,2,1,3,04110,M,"44,0364590","6,1114190",04
202000037864,20,7,1,11:15,1,2,3,1,6,75111,M,"48,8624040","2,3737020",75
202000037865,20,9,27,03:20,3,1,1,2,7,39530,M,"46,2694580","5,5379350",39
202000037866,20,7,1,19:35,1,2,2,1,2,75109,M,"48,8722550","2,3382980",75
202000037867,20,10,27,14:25,1,1,2,2,3,85156,M,"46,5048730"," -1,4270530",85
202000037868,20,9,26,22:30,3,1,1,2,1,25157,M,"46,8232190","6,3704820",25
202000037869,20,10,27,11:35,1,2,1,3,6,85004,M,"46,4080500"," -1,4037800",85
202000037870,20,10,27,20:50,3,1,1,1,6,85128,M,"46,4815100"," -1,1834200",85
202000037871,20,9,27,14:30,1,1,1,1,1,29073,M,"48,6804496"," -3,7082629",29
202000037872,20,10,23,20:55,3,1,1,2,6,04112,M,"43,8068760","5,8167670",04
202000037873,20,7,1,11:40,1,2,3,1,3,75117,M,"48,8938010","2,3146070",75
202000037874,20,9,27,09:38,1,1,1,1,6,29126,M,"48,5569243"," -4,4014374",29
202000037875,20,10,28,01:00,3,1,1,2,6,65127,M,"43,1015230","0,3402330",65
202000037876,20,6,30,16:55,1,2,7,1,3,75108,M,"48,8735360","2,2958430",75
202000037877,20,7,1,18:45,1,2,5,2,7,75107,M,"48,8623960","2,3198280",75
202000037878,20,10,28,17:38,2,1,1,2,2,01007,M,"45,9982730","5,3128770",01
202000037879,20,10,27,15:30,1,2,1,1,1,98729,P," -17,5421280"," -149,8953260",987
202000037880,20,9,27,15:10,1,1,1,3,5,03080,M,"46,1048769","3,2714946",03
202000037881,20,7,1,21:50,1,2,2,1,3,75101,M,"48,8601010","2,3333380",75
202000037882,20,10,26,08:40,1,1,2,1,3,45315,M,"47,7624140","2,3337260",45
202000037883,20,6,30,19:37,1,2,3,1,2,75103,M,"48,8619850","2,3501890",75
202000037884,20,9,26,13:20,1,1,1,3,6,15127,M,"45,2256810","3,1226120",15
202000037885,20,10,28,13:30,1,1,1,1,3,77190,M,"48,5223180","2,9720160",77
202000037886,20,7,1,19:45,1,2,6,1,2,93051,M,"48,8412000","2,5597000",93
202000037887,20,9,27,19:45,3,1,1,3,6,01266,M,"46,3317360","5,1033210",01
202000037888,20,10,11,20:00,3,1,1,1,1,84004,M,"44,1029260","5,0526700",84
202000037889,20,9,27,09:15,1,1,1,1,6,50403,M,"49,1578040"," -1,5677080",50
202000037890,20,7,1,18:45,1,2,1,2,3,93031,M,"48,9542578","2,3349334",93
202000037891,20,10,27,16:30,1,1,1,1,1,83107,M,"43,4618830","6,6557930",83
202000037892,20,7,1,19:40,1,2,4,1,1,93001,M,"48,9079428","2,3879353",93
202000037893,20,10,27,18:40,5,2,6,1,3,13081,M,"43,4918330","5,2297440",13
202000037894,20,9,26,23:25,3,1,1,1,6,43051,M,"45,0803235","4,3218098",43
202000037895,20,6,26,15:10,1,2,1,1,6,92063,M,"48,8622479","2,1956002",92
202000037896,20,10,27,11:00,1,2,1,1,6,13031,M,"43,3742860","5,6068900",13
202000037897,20,9,26,15:10,1,1,2,1,3,36232,M,"46,8002360","1,3960900",36
202000037898,20,7,1,09:56,1,2,1,1,6,92040,M,"48,8234000","2,2731800",92
202000037899,20,9,26,18:50,2,1,1,4,1,07142,M,"44,7656580","3,9141580",07
202000037900,20,10,27,17:10,1,1,3,1,1,26235,M,"44,3678270","4,6623230",26
202000037901,20,6,30,18:20,1,2,2,1,3,92078,M,"48,9249550","2,3253700",92
202000037902,20,9,25,19:00,1,1,1,1,3,07199,M,"44,4847070","4,2420880",07
202000037903,20,10,25,16:45,1,2,6,2,6,64430,M,"43,4898873"," -0,7697779",64
202000037904,20,7,1,09:30,1,2,1,1,1,92035,M,"48,9065900","2,2469300",92
202000037905,20,9,27,02:30,3,1,1,1,6,85190,M,"46,9159540"," -1,4964580",85
202000037906,20,8,23,01:05,3,1,1,1,6,60138,M,"49,2154110","2,6022360",60
202000037907,20,9,27,15:15,1,1,1,1,6,85175,M,"46,5877000"," -1,1898500",85
202000037908,20,10,27,20:30,3,1,1,1,2,13071,M,"43,4159010","5,3649290",13
202000037909,20,7,1,09:30,1,2,3,1,6,92012,M,"48,8411551","2,2401897",92
202000037910,20,9,26,19:02,1,1,1,2,7,17339,M,"45,4596340"," -0,4577350",17
202000037911,20,10,27,16:45,1,1,1,1,4,13071,M,"43,4032390","5,3445700",13
202000037912,20,7,1,08:05,1,2,2,1,6,92012,M,"48,8349139","2,2414108",92
202000037913,20,10,27,18:27,1,1,1,1,3,13005,M,"43,2864400","5,5092200",13
202000037914,20,9,26,23:23,3,2,1,1,6,30350,M,"43,9930540","3,6186650",30
202000037915,20,10,27,17:12,1,1,1,1,4,13071,M,"43,4115577","5,3641119",13
202000037916,20,7,1,18:45,1,1,1,1,1,80498,M,"50,0697560","2,5750060",80
202000037917,20,9,26,20:15,3,1,1,2,6,24293,M,"44,7939270","1,0093050",24
202000037918,20,10,27,18:30,3,1,1,1,2,13106,M,"43,3854000","5,3507000",13
202000037919,20,6,30,15:45,1,2,1,1,6,97422,R," -21,2774130","55,5245430",974
202000037920,20,10,27,21:44,3,1,1,3,2,33192,M,"44,7892900"," -0,6190000",33
202000037921,20,9,27,00:45,3,1,1,1,2,13051,M,"43,5957827","5,1050857",13
202000037922,20,9,27,17:01,1,1,1,3,6,01049,M,"45,8327350","5,0249280",01
202000037923,20,7,1,16:15,1,1,1,1,4,69277,M,"45,7393320","5,0241610",69
202000037924,20,10,27,18:50,5,1,1,3,4,33550,M,"44,7819000"," -0,5836600",33
202000037925,20,10,27,14:30,1,1,1,2,2,33249,M,"44,8696200"," -0,5048200",33
202000037926,20,9,27,14:05,1,1,1,3,2,01007,M,"45,9968870","5,3131400",01
202000037927,20,6,30,08:00,1,1,1,1,1,83085,M,"43,5116620","6,5661550",83
202000037928,20,7,2,02:14,3,1,1,1,6,41252,M,"47,6817960","1,4113940",41
202000037929,20,7,2,13:30,1,2,1,1,3,83070,M,"43,1315110","6,3631060",83
202000037930,20,9,26,23:50,5,1,4,8,6,97103,A,"16,2506980"," -61,5908900",971
202000037931,20,10,27,13:00,1,1,1,2,6,33448,M,"44,7104900"," -0,5137900",33
202000037932,20,7,1,20:30,2,1,1,7,6,34076,M,"43,6471240","3,4494980",34
202000037933,20,9,26,18:30,5,1,1,2,1,97112,A,"15,8915339"," -61,3124629",971
202000037934,20,7,1,13:55,1,1,1,1,6,37179,M,"47,4551869","0,7535509",37
202000037935,20,9,27,08:25,1,2,3,1,3,97129,A,"16,3322135"," -61,6962683",971
202000037936,20,7,2,18:40,1,2,1,1,6,69046,M,"45,6505926","4,7926269",69
202000037937,20,10,26,16:30,1,1,1,2,5,33162,M,"44,8622730"," -0,6571010",33
202000037938,20,9,22,17:45,1,1,1,8,6,84078,M,"44,2423940","4,7346160",84
202000037939,20,6,30,18:20,1,2,1,1,3,74263,M,"46,3332780","6,3877860",74
202000037940,20,9,13,17:20,1,1,1,1,7,74080,M,"45,8765650","6,4529230",74
202000037941,20,10,27,17:00,1,1,1,2,5,91312,M,"48,7312200","2,2497500",91