Num_Acc,an,mois,jour,hrmn,lum,agg,int,atm,col,com,gps,lat,long,dep
202000037942,20,7,1,12:00,1,2,1,1,1,57193,M,"49,2236620","6,2142220",57
202000037943,20,9,27,16:15,1,1,1,2,7,38565,M,"45,2986130","5,6376270",38
202000037944,20,7,2,08:45,1,2,1,1,7,51030,M,"49,0511875","4,0079576",51
202000037945,20,10,27,14:00,1,1,1,2,3,91228,M,"48,6133000","2,4310000",91
202000037946,20,9,26,12:20,1,1,1,1,1,14328,M,"49,2132870"," -0,2604770",14
202000037947,20,6,28,16:30,1,1,6,2,7,67435,M,"48,8957170","7,0758180",67
202000037948,20,10,26,19:30,5,1,9,1,3,94034,M,"48,7530000","2,3310000",94
202000037949,20,9,26,20:45,5,2,1,3,6,60589,M,"49,2433100","2,4696820",60
202000037950,20,10,26,15:29,1,1,1,1,2,91340,M,"48,6115000","2,4319000",91
202000037951,20,7,1,18:10,1,2,1,8,6,65125,M,"43,1462210","0,3730790",65
202000037952,20,10,27,19:37,5,1,1,2,4,78043,M,"48,8364750","2,0893720",78
202000037953,20,9,20,00:45,4,1,1,1,2,62170,M,"50,4359150","2,6689910",62
202000037954,20,7,1,11:33,1,1,3,1,3,33394,M,"44,9055800"," -0,1730400",33
202000037955,20,9,22,12:45,1,1,1,1,2,13005,M,"43,2833900","5,5751220",13
202000037956,20,10,27,17:20,3,1,1,3,-1,92051,M,"48,8823920","2,2681260",92
202000037957,20,9,22,12:15,1,1,1,1,7,13203,M,"43,3173160","5,3639320",13
202000037958,20,10,27,11:50,1,1,9,1,3,78423,M,"48,7959240","2,0434400",78
202000037959,20,7,2,07:45,1,1,1,1,2,42134,M,"45,6823370","4,0368370",42
202000037960,20,9,25,04:30,3,1,1,2,2,69259,M,"45,7167600","4,8526600",69
202000037961,20,10,27,14:30,1,1,1,1,3,78217,M,"48,9656400","1,8146560",78
202000037962,20,7,1,09:30,1,2,7,1,6,47179,M,"44,4833790","0,9439980",47
202000037963,20,10,26,18:30,3,1,1,1,3,78640,M,"48,7783880","2,2223460",78
202000037964,20,9,21,16:15,1,2,1,1,5,69029,M,"45,7463000","4,9069100",69
202000037965,20,7,2,17:20,1,1,1,1,1,34180,M,"43,5912980","3,4532310",34
202000037966,20,10,27,12:45,1,1,1,1,2,95394,M,"49,0515120","2,1929210",95
202000037967,20,9,22,14:40,1,1,1,1,2,67482,M,"48,5697140","7,7315390",67
202000037968,20,10,27,10:00,1,1,1,1,2,93027,M,"48,9379900","2,4126000",93
202000037969,20,9,26,15:40,1,1,1,1,2,78640,M,"48,7774750","2,2210670",78
202000037970,20,10,26,14:40,1,1,1,1,-1,93064,M,"48,8810500","2,4752900",93
202000037971,20,7,1,18:25,1,2,1,1,-1,68207,M,"47,5928120","7,4652420",68
202000037972,20,10,27,20:15,5,1,9,2,7,94069,M,"48,8173200","2,4284930",94
202000037973,20,9,25,20:15,3,1,1,1,4,78133,M,"48,8940700","2,0078830",78
202000037974,20,7,1,23:15,3,1,1,8,6,68021,M,"47,6385890","7,5193050",68
202000037975,20,10,27,17:30,1,1,9,2,3,93051,M,"48,8361144","2,5545797",93
202000037976,20,9,26,16:45,1,1,1,1,2,92036,M,"48,9417503","2,2906414",92
202000037977,20,7,1,16:05,1,2,1,1,6,29217,M,"47,8583221"," -3,7519417",29
202000037978,20,9,26,05:30,5,1,1,1,7,93066,M,"48,9043400","2,3584600",93
202000037979,20,7,1,19:30,1,1,1,1,6,72165,M,"48,0879935","0,4299387",72
202000037980,20,9,25,23:30,3,1,1,1,6,93066,M,"48,9190400","2,3572900",93
202000037981,20,6,27,14:30,1,1,1,1,-1,06111,M,"44,0863210","7,0889710",06
202000037982,20,10,26,17:10,1,1,1,1,3,77169,M,"48,8171500","2,6198000",77
202000037983,20,7,2,13:45,1,1,1,2,1,64420,M,"43,3288300"," -0,7188430",64
202000037984,20,10,26,10:45,1,1,1,1,2,77121,M,"48,8360000","2,6653000",77
202000037985,20,9,25,16:45,1,2,3,1,3,98818,C," -22,2354700","166,4443300",988
202000037986,20,7,2,08:55,1,1,1,2,1,64256,M,"43,4242040"," -1,3171580",64
202000037987,20,8,23,10:21,1,2,9,1,6,69264,M,"45,9845508","4,7364596",69
202000037988,20,9,25,10:30,1,2,3,1,3,97411,R," -20,8884200","55,4464000",974
202000037989,20,10,26,15:40,1,1,2,2,3,97416,R," -21,3265120","55,4977370",974
202000037990,20,7,1,13:15,1,2,3,1,3,43162,M,"45,2114200","4,0322670",43
202000037991,20,9,25,07:55,1,2,1,1,6,97409,R," -20,9453500","55,6491200",974
202000037992,20,6,30,16:40,1,1,3,1,2,07197,M,"45,2140640","4,6603150",07
202000037993,20,10,26,13:25,1,1,9,1,2,97213,A,"14,6174300"," -61,0196000",972
202000037994,20,9,25,14:04,1,2,1,1,3,97302,G,"4,9270940"," -52,3140568",973
202000037995,20,7,2,09:40,1,2,9,1,6,07181,M,"44,7477020","4,7459450",07
202000037996,20,10,24,21:15,4,1,6,1,6,97209,A,"14,6046500"," -61,0423100",972
202000037997,20,9,24,22:20,4,2,1,1,1,97302,G,"4,9353600"," -52,3191100",973
202000037998,20,7,1,19:45,1,1,6,1,6,17434,M,"46,0994238"," -0,7320701",17
202000037999,20,10,23,22:55,5,2,1,1,-1,97209,A,"14,6090657"," -61,0557175",972
202000038000,20,9,25,20:30,5,2,1,2,3,69387,M,"45,7493866","4,8416580",69
202000038001,20,6,29,06:30,2,2,2,1,-1,06030,M,"43,5827170","7,0096180",06
202000038002,20,10,24,20:20,4,2,6,1,5,2B033,M,"42,6709300","9,4435100",2B
202000038003,20,9,25,19:40,5,2,1,1,6,69387,M,"45,7315000","4,8297600",69
202000038004,20,7,2,15:53,1,2,3,1,3,74081,M,"46,0601150","6,5803240",74
202000038005,20,10,22,11:50,1,1,1,1,7,97101,A,"16,2297000"," -61,5278100",971
202000038006,20,9,25,17:30,1,2,1,1,6,69199,M,"45,7099918","4,8551579",69
202000038007,20,10,26,15:35,1,2,1,1,6,95585,M,"48,9931100","2,3766300",95
202000038008,20,9,25,14:50,1,2,1,2,3,69387,M,"45,7403600","4,8317000",69
202000038009,20,10,25,20:54,3,2,1,2,6,95500,M,"49,0633670","2,1025490",95
202000038010,20,7,2,10:40,1,1,1,1,7,86241,M,"46,9287020","0,6948102",86
202000038011,20,9,23,17:20,1,2,1,1,3,69387,M,"45,7279300","4,8242600",69
202000038012,20,7,1,01:00,3,1,1,1,7,11202,M,"42,9056910","3,0200140",11
202000038013,20,10,19,14:40,1,1,1,1,3,91021,M,"48,5965500","2,2439100",91
202000038014,20,10,18,19:30,1,2,1,1,7,91216,M,"48,6757900","2,3360500",91
202000038015,20,9,24,07:35,1,1,1,1,7,97209,A,"14,6538300"," -61,0579300",972
202000038016,20,7,2,15:30,1,1,1,7,6,98830,C," -20,8302560","165,2560040",988
202000038017,20,9,25,04:35,5,2,2,2,3,69382,M,"45,7635706","4,8384350",69
202000038018,20,7,1,23:00,3,2,1,1,6,91315,M,"48,5228830","2,3500850",91
202000038019,20,10,26,18:00,5,2,2,1,3,91201,M,"48,6839300","2,4151810",91
202000038020,20,9,25,10:00,1,2,1,1,3,69389,M,"45,7811416","4,8071839",69
202000038021,20,6,22,10:45,1,2,6,1,6,34090,M,"43,6410920","3,9403900",34
202000038022,20,10,26,14:30,1,2,1,1,-1,91286,M,"48,6533800","2,3920800",91
202000038023,20,6,30,15:38,1,2,6,1,2,84019,M,"44,2850900","4,7507720",84
202000038024,20,9,25,15:35,1,1,1,6,2,2B033,M,"42,6677300","9,4431500",2B
202000038025,20,10,23,18:57,1,2,2,1,3,87085,M,"45,8209100","1,2303600",87
202000038026,20,9,25,22:40,5,2,3,6,3,2A004,M,"41,9076059","8,6793538",2A
202000038027,20,7,2,16:20,1,1,3,2,3,05136,M,"44,7006200","6,6093550",05
202000038028,20,10,23,11:18,1,2,1,1,3,87085,M,"45,8020900","1,2936800",87
202000038029,20,7,1,11:45,1,2,1,1,7,67154,M,"48,3756940","7,7060670",67
202000038030,20,10,22,17:55,1,1,3,1,3,83141,M,"43,4890723","6,4836826",83
202000038031,20,7,2,16:44,1,2,1,1,5,74094,M,"46,1826720","6,2828760",74
202000038032,20,10,26,16:15,1,2,3,2,6,82121,M,"44,0168400","1,3484000",82
202000038033,20,10,23,07:50,2,2,1,1,6,80021,M,"49,8714500","2,2805000",80
202000038034,20,7,1,22:20,3,1,1,8,1,74220,M,"46,1479380","6,2614450",74
202000038035,20,10,26,15:35,1,1,1,1,6,78486,M,"48,6772400","1,8409200",78
202000038036,20,7,1,13:45,1,2,1,1,3,74080,M,"45,8950150","6,4267500",74
202000038037,20,10,26,10:35,1,2,1,1,6,77445,M,"48,5966500","2,5817600",77
202000038038,20,10,24,11:28,1,2,2,2,2,76498,M,"49,4159300","1,0565400",76
202000038039,20,7,2,17:30,1,2,1,2,1,26206,M,"44,8365630","4,9819990",26
202000038040,20,10,25,20:30,5,2,1,1,6,76231,M,"49,2869500","1,0163900",76
202000038041,20,7,2,12:15,1,2,1,1,2,69121,M,"45,8564420","4,6966710",69
202000038042,20,10,24,11:00,1,2,1,1,4,76540,M,"49,4450600","1,0638700",76
202000038043,20,7,2,19:30,1,2,3,1,3,81105,M,"43,7615974","2,0136646",81
202000038044,20,10,24,15:55,1,2,3,1,5,74012,M,"46,1845300","6,2287000",74
202000038045,20,10,24,19:10,5,2,1,1,3,74012,M,"46,1911600","6,2506600",74
202000038046,20,10,24,10:05,1,2,1,1,6,67218,M,"48,5241329","7,7078098",67
202000038047,20,7,2,07:55,1,2,2,1,3,33300,M,"45,2486370"," -1,0028670",33
202000038048,20,10,23,20:00,5,2,3,2,3,67204,M,"48,6236300","7,7550200",67
202000038049,20,7,2,13:45,1,1,2,1,3,85015,M,"46,8162500"," -1,4916000",85
202000038050,20,10,25,14:30,1,1,2,9,3,64260,M,"43,3713300"," -1,7744800",64
202000038051,20,10,26,18:20,5,2,1,1,6,59350,M,"50,6324101","3,0922671",59
202000038052,20,7,2,15:50,1,1,1,1,1,85302,M,"46,9636600"," -0,9734400",85
202000038053,20,10,24,14:00,1,2,1,1,2,59378,M,"50,6773300","3,0816900",59
202000038054,20,7,1,07:40,2,1,1,2,2,76532,M,"49,6128558","1,3260949",76
202000038055,20,10,9,12:25,1,2,2,1,3,58194,M,"46,9873000","3,1350000",58
202000038056,20,7,2,16:45,1,2,1,1,6,60524,M,"49,3363120","2,4389510",60
202000038057,20,7,1,17:50,1,1,1,1,1,62356,M,"50,4393590","2,6075360",62
202000038058,20,10,24,23:20,3,1,1,3,4,56036,M,"47,7923500"," -3,3075800",56
202000038059,20,6,30,07:00,1,1,1,1,3,59599,M,"50,7394140","3,1550690",59
202000038060,20,10,25,20:20,5,2,2,3,6,54304,M,"48,6993816","6,1372280",54
202000038061,20,7,1,18:00,1,1,1,2,2,94076,M,"48,7877000","2,3457000",94
202000038062,20,10,26,17:30,1,1,1,7,5,53130,M,"48,0850300"," -0,7855500",53
202000038063,20,10,25,19:50,5,2,4,3,6,50173,M,"49,6456800"," -1,6659700",50
202000038064,20,7,1,17:50,1,1,1,2,2,91477,M,"48,7226480","2,2340960",91
202000038065,20,7,1,09:30,1,1,1,1,3,93066,M,"48,9217000","2,3571600",93
202000038066,20,10,17,01:05,5,2,1,1,3,49007,M,"47,4693600"," -0,5604900",49
202000038067,20,10,17,16:42,1,1,1,1,7,49007,M,"47,4650700"," -0,5771200",49
202000038068,20,7,1,17:45,1,1,1,1,2,93051,M,"48,8362535","2,5518790",93
202000038069,20,6,6,06:15,2,2,1,1,7,68278,M,"47,7509060","7,3841480",68
202000038070,20,10,16,08:20,1,2,1,1,-1,49007,M,"47,4757606"," -0,5153744",49
202000038071,20,6,28,10:50,1,1,9,1,3,97416,R," -21,2878600","55,4629700",974
202000038072,20,10,16,08:30,1,2,1,1,2,49007,M,"47,4542700"," -0,5323600",49
202000038073,20,6,30,12:45,1,2,1,1,2,97416,R," -21,3436000","55,4698600",974
202000038074,20,10,26,17:15,1,2,1,1,4,37261,M,"47,4188500","0,6971400",37
202000038075,20,6,30,14:05,1,2,1,1,3,97302,G,"4,9422136"," -52,3051357",973
202000038076,20,6,30,11:35,1,2,2,1,3,69386,M,"45,7676900","4,8492100",69
202000038077,20,6,30,09:30,1,2,2,1,2,69388,M,"45,7390300","4,8665000",69
202000038078,20,6,30,06:15,1,2,2,1,3,69383,M,"45,7561100","4,8727400",69
202000038079,20,6,30,18:30,1,2,1,1,2,69389,M,"45,7667200","4,7915100",69
202000038080,20,6,30,17:00,1,2,1,1,2,69149,M,"45,7170650","4,8135080",69
202000038081,20,6,30,07:00,1,2,1,1,3,69034,M,"45,7945651","4,8280872",69
202000038082,20,6,28,19:55,1,2,2,1,3,69152,M,"45,6976300","4,8247000",69
202000038083,20,6,21,00:15,5,2,1,1,6,91471,M,"48,7003900","2,1891200",91
202000038084,20,6,30,18:50,1,1,4,1,2,91657,M,"48,7164800","2,4374900",91
202000038085,20,6,30,15:50,1,2,1,1,6,91201,M,"48,6869900","2,3999000",91
202000038086,20,6,30,16:09,1,2,1,1,6,87085,M,"45,8310800","1,2518100",87
202000038087,20,6,30,10:30,1,2,6,1,6,87085,M,"45,8400300","1,2573200",87
202000038088,20,6,29,21:15,1,2,1,1,2,82121,M,"44,0183150","1,3632570",82
202000038089,20,6,30,09:10,1,2,1,1,3,80021,M,"49,9044500","2,2735300",80
202000038090,20,6,28,18:45,1,2,1,1,2,80021,M,"49,9156500","2,2515100",80
202000038091,20,6,30,19:40,1,1,1,1,3,78224,M,"48,8604010","2,0689740",78
202000038092,20,6,30,11:45,1,2,1,1,3,78224,M,"48,8692300","2,0720200",78
202000038093,20,6,29,11:45,1,2,3,1,3,74012,M,"46,1902970","6,2425850",74
202000038094,20,6,29,18:11,1,1,1,8,-1,68066,M,"48,0560010","7,3987760",68
202000038095,20,6,29,22:25,3,1,1,1,7,67482,M,"48,5131700","7,7877600",67
202000038096,20,6,29,15:15,1,2,3,3,-1,67482,M,"48,5773500","7,7521400",67
202000038097,20,6,29,09:45,1,2,2,2,3,67482,M,"48,5606733","7,7620375",67
202000038098,20,6,30,19:57,1,2,1,1,3,64483,M,"43,3974200"," -1,6443000",64
202000038099,20,6,25,10:40,1,2,1,1,6,62239,M,"50,9339397","1,8055249",62
202000038100,20,6,27,10:45,1,2,1,1,6,57441,M,"49,3736300","6,1694000",57
202000038101,20,6,29,18:52,1,2,5,1,3,57019,M,"49,2576100","6,1488400",57
202000038102,20,6,27,22:17,3,1,1,1,7,57019,M,"49,2460400","6,1455700",57
202000038103,20,3,14,20:45,3,1,1,1,6,45228,M,"48,0191660","2,3319799",45
202000038104,20,2,2,14:40,1,1,1,1,-1,64317,M,"43,3547820"," -1,4223970",64
202000038105,20,3,14,19:30,3,1,1,1,1,43025,M,"45,2784500","4,1117410",43
202000038106,20,3,15,01:00,3,1,1,1,7,04158,M,"43,7100830","6,0444650",04
202000038107,20,3,14,14:45,1,1,1,1,7,27018,M,"49,3120860","0,6545450",27
202000038108,20,3,14,15:30,1,2,1,1,5,37050,M,"47,3161707","0,7111244",37
202000038109,20,3,15,15:55,1,1,1,1,6,01031,M,"46,2478491","5,6238747",01
202000038110,20,3,13,19:35,3,1,1,1,3,13037,M,"43,5478720","5,1831170",13
202000038111,20,3,15,16:30,1,1,1,1,7,42042,M,"45,4303150","4,2402830",42
202000038112,20,3,15,06:55,1,1,1,1,5,06027,M,"43,6596140","7,1503190",06
202000038113,20,3,15,08:05,1,2,2,1,3,97134,A,"16,0593720"," -61,7667410",971
202000038114,20,3,15,15:05,1,1,1,1,1,95040,M,"49,0984450","1,8786730",95
202000038115,20,2,20,18:45,5,2,1,3,6,91226,M,"48,4899350","2,1877970",91
202000038116,20,3,14,03:30,5,2,1,1,7,84105,M,"43,8650110","5,4261520",84
202000038117,20,3,15,00:15,5,2,1,1,6,84092,M,"43,9717540","4,8566440",84
202000038118,20,3,14,16:40,1,2,1,1,3,13041,M,"43,4514289","5,4719776",13
202000038119,20,3,14,15:15,1,1,4,1,6,68001,M,"48,0070980","7,5556860",68
202000038120,20,3,14,21:00,3,1,1,1,6,63213,M,"45,8220480","3,2316540",63
202000038121,20,3,14,17:15,1,2,1,1,7,38565,M,"45,2980080","5,6359770",38
202000038122,20,3,14,17:20,1,1,1,1,6,69254,M,"45,9556699","4,4215035",69
202000038123,20,3,15,15:00,1,1,1,1,6,69249,M,"45,6737899","4,6102417",69
202000038124,20,3,15,17:20,1,1,1,1,7,79049,M,"46,8705600"," -0,4982900",79
202000038125,20,3,15,16:20,1,1,1,1,6,64067,M,"43,2634210"," -0,2938040",64
202000038126,20,3,15,09:10,1,1,2,1,3,49258,M,"47,1374830"," -1,0456110",49
202000038127,20,3,14,08:40,1,1,1,1,6,14145,M,"49,0455200"," -0,2813530",14
202000038128,20,3,15,15:15,1,2,1,1,7,59482,M,"50,7089464","3,0095853",59
202000038129,20,3,14,02:50,3,1,1,1,2,13001,M,"43,5019075","5,3549571",13
202000038130,20,3,13,21:20,5,1,1,1,2,13055,M,"43,3084420","5,4248860",13
202000038131,20,3,14,05:15,3,1,1,1,-1,69295,M,"45,6123864","4,8747325",69
202000038132,20,3,8,23:45,3,1,1,1,2,69276,M,"45,6738000","4,8476000",69
202000038133,20,3,14,15:35,1,1,1,1,4,91589,M,"48,6740400","2,3428000",91
202000038134,20,3,14,11:05,1,1,1,1,7,91086,M,"48,6238000","2,3844200",91
202000038135,20,3,14,00:20,3,1,1,1,6,91340,M,"48,6120900","2,4320000",91
202000038136,20,3,14,12:55,1,1,1,1,6,78498,M,"48,9138190","2,0055210",78
202000038137,20,3,13,17:05,1,1,1,1,2,78133,M,"48,8861960","2,0124290",78
202000038138,20,3,13,20:20,5,1,1,1,2,93008,M,"48,9141200","2,4323400",93
202000038139,20,3,14,06:30,2,1,1,2,6,95252,M,"48,9834100","2,2187600",95
202000038140,20,3,14,05:00,3,1,1,2,6,93027,M,"48,9233700","2,3833700",93
202000038141,20,3,14,01:00,3,1,1,2,6,93066,M,"48,9253100","2,3394900",93
202000038142,20,3,13,17:20,1,1,1,1,4,93078,M,"48,9666600","2,5131400",93
202000038143,20,3,13,12:30,1,1,1,1,6,95365,M,"49,0656900","2,4064300",95
202000038144,20,3,14,20:20,3,1,1,8,2,94017,M,"48,8263105","2,5198193",94
202000038145,20,3,13,21:40,5,1,1,1,6,94052,M,"48,8262700","2,4657800",94
202000038146,20,1,9,09:30,1,2,1,1,6,13210,M,"43,2824700","5,4273300",13
202000038147,20,3,14,03:10,5,1,1,1,6,98818,C," -22,2336900","166,4576500",988
202000038148,20,3,13,09:55,1,2,1,1,6,97411,R," -20,8875574","55,4547873",974
202000038149,20,3,11,13:30,1,2,1,1,6,97407,R," -20,9409500","55,2957600",974
202000038150,20,3,13,19:15,2,2,1,1,2,69388,M,"45,7490300","4,8611500",69
202000038151,20,3,13,19:50,5,2,1,1,3,69387,M,"45,7305031","4,8331199",69
202000038152,20,3,13,15:00,1,2,3,1,1,69387,M,"45,7292700","4,8460600",69
202000038153,20,3,13,00:20,5,2,6,1,6,69034,M,"45,8078400","4,8561800",69
202000038154,20,3,13,18:20,5,2,2,1,2,69382,M,"45,7632100","4,8316600",69
202000038155,20,3,13,16:30,1,2,3,7,6,69382,M,"45,7579400","4,8341000",69
202000038156,20,3,12,20:55,5,2,1,1,1,2A004,M,"41,9297500","8,7608500",2A
202000038157,20,1,28,15:00,1,2,1,1,7,91692,M,"48,6735300","2,1801500",91
202000038158,20,3,13,19:55,5,2,6,1,3,91421,M,"48,7068000","2,4412000",91
202000038159,20,2,27,08:10,1,2,1,3,6,91521,M,"48,6475980","2,4072860",91
202000038160,20,3,13,18:25,1,2,1,1,3,91174,M,"48,5812470","2,4762550",91
202000038161,20,3,13,16:00,1,2,1,1,6,91021,M,"48,5890000","2,2460000",91
202000038162,20,3,13,01:45,3,1,6,1,6,91103,M,"48,5947400","2,3116500",91
202000038163,20,3,11,00:10,5,2,1,2,6,88415,M,"48,0260800","6,6063500",88
202000038164,20,3,13,16:15,1,2,1,1,6,86194,M,"46,5915133","0,3555552",86
202000038165,20,3,13,00:04,5,2,3,1,3,83137,M,"43,1268170","5,9228450",83
202000038166,20,3,11,14:00,1,2,1,1,3,80021,M,"49,8704400","2,3334900",80
202000038167,20,2,13,12:38,1,2,3,1,3,79329,M,"46,9866170"," -0,1977500",79
202000038168,20,3,12,17:30,1,1,6,1,2,77258,M,"48,8324500","2,6426800",77
202000038169,20,3,13,21:30,5,2,3,1,6,77061,M,"48,3664500","2,9756300",77
202000038170,20,3,13,13:45,1,2,3,1,1,77243,M,"48,8765499","2,6995447",77
202000038171,20,3,12,18:05,1,2,5,1,3,76540,M,"49,4345100","1,1060900",76
202000038172,20,3,12,15:25,1,2,1,2,1,76305,M,"49,5054000","0,2319000",76
202000038173,20,3,13,07:55,1,2,2,2,3,76217,M,"49,9302200","1,0973500",76
202000038174,20,3,13,17:45,1,2,6,1,3,74012,M,"46,1828030","6,2461970",74
202000038175,20,3,13,16:04,1,1,1,1,6,72181,M,"48,0236000","0,2274000",72
202000038176,20,3,12,11:32,1,2,1,1,4,72181,M,"48,0020200","0,1912300",72
202000038177,20,3,12,07:45,1,2,1,1,4,71040,M,"46,6941928","4,3914602",71
202000038178,20,3,12,13:45,1,2,2,2,3,67043,M,"48,6157963","7,7531020",67
202000038179,20,3,13,10:35,1,2,1,1,3,67180,M,"48,8226280","7,7710040",67
202000038180,20,3,13,21:09,3,2,3,1,-1,64445,M,"43,3006300"," -0,3751700",64
202000038181,20,3,14,00:37,5,2,1,1,-1,64122,M,"43,4810000"," -1,5488800",64
202000038182,20,3,13,17:20,1,2,1,1,7,64024,M,"43,4847300"," -1,5135700",64
202000038183,20,3,10,08:05,1,2,1,2,3,62400,M,"50,4740726","2,5819368",62
202000038184,20,3,7,05:45,3,1,1,2,6,61117,M,"48,4266000","0,0230700",61
202000038185,20,3,12,19:20,3,2,9,8,7,59153,M,"50,4543600","3,5857600",59
202000038186,20,3,12,19:30,5,2,1,1,2,59574,M,"50,3623600","3,2797900",59
202000038187,20,3,11,17:30,1,2,3,1,2,58194,M,"46,9917500","3,1791000",58
202000038188,20,3,12,15:55,1,2,1,2,1,54578,M,"48,6696664","6,1554015",54
202000038189,20,3,11,14:30,1,1,1,1,7,54096,M,"49,4465000","5,9030000",54
202000038190,20,3,13,17:20,1,2,2,1,3,51454,M,"49,2664820","4,0152746",51
202000038191,20,3,13,09:00,1,2,1,1,3,51454,M,"49,2838080","4,0152815",51
202000038192,20,3,13,17:15,1,2,1,1,6,45234,M,"47,8912100","1,9059000",45
202000038193,20,3,13,07:50,1,2,1,1,7,45285,M,"47,9102900","1,8701100",45
202000038194,20,3,13,09:54,1,2,1,1,6,45208,M,"48,0056615","2,7414022",45
202000038195,20,3,12,10:00,1,2,1,1,3,44184,M,"47,2806000"," -2,2044000",44
202000038196,20,3,8,18:05,1,1,1,1,7,42103,M,"45,5067017","4,5555955",42
202000038197,20,3,13,17:20,1,2,1,1,6,42187,M,"46,0440300","4,0608600",42
202000038198,20,3,12,12:15,1,2,1,1,6,42316,M,"45,3987700","4,2631600",42
202000038199,20,3,13,21:30,5,2,1,1,6,37122,M,"47,3561346","0,6673202",37
202000038200,20,3,13,08:00,1,2,1,1,2,37122,M,"47,3370632","0,6648126",37
202000038201,20,3,12,17:50,1,2,1,1,3,35288,M,"48,6542300"," -2,0089700",35
202000038202,20,3,12,21:00,5,2,1,1,6,34172,M,"43,6147740","3,8786420",34
202000038203,20,3,12,23:20,5,2,2,1,3,34032,M,"43,3540800","3,2302500",34
202000038204,20,3,13,16:30,1,2,9,1,4,33162,M,"44,8857200"," -0,6656600",33
202000038205,20,3,13,16:25,1,2,1,1,6,33281,M,"44,8266800"," -0,6203200",33
202000038206,20,3,13,13:20,1,2,8,1,6,33119,M,"44,8504800"," -0,5089400",33
202000038207,20,3,13,10:20,1,1,2,1,1,33065,M,"44,8149200"," -0,5276200",33
202000038208,20,2,7,14:52,1,2,1,1,7,32013,M,"43,6317400","0,5898500",32
202000038209,20,3,12,14:30,1,2,1,1,3,31555,M,"43,6111800","1,4417200",31
202000038210,20,3,13,01:09,5,2,1,1,6,30189,M,"43,8384700","4,3515600",30
202000038211,20,3,13,20:00,5,2,6,2,3,29019,M,"48,4263800"," -4,4778300",29
202000038212,20,3,13,11:32,1,2,2,1,6,29019,M,"48,4132388"," -4,4912977",29
202000038213,20,3,13,17:40,1,2,2,1,3,26362,M,"44,9260130","4,9010610",26
202000038214,20,3,13,16:30,1,2,1,1,3,24145,M,"44,8527000","0,5368800",24
202000038215,20,3,13,09:45,1,1,1,1,7,22360,M,"48,4871000"," -2,7179000",22
202000038216,20,3,7,09:20,1,1,1,1,7,22187,M,"48,5462200"," -2,7834100",22
202000038217,20,3,14,01:20,3,2,1,1,-1,14118,M,"49,1704300"," -0,3844100",14
202000038218,20,3,12,08:15,1,2,1,1,4,13103,M,"43,6404950","5,0801970",13
202000038219,20,3,13,20:56,5,2,2,1,2,13211,M,"43,2858450","5,4425620",13
202000038220,20,3,13,18:10,2,2,1,1,3,13201,M,"43,2969594","5,3811714",13
202000038221,20,3,12,19:50,5,2,2,1,6,13204,M,"43,3067000","5,4009000",13
202000038222,20,3,11,18:45,2,2,1,1,7,13204,M,"43,3095200","5,4023400",13
202000038223,20,3,12,13:32,1,1,1,1,2,11069,M,"43,1943000","2,3484400",11
202000038224,20,3,13,14:25,1,2,1,1,2,10387,M,"48,3035000","4,0859000",10
202000038225,20,3,12,13:32,1,2,2,1,3,10297,M,"48,3218000","4,0993000",10
202000038226,20,3,12,15:35,1,2,3,1,3,07331,M,"44,6689450","4,3653840",07
202000038227,20,3,11,16:20,1,2,1,1,2,05061,M,"44,5658400","6,0869500",05
202000038228,20,3,12,15:45,1,2,1,1,3,75118,M,"48,8946860","2,3594130",75
202000038229,20,3,12,00:21,5,2,4,1,1,75117,M,"48,8906880","2,3266520",75
202000038230,20,3,13,21:10,5,2,1,1,6,75120,M,"48,8609080","2,4049180",75
202000038231,20,3,13,20:20,5,2,4,1,3,75120,M,"48,8776010","2,4083490",75
202000038232,20,3,13,09:55,1,2,3,1,3,75118,M,"48,8943320","2,3659770",75
202000038233,20,3,12,20:15,5,2,2,1,3,75118,M,"48,8895060","2,3496490",75
202000038234,20,3,13,07:00,1,2,2,1,3,75116,M,"48,8676620","2,2508940",75
202000038235,20,3,13,10:45,1,2,2,1,3,75115,M,"48,8464140","2,2831340",75
202000038236,20,3,13,18:15,1,2,5,1,3,75111,M,"48,8582680","2,3898300",75
202000038237,20,3,13,02:55,5,2,3,1,6,75111,M,"48,8616230","2,3670990",75
202000038238,20,3,13,14:10,1,2,2,1,3,75110,M,"48,8816110","2,3658030",75
202000038239,20,3,13,08:59,1,2,2,1,3,75107,M,"48,8599440","2,3131020",75
202000038240,20,3,13,15:50,1,2,3,1,3,75104,M,"48,8539490","2,3647560",75
202000038241,20,3,13,14:50,1,2,3,1,2,75104,M,"48,8569660","2,3537240",75
202000038242,20,3,13,09:30,1,2,4,1,2,75104,M,"48,8489280","2,3645150",75
202000038243,20,3,13,09:55,1,2,3,1,5,75101,M,"48,8631930","2,3337900",75
202000038244,20,3,13,08:45,1,2,1,1,2,94080,M,"48,8421000","2,4337000",94
202000038245,20,3,12,20:30,5,2,1,1,2,94068,M,"48,8112100","2,4696400",94
202000038246,20,3,11,23:25,5,2,1,1,6,94068,M,"48,7957000","2,4940000",94
202000038247,20,3,12,23:05,5,2,2,1,3,94046,M,"48,8058000","2,4410200",94