Num_Acc,an,mois,jour,hrmn,lum,agg,int,atm,col,com,gps,lat,long,dep
202000038248,20,3,13,13:35,1,2,9,1,3,94017,M,"48,8157900","2,5331200",94
202000038249,20,3,13,08:45,1,2,9,1,2,93078,M,"48,9569025","2,5551534",93
202000038250,20,3,13,09:40,1,2,1,1,1,93055,M,"48,9036500","2,3921700",93
202000038251,20,3,13,16:30,1,2,1,1,6,93051,M,"48,8235296","2,5793802",93
202000038252,20,3,13,10:50,1,2,2,1,3,93048,M,"48,8567800","2,4431700",93
202000038253,20,3,13,10:15,1,2,1,1,6,93048,M,"48,8672764","2,4422475",93
202000038254,20,3,12,20:00,5,2,1,1,6,93061,M,"48,8884700","2,4089700",93
202000038255,20,3,12,17:25,1,2,1,1,6,93047,M,"48,9028610","2,5761200",93
202000038256,20,3,12,17:45,1,2,2,1,3,93057,M,"48,9097634","2,5073355",93
202000038257,20,3,13,17:20,1,2,1,1,2,93001,M,"48,9076560","2,3878890",93
202000038258,20,3,13,15:30,1,2,3,1,3,92064,M,"48,8566000","2,2233000",92
202000038259,20,3,12,15:30,1,2,1,1,6,92063,M,"48,8869430","2,1705884",92
202000038260,20,3,13,16:55,1,2,1,1,3,92009,M,"48,9179699","2,2623836",92
202000038261,20,3,13,15:00,1,1,1,1,6,01299,M,"46,0229670","5,0940300",01
202000038262,20,3,14,16:14,1,2,1,1,6,42068,M,"46,0261553","4,2672655",42
202000038263,20,3,9,17:30,1,2,1,1,3,83091,M,"43,2257240","6,1452690",83
202000038264,20,3,13,19:10,3,1,1,1,1,76006,M,"49,6861890","0,8320750",76
202000038265,20,3,13,17:00,1,2,3,1,3,79062,M,"46,8297840"," -0,6728190",79
202000038266,20,3,14,09:30,1,1,1,1,3,2B150,M,"42,5845600","8,8312910",2B
202000038267,20,3,13,18:30,5,2,3,1,3,2B050,M,"42,5523410","8,7644130",2B
202000038268,20,3,14,04:00,3,1,1,1,6,71014,M,"46,9722810","4,2944960",71
202000038269,20,3,13,16:45,1,1,1,1,7,63397,M,"45,6250490","2,7076870",63
202000038270,20,3,13,17:00,1,2,1,1,6,49373,M,"47,1261480"," -0,5499230",49
202000038271,20,3,14,02:20,5,2,1,1,6,12121,M,"44,4254360","2,1624240",12
202000038272,20,3,13,14:30,1,1,3,1,3,12010,M,"44,3109210","2,8090880",12
202000038273,20,3,14,08:45,1,2,1,7,6,34114,M,"43,6522410","3,5536010",34
202000038274,20,3,14,06:30,2,1,1,1,6,34193,M,"43,4555440","2,8443180",34
202000038275,20,3,12,21:10,5,2,6,1,3,29041,M,"48,0611372"," -3,8305525",29
202000038276,20,3,12,12:10,1,1,3,1,-1,38075,M,"45,4595700","5,9968500",38
202000038277,20,3,14,00:30,3,1,1,1,6,26118,M,"45,2994780","4,9401780",26
202000038278,20,3,13,13:00,1,1,1,1,7,14098,M,"49,1796240"," -0,5367530",14
202000038279,20,3,14,11:30,1,1,1,1,6,30269,M,"44,1283830","3,8533690",30
202000038280,20,3,13,07:45,1,1,1,1,1,91159,M,"48,5274520","2,4654330",91
202000038281,20,3,13,23:45,3,1,1,1,7,74252,M,"46,0763723","6,6099498",74
202000038282,20,3,11,11:50,1,2,3,1,1,97103,A,"16,2512850"," -61,5544330",971
202000038283,20,3,14,12:10,1,1,1,1,6,60424,M,"49,4597786","2,7037242",60
202000038284,20,3,13,23:30,3,1,1,2,6,29230,M,"47,9688360"," -3,5315900",29
202000038285,20,3,14,15:15,1,1,1,1,3,33214,M,"45,0198000"," -1,1776900",33
202000038286,20,3,14,01:05,3,1,1,2,2,78003,M,"48,5345670","1,8290520",78
202000038287,20,3,14,13:30,1,2,1,1,3,83077,M,"43,2728740","5,9744540",83
202000038288,20,3,13,16:30,1,1,1,1,7,86090,M,"47,0307829"," -0,0130112",86
202000038289,20,3,14,14:15,1,1,1,1,6,33146,M,"45,1155190"," -0,7464875",33
202000038290,20,3,13,20:00,3,2,1,1,5,33435,M,"44,5667400"," -0,2335400",33
202000038291,20,3,13,19:30,3,1,1,1,6,50519,M,"49,5587850"," -1,6579000",50
202000038292,20,3,14,01:20,3,1,1,2,6,60500,M,"49,0987104","2,7390954",60
202000038293,20,3,14,19:15,5,1,1,1,1,60551,M,"49,2861579","2,3816057",60
202000038294,20,3,13,20:10,3,1,1,1,3,02818,M,"48,9878780","3,2614800",02
202000038295,20,3,12,11:10,1,1,1,1,4,13202,M,"43,3089000","5,3665300",13
202000038296,20,2,17,17:00,1,1,1,1,2,69388,M,"45,7916000","4,8150700",69
202000038297,20,8,31,17:40,1,2,2,1,2,38151,M,"45,1593500","5,7240900",38
202000038298,20,8,31,16:00,1,1,1,1,6,38151,M,"45,1485600","5,7227500",38
202000038299,20,8,31,18:10,1,1,1,1,2,35238,M,"48,1184300"," -1,6692500",35
202000038300,20,8,31,07:20,1,1,1,1,3,35238,M,"48,1362900"," -1,7044000",35
202000038301,20,8,25,08:00,1,2,3,1,3,33063,M,"44,8386300"," -0,6209700",33
202000038302,20,8,30,23:10,5,2,3,1,2,33063,M,"44,8525600"," -0,5677400",33
202000038303,20,8,31,15:20,1,2,6,1,3,33529,M,"44,5979500"," -1,1964300",33
202000038304,20,8,30,07:16,2,1,1,2,6,31555,M,"43,5684400","1,4205400",31
202000038305,20,8,29,19:40,1,1,1,1,6,31555,M,"43,6593900","1,4092600",31
202000038306,20,8,29,19:00,1,2,2,1,3,31557,M,"43,5782700","1,3229200",31
202000038307,20,8,29,14:30,1,1,1,1,6,31557,M,"43,5848400","1,3628140",31
202000038308,20,8,29,01:45,5,2,1,2,6,30007,M,"44,1044650","4,0849550",30
202000038309,20,8,31,22:50,5,2,2,1,2,29019,M,"48,3831439"," -4,4912733",29
202000038310,20,8,31,07:50,1,2,3,1,3,26198,M,"44,5472230","4,7340810",26
202000038311,20,8,31,22:25,5,2,2,1,3,25056,M,"47,2382500","5,9880800",25
202000038312,20,8,31,16:00,1,2,2,1,3,25056,M,"47,2474490","5,9988570",25
202000038313,20,8,28,16:20,1,2,2,1,3,21231,M,"47,3220130","5,0516410",21
202000038314,20,8,31,17:20,1,2,2,1,3,17300,M,"46,1616700"," -1,1455100",17
202000038315,20,8,31,11:58,1,2,1,1,2,14327,M,"49,2152000"," -0,3364500",14
202000038316,20,8,31,13:08,1,2,1,1,3,10297,M,"48,3186450","4,1005280",10
202000038317,20,9,1,01:15,5,2,1,1,6,06123,M,"43,6733000","7,1790000",06
202000038318,20,8,31,17:45,1,2,1,1,4,75120,M,"48,8747450","2,4105430",75
202000038319,20,8,31,16:00,1,2,1,1,2,75118,M,"48,9008960","2,3440140",75
202000038320,20,8,30,05:47,5,2,1,1,6,75112,M,"48,8435360","2,3700520",75
202000038321,20,8,31,19:40,1,2,2,1,6,75120,M,"48,8655130","2,3980080",75
202000038322,20,8,31,14:10,1,2,7,1,3,75119,M,"48,8897190","2,3966720",75
202000038323,20,8,31,20:35,5,2,2,1,3,75117,M,"48,8875260","2,3074960",75
202000038324,20,8,31,08:50,1,2,1,1,3,75117,M,"48,8828740","2,3196830",75
202000038325,20,8,30,09:55,1,2,3,2,3,75117,M,"48,8819090","2,2833860",75
202000038326,20,8,31,01:50,5,2,7,1,6,75116,M,"48,8625290","2,2868230",75
202000038327,20,8,31,16:45,1,2,2,1,3,75115,M,"48,8404760","2,2957250",75
202000038328,20,8,31,10:35,1,2,2,1,3,75115,M,"48,8386730","2,3145740",75
202000038329,20,8,31,08:30,1,2,3,1,4,75115,M,"48,8473870","2,2861800",75
202000038330,20,8,31,09:00,1,2,1,1,3,75115,M,"48,8471080","2,2859560",75
202000038331,20,8,30,13:20,1,2,1,1,3,75115,M,"48,8442350","2,3113150",75
202000038332,20,8,31,10:10,1,2,2,1,7,75113,M,"48,8322340","2,3797660",75
202000038333,20,8,31,19:40,1,2,3,1,6,75111,M,"48,8547390","2,3781490",75
202000038334,20,8,31,10:00,1,2,1,1,2,75111,M,"48,8648260","2,3748680",75
202000038335,20,8,31,12:20,1,2,3,1,3,75110,M,"48,8707700","2,3704770",75
202000038336,20,8,30,22:30,5,2,2,1,3,75108,M,"48,8752200","2,2984970",75
202000038337,20,8,31,02:15,5,2,7,1,3,75104,M,"48,8571820","2,3473350",75
202000038338,20,8,31,06:45,2,2,1,1,3,94081,M,"48,7873000","2,3865000",94
202000038339,20,8,31,14:41,1,2,1,1,2,94054,M,"48,7642000","2,4059000",94
202000038340,20,8,31,18:55,1,2,9,1,6,94017,M,"48,8230400","2,5103300",94
202000038341,20,8,31,13:45,1,2,4,1,3,94071,M,"48,7808500","2,5158700",94
202000038342,20,8,31,16:25,1,2,1,1,3,93071,M,"48,9393700","2,5126800",93
202000038343,20,8,31,16:27,1,2,3,1,3,93062,M,"48,8890000","2,5151000",93
202000038344,20,8,31,16:50,1,2,1,8,6,93049,M,"48,8532500","2,5154300",93
202000038345,20,8,31,17:22,1,2,3,1,6,93048,M,"48,8722100","2,4502500",93
202000038346,20,8,30,10:30,1,2,1,2,3,93048,M,"48,8629100","2,4366300",93
202000038347,20,8,31,18:10,1,2,2,1,3,93013,M,"48,9405700","2,4314000",93
202000038348,20,8,31,08:15,1,2,7,1,3,92078,M,"48,9355432","2,3325723",92
202000038349,20,8,28,23:30,5,2,2,1,3,92036,M,"48,9461434","2,3044857",92
202000038350,20,6,25,23:45,5,2,1,1,7,92024,M,"48,9091840","2,2996940",92
202000038351,20,8,30,15:20,1,2,1,1,7,84029,M,"44,1620120","4,8755690",84
202000038352,20,9,1,16:40,1,1,2,1,3,63257,M,"45,7362985","2,8673154",63
202000038353,20,8,31,14:10,1,1,1,8,1,63290,M,"45,9086140","2,9050250",63
202000038354,20,9,1,13:50,1,1,1,1,7,01209,M,"46,1200430","5,8899150",01
202000038355,20,8,25,11:17,1,1,1,1,2,06130,M,"43,7090900","6,8643520",06
202000038356,20,8,31,23:50,3,1,1,1,7,51532,M,"49,1554969","3,9682408",51
202000038357,20,8,29,18:50,2,2,1,2,7,59464,M,"50,1906750","3,6124540",59
202000038358,20,9,1,18:02,1,1,2,1,3,56014,M,"47,9956370"," -3,3804200",56
202000038359,20,8,31,07:05,2,1,2,1,3,56078,M,"47,7949140"," -3,5089890",56
202000038360,20,8,31,18:50,1,1,1,1,7,74164,M,"46,1044150","6,4832210",74
202000038361,20,8,1,15:35,1,1,3,1,3,74275,M,"45,8515400","6,2161110",74
202000038362,20,8,31,20:30,1,2,1,1,6,77321,M,"48,4101320","3,2310960",77
202000038363,20,7,29,20:22,2,1,1,1,6,79171,M,"46,9980800"," -0,2847600",79
202000038364,20,9,1,01:30,3,2,1,1,2,2B242,M,"42,3946420","9,5307520",2B
202000038365,20,8,22,17:15,1,2,1,1,1,32096,M,"43,9557520"," -0,0381300",32
202000038366,20,9,1,10:15,1,1,1,1,1,61472,M,"48,7633040"," -0,0277550",61
202000038367,20,8,26,23:00,4,2,1,1,7,49248,M,"47,6785540"," -1,0150020",49
202000038368,20,8,5,22:47,5,2,4,1,6,41059,M,"47,4194350","1,4287380",41
202000038369,20,8,31,17:45,1,1,2,1,2,29095,M,"48,4622421"," -4,3674870",29
202000038370,20,8,28,18:07,1,2,6,1,7,84107,M,"44,0279550","5,4952450",84
202000038371,20,8,30,08:00,2,1,1,8,7,15087,M,"44,7709130","2,4601100",15
202000038372,20,8,31,14:00,1,1,1,8,6,70257,M,"47,5170850","5,9324460",70
202000038373,20,9,1,10:50,1,2,1,1,3,06007,M,"43,6077740","6,9155130",06
202000038374,20,8,30,11:38,1,1,9,1,7,83082,M,"43,6345220","6,4817190",83
202000038375,20,8,29,14:15,1,2,1,1,7,45067,M,"47,8818620","1,7699950",45
202000038376,20,8,31,15:00,1,2,1,1,-1,18015,M,"47,4863810","2,4437920",18
202000038377,20,9,1,06:30,3,1,9,1,3,10382,M,"48,4267300","3,4441490",10
202000038378,20,8,31,18:40,1,1,1,1,7,28422,M,"48,2845920","1,6117720",28
202000038379,20,8,30,06:30,3,1,1,1,1,17353,M,"45,9864370"," -1,0112570",17
202000038380,20,9,1,00:55,3,1,1,1,6,37108,M,"47,1322848","1,0481408",37
202000038381,20,8,31,18:40,1,1,2,1,3,30228,M,"43,9423060","4,3220470",30
202000038382,20,9,1,13:50,1,1,1,1,4,03186,M,"46,3302079","2,9598740",03
202000038383,20,9,1,15:34,1,1,1,1,2,79276,M,"46,3833800"," -0,2056240",79
202000038384,20,8,31,17:28,1,1,1,1,2,90001,M,"47,6094610","6,8565200",90
202000038385,20,8,24,14:50,1,2,1,1,3,97230,A,"14,7432290"," -60,9459020",972
202000038386,20,9,1,17:45,1,1,1,1,7,78616,M,"48,8768100","1,8136990",78
202000038387,20,8,31,18:25,1,1,4,1,4,34327,M,"43,6627030","3,9790460",34
202000038388,20,8,30,11:40,1,1,1,1,7,83027,M,"43,2092070","5,7505810",83
202000038389,20,9,1,16:00,1,1,1,1,1,05079,M,"45,0419470","6,4220020",05
202000038390,20,8,30,23:30,3,1,1,1,6,13100,M,"43,7858280","4,8620400",13
202000038391,20,8,29,23:25,5,2,2,1,3,13041,M,"43,4542740","5,4767490",13
202000038392,20,8,31,21:45,3,1,1,1,6,57669,M,"49,1311590","6,8886800",57
202000038393,20,8,10,18:00,2,1,1,3,3,42122,M,"45,5760480","4,0621880",42
202000038394,20,9,1,16:00,1,1,2,1,3,69062,M,"45,6242950","4,4805010",69
202000038395,20,8,6,18:00,2,2,1,7,1,81219,M,"43,5741770","2,0117210",81
202000038396,20,8,31,14:48,1,1,1,1,1,17336,M,"45,7612210"," -0,6909100",17
202000038397,20,8,31,18:10,1,1,1,7,2,33444,M,"44,5741600"," -0,1725090",33
202000038398,20,8,31,20:00,1,1,1,1,1,72378,M,"47,8138270"," -0,2663790",72
202000038399,20,8,31,08:55,1,2,6,1,3,44172,M,"47,2750470"," -1,4685820",44
202000038400,20,8,31,20:00,1,2,2,1,-1,76758,M,"49,6163370","0,7597300",76
202000038401,20,8,31,15:10,1,1,1,1,2,13214,M,"43,3259230","5,3782790",13
202000038402,20,8,31,09:00,1,1,1,1,4,13215,M,"43,3363800","5,3503000",13
202000038403,20,8,31,12:45,1,1,1,1,3,33397,M,"44,9139100"," -0,4806100",33
202000038404,20,8,31,09:00,1,1,1,1,2,33075,M,"44,8879700"," -0,5805300",33
202000038405,20,8,31,05:03,3,1,1,1,6,91363,M,"48,6379000","2,2034000",91
202000038406,20,8,30,21:00,5,1,1,1,6,78238,M,"48,9696860","1,8672380",78
202000038407,20,8,31,17:30,1,1,1,1,2,95277,M,"48,9748600","2,4860600",95
202000038408,20,8,30,17:30,1,2,1,1,-1,69383,M,"45,7613598","4,8419315",69
202000038409,20,8,27,09:50,1,1,5,1,3,97213,A,"14,6096300"," -61,0283000",972
202000038410,20,8,28,22:05,4,2,1,1,2,97213,A,"14,6205652"," -60,9891844",972
202000038411,20,8,22,05:10,5,2,1,1,-1,69034,M,"45,7910300","4,8681200",69
202000038412,20,8,30,03:35,5,2,1,2,6,2B033,M,"42,6974600","9,4291100",2B
202000038413,20,8,30,10:50,1,2,9,8,6,91174,M,"48,6138480","2,4800250",91
202000038414,20,8,30,21:15,5,2,1,1,2,83069,M,"43,1213500","6,1375900",83
202000038415,20,8,30,18:15,2,2,1,1,6,83069,M,"43,1131930","6,1030070",83
202000038416,20,8,29,14:57,1,1,9,1,-1,77296,M,"48,6058100","2,5824500",77
202000038417,20,8,30,17:45,1,2,1,1,3,69266,M,"45,7761000","4,8710000",69
202000038418,20,8,30,16:00,1,2,3,1,3,69266,M,"45,7795100","4,8917700",69
202000038419,20,8,30,14:30,1,2,1,1,2,69266,M,"45,7662900","4,8971000",69
202000038420,20,8,30,10:30,1,2,1,2,3,64024,M,"43,4878629"," -1,5005148",64
202000038421,20,8,30,01:35,5,2,3,1,1,64024,M,"43,4935000"," -1,5455000",64
202000038422,20,8,29,20:20,2,2,1,2,7,64102,M,"43,4866489"," -1,4676501",64
202000038423,20,8,30,12:30,1,2,1,2,6,45234,M,"47,8989400","1,8963400",45
202000038424,20,8,30,17:27,1,2,1,2,-1,37208,M,"47,3474917","0,7346729",37
202000038425,20,8,30,15:50,1,2,9,3,6,37122,M,"47,3474670","0,6460164",37
202000038426,20,8,30,17:05,1,2,1,1,4,37261,M,"47,3936508","0,6637463",37
202000038427,20,8,30,04:15,5,2,1,1,7,29232,M,"47,9887411"," -4,1111618",29
202000038428,20,8,30,20:10,1,2,6,1,1,26362,M,"44,9053120","4,8829830",26
202000038429,20,8,30,00:35,5,2,1,1,6,18033,M,"47,0758900","2,3765200",18
202000038430,20,8,28,12:45,1,2,9,1,2,15014,M,"44,9225850","2,4274680",15
202000038431,20,8,29,08:25,1,2,1,1,1,13214,M,"43,3321783","5,3815171",13
202000038432,20,8,30,06:33,5,2,1,2,7,10387,M,"48,2962000","4,0940000",10
202000038433,20,8,30,17:05,1,2,1,1,1,06088,M,"43,7001000","7,2382000",06
202000038434,20,8,30,12:45,1,2,1,1,4,06069,M,"43,6410460","6,9145790",06
202000038435,20,8,30,15:15,1,2,1,1,7,75114,M,"48,8165810","2,3389390",75
202000038436,20,8,30,10:00,1,2,4,2,6,75120,M,"48,8612300","2,4137570",75
202000038437,20,8,29,17:00,1,2,1,2,6,75119,M,"48,8821140","2,4016940",75
202000038438,20,8,29,15:00,1,2,5,1,2,75105,M,"48,8412660","2,3435970",75
202000038439,20,8,29,22:30,5,2,7,1,2,75118,M,"48,8906490","2,3545320",75
202000038440,20,8,30,16:10,1,2,1,1,7,75117,M,"48,8828860","2,2871750",75
202000038441,20,8,30,03:00,5,2,3,1,3,75117,M,"48,8919260","2,3179350",75
202000038442,20,8,29,21:45,5,2,7,1,2,75107,M,"48,8468640","2,3167120",75
202000038443,20,8,30,02:40,5,2,2,1,6,75107,M,"48,8624680","2,3016100",75
202000038444,20,8,30,14:10,1,2,1,2,5,94003,M,"48,8046500","2,3294000",94
202000038445,20,8,30,12:35,1,2,1,8,3,94073,M,"48,7570350","2,3737190",94
202000038446,20,8,30,11:10,1,2,2,2,6,94034,M,"48,7586440","2,3240330",94
202000038447,20,8,30,19:25,2,2,1,2,2,94022,M,"48,7701100","2,4253900",94
202000038448,20,8,30,08:00,2,2,2,2,3,94017,M,"48,8150160","2,5380600",94
202000038449,20,8,30,21:25,3,1,1,2,7,93073,M,"49,0034339","2,5367413",93
202000038450,20,8,30,17:00,1,1,1,1,7,93073,M,"48,9896000","2,5622000",93
202000038451,20,8,30,11:45,1,2,2,2,7,93027,M,"48,9194600","2,3841000",93
202000038452,20,8,30,02:45,5,2,1,1,6,93057,M,"48,9105600","2,5131700",93
202000038453,20,8,30,19:10,1,2,1,1,1,92078,M,"48,9297100","2,3259000",92
202000038454,20,8,29,16:50,1,2,2,2,1,92025,M,"48,9343200","2,2558790",92
202000038455,20,8,30,01:20,5,2,6,1,-1,92060,M,"48,7763700","2,2499600",92
202000038456,20,8,30,19:40,1,2,1,1,6,92012,M,"48,8394880","2,2421410",92
202000038457,20,8,30,10:50,1,1,1,1,2,08119,M,"49,6694630","4,8889670",08
202000038458,20,8,5,10:30,1,2,6,1,1,24442,M,"45,1222100","0,4957530",24
202000038459,20,8,30,00:30,4,1,6,1,6,95313,M,"49,1037690","2,2491560",95
202000038460,20,8,30,11:40,1,1,1,1,7,84091,M,"44,1647210","4,7682270",84
202000038461,20,8,30,09:30,1,1,1,3,7,76516,M,"49,7190133","1,4213397",76
202000038462,20,8,30,20:00,2,2,1,1,6,57226,M,"49,3558730","5,9941950",57
202000038463,20,8,28,13:15,1,1,1,1,7,57334,M,"48,6854080","7,1826980",57
202000038464,20,8,30,10:27,1,2,1,1,6,56252,M,"47,5260360"," -2,6471470",56
202000038465,20,8,31,16:20,1,1,1,8,3,2A130,M,"41,8818680","8,9541820",2A
202000038466,20,8,29,17:00,1,1,1,1,7,71014,M,"46,9296473","4,3645481",71
202000038467,20,8,31,14:30,1,2,2,8,3,63430,M,"45,8485020","3,5331770",63
202000038468,20,8,30,11:55,1,2,1,1,3,63040,M,"45,7353958","3,3358100",63
202000038469,20,7,30,21:10,1,2,1,1,3,76711,M,"50,0642980","1,3794390",76
202000038470,20,8,30,11:35,1,1,1,1,1,12254,M,"44,4260570","2,5292370",12
202000038471,20,8,31,08:55,2,2,1,1,6,35360,M,"48,1231320"," -1,2139730",35
202000038472,20,8,30,16:50,1,1,3,1,3,35234,M,"48,2237140"," -2,1776550",35
202000038473,20,8,27,08:55,1,2,1,1,6,29162,M,"48,2257340"," -3,9701520",29
202000038474,20,8,20,15:55,1,1,1,1,1,29290,M,"48,5536240"," -4,5581620",29
202000038475,20,8,29,14:40,1,1,3,1,3,29168,M,"48,0373539"," -4,7141109",29
202000038476,20,8,31,13:15,1,2,1,1,6,31487,M,"43,1600050","0,6960120",31
202000038477,20,8,31,07:10,2,1,1,1,1,31345,M,"43,4039480","1,4288400",31
202000038478,20,6,13,00:04,3,1,1,1,6,72158,M,"48,0438970","0,6198810",72
202000038479,20,8,31,09:50,1,1,1,1,-1,05010,M,"44,5520990","5,7733150",05
202000038480,20,8,31,14:30,1,2,5,1,3,64275,M,"43,1729550"," -1,2197610",64
202000038481,20,8,29,18:20,1,1,1,1,1,64014,M,"43,3165290"," -1,4900640",64
202000038482,20,8,28,14:45,1,1,1,2,1,64035,M,"43,4381190"," -1,5496840",64
202000038483,20,8,28,11:15,1,1,1,2,3,43213,M,"45,2565520","4,2765360",43
202000038484,20,8,31,12:25,1,2,1,8,6,43211,M,"45,2182940","4,1337780",43
202000038485,20,8,29,05:45,3,1,1,1,6,36096,M,"46,7488740","1,1604950",36
202000038486,20,8,30,15:15,1,2,1,1,7,21599,M,"47,5843621","5,1827802",21
202000038487,20,8,28,16:10,1,1,1,2,6,40233,M,"43,6222790"," -0,9962180",40
202000038488,20,8,31,16:30,1,1,1,1,7,04124,M,"43,7358600","6,0790630",04
202000038489,20,8,30,19:45,1,2,2,1,3,85284,M,"46,7960900"," -1,9004500",85
202000038490,20,8,31,14:50,1,2,1,1,6,85076,M,"47,0737600"," -1,2522500",85
202000038491,20,8,15,09:30,1,1,6,1,7,30341,M,"43,5720900","4,3074990",30
202000038492,20,8,30,15:00,1,1,1,3,-1,77453,M,"48,5393410","2,7956772",77
202000038493,20,2,1,21:55,5,2,2,2,3,33063,M,"44,8333400"," -0,5985500",33
202000038494,20,1,28,08:50,2,2,2,1,6,33522,M,"44,8106070"," -0,5914620",33
202000038495,20,2,9,03:15,5,2,4,1,3,31555,M,"43,6473400","1,4201300",31
202000038496,20,2,10,18:25,1,2,2,1,3,29019,M,"48,3928500"," -4,4620900",29
202000038497,20,2,8,07:30,5,2,1,1,6,29019,M,"48,4018980"," -4,4882325",29
202000038498,20,2,10,09:05,1,2,2,6,3,25462,M,"46,9087100","6,3477100",25
202000038499,20,2,8,15:15,1,2,3,1,3,25056,M,"47,2466700","6,0306100",25
202000038500,20,2,7,16:55,1,2,1,1,2,19031,M,"45,1558300","1,5177200",19
202000038501,20,2,7,20:00,5,1,1,1,3,13071,M,"43,4111380","5,3289830",13
202000038502,20,2,10,16:30,1,2,2,1,3,13213,M,"43,3392220","5,4393740",13
202000038503,20,2,10,15:20,1,2,1,1,6,13209,M,"43,2724510","5,4062950",13
202000038504,20,2,10,10:45,1,2,1,1,6,13203,M,"43,3179600","5,3740300",13
202000038505,20,2,10,06:50,2,2,1,1,1,13209,M,"43,2512000","5,3991000",13
202000038506,20,2,9,12:20,1,2,2,1,3,11069,M,"43,2113510","2,3264837",11
202000038507,20,2,8,16:47,1,2,1,1,3,09225,M,"43,1009419","1,6231656",09
202000038508,20,2,8,18:10,2,2,1,1,6,09207,M,"42,9425230","1,6315440",09
202000038509,20,2,9,10:39,1,2,1,8,6,08105,M,"49,7419000","4,7263000",08
202000038510,20,2,8,15:35,1,2,4,1,3,05061,M,"44,5407100","6,0571500",05
202000038511,20,2,10,21:35,5,2,1,2,-1,75118,M,"48,9008020","2,3698070",75
202000038512,20,2,9,21:30,5,2,1,1,2,75119,M,"48,8796300","2,4071600",75
202000038513,20,2,10,19:15,5,2,2,2,6,75119,M,"48,8987320","2,3711100",75
202000038514,20,2,10,14:05,1,2,2,2,3,75119,M,"48,8797650","2,4084030",75
202000038515,20,2,10,09:43,1,2,4,1,6,75118,M,"48,8844860","2,3494880",75
202000038516,20,2,10,09:15,1,2,2,1,7,75117,M,"48,8832740","2,3127200",75
202000038517,20,2,10,14:15,1,2,7,2,7,75116,M,"48,8513440","2,2784890",75
202000038518,20,2,9,11:30,1,2,3,1,2,75116,M,"48,8645160","2,2698260",75
202000038519,20,2,10,17:00,2,2,1,6,1,75107,M,"48,8520130","2,2995720",75
202000038520,20,2,10,15:00,1,2,3,3,6,75115,M,"48,8373960","2,2796090",75
202000038521,20,2,10,06:45,4,2,7,3,6,75115,M,"48,8277320","2,2922100",75
202000038522,20,2,10,09:00,1,2,5,1,6,75114,M,"48,8419130","2,3296060",75
202000038523,20,2,8,22:25,5,2,4,8,6,75113,M,"48,8297090","2,3494050",75
202000038524,20,2,10,11:11,1,2,7,1,3,75108,M,"48,8735210","2,2958440",75
202000038525,20,2,10,02:30,5,2,3,6,3,75108,M,"48,8742300","2,2995420",75
202000038526,20,2,8,14:45,1,2,1,1,2,94003,M,"48,8082850","2,3320400",94
202000038527,20,2,10,19:45,5,2,1,2,6,94028,M,"48,7833500","2,4472200",94
202000038528,20,2,10,16:30,1,2,3,2,6,93066,M,"48,9276956","2,3638012",93
202000038529,20,2,10,12:40,1,2,1,1,2,93048,M,"48,8595534","2,4376076",93
202000038530,20,2,10,19:50,5,2,2,3,5,93032,M,"48,8769300","2,5491000",93
202000038531,20,2,9,22:30,5,2,1,2,1,93027,M,"48,9214742","2,3813545",93
202000038532,20,2,10,11:20,1,2,1,6,2,92026,M,"48,8968670","2,2412710",92
202000038533,20,2,9,18:15,1,2,3,1,-1,92025,M,"48,9235947","2,2597262",92
202000038534,20,2,10,17:12,1,2,3,2,7,92032,M,"48,7936718","2,2974394",92
202000038535,20,2,10,19:05,5,2,1,2,6,92007,M,"48,7903936","2,3145425",92
202000038536,20,2,10,11:35,1,1,1,1,3,33065,M,"44,8094600"," -0,5245800",33
202000038537,20,2,10,08:40,1,1,1,2,3,33075,M,"44,8889900"," -0,6181000",33
202000038538,20,2,5,15:10,1,1,1,1,6,59431,M,"50,6917478","2,8154612",59
202000038539,20,2,10,13:50,1,1,1,1,4,91286,M,"48,6569800","2,3772630",91
202000038540,20,2,10,18:45,5,1,1,3,2,92050,M,"48,9038215","2,2068111",92
202000038541,20,2,9,19:30,3,1,1,3,2,93053,M,"48,8872255","2,4739409",93
202000038542,20,2,9,09:50,1,1,1,6,2,95678,M,"49,0694900","2,2483900",95
202000038543,20,2,9,00:45,3,1,1,1,6,93005,M,"48,9618000","2,4670000",93
202000038544,20,2,8,22:45,3,1,1,2,6,95277,M,"48,9727179","2,4850190",95
202000038545,20,2,8,23:00,3,1,1,1,7,95306,M,"49,0026100","2,1700200",95
202000038546,20,2,10,05:30,5,1,1,1,4,94073,M,"48,7718385","2,3942454",94
202000038547,20,2,10,08:22,1,2,3,2,3,98818,C," -22,3031800","166,4364700",988
202000038548,20,2,8,19:50,5,2,3,1,3,98818,C," -22,2803500","166,4485800",988
202000038549,20,2,9,20:57,5,2,3,1,3,97611,Y," -12,7779000","45,2283600",976
202000038550,20,2,6,14:50,1,1,9,2,3,97416,R," -21,2987000","55,4974200",974
202000038551,20,2,9,08:40,1,2,1,1,2,97411,R," -20,8909100","55,4531500",974
202000038552,20,2,9,11:30,1,1,9,1,4,97407,R," -20,9563400","55,3104500",974
202000038553,20,2,9,19:30,5,2,1,1,6,69388,M,"45,7360900","4,8559000",69