Num_Acc,an,mois,jour,hrmn,lum,agg,int,atm,col,com,gps,lat,long,dep
202000038554,20,2,9,02:55,5,2,2,1,3,69386,M,"45,7662500","4,8592400",69
202000038555,20,2,8,22:00,5,2,1,1,6,69384,M,"45,7731819","4,8154128",69
202000038556,20,2,9,14:55,1,2,1,1,1,69034,M,"45,7830000","4,8441000",69
202000038557,20,2,8,11:50,1,2,9,1,6,69381,M,"45,7741700","4,8292300",69
202000038558,20,2,9,10:00,1,2,1,1,3,69034,M,"45,8037000","4,8611000",69
202000038559,20,2,7,15:00,1,1,1,1,2,78517,M,"48,6742700","1,8399300",78
202000038560,20,2,9,06:05,5,2,1,1,6,77293,M,"48,3611900","3,0843190",77
202000038561,20,1,20,09:50,1,2,1,1,6,73008,M,"45,6969264","5,8954781",73
202000038562,20,2,9,14:30,1,1,3,1,3,65100,M,"43,2680390","0,0764670",65
202000038563,20,2,9,14:45,1,2,1,1,1,64189,M,"43,3832400"," -1,6667000",64
202000038564,20,2,9,06:00,5,2,1,1,1,64024,M,"43,4905800"," -1,5336600",64
202000038565,20,2,9,05:30,5,2,1,1,2,51454,M,"49,2449802","4,0125117",51
202000038566,20,2,9,03:00,3,2,1,1,6,37122,M,"47,3678190","0,6448085",37
202000038567,20,2,9,21:00,5,2,2,6,3,37261,M,"47,3927571","0,7011246",37
202000038568,20,2,8,11:25,1,2,1,2,-1,34172,M,"43,6151200","3,8639600",34
202000038569,20,2,9,13:20,1,2,6,1,5,33119,M,"44,8656500"," -0,5138500",33
202000038570,20,2,9,12:30,1,2,8,1,3,33063,M,"44,8567400"," -0,5616000",33
202000038571,20,2,9,19:55,3,2,6,1,6,33009,M,"44,6460700"," -1,1899000",33
202000038572,20,2,8,18:25,3,2,1,2,2,33529,M,"44,6335600"," -1,1713200",33
202000038573,20,2,8,20:38,5,2,1,1,2,32013,M,"43,6476400","0,5887400",32
202000038574,20,2,9,17:03,1,2,1,2,6,29232,M,"47,9860900"," -4,0537100",29
202000038575,20,2,8,11:20,1,1,1,1,6,29232,M,"47,9848593"," -4,1057350",29
202000038576,20,2,8,09:50,1,1,1,1,3,29232,M,"47,9825100"," -4,1030500",29
202000038577,20,2,7,17:00,2,2,2,1,3,25056,M,"47,2445600","5,9930300",25
202000038578,20,2,9,11:00,1,1,1,1,2,13117,M,"43,4323000","5,2778800",13
202000038579,20,2,9,20:20,5,2,6,1,3,13213,M,"43,3334250","5,4101240",13
202000038580,20,2,9,09:45,1,2,1,1,6,13213,M,"43,3671460","5,4432740",13
202000038581,20,2,9,01:20,5,2,1,1,2,13211,M,"43,2901600","5,4416100",13
202000038582,20,2,7,15:40,1,2,1,1,2,11262,M,"43,1755000","2,9932300",11
202000038583,20,2,7,17:10,1,2,1,1,3,04112,M,"43,8183120","5,7971300",04
202000038584,20,2,8,17:00,1,2,6,1,3,03185,M,"46,3575618","2,5853690",03
202000038585,20,1,30,18:23,5,2,1,2,6,03185,M,"46,3509833","2,5997708",03
202000038586,20,2,6,20:25,3,2,1,1,7,75114,M,"48,8164400","2,3430450",75
202000038587,20,2,8,11:00,1,2,1,1,2,75106,M,"48,8540290","2,3322760",75
202000038588,20,2,9,20:30,5,2,2,2,6,75120,M,"48,8591400","2,4021120",75
202000038589,20,2,9,15:34,1,2,3,6,3,75120,M,"48,8676830","2,3825110",75
202000038590,20,2,9,20:15,5,2,3,2,3,75119,M,"48,8997790","2,3879860",75
202000038591,20,2,9,14:25,1,2,3,6,-1,75117,M,"48,8804650","2,2863630",75
202000038592,20,2,9,05:30,5,2,2,1,6,75109,M,"48,8719820","2,3400460",75
202000038593,20,2,9,01:50,5,2,3,1,6,75103,M,"48,8683350","2,3597000",75
202000038594,20,2,9,21:10,5,2,2,2,3,93053,M,"48,8871000","2,4559000",93
202000038595,20,2,9,12:10,1,2,1,1,2,93033,M,"48,8632827","2,5763327",93
202000038596,20,2,9,19:00,5,2,3,2,3,92026,M,"48,9027110","2,2585500",92
202000038597,20,2,9,19:15,5,2,2,2,6,92012,M,"48,8341795","2,2396834",92
202000038598,20,2,9,09:25,1,1,1,1,3,13070,M,"43,2847600","5,5189930",13
202000038599,20,2,9,06:20,3,1,1,1,2,13211,M,"43,2908000","5,4864400",13
202000038600,20,2,9,09:00,1,1,1,1,7,13071,M,"43,4149255","5,2786519",13
202000038601,20,2,8,16:00,1,1,1,1,4,13215,M,"43,3679220","5,3607290",13
202000038602,20,2,9,06:00,3,1,9,1,6,69290,M,"45,7075000","4,9563000",69
202000038603,20,1,20,19:45,3,1,1,1,2,69272,M,"45,5921000","4,8405000",69
202000038604,20,2,9,03:40,3,1,1,1,6,91174,M,"48,6108200","2,4449400",91
202000038605,20,1,9,08:15,5,2,1,2,6,93005,M,"48,9568838","2,4791986",93
202000038606,20,2,9,19:00,1,1,1,2,4,92064,M,"48,8369940","2,1873551",92
202000038607,20,1,9,14:15,1,2,3,8,3,92078,M,"48,9296820","2,3262560",92
202000038608,20,2,9,19:30,3,1,1,2,5,92036,M,"48,9361027","2,2878975",92
202000038609,20,1,9,19:24,1,2,3,1,-1,92046,M,"48,8191790","2,3029840",92
202000038610,20,2,9,08:00,3,1,1,3,2,78431,M,"48,9410940","1,9531500",78
202000038611,20,1,9,12:35,1,2,6,2,6,92075,M,"48,8205000","2,2905000",92
202000038612,20,1,7,19:10,5,2,1,2,4,92072,M,"48,8244400","2,2287800",92
202000038613,20,2,9,07:00,5,1,1,1,5,94042,M,"48,8272864","2,4692556",94
202000038614,20,1,7,16:20,1,1,1,2,6,92064,M,"48,8494300","2,2181000",92
202000038615,20,2,8,23:00,3,1,1,1,-1,77175,M,"48,6653863","2,6131551",77
202000038616,20,1,9,09:40,1,2,1,2,-1,92062,M,"48,8773614","2,2438060",92
202000038617,20,2,8,16:30,1,1,1,2,3,94073,M,"48,7696556","2,3800081",94
202000038618,20,1,9,08:30,2,2,1,2,3,92051,M,"48,8907123","2,2757547",92
202000038619,20,1,8,22:30,5,2,5,1,3,92051,M,"48,8761960","2,2465580",92
202000038620,20,2,7,19:00,3,1,1,1,4,77169,M,"48,8317200","2,6013170",77
202000038621,20,1,9,12:15,1,2,1,2,2,92026,M,"48,9043636","2,2559264",92
202000038622,20,2,9,05:10,2,2,2,1,3,98818,C," -22,2675200","166,4374200",988
202000038623,20,1,7,21:30,5,2,2,1,3,92025,M,"48,9144370","2,2289590",92
202000038624,20,2,8,08:40,1,1,2,1,3,97416,R," -21,3066000","55,4207500",974
202000038625,20,1,9,17:40,5,2,1,2,6,92012,M,"48,8324840","2,2509150",92
202000038626,20,2,7,17:00,1,1,1,1,2,97407,R," -20,9589100","55,3200000",974
202000038627,20,1,9,09:30,1,2,1,2,7,92012,M,"48,8328920","2,2407570",92
202000038628,20,1,9,08:50,1,2,1,8,6,92012,M,"48,8358042","2,2423106",92
202000038629,20,2,7,21:29,5,2,1,1,1,97302,G,"4,9410593"," -52,3028612",973
202000038630,20,1,7,17:23,3,2,2,2,3,91340,M,"48,6035190","2,4258340",91
202000038631,20,2,8,14:00,1,2,1,1,3,97302,G,"4,9334486"," -52,3270011",973
202000038632,20,1,9,19:55,5,2,1,1,6,26353,M,"44,6618930","4,7899170",26
202000038633,20,2,8,14:40,1,2,2,1,6,69383,M,"45,7553400","4,8475700",69
202000038634,20,1,8,17:30,2,1,1,1,3,33171,M,"44,5951400","0,0543200",33
202000038635,20,1,31,01:05,3,2,9,1,6,97209,A,"14,6098700"," -61,0688200",972
202000038636,20,2,8,16:00,1,2,3,1,1,69382,M,"45,7451300","4,8181800",69
202000038637,20,1,9,19:45,3,2,2,2,3,10281,M,"48,3690230","3,9010680",10
202000038638,20,1,9,07:10,1,2,1,1,7,97422,R," -21,2887130","55,5237710",974
202000038639,20,2,8,14:10,1,2,1,1,2,69389,M,"45,7833700","4,8077100",69
202000038640,20,2,8,14:15,1,2,1,1,6,69286,M,"45,8139800","4,8942000",69
202000038641,20,1,9,22:30,3,1,1,2,-1,38133,M,"45,3653200","5,6214500",38
202000038642,20,2,8,23:25,5,2,2,8,6,91434,M,"48,6606600","2,3475800",91
202000038643,20,1,9,09:05,1,2,1,1,3,83054,M,"43,1608000","6,0419860",83
202000038644,20,2,8,07:20,5,2,9,1,6,91174,M,"48,6139600","2,4775200",91
202000038645,20,2,8,16:45,1,2,1,1,6,83144,M,"43,1412347","6,0114419",83
202000038646,20,1,10,08:00,3,1,1,1,1,79123,M,"46,7322010"," -0,6709190",79
202000038647,20,2,8,03:44,5,2,1,1,6,81004,M,"43,9278600","2,1491500",81
202000038648,20,1,10,12:45,1,2,9,1,3,2B207,M,"42,4480030","9,5069830",2B
202000038649,20,2,8,21:00,5,2,1,8,1,77514,M,"48,9387260","2,6042080",77
202000038650,20,2,8,15:40,1,2,1,1,2,71270,M,"46,3166849","4,8226874",71
202000038651,20,1,9,17:20,1,1,2,2,3,33544,M,"45,5350170"," -1,0992470",33
202000038652,20,1,7,15:45,1,1,1,7,2,32163,M,"43,5853606","0,0288275",32
202000038653,20,1,10,15:25,1,2,2,1,1,89197,M,"47,5116840","4,0917310",89
202000038654,20,1,7,15:10,1,2,1,1,7,63178,M,"45,5426385","3,2508398",63
202000038655,20,1,9,13:18,1,2,2,1,6,25259,M,"46,8567310","6,1619780",25
202000038656,20,2,8,17:40,5,2,2,1,3,69266,M,"45,7804200","4,8829900",69
202000038657,20,1,10,07:50,5,2,6,1,3,44003,M,"47,3771490"," -1,1809740",44
202000038658,20,1,9,18:20,2,1,1,3,2,29076,M,"48,4537840"," -4,6248360",29
202000038659,20,2,7,16:25,1,2,1,1,3,69091,M,"45,5920000","4,7703000",69
202000038660,20,1,8,07:30,5,2,6,1,6,31424,M,"43,5666040","1,2974790",31
202000038661,20,1,27,11:35,1,2,1,1,2,68166,M,"47,7812800","7,3298100",68
202000038662,20,1,27,10:30,1,2,6,1,3,68166,M,"47,7892000","7,3151700",68
202000038663,20,1,9,17:45,3,1,2,1,3,14431,M,"49,0483110"," -0,1110430",14
202000038664,20,2,7,12:15,1,1,6,1,3,67180,M,"48,8005150","7,8397021",67
202000038665,20,1,10,14:45,1,1,1,2,1,45281,M,"48,0404742","3,0334787",45
202000038666,20,2,8,18:45,2,2,1,1,3,64445,M,"43,3116400"," -0,3512300",64
202000038667,20,1,10,16:15,1,2,3,1,6,16140,M,"45,8812860","0,1830990",16
202000038668,20,2,8,21:30,5,2,1,8,7,64140,M,"43,5288686"," -1,4824033",64
202000038669,20,1,10,18:20,5,2,1,1,6,53096,M,"48,3000390"," -0,9367720",53
202000038670,20,2,8,14:20,1,2,2,1,3,64102,M,"43,4940300"," -1,4530700",64
202000038671,20,1,6,10:00,1,1,6,1,3,37179,M,"47,4487397","0,7266287",37
202000038672,20,2,8,16:30,1,2,1,1,6,60159,M,"49,4184000","2,8249900",60
202000038673,20,1,10,15:12,1,1,1,3,2,88430,M,"48,1923990","5,7727010",88
202000038674,20,1,5,17:00,2,2,6,1,6,69244,M,"45,7507030","4,7653740",69
202000038675,20,2,8,09:30,1,2,1,1,2,54498,M,"48,7216300","6,2705000",54
202000038676,20,2,8,08:10,1,2,1,3,6,44109,M,"47,2223700"," -1,5969200",44
202000038677,20,1,9,21:20,3,1,1,1,1,98811,C," -21,0878400","164,8814500",988
202000038678,20,2,8,05:30,5,2,1,1,1,39198,M,"47,0919670","5,4906330",39
202000038679,20,1,10,09:30,1,1,1,2,2,95141,M,"49,1440230","1,8051530",95
202000038680,20,2,8,16:55,1,1,1,2,4,37122,M,"47,3719369","0,6535630",37
202000038681,20,1,10,08:10,2,1,1,2,1,91041,M,"48,5679950","2,2274840",91
202000038682,20,2,8,10:40,1,1,9,2,3,35189,M,"48,1544300"," -1,7019600",35
202000038683,20,1,9,12:45,1,2,1,2,-1,91540,M,"48,5536890","2,1251390",91
202000038684,20,2,8,02:50,5,2,1,1,6,35238,M,"48,1079500"," -1,6819300",35
202000038685,20,1,10,07:35,1,2,1,1,-1,66217,M,"42,6131300","2,8103700",66
202000038686,20,2,7,21:30,3,1,6,1,3,35051,M,"48,1011960"," -1,6095540",35
202000038687,20,1,10,12:35,1,2,3,1,6,66069,M,"42,7771580","2,8350200",66
202000038688,20,2,9,01:15,5,1,1,1,3,29232,M,"47,9691996"," -4,0853550",29
202000038689,20,2,8,06:55,5,2,1,2,6,27299,M,"49,0414500","1,1592200",27
202000038690,20,2,8,13:45,1,2,1,1,7,13205,M,"43,2988200","5,3957100",13
202000038691,20,2,7,13:30,1,2,1,1,6,13028,M,"43,1866370","5,6003810",13
202000038692,20,1,9,17:15,2,2,1,2,6,86062,M,"46,6501184","0,3635407",86
202000038693,20,1,9,20:00,5,2,6,1,3,60628,M,"49,4182940","2,1621230",60
202000038694,20,2,8,12:23,1,2,1,1,3,09225,M,"43,1144793","1,6139090",09
202000038695,20,1,9,07:45,3,1,1,1,5,33448,M,"44,7184800"," -0,5207500",33
202000038696,20,2,7,22:40,5,2,1,1,2,75120,M,"48,8509350","2,4154350",75
202000038697,20,1,9,11:00,1,1,1,1,3,94003,M,"48,8098400","2,3389900",94
202000038698,20,2,7,17:40,1,2,1,1,7,75119,M,"48,8865140","2,3970540",75
202000038699,20,1,9,07:50,3,1,1,8,5,91689,M,"48,7439000","2,3232000",91
202000038700,20,2,7,15:30,1,2,1,1,2,75116,M,"48,8566240","2,2575090",75
202000038701,20,1,9,09:12,1,1,1,1,3,92036,M,"48,9347100","2,2819600",92
202000038702,20,2,8,07:30,2,2,2,1,3,75105,M,"48,8530900","2,3468430",75
202000038703,20,1,9,09:00,2,1,1,2,-1,92051,M,"48,8861200","2,2558300",92
202000038704,20,1,9,09:05,2,1,1,2,-1,92051,M,"48,8861200","2,2558300",92
202000038705,20,2,8,19:12,5,2,3,1,6,75119,M,"48,8866070","2,3847970",75
202000038706,20,1,8,12:30,1,1,1,2,3,78490,M,"48,7997770","1,9846020",78
202000038707,20,2,7,23:45,5,2,3,1,6,75116,M,"48,8386520","2,2517690",75
202000038708,20,1,9,21:14,3,1,1,8,6,93027,M,"48,9328200","2,4032500",93
202000038709,20,2,7,17:00,1,2,5,1,3,75116,M,"48,8513420","2,2784920",75
202000038710,20,1,9,01:45,3,1,1,2,6,95607,M,"49,0118900","2,2237900",95
202000038711,20,2,8,01:28,5,2,1,1,6,75115,M,"48,8511680","2,2923380",75
202000038712,20,1,8,16:45,2,1,1,2,2,93039,M,"48,9273100","2,3334000",93
202000038713,20,2,8,20:45,5,2,3,2,2,75112,M,"48,8241910","2,4228000",75
202000038714,20,2,8,21:00,5,2,4,2,3,75111,M,"48,8665100","2,3679780",75
202000038715,20,1,8,08:00,2,1,1,1,5,95277,M,"48,9799623","2,4973498",95
202000038716,20,2,7,15:00,1,2,1,1,6,75109,M,"48,8734390","2,3276330",75
202000038717,20,1,9,20:00,5,1,1,2,7,94015,M,"48,8294536","2,5282723",94
202000038718,20,1,9,17:15,2,1,1,2,7,94017,M,"48,8284417","2,5027316",94
202000038719,20,2,8,18:00,2,2,3,2,7,75108,M,"48,8713900","2,3027820",75
202000038720,20,1,9,08:30,1,1,1,2,3,94017,M,"48,8272000","2,5098000",94
202000038721,20,1,9,07:55,2,1,1,2,4,94033,M,"48,8506813","2,4908082",94
202000038722,20,2,8,17:50,2,2,1,2,3,75108,M,"48,8770410","2,3027620",75
202000038723,20,1,8,16:00,1,1,1,1,2,94033,M,"48,8520234","2,4897043",94
202000038724,20,2,8,06:50,5,2,7,8,-1,75108,M,"48,8648840","2,3211890",75
202000038725,20,1,8,15:00,1,1,1,2,2,77122,M,"48,6632470","2,6134160",77
202000038726,20,2,8,15:45,1,2,2,2,6,75101,M,"48,8601170","2,3333320",75
202000038727,20,1,8,06:15,3,1,1,1,2,94017,M,"48,8302200","2,4886400",94
202000038728,20,2,7,10:00,1,2,7,1,2,94068,M,"48,8019090","2,4920340",94
202000038729,20,2,7,21:30,5,2,1,1,1,94042,M,"48,8198900","2,4791600",94
202000038730,20,1,7,10:40,1,2,3,8,3,94056,M,"48,6938900","2,5569300",94
202000038731,20,2,8,22:38,5,2,1,2,7,94076,M,"48,7876214","2,3677727",94
202000038732,20,1,8,11:55,1,1,3,1,-1,97407,R," -20,9396950","55,3031430",974
202000038733,20,2,8,13:40,1,2,1,1,6,94038,M,"48,7782000","2,3420400",94
202000038734,20,1,8,13:35,1,2,2,1,3,69383,M,"45,7389994","4,8920724",69
202000038735,20,2,8,07:30,5,2,1,1,6,94073,M,"48,7621000","2,3684500",94
202000038736,20,1,8,18:30,5,2,1,1,3,69389,M,"45,7643900","4,7954200",69
202000038737,20,1,8,12:30,1,2,1,1,6,69389,M,"45,7859258","4,8079082",69
202000038738,20,2,7,22:20,5,2,4,1,3,94071,M,"48,7719676","2,5197691",94
202000038739,20,1,8,16:00,1,2,3,1,6,91174,M,"48,6109600","2,4568400",91
202000038740,20,2,8,04:20,5,2,1,1,6,93048,M,"48,8588041","2,4668650",93
202000038741,20,1,7,21:24,5,2,1,2,3,87085,M,"45,8200700","1,2553600",87
202000038742,20,2,8,11:00,1,2,1,1,6,93077,M,"48,8821600","2,4962100",93
202000038743,20,2,7,23:30,5,2,3,1,6,93048,M,"48,8696073","2,4598367",93
202000038744,20,1,8,19:04,5,2,9,2,6,78551,M,"48,8956900","2,0812400",78
202000038745,20,1,8,18:35,3,1,1,2,2,77118,M,"48,9438219","2,6685907",77
202000038746,20,2,8,18:30,5,2,1,2,6,93013,M,"48,9327100","2,4130400",93
202000038747,20,1,7,07:40,5,2,3,1,3,76351,M,"49,4861400","0,1513200",76
202000038748,20,2,8,18:10,5,2,1,2,6,93005,M,"48,9319564","2,5048466",93
202000038749,20,1,7,13:45,1,2,1,1,6,76351,M,"49,5001700","0,1764900",76
202000038750,20,2,7,17:30,5,2,1,1,1,92064,M,"48,8546100","2,2119700",92
202000038751,20,1,8,07:00,5,2,1,1,6,69266,M,"45,7572000","4,8853000",69
202000038752,20,1,7,10:55,1,2,1,1,3,67043,M,"48,6135390","7,7551840",67
202000038753,20,2,7,11:55,1,2,2,1,3,92024,M,"48,9087800","2,2998600",92
202000038754,20,1,8,10:00,1,2,1,1,6,64483,M,"43,3857200"," -1,6628600",64
202000038755,20,1,8,17:44,5,2,1,1,3,64445,M,"43,3148900"," -0,3779000",64
202000038756,20,2,9,14:10,1,2,1,1,5,30202,M,"44,2506250","4,6436440",30
202000038757,20,1,7,12:05,1,2,1,1,2,64445,M,"43,3112200"," -0,3547700",64
202000038758,20,2,8,21:15,4,1,1,1,6,76728,M,"49,4897662","0,9997846",76
202000038759,20,2,7,12:20,1,1,1,1,1,16317,M,"45,9403770"," -0,0090550",16
202000038760,20,1,8,16:25,1,2,3,1,3,64102,M,"43,4791200"," -1,4843300",64
202000038761,20,2,9,01:00,3,1,1,5,6,17172,M,"45,5401280"," -0,6546200",17
202000038762,20,1,8,09:35,1,2,6,1,2,64024,M,"43,5012000"," -1,5274000",64
202000038763,20,2,8,15:55,1,2,1,1,3,81036,M,"43,4976900","2,4005310",81
202000038764,20,1,8,15:50,1,2,9,1,-1,62193,M,"50,9464300","1,8585000",62
202000038765,20,1,8,07:34,5,1,9,2,-1,59560,M,"50,5549400","3,0418300",59
202000038766,20,2,7,11:55,1,2,1,1,2,88009,M,"48,1905560","6,9518300",88
202000038767,20,1,3,14:55,1,2,1,2,6,59286,M,"50,6119900","2,9759100",59
202000038768,20,1,7,18:25,3,2,1,2,1,56121,M,"47,7369000"," -3,3642200",56
202000038769,20,1,7,13:45,1,2,1,2,3,56121,M,"47,7616800"," -3,3884400",56
202000038770,20,2,9,01:40,5,2,1,1,1,69260,M,"45,6415840","4,8089590",69
202000038771,20,1,7,10:25,1,2,1,2,3,56121,M,"47,7663300"," -3,4012000",56
202000038772,20,2,4,10:50,1,1,1,1,4,83140,M,"43,4057100","5,9276930",83
202000038773,20,1,6,19:00,5,2,2,2,6,50502,M,"49,1150900"," -1,0851000",50
202000038774,20,2,9,01:00,3,1,1,1,7,56024,M,"48,0626360"," -2,7210690",56
202000038775,20,1,3,19:15,5,2,2,1,3,50173,M,"49,6585700"," -1,6909600",50
202000038776,20,2,8,01:05,3,1,9,2,6,56102,M,"47,9570900"," -2,5690630",56
202000038777,20,1,7,15:05,1,2,1,1,7,49007,M,"47,4697600"," -0,5917100",49
202000038778,20,2,7,19:00,3,1,2,1,7,56135,M,"47,7156270"," -2,4407140",56
202000038779,20,1,7,07:47,3,2,1,1,6,49353,M,"47,4504300"," -0,5040900",49
202000038780,20,1,7,18:26,5,2,1,2,2,49007,M,"47,4688680"," -0,5876450",49
202000038781,20,2,8,14:00,1,1,3,7,-1,74255,M,"45,8825360","5,9531840",74
202000038782,20,1,6,19:12,5,2,2,1,3,47201,M,"44,1848000","0,6030500",47
202000038783,20,1,8,13:50,1,2,2,2,3,45286,M,"47,8832000","1,9225800",45
202000038784,20,1,8,11:50,1,2,1,1,6,45285,M,"47,9218400","1,8769800",45
202000038785,20,1,8,11:45,1,2,1,2,6,45285,M,"47,9062658","1,8746642",45
202000038786,20,1,7,19:00,5,2,2,8,3,42187,M,"46,0236800","4,0600500",42
202000038787,20,1,7,16:42,1,2,1,1,6,38544,M,"45,5243500","4,8721800",38
202000038788,20,1,7,08:25,2,1,9,8,2,37214,M,"47,4258971","0,6361100",37
202000038789,20,1,8,07:45,5,2,2,2,3,35238,M,"48,1124700"," -1,6662100",35
202000038790,20,1,8,15:05,1,2,3,1,3,34172,M,"43,6310254","3,8851427",34
202000038791,20,1,8,18:15,5,2,3,1,3,33281,M,"44,8265610"," -0,6638900",33
202000038792,20,1,8,09:40,1,2,2,1,2,33281,M,"44,8561800"," -0,6462800",33
202000038793,20,1,8,17:45,2,2,3,1,3,33529,M,"44,6243500"," -1,1360200",33
202000038794,20,1,7,09:08,1,2,1,1,1,30189,M,"43,8269000","4,3273000",30
202000038795,20,1,8,14:05,1,2,1,1,6,30028,M,"44,1411640","4,6135180",30
202000038796,20,1,8,19:40,5,2,1,1,1,28085,M,"48,4422572","1,4886743",28
202000038797,20,1,8,07:50,2,1,6,1,2,26057,M,"45,0191140","5,0338190",26
202000038798,20,1,7,11:56,1,2,9,1,6,25056,M,"47,2206540","5,9616390",25
202000038799,20,1,7,11:23,1,2,1,8,6,23096,M,"46,1690900","1,8755400",23
202000038800,20,1,8,18:40,5,2,1,1,2,14118,M,"49,2002800"," -0,3698900",14
202000038801,20,1,8,16:00,1,2,1,1,3,13216,M,"43,3611190","5,3367570",13
202000038802,20,1,8,08:20,2,2,1,1,-1,13206,M,"43,2838700","5,3752200",13
202000038803,20,1,7,18:40,3,1,1,1,4,11069,M,"43,2204500","2,3239600",11
202000038804,20,1,7,16:20,1,2,3,1,5,06088,M,"43,6947600","7,2611800",06
202000038805,20,1,8,17:25,5,2,3,1,6,06104,M,"43,7653730","7,4880250",06
202000038806,20,1,8,11:15,1,2,1,1,3,75113,M,"48,8212060","2,3778900",75
202000038807,20,1,8,09:50,1,2,1,1,4,75117,M,"48,8890100","2,2946760",75
202000038808,20,1,8,07:45,5,2,2,8,6,75112,M,"48,8385043","2,3759359",75
202000038809,20,1,8,17:45,5,2,4,1,3,75119,M,"48,8797792","2,4083709",75
202000038810,20,1,8,18:00,5,2,1,8,6,75119,M,"48,8847770","2,3696890",75
202000038811,20,1,7,05:20,5,2,3,2,3,75119,M,"48,8872250","2,3871660",75
202000038812,20,1,8,16:00,1,2,1,1,6,75118,M,"48,8874899","2,3597890",75
202000038813,20,1,8,15:10,1,2,7,8,6,75118,M,"48,8904086","2,3558274",75
202000038814,20,1,8,16:20,2,2,1,1,3,75116,M,"48,8718250","2,2935905",75
202000038815,20,1,8,10:05,1,2,2,8,6,75114,M,"48,8318201","2,3141374",75
202000038816,20,1,8,10:30,1,2,3,8,3,75113,M,"48,8386640","2,3723550",75
202000038817,20,1,8,08:12,2,2,3,8,1,75113,M,"48,8250240","2,3724730",75
202000038818,20,1,8,08:22,1,2,5,1,3,75113,M,"48,8368020","2,3518740",75
202000038819,20,1,8,16:48,5,2,2,1,3,75112,M,"48,8318266","2,3976732",75
202000038820,20,1,8,07:30,5,2,2,1,3,75110,M,"48,8720200","2,3768340",75
202000038821,20,1,8,09:05,1,2,2,1,6,75107,M,"48,8468630","2,3167140",75
202000038822,20,1,8,08:35,2,2,5,8,3,75104,M,"48,8543610","2,3549370",75
202000038823,20,1,8,15:45,1,2,3,8,6,75101,M,"48,8593360","2,3456827",75
202000038824,20,1,8,08:15,1,2,2,8,3,94041,M,"48,8089000","2,3732700",94
202000038825,20,1,8,20:05,5,2,1,1,3,94038,M,"48,7724094","2,3235670",94
202000038826,20,1,8,15:00,1,2,9,1,2,94034,M,"48,7549100","2,3273900",94
202000038827,20,1,8,09:51,1,2,1,1,6,94073,M,"48,7630420","2,3805650",94
202000038828,20,1,7,17:15,1,2,3,1,6,94011,M,"48,7738000","2,4877000",94
202000038829,20,1,7,15:30,1,2,3,2,3,94022,M,"48,7596600","2,4129300",94
202000038830,20,1,8,13:00,1,2,2,2,6,94004,M,"48,7449700","2,5117000",94
202000038831,20,1,8,13:35,1,2,1,8,-1,93066,M,"48,9144908","2,3401693",93
202000038832,20,1,7,10:30,1,2,9,8,6,93055,M,"48,9034200","2,3921700",93
202000038833,20,1,8,16:10,1,2,2,1,6,93050,M,"48,8551300","2,5333600",93
202000038834,20,1,8,16:40,1,2,1,8,6,93048,M,"48,8589000","2,4431000",93
202000038835,20,1,8,13:40,1,2,3,2,3,93048,M,"48,8754000","2,4617000",93
202000038836,20,1,8,15:30,1,2,3,1,3,93010,M,"48,9147000","2,4918000",93
202000038837,20,1,8,18:50,2,2,3,2,6,93008,M,"48,9112500","2,4466000",93
202000038838,20,1,5,20:45,5,2,5,1,1,92050,M,"48,8860500","2,2137800",92
202000038839,20,1,8,16:35,2,2,2,2,6,92044,M,"48,8917542","2,2893141",92
202000038840,20,1,7,19:50,5,2,2,1,7,92036,M,"48,9324490","2,2986450",92
202000038841,20,1,8,17:30,5,2,1,8,1,92060,M,"48,7888200","2,2662600",92
202000038842,20,1,8,13:20,1,2,9,2,6,92012,M,"48,8300127","2,2325428",92
202000038843,20,1,9,17:30,1,2,1,1,6,22050,M,"48,4559350"," -2,0515430",22
202000038844,20,1,8,17:45,1,1,2,1,5,17404,M,"45,6135510"," -0,6634880",17
202000038845,20,1,9,17:30,1,2,9,1,6,64117,M,"43,3771300"," -0,5763010",64
202000038846,20,1,8,17:55,3,1,1,5,3,54590,M,"49,4863840","5,6093820",54
202000038847,20,1,5,10:05,1,1,9,1,7,97423,R," -21,1201020","55,2607660",974
202000038848,20,1,8,18:10,3,1,3,2,2,85109,M,"46,8837670"," -1,0267950",85
202000038849,20,1,8,19:40,5,2,1,2,6,62036,M,"50,4533440","2,2628780",62
202000038850,20,1,8,20:25,5,2,2,2,3,59335,M,"50,4795250","3,4096330",59
202000038851,20,1,8,12:20,1,1,1,2,7,56137,M,"47,7491760"," -2,6912760",56
202000038852,20,1,8,10:00,1,2,1,1,6,79196,M,"46,9516040"," -0,0813940",79
202000038853,20,1,9,17:20,3,1,2,2,3,80832,M,"50,1671060","2,0119570",80
202000038854,20,1,9,14:58,1,1,1,1,4,11024,M,"43,1150910","2,9509740",11
202000038855,20,1,8,18:20,5,2,1,8,6,71190,M,"46,9910467","4,5130890",71
202000038856,20,1,5,15:00,1,1,1,1,6,61486,M,"48,7320870"," -0,7063090",61
202000038857,20,1,7,07:35,2,1,1,1,5,25440,M,"47,0008460","6,3069680",25
202000038858,20,1,8,16:35,1,1,1,2,6,44072,M,"47,4084207"," -2,3551189",44
202000038859,20,1,8,18:30,3,1,1,2,2,29146,M,"47,9050269"," -3,8470094",29
202000038860,20,1,8,21:10,5,2,1,8,6,29172,M,"48,1767260"," -4,2283630",29
202000038861,20,1,8,19:00,3,1,1,1,7,31345,M,"43,3644060","1,4207860",31
202000038862,20,1,8,14:45,1,1,1,1,4,03200,M,"46,5644792","3,3000155",03
202000038863,20,1,8,16:00,1,2,1,1,3,06079,M,"43,5429440","6,9369640",06