Num_Acc,an,mois,jour,hrmn,lum,agg,int,atm,col,com,gps,lat,long,dep
202000038864,20,1,7,21:45,3,1,1,9,7,09131,M,"42,7667030","1,7445020",09
202000038865,20,1,9,19:30,3,1,1,1,1,60604,M,"49,6968210","1,8641830",60
202000038866,20,1,9,08:50,1,2,1,7,6,64493,M,"43,3271270"," -1,0324010",64
202000038867,20,1,7,20:15,3,1,1,8,6,07082,M,"44,8651900","4,3618410",07
202000038868,20,1,8,17:30,3,1,1,2,1,85020,M,"46,3476600"," -0,6329200",85
202000038869,20,1,9,15:45,1,1,1,2,6,37272,M,"47,3330224","0,4977031",37
202000038870,20,1,9,09:10,1,1,1,1,7,48009,M,"44,6881500","3,2803280",48
202000038871,20,1,8,20:10,3,1,1,1,2,31107,M,"43,3213120","1,2201080",31
202000038872,20,1,6,18:00,3,1,1,1,5,34294,M,"43,7082710","4,1240030",34
202000038873,20,1,8,20:10,5,1,1,8,3,98733,P," -17,6923010"," -149,5837590",987
202000038874,20,1,1,22:30,3,2,3,1,6,98815,C," -21,5751720","168,0851360",988
202000038875,20,1,8,16:45,1,1,1,1,6,98832,C," -22,1528600","166,8375900",988
202000038876,20,1,8,17:40,2,1,1,1,1,97104,A,"16,0493580"," -61,7321280",971
202000038877,20,1,9,17:50,3,1,1,2,1,77264,M,"48,7186800","2,9653080",77
202000038878,20,5,28,15:20,1,1,1,1,5,33366,M,"44,9968700"," -0,4267300",33
202000038879,20,5,28,20:10,1,1,1,1,2,59350,M,"50,6380590","3,0896570",59
202000038880,20,5,29,18:50,1,1,1,1,7,92050,M,"48,9024900","2,2042740",92
202000038881,20,5,28,20:40,2,1,1,1,3,78043,M,"48,8346640","2,0868480",78
202000038882,20,5,27,20:15,1,1,9,1,6,78007,M,"48,8946880","2,0075610",78
202000038883,20,5,29,09:15,1,1,1,1,4,95212,M,"49,0248600","2,5358400",95
202000038884,20,5,28,18:00,1,1,1,1,3,95277,M,"48,9738000","2,4883700",95
202000038885,20,5,28,10:20,1,1,1,1,5,95277,M,"48,9738100","2,4883710",95
202000038886,20,5,27,23:00,3,1,1,1,4,95252,M,"48,9781900","2,2315100",95
202000038887,20,5,22,08:45,1,2,3,1,2,98818,C," -22,3029200","166,4451400",988
202000038888,20,5,28,15:20,1,2,1,1,6,97411,R," -20,9167000","55,4876000",974
202000038889,20,5,28,15:08,1,2,1,1,3,97302,G,"4,9287882"," -52,2947502",973
202000038890,20,5,22,12:10,1,1,1,1,7,69034,M,"45,8122000","4,8508000",69
202000038891,20,5,28,06:25,1,2,1,1,6,97120,A,"16,2443500"," -61,5343840",971
202000038892,20,5,27,18:45,1,2,8,1,3,95424,M,"49,0015900","2,2131400",95
202000038893,20,5,28,10:00,1,2,1,1,6,95127,M,"49,0335900","2,0692700",95
202000038894,20,5,28,16:50,1,2,1,1,2,91174,M,"48,6068100","2,4657700",91
202000038895,20,5,28,14:40,1,2,1,1,2,91174,M,"48,6124800","2,4870000",91
202000038896,20,5,27,17:40,1,2,1,1,7,88413,M,"48,2902300","6,9432800",88
202000038897,20,5,28,08:17,1,2,6,1,3,87065,M,"45,8039700","1,2917700",87
202000038898,20,5,27,07:30,1,2,6,1,2,85194,M,"46,4905100"," -1,7727600",85
202000038899,20,5,28,04:40,5,2,1,1,6,80256,M,"49,9150200","2,2315300",80
202000038900,20,5,28,14:10,1,2,1,1,3,80001,M,"50,0964800","1,8290100",80
202000038901,20,5,28,14:10,1,2,2,1,2,78146,M,"48,9043000","2,1426000",78
202000038902,20,5,27,21:20,1,2,2,1,3,76351,M,"49,5185000","0,1167000",76
202000038903,20,5,28,20:25,2,2,3,7,3,73008,M,"45,6693269","5,9085203",73
202000038904,20,5,28,16:45,1,1,1,7,3,69266,M,"45,7849000","4,8675000",69
202000038905,20,5,26,16:30,1,2,1,1,-1,69256,M,"45,7817000","4,9133000",69
202000038906,20,5,28,04:40,5,2,3,1,1,69264,M,"45,9796800","4,7394800",69
202000038907,20,5,27,21:00,2,2,1,1,6,67204,M,"48,6266000","7,7500200",67
202000038908,20,5,27,21:00,2,1,1,1,6,66136,M,"42,7107200","2,9723100",66
202000038909,20,5,28,18:20,1,2,1,1,3,65440,M,"43,2457300","0,0634300",65
202000038910,20,5,27,08:10,1,2,3,1,3,64445,M,"43,3050100"," -0,3644400",64
202000038911,20,5,27,12:00,1,1,1,1,3,63164,M,"45,8242089","3,1332788",63
202000038912,20,5,22,16:00,1,2,2,1,3,62667,M,"50,7105549","1,5766186",62
202000038913,20,5,27,19:00,1,2,1,1,3,61143,M,"48,4432710","0,0719110",61
202000038914,20,5,28,08:39,1,2,2,1,1,60057,M,"49,4219500","2,0795600",60
202000038915,20,5,26,15:55,1,2,1,1,3,55302,M,"48,7545194","5,1984600",55
202000038916,20,3,5,17:44,1,1,1,2,1,54525,M,"49,4506500","5,8837100",54
202000038917,20,5,27,10:05,1,2,2,1,3,54578,M,"48,6745267","6,1510912",54
202000038918,20,5,28,09:45,1,2,1,1,6,53130,M,"48,0587000"," -0,7624400",53
202000038919,20,5,27,11:45,1,2,1,1,3,49007,M,"47,4693600"," -0,5333900",49
202000038920,20,5,27,07:53,1,2,1,1,3,49353,M,"47,4434000"," -0,4885700",49
202000038921,20,5,28,21:40,1,2,9,1,3,41269,M,"47,7954200","1,0746600",41
202000038922,20,5,28,16:25,1,2,1,1,6,37261,M,"47,4057221","0,6832265",37
202000038923,20,5,28,13:45,1,2,1,1,6,35238,M,"48,1049900"," -1,6417100",35
202000038924,20,5,28,12:20,1,1,1,1,3,34108,M,"43,4480700","3,7622200",34
202000038925,20,5,28,08:45,1,2,1,1,3,34172,M,"43,6125000","3,8938200",34
202000038926,20,5,27,08:10,1,2,6,1,2,34172,M,"43,5748900","3,8599300",34
202000038927,20,5,13,11:45,1,2,4,2,6,33063,M,"44,8202100"," -0,5723700",33
202000038928,20,5,27,14:30,1,1,1,1,3,31555,M,"43,5613300","1,4939300",31
202000038929,20,5,25,13:40,1,1,1,1,7,31555,M,"43,6103400","1,3748700",31
202000038930,20,5,28,20:38,1,2,2,1,3,30189,M,"43,8402800","4,3666500",30
202000038931,20,5,27,20:20,1,2,4,1,1,29039,M,"47,8702983"," -3,9227872",29
202000038932,20,5,28,10:25,1,2,6,1,2,29019,M,"48,4044906"," -4,5000047",29
202000038933,20,5,28,20:15,1,2,1,1,6,27681,M,"49,0856400","1,4733400",27
202000038934,20,5,26,16:10,1,1,1,1,1,22360,M,"48,4760000"," -2,7509000",22
202000038935,20,5,28,11:54,1,1,1,1,7,17274,M,"46,1635700"," -1,0687000",17
202000038936,20,5,18,18:45,1,2,2,1,3,14118,M,"49,1882200"," -0,3595200",14
202000038937,20,5,28,21:10,2,2,9,1,1,13203,M,"43,3089200","5,3780300",13
202000038938,20,5,28,19:00,1,2,1,1,6,13216,M,"43,3589570","5,2924430",13
202000038939,20,5,27,18:50,1,2,1,1,2,13209,M,"43,2389000","5,4784000",13
202000038940,20,4,17,11:50,1,2,1,1,7,13001,M,"43,5245550","5,4235620",13
202000038941,20,5,27,11:00,1,2,1,1,7,09122,M,"42,9461670","1,6274340",09
202000038942,20,5,26,18:04,1,2,1,1,3,08105,M,"49,7800000","4,7100000",08
202000038943,20,5,27,17:15,1,2,1,1,3,07070,M,"44,9666650","4,8497700",07
202000038944,20,5,28,14:00,1,2,2,1,3,06083,M,"43,7755000","7,4886000",06
202000038945,20,5,28,12:20,1,2,9,1,3,06069,M,"43,6374400","6,9411500",06
202000038946,20,5,28,08:30,1,2,1,1,3,06029,M,"43,5419500","6,9618300",06
202000038947,20,5,26,07:50,1,2,1,1,4,06027,M,"43,6530000","7,1530000",06
202000038948,20,5,28,14:56,1,2,1,1,2,05061,M,"44,5577100","6,0819600",05
202000038949,20,5,28,12:10,1,2,3,1,3,01053,M,"46,2072400","5,2329900",01
202000038950,20,5,26,12:44,1,2,2,1,6,75106,M,"48,8513040","2,3328460",75
202000038951,20,5,28,16:50,1,2,1,1,2,75105,M,"48,8411190","2,3626590",75
202000038952,20,5,28,09:40,1,2,2,1,6,75106,M,"48,8470440","2,3315850",75
202000038953,20,5,27,08:25,1,2,5,1,6,75106,M,"48,8503006","2,3426360",75
202000038954,20,5,28,17:20,1,2,3,1,3,75120,M,"48,8504930","2,4064030",75
202000038955,20,5,28,10:20,1,2,2,1,3,75120,M,"48,8576380","2,4039040",75
202000038956,20,5,28,11:50,1,2,1,1,6,75118,M,"48,8844680","2,3582960",75
202000038957,20,5,28,17:00,1,2,2,1,3,75117,M,"48,8837320","2,2953060",75
202000038958,20,5,27,12:10,1,2,7,1,3,75117,M,"48,8773961","2,2840498",75
202000038959,20,5,28,13:50,1,2,2,1,-1,75114,M,"48,8309470","2,3122950",75
202000038960,20,5,28,10:10,1,2,1,1,3,75114,M,"48,8199220","2,3442530",75
202000038961,20,5,27,20:30,1,2,4,1,2,75114,M,"48,8405743","2,3301140",75
202000038962,20,5,28,07:30,1,2,2,1,3,75112,M,"48,8337210","2,3824850",75
202000038963,20,5,28,15:30,1,2,3,1,3,75111,M,"48,8609650","2,3882080",75
202000038964,20,5,27,19:00,1,2,1,1,3,75109,M,"48,8770100","2,3482630",75
202000038965,20,5,28,17:30,1,2,5,1,3,75108,M,"48,8778490","2,3269650",75
202000038966,20,5,28,23:00,5,2,2,1,1,75107,M,"48,8625650","2,3104160",75
202000038967,20,5,28,13:35,1,2,7,1,3,75101,M,"48,8626980","2,3353930",75
202000038968,20,5,25,20:00,1,2,1,1,2,94081,M,"48,8025210","2,4107200",94
202000038969,20,5,28,22:00,2,2,9,1,1,94074,M,"48,7449452","2,4696369",94
202000038970,20,5,27,21:59,5,2,1,1,5,94015,M,"48,8354270","2,5261250",94
202000038971,20,5,28,07:15,1,2,1,1,1,94076,M,"48,7999900","2,3653900",94
202000038972,20,5,27,12:50,1,2,1,1,3,94041,M,"48,8103000","2,3819900",94
202000038973,20,5,28,14:55,1,2,2,1,3,94059,M,"48,8204300","2,5583000",94
202000038974,20,5,28,15:45,1,2,1,1,1,94017,M,"48,8253810","2,5021810",94
202000038975,20,5,28,00:15,5,2,3,1,3,94015,M,"48,8293396","2,5176644",94
202000038976,20,5,28,02:00,3,2,3,1,4,93071,M,"48,9297404","2,5406430",93
202000038977,20,5,28,17:30,1,2,1,1,6,93066,M,"48,9366800","2,3608800",93
202000038978,20,5,28,10:45,1,2,1,1,2,93064,M,"48,8805390","2,4958560",93
202000038979,20,5,28,12:49,1,2,1,1,-1,93055,M,"48,9064600","2,3952400",93
202000038980,20,5,28,08:35,1,2,1,1,2,93057,M,"48,9076627","2,4923737",93
202000038981,20,5,28,20:30,1,2,1,1,6,92046,M,"48,8216288","2,2976488",92
202000038982,20,5,28,16:25,1,2,1,1,6,92075,M,"48,8199550","2,2924410",92
202000038983,20,5,27,21:55,5,2,1,1,6,92049,M,"48,8153970","2,3100110",92
202000038984,20,5,27,08:30,1,2,9,7,3,92020,M,"48,8070400","2,2854700",92
202000038985,20,5,28,15:10,1,2,1,1,7,92048,M,"48,7868693","2,2312012",92
202000038986,20,5,27,19:05,1,2,2,1,3,92036,M,"48,9172390","2,3075530",92
202000038987,20,5,28,20:15,1,2,1,1,6,92035,M,"48,9134000","2,2577000",92
202000038988,20,5,27,10:00,1,2,1,1,-1,92014,M,"48,7873202","2,3209584",92
202000038989,20,5,28,17:15,1,1,3,1,3,50027,M,"48,6991610"," -1,4203050",50
202000038990,20,4,13,02:00,3,1,6,1,6,51065,M,"48,7344218","4,5560836",51
202000038991,20,5,29,06:30,2,2,1,1,7,40296,M,"43,7077800"," -1,4221290",40
202000038992,20,5,29,12:00,1,1,2,1,3,46148,M,"44,3351340","1,5998630",46
202000038993,20,5,29,18:05,1,2,1,1,6,12033,M,"44,4743350","2,7263720",12
202000038994,20,5,28,15:05,1,1,1,1,7,06064,M,"43,7682870","7,1780070",06
202000038995,20,5,28,10:00,1,2,1,1,6,74256,M,"45,9315730","6,6344390",74
202000038996,20,5,28,23:10,3,1,1,1,2,80782,M,"49,9569360","2,2288510",80
202000038997,20,5,25,18:10,1,1,1,1,6,32301,M,"43,6531630","0,4783180",32
202000038998,20,5,29,19:00,1,1,1,1,7,55307,M,"49,2401580","5,3911540",55
202000038999,20,5,28,05:20,2,1,1,1,6,49331,M,"47,7317601"," -0,9228315",49
202000039000,20,5,28,15:20,1,1,1,1,6,49060,M,"47,2099480"," -0,0545240",49
202000039001,20,5,27,18:50,1,1,1,1,-1,46334,M,"44,7426450","1,4238130",46
202000039002,20,5,29,15:45,1,1,1,1,6,39279,M,"46,6883870","5,4736600",39
202000039003,20,5,27,11:15,1,1,1,1,1,39114,M,"46,7756190","5,6583340",39
202000039004,20,5,29,15:00,1,1,1,1,1,44087,M,"46,9763410"," -1,8067199",44
202000039005,20,5,29,18:10,1,2,1,1,2,29075,M,"48,4190480"," -4,4419260",29
202000039006,20,5,29,14:15,1,2,1,1,7,03307,M,"46,3478780","3,2530367",03
202000039007,20,5,28,18:20,1,1,1,1,1,03083,M,"46,3389792","3,2994121",03
202000039008,20,5,27,11:15,1,1,1,1,6,01163,M,"46,3673720","5,1543470",01
202000039009,20,5,28,22:55,3,1,1,1,6,54363,M,"49,3728240","5,8167060",54
202000039010,20,5,28,10:20,1,2,1,1,6,06079,M,"43,5504420","6,9470790",06
202000039011,20,5,29,16:34,1,1,1,1,6,50457,M,"49,4206540"," -1,4974670",50
202000039012,20,5,29,08:30,1,1,1,1,1,50648,M,"49,5000120"," -1,5034000",50
202000039013,20,5,27,17:40,1,2,1,1,1,21423,M,"46,9895100","4,8515160",21
202000039014,20,5,28,20:40,1,1,1,1,7,37007,M,"47,0780137","0,2442022",37
202000039015,20,5,29,20:10,1,1,1,1,6,91405,M,"48,4056420","2,5164970",91
202000039016,20,5,29,12:15,1,1,2,1,3,78239,M,"49,0191060","1,6970770",78
202000039017,20,5,26,10:44,1,2,1,1,7,11076,M,"43,3167010","1,9663920",11
202000039018,20,5,22,13:40,1,1,3,1,3,34165,M,"43,5132960","3,6778020",34
202000039019,20,5,28,15:50,1,1,1,1,1,06134,M,"43,7557190","6,7202550",06
202000039020,20,5,28,07:55,2,1,6,1,6,13064,M,"43,7882670","4,9539650",13
202000039021,20,5,29,15:45,1,1,1,1,2,89055,M,"48,0087739","3,6153764",89
202000039022,20,5,27,08:45,1,2,3,7,3,67519,M,"48,6512240","7,8260740",67
202000039023,20,5,26,09:20,1,2,1,1,6,69010,M,"45,8352620","4,6178470",69
202000039024,20,5,29,08:30,1,2,6,7,6,81039,M,"43,7551480","1,9020300",81
202000039025,20,5,29,18:15,1,1,1,7,1,33056,M,"44,9003590"," -0,6401250",33
202000039026,20,5,26,14:30,1,2,1,1,6,33051,M,"44,6369330"," -0,9669260",33
202000039027,20,5,29,11:20,1,1,1,1,-1,27196,M,"49,2974930","1,1693360",27
202000039028,20,5,28,13:15,1,2,1,1,2,76057,M,"49,5489020","0,9533910",76
202000039029,20,5,28,18:30,1,2,1,1,6,62318,M,"50,5134026","1,6369010",62
202000039030,20,5,27,17:45,1,1,9,1,2,13055,M,"43,3215000","5,4228500",13
202000039031,20,5,27,12:40,1,1,1,1,3,83126,M,"43,1198434","5,8539426",83
202000039032,20,5,24,14:17,1,1,1,1,6,69266,M,"45,7761000","4,8975000",69
202000039033,20,5,28,10:54,1,1,1,1,1,77495,M,"48,5935000","2,6256000",77
202000039034,20,5,27,08:45,1,1,1,1,2,92036,M,"48,9447200","2,2853000",92
202000039035,20,5,26,22:00,3,1,1,1,6,60494,M,"49,1274000","2,5579600",60
202000039036,20,5,27,07:30,1,1,1,1,4,94046,M,"48,8060164","2,4486524",94
202000039037,20,2,10,19:00,5,2,2,3,6,60057,M,"49,4084700","2,1122600",60
202000039038,20,3,15,16:55,1,2,2,1,1,30007,M,"44,1337700","4,0782100",30
202000039039,20,5,23,18:30,3,1,1,1,1,97416,R," -21,3028100","55,4723200",974
202000039040,20,5,18,17:50,2,2,1,1,2,97416,R," -21,2967800","55,5005600",974
202000039041,20,5,27,06:00,3,2,9,1,3,97416,R," -21,2880000","55,4541700",974
202000039042,20,5,27,19:25,1,2,1,1,6,69199,M,"45,7117700","4,8550500",69
202000039043,20,5,27,03:00,5,2,1,1,6,69387,M,"45,7280000","4,8237000",69
202000039044,20,5,27,11:05,1,1,1,1,6,97113,A,"16,2178991"," -61,5107882",971
202000039045,20,5,21,18:45,1,2,1,1,6,95585,M,"48,9786700","2,3839300",95
202000039046,20,5,27,15:20,1,2,1,1,1,95598,M,"48,9874800","2,2962700",95
202000039047,20,5,12,17:55,1,2,9,1,3,95428,M,"48,9972400","2,3253400",95
202000039048,20,5,27,12:49,1,2,2,1,1,91549,M,"48,6501730","2,3143970",91
202000039049,20,5,27,12:42,1,2,9,1,3,91692,M,"48,6746000","2,1797200",91
202000039050,20,5,27,14:10,1,1,1,1,3,91223,M,"48,4366300","2,1704200",91
202000039051,20,5,27,13:05,1,2,2,1,3,91174,M,"48,6034800","2,4684500",91
202000039052,20,5,26,20:20,1,2,1,1,4,91174,M,"48,6187300","2,4527400",91
202000039053,20,12,8,16:48,2,2,1,1,2,22037,M,"48,4606460"," -3,4225630",22
202000039054,20,5,26,17:31,1,2,3,1,3,78646,M,"48,8050700","2,1523100",78
202000039055,20,12,8,14:06,1,2,1,1,6,29024,M,"48,2766598"," -3,5696121",29
202000039056,20,12,8,17:35,5,2,1,8,3,31107,M,"43,2979090","1,2193000",31
202000039057,20,12,8,07:15,3,1,1,9,3,85151,M,"46,9881060"," -0,9385050",85
202000039058,20,12,9,09:30,1,2,1,1,6,06032,M,"43,7230760","7,3973260",06
202000039059,20,5,27,12:25,1,2,4,1,3,78551,M,"48,8998300","2,0883500",78
202000039060,20,5,27,01:15,4,1,1,1,2,78551,M,"48,9202000","2,0589000",78
202000039061,20,5,22,16:55,1,2,1,1,6,78423,M,"48,7684710","2,0528840",78
202000039062,20,5,26,19:00,1,2,1,1,-1,77083,M,"48,8644100","2,5930800",77
202000039063,20,12,8,17:22,2,2,1,1,6,40245,M,"44,0338360"," -0,3220430",40
202000039064,20,5,27,15:10,1,2,1,1,4,74012,M,"46,1857700","6,2475400",74
202000039065,20,5,26,08:15,1,2,1,1,6,74305,M,"46,2004700","6,2499300",74
202000039066,20,12,8,18:15,3,1,1,1,1,24002,M,"45,2988000","0,7599020",24
202000039067,20,5,26,08:20,1,2,2,1,3,69266,M,"45,7581800","4,8932900",69
202000039068,20,12,8,11:40,1,2,1,1,-1,04209,M,"44,1951170","5,9438400",04
202000039069,20,5,27,06:30,1,2,2,1,3,69256,M,"45,7588000","4,9287100",69
202000039070,20,12,9,07:45,3,1,1,1,5,85018,M,"46,8892200"," -2,0718460",85
202000039071,20,5,27,00:01,5,2,3,1,7,67447,M,"48,6102120","7,7394500",67
202000039072,20,12,9,03:00,3,1,1,1,7,85024,M,"46,9518030"," -1,8938000",85
202000039073,20,5,27,19:25,1,2,2,7,3,64445,M,"43,2973207"," -0,3873378",64
202000039074,20,12,8,17:00,2,2,3,1,1,67108,M,"48,5342050","7,5942720",67
202000039075,20,12,7,04:45,3,1,1,8,6,63181,M,"46,0287010","3,1166142",63
202000039076,20,5,25,18:20,1,2,4,7,3,64122,M,"43,4682300"," -1,5465500",64
202000039077,20,12,8,22:10,5,1,1,4,6,74208,M,"45,9099730","6,7118100",74
202000039078,20,5,25,11:05,1,2,1,1,2,63113,M,"45,7625200","3,0974300",63
202000039079,20,5,21,01:42,5,2,3,1,6,60057,M,"49,4378400","2,0879300",60
202000039080,20,12,8,19:15,3,1,1,3,2,38537,M,"45,6411080","5,1468370",38
202000039081,20,5,26,17:30,1,2,1,1,1,54431,M,"48,8996800","6,0552000",54
202000039082,20,12,8,19:45,3,1,1,2,6,69013,M,"46,0233180","4,7247430",69
202000039083,20,5,27,05:00,2,2,1,1,7,50129,M,"49,6463600"," -1,6419900",50
202000039084,20,12,8,17:14,1,1,1,1,1,97134,A,"16,0477310"," -61,7604160",971
202000039085,20,5,21,06:15,1,2,3,1,6,50129,M,"49,6201700"," -1,6586200",50
202000039086,20,12,8,12:05,1,1,2,1,3,91315,M,"48,5105350","2,3557730",91
202000039087,20,5,20,04:30,5,1,6,1,5,49328,M,"47,2860123"," -0,0492132",49
202000039088,20,12,9,08:30,1,1,1,1,1,83059,M,"43,3335870","6,0707720",83
202000039089,20,5,27,10:50,1,2,6,1,3,42095,M,"45,3886100","4,2801300",42
202000039090,20,5,26,12:55,1,2,1,1,7,37122,M,"47,3623922","0,6605801",37
202000039091,20,12,8,16:15,1,1,1,2,1,21295,M,"47,2118605","4,9724398",21
202000039092,20,5,27,15:00,1,2,2,1,3,35238,M,"48,1235143"," -1,6457679",35
202000039093,20,12,8,19:10,3,1,1,1,-1,08263,M,"49,7377390","4,7873940",08
202000039094,20,12,9,07:30,2,2,9,1,1,54043,M,"48,5874600","6,0967400",54
202000039095,20,12,8,20:30,3,1,1,2,2,54196,M,"48,5568980","6,1732860",54
202000039096,20,12,9,17:15,3,1,1,2,5,73135,M,"45,3149910","6,3347660",73
202000039097,20,12,8,16:20,1,1,3,1,5,01297,M,"45,8756680","5,0892020",01
202000039098,20,12,8,12:10,1,1,1,1,1,79049,M,"46,8225950"," -0,5200210",79
202000039099,20,12,8,20:45,3,1,1,1,1,85214,M,"46,5469520"," -1,7336300",85
202000039100,20,12,9,08:25,2,1,9,8,1,29058,M,"47,9112515"," -4,0173655",29
202000039101,20,12,8,09:45,1,1,1,2,7,22077,M,"48,5602960"," -2,4381600",22
202000039102,20,7,29,16:30,1,2,9,1,3,42127,M,"46,0628200","4,0594800",42
202000039103,20,12,8,17:45,5,2,3,5,3,59419,M,"50,5205622","3,2768921",59
202000039104,20,7,29,14:20,1,2,1,1,5,37261,M,"47,3631030","0,6979176",37
202000039105,20,12,8,07:28,2,1,1,2,4,13071,M,"43,4077500","5,2888700",13
202000039106,20,7,29,17:00,1,2,1,1,6,35238,M,"48,1028100"," -1,7117400",35
202000039107,20,12,7,20:30,5,1,1,2,2,13210,M,"43,2835900","5,4015000",13
202000039108,20,7,29,17:50,1,2,9,1,3,35051,M,"48,1210500"," -1,6287500",35
202000039109,20,12,7,08:30,1,1,1,1,4,13081,M,"43,4882700","5,2404700",13
202000039110,20,7,29,09:53,1,2,1,1,3,33162,M,"44,8778000"," -0,6237000",33
202000039111,20,7,17,17:05,1,2,1,1,4,33281,M,"44,8586100"," -0,6714600",33
202000039112,20,12,8,08:02,1,1,1,1,2,33003,M,"44,9337600"," -0,4678600",33
202000039113,20,7,16,16:35,1,2,2,1,3,33063,M,"44,8479600"," -0,5858800",33
202000039114,20,7,29,14:30,1,1,1,1,6,33529,M,"44,5959400"," -1,1971500",33
202000039115,20,7,29,02:00,5,2,1,1,6,31555,M,"43,5946300","1,4569000",31
202000039116,20,7,28,14:45,1,2,1,1,6,31069,M,"43,6497600","1,3821000",31
202000039117,20,7,29,13:10,1,2,1,1,6,30007,M,"44,1224100","4,0791000",30
202000039118,20,12,8,08:00,1,1,1,1,4,33003,M,"44,9342500"," -0,4677600",33
202000039119,20,7,29,18:40,1,1,6,1,2,29232,M,"47,9810800"," -4,0269900",29
202000039120,20,7,28,17:40,1,1,6,1,2,29232,M,"47,9796900"," -4,0790200",29
202000039121,20,7,29,15:25,1,1,2,1,7,29039,M,"47,8743600"," -3,8984200",29
202000039122,20,7,29,12:50,1,2,1,1,6,27562,M,"49,0994000","1,4491700",27
202000039123,20,7,10,17:39,1,1,3,1,3,22113,M,"48,7489900"," -3,4860000",22
202000039124,20,7,25,17:50,1,2,1,1,-1,18033,M,"47,0871700","2,3872200",18
202000039125,20,12,8,07:15,3,1,1,1,5,91286,M,"48,6475600","2,3868300",91
202000039126,20,7,29,10:55,1,2,1,1,1,17306,M,"45,6226120"," -1,0309150",17
202000039127,20,7,29,21:05,1,2,1,1,3,17300,M,"46,1725300"," -1,1742300",17
202000039128,20,12,8,07:15,5,1,1,1,2,91549,M,"48,6250000","2,3410000",91
202000039129,20,12,7,22:30,5,1,1,1,2,94034,M,"48,7592100","2,3233300",94
202000039130,20,7,29,18:20,1,2,2,1,3,17300,M,"46,1617060"," -1,2108680",17
202000039131,20,12,8,18:20,5,2,1,1,3,92064,M,"48,8454630","2,2232242",92
202000039132,20,7,27,17:30,1,2,2,1,3,16102,M,"45,6808300"," -0,3359000",16
202000039133,20,12,8,16:20,1,1,1,1,2,78646,M,"48,7933040","2,0758720",78
202000039134,20,12,8,10:10,1,1,1,8,4,92036,M,"48,9374713","2,2956603",92
202000039135,20,7,28,09:55,1,2,1,1,6,14366,M,"49,1423684","0,2314093",14
202000039136,20,12,8,09:10,1,1,1,1,3,78043,M,"48,8351280","2,0876850",78
202000039137,20,7,29,21:50,3,2,9,1,1,13071,M,"43,4165591","5,2787536",13
202000039138,20,7,27,17:10,1,2,1,1,2,13005,M,"43,2881400","5,5753300",13
202000039139,20,12,8,08:10,1,1,1,1,4,78007,M,"48,8980700","2,0060020",78
202000039140,20,7,29,23:20,5,2,5,1,3,10387,M,"48,3038600","4,0617100",10
202000039141,20,12,8,18:15,3,1,1,1,4,94073,M,"48,7709388","2,3875608",94
202000039142,20,7,29,14:20,1,2,1,1,3,75114,M,"48,8228470","2,3128650",75
202000039143,20,12,6,11:50,1,2,1,1,6,97411,R," -20,8927500","55,4888000",974
202000039144,20,7,29,09:00,1,2,1,1,3,75119,M,"48,9006060","2,3739330",75
202000039145,20,12,7,09:20,1,2,1,1,3,69387,M,"45,7268400","4,8310300",69
202000039146,20,7,29,18:20,1,2,7,1,2,75119,M,"48,9001550","2,3873030",75
202000039147,20,12,7,07:10,5,2,2,8,2,69259,M,"45,7064400","4,8875800",69
202000039148,20,7,29,13:20,1,2,3,1,2,75119,M,"48,8958480","2,3835500",75
202000039149,20,12,4,17:10,4,2,1,1,3,69034,M,"45,7912599","4,8371537",69
202000039150,20,7,29,12:45,1,2,1,1,3,75119,M,"48,8797930","2,3704180",75
202000039151,20,7,29,10:00,1,2,1,1,3,75119,M,"48,8974120","2,3888370",75
202000039152,20,12,6,17:30,2,2,1,1,1,97101,A,"16,2503700"," -61,5324100",971
202000039153,20,12,4,21:50,5,2,1,1,6,89387,M,"48,1972000","3,2765100",89
202000039154,20,7,28,01:45,5,2,2,1,2,75116,M,"48,8453370","2,2586810",75
202000039155,20,12,4,08:10,5,2,2,1,6,76681,M,"49,4145600","1,0915800",76
202000039156,20,7,28,09:06,1,2,2,1,6,75115,M,"48,8286450","2,3014220",75
202000039157,20,7,29,17:55,1,2,1,1,3,75113,M,"48,8342050","2,3536560",75
202000039158,20,12,4,15:20,1,2,4,1,6,76351,M,"49,4872800","0,1090100",76
202000039159,20,7,28,21:10,2,2,1,1,7,75112,M,"48,8469330","2,3662400",75
202000039160,20,12,4,14:50,1,2,3,2,3,76351,M,"49,5020350","0,1171750",76
202000039161,20,7,29,10:00,1,2,1,1,-1,75109,M,"48,8719540","2,3337450",75
202000039162,20,7,29,19:30,1,2,7,1,3,75108,M,"48,8646650","2,3013280",75
202000039163,20,12,1,19:35,5,2,3,2,2,74012,M,"46,1925900","6,2389400",74
202000039164,20,7,28,17:55,1,2,3,1,3,94081,M,"48,7901895","2,3915038",94
202000039165,20,12,5,13:50,1,2,3,1,3,67482,M,"48,5845500","7,7485700",67
202000039166,20,7,28,23:45,5,2,3,1,3,94068,M,"48,8074000","2,4744000",94
202000039167,20,12,7,09:20,1,2,3,3,3,64445,M,"43,2946300"," -0,3728200",64
202000039168,20,7,29,18:45,1,2,1,1,3,94046,M,"48,7890304","2,4355102",94
202000039169,20,11,30,19:30,5,2,9,1,3,64445,M,"43,3079400"," -0,3393800",64