Num_Acc,an,mois,jour,hrmn,lum,agg,int,atm,col,com,gps,lat,long,dep
202000039170,20,12,7,14:45,1,2,6,3,2,64102,M,"43,4885800"," -1,4826700",64
202000039171,20,7,28,18:50,1,2,2,1,3,94076,M,"48,7949700","2,3664000",94
202000039172,20,12,7,10:30,1,2,1,3,2,64102,M,"43,4590800"," -1,4955600",64
202000039173,20,12,3,17:55,5,2,6,2,6,62160,M,"50,7269210","1,6165350",62
202000039174,20,7,29,04:30,5,2,2,1,3,94022,M,"48,7641700","2,4055000",94
202000039175,20,7,28,20:20,1,2,2,1,3,94002,M,"48,8103120","2,4169660",94
202000039176,20,7,29,12:35,1,2,2,1,1,93078,M,"48,9581000","2,5584000",93
202000039177,20,7,29,20:09,2,2,1,1,7,93066,M,"48,9397329","2,3560154",93
202000039178,20,7,29,15:30,1,2,9,1,1,93066,M,"48,9441454","2,3868495",93
202000039179,20,7,28,14:30,1,2,1,1,3,93066,M,"48,9416525","2,3487145",93
202000039180,20,7,28,12:50,1,2,3,1,1,93066,M,"48,9359843","2,3776335",93
202000039181,20,12,3,17:25,2,2,1,3,6,59560,M,"50,5590200","3,0347500",59
202000039182,20,7,29,19:00,1,2,1,1,3,93064,M,"48,8846764","2,4834767",93
202000039183,20,12,3,16:55,2,2,1,2,6,59560,M,"50,5507100","3,0260500",59
202000039184,20,7,29,16:30,1,2,9,1,6,93049,M,"48,8615541","2,5061987",93
202000039185,20,12,6,20:45,5,2,2,1,3,54357,M,"48,7085030","6,1717500",54
202000039186,20,7,29,14:20,1,2,1,1,2,93046,M,"48,9116860","2,5197497",93
202000039187,20,12,6,18:10,5,2,2,5,3,51454,M,"49,2667066","4,0274857",51
202000039188,20,7,28,20:40,1,2,9,1,6,93007,M,"48,9510700","2,4422400",93
202000039189,20,12,4,07:35,5,2,2,2,-1,50129,M,"49,6421300"," -1,6253300",50
202000039190,20,11,28,14:30,1,2,1,1,2,50203,M,"49,6096000"," -1,6002400",50
202000039191,20,7,26,05:18,5,2,2,1,3,92044,M,"48,8926463","2,2858948",92
202000039192,20,12,5,20:00,5,2,2,2,3,49007,M,"47,4600200"," -0,5242400",49
202000039193,20,7,28,17:00,1,1,1,1,6,87038,M,"45,9353710","1,2461540",87
202000039194,20,12,7,20:23,5,2,1,8,3,45234,M,"47,8840800","1,8982100",45
202000039195,20,12,7,10:15,1,2,1,1,2,45232,M,"47,8700700","1,9119400",45
202000039196,20,12,7,19:00,5,2,1,2,2,44114,M,"47,2537100"," -1,5764100",44
202000039197,20,12,7,19:30,5,2,1,1,1,41226,M,"47,8109600","1,0718800",41
202000039198,20,12,2,08:30,5,2,2,1,3,40192,M,"43,8984000"," -0,4874400",40
202000039199,20,12,4,17:40,5,1,1,2,6,40192,M,"43,8771200"," -0,4635600",40
202000039200,20,12,6,01:35,5,2,2,1,3,38185,M,"45,1894300","5,7419200",38
202000039201,20,11,30,08:25,1,2,9,1,7,37122,M,"47,3469774","0,6654400",37
202000039202,20,12,1,17:30,2,2,3,1,3,35093,M,"48,6171100"," -2,0575700",35
202000039203,20,12,7,18:20,3,1,1,1,4,35238,M,"48,1318900"," -1,7087300",35
202000039204,20,12,7,16:15,1,2,1,8,6,35238,M,"48,1064700"," -1,6931100",35
202000039205,20,7,19,01:00,3,1,1,1,3,33221,M,"44,5648810","0,0416550",33
202000039206,20,12,6,19:40,4,2,1,1,6,34172,M,"43,6022508","3,9152752",34
202000039207,20,7,29,16:33,1,1,1,1,1,01143,M,"46,3586020","6,1300010",01
202000039208,20,11,30,11:30,1,2,1,9,1,33200,M,"44,8800500"," -0,6849300",33
202000039209,20,7,29,19:30,1,1,1,1,3,85082,M,"46,9000400"," -0,8985500",85
202000039210,20,12,6,10:15,1,2,1,1,2,31555,M,"43,6108095","1,4452949",31
202000039211,20,12,6,02:30,4,1,1,2,3,31555,M,"43,5754800","1,4408700",31
202000039212,20,7,29,10:45,1,1,4,1,1,56123,M,"47,6942520"," -2,3084590",56
202000039213,20,12,4,21:10,5,2,1,1,3,31555,M,"43,5963300","1,4228800",31
202000039214,20,7,28,20:50,1,1,1,1,6,74289,M,"45,8854080","5,9388240",74
202000039215,20,11,29,09:30,1,1,1,1,2,27375,M,"49,2430190","1,1983580",27
202000039216,20,7,30,08:00,1,2,2,1,3,76651,M,"49,8386740","0,6622480",76
202000039217,20,11,26,15:50,1,1,1,1,6,22187,M,"48,5427800"," -2,7671400",22
202000039218,20,7,30,21:00,1,1,1,1,2,79079,M,"46,9169610"," -0,7607330",79
202000039219,20,12,7,20:25,5,2,2,2,3,17300,M,"46,1631800"," -1,1458100",17
202000039220,20,7,29,17:40,1,1,1,1,3,2B050,M,"42,5578060","8,7959930",2B
202000039221,20,12,5,11:35,1,1,1,1,7,17274,M,"46,1605300"," -1,0820100",17
202000039222,20,7,30,10:00,1,2,1,1,6,55543,M,"48,7041740","5,2983180",55
202000039223,20,12,3,17:40,5,2,9,2,6,15014,M,"44,9100000","2,4452700",15
202000039224,20,7,27,19:24,1,1,6,1,1,49050,M,"47,3440353"," -0,4368198",49
202000039225,20,12,6,06:55,3,2,1,2,6,14437,M,"49,1665800"," -0,3033700",14
202000039226,20,7,18,08:24,1,1,6,1,3,44069,M,"47,3275450"," -2,4156300",44
202000039227,20,12,6,05:20,5,2,1,8,6,14118,M,"49,1828700"," -0,3975800",14
202000039228,20,7,21,18:00,1,1,1,1,1,38500,M,"45,1791690","5,3767560",38
202000039229,20,12,2,10:05,1,2,1,1,6,14118,M,"49,1690500"," -0,3526500",14
202000039230,20,7,30,06:40,1,1,1,7,6,03250,M,"46,2218142","3,7579804",03
202000039231,20,12,4,19:30,5,2,6,1,3,13117,M,"43,4466400","5,2483000",13
202000039232,20,7,24,15:30,1,1,4,1,3,03292,M,"46,4167243","3,0561162",03
202000039233,20,12,7,17:50,5,2,1,2,6,13208,M,"43,2772926","5,3888015",13
202000039234,20,7,19,08:00,1,2,1,7,6,26183,M,"44,7107410","5,0901490",26
202000039235,20,12,7,17:00,5,2,6,2,5,13208,M,"43,2400000","5,3800000",13
202000039236,20,12,7,16:20,2,2,1,1,2,13203,M,"43,3156610","5,3856270",13
202000039237,20,7,30,10:40,1,1,1,1,2,14494,M,"49,2714630"," -0,1036140",14
202000039238,20,12,7,13:00,1,2,1,1,-1,13211,M,"43,3002358","5,5028039",13
202000039239,20,12,7,12:15,1,2,1,1,6,13002,M,"43,3274510","5,4816504",13
202000039240,20,7,29,12:15,1,2,2,1,7,14370,M,"49,2202740"," -0,8706930",14
202000039241,20,7,29,18:08,1,1,1,7,7,50215,M,"49,1028340"," -1,5278110",50
202000039242,20,11,24,08:22,1,2,1,1,7,11262,M,"43,1882200","3,0042000",11
202000039243,20,7,30,12:00,1,1,1,1,6,83082,M,"43,6347170","6,4827374",83
202000039244,20,12,7,14:40,1,2,3,1,3,07102,M,"44,9388755","4,8760374",07
202000039245,20,7,30,15:10,1,2,1,1,-1,83007,M,"43,6192000","6,2226930",83
202000039246,20,12,7,15:00,1,1,1,1,3,06069,M,"43,6303500","6,9473200",06
202000039247,20,7,30,17:00,1,1,1,1,6,83046,M,"43,5359080","6,1397840",83
202000039248,20,12,7,10:40,1,2,1,1,3,06069,M,"43,6552900","6,9382700",06
202000039249,20,7,30,16:15,1,1,1,1,6,60040,M,"49,4073274","2,5751893",60
202000039250,20,7,29,00:20,3,1,1,1,7,45146,M,"47,6879040","1,9588170",45
202000039251,20,12,7,14:40,1,2,4,1,4,75116,M,"48,8696760","2,2712350",75
202000039252,20,7,29,11:45,1,1,1,1,1,64368,M,"43,3867120"," -1,0969380",64
202000039253,20,12,7,18:25,5,2,4,1,6,75106,M,"48,8450600","2,3323010",75
202000039254,20,7,30,03:30,3,1,1,1,6,64538,M,"43,1340320"," -1,2671180",64
202000039255,20,12,7,18:40,5,2,1,1,2,75112,M,"48,8458310","2,4144450",75
202000039256,20,7,29,16:45,1,2,1,1,1,18197,M,"46,7288970","2,4945560",18
202000039257,20,12,7,19:20,5,2,3,1,3,75117,M,"48,8877650","2,3063100",75
202000039258,20,7,30,12:50,1,2,6,1,7,10323,M,"48,5139890","3,7253520",10
202000039259,20,12,7,18:25,5,2,4,1,6,75114,M,"48,8270150","2,3249180",75
202000039260,20,7,30,11:00,1,2,1,1,2,07255,M,"44,7514970","4,6897750",07
202000039261,20,7,25,10:10,1,1,4,1,2,21519,M,"47,7832920","4,8518170",21
202000039262,20,7,30,12:00,1,2,1,1,3,40175,M,"43,8251230"," -0,3720970",40
202000039263,20,7,30,13:20,1,2,1,1,2,40312,M,"43,5481280"," -1,4608380",40
202000039264,20,7,29,08:45,1,2,1,1,-1,24520,M,"44,8773580","1,2312410",24
202000039265,20,12,7,18:00,5,2,5,1,3,75112,M,"48,8446760","2,4057240",75
202000039266,20,7,28,17:05,1,2,1,1,1,85001,M,"46,3355840"," -1,3138530",85
202000039267,20,12,7,08:40,1,2,3,1,3,75112,M,"48,8241750","2,4229100",75
202000039268,20,7,23,10:00,1,1,1,1,6,85004,M,"46,3937000"," -1,4000000",85
202000039269,20,12,7,16:45,1,2,1,1,6,75110,M,"48,8792080","2,3686000",75
202000039270,20,12,7,17:50,5,2,3,1,3,75110,M,"48,8733630","2,3565190",75
202000039271,20,7,30,16:00,1,1,3,1,3,27083,M,"49,2540530","0,7590330",27
202000039272,20,7,30,09:45,1,1,1,1,2,27207,M,"49,1312120","0,4671340",27
202000039273,20,7,29,16:00,1,2,1,1,6,27032,M,"48,9286250","1,1402930",27
202000039274,20,12,7,17:35,5,2,7,1,6,75109,M,"48,8836160","2,3326730",75
202000039275,20,7,30,11:15,1,1,1,1,7,52486,M,"47,9040370","5,1236310",52
202000039276,20,12,7,13:50,1,2,2,1,6,75108,M,"48,8717680","2,3141680",75
202000039277,20,12,7,15:45,1,2,1,1,2,94080,M,"48,8475000","2,4274400",94
202000039278,20,7,30,07:30,1,2,2,1,2,52251,M,"48,1353850","5,0842030",52
202000039279,20,12,6,15:40,1,2,3,1,3,94068,M,"48,7975000","2,5039000",94
202000039280,20,7,29,10:15,1,1,1,1,2,46220,M,"44,8692380","1,5060280",46
202000039281,20,12,7,14:55,1,2,1,1,3,94046,M,"48,8097300","2,4537100",94
202000039282,20,7,26,23:18,3,1,1,1,2,40209,M,"43,5744450"," -1,4284590",40
202000039283,20,12,7,07:45,5,2,1,1,3,94076,M,"48,7967000","2,3681200",94
202000039284,20,7,30,13:15,1,1,1,1,6,18140,M,"47,1388840","1,9630340",18
202000039285,20,7,24,21:30,3,1,1,1,6,38048,M,"45,5785550","5,1278590",38
202000039286,20,12,7,15:25,1,2,2,1,3,93073,M,"48,9387000","2,5816800",93
202000039287,20,7,30,15:35,1,1,1,1,1,98816,C," -21,7062000","165,7091470",988
202000039288,20,7,29,13:50,1,1,1,1,7,97306,G,"5,6521168"," -53,8219357",973
202000039289,20,12,7,21:20,5,2,4,1,2,93070,M,"48,9072500","2,3264000",93
202000039290,20,7,28,20:00,3,1,1,1,6,97311,G,"5,5514060"," -53,9355750",973
202000039291,20,12,7,21:25,5,2,1,1,2,93045,M,"48,8785879","2,4114459",93
202000039292,20,7,29,18:50,1,1,1,1,1,97305,G,"4,9268640"," -52,3924260",973
202000039293,20,12,7,09:00,1,2,2,5,6,93063,M,"48,8783000","2,4454600",93
202000039294,20,7,28,11:30,1,2,1,1,6,97129,A,"16,3296301"," -61,7535101",971
202000039295,20,12,5,11:40,1,2,3,1,3,93032,M,"48,8760600","2,5446300",93
202000039296,20,12,7,12:20,1,2,2,1,3,92046,M,"48,8115225","2,3002278",92
202000039297,20,12,7,10:20,1,2,1,8,3,92044,M,"48,9014756","2,2852421",92
202000039298,20,7,19,17:10,1,1,1,1,4,44020,M,"47,1737460"," -1,6126840",44
202000039299,20,12,6,15:00,1,2,2,1,3,92024,M,"48,9009006","2,3080531",92
202000039300,20,7,29,16:50,1,1,1,1,5,29147,M,"47,8698533"," -3,5945414",29
202000039301,20,12,3,16:00,2,2,9,2,2,92012,M,"48,8454699","2,2530636",92
202000039302,20,7,30,16:20,1,1,2,1,3,45049,M,"47,8533780","2,3545570",45
202000039303,20,12,8,12:45,1,1,3,5,3,62364,M,"50,5059790","2,1312670",62
202000039304,20,7,30,18:20,1,1,1,1,7,04069,M,"43,8690142","6,5746622",04
202000039305,20,12,4,15:45,1,1,1,1,3,49355,M,"47,1002780"," -0,7738490",49
202000039306,20,12,7,19:40,3,1,1,1,6,52114,M,"48,0547990","4,9618770",52
202000039307,20,12,8,10:45,1,1,1,8,2,35139,M,"47,9669390"," -1,6917230",35
202000039308,20,7,30,00:22,5,2,1,1,7,04019,M,"44,3876571","6,6397141",04
202000039309,20,12,8,16:25,1,1,1,4,7,15207,M,"45,1668590","3,1581110",15
202000039310,20,7,30,08:05,1,1,2,7,1,67329,M,"48,4512680","7,5212360",67
202000039311,20,12,8,07:30,3,1,1,5,1,62754,M,"50,1754000","2,8423100",62
202000039312,20,7,29,19:20,1,2,3,1,3,03102,M,"46,5236275","3,6862916",03
202000039313,20,7,29,20:30,1,1,2,1,2,07247,M,"44,5786160","4,5263990",07
202000039314,20,12,8,16:00,1,2,2,7,6,77022,M,"48,4463880","2,6016780",77
202000039315,20,7,30,01:00,5,1,1,1,7,69156,M,"45,9625020","4,7157470",69
202000039316,20,12,8,10:40,1,2,9,2,6,83116,M,"43,4537370","5,8557590",83
202000039317,20,7,29,11:01,1,1,3,1,-1,86222,M,"46,6810260","0,3885390",86
202000039318,20,12,7,15:15,1,1,1,8,3,2B281,M,"42,8015020","9,4904870",2B
202000039319,20,7,30,11:00,1,2,3,1,3,64376,M,"43,2657630"," -0,3162930",64
202000039320,20,12,8,12:45,1,1,2,1,3,33485,M,"44,8487600"," -0,1099600",33
202000039321,20,7,30,14:20,1,2,1,1,1,44195,M,"47,3510940"," -1,9142390",44
202000039322,20,12,8,17:55,5,2,1,1,6,32107,M,"43,9564990","0,3653330",32
202000039323,20,7,27,16:00,1,1,1,1,2,22143,M,"48,6073200"," -2,2785040",22
202000039324,20,12,7,13:30,1,2,1,1,1,61038,M,"48,3724730","0,5685960",61
202000039325,20,7,29,14:30,1,2,9,1,7,22054,M,"48,6312530"," -2,4518720",22
202000039326,20,12,7,22:50,3,1,1,3,6,86263,M,"46,5037170","0,3623830",86
202000039327,20,7,30,16:00,1,2,3,1,3,76057,M,"49,5436330","0,9551740",76
202000039328,20,12,7,17:45,5,1,4,1,3,68135,M,"47,5881190","7,5459980",68
202000039329,20,7,29,16:00,1,2,1,1,6,59224,M,"50,2657020","3,2121970",59
202000039330,20,12,7,18:10,3,1,6,2,7,22158,M,"48,2004220"," -2,8909490",22
202000039331,20,7,26,19:10,1,1,1,7,2,13071,M,"43,3843020","5,3127480",13
202000039332,20,12,4,13:40,1,1,1,4,1,22283,M,"48,6755610"," -3,1492800",22
202000039333,20,12,8,09:40,1,1,1,2,7,29162,M,"48,2898750"," -3,9500140",29
202000039334,20,7,28,14:00,1,1,1,1,2,83137,M,"43,1213200","5,9533100",83
202000039335,20,12,7,07:35,2,1,1,2,3,31118,M,"43,7932010","1,3531210",31
202000039336,20,7,29,17:11,1,1,1,1,5,33080,M,"44,7382500"," -0,5345600",33
202000039337,20,12,7,17:00,2,2,2,8,2,38538,M,"45,2154750","5,8619170",38
202000039338,20,12,7,20:57,5,2,9,5,6,02614,M,"49,9024480","3,2176010",02
202000039339,20,7,28,10:20,1,1,1,2,2,33013,M,"44,8614300"," -0,5038700",33
202000039340,20,12,7,18:30,5,2,1,1,2,06032,M,"43,7254520","7,4067700",06
202000039341,20,7,29,05:00,3,1,1,1,7,94003,M,"48,7990600","2,3438800",94
202000039342,20,12,7,17:10,5,1,1,1,6,05115,M,"44,4668700","6,1787100",05
202000039343,20,7,29,00:43,3,1,1,1,7,94034,M,"48,7574600","2,3348800",94
202000039344,20,12,8,06:30,2,1,1,1,6,50082,M,"49,4688550"," -1,7191000",50
202000039345,20,7,29,00:10,4,1,1,1,7,78140,M,"48,9610390","1,9301590",78
202000039346,20,12,8,09:55,1,1,1,5,2,60405,M,"49,6881220","1,8087960",60
202000039347,20,7,27,12:45,1,1,1,1,2,92036,M,"48,9339888","2,2774024",92
202000039348,20,12,8,19:30,5,2,1,5,6,60333,M,"49,4474804","1,9005656",60
202000039349,20,12,7,07:30,2,1,1,8,2,36064,M,"46,8290468","1,7980400",36
202000039350,20,12,8,09:00,1,1,1,1,2,85023,M,"46,5395280"," -1,1945490",85
202000039351,20,5,25,19:01,1,2,2,1,3,42218,M,"45,4240200","4,3751500",42
202000039352,20,12,8,00:15,3,1,1,1,1,28025,M,"48,2575540","1,9664240",28
202000039353,20,4,28,06:54,1,2,2,1,7,42218,M,"45,4447800","4,3842900",42
202000039354,20,12,7,09:42,2,2,1,3,6,17197,M,"45,4483980"," -0,4374900",17
202000039355,20,12,7,17:20,5,2,1,1,6,52247,M,"48,2083590","5,5597420",52
202000039356,20,2,26,14:40,1,2,2,1,3,17306,M,"45,6225900"," -1,0409700",17
202000039357,20,5,28,17:45,1,2,1,1,6,13208,M,"43,2709796","5,3967065",13
202000039358,20,12,8,04:50,3,1,1,9,2,53007,M,"48,0701320"," -0,5633990",53
202000039359,20,7,28,14:00,1,2,3,1,3,69259,M,"45,7174200","4,8914300",69
202000039360,20,12,2,10:30,1,1,1,1,2,06149,M,"43,7433520","7,3368930",06
202000039361,20,7,28,08:25,1,2,1,1,2,69276,M,"45,6692000","4,8505000",69
202000039362,20,12,7,08:10,1,1,1,1,6,69013,M,"46,0109720","4,7297860",69
202000039363,20,7,27,11:45,1,2,3,1,3,69034,M,"45,7915200","4,8230700",69
202000039364,20,12,8,08:05,1,1,1,1,3,97107,A,"16,0880680"," -61,5632200",971
202000039365,20,7,27,10:15,1,2,3,1,6,69389,M,"45,7809400","4,8083200",69
202000039366,20,12,6,21:45,5,2,1,1,6,97228,A,"14,7736430"," -60,9895280",972
202000039367,20,7,27,09:50,1,2,9,1,6,69382,M,"45,7637500","4,8358200",69
202000039368,20,12,8,07:35,5,2,6,1,1,95199,M,"49,0296450","2,3301740",95
202000039369,20,12,7,16:30,2,1,1,2,6,84132,M,"43,9571150","4,9845230",84
202000039370,20,7,28,16:30,1,2,1,1,3,95268,M,"48,9648423","2,4175911",95
202000039371,20,7,28,19:00,1,1,1,1,6,91421,M,"48,6900560","2,4658220",91
202000039372,20,12,8,07:25,2,1,1,2,-1,13049,M,"43,6963300","5,0790380",13
202000039373,20,7,27,14:00,1,2,1,1,6,91228,M,"48,6250740","2,4240650",91
202000039374,20,12,7,18:00,3,1,1,2,1,13101,M,"43,4130910","5,5353980",13
202000039375,20,7,28,21:06,1,2,2,1,3,91657,M,"48,6966000","2,4359400",91
202000039376,20,12,6,15:48,1,2,1,1,6,57205,M,"49,2191890","6,6378880",57
202000039377,20,12,8,11:00,1,1,2,2,3,03298,M,"46,3329613","3,4111859",03
202000039378,20,7,6,16:40,1,2,1,1,4,84007,M,"43,9510200","4,8296800",84
202000039379,20,12,6,11:15,1,2,1,1,1,22376,M,"48,2080498"," -2,7918193",22
202000039380,20,7,27,21:35,1,1,1,1,6,82121,M,"44,0070125","1,3913745",82
202000039381,20,12,8,17:55,5,2,1,1,-1,27025,M,"49,0923750","1,2740920",27
202000039382,20,7,28,01:20,5,2,1,1,3,80001,M,"50,1183520","1,8379730",80
202000039383,20,12,8,08:45,1,2,1,5,6,27539,M,"49,1126400","1,3948880",27
202000039384,20,7,28,17:55,1,2,1,1,6,77243,M,"48,8733700","2,7217200",77
202000039385,20,12,7,14:25,1,1,1,1,6,13202,M,"43,3149270","5,3667830",13
202000039386,20,7,27,17:30,1,2,9,1,3,76451,M,"49,4572945","1,0947892",76
202000039387,20,12,7,17:20,1,1,1,2,2,33162,M,"44,8779800"," -0,6303600",33
202000039388,20,12,4,19:20,5,1,1,1,2,59646,M,"50,6828460","3,1163210",59
202000039389,20,7,27,08:08,1,2,2,1,2,76351,M,"49,5236900","0,1126000",76
202000039390,20,7,27,19:52,1,2,1,1,7,71153,M,"46,8083058","4,4204371",71
202000039391,20,12,7,08:00,1,1,1,1,-1,78423,M,"48,7943370","2,0501450",78
202000039392,20,7,27,17:15,1,2,1,7,4,64445,M,"43,3295000"," -0,3535000",64
202000039393,20,12,7,18:30,3,1,1,2,7,77373,M,"48,7739780","2,6118710",77
202000039394,20,6,23,10:35,1,2,3,1,6,64445,M,"43,2998000"," -0,3792400",64
202000039395,20,12,7,01:05,4,2,4,1,6,98818,C," -22,2244000","166,4677900",988
202000039396,20,7,27,16:05,1,2,1,7,1,64122,M,"43,4739000"," -1,5547700",64
202000039397,20,7,28,19:20,1,2,1,1,3,64102,M,"43,4922000"," -1,4709000",64
202000039398,20,12,5,21:47,4,2,3,1,3,97302,G,"4,9342455"," -52,3110281",973
202000039399,20,7,27,21:50,2,2,1,1,3,64024,M,"43,4803100"," -1,5154300",64
202000039400,20,12,6,10:45,1,2,1,1,5,69383,M,"45,7546900","4,8677900",69
202000039401,20,7,23,18:40,1,2,2,1,4,63113,M,"45,7708658","3,0874170",63
202000039402,20,12,6,03:00,3,1,1,1,2,97213,A,"14,6166000"," -61,0159300",972
202000039403,20,12,6,02:15,5,2,9,1,6,97209,A,"14,5960100"," -61,0592800",972
202000039404,20,7,28,14:15,1,2,6,1,3,61001,M,"48,4446100","0,0991310",61
202000039405,20,12,6,13:20,1,2,1,1,6,69381,M,"45,7730333","4,8364322",69
202000039406,20,12,1,20:00,5,2,1,2,-1,69382,M,"45,7601100","4,8305900",69
202000039407,20,7,27,16:20,1,2,6,1,5,59646,M,"50,6792800","3,1361670",59
202000039408,20,12,5,12:30,1,2,1,1,2,91479,M,"48,7056580","2,3599130",91
202000039409,20,7,10,01:24,3,2,1,1,7,57631,M,"49,1140000","7,0459000",57
202000039410,20,12,5,18:30,5,1,3,2,3,77152,M,"48,5085600","2,6028000",77
202000039411,20,7,26,17:53,1,2,9,1,3,54304,M,"48,6947210","6,1272115",54
202000039412,20,12,1,14:35,1,1,1,8,2,77320,M,"48,8310700","3,0150200",77
202000039413,20,7,27,14:50,1,2,3,1,6,54395,M,"48,6908736","6,1763871",54
202000039414,20,12,6,14:50,1,2,3,8,2,69282,M,"45,7741600","5,0181400",69
202000039415,20,12,6,02:05,5,2,1,1,6,69029,M,"45,7329600","4,9018000",69
202000039416,20,7,27,20:45,2,2,4,2,3,50129,M,"49,6269400"," -1,6354500",50
202000039417,20,12,5,16:49,2,1,1,1,3,69091,M,"45,5882900","4,7362900",69
202000039418,20,7,28,00:41,3,2,1,1,3,49015,M,"47,4939500"," -0,5788700",49
202000039419,20,7,27,22:42,3,2,1,2,7,49007,M,"47,4764200"," -0,5665000",49
202000039420,20,12,6,21:07,5,2,1,2,2,65440,M,"43,2321000","0,0652500",65
202000039421,20,12,6,17:45,5,2,1,1,6,59599,M,"50,7332200","3,1611700",59
202000039422,20,7,27,09:15,1,2,1,1,3,49007,M,"47,4745300"," -0,5589300",49
202000039423,20,7,27,07:45,1,2,1,1,3,49007,M,"47,4590560"," -0,5453464",49
202000039424,20,12,6,07:41,3,1,1,1,6,56260,M,"47,6657700"," -2,7248500",56
202000039425,20,7,28,22:06,5,2,1,1,6,44109,M,"47,2331000"," -1,5584000",44
202000039426,20,12,6,13:37,1,2,3,1,5,54483,M,"48,6210380","6,2830370",54
202000039427,20,7,27,19:10,1,2,1,2,3,44132,M,"47,2556750"," -2,3036900",44
202000039428,20,12,5,20:00,5,2,1,8,3,33281,M,"44,8416400"," -0,6662400",33
202000039429,20,7,11,00:11,5,2,2,1,3,42218,M,"45,4366600","4,3925700",42
202000039430,20,6,16,18:29,1,2,4,1,6,42218,M,"45,4486420","4,3905473",42
202000039431,20,12,6,10:52,1,2,3,1,1,29039,M,"47,8863248"," -3,9196921",29
202000039432,20,7,28,13:50,1,1,6,1,6,42127,M,"46,0833367","4,0740676",42
202000039433,20,12,6,20:00,5,2,1,2,6,27229,M,"49,0343430","1,1635700",27
202000039434,20,7,28,20:25,1,2,2,1,3,37261,M,"47,3835971","0,6961958",37
202000039435,20,7,28,15:30,1,1,1,1,6,35278,M,"48,1417340"," -1,6707610",35
202000039436,20,7,28,01:40,5,2,1,1,6,35238,M,"48,1087600"," -1,6538000",35
202000039437,20,7,28,10:50,1,2,2,1,3,34172,M,"43,5951160","3,8615900",34
202000039438,20,7,15,19:10,1,2,2,1,3,33162,M,"44,8771400"," -0,6424800",33
202000039439,20,7,26,21:45,5,2,5,1,3,33063,M,"44,8550400"," -0,5738600",33
202000039440,20,7,26,18:40,1,2,3,1,6,33063,M,"44,8350405"," -0,5713249",33
202000039441,20,7,28,17:30,1,2,1,1,2,33529,M,"44,6384500"," -1,1449700",33
202000039442,20,7,28,10:15,1,2,1,1,6,31555,M,"43,5931100","1,4445100",31
202000039443,20,7,28,02:00,5,2,1,2,6,31555,M,"43,6007400","1,4286800",31
202000039444,20,7,27,16:12,1,2,3,1,3,31555,M,"43,6038500","1,4070000",31
202000039445,20,7,27,14:35,1,2,1,1,6,31555,M,"43,6027540","1,4572240",31
202000039446,20,7,28,12:06,1,1,1,8,6,30189,M,"43,8044000","4,3730000",30
202000039447,20,7,28,15:10,1,2,8,1,6,29019,M,"48,4163900"," -4,4679600",29
202000039448,20,7,27,15:31,1,2,6,1,1,29019,M,"48,3942891"," -4,5390050",29
202000039449,20,7,27,15:10,1,2,1,1,1,29019,M,"48,4233800"," -4,5101900",29
202000039450,20,7,28,12:05,1,2,2,1,2,27681,M,"49,0935900","1,4618700",27
202000039451,20,7,28,07:40,1,2,2,1,3,17333,M,"45,6088400"," -0,9945500",17
202000039452,20,7,28,14:40,1,1,1,1,3,17300,M,"46,1605630"," -1,2203380",17
202000039453,20,7,26,20:45,1,2,1,1,2,14366,M,"49,1587713","0,2276489",14
202000039454,20,7,29,23:50,5,2,1,1,1,13208,M,"43,2781560","5,3765400",13
202000039455,20,7,28,16:00,1,2,2,1,6,13202,M,"43,3304290","5,3590600",13
202000039456,20,7,28,09:00,1,1,1,1,3,13209,M,"43,2469640","5,4521390",13
202000039457,20,7,28,07:00,2,2,1,1,3,13209,M,"43,2345700","5,4114700",13
202000039458,20,7,28,09:10,1,1,1,2,1,11069,M,"43,2246000","2,3683000",11
202000039459,20,7,19,23:00,5,2,3,1,3,08105,M,"49,7700000","4,7200000",08
202000039460,20,7,27,12:10,1,2,1,1,6,06027,M,"43,6555100","7,1528600",06
202000039461,20,7,28,02:24,5,2,2,1,-1,06004,M,"43,5837000","7,1064700",06
202000039462,20,9,25,22:40,3,2,1,1,7,91421,M,"48,7003800","2,4671300",91
202000039463,20,9,25,18:40,1,2,9,1,3,91027,M,"48,6988900","2,3619800",91
202000039464,20,9,24,17:40,1,1,1,1,2,91339,M,"48,6200000","2,2600000",91
202000039465,20,9,24,09:00,1,2,2,2,3,87085,M,"45,8399400","1,2344100",87
202000039466,20,9,24,22:53,5,2,3,2,2,87085,M,"45,8235400","1,2511500",87
202000039467,20,9,24,12:02,1,1,1,2,6,87085,M,"45,8589100","1,2843200",87
202000039468,20,9,25,08:40,1,2,3,8,3,83137,M,"43,1290700","5,9059700",83
202000039469,20,9,25,20:05,2,2,1,1,3,82121,M,"44,0164570","1,3465936",82
202000039470,20,9,24,17:40,1,2,1,1,3,80021,M,"49,8980800","2,2701140",80
202000039471,20,9,21,12:55,1,2,2,1,3,78498,M,"48,9299350","2,0369280",78
202000039472,20,9,23,12:20,1,2,2,1,6,78498,M,"48,9327000","2,0501000",78
202000039473,20,9,24,15:40,1,2,1,8,6,77122,M,"48,6615300","2,5821900",77
202000039474,20,9,25,06:05,5,2,9,1,3,77284,M,"48,9544300","2,9144800",77