Num_Acc,an,mois,jour,hrmn,lum,agg,int,atm,col,com,gps,lat,long,dep
202000039475,20,9,25,04:10,5,1,2,1,3,76575,M,"49,3679200","1,1106700",76
202000039476,20,9,24,16:40,1,2,2,2,6,76351,M,"49,4984500","0,1269400",76
202000039477,20,9,24,13:40,1,2,1,1,4,76351,M,"49,5024900","0,1519800",76
202000039478,20,9,25,12:00,1,1,1,2,3,73065,M,"45,5788729","5,9170121",73
202000039479,20,9,24,22:10,3,1,1,9,1,71497,M,"46,3465919","4,8484898",71
202000039480,20,9,24,17:50,1,2,1,8,3,71153,M,"46,7985021","4,4363094",71
202000039481,20,6,16,12:15,1,2,1,1,7,55029,M,"48,7693800","5,1742700",55
202000039482,20,9,25,15:45,1,2,2,1,6,69266,M,"45,7605180","4,9205695",69
202000039483,20,6,29,13:57,1,2,2,1,3,54395,M,"48,6904614","6,1883502",54
202000039484,20,9,25,15:30,1,2,3,1,3,69266,M,"45,7667158","4,8947698",69
202000039485,20,6,28,13:40,1,2,3,1,1,50602,M,"49,6364800"," -1,5961400",50
202000039486,20,9,22,07:00,2,2,6,8,-1,69282,M,"45,7680800","4,9915800",69
202000039487,20,6,29,20:48,2,2,1,1,3,49007,M,"47,4683400"," -0,5501400",49
202000039488,20,9,25,08:30,1,2,1,8,3,69266,M,"45,7704284","4,8745946",69
202000039489,20,6,29,10:32,1,2,1,1,3,49007,M,"47,4687700"," -0,6002400",49
202000039490,20,9,24,09:00,1,2,3,2,3,69256,M,"45,7740600","4,9323200",69
202000039491,20,6,26,16:08,1,2,1,1,6,47001,M,"44,2075200","0,6164500",47
202000039492,20,6,29,14:30,1,2,1,1,6,38185,M,"45,1681700","5,7122600",38
202000039493,20,9,25,07:30,1,2,3,1,6,69264,M,"45,9847900","4,7204900",69
202000039494,20,6,29,10:00,1,2,1,1,-1,38151,M,"45,1507000","5,7101000",38
202000039495,20,9,24,16:48,1,2,1,1,6,67180,M,"48,8098429","7,7840495",67
202000039496,20,6,30,14:10,1,2,1,1,6,37261,M,"47,3775228","0,6795630",37
202000039497,20,9,24,21:50,5,2,1,1,6,66136,M,"42,6970600","2,9022400",66
202000039498,20,6,27,10:00,1,2,3,1,6,35288,M,"48,6265300"," -2,0019800",35
202000039499,20,9,23,17:35,1,2,1,1,6,66136,M,"42,7152800","2,8936100",66
202000039500,20,6,25,17:50,1,2,1,1,2,35115,M,"48,3572411"," -1,2045008",35
202000039501,20,9,22,11:10,1,2,1,2,6,64483,M,"43,3874800"," -1,6615600",64
202000039502,20,6,30,20:30,1,2,1,1,2,34172,M,"43,6004200","3,8675100",34
202000039503,20,9,25,23:00,5,2,1,2,7,64445,M,"43,3256200"," -0,3604700",64
202000039504,20,6,30,16:02,1,2,1,1,7,34172,M,"43,6418992","3,8349856",34
202000039505,20,9,1,20:05,1,2,1,7,7,64445,M,"43,3132000"," -0,3690600",64
202000039506,20,9,23,16:07,1,2,2,1,6,63113,M,"45,7893025","3,0627836",63
202000039507,20,6,30,09:00,1,2,1,1,3,34172,M,"43,6119000","3,8248600",34
202000039508,20,9,23,08:45,1,2,6,2,3,62193,M,"50,9464600","1,8936600",62
202000039509,20,6,30,08:45,1,2,1,1,2,33063,M,"44,8596747"," -0,6321660",33
202000039510,20,9,25,10:00,1,2,1,2,6,62041,M,"50,2833400","2,7845600",62
202000039511,20,6,23,17:15,1,2,1,1,3,33281,M,"44,8119384"," -0,7109778",33
202000039512,20,9,24,21:15,5,2,3,1,3,60159,M,"49,4114000","2,8183700",60
202000039513,20,6,28,05:00,5,2,1,1,6,33063,M,"44,8320000"," -0,5437000",33
202000039514,20,9,24,07:40,1,2,1,1,6,59017,M,"50,6857426","2,8915983",59
202000039515,20,6,30,11:30,1,2,1,2,7,29232,M,"47,9835500"," -4,0755700",29
202000039516,20,9,24,17:40,1,2,1,1,2,58194,M,"46,9856000","3,1745000",58
202000039517,20,9,25,10:15,1,2,1,1,2,54395,M,"48,7000000","6,1761300",54
202000039518,20,6,29,13:20,1,2,3,1,2,29232,M,"47,9963200"," -4,1096600",29
202000039519,20,6,24,08:05,1,2,1,1,6,17306,M,"45,6240600"," -1,0289800",17
202000039520,20,7,1,00:00,4,2,1,1,6,14118,M,"49,1947630"," -0,3563340",14
202000039521,20,6,27,14:50,1,1,1,1,1,30032,M,"43,7904140","4,5813120",30
202000039522,20,9,4,17:00,1,2,1,1,4,54547,M,"48,6659000","6,1709800",54
202000039523,20,6,30,20:03,1,2,1,1,6,13210,M,"43,2867570","5,4141780",13
202000039524,20,9,25,17:35,1,2,1,3,7,51454,M,"49,2662312","4,0507993",51
202000039525,20,6,30,20:50,2,2,1,1,3,13215,M,"43,3289200","5,3657000",13
202000039526,20,6,30,18:50,1,2,1,1,1,13214,M,"43,3287090","5,3755090",13
202000039527,20,9,25,08:20,1,2,2,1,7,51454,M,"49,2581431","4,0383072",51
202000039528,20,6,30,17:15,1,2,1,1,3,13213,M,"43,3215900","5,4117500",13
202000039529,20,9,24,15:20,1,2,2,1,3,51230,M,"49,0443110","3,9557286",51
202000039530,20,9,24,09:30,1,2,2,2,3,50173,M,"49,6539000"," -1,6490900",50
202000039531,20,6,30,15:50,1,2,3,1,2,13202,M,"43,3278694","5,3549453",13
202000039532,20,9,22,20:30,2,2,1,1,3,49007,M,"47,4624993"," -0,5538225",49
202000039533,20,6,29,19:00,1,2,4,1,6,13203,M,"43,3096220","5,3825350",13
202000039534,20,9,24,07:10,2,2,6,1,3,49007,M,"47,4718400"," -0,5671400",49
202000039535,20,6,29,14:42,1,2,5,1,3,10387,M,"48,3053800","4,0925300",10
202000039536,20,9,25,06:20,5,1,1,9,3,46042,M,"44,4146800","1,4343700",46
202000039537,20,2,1,19:45,3,2,1,1,6,06088,M,"43,7034000","7,2350000",06
202000039538,20,9,25,18:50,1,2,1,1,2,37261,M,"47,4355949","0,6984942",37
202000039539,20,6,30,07:05,1,2,6,1,6,06069,M,"43,6559700","6,9247200",06
202000039540,20,9,25,16:25,1,2,1,2,7,37261,M,"47,4301551","0,7052488",37
202000039541,20,6,30,00:04,5,2,1,1,1,06069,M,"43,6449000","6,9410000",06
202000039542,20,9,18,14:00,1,2,1,1,2,37261,M,"47,3990174","0,7000854",37
202000039543,20,6,29,14:20,1,2,6,1,3,06027,M,"43,6589600","7,1370500",06
202000039544,20,9,25,08:00,1,2,9,1,6,37261,M,"47,3921288","0,7004766",37
202000039545,20,6,28,11:00,1,2,1,1,3,06027,M,"43,6496000","7,1510000",06
202000039546,20,9,24,22:53,3,2,1,8,7,37195,M,"47,3893324","0,6470353",37
202000039547,20,6,29,16:15,1,2,1,1,4,05061,M,"44,5663900","6,0946400",05
202000039548,20,9,24,20:30,5,2,1,2,7,37261,M,"47,3661608","0,7005940",37
202000039549,20,6,29,09:35,1,1,4,1,1,04112,M,"43,8323464","5,7622939",04
202000039550,20,9,24,17:15,1,2,2,1,1,37122,M,"47,3477029","0,6556795",37
202000039551,20,6,30,19:50,1,2,1,1,3,75117,M,"48,8851930","2,2873020",75
202000039552,20,9,24,13:00,1,2,1,2,7,37261,M,"47,3839814","0,6782207",37
202000039553,20,6,30,14:35,1,2,1,1,3,75119,M,"48,8917770","2,3955620",75
202000039554,20,9,24,09:00,1,1,1,9,4,37214,M,"47,4273739","0,6381326",37
202000039555,20,6,30,13:15,1,2,1,1,5,75120,M,"48,8772180","2,4089280",75
202000039556,20,9,24,14:10,1,2,6,2,6,35288,M,"48,6317360"," -2,0010030",35
202000039557,20,6,29,11:40,1,2,4,1,4,75120,M,"48,8491450","2,4151400",75
202000039558,20,9,25,22:20,5,2,1,1,6,35238,M,"48,1092930"," -1,6845560",35
202000039559,20,6,29,22:40,5,2,7,1,7,75114,M,"48,8339330","2,3313480",75
202000039560,20,9,25,15:05,1,1,1,2,2,35238,M,"48,1322100"," -1,7082000",35
202000039561,20,6,30,18:30,1,2,2,1,6,75118,M,"48,8894890","2,3495940",75
202000039562,20,9,25,08:15,1,2,1,2,3,35238,M,"48,1356922"," -1,6601126",35
202000039563,20,6,30,00:35,5,2,2,1,6,75118,M,"48,8987140","2,3703600",75
202000039564,20,9,25,20:13,5,2,1,2,6,34172,M,"43,6191500","3,8658400",34
202000039565,20,6,30,17:20,1,2,1,8,2,75117,M,"48,8940380","2,3130370",75
202000039566,20,9,25,09:40,1,2,1,1,-1,34172,M,"43,6236900","3,8621800",34
202000039567,20,6,30,09:30,1,2,1,1,2,75117,M,"48,9002740","2,3200650",75
202000039568,20,9,22,17:55,1,2,3,1,1,34172,M,"43,6235300","3,8922100",34
202000039569,20,9,24,17:10,1,1,1,1,7,34336,M,"43,3082200","3,2783500",34
202000039570,20,6,30,00:10,5,2,2,1,3,75113,M,"48,8259440","2,3452140",75
202000039571,20,9,26,00:50,5,2,2,8,2,33069,M,"44,8687200"," -0,5761200",33
202000039572,20,6,30,19:45,1,2,3,1,3,75112,M,"48,8399490","2,4321400",75
202000039573,20,9,25,23:50,5,2,1,2,6,33192,M,"44,7891200"," -0,6087700",33
202000039574,20,6,30,14:40,1,2,4,1,6,75112,M,"48,8471490","2,3850010",75
202000039575,20,6,30,13:50,1,2,1,8,3,75111,M,"48,8512160","2,3978550",75
202000039576,20,9,25,19:00,1,2,2,2,4,33063,M,"44,8570500"," -0,6321800",33
202000039577,20,6,30,09:30,1,2,3,8,3,75111,M,"48,8594770","2,3676150",75
202000039578,20,9,24,19:40,5,2,1,3,6,33063,M,"44,8302000"," -0,5967300",33
202000039579,20,6,30,09:25,1,2,2,1,3,75110,M,"48,8807230","2,3624200",75
202000039580,20,6,30,14:55,1,2,5,8,7,75108,M,"48,8806980","2,3247830",75
202000039581,20,6,30,09:00,1,2,2,1,2,75108,M,"48,8765480","2,3016930",75
202000039582,20,6,29,16:50,1,2,1,1,1,75108,M,"48,8645680","2,3088170",75
202000039583,20,6,30,16:45,1,2,1,1,5,75114,M,"48,8346510","2,3130700",75
202000039584,20,9,24,01:45,5,2,1,1,6,33522,M,"44,8220200"," -0,5841300",33
202000039585,20,6,30,14:00,1,2,2,1,6,75101,M,"48,8669780","2,3358740",75
202000039586,20,9,15,17:30,1,1,2,1,5,33281,M,"44,8507300"," -0,6784700",33
202000039587,20,6,29,15:30,1,2,3,1,6,94068,M,"48,8071800","2,4755300",94
202000039588,20,9,27,16:50,1,2,1,1,1,33063,M,"44,8312400"," -0,6059700",33
202000039589,20,6,30,19:40,1,2,2,1,-1,94043,M,"48,8081200","2,3570200",94
202000039590,20,9,25,14:15,1,2,2,3,2,33009,M,"44,6585700"," -1,1682800",33
202000039591,20,6,30,10:20,1,2,1,1,2,94021,M,"48,7694540","2,3678930",94
202000039592,20,9,24,16:25,1,2,1,1,3,31557,M,"43,5607100","1,3516900",31
202000039593,20,6,30,13:55,1,2,1,1,3,94028,M,"48,7949840","2,4594300",94
202000039594,20,9,24,19:00,1,2,1,1,3,31555,M,"43,6081900","1,4092200",31
202000039595,20,6,29,12:30,1,2,1,1,2,94028,M,"48,7812800","2,4376000",94
202000039596,20,9,24,17:24,1,2,1,1,6,31555,M,"43,5928600","1,4033300",31
202000039597,20,6,30,00:00,5,2,1,1,5,93066,M,"48,9385608","2,3702948",93
202000039598,20,6,30,10:20,1,2,1,1,6,93053,M,"48,8847739","2,4415290",93
202000039599,20,9,24,15:30,1,1,1,1,4,31555,M,"43,5993900","1,3972700",31
202000039600,20,6,30,18:30,1,2,2,1,6,93049,M,"48,8635000","2,5012000",93
202000039601,20,9,23,22:05,4,1,1,1,-1,31044,M,"43,5858400","1,4963500",31
202000039602,20,6,29,18:07,1,2,3,1,5,93027,M,"48,9229797","2,4132959",93
202000039603,20,6,30,20:45,1,2,9,1,-1,93010,M,"48,9066572","2,4853115",93
202000039604,20,9,25,13:55,1,1,9,1,1,30189,M,"43,8301300","4,3326600",30
202000039605,20,6,30,11:20,1,2,3,1,6,93057,M,"48,8991400","2,5045500",93
202000039606,20,9,24,09:00,1,2,3,1,3,30189,M,"43,8516000","4,4079000",30
202000039607,20,6,29,20:30,1,2,2,1,3,93007,M,"48,9373505","2,4631798",93
202000039608,20,9,25,20:00,2,2,3,1,3,29039,M,"47,8774237"," -3,9138114",29
202000039609,20,6,29,19:24,1,2,2,1,3,93001,M,"48,9061000","2,3842000",93
202000039610,20,9,25,17:15,1,1,2,1,3,29039,M,"47,9207976"," -3,9171946",29
202000039611,20,6,29,18:40,1,2,2,1,3,93001,M,"48,9121300","2,3774500",93
202000039612,20,9,25,12:35,1,2,3,1,3,29019,M,"48,4063918"," -4,4676382",29
202000039613,20,6,30,22:00,2,2,2,1,3,92051,M,"48,8762000","2,2464000",92
202000039614,20,9,26,01:09,5,2,1,8,6,25056,M,"47,2181900","5,9682000",25
202000039615,20,6,30,17:10,1,2,1,1,6,92062,M,"48,8818000","2,2390000",92
202000039616,20,6,30,17:35,1,2,1,1,3,92007,M,"48,8101100","2,3144300",92
202000039617,20,6,29,19:10,1,2,4,1,1,92036,M,"48,9407430","2,2923330",92
202000039618,20,9,24,14:15,1,2,3,1,3,24322,M,"45,1884000","0,7226500",24
202000039619,20,6,30,08:40,1,2,3,1,3,92035,M,"48,9096400","2,2550400",92
202000039620,20,9,25,21:15,5,2,3,1,3,17291,M,"46,1885000"," -1,1216600",17
202000039621,20,6,30,18:30,1,2,3,1,3,92026,M,"48,9005890","2,2752570",92
202000039622,20,9,24,14:30,1,2,3,1,7,14366,M,"49,1459600","0,2271700",14
202000039623,20,6,28,14:40,1,2,1,1,2,92025,M,"48,9148300","2,2284140",92
202000039624,20,9,25,19:40,2,2,1,1,3,13203,M,"43,3019900","5,3872600",13
202000039625,20,6,30,11:20,1,2,1,1,3,92024,M,"48,9063470","2,2971260",92
202000039626,20,9,25,17:50,1,2,1,1,6,13213,M,"43,3333494","5,4307484",13
202000039627,20,6,30,20:16,1,2,9,1,7,92023,M,"48,8004450","2,2689320",92
202000039628,20,9,25,13:15,1,2,2,1,3,13206,M,"43,2893000","5,3883000",13
202000039629,20,7,1,10:20,1,1,1,1,4,91086,M,"48,6141410","2,3909170",91
202000039630,20,7,1,16:10,1,1,1,1,2,10248,M,"48,3027800","3,9740680",10
202000039631,20,9,11,21:00,5,2,2,1,3,13203,M,"43,3164531","5,3684507",13
202000039632,20,7,1,08:30,1,1,1,7,6,97422,R," -21,2922590","55,5263290",974
202000039633,20,9,11,21:00,5,2,1,1,3,13203,M,"43,3168060","5,3692750",13
202000039634,20,7,1,16:00,1,1,1,1,3,97401,R," -21,2528770","55,3482520",974
202000039635,20,9,25,00:10,5,2,1,1,6,13210,M,"43,2681500","5,4167100",13
202000039636,20,7,1,02:50,3,1,1,1,2,26353,M,"44,6648380","4,7915840",26
202000039637,20,6,30,19:45,2,1,1,1,6,63048,M,"45,6482321","2,6038805",63
202000039638,20,9,24,21:00,5,2,2,1,3,13205,M,"43,2958400","5,4002600",13
202000039639,20,9,24,10:40,1,2,1,1,6,13207,M,"43,2837301","5,3500489",13
202000039640,20,6,16,17:30,1,2,6,1,3,57690,M,"49,0941910","6,7173400",57
202000039641,20,6,30,13:00,1,1,1,8,6,76454,M,"49,7379880","1,5453600",76
202000039642,20,9,24,16:50,1,2,1,8,6,11069,M,"43,2246800","2,2850900",11
202000039643,20,7,1,14:00,1,2,1,1,1,83070,M,"43,1391370","6,3551620",83
202000039644,20,9,25,18:55,1,2,1,1,2,07281,M,"44,9410311","4,8625965",07
202000039645,20,6,28,12:00,1,1,1,1,6,30030,M,"44,0601440","4,2625670",30
202000039646,20,9,22,08:45,1,1,1,2,1,07052,M,"44,9394940","4,7628650",07
202000039647,20,6,29,19:00,1,1,3,7,1,51237,M,"48,7209240","3,5369430",51
202000039648,20,6,2,08:12,1,1,1,1,7,19194,M,"45,3487501","1,6976720",19
202000039649,20,9,24,10:00,1,2,1,1,2,06029,M,"43,5487200","7,0080300",06
202000039650,20,7,1,12:05,1,2,1,8,6,56155,M,"47,4817960"," -2,4757490",56
202000039651,20,9,23,06:55,2,2,4,1,6,75117,M,"48,8830460","2,2836770",75
202000039652,20,6,29,10:50,1,1,1,1,2,32389,M,"43,5020130","0,3949820",32
202000039653,20,6,30,15:30,1,1,1,1,6,12238,M,"44,2378200","2,9602150",12
202000039654,20,9,25,10:42,1,2,2,8,3,75113,M,"48,8160370","2,3601140",75
202000039655,20,6,29,15:00,1,1,3,1,7,39449,M,"47,1532760","5,4870240",39
202000039656,20,9,25,22:00,5,2,1,1,3,75119,M,"48,8903960","2,3718080",75
202000039657,20,6,25,15:16,1,1,1,1,6,44005,M,"47,1547770"," -1,8783830",44
202000039658,20,9,25,08:10,1,2,2,2,3,75119,M,"48,8827640","2,3702930",75
202000039659,20,6,30,18:05,1,1,1,1,3,15138,M,"45,1140420","2,8605600",15
202000039660,20,9,25,06:25,5,2,1,1,6,75119,M,"48,8975910","2,3862260",75
202000039661,20,7,1,09:40,1,2,1,1,6,01034,M,"45,7577140","5,6881390",01
202000039662,20,7,1,01:00,5,2,1,1,6,70429,M,"47,6710950","6,1642960",70
202000039663,20,9,25,12:40,1,2,3,2,3,75116,M,"48,8491040","2,2754490",75
202000039664,20,9,25,12:00,1,2,1,2,6,75116,M,"48,8749460","2,2837010",75
202000039665,20,6,28,11:30,1,1,9,1,3,26005,M,"44,4964900","4,7885800",26
202000039666,20,9,25,11:20,1,2,2,2,2,75116,M,"48,8546840","2,2693870",75
202000039667,20,7,1,16:35,1,1,1,2,5,60531,M,"49,4298380","2,7170670",60
202000039668,20,9,25,19:00,1,2,3,1,6,75115,M,"48,8431870","2,3046170",75
202000039669,20,7,1,02:15,5,2,9,1,6,53010,M,"48,1552950"," -0,3255800",53
202000039670,20,9,25,12:05,1,2,1,3,6,75115,M,"48,8497100","2,2963360",75
202000039671,20,6,30,22:00,3,1,1,1,6,24581,M,"45,0294000","0,5549280",24
202000039672,20,9,25,08:20,1,2,3,2,6,75115,M,"48,8435670","2,3146620",75
202000039673,20,6,20,17:45,1,1,1,1,1,24312,M,"45,1001300","0,8045660",24
202000039674,20,9,24,14:15,1,2,3,2,1,75115,M,"48,8462200","2,2794160",75
202000039675,20,6,29,22:00,3,2,1,1,6,04244,M,"44,1153940","6,0074990",04
202000039676,20,9,25,13:30,1,2,1,3,2,75114,M,"48,8413680","2,3256340",75
202000039677,20,6,30,20:35,1,1,1,1,7,27251,M,"49,1008890","0,6923850",27
202000039678,20,6,29,13:30,1,1,9,1,6,87095,M,"45,5433890","1,4546800",87
202000039679,20,9,25,07:15,2,2,1,2,6,75114,M,"48,8416650","2,3277730",75
202000039680,20,9,25,15:18,1,2,1,1,6,75110,M,"48,8728650","2,3758000",75
202000039681,20,6,30,16:30,1,1,1,1,1,37028,M,"46,8090992","0,9705439",37
202000039682,20,9,24,22:00,5,2,2,2,6,75109,M,"48,8812090","2,3361620",75
202000039683,20,7,1,06:00,3,1,1,1,3,37001,M,"46,9623654","0,7054625",37
202000039684,20,6,30,10:51,1,1,9,1,6,63164,M,"45,8395566","3,1607887",63
202000039685,20,9,25,13:20,1,2,1,2,3,75117,M,"48,8790520","2,3026690",75
202000039686,20,6,29,11:30,1,1,1,1,3,97607,Y," -12,8393140","45,1605780",976
202000039687,20,6,29,14:50,1,2,1,1,6,95039,M,"49,0658220","2,1581972",95
202000039688,20,9,25,12:20,1,2,3,2,3,75117,M,"48,8789890","2,3024030",75
202000039689,20,9,25,08:59,1,2,1,2,7,75108,M,"48,8698180","2,3072750",75
202000039690,20,6,28,17:45,1,2,2,1,3,91661,M,"48,6972030","2,2467090",91
202000039691,20,9,25,09:10,1,2,3,8,7,75103,M,"48,8569480","2,3682270",75
202000039692,20,6,30,18:30,1,1,9,1,6,2A247,M,"41,5978487","9,2669289",2A
202000039693,20,9,24,18:25,1,2,2,3,7,75101,M,"48,8609090","2,3408520",75
202000039694,20,7,1,01:30,3,1,1,1,7,83042,M,"43,2425920","6,5309970",83
202000039695,20,9,25,13:00,1,2,1,2,1,94074,M,"48,7700700","2,4416700",94
202000039696,20,7,1,13:00,1,1,1,1,5,83106,M,"43,3230230","6,0782290",83
202000039697,20,9,25,09:40,1,2,3,2,7,94078,M,"48,7512600","2,4456600",94
202000039698,20,7,1,13:15,1,1,1,1,4,05134,M,"44,6397350","6,5686760",05
202000039699,20,9,24,13:15,1,2,1,1,6,94042,M,"48,8200780","2,4766830",94
202000039700,20,9,25,09:10,1,2,1,2,7,94046,M,"48,8139900","2,4209400",94
202000039701,20,7,1,07:15,1,1,1,1,4,13092,M,"43,5356770","5,0474770",13
202000039702,20,9,25,22:30,5,2,1,1,3,94076,M,"48,8065100","2,3633700",94
202000039703,20,6,27,04:30,3,1,1,1,6,67544,M,"49,0149430","8,0256470",67
202000039704,20,9,25,07:45,1,2,3,2,3,94028,M,"48,7825200","2,4586700",94
202000039705,20,6,30,15:15,1,2,2,1,6,73064,M,"45,5483690","5,9853280",73
202000039706,20,9,25,08:30,1,2,1,2,1,94069,M,"48,8171000","2,4593710",94
202000039707,20,6,30,20:50,1,1,1,1,6,38106,M,"45,0081870","5,7911310",38
202000039708,20,9,24,21:00,5,2,2,2,-1,94002,M,"48,8050700","2,4157200",94
202000039709,20,9,25,14:00,1,2,6,2,3,93078,M,"48,9611400","2,5565100",93
202000039710,20,7,1,18:00,1,1,1,2,7,69078,M,"45,6901280","4,5054460",69
202000039711,20,9,25,15:00,1,2,1,2,3,93073,M,"49,0062972","2,5578444",93
202000039712,20,6,30,18:50,1,1,1,1,3,09199,M,"43,2133626","1,6312649",09
202000039713,20,9,25,19:00,2,2,9,1,6,93070,M,"48,9016045","2,3441222",93
202000039714,20,9,25,14:30,1,2,1,2,6,93064,M,"48,8641400","2,4966900",93
202000039715,20,6,29,16:30,1,1,1,1,5,33256,M,"44,9814200"," -0,5925900",33
202000039716,20,6,30,12:45,1,2,1,1,6,85222,M,"46,6955360"," -1,9412700",85
202000039717,20,9,25,17:00,1,2,1,8,3,93046,M,"48,9202327","2,5266699",93
202000039718,20,7,1,01:15,5,2,1,2,7,85097,M,"46,9383800"," -1,0610400",85
202000039719,20,9,25,08:40,1,2,1,2,2,93074,M,"48,9342000","2,5664500",93
202000039720,20,7,1,00:00,3,1,1,2,6,50444,M,"49,0529758"," -0,9260267",50
202000039721,20,9,24,18:10,1,2,4,2,6,93032,M,"48,8901374","2,5392589",93
202000039722,20,6,30,18:05,1,2,3,8,6,50099,M,"49,3049260"," -1,2456450",50
202000039723,20,9,25,15:10,1,2,2,2,6,93031,M,"48,9616276","2,2949474",93
202000039724,20,9,25,14:55,1,2,1,2,7,93027,M,"48,9380000","2,3883000",93
202000039725,20,9,24,21:55,3,1,1,2,7,93027,M,"48,9376200","2,3888200",93
202000039726,20,6,23,15:30,1,1,3,7,3,76203,M,"49,6120860","0,8402130",76
202000039727,20,9,25,16:30,1,2,1,1,6,93047,M,"48,9006500","2,5573700",93
202000039728,20,6,30,20:00,1,1,1,1,2,13055,M,"43,3261400","5,4211400",13
202000039729,20,9,25,10:55,1,2,1,2,6,93047,M,"48,8984297","2,5604281",93
202000039730,20,9,25,18:20,1,2,2,8,4,93007,M,"48,9453100","2,4511600",93
202000039731,20,9,25,17:05,1,2,1,2,6,93005,M,"48,9439546","2,4953951",93
202000039732,20,6,30,09:20,1,1,1,1,2,13055,M,"43,2965317","5,4245381",13
202000039733,20,6,30,05:53,2,1,1,1,2,13117,M,"43,4299000","5,2601000",13
202000039734,20,9,25,17:20,1,2,2,2,3,93005,M,"48,9525373","2,4970078",93
202000039735,20,9,25,09:10,1,2,2,2,6,93001,M,"48,9150900","2,3861100",93
202000039736,20,6,29,18:30,1,1,1,1,4,13106,M,"43,4032500","5,3569100",13
202000039737,20,9,25,08:05,2,2,1,2,7,92064,M,"48,8601002","2,2133893",92
202000039738,20,6,29,13:15,1,1,1,1,2,91339,M,"48,6257000","2,2615100",91
202000039739,20,9,25,09:05,1,2,9,9,3,92051,M,"48,8802589","2,2737944",92
202000039740,20,9,25,13:10,1,2,1,2,7,92049,M,"48,8097700","2,3225800",92
202000039741,20,6,29,08:54,1,1,1,1,4,91687,M,"48,6639100","2,3658600",91
202000039742,20,9,25,19:45,5,2,6,1,2,92012,M,"48,8407283","2,2281432",92
202000039743,20,6,30,18:10,1,1,1,1,3,92063,M,"48,8892800","2,1684600",92
202000039744,20,9,24,12:00,1,2,1,8,7,92012,M,"48,8391572","2,2461838",92
202000039745,20,9,25,09:50,1,2,1,1,3,92012,M,"48,8328423","2,2408611",92
202000039746,20,9,25,07:40,2,2,1,8,-1,92004,M,"48,9072505","2,2829028",92
202000039747,20,6,29,10:05,1,1,1,1,4,92036,M,"48,9357641","2,2872225",92
202000039748,20,9,25,15:30,1,2,1,8,2,92002,M,"48,7376237","2,2955954",92
202000039749,20,8,11,11:28,1,1,1,1,7,97415,R," -21,0260370","55,3224920",974
202000039750,20,6,29,10:20,1,1,1,1,4,95572,M,"49,0350900","2,1150100",95
202000039751,20,9,24,17:50,1,1,1,8,6,49082,M,"47,3208250"," -0,7421510",49
202000039752,20,9,26,17:15,1,2,1,6,6,2A272,M,"41,6246180","8,9807220",2A
202000039753,20,6,29,09:00,1,1,1,1,5,93078,M,"48,9672500","2,5120600",93
202000039754,20,9,25,20:30,3,1,1,1,6,62811,M,"50,6384660","2,2391300",62
202000039755,20,6,30,17:15,1,1,1,1,-1,94073,M,"48,7716646","2,3931443",94
202000039756,20,9,26,06:35,3,2,1,1,6,42176,M,"46,0483580","3,9773830",42
202000039757,20,9,23,16:40,1,1,1,1,7,51547,M,"49,1045459","4,6476244",51
202000039758,20,9,26,18:00,1,1,1,3,6,62408,M,"50,8614140","1,8327160",62
202000039759,20,6,30,11:30,1,1,1,1,5,94028,M,"48,8001614","2,4465546",94
202000039760,20,6,21,20:45,1,1,1,2,6,77294,M,"48,9670192","2,6049477",77
202000039761,20,6,29,19:30,1,2,1,1,3,69259,M,"45,7136000","4,8778000",69
202000039762,20,9,25,23:40,3,1,1,2,7,77398,M,"48,8599720","3,2901480",77
202000039763,20,6,29,12:50,1,1,1,1,3,69276,M,"45,6767200","4,8488300",69
202000039764,20,9,26,08:00,1,1,1,8,6,61497,M,"48,4563950","0,1286360",61
202000039765,20,6,29,18:30,1,2,1,1,1,69384,M,"45,7850200","4,8156900",69
202000039766,20,9,23,13:30,1,2,3,1,3,19123,M,"45,1681090","1,5548340",19
202000039767,20,6,28,20:00,1,2,1,1,3,69034,M,"45,7865500","4,8496500",69
202000039768,20,9,25,10:25,1,2,1,3,6,59663,M,"50,8809870","2,4677230",59
202000039769,20,6,27,23:15,5,2,1,1,5,97101,A,"16,2378323"," -61,5316451",971
202000039770,20,9,25,21:03,5,2,3,2,1,74225,M,"45,8670660","5,9360010",74
202000039771,20,6,25,12:15,1,1,1,1,3,97101,A,"16,2579800"," -61,5197000",971
202000039772,20,9,26,04:30,3,1,1,3,6,33382,M,"45,1212380"," -0,5251180",33
202000039773,20,6,29,19:00,1,2,1,1,3,95585,M,"48,9793300","2,3795600",95
202000039774,20,9,26,12:00,1,1,2,1,3,71254,M,"46,9167360","5,2488660",71
202000039775,20,6,29,13:37,1,1,1,1,2,95127,M,"49,0548448","2,0541243",95
202000039776,20,9,26,15:20,1,2,1,2,1,71454,M,"46,6142790","5,2931250",71
202000039777,20,6,29,08:15,1,2,1,1,3,91549,M,"48,6332380","2,3300340",91
202000039778,20,9,26,09:06,1,2,1,8,6,71378,M,"46,8762730","4,7456750",71
202000039779,20,6,28,16:30,1,2,1,1,1,91692,M,"48,6866500","2,1744000",91
202000039780,20,9,25,17:15,1,1,1,2,7,63258,M,"45,6788400","3,6293510",63
202000039781,20,6,29,09:40,1,2,1,1,6,91345,M,"48,6945430","2,2921030",91