Num_Acc,an,mois,jour,hrmn,lum,agg,int,atm,col,com,gps,lat,long,dep
202000039782,20,9,26,04:50,5,2,1,8,6,55117,M,"49,1168260","5,0965080",55
202000039783,20,6,29,08:40,1,2,3,1,3,91201,M,"48,6864800","2,4042200",91
202000039784,20,7,1,17:40,1,2,1,1,4,91021,M,"48,5875220","2,2448480",91
202000039785,20,9,26,10:00,1,1,1,3,6,55127,M,"48,8329200","5,4522500",55
202000039786,20,9,25,07:25,2,1,4,3,6,12076,M,"44,6244500","2,3640310",12
202000039787,20,6,27,19:55,1,2,3,2,3,91103,M,"48,5906200","2,2989500",91
202000039788,20,9,26,10:30,1,1,1,2,6,42082,M,"45,9057070","4,0085560",42
202000039789,20,8,17,21:15,3,1,1,1,7,86298,M,"46,7200050","0,5503030",86
202000039790,20,6,26,18:50,1,2,2,1,3,88160,M,"48,1768600","6,4501800",88
202000039791,20,9,26,01:00,5,2,1,1,7,34109,M,"43,5113320","3,2742640",34
202000039792,20,6,28,18:55,1,1,1,1,7,87085,M,"45,8664000","1,1965200",87
202000039793,20,6,28,20:54,2,2,3,2,6,87085,M,"45,8286800","1,2560000",87
202000039794,20,9,25,10:30,1,1,1,2,3,39470,M,"46,4939460","6,0443040",39
202000039795,20,9,25,20:30,3,1,1,2,1,39013,M,"46,9143080","5,7704450",39
202000039796,20,9,25,21:40,3,1,1,1,6,44091,M,"47,5944320"," -1,7104660",44
202000039797,20,9,26,01:30,5,2,2,1,1,38399,M,"45,4996880","5,1483390",38
202000039798,20,9,26,14:30,1,2,2,1,3,03057,M,"46,6692878","3,5270323",03
202000039799,20,9,26,15:30,1,1,1,2,1,15266,M,"44,9219910","2,5143560",15
202000039800,20,6,27,17:16,1,2,1,1,3,87114,M,"45,8389700","1,3010400",87
202000039801,20,9,26,17:35,1,2,3,6,6,60617,M,"49,6147644","2,9610664",60
202000039802,20,6,26,15:50,1,2,1,1,2,86194,M,"46,5544800","0,3967400",86
202000039803,20,9,26,15:55,1,1,1,1,6,16023,M,"45,9063600","0,2569630",16
202000039804,20,8,18,15:30,1,1,1,1,3,07330,M,"44,4097270","4,4069500",07
202000039805,20,9,25,15:50,1,1,2,1,3,28339,M,"48,4190830","1,2305760",28
202000039806,20,9,25,23:10,3,1,1,1,6,35210,M,"48,1463170"," -1,7864160",35
202000039807,20,9,26,05:30,2,2,1,1,6,95042,M,"49,0640890","2,2996830",95
202000039808,20,9,26,04:35,3,1,1,1,1,07241,M,"44,5565236","4,4544685",07
202000039809,20,9,26,14:25,1,1,1,1,7,86088,M,"46,5448690","0,2980420",86
202000039810,20,9,26,16:35,1,2,1,3,6,31506,M,"43,5422200","1,5436300",31
202000039811,20,9,26,11:05,1,1,4,1,6,98803,C," -21,5907640","165,4217000",988
202000039812,20,9,26,20:34,5,2,1,2,6,95541,M,"49,2007730","1,6774080",95
202000039813,20,9,26,03:45,5,2,6,1,6,91661,M,"48,7038730","2,2557270",91
202000039814,20,9,26,09:30,1,2,3,1,1,06065,M,"43,7160450","7,1533900",06
202000039815,20,9,26,13:45,1,1,1,2,3,73187,M,"45,5465158","6,4668745",73
202000039816,20,9,26,09:37,1,1,1,1,6,26064,M,"44,8988120","4,9852290",26
202000039817,20,6,28,01:34,5,2,3,1,5,86194,M,"46,5942000","0,3807900",86
202000039818,20,6,26,18:00,1,2,9,1,3,85194,M,"46,4932200"," -1,7492800",85
202000039819,20,6,26,10:20,1,2,2,1,3,85194,M,"46,5009300"," -1,7856200",85
202000039820,20,6,26,12:05,1,2,1,1,3,83123,M,"43,1210100","5,8174900",83
202000039821,20,6,29,02:00,5,2,1,1,6,80632,M,"49,8773700","2,2522500",80
202000039822,20,6,26,09:40,1,2,1,1,3,80021,M,"49,8714100","2,2954300",80
202000039823,20,6,26,16:50,1,2,1,1,1,79191,M,"46,3288600"," -0,4977300",79
202000039824,20,6,28,18:20,1,1,1,1,7,78646,M,"48,7916200","2,1156000",78
202000039825,20,6,29,18:32,1,2,1,1,6,78440,M,"48,9867360","1,9235930",78
202000039826,20,6,29,13:20,1,2,4,7,1,77037,M,"48,4739500","2,7050500",77
202000039827,20,6,26,16:50,1,1,1,1,7,76319,M,"49,3555326","0,9876741",76
202000039828,20,6,29,21:56,5,2,3,1,3,74298,M,"46,1857660","6,2515750",74
202000039829,20,6,28,20:35,1,2,1,2,3,71076,M,"46,7802989","4,8565560",71
202000039830,20,6,29,19:00,1,2,3,1,6,69266,M,"45,7718800","4,8723600",69
202000039831,20,6,29,10:30,1,2,1,1,3,69264,M,"45,9864100","4,7182000",69
202000039832,20,6,27,22:45,4,2,1,1,6,66136,M,"42,7021600","2,8933500",66
202000039833,20,6,26,22:25,4,2,1,9,5,62907,M,"50,4853700","2,9976600",62
202000039834,20,6,29,09:35,1,2,1,1,2,56121,M,"47,7433000"," -3,3897200",56
202000039835,20,6,28,05:05,5,1,6,1,6,50602,M,"49,6486000"," -1,5913700",50
202000039836,20,6,27,00:20,4,2,2,1,3,50129,M,"49,6322500"," -1,6233800",50
202000039837,20,6,27,22:00,4,1,3,1,6,50203,M,"49,6105000"," -1,6169000",50
202000039838,20,6,26,18:30,1,2,1,1,6,49328,M,"47,2649608"," -0,0723982",49
202000039839,20,6,27,17:37,1,2,1,1,3,49007,M,"47,4738353"," -0,5758435",49
202000039840,20,6,26,08:25,1,2,1,1,6,49007,M,"47,4718200"," -0,5367300",49
202000039841,20,6,26,13:30,5,1,1,1,1,44184,M,"47,2604300"," -2,2552450",44
202000039842,20,6,29,15:00,1,2,1,1,3,44190,M,"47,2055000"," -1,5095200",44
202000039843,20,6,30,00:50,5,2,1,1,7,42095,M,"45,3911100","4,2830500",42
202000039844,20,6,29,13:45,1,2,3,1,3,34172,M,"43,5992700","3,8470400",34
202000039845,20,6,27,03:00,5,2,1,1,6,34032,M,"43,3407200","3,2091100",34
202000039846,20,6,29,21:50,1,2,2,1,3,33281,M,"44,8386376"," -0,6188649",33
202000039847,20,6,29,20:00,1,2,3,1,2,33550,M,"44,7833166"," -0,5661317",33
202000039848,20,6,29,18:10,1,2,2,1,3,33529,M,"44,6371700"," -1,1287800",33
202000039849,20,6,29,17:55,1,2,2,1,3,33529,M,"44,6079300"," -1,1252100",33
202000039850,20,6,28,08:00,1,2,1,1,7,31555,M,"43,6006100","1,4287300",31
202000039851,20,6,27,15:30,1,1,1,1,3,31555,M,"43,5752800","1,4404800",31
202000039852,20,6,26,16:35,1,2,1,1,3,31555,M,"43,6186500","1,4631100",31
202000039853,20,10,26,07:50,1,2,2,1,3,37233,M,"47,3928369","0,7294868",37
202000039854,20,10,26,07:10,1,2,1,8,2,37261,M,"47,3980545","0,6995867",37
202000039855,20,10,25,17:45,1,2,1,2,1,37261,M,"47,3743767","0,7179810",37
202000039856,20,10,26,07:50,1,2,2,1,3,35238,M,"48,1318985"," -1,6355271",35
202000039857,20,10,24,16:40,1,2,1,1,7,34172,M,"43,6012245","3,8626027",34
202000039858,20,10,24,00:05,1,2,1,1,3,34032,M,"43,3533700","3,2506500",34
202000039859,20,10,27,00:15,5,2,2,3,7,33063,M,"44,8135100"," -0,5647100",33
202000039860,20,10,26,08:40,1,2,6,2,2,33529,M,"44,6337500"," -1,1686700",33
202000039861,20,10,26,00:10,5,2,1,3,2,31555,M,"43,5774500","1,4222100",31
202000039862,20,10,25,20:45,5,2,1,1,3,31555,M,"43,6087400","1,4455200",31
202000039863,20,10,25,16:38,1,2,1,1,6,31555,M,"43,5935400","1,3934500",31
202000039864,20,10,25,14:35,1,2,1,1,3,31555,M,"43,6188500","1,4237900",31
202000039865,20,10,26,07:45,2,1,1,2,1,29051,M,"48,0143639"," -4,0070260",29
202000039866,20,10,26,12:55,1,1,1,2,2,29039,M,"47,9188833"," -3,9033061",29
202000039867,20,10,25,11:27,1,2,3,1,6,16102,M,"45,6886100"," -0,3149310",16
202000039868,20,10,26,10:50,1,2,1,1,3,13211,M,"43,2893000","5,4659000",13
202000039869,20,10,26,14:48,1,2,1,1,7,13063,M,"43,5987000","5,0056000",13
202000039870,20,10,24,11:55,1,2,6,1,-1,11069,M,"43,2260700","2,3320500",11
202000039871,20,10,26,13:13,1,2,2,1,1,10362,M,"48,2930000","4,0612000",10
202000039872,20,10,25,11:00,1,1,1,1,7,05061,M,"44,5682200","6,1281800",05
202000039873,20,10,22,17:04,1,2,1,2,7,05061,M,"44,5408400","6,0574300",05
202000039874,20,10,21,19:05,4,2,1,1,3,05061,M,"44,5392900","6,0557100",05
202000039875,20,10,23,05:30,5,2,1,1,3,75114,M,"48,8202740","2,3243970",75
202000039876,20,10,25,19:50,5,2,4,2,6,75114,M,"48,8361840","2,3234770",75
202000039877,20,10,26,21:00,5,2,5,1,3,75118,M,"48,9006960","2,3442680",75
202000039878,20,10,26,17:15,1,2,1,8,6,75118,M,"48,8974220","2,3436710",75
202000039879,20,10,26,14:45,1,2,2,1,6,75117,M,"48,8918200","2,3015780",75
202000039880,20,10,25,20:41,5,2,2,8,5,75115,M,"48,8434350","2,2827420",75
202000039881,20,10,26,11:40,1,2,3,1,2,75113,M,"48,8272600","2,3590790",75
202000039882,20,10,26,08:45,1,2,1,1,3,75112,M,"48,8431240","2,3839860",75
202000039883,20,10,26,19:15,5,2,2,1,3,75107,M,"48,8628780","2,3017120",75
202000039884,20,10,26,16:14,1,2,1,1,7,75107,M,"48,8571670","2,3276190",75
202000039885,20,10,26,16:50,2,2,2,1,6,75104,M,"48,8508080","2,3614340",75
202000039886,20,10,26,09:40,1,2,1,1,3,75104,M,"48,8545260","2,3626360",75
202000039887,20,10,25,20:45,5,2,7,2,3,94068,M,"48,7979600","2,5026700",94
202000039888,20,10,26,20:45,5,2,1,1,6,94081,M,"48,7796700","2,3956800",94
202000039889,20,10,26,16:40,1,2,1,1,3,94041,M,"48,8153100","2,4089600",94
202000039890,20,10,26,02:14,5,2,3,2,3,94065,M,"48,7603000","2,3544100",94
202000039891,20,10,26,09:05,1,2,1,1,2,94054,M,"48,7415800","2,3862500",94
202000039892,20,10,23,21:40,5,2,2,1,3,94079,M,"48,8307030","2,5484690",94
202000039893,20,10,26,08:15,1,2,1,1,3,93070,M,"48,9050537","2,3441496",93
202000039894,20,10,26,09:10,1,2,2,1,6,93046,M,"48,9211413","2,5379794",93
202000039895,20,10,25,00:40,5,2,1,2,2,93027,M,"48,9251886","2,4008958",93
202000039896,20,10,26,16:15,1,2,5,1,6,93001,M,"48,9088250","2,3780930",93
202000039897,20,10,25,17:40,5,2,9,3,6,93001,M,"48,9186602","2,3923066",93
202000039898,20,10,24,14:25,1,2,1,2,6,92022,M,"48,8076440","2,1895520",92
202000039899,20,10,21,11:30,1,2,1,1,6,92063,M,"48,8671387","2,2002556",92
202000039900,20,10,26,18:20,2,2,1,1,7,92040,M,"48,8278310","2,2707870",92
202000039901,20,10,26,17:40,2,2,1,1,2,92040,M,"48,8173877","2,2556573",92
202000039902,20,10,23,12:05,1,2,2,1,3,92036,M,"48,9331590","2,2941400",92
202000039903,20,10,26,19:30,5,2,1,1,2,92078,M,"48,9348900","2,3251500",92
202000039904,20,10,26,18:45,2,2,1,1,6,92012,M,"48,8327329","2,2408474",92
202000039905,20,10,26,08:30,1,2,1,1,-1,92012,M,"48,8398634","2,2377402",92
202000039906,20,10,26,06:50,2,2,1,1,7,92012,M,"48,8306700","2,2343600",92
202000039907,20,10,26,11:00,1,1,1,2,7,86174,M,"46,7963470","0,5014470",86
202000039908,20,10,27,18:00,5,2,9,3,6,62038,M,"50,8559620","1,9799480",62
202000039909,20,10,26,19:00,3,1,1,2,1,19162,M,"45,3424410","1,5715710",19
202000039910,20,10,24,19:10,1,2,6,1,3,62397,M,"50,8687160","1,8738850",62
202000039911,20,10,26,16:45,1,2,3,1,3,41149,M,"47,7573080","0,8711710",41
202000039912,20,10,25,15:35,1,1,4,1,3,76670,M,"49,7669630","0,4163220",76
202000039913,20,10,24,18:30,2,1,6,2,7,61464,M,"48,6243570","0,1809530",61
202000039914,20,10,27,07:25,2,1,2,2,3,49125,M,"47,2679020"," -0,3743510",49
202000039915,20,10,26,18:00,3,1,1,8,6,86286,M,"46,8870860","0,1390780",86
202000039916,20,10,22,10:51,1,1,1,1,1,68183,M,"47,5031270","7,4466710",68
202000039917,20,10,26,17:34,2,2,6,2,6,35360,M,"48,1094450"," -1,2157580",35
202000039918,20,10,27,14:00,1,1,1,2,6,50064,M,"49,3882920"," -1,4633400",50
202000039919,20,10,17,09:30,1,2,1,7,6,50029,M,"48,5993420"," -0,8329600",50
202000039920,20,10,26,08:00,2,1,1,2,1,16072,M,"45,5128050","0,1667690",16
202000039921,20,10,26,17:38,2,2,8,2,3,85047,M,"46,8265260"," -1,8802070",85
202000039922,20,10,27,09:50,1,1,1,1,1,52140,M,"48,2469330","4,8884140",52
202000039923,20,10,27,08:45,1,1,1,1,-1,08363,M,"49,9294980","4,6419940",08
202000039924,20,10,25,10:30,1,1,1,1,1,88012,M,"48,1356210","6,5153650",88
202000039925,20,10,26,18:40,2,1,1,1,7,45345,M,"47,9502100","2,6729120",45
202000039926,20,10,26,19:10,3,1,1,2,7,64061,M,"43,3998040"," -0,5518850",64
202000039927,20,10,27,13:20,1,1,1,1,3,2B057,M,"42,2485580","9,5455310",2B
202000039928,20,10,27,02:00,3,1,1,2,6,17184,M,"45,7984540"," -0,9360690",17
202000039929,20,10,26,15:45,1,2,2,2,3,50099,M,"49,3031120"," -1,2431640",50
202000039930,20,10,26,15:00,1,2,6,1,7,29006,M,"47,8768126"," -4,1129694",29
202000039931,20,10,27,06:45,2,1,1,1,5,60028,M,"49,2181318","2,5598814",60
202000039932,20,10,26,16:55,1,1,1,8,3,59593,M,"50,2244250","3,2782330",59
202000039933,20,10,26,16:37,1,1,1,1,3,13211,M,"43,2929800","5,4551700",13
202000039934,20,10,16,16:37,1,1,1,1,4,13211,M,"43,2920200","5,4525200",13
202000039935,20,10,26,06:30,3,1,1,1,6,91377,M,"48,7112600","2,2892000",91
202000039936,20,10,26,17:40,1,1,1,1,4,92036,M,"48,9441530","2,2863669",92
202000039937,20,10,25,03:12,5,2,1,1,6,98818,C," -22,2459700","166,4695500",988
202000039938,20,10,25,00:05,3,1,1,1,7,97416,R," -21,3139000","55,4391000",974
202000039939,20,10,25,17:39,1,1,1,1,7,97416,R," -21,3107300","55,4341800",974
202000039940,20,10,24,19:05,5,2,1,1,2,97416,R," -21,3249000","55,4821200",974
202000039941,20,10,25,07:50,1,2,6,1,1,97416,R," -21,3556000","55,5163500",974
202000039942,20,10,25,13:40,1,2,6,1,3,97101,A,"16,2476400"," -61,5271900",971
202000039943,20,10,25,17:10,2,2,1,1,6,97107,A,"16,0479440"," -61,5623200",971
202000039944,20,10,24,17:10,2,2,1,1,7,97107,A,"16,0465627"," -61,5670073",971
202000039945,20,10,25,16:15,1,2,1,8,2,2A004,M,"41,9385000","8,7411000",2A
202000039946,20,9,22,21:40,5,2,9,1,3,86194,M,"46,5672500","0,3658900",86
202000039947,20,10,25,18:20,5,2,1,1,6,83137,M,"43,1394300","5,9095900",83
202000039948,20,10,25,17:15,2,2,9,3,2,64102,M,"43,5013000"," -1,4458100",64
202000039949,20,10,25,18:10,3,1,9,2,3,35238,M,"48,1021200"," -1,7160800",35
202000039950,20,10,25,23:15,5,2,6,1,6,33063,M,"44,8875300"," -0,5493700",33
202000039951,20,10,24,12:37,1,2,1,1,7,29151,M,"48,5834191"," -3,8148415",29
202000039952,20,10,22,10:00,1,2,9,8,3,22113,M,"48,7591000"," -3,4704200",22
202000039953,20,10,25,12:05,1,2,7,1,3,13205,M,"43,2872100","5,3918400",13
202000039954,20,10,24,13:30,1,2,1,1,6,13047,M,"43,5004500","4,9681100",13
202000039955,20,10,25,17:30,5,2,4,3,6,75106,M,"48,8510820","2,3306660",75
202000039956,20,10,25,18:00,5,2,1,3,6,75120,M,"48,8727620","2,3908230",75
202000039957,20,10,25,00:50,3,2,1,2,6,75119,M,"48,8805270","2,3704150",75
202000039958,20,10,25,21:30,3,2,1,1,6,75116,M,"48,8688680","2,2383430",75
202000039959,20,10,25,20:33,5,2,1,2,6,75112,M,"48,8489350","2,3730780",75
202000039960,20,10,25,12:25,1,2,1,2,3,75112,M,"48,8341580","2,4001220",75
202000039961,20,10,25,20:30,5,2,1,8,3,75111,M,"48,8713230","2,3775290",75
202000039962,20,10,25,20:30,5,2,1,2,2,75105,M,"48,8455740","2,3628550",75
202000039963,20,10,25,21:30,5,2,1,1,6,75101,M,"48,8622190","2,3441330",75
202000039964,20,10,25,10:45,1,2,1,2,2,94080,M,"48,8452841","2,4310732",94
202000039965,20,10,25,18:00,2,2,1,2,6,93070,M,"48,9065400","2,3320200",93
202000039966,20,10,25,20:50,5,2,3,2,6,93048,M,"48,8591587","2,4568423",93
202000039967,20,10,25,18:45,5,2,1,1,6,93048,M,"48,8777449","2,4597168",93
202000039968,20,10,25,17:50,5,2,1,2,2,93006,M,"48,8593000","2,4233700",93
202000039969,20,10,24,21:30,5,2,1,1,3,93063,M,"48,8849698","2,4332541",93
202000039970,20,10,25,19:30,5,2,2,2,6,93031,M,"48,9633700","2,2974500",93
202000039971,20,10,25,00:50,5,2,1,2,6,93029,M,"48,9174439","2,4562535",93
202000039972,20,10,25,19:53,5,2,2,2,5,93007,M,"48,9356396","2,4754742",93
202000039973,20,10,25,19:15,5,2,9,2,6,92073,M,"48,8766592","2,2304138",92
202000039974,20,10,25,17:20,2,2,1,3,6,92048,M,"48,8082250","2,2399880",92
202000039975,20,10,25,11:30,1,2,2,2,7,92044,M,"48,8973311","2,2829742",92
202000039976,20,10,24,23:40,5,2,4,1,7,92044,M,"48,8979118","2,2803206",92
202000039977,20,10,25,17:59,2,2,2,2,3,92024,M,"48,9021017","2,3142656",92
202000039978,20,10,22,15:10,1,1,1,1,3,35180,M,"48,2962920"," -1,9352190",35
202000039979,20,10,25,18:40,3,1,1,1,-1,38318,M,"45,5406670","4,9160890",38
202000039980,20,10,16,09:54,1,1,1,1,7,2A158,M,"41,6992109","9,0923142",2A
202000039981,20,10,26,08:30,1,1,1,1,4,45017,M,"47,9695021","2,5203179",45
202000039982,20,10,26,09:40,1,1,1,2,2,17183,M,"45,5868040"," -0,8535000",17
202000039983,20,10,25,14:15,1,2,1,1,6,31409,M,"43,5004450","1,5082650",31
202000039984,20,10,25,10:30,1,1,1,1,6,97412,R," -21,3718890","55,6124010",974
202000039985,20,10,25,18:15,2,1,1,2,1,35225,M,"48,4345110"," -1,9334860",35
202000039986,20,10,25,18:30,3,1,1,1,1,38113,M,"44,8260400","5,6144900",38
202000039987,20,10,25,18:40,3,2,1,1,6,30060,M,"43,7842890","4,3919560",30
202000039988,20,10,24,17:20,2,1,1,1,7,59331,M,"50,1235500","3,6695410",59
202000039989,20,10,26,09:00,1,1,1,7,6,56131,M,"48,0098400"," -3,4368270",56
202000039990,20,10,26,10:15,1,1,1,2,1,74208,M,"45,9193110","6,6789260",74
202000039991,20,10,26,19:50,3,1,1,1,2,76469,M,"49,4858060","1,4557260",76
202000039992,20,10,25,16:40,1,2,2,1,3,2B342,M,"41,9254620","9,3906070",2B
202000039993,20,10,26,08:40,1,2,1,1,2,2B305,M,"42,7293610","9,4598190",2B
202000039994,20,9,21,09:00,1,2,1,1,6,80368,M,"50,0877370","1,5521840",80
202000039995,20,10,25,19:40,3,1,1,3,1,32132,M,"43,8464980","0,6873110",32
202000039996,20,10,25,17:24,2,1,1,6,2,39068,M,"46,2725760","5,7875900",39
202000039997,20,10,25,13:04,1,1,2,1,3,25178,M,"47,3541490","6,5022810",25
202000039998,20,10,26,03:00,5,2,3,1,7,29069,M,"48,4206690"," -4,5537702",29
202000039999,20,10,25,15:05,1,1,1,8,3,01208,M,"45,8095980","5,7763200",01
202000040000,20,10,23,14:00,1,1,1,1,7,14654,M,"48,9640210"," -0,0022620",14
202000040001,20,10,23,15:14,1,2,8,1,3,73298,M,"45,6476023","6,4402233",73
202000040002,20,10,26,11:20,1,2,1,1,7,43170,M,"45,2757620","3,2679500",43
202000040003,20,10,26,16:20,1,2,4,1,6,04209,M,"44,1871260","5,9407363",04
202000040004,20,10,24,11:00,1,2,1,1,6,98752,P," -17,7627061"," -149,3954166",987
202000040005,20,10,26,14:50,1,1,1,1,2,77279,M,"48,3785195","3,0103533",77
202000040006,20,10,25,12:40,1,1,6,1,3,13069,M,"43,6262980","5,1509790",13
202000040007,20,9,19,05:14,3,1,1,2,6,38400,M,"45,3339980","5,5855550",38
202000040008,20,10,25,19:00,4,2,1,1,6,97420,R," -20,9050080","55,6057440",974
202000040009,20,10,24,14:55,1,1,1,8,4,77283,M,"49,0635190","3,0125280",77
202000040010,20,10,22,16:30,1,1,1,1,3,83053,M,"43,1584160","5,8358380",83
202000040011,20,10,26,10:05,1,1,1,2,7,04092,M,"43,8272440","6,5671550",04
202000040012,20,10,26,07:35,1,2,1,8,7,89257,M,"47,9603520","3,5276090",89
202000040013,20,10,17,16:50,1,2,3,1,1,67520,M,"48,6405090","7,4525820",67
202000040014,20,10,25,19:32,5,2,1,3,6,57058,M,"49,1719400","6,9342720",57
202000040015,20,10,26,17:48,3,1,1,3,6,74175,M,"46,4061290","6,7296410",74
202000040016,20,10,25,16:50,1,2,6,1,3,73030,M,"45,5695338","5,9758669",73
202000040017,20,10,26,08:00,2,1,4,2,7,17393,M,"45,6648060"," -0,8893350",17
202000040018,20,10,26,01:30,5,2,1,1,6,22162,M,"48,7577080"," -3,0032530",22
202000040019,20,10,24,16:40,1,2,1,1,7,62443,M,"50,4421160","2,6545980",62
202000040020,20,10,24,13:27,1,1,1,1,2,13071,M,"43,4189210","5,3665830",13
202000040021,20,10,25,05:50,3,1,1,2,7,91340,M,"48,6088100","2,4365000",91
202000040022,20,10,25,20:40,5,1,1,1,4,78238,M,"48,9701000","1,8701000",78
202000040023,20,10,25,21:40,3,1,1,2,7,93053,M,"48,9004000","2,4697900",93
202000040024,20,10,25,18:30,3,1,1,2,3,60494,M,"49,1317094","2,5602770",60
202000040025,20,10,25,13:30,1,1,1,1,6,95394,M,"49,0510630","2,1818320",95
202000040026,20,10,24,20:00,5,1,1,1,2,93006,M,"48,8657716","2,4174963",93
202000040027,20,10,25,12:30,1,1,9,2,2,93010,M,"48,8920000","2,4732000",93
202000040028,20,10,24,20:20,3,1,1,2,4,93078,M,"48,9584243","2,5335100",93
202000040029,20,10,24,19:30,3,1,1,1,4,93006,M,"48,8669025","2,4253006",93
202000040030,20,10,24,12:30,1,1,1,1,2,95572,M,"49,0322160","2,1129430",95
202000040031,20,10,25,20:50,3,1,1,8,6,77175,M,"48,6701150","2,6118170",77
202000040032,20,10,24,11:00,1,1,1,1,2,94028,M,"48,8030108","2,4483130",94
202000040033,20,10,25,09:23,1,2,3,1,3,98818,C," -22,2676700","166,4558500",988
202000040034,20,10,24,11:00,1,2,3,1,3,98818,C," -22,2614100","166,4644900",988
202000040035,20,10,5,13:05,1,2,2,1,6,98818,C," -22,2744100","166,4456400",988
202000040036,20,10,24,19:22,5,2,1,1,3,97611,Y," -12,7804910","45,2300348",976
202000040037,20,10,24,12:05,1,2,2,1,3,69386,M,"45,7682000","4,8631900",69
202000040038,20,10,24,12:45,1,1,1,1,2,69388,M,"45,7356627","4,8716611",69
202000040039,20,10,24,11:30,1,2,1,1,-1,69259,M,"45,7232100","4,8653800",69
202000040040,20,10,24,11:10,1,2,1,1,6,69199,M,"45,7128300","4,8547100",69
202000040041,20,10,23,16:30,1,2,1,2,4,69259,M,"45,7204200","4,8677240",69
202000040042,20,10,24,15:00,1,1,1,2,5,91103,M,"48,6043700","2,3205000",91
202000040043,20,10,24,22:30,5,2,1,1,6,91657,M,"48,7049500","2,4104700",91
202000040044,20,10,24,12:30,1,1,1,2,3,91223,M,"48,4025200","2,1202700",91
202000040045,20,10,14,14:06,1,2,1,1,7,88413,M,"48,2853600","6,9362000",88
202000040046,20,10,24,16:33,1,2,1,1,6,83137,M,"43,1318800","5,9823400",83
202000040047,20,10,23,11:55,1,2,1,2,3,82121,M,"43,9777047","1,3313037",82
202000040048,20,2,21,13:50,1,1,1,2,6,69296,M,"45,6570985","4,8401986",69
202000040049,20,3,11,04:55,4,2,1,1,5,69142,M,"45,7278700","4,8165500",69
202000040050,20,3,13,16:55,1,1,1,2,4,33162,M,"44,8622400"," -0,6571100",33
202000040051,20,3,13,17:00,1,1,1,1,3,91136,M,"48,7156000","2,2682000",91
202000040052,20,3,13,08:53,1,1,1,1,2,78466,M,"48,9347520","1,9665770",78
202000040053,20,3,12,18:50,3,1,1,1,5,93007,M,"48,9180800","2,4783900",93
202000040054,20,3,12,17:50,1,1,1,1,2,93005,M,"48,9680300","2,4778700",93
202000040055,20,3,12,10:10,1,1,1,1,6,95527,M,"48,9891000","2,5104570",95
202000040056,20,3,12,07:45,1,1,1,1,3,93010,M,"48,9023200","2,4705500",93
202000040057,20,3,10,20:30,3,1,1,1,2,95365,M,"49,0596900","2,4184500",95
202000040058,20,3,13,19:20,3,1,1,1,-1,77249,M,"48,7474435","2,6137645",77
202000040059,20,3,13,16:25,1,1,9,1,-1,94017,M,"48,8298100","2,4979700",94
202000040060,20,1,12,09:50,1,2,1,1,1,77487,M,"48,5226660","2,6767800",77
202000040061,20,1,7,10:10,1,2,1,1,6,59569,M,"50,3636750","3,1132722",59
202000040062,20,1,5,08:20,1,1,1,1,7,49328,M,"47,2864000"," -0,0486000",49
202000040063,20,3,12,20:30,3,1,1,3,7,69199,M,"45,6885000","4,8465000",69
202000040064,20,2,12,17:20,1,2,3,1,2,69383,M,"45,7636000","4,8459000",69
202000040065,20,3,12,12:10,1,2,1,1,6,69199,M,"45,6958389","4,8555493",69
202000040066,20,3,11,21:10,3,2,2,1,3,69388,M,"45,7440300","4,8704600",69
202000040067,20,3,12,15:45,1,2,3,1,3,97209,A,"14,6149100"," -61,0540400",972
202000040068,20,3,11,12:30,1,2,1,1,7,97209,A,"14,6159300"," -61,0823500",972
202000040069,20,3,12,19:20,2,2,1,2,6,69034,M,"45,7926630","4,8695610",69
202000040070,20,3,11,15:10,1,2,3,1,5,97101,A,"16,2815700"," -61,4911600",971
202000040071,20,3,11,16:00,1,1,1,1,5,97101,A,"16,2936900"," -61,5112500",971
202000040072,20,3,12,09:20,1,1,1,1,3,95127,M,"49,0560470","2,0471810",95
202000040073,20,3,12,08:20,1,2,1,1,3,91174,M,"48,6101400","2,4620600",91
202000040074,20,3,11,16:51,1,2,1,1,6,91103,M,"48,5870000","2,3000000",91
202000040075,20,3,11,15:00,1,2,1,1,4,91339,M,"48,6350000","2,2660000",91
202000040076,20,3,12,08:54,1,2,2,1,3,87085,M,"45,8260300","1,2680200",87
202000040077,20,3,10,12:04,1,2,1,2,1,87085,M,"45,8779100","1,2932000",87
202000040078,20,3,12,07:30,1,2,9,1,2,83090,M,"43,1356100","5,8520800",83
202000040079,20,3,12,02:05,5,2,1,1,6,83090,M,"43,1349400","5,8530000",83
202000040080,20,3,11,13:35,1,2,3,2,3,80021,M,"49,8967200","2,2943300",80
202000040081,20,3,12,07:50,1,2,1,1,6,77037,M,"48,4752300","2,6920800",77
202000040082,20,1,23,09:05,1,2,3,1,6,76351,M,"49,5097600","0,1530500",76
202000040083,20,3,10,15:50,1,2,1,1,-1,74133,M,"46,1832620","6,1978580",74
202000040084,20,3,12,08:21,1,2,1,1,6,74093,M,"45,9081300","6,1033000",74