Num_Acc,an,mois,jour,hrmn,lum,agg,int,atm,col,com,gps,lat,long,dep
202000040085,20,3,11,19:46,3,1,1,1,4,72181,M,"47,9519700","0,2297800",72
202000040086,20,3,11,18:10,1,2,1,1,2,72181,M,"48,0008300","0,2115100",72
202000040087,20,3,11,18:31,1,2,1,1,2,66136,M,"42,6967600","2,8649500",66
202000040088,20,3,11,19:35,5,2,1,1,3,64445,M,"43,3052700"," -0,3731400",64
202000040089,20,3,11,17:10,1,2,1,1,6,64024,M,"43,4751000"," -1,5098000",64
202000040090,20,3,9,04:55,5,2,1,1,-1,63113,M,"45,7607600","3,1284100",63
202000040091,20,3,12,18:15,1,2,1,1,6,61001,M,"48,4114000","0,0933500",61
202000040092,20,3,12,09:30,1,1,1,1,1,59295,M,"50,7262900","2,5141400",59
202000040093,20,3,11,09:10,1,1,1,2,3,54575,M,"49,4780000","5,8564000",54
202000040094,20,3,12,17:15,1,2,1,1,2,51454,M,"49,2697980","4,0727544",51
202000040095,20,3,12,01:40,5,2,1,3,6,50129,M,"49,6363400"," -1,6136600",50
202000040096,20,3,11,20:20,5,2,1,1,3,49267,M,"47,4638400"," -0,4909400",49
202000040097,20,3,11,08:13,1,2,1,1,1,49007,M,"47,4756700"," -0,5456200",49
202000040098,20,3,11,08:13,1,2,1,1,3,49246,M,"47,4336100"," -0,5301400",49
202000040099,20,3,12,14:05,1,2,2,1,3,35238,M,"48,1122900"," -1,6872900",35
202000040100,20,3,6,17:10,1,1,3,1,3,35206,M,"48,0627350"," -1,6994940",35
202000040101,20,3,12,19:00,3,1,1,1,4,34129,M,"43,5906500","3,9084200",34
202000040102,20,3,12,13:35,1,2,1,1,7,34172,M,"43,6074800","3,8941400",34
202000040103,20,3,12,08:10,1,2,6,1,7,33529,M,"44,6266000"," -1,1412000",33
202000040104,20,2,26,06:50,2,2,1,2,5,31555,M,"43,6567300","1,4381100",31
202000040105,20,3,12,18:59,1,2,6,1,6,29232,M,"47,9633827"," -4,0838018",29
202000040106,20,3,12,17:09,1,1,4,1,6,29232,M,"47,9702400"," -4,0421800",29
202000040107,20,3,11,11:20,1,2,1,2,2,29232,M,"48,0038400"," -4,0982600",29
202000040108,20,3,12,05:55,5,2,3,2,3,28085,M,"48,4408600","1,4722100",28
202000040109,20,3,11,08:35,1,2,1,8,6,27229,M,"49,0086100","1,1597900",27
202000040110,20,3,9,15:20,1,2,1,1,6,27229,M,"49,0245910","1,1450550",27
202000040111,20,3,11,18:25,2,2,1,1,3,26198,M,"44,5533400","4,7472300",26
202000040112,20,3,6,17:00,1,2,1,1,3,18033,M,"47,1007300","2,4217500",18
202000040113,20,3,12,16:58,1,2,2,1,3,17200,M,"46,1771200"," -1,1522700",17
202000040114,20,3,12,16:44,1,2,3,1,3,17300,M,"46,1545200"," -1,1901900",17
202000040115,20,3,12,01:40,5,2,3,1,6,13203,M,"43,3207900","5,3747200",13
202000040116,20,3,11,18:15,1,2,1,1,3,13208,M,"43,2659000","5,3810000",13
202000040117,20,3,11,13:56,1,2,1,1,1,13207,M,"43,2777000","5,3559000",13
202000040118,20,3,11,09:00,1,2,1,1,6,13204,M,"43,3028911","5,4002638",13
202000040119,20,3,12,06:55,2,2,1,1,3,13005,M,"43,2858200","5,5762600",13
202000040120,20,3,11,20:37,3,1,1,1,3,13001,M,"43,5579000","5,4162000",13
202000040121,20,3,10,16:45,1,2,1,1,7,11262,M,"43,1938200","3,0097500",11
202000040122,20,3,11,14:30,1,2,1,1,4,09122,M,"42,9663620","1,6094259",09
202000040123,20,3,12,07:40,1,1,3,1,3,04112,M,"43,8378274","5,8268899",04
202000040124,20,3,12,18:20,2,2,2,1,3,01053,M,"46,2016260","5,2074570",01
202000040125,20,3,12,16:20,1,2,1,1,2,75113,M,"48,8256750","2,3866930",75
202000040126,20,3,10,17:40,1,2,1,1,5,75119,M,"48,8936100","2,3952870",75
202000040127,20,3,12,16:35,1,2,4,1,6,75120,M,"48,8654270","2,3989320",75
202000040128,20,3,12,10:20,1,2,2,1,6,75120,M,"48,8565610","2,4022490",75
202000040129,20,3,11,17:00,1,2,3,1,3,75118,M,"48,8857520","2,3649870",75
202000040130,20,3,12,18:45,5,2,7,1,3,75116,M,"48,8661530","2,2996000",75
202000040131,20,3,12,09:15,1,2,1,1,2,75116,M,"48,8564120","2,2264810",75
202000040132,20,3,12,20:20,5,2,2,1,7,75114,M,"48,8286130","2,3220650",75
202000040133,20,3,12,16:50,1,2,1,1,6,75114,M,"48,8233400","2,3165860",75
202000040134,20,3,12,08:10,1,2,3,2,3,75113,M,"48,8259370","2,3527570",75
202000040135,20,3,12,07:15,1,2,2,2,3,75113,M,"48,8363920","2,3713510",75
202000040136,20,3,12,15:50,1,2,1,1,3,75112,M,"48,8435640","2,3702180",75
202000040137,20,3,12,20:00,5,2,1,1,6,75110,M,"48,8697240","2,3619580",75
202000040138,20,3,12,15:40,1,2,3,1,6,75110,M,"48,8837250","2,3512560",75
202000040139,20,3,11,22:00,5,2,7,8,3,75110,M,"48,8785340","2,3540380",75
202000040140,20,3,12,01:00,5,2,2,1,3,75109,M,"48,8707050","2,3478820",75
202000040141,20,3,12,08:30,1,2,3,8,6,75108,M,"48,8804890","2,3164920",75
202000040142,20,3,10,08:30,1,2,2,2,6,75108,M,"48,8670290","2,3063010",75
202000040143,20,3,11,16:35,1,2,3,1,2,75107,M,"48,8559650","2,3080340",75
202000040144,20,3,12,10:45,1,2,3,1,6,75104,M,"48,8547850","2,3624150",75
202000040145,20,3,11,23:20,5,2,5,1,6,75101,M,"48,8588008","2,3474576",75
202000040146,20,3,12,09:00,1,2,4,1,7,75103,M,"48,8671680","2,3628100",75
202000040147,20,3,12,13:55,1,2,1,1,2,94058,M,"48,8384740","2,4949803",94
202000040148,20,3,12,08:35,1,2,3,1,-1,94042,M,"48,8137500","2,4651500",94
202000040149,20,3,12,09:00,1,2,1,1,6,94046,M,"48,8002500","2,4365100",94
202000040150,20,3,12,21:30,5,2,3,1,6,94016,M,"48,7947800","2,3350600",94
202000040151,20,3,12,10:45,1,2,1,2,2,94076,M,"48,7970500","2,3676700",94
202000040152,20,3,12,07:30,1,2,1,2,2,94004,M,"48,7352000","2,5197600",94
202000040153,20,3,12,02:30,5,2,2,1,3,94075,M,"48,7273586","2,5359696",94
202000040154,20,3,12,19:10,5,2,4,1,6,93064,M,"48,8782500","2,4884000",93
202000040155,20,3,12,12:25,1,2,1,1,3,93001,M,"48,9073000","2,3960900",93
202000040156,20,3,11,15:00,1,2,1,1,2,93001,M,"48,9092970","2,3783380",93
202000040157,20,3,12,08:14,1,2,1,2,6,92049,M,"48,8162000","2,3116000",92
202000040158,20,3,12,09:20,1,2,1,2,3,92040,M,"48,8184849","2,2525540",92
202000040159,20,3,11,12:05,1,2,3,1,3,92036,M,"48,9337840","2,3134240",92
202000040160,20,3,12,15:50,1,2,3,1,3,92025,M,"48,9162110","2,2264740",92
202000040161,20,3,12,16:20,1,2,6,1,6,92023,M,"48,7896400","2,2524200",92
202000040162,20,3,12,20:10,5,2,1,1,3,92012,M,"48,8428590","2,2315255",92
202000040163,20,2,26,14:00,1,1,2,1,3,49244,M,"47,3725640"," -0,9534670",49
202000040164,20,3,12,20:30,3,1,1,1,3,54006,M,"48,7255460","6,2376270",54
202000040165,20,3,13,14:10,1,1,1,1,3,01004,M,"45,9691840","5,3396130",01
202000040166,20,3,12,23:00,3,1,1,1,6,33021,M,"44,5069660"," -0,1553750",33
202000040167,20,3,10,07:15,2,1,1,1,1,35286,M,"48,3961584"," -1,6559992",35
202000040168,20,3,12,17:00,1,1,1,2,3,57015,M,"49,0623380","6,7513560",57
202000040169,20,3,13,12:00,1,2,1,1,3,35165,M,"47,9491600"," -1,3623960",35
202000040170,20,3,13,15:28,1,1,1,1,-1,44137,M,"47,3946890"," -1,9996830",44
202000040171,20,3,12,12:32,1,1,1,1,-1,40295,M,"44,3760619"," -0,8410277",40
202000040172,20,3,13,12:10,1,1,1,1,6,56125,M,"48,0729750"," -3,0760860",56
202000040173,20,2,3,14:20,1,1,3,1,1,56047,M,"48,0590080"," -2,7786340",56
202000040174,20,3,13,19:25,2,2,2,1,3,79202,M,"46,6522490"," -0,2280310",79
202000040175,20,3,13,12:30,1,1,1,1,3,2B049,M,"42,5156390","8,6905290",2B
202000040176,20,3,13,16:15,1,2,3,1,1,60102,M,"49,3014460","2,5301570",60
202000040177,20,3,13,14:40,1,1,1,1,4,80761,M,"49,7628606","2,1663237",80
202000040178,20,3,12,23:40,3,1,1,1,7,29140,M,"48,3446760"," -4,3254863",29
202000040179,20,3,13,14:45,1,2,3,1,3,68270,M,"47,7886810","7,2915960",68
202000040180,20,3,12,18:20,1,1,2,1,2,44175,M,"47,3836850"," -2,3152830",44
202000040181,20,3,12,17:15,1,1,9,1,2,38117,M,"45,1642300","5,3982300",38
202000040182,20,3,10,19:50,5,2,2,1,2,01093,M,"46,1165470","4,9465220",01
202000040183,20,3,12,17:20,1,1,3,1,1,14726,M,"48,8691270"," -0,6934190",14
202000040184,20,3,12,19:30,3,1,1,6,6,50490,M,"49,3769800"," -1,7382320",50
202000040185,20,3,13,07:50,1,1,2,1,4,50069,M,"48,7880930"," -1,2676120",50
202000040186,20,3,12,16:13,1,1,1,1,5,73274,M,"45,4243440","5,8640030",73
202000040187,20,3,8,15:30,1,2,2,2,3,36224,M,"46,7344080","0,9540080",36
202000040188,20,3,13,18:35,1,1,1,1,6,21527,M,"46,9379622","4,6838216",21
202000040189,20,3,11,16:30,1,2,1,1,7,40110,M,"43,6399970"," -0,3781810",40
202000040190,20,3,11,08:00,1,1,1,2,1,88438,M,"48,3266060","6,7874250",88
202000040191,20,3,7,18:00,1,1,1,1,7,67008,M,"48,5187592","7,5182889",67
202000040192,20,3,13,06:00,3,1,1,1,5,39434,M,"46,8458640","5,7032540",39
202000040193,20,3,11,00:10,1,1,1,1,7,66172,M,"42,7273870","2,8506090",66
202000040194,20,3,13,08:25,1,1,1,1,3,57413,M,"49,1374310","6,6388320",57
202000040195,20,3,12,11:30,1,2,1,1,6,97103,A,"16,2655470"," -61,5874100",971
202000040196,20,3,11,21:15,5,1,1,1,1,97103,A,"16,2636810"," -61,6270570",971
202000040197,20,3,12,08:30,1,1,1,1,7,97118,A,"16,1758940"," -61,6990470",971
202000040198,20,3,13,09:15,1,2,9,1,1,97701,,"17,9028940"," -62,8391250",977
202000040199,20,3,12,18:45,1,1,1,1,7,95641,M,"49,0606370","2,5528840",95
202000040200,20,3,12,13:15,1,1,9,1,7,34056,M,"43,4310600","3,4373040",34
202000040201,20,3,10,17:00,1,2,6,1,3,13015,M,"43,4398800","5,4166940",13
202000040202,20,3,13,14:50,1,2,1,1,3,68012,M,"47,7745680","7,1293010",68
202000040203,20,3,12,15:00,1,2,1,8,3,54557,M,"48,6932220","6,0312120",54
202000040204,20,3,13,16:00,1,1,9,1,6,57481,M,"49,2363610","6,0319020",57
202000040205,20,3,11,12:30,1,2,2,1,3,03102,M,"46,5244149","3,6890286",03
202000040206,20,3,12,17:50,1,1,1,1,7,64230,M,"43,2193270"," -0,4000510",64
202000040207,20,3,3,02:47,3,1,1,8,6,33272,M,"45,0609270"," -0,3979650",33
202000040208,20,3,11,16:50,1,1,1,1,4,13216,M,"43,3634000","5,3401000",13
202000040209,20,2,9,04:08,3,1,1,1,7,57221,M,"49,3472559","6,1113060",57
202000040210,20,3,12,09:15,1,1,1,1,4,94034,M,"48,7616500","2,3156900",94
202000040211,20,3,12,05:20,3,1,1,2,2,91086,M,"48,6239800","2,3737600",91
202000040212,20,3,12,21:00,3,1,1,1,7,78402,M,"48,9652800","1,8041870",78
202000040213,20,3,12,07:40,1,1,1,1,3,78029,M,"48,9644710","1,8455730",78
202000040214,20,3,8,21:15,3,1,1,1,4,95582,M,"48,9671500","2,2735100",95
202000040215,20,3,8,20:20,3,1,1,1,6,95582,M,"48,9736300","2,2452100",95
202000040216,20,3,12,14:45,1,1,1,1,2,94069,M,"48,8167000","2,4333000",94
202000040217,20,3,12,08:30,1,1,1,1,3,94017,M,"48,8291401","2,4803800",94
202000040218,20,3,11,16:00,1,1,1,1,2,77249,M,"48,7316626","2,6092624",77
202000040219,20,3,11,12:00,1,1,1,1,5,94069,M,"48,8175409","2,4350450",94
202000040220,20,1,7,16:20,1,2,1,1,3,97409,R," -21,2096770","55,5910590",974
202000040221,20,1,6,15:10,1,2,1,1,-1,50218,M,"48,8362580"," -1,5794900",50
202000040222,20,3,12,07:10,1,2,3,1,1,98818,C," -22,2677000","166,4559200",988
202000040223,20,3,11,17:00,1,2,3,1,3,98818,C," -22,2644900","166,4719400",988
202000040224,20,3,11,10:55,1,2,1,1,6,97411,R," -20,8873700","55,4556580",974
202000040225,20,3,11,09:15,1,2,1,1,4,97411,R," -20,8858400","55,4749300",974
202000040226,20,3,10,19:00,5,2,1,1,6,97411,R," -20,9032600","55,4886200",974
202000040227,20,3,11,18:36,2,2,3,1,3,69199,M,"45,7095000","4,8627200",69
202000040228,20,3,11,16:27,1,2,3,1,3,69388,M,"45,7333900","4,8646000",69
202000040229,20,3,11,10:20,1,2,1,1,6,69259,M,"45,6913212","4,8707271",69
202000040230,20,3,11,09:10,1,2,1,1,6,69388,M,"45,7309304","4,8597805",69
202000040231,20,3,11,08:32,1,2,3,1,3,69386,M,"45,7333900","4,8646000",69
202000040232,20,3,10,12:00,1,2,3,1,6,97209,A,"14,6354300"," -61,0596400",972
202000040233,20,3,9,13:00,1,2,1,1,1,97209,A,"14,6143100"," -61,0703000",972
202000040234,20,2,25,20:30,5,2,1,1,1,97209,A,"14,6256000"," -61,0605100",972
202000040235,20,3,11,18:22,5,2,1,1,1,69382,M,"45,7609396","4,8328693",69
202000040236,20,3,11,18:10,1,2,1,1,6,69034,M,"45,8009493","4,8546595",69
202000040237,20,3,11,14:00,1,2,1,1,-1,69382,M,"45,7577961","4,8346745",69
202000040238,20,8,30,02:55,3,2,6,1,6,35266,M,"48,0180410"," -1,6603970",35
202000040239,20,8,30,03:15,3,1,1,1,6,45146,M,"47,7215350","1,8901740",45
202000040240,20,8,31,10:40,1,1,1,1,2,13051,M,"43,5856240","5,2030460",13
202000040241,20,8,30,03:00,4,1,1,1,6,98753,P," -23,3990630"," -149,4950440",987
202000040242,20,8,30,20:30,5,2,1,1,7,98613,W," -22,2803870","166,4489430",986
202000040243,20,8,25,14:45,1,1,1,2,-1,97418,R," -20,9298750","55,5362470",974
202000040244,20,8,30,21:45,5,1,2,1,1,97305,G,"4,9203220"," -52,3844430",973
202000040245,20,8,31,12:10,1,2,3,1,2,45312,M,"47,9175840","2,7365130",45
202000040246,20,8,30,19:45,2,1,1,1,1,2A247,M,"41,5868090","9,3016970",2A
202000040247,20,8,30,18:45,1,2,3,1,3,84065,M,"43,7458790","5,3122180",84
202000040248,20,8,31,11:35,1,1,1,1,2,83027,M,"43,2011680","5,7332810",83
202000040249,20,8,12,15:28,1,1,1,1,3,06147,M,"43,8155530","7,2653630",06
202000040250,20,8,28,00:00,3,1,1,1,6,73015,M,"45,3841500","6,5747810",73
202000040251,20,8,30,21:30,3,2,1,1,2,38565,M,"45,2995060","5,6279340",38
202000040252,20,8,31,12:10,1,1,3,1,3,81011,M,"43,7276770","1,8306830",81
202000040253,20,8,31,13:30,1,1,1,1,7,65295,M,"42,8523650"," -0,0065450",65
202000040254,20,8,30,14:05,1,2,1,1,6,56176,M,"47,6711600"," -2,9614190",56
202000040255,20,8,30,16:35,1,1,1,1,2,13055,M,"43,3299000","5,4000000",13
202000040256,20,8,29,15:25,1,1,1,2,6,13216,M,"43,3391500","5,3486200",13
202000040257,20,8,28,13:05,1,1,1,1,5,13211,M,"43,2864400","5,5083700",13
202000040258,20,8,30,20:57,2,1,1,2,6,94034,M,"48,7566170","2,3329750",94
202000040259,20,8,30,13:35,1,1,1,1,3,94021,M,"48,7602000","2,3384100",94
202000040260,20,8,29,23:37,3,1,1,2,6,91235,M,"48,6262880","2,3527160",91
202000040261,20,8,30,11:20,1,1,1,2,6,78646,M,"48,7894300","2,1274060",78
202000040262,20,8,30,10:30,1,1,1,2,6,92050,M,"48,9012000","2,2058000",92
202000040263,20,8,29,13:35,1,1,1,3,4,92036,M,"48,9364215","2,2894558",92
202000040264,20,8,30,19:20,1,1,1,2,6,93027,M,"48,9258600","2,4001600",93
202000040265,20,8,30,20:00,3,1,1,2,2,93005,M,"48,9605600","2,4679800",93
202000040266,20,8,30,13:30,1,1,1,1,6,95582,M,"48,9639600","2,2684100",95
202000040267,20,8,30,03:45,3,1,1,1,6,95212,M,"49,0329400","2,5426700",95
202000040268,20,8,30,01:30,5,1,1,1,3,93066,M,"48,9262600","2,3567200",93
202000040269,20,8,29,16:30,1,1,1,3,7,93053,M,"48,8896938","2,4729458",93
202000040270,20,8,30,12:30,1,1,1,1,6,77373,M,"48,7711180","2,6119320",77
202000040271,20,1,16,04:10,5,2,2,5,6,60057,M,"49,4412800","2,0952600",60
202000040272,20,8,28,11:20,1,2,1,1,3,97302,G,"4,9306160"," -52,2905660",973
202000040273,20,8,26,18:30,1,2,1,1,-1,69384,M,"45,7747000","4,8131500",69
202000040274,20,8,28,17:50,1,1,4,1,1,97101,A,"16,2504888"," -61,4883451",971
202000040275,20,8,29,16:18,1,1,1,2,5,95539,M,"48,9932000","2,3607000",95
202000040276,20,8,29,22:50,5,2,1,1,3,95428,M,"49,0007400","2,3202900",95
202000040277,20,8,28,20:19,1,2,2,1,3,91691,M,"48,7179400","2,5138400",91
202000040278,20,8,29,17:05,1,1,6,1,6,91433,M,"48,4379800","2,1636700",91
202000040279,20,8,21,08:50,1,2,1,1,6,83123,M,"43,1216740","5,8188930",83
202000040280,20,8,29,02:50,3,1,1,8,7,78384,M,"48,9551600","1,9805500",78
202000040281,20,8,29,00:20,5,2,1,1,1,77404,M,"48,5270273","3,2614035",77
202000040282,20,8,29,09:55,1,2,1,1,3,74298,M,"46,1858900","6,2753200",74
202000040283,20,8,29,20:18,2,2,3,1,-1,69275,M,"45,7706200","4,9572800",69
202000040284,20,8,28,21:00,2,2,1,1,6,65047,M,"43,2430200","0,1025300",65
202000040285,20,8,29,01:45,5,2,3,1,2,59350,M,"50,6399300","3,0766200",59
202000040286,20,8,29,15:10,1,2,1,1,6,56260,M,"47,6707100"," -2,7914000",56
202000040287,20,8,30,00:15,5,2,3,8,3,44109,M,"47,2179100"," -1,5534500",44
202000040288,20,8,29,18:35,1,2,1,2,2,41295,M,"47,5699300","1,3741100",41
202000040289,20,8,29,22:40,5,2,2,1,3,35238,M,"48,1117500"," -1,6801700",35
202000040290,20,8,29,20:00,1,2,9,1,2,35238,M,"48,1113200"," -1,6844800",35
202000040291,20,8,29,02:40,5,2,3,1,6,35238,M,"48,0962376"," -1,6522378",35
202000040292,20,8,29,01:27,5,2,1,2,6,34172,M,"43,5889800","3,8895800",34
202000040293,20,8,29,22:40,5,2,2,1,3,33063,M,"44,8593600"," -0,5711800",33
202000040294,20,8,29,22:10,5,2,1,1,3,30189,M,"43,8388500","4,3526600",30
202000040295,20,8,29,19:15,1,2,1,1,2,30189,M,"43,8352000","4,3506000",30
202000040296,20,8,29,10:00,1,2,1,8,6,26198,M,"44,5562520","4,7500410",26
202000040297,20,8,29,13:00,1,2,1,1,2,25056,M,"47,2597500","6,0464100",25
202000040298,20,8,29,16:34,1,2,6,1,3,17300,M,"46,1399700"," -1,1450400",17
202000040299,20,8,29,08:25,1,1,1,1,2,17291,M,"46,1725400"," -1,1190200",17
202000040300,20,8,28,16:40,1,1,1,2,6,15014,M,"44,9243040","2,4716470",15
202000040301,20,8,15,21:50,5,2,1,1,7,13043,M,"43,3956000","5,2444000",13
202000040302,20,8,29,23:00,5,2,1,1,3,13204,M,"43,3112800","5,4010600",13
202000040303,20,8,29,12:30,1,2,1,2,6,13204,M,"43,3015890","5,3929400",13
202000040304,20,8,29,06:10,5,2,1,8,6,13212,M,"43,3154430","5,4616510",13
202000040305,20,8,29,00:25,5,2,1,8,-1,13204,M,"43,3126000","5,4016000",13
202000040306,20,8,28,11:40,1,1,3,1,3,13005,M,"43,3178200","5,5797600",13
202000040307,20,8,29,19:55,2,2,1,2,5,06088,M,"43,7260400","7,2697700",06
202000040308,20,8,29,21:55,5,1,1,2,3,06069,M,"43,6429660","6,9084170",06
202000040309,20,8,29,14:55,1,2,1,3,3,06123,M,"43,7008000","7,1848200",06
202000040310,20,8,28,16:55,1,2,6,2,3,01344,M,"46,2043700","5,1981200",01
202000040311,20,8,29,00:15,5,2,3,1,6,75115,M,"48,8498040","2,2960290",75
202000040312,20,8,27,14:30,1,2,1,1,3,75115,M,"48,8480410","2,2836050",75
202000040313,20,8,29,21:40,5,2,1,9,6,75113,M,"48,8257580","2,3492350",75
202000040314,20,8,29,19:08,1,2,4,1,3,75113,M,"48,8399860","2,3617690",75
202000040315,20,8,29,14:20,1,2,1,3,2,75110,M,"48,8831020","2,3676440",75
202000040316,20,8,29,17:30,1,2,2,2,3,75107,M,"48,8598040","2,3181540",75
202000040317,20,8,29,10:30,1,2,7,1,3,75102,M,"48,8706260","2,3320780",75
202000040318,20,8,29,05:05,5,2,3,2,3,75101,M,"48,8607680","2,3304010",75
202000040319,20,8,29,07:10,1,2,3,1,1,75101,M,"48,8601110","2,3333320",75
202000040320,20,8,29,04:15,3,1,1,1,4,94028,M,"48,7771600","2,4420600",94
202000040321,20,8,28,18:50,1,2,2,1,6,94002,M,"48,7982600","2,4206200",94
202000040322,20,8,29,17:45,1,2,2,2,6,93059,M,"48,9664000","2,3661000",93
202000040323,20,8,29,15:05,1,2,4,3,3,93066,M,"48,9308204","2,3529900",93
202000040324,20,8,29,19:25,1,2,1,2,4,93077,M,"48,8843845","2,5081814",93
202000040325,20,8,29,10:30,1,2,1,1,6,93057,M,"48,9103495","2,5110643",93
202000040326,20,7,29,18:00,1,1,3,1,3,87157,M,"45,9706010","1,4826820",87
202000040327,20,8,28,19:00,1,1,1,1,6,68005,M,"48,1081190","7,2362030",68
202000040328,20,8,28,09:35,1,2,1,1,6,68277,M,"48,1642310","7,3057980",68
202000040329,20,8,29,15:35,1,2,2,1,3,28286,M,"48,3873800","1,2966330",28
202000040330,20,8,30,14:30,1,2,1,1,3,97412,R," -21,3506320","55,6124710",974
202000040331,20,8,29,03:20,3,1,1,1,1,97234,A,"14,6684030"," -61,1555190",972
202000040332,20,8,29,14:40,1,2,1,6,6,62645,M,"50,9827350","2,0566320",62
202000040333,20,8,29,17:10,1,1,2,1,-1,46103,M,"44,3104760","1,4328470",46
202000040334,20,8,28,12:15,1,1,9,2,1,69283,M,"45,6797210","4,9577470",69
202000040335,20,8,30,12:55,1,1,1,1,6,44033,M,"47,3894520"," -1,9871310",44
202000040336,20,8,30,07:10,2,1,1,1,6,44089,M,"47,3499310"," -1,8751320",44
202000040337,20,8,28,23:47,5,1,2,1,3,62376,M,"50,5623390","2,6033630",62
202000040338,20,8,30,10:25,1,2,1,2,2,57540,M,"48,7632270","7,2604290",57
202000040339,20,8,30,15:45,1,1,1,2,6,74173,M,"45,8300430","6,5965910",74
202000040340,20,8,30,17:45,1,1,1,2,4,79157,M,"47,0103350"," -0,1969600",79
202000040341,20,8,29,16:25,1,1,1,3,6,19030,M,"45,1690660","1,3245500",19
202000040342,20,8,30,01:40,3,1,1,1,6,89237,M,"47,6137819","3,6757958",89
202000040343,20,8,30,11:00,1,1,3,1,3,63465,M,"45,4240200","3,8901470",63
202000040344,20,8,27,09:00,1,2,7,7,6,42248,M,"45,9144000","3,8461750",42
202000040345,20,8,29,08:05,1,1,1,1,7,86180,M,"46,5226330","0,4091280",86
202000040346,20,7,31,14:30,1,2,1,1,7,34335,M,"43,6176330","3,1174040",34
202000040347,20,8,29,03:20,3,1,1,2,7,22229,M,"48,2683660"," -3,2760230",22
202000040348,20,8,28,15:45,1,1,1,1,1,44090,M,"46,9981210"," -1,7412850",44
202000040349,20,8,29,23:50,3,1,1,1,7,29145,M,"48,0508620"," -4,4440980",29
202000040350,20,8,30,03:00,5,2,1,2,6,38249,M,"45,2266190","5,8027640",38
202000040351,20,8,30,02:50,3,1,1,1,6,03312,M,"46,4905369","2,8978531",03
202000040352,20,8,30,06:15,2,1,1,1,7,72183,M,"47,7029750","0,5290390",72
202000040353,20,8,29,21:15,5,2,1,1,1,60178,M,"49,6041870","2,0781740",60
202000040354,20,8,29,17:30,1,1,1,2,7,60319,M,"49,3649570","1,9425630",60
202000040355,20,8,24,14:15,1,1,1,1,7,64013,M,"43,2185000"," -1,1784550",64
202000040356,20,8,30,08:20,3,2,1,8,7,64452,M,"43,3116510"," -0,0565690",64
202000040357,20,8,29,18:30,1,2,2,1,3,10323,M,"48,5163340","3,7149020",10
202000040358,20,8,30,02:10,3,1,1,1,7,10317,M,"47,9762630","4,3871610",10
202000040359,20,8,30,10:35,1,1,1,8,7,07038,M,"44,6360780","4,0915700",07
202000040360,20,8,30,04:30,3,1,1,1,6,85280,M,"46,8699590"," -1,9333300",85
202000040361,20,8,28,13:24,1,2,3,1,6,28401,M,"48,4597540","0,9913770",28
202000040362,20,8,28,04:35,3,1,1,1,6,17340,M,"46,0842750"," -0,7750510",17
202000040363,20,8,29,11:10,1,2,1,1,2,30053,M,"43,9769270","4,2077420",30
202000040364,20,8,30,11:29,1,1,1,1,7,48146,M,"44,3606790","3,4058580",48
202000040365,20,8,29,13:20,1,1,1,1,6,67506,M,"48,6739680","7,7423829",67
202000040366,20,8,28,14:00,1,1,1,3,3,01024,M,"46,2614270","5,1687940",01
202000040367,20,8,30,05:15,3,1,1,1,1,95580,M,"49,0849940","2,5299186",95
202000040368,20,8,17,15:20,1,1,1,1,2,13103,M,"43,6274520","5,1062230",13
202000040369,20,8,30,01:00,3,1,1,1,7,98823,C," -21,1710100","165,5139300",988
202000040370,20,8,29,21:00,3,1,1,2,7,97306,G,"5,4628960"," -53,8920270",973
202000040371,20,8,30,18:05,1,1,1,8,1,77476,M,"49,0412720","2,9556660",77
202000040372,20,8,30,09:50,1,1,3,1,7,34209,M,"43,2892330","3,3626100",34
202000040373,20,8,29,17:15,1,2,1,2,3,13015,M,"43,4571320","5,4129120",13
202000040374,20,8,29,23:35,5,2,1,1,6,13109,M,"43,5106450","5,4880760",13
202000040375,20,8,29,20:55,3,1,1,1,1,71583,M,"46,2611348","4,7925060",71
202000040376,20,8,29,14:20,1,1,1,1,6,88273,M,"48,2346430","6,5093350",88
202000040377,20,8,29,14:10,1,2,1,1,3,57663,M,"49,2271480","6,1669890",57
202000040378,20,8,29,23:40,5,2,1,1,7,81140,M,"43,6889500","1,8137580",81
202000040379,20,8,29,17:00,1,2,2,1,3,17336,M,"45,7692740"," -0,7181350",17
202000040380,20,8,29,10:25,1,2,2,1,3,17240,M,"45,2821300"," -0,3969940",17
202000040381,20,8,29,16:30,1,2,7,1,6,85151,M,"46,9919930"," -0,9541140",85
202000040382,20,8,28,12:35,1,1,1,1,3,29058,M,"47,8828880"," -4,0053270",29
202000040383,20,8,17,18:40,1,2,1,1,7,80025,M,"50,3413810","1,8349020",80
202000040384,20,8,28,10:20,1,1,1,3,6,62505,M,"50,8471390","1,7191460",62
202000040385,20,8,28,19:30,1,1,1,1,3,13203,M,"43,3238000","5,3782000",13
202000040386,20,8,29,03:45,3,1,1,1,-1,13071,M,"43,3975900","5,2983390",13
202000040387,20,8,29,15:17,1,1,1,2,4,91689,M,"48,7288600","2,3144000",91
202000040388,20,8,29,00:50,3,1,1,1,2,91689,M,"48,7268816","2,3135977",91
202000040389,20,8,29,11:00,1,1,1,1,7,92062,M,"48,8875650","2,2514370",92