Num_Acc,an,mois,jour,hrmn,lum,agg,int,atm,col,com,gps,lat,long,dep
202000040390,20,8,29,04:50,3,1,1,1,2,78321,M,"48,7990010","1,9197030",78
202000040391,20,8,28,15:10,1,1,1,1,5,78640,M,"48,7775620","2,2197010",78
202000040392,20,8,29,18:25,1,1,1,8,-1,95572,M,"49,0346700","2,1002500",95
202000040393,20,8,29,14:45,1,1,1,3,7,95424,M,"48,9898361","2,1985679",95
202000040394,20,8,29,08:00,1,1,1,1,2,93027,M,"48,9339700","2,3833900",93
202000040395,20,9,6,02:00,3,1,1,1,3,94018,M,"48,8174000","2,4218000",94
202000040396,20,8,29,20:10,2,1,1,2,2,94018,M,"48,8232003","2,3958043",94
202000040397,20,8,29,08:00,1,1,1,1,7,94028,M,"48,7766802","2,4422998",94
202000040398,20,2,26,17:55,1,2,3,8,3,94028,M,"48,8004200","2,4512900",94
202000040399,20,8,28,13:30,1,1,9,1,3,97416,R," -21,3119400","55,5433500",974
202000040400,20,8,28,14:15,1,2,1,1,6,97411,R," -20,9104600","55,4817100",974
202000040401,20,8,27,07:25,1,2,1,1,6,97411,R," -20,8868200","55,4521800",974
202000040402,20,8,28,15:10,1,2,2,3,3,69386,M,"45,7636000","4,8482900",69
202000040403,20,8,28,14:30,1,2,3,1,3,97209,A,"14,6081700"," -61,0681300",972
202000040404,20,8,28,18:00,1,2,1,3,2,69081,M,"45,7700000","4,7700000",69
202000040405,20,8,27,12:23,1,2,1,1,1,69384,M,"45,7799216","4,8274192",69
202000040406,20,8,27,12:10,1,1,1,1,2,87085,M,"45,8913300","1,2842900",87
202000040407,20,8,28,17:45,1,2,3,1,2,86194,M,"46,6086626","0,3429018",86
202000040408,20,8,28,13:45,1,2,1,1,3,83069,M,"43,1233600","6,1012400",83
202000040409,20,8,28,12:30,1,2,6,1,3,83069,M,"43,1163900","6,1467400",83
202000040410,20,8,27,07:15,1,1,1,1,6,77337,M,"48,8462233","2,6301431",77
202000040411,20,8,28,14:55,1,1,2,1,-1,77040,M,"48,5126100","2,5689400",77
202000040412,20,8,27,16:45,1,1,1,1,5,77013,M,"48,8503000","3,0902000",77
202000040413,20,8,27,22:20,5,2,1,1,3,74008,M,"46,1944300","6,2241700",74
202000040414,20,8,26,19:20,1,2,1,1,-1,71306,M,"46,6661548","4,3332367",71
202000040415,20,8,28,19:10,1,2,1,2,4,69256,M,"45,7869100","4,9194200",69
202000040416,20,8,28,17:46,1,2,2,3,3,69290,M,"45,7112300","4,9123000",69
202000040417,20,8,28,13:00,1,2,4,3,3,69290,M,"45,6919900","4,9669600",69
202000040418,20,8,28,13:50,1,1,1,2,3,69091,M,"45,5656500","4,7758300",69
202000040419,20,8,28,10:15,1,2,1,3,6,65440,M,"43,2285600","0,0750400",65
202000040420,20,8,28,13:50,1,2,1,2,2,64024,M,"43,5087357"," -1,5216535",64
202000040421,20,8,27,15:34,1,2,2,1,5,63113,M,"45,7735700","3,0900000",63
202000040422,20,8,27,16:50,1,2,9,8,6,62119,M,"50,5389614","2,6293676",62
202000040423,20,8,27,13:25,1,2,3,2,3,56162,M,"47,7322500"," -3,4325300",56
202000040424,20,8,28,11:50,1,2,1,1,2,54184,M,"48,7032892","6,2290066",54
202000040425,20,8,28,07:50,1,2,2,1,3,54526,M,"48,6883399","6,2097269",54
202000040426,20,8,27,08:30,1,2,1,1,3,54395,M,"48,6960054","6,1897344",54
202000040427,20,8,27,14:30,1,2,1,1,3,46042,M,"44,4617300","1,4522300",46
202000040428,20,8,28,13:45,1,1,9,1,2,45302,M,"47,9523000","1,8575000",45
202000040429,20,8,28,10:20,1,2,1,1,2,45285,M,"47,9151201","1,8680476",45
202000040430,20,2,8,15:00,1,2,1,1,2,74011,M,"45,9070510","6,1588080",74
202000040431,20,2,7,18:00,3,2,3,1,5,47185,M,"44,4871300","0,9663570",47
202000040432,20,2,8,09:50,1,1,3,1,6,29160,M,"48,5237390"," -4,4229840",29
202000040433,20,2,3,17:30,1,1,1,1,6,31115,M,"43,3439261","0,9033402",31
202000040434,20,2,9,19:15,3,2,1,1,6,38449,M,"45,6604400","5,1025000",38
202000040435,20,2,9,03:50,5,2,1,1,6,02352,M,"50,0042190","3,2480100",02
202000040436,20,2,9,05:45,3,1,1,1,6,02303,M,"49,8588370","3,2446580",02
202000040437,20,2,8,14:30,1,1,1,1,5,01245,M,"46,1644880","5,3973340",01
202000040438,20,2,8,07:30,2,1,1,1,7,70060,M,"47,3179810","5,8400920",70
202000040439,20,2,9,19:00,3,1,1,6,6,54427,M,"48,4528460","6,9253540",54
202000040440,20,2,7,16:20,1,1,1,1,6,06102,M,"44,0708290","7,1453670",06
202000040441,20,2,7,19:20,3,1,2,1,3,50111,M,"49,0359410"," -1,2979050",50
202000040442,20,2,8,18:30,5,2,3,1,4,90009,M,"47,4911670","6,9219370",90
202000040443,20,2,9,06:05,3,2,1,5,6,64268,M,"43,1745120"," -0,9164360",64
202000040444,20,2,8,20:00,5,2,1,1,6,18160,M,"46,9968640","2,8241760",18
202000040445,20,2,7,16:30,1,1,1,1,6,40287,M,"44,5013420"," -1,0514260",40
202000040446,20,2,8,19:40,3,1,2,8,3,28305,M,"48,1856700","1,4989260",28
202000040447,20,2,8,17:00,1,1,1,2,2,37085,M,"47,2197056","0,8890701",37
202000040448,20,2,8,17:45,1,1,1,1,1,30085,M,"43,9665810","4,4805770",30
202000040449,20,1,29,18:50,5,1,1,1,1,33122,M,"44,7811760"," -0,6877810",33
202000040450,20,2,9,02:30,5,2,1,1,7,06085,M,"43,6002850","7,0035410",06
202000040451,20,2,8,07:00,1,2,1,1,6,98733,P," -17,6899310"," -149,5483490",987
202000040452,20,2,9,17:05,1,1,1,1,1,83035,M,"43,2337520","5,7659390",83
202000040453,20,2,8,17:15,2,1,1,1,7,83055,M,"43,5877620","6,6700150",83
202000040454,20,1,25,17:54,5,2,3,1,3,68021,M,"47,6385450","7,5132750",68
202000040455,20,2,9,18:30,3,1,1,1,1,73006,M,"45,5524537","6,6359400",73
202000040456,20,2,9,00:10,3,1,1,1,2,01313,M,"46,2541630","6,0591420",01
202000040457,20,2,8,11:45,1,2,1,1,7,69037,M,"46,0220140","4,5005970",69
202000040458,20,2,9,10:45,1,1,1,1,3,09334,M,"42,7636810","1,4954710",09
202000040459,20,2,8,18:45,3,2,4,2,6,33248,M,"45,0732200"," -0,7906500",33
202000040460,20,2,9,01:50,3,1,9,6,6,27242,M,"48,9738650","0,7869280",27
202000040461,20,2,7,15:56,1,2,1,1,2,27684,M,"49,0151240","1,1930250",27
202000040462,20,2,9,10:00,1,1,1,1,1,60282,M,"49,2060754","2,4613986",60
202000040463,20,2,9,08:30,1,1,1,6,7,60355,M,"49,4124885","2,2122284",60
202000040464,20,2,7,13:00,1,1,1,1,2,13071,M,"43,3758010","5,3190020",13
202000040465,20,2,6,23:54,3,1,1,1,3,13215,M,"43,3789471","5,3548422",13
202000040466,20,2,4,19:00,3,1,9,3,4,69290,M,"45,7052800","4,9608100",69
202000040467,20,2,8,08:00,1,1,1,2,6,33063,M,"44,8829800"," -0,5612800",33
202000040468,20,2,8,17:25,1,1,1,3,3,91174,M,"48,6113000","2,4471000",91
202000040469,20,2,8,05:45,4,1,1,1,4,91589,M,"48,6789300","2,3345600",91
202000040470,20,2,7,19:45,3,1,1,1,7,94034,M,"48,7562000","2,3360000",94
202000040471,20,2,7,13:40,1,1,1,1,2,93030,M,"48,9396800","2,4209200",93
202000040472,20,2,7,12:20,1,1,1,1,5,60505,M,"49,1695800","2,5994900",60
202000040473,20,2,7,12:15,1,2,3,1,3,98818,C," -22,2347800","166,4425900",988
202000040474,20,2,6,20:35,5,2,1,2,6,98818,C," -22,2496100","166,4504100",988
202000040475,20,2,7,07:50,1,2,3,1,3,97409,R," -20,9581480","55,6497990",974
202000040476,20,2,7,18:14,1,2,1,1,3,97302,G,"4,9309260"," -52,3058224",973
202000040477,20,2,7,14:17,1,2,3,1,-1,97302,G,"4,9335556"," -52,3133111",973
202000040478,20,2,7,08:10,1,2,1,1,6,97302,G,"4,9171583"," -52,3123884",973
202000040479,20,2,7,08:30,1,2,1,1,6,97209,A,"14,6050000"," -61,0660000",972
202000040480,20,2,7,21:00,5,2,9,1,-1,69389,M,"45,7724000","4,8110300",69
202000040481,20,2,4,20:20,5,2,2,2,3,69149,M,"45,7173600","4,8095700",69
202000040482,20,2,4,19:10,5,2,1,9,7,69381,M,"45,7717700","4,8331500",69
202000040483,20,2,6,18:25,5,2,1,1,-1,2A004,M,"41,9264097","8,7385633",2A
202000040484,20,2,7,13:00,1,2,2,1,3,2A004,M,"41,9387803","8,7509350",2A
202000040485,20,2,6,19:36,5,2,9,1,1,91223,M,"48,4527290","2,1671590",91
202000040486,20,2,6,17:05,1,2,1,1,2,91223,M,"48,4343180","2,1546300",91
202000040487,20,2,6,19:40,5,2,2,1,3,91201,M,"48,6889300","2,4222800",91
202000040488,20,2,7,21:10,5,2,9,1,4,91174,M,"48,6134300","2,4841700",91
202000040489,20,2,7,13:15,1,2,1,1,6,91347,M,"48,6522530","2,2754620",91
202000040490,20,2,6,22:35,5,2,1,1,2,87085,M,"45,8341300","1,2598200",87
202000040491,20,2,6,08:05,1,2,1,1,6,86194,M,"46,5921068","0,3403386",86
202000040492,20,2,7,23:10,4,2,1,1,6,85191,M,"46,6482600"," -1,4153100",85
202000040493,20,2,7,12:55,1,2,1,1,2,83069,M,"43,1204200","6,1353800",83
202000040494,20,2,7,18:55,5,2,1,1,3,82121,M,"44,0266500","1,3668510",82
202000040495,20,2,5,17:05,1,2,1,1,3,80021,M,"49,9025700","2,2850400",80
202000040496,20,2,4,19:05,5,2,1,1,6,77373,M,"48,8016600","2,6061300",77
202000040497,20,2,6,19:30,3,1,1,9,2,77243,M,"48,8678247","2,7040783",77
202000040498,20,2,5,23:45,5,2,1,1,6,76540,M,"49,4414500","1,1126500",76
202000040499,20,2,6,14:30,1,2,2,1,3,76351,M,"49,4934500","0,1036900",76
202000040500,20,2,7,21:10,3,1,1,1,2,69277,M,"45,7085000","5,0288000",69
202000040501,20,2,7,12:49,3,2,3,2,-1,64483,M,"43,3800300"," -1,6400200",64
202000040502,20,2,6,16:10,1,2,9,1,3,64445,M,"43,3311700"," -0,3581300",64
202000040503,20,2,7,17:15,1,2,3,1,5,64102,M,"43,4857400"," -1,4912200",64
202000040504,20,2,7,16:30,1,2,1,1,4,64102,M,"43,4842300"," -1,4983600",64
202000040505,20,2,6,20:30,5,2,3,1,3,64102,M,"43,4948000"," -1,4673700",64
202000040506,20,2,7,07:47,2,1,3,1,3,63063,M,"45,8382118","3,1224706",63
202000040507,20,2,5,20:25,5,2,1,1,3,63113,M,"45,7870500","3,0921000",63
202000040508,20,2,6,18:55,5,2,5,1,6,60382,M,"49,4267230","2,8170200",60
202000040509,20,2,7,14:25,1,2,3,1,-1,59009,M,"50,6270100","3,1413900",59
202000040510,20,2,7,16:45,2,2,1,-1,7,57463,M,"49,0981400","6,2404000",57
202000040511,20,12,5,19:05,5,2,1,2,1,22113,M,"48,7293500"," -3,4527100",22
202000040512,20,1,25,16:45,2,1,6,5,2,54099,M,"49,2551000","5,9486300",54
202000040513,20,12,5,17:50,3,1,9,1,4,13117,M,"43,4275920","5,2660750",13
202000040514,20,12,6,17:30,5,2,1,1,3,13210,M,"43,2815300","5,4270200",13
202000040515,20,2,6,20:27,3,2,1,1,3,49007,M,"47,4734100"," -0,5797400",49
202000040516,20,12,6,14:50,1,2,3,1,3,13206,M,"43,2840060","5,3848110",13
202000040517,20,2,7,07:55,2,2,6,1,3,47032,M,"44,1978900","0,6465300",47
202000040518,20,12,6,16:15,1,2,6,1,3,13028,M,"43,1989824","5,6166640",13
202000040519,20,2,7,16:00,1,1,1,1,6,45004,M,"48,0051459","2,8049221",45
202000040520,20,2,6,16:15,1,2,1,1,6,44184,M,"47,2990000"," -2,2960000",44
202000040521,20,12,6,18:18,5,2,2,1,3,06088,M,"43,7007300","7,2867400",06
202000040522,20,1,11,11:15,1,2,1,2,6,43157,M,"45,0466100","3,8815300",43
202000040523,20,12,6,18:25,5,2,1,1,6,04070,M,"44,0907020","6,2329029",04
202000040524,20,11,24,13:50,1,2,1,1,6,75119,M,"48,9003090","2,3779940",75
202000040525,20,2,7,15:10,1,2,2,1,3,33281,M,"44,8510200"," -0,6428000",33
202000040526,20,12,6,09:39,1,2,3,1,3,75120,M,"48,8647830","2,4101700",75
202000040527,20,12,6,12:30,1,2,7,1,3,75118,M,"48,8950800","2,3593830",75
202000040528,20,2,2,07:15,5,2,6,1,6,33032,M,"44,9150000"," -0,5420000",33
202000040529,20,12,6,20:20,5,2,2,8,3,75116,M,"48,8395830","2,2633240",75
202000040530,20,2,7,07:15,3,2,1,1,1,31149,M,"43,5982100","1,3041900",31
202000040531,20,12,5,14:30,1,2,1,1,6,75115,M,"48,8449660","2,2980150",75
202000040532,20,2,6,23:10,5,2,2,1,3,31555,M,"43,5989000","1,4366200",31
202000040533,20,12,6,14:10,1,2,2,1,6,75112,M,"48,8446060","2,3809420",75
202000040534,20,2,6,19:55,5,2,1,1,3,31555,M,"43,6159300","1,4393300",31
202000040535,20,12,6,11:45,1,2,1,8,6,75112,M,"48,8466890","2,3997360",75
202000040536,20,1,31,19:15,3,1,1,1,2,31555,M,"43,5662200","1,4835900",31
202000040537,20,12,6,11:40,1,2,3,1,2,75111,M,"48,8589540","2,3852800",75
202000040538,20,2,7,08:35,1,2,1,1,3,31565,M,"43,0915000","0,6944000",31
202000040539,20,12,6,13:50,1,2,2,1,3,75110,M,"48,8773600","2,3551020",75
202000040540,20,2,6,18:47,5,2,1,1,3,29232,M,"47,9921100"," -4,1094000",29
202000040541,20,12,6,15:20,1,2,3,8,7,75104,M,"48,8554950","2,3636310",75
202000040542,20,2,7,11:00,1,2,1,1,6,28209,M,"48,4697000","1,4808400",28
202000040543,20,12,6,20:30,5,2,1,1,-1,93066,M,"48,9392800","2,3553800",93
202000040544,20,1,10,21:30,5,2,2,1,3,27229,M,"49,0264100","1,1572300",27
202000040545,20,12,6,19:20,5,2,1,1,5,93062,M,"48,8955813","2,5254719",93
202000040546,20,2,7,11:40,1,1,1,1,6,26362,M,"44,9459200","4,9430900",26
202000040547,20,12,6,13:05,1,1,1,8,3,93074,M,"48,9337112","2,5862821",93
202000040548,20,2,7,17:25,1,2,1,1,6,25462,M,"46,9013520","6,3574040",25
202000040549,20,12,6,14:00,1,2,1,1,6,93005,M,"48,9588348","2,4858760",93
202000040550,20,2,5,08:00,1,2,6,1,3,21278,M,"47,3406432","5,0344393",21
202000040551,20,12,6,18:15,5,2,1,1,2,92026,M,"48,9013286","2,2762061",92
202000040552,20,2,6,10:02,1,2,1,1,4,21054,M,"47,0215940","4,8329268",21
202000040553,20,12,6,06:50,5,2,1,1,7,92019,M,"48,7632000","2,2771300",92
202000040554,20,2,6,16:10,1,2,2,1,-1,19031,M,"45,1592100","1,5304100",19
202000040555,20,12,7,01:15,3,1,1,2,6,35008,M,"47,9652170"," -1,1619120",35
202000040556,20,2,6,23:55,3,1,1,1,6,16150,M,"45,6606465"," -0,2972061",16
202000040557,20,2,6,19:05,3,2,3,1,6,15014,M,"44,9095690","2,4306360",15
202000040558,20,9,29,09:45,1,2,1,1,5,72155,M,"47,8632000","0,2525000",72
202000040559,20,12,7,12:40,1,1,1,2,6,85215,M,"46,8728470"," -1,2000590",85
202000040560,20,2,7,15:55,1,2,1,1,2,14220,M,"49,3557600","0,0697400",14
202000040561,20,2,6,08:00,2,2,7,1,6,14366,M,"49,1475500","0,2276700",14
202000040562,20,12,5,11:15,1,1,1,1,3,51440,M,"49,3003743","4,3049188",51
202000040563,20,2,7,20:45,5,2,2,1,3,13211,M,"43,2840110","5,4355680",13
202000040564,20,11,24,10:00,1,1,1,1,7,12198,M,"44,3240250","2,2494510",12
202000040565,20,2,7,13:30,1,2,9,1,-1,13201,M,"43,2967330","5,3786830",13
202000040566,20,12,7,10:20,1,1,1,2,1,12162,M,"44,2945560","2,4094480",12
202000040567,20,12,7,15:30,1,2,1,1,6,68349,M,"47,6117620","7,5747510",68
202000040568,20,2,7,05:00,5,2,1,1,2,13210,M,"43,2871040","5,4002640",13
202000040569,20,2,5,07:40,1,2,1,1,2,13214,M,"43,3190140","5,3786830",13
202000040570,20,12,1,19:55,4,1,3,1,3,44188,M,"47,0352370"," -1,6840710",44
202000040571,20,12,6,09:30,1,1,1,2,3,35068,M,"48,0967500"," -1,4075410",35
202000040572,20,2,7,22:45,3,1,1,1,6,13047,M,"43,5300000","5,0120000",13
202000040573,20,2,6,13:40,1,2,1,1,2,11069,M,"43,2076400","2,3155840",11
202000040574,20,12,7,18:05,5,2,1,2,6,31224,M,"43,0745470","0,5850770",31
202000040575,20,2,7,03:30,5,2,1,1,6,10387,M,"48,3009200","4,0645000",10
202000040576,20,12,7,07:20,3,1,1,1,6,38561,M,"45,3272890","5,1962970",38
202000040577,20,2,6,22:30,5,2,3,7,3,10081,M,"48,3104500","4,0276800",10
202000040578,20,2,7,22:50,5,2,3,1,3,03185,M,"46,3472644","2,5960427",03
202000040579,20,11,22,17:40,3,1,1,8,7,38442,M,"45,3041400","5,7567900",38
202000040580,20,2,7,13:30,1,1,1,1,1,01451,M,"46,2227900","5,2062300",01
202000040581,20,2,7,08:55,1,2,1,1,2,75117,M,"48,8864230","2,2892970",75
202000040582,20,12,6,17:50,3,1,3,1,3,72241,M,"48,0575740","0,3787490",72
202000040583,20,2,6,09:40,1,2,4,1,7,75117,M,"48,9003550","2,3222390",75
202000040584,20,12,7,17:30,2,2,2,1,6,50082,M,"49,4672180"," -1,6335240",50
202000040585,20,2,5,01:14,5,2,1,1,7,75107,M,"48,8527140","2,3031340",75
202000040586,20,2,7,10:00,1,2,1,1,3,75119,M,"48,8883670","2,3793960",75
202000040587,20,2,7,14:00,1,2,2,1,3,75118,M,"48,8977250","2,3290010",75
202000040588,20,2,7,16:10,1,2,2,1,3,75117,M,"48,8819510","2,3135700",75
202000040589,20,12,7,08:15,2,1,1,5,1,60030,M,"49,3252133","2,0862526",60
202000040590,20,2,7,08:30,1,2,1,1,6,75117,M,"48,8919840","2,3098510",75
202000040591,20,12,6,17:10,3,1,1,8,5,13018,M,"43,8785930","4,9310160",13
202000040592,20,2,6,23:25,5,2,2,1,3,75117,M,"48,8821530","2,2916930",75
202000040593,20,12,5,20:00,3,1,1,1,1,98729,P," -17,5331890"," -149,8386110",987
202000040594,20,2,7,11:20,1,2,2,1,6,75115,M,"48,8351330","2,2890270",75
202000040595,20,12,6,02:40,5,2,1,1,7,98815,C," -21,5467400","167,8823000",988
202000040596,20,2,7,22:00,5,2,3,1,6,75114,M,"48,8320680","2,3353530",75
202000040597,20,12,7,22:00,3,1,3,2,6,98817,C," -22,2758230","166,6224610",988
202000040598,20,2,7,12:30,1,2,2,1,2,75115,M,"48,8426060","2,3026950",75
202000040599,20,12,6,20:30,3,1,1,1,1,97607,Y," -12,8345440","45,1882480",976
202000040600,20,2,7,11:00,1,2,1,1,-1,75109,M,"48,8799330","2,3295440",75
202000040601,20,2,7,10:30,1,2,2,1,3,75108,M,"48,8732360","2,3179450",75
202000040602,20,12,6,17:35,1,2,3,1,3,97422,R," -21,2206920","55,5599550",974
202000040603,20,11,22,02:00,3,1,1,2,1,97305,G,"4,9625223"," -52,4341393",973
202000040604,20,2,7,09:00,1,2,2,1,3,75108,M,"48,8646140","2,3103230",75
202000040605,20,12,6,12:22,1,1,1,1,7,97107,A,"15,9996360"," -61,6039470",971
202000040606,20,2,7,12:45,1,2,2,1,3,75107,M,"48,8628370","2,3134850",75
202000040607,20,12,7,07:40,2,2,1,5,3,95142,M,"49,1580110","1,9428530",95
202000040608,20,12,6,21:12,3,2,1,2,1,2B354,M,"42,1705330","9,1719530",2B
202000040609,20,2,7,19:20,5,2,4,1,3,75104,M,"48,8522310","2,3659700",75
202000040610,20,12,7,07:50,2,1,1,1,6,13093,M,"43,7004831","5,3774953",13
202000040611,20,2,7,15:15,1,2,3,1,6,75103,M,"48,8620280","2,3539260",75
202000040612,20,12,7,17:30,3,1,1,1,2,57209,M,"49,0319700","6,5972260",57
202000040613,20,2,7,19:20,5,2,1,1,3,75101,M,"48,8621520","2,3502420",75
202000040614,20,2,6,23:35,5,2,1,1,7,75101,M,"48,8569330","2,3413730",75
202000040615,20,12,7,07:30,2,1,6,1,3,63284,M,"45,7927961","3,2268745",63
202000040616,20,12,5,18:04,3,2,1,2,6,33496,M,"44,8485980"," -0,3970630",33
202000040617,20,2,7,09:40,1,2,1,1,3,94080,M,"48,8452080","2,4319470",94
202000040618,20,2,5,16:40,1,2,2,1,3,94068,M,"48,7860000","2,4870000",94
202000040619,20,2,7,12:00,1,2,1,1,6,94052,M,"48,8359000","2,4748000",94
202000040620,20,2,7,13:02,1,2,1,7,5,94003,M,"48,8009600","2,3323500",94
202000040621,20,2,7,05:13,5,2,6,1,6,94011,M,"48,7683200","2,4873600",94
202000040622,20,12,7,08:20,2,1,1,5,5,14658,M,"48,8308120"," -1,0771370",14
202000040623,20,2,10,17:30,1,2,1,2,2,94077,M,"48,7310930","2,4370980",94
202000040624,20,12,7,12:15,1,2,1,5,1,14047,M,"49,2692820"," -0,6814210",14
202000040625,20,12,6,09:10,1,2,1,1,6,29103,M,"48,4436040"," -4,2580120",29
202000040626,20,2,7,16:55,1,2,1,1,5,94079,M,"48,8223700","2,5535500",94
202000040627,20,12,7,07:40,3,1,1,5,3,76678,M,"49,6362730","1,4476100",76
202000040628,20,2,7,19:30,5,2,1,1,2,94018,M,"48,8180400","2,4147200",94
202000040629,20,2,4,13:00,1,2,2,1,6,94018,M,"48,8215000","2,4137400",94
202000040630,20,2,6,19:50,5,2,1,1,3,94069,M,"48,8178773","2,4238694",94
202000040631,20,12,5,20:30,3,1,1,1,4,13071,M,"43,4069200","5,3273400",13
202000040632,20,2,7,18:00,5,2,9,1,3,94017,M,"48,8175600","2,5551900",94
202000040633,20,12,4,16:30,1,1,1,2,2,13215,M,"43,3647000","5,3604000",13
202000040634,20,2,7,17:30,1,2,1,1,6,94071,M,"48,7727060","2,5280370",94
202000040635,20,12,5,12:10,1,1,1,2,6,13005,M,"43,2886300","5,5498800",13
202000040636,20,2,7,09:45,1,2,1,1,3,93066,M,"48,9150399","2,3501683",93
202000040637,20,2,3,22:00,5,2,1,3,6,93066,M,"48,9150827","2,3580224",93
202000040638,20,2,7,12:35,1,2,1,1,6,93055,M,"48,9036200","2,3921500",93
202000040639,20,2,7,14:14,1,2,7,1,6,93048,M,"48,8627651","2,4416526",93
202000040640,20,2,7,08:39,1,2,2,1,1,93045,M,"48,8822000","2,4233000",93
202000040641,20,12,6,15:45,1,1,1,1,6,33096,M,"44,8885200"," -0,5045400",33
202000040642,20,2,7,09:05,1,2,1,1,3,93045,M,"48,8822916","2,4149930",93
202000040643,20,12,6,01:25,3,1,1,2,7,78043,M,"48,8414000","2,0941000",78
202000040644,20,2,7,22:00,5,2,3,1,3,93027,M,"48,9209800","2,3831100",93
202000040645,20,12,6,21:00,3,1,1,1,7,60631,M,"49,1457600","2,5776600",60
202000040646,20,12,6,19:10,3,1,1,1,6,95563,M,"49,0115000","2,2254000",95
202000040647,20,2,7,15:20,1,2,2,1,6,93007,M,"48,9224500","2,4695300",93
202000040648,20,12,6,11:20,1,1,1,1,2,93010,M,"48,9027700","2,4707900",93
202000040649,20,2,6,10:05,1,2,4,1,2,92075,M,"48,8148000","2,2781600",92
202000040650,20,12,6,06:55,3,1,1,2,6,95491,M,"49,0064600","2,2435200",95
202000040651,20,2,6,15:25,1,2,1,1,6,92022,M,"48,8047200","2,1881700",92
202000040652,20,12,6,14:30,1,1,1,1,2,94069,M,"48,8168253","2,4461100",94
202000040653,20,2,5,11:34,1,2,1,1,6,92022,M,"48,8114760","2,1886110",92
202000040654,20,2,7,12:55,1,2,9,1,1,92033,M,"48,8431169","2,1735086",92
202000040655,20,12,6,03:16,3,1,2,1,1,98818,C," -22,2342800","166,4876200",988
202000040656,20,2,7,19:00,5,2,1,1,6,92051,M,"48,8801880","2,2795522",92
202000040657,20,12,4,07:50,1,2,9,1,7,97411,R," -20,9231600","55,5014800",974
202000040658,20,2,7,18:25,5,2,2,1,3,92062,M,"48,8909429","2,2300966",92
202000040659,20,12,5,02:00,4,1,1,1,6,97302,G,"4,9019800"," -52,3123800",973
202000040660,20,2,6,17:15,2,2,1,1,2,92050,M,"48,8916732","2,2083807",92
202000040661,20,12,5,16:45,1,1,1,1,2,97209,A,"14,6246900"," -61,0786500",972
202000040662,20,2,6,17:28,1,2,1,1,4,92007,M,"48,8096600","2,3224600",92
202000040663,20,12,5,08:15,1,1,1,1,6,97209,A,"14,6433400"," -61,0858700",972
202000040664,20,2,7,09:45,1,1,6,1,2,92026,M,"48,8921600","2,2535600",92
202000040665,20,2,6,13:35,1,2,2,1,6,92024,M,"48,9021166","2,3143148",92
202000040666,20,12,5,01:00,3,2,4,1,-1,97209,A,"14,6142700"," -61,0412400",972
202000040667,20,2,7,17:20,1,2,1,8,6,92023,M,"48,7957000","2,2701000",92
202000040668,20,9,26,15:30,1,1,1,3,5,01112,M,"46,1047800","5,5488680",01
202000040669,20,2,7,20:35,5,2,1,1,3,92012,M,"48,8315991","2,2446764",92
202000040670,20,12,3,22:40,5,2,1,1,3,97209,A,"14,6187900"," -61,0450300",972
202000040671,20,9,25,21:00,3,1,1,2,1,69039,M,"45,9928702","4,5036551",69
202000040672,20,12,5,14:25,1,2,2,1,3,69382,M,"45,7449900","4,8198700",69
202000040673,20,9,25,18:35,2,1,1,2,4,69227,M,"45,6645565","4,5803564",69
202000040674,20,2,7,12:25,1,2,3,1,3,92012,M,"48,8416410","2,2358630",92
202000040675,20,9,19,15:20,1,2,1,1,-1,27448,M,"49,0183500","1,3745730",27
202000040676,20,2,8,10:00,1,2,1,1,7,12300,M,"44,3559970","2,0269950",12
202000040677,20,9,26,15:10,1,2,1,1,7,60639,M,"49,4605410","2,1131620",60
202000040678,20,2,7,23:15,5,2,1,1,6,86183,M,"46,9673440","0,6077780",86
202000040679,20,9,25,19:00,1,2,8,2,7,59477,M,"50,5161140","2,9047730",59
202000040680,20,2,8,01:45,3,1,1,1,6,31003,M,"43,5652800","1,5783410",31
202000040681,20,9,25,08:15,1,1,1,2,3,13071,M,"43,4191290","5,3670000",13
202000040682,20,12,4,07:15,1,2,2,1,2,97120,A,"16,2441617"," -61,5343783",971
202000040683,20,2,8,18:40,3,1,1,8,7,60010,M,"49,2224969","2,1015552",60
202000040684,20,9,24,18:20,1,1,1,1,4,13071,M,"43,4044610","5,3005560",13
202000040685,20,2,8,12:35,1,1,1,1,1,86070,M,"46,5756780","0,6777620",86
202000040686,20,12,5,13:50,1,2,1,8,1,78133,M,"48,9029000","2,0448500",78
202000040687,20,12,5,17:35,5,2,1,1,7,71306,M,"46,6689491","4,3660875",71
202000040688,20,9,23,17:15,1,1,1,1,2,13055,M,"43,2948036","5,4245960",13
202000040689,20,2,7,18:20,3,1,1,1,-1,38332,M,"45,3418800","5,4883200",38
202000040690,20,2,7,15:35,1,1,1,1,2,08062,M,"49,5225930","4,4090440",08
202000040691,20,12,5,06:35,3,1,1,5,2,71486,M,"46,6495935","4,3290685",71
202000040692,20,9,11,15:45,1,1,1,1,2,69199,M,"45,7076100","4,8436000",69
202000040693,20,12,5,06:15,3,1,1,1,7,71306,M,"46,6702478","4,3431081",71
202000040694,20,9,25,17:16,1,1,1,2,4,91689,M,"48,7433940","2,3215200",91
202000040695,20,2,7,22:15,3,1,1,1,6,15259,M,"45,1331289","3,1375610",15
202000040696,20,2,8,02:27,3,1,1,2,6,22305,M,"48,2725400"," -2,1549730",22
202000040697,20,9,25,16:15,1,1,1,8,2,91345,M,"48,6897290","2,3235590",91