Num_Acc,an,mois,jour,hrmn,lum,agg,int,atm,col,com,gps,lat,long,dep
202000040698,20,12,5,22:20,5,2,1,1,2,69266,M,"45,7708000","4,8660600",69
202000040699,20,12,5,01:35,5,2,1,1,6,65440,M,"43,2209900","0,0705700",65
202000040700,20,9,25,09:51,1,1,1,8,7,92002,M,"48,7332400","2,3127600",92
202000040701,20,2,7,14:20,1,2,1,1,1,83130,M,"43,1983720","6,0477160",83
202000040702,20,12,4,19:15,5,2,3,2,3,64335,M,"43,3171100"," -0,4296500",64
202000040703,20,9,25,07:49,1,1,1,2,2,94076,M,"48,7926600","2,3447300",94
202000040704,20,9,25,08:45,1,1,1,2,3,94037,M,"48,8139600","2,3363700",94
202000040705,20,12,5,09:20,1,2,6,1,-1,64102,M,"43,4873300"," -1,4674000",64
202000040706,20,2,7,13:15,1,2,1,1,6,80373,M,"49,9872720","1,5549750",80
202000040707,20,12,5,06:00,5,2,1,1,3,59512,M,"50,6753100","3,1958200",59
202000040708,20,2,8,20:00,5,2,1,1,6,11170,M,"43,1083270","3,0927800",11
202000040709,20,9,25,07:57,2,1,1,2,7,91161,M,"48,6978100","2,3144500",91
202000040710,20,12,5,14:20,1,2,1,1,6,59017,M,"50,6997000","2,8884500",59
202000040711,20,2,7,22:30,3,1,1,1,7,63033,M,"46,0047460","3,3746454",63
202000040712,20,12,1,18:20,5,2,1,8,6,59431,M,"50,6993200","2,8521000",59
202000040713,20,9,25,15:30,1,1,1,3,2,92036,M,"48,9379500","2,2979300",92
202000040714,20,12,4,15:05,1,2,6,8,3,56121,M,"47,7472500"," -3,3764600",56
202000040715,20,2,7,18:45,3,1,1,1,7,39485,M,"46,4060020","5,4502530",39
202000040716,20,9,25,16:30,1,1,1,2,3,95365,M,"49,0669400","2,4016040",95
202000040717,20,12,3,15:36,1,2,1,3,1,56162,M,"47,7374900"," -3,4001900",56
202000040718,20,2,7,17:15,2,1,1,1,4,25321,M,"47,0535020","6,6609330",25
202000040719,20,9,25,15:25,1,1,1,1,3,95018,M,"48,9628610","2,2657140",95
202000040720,20,12,2,17:10,2,2,6,1,1,56121,M,"47,7455700"," -3,3679900",56
202000040721,20,2,7,18:50,3,2,2,1,3,35018,M,"48,4369040"," -1,1061870",35
202000040722,20,9,25,15:00,1,1,1,1,6,95256,M,"49,0563270","2,2047330",95
202000040723,20,2,8,15:40,1,1,2,1,1,29115,M,"48,2940870"," -3,9122270",29
202000040724,20,12,5,10:47,1,2,3,1,6,45285,M,"47,9115380","1,8777950",45
202000040725,20,9,25,13:10,1,1,1,3,6,95018,M,"48,9595700","2,2722200",95
202000040726,20,9,25,08:30,2,1,1,2,7,95572,M,"49,0324000","2,1102000",95
202000040727,20,12,5,20:44,5,2,2,1,3,45208,M,"48,0036300","2,7419900",45
202000040728,20,2,8,12:05,1,1,1,1,6,90045,M,"47,5088850","6,9602570",90
202000040729,20,12,5,15:38,1,2,1,2,2,37233,M,"47,3790220","0,7136818",37
202000040730,20,9,24,21:50,3,1,1,2,2,95582,M,"48,9685345","2,2512837",95
202000040731,20,12,5,15:30,1,1,6,2,1,35278,M,"48,1429370"," -1,6630580",35
202000040732,20,9,25,10:45,1,1,1,1,-1,77169,M,"48,8249370","2,6157440",77
202000040733,20,1,22,12:20,1,1,1,2,3,07213,M,"44,5084420","4,1382840",07
202000040734,20,7,20,21:30,3,1,1,1,6,97416,R," -21,3126250","55,4369900",974
202000040735,20,12,5,20:19,5,2,2,2,2,33063,M,"44,8740400"," -0,5760400",33
202000040736,20,2,8,10:15,1,1,1,2,6,28378,M,"48,2819580","0,8493160",28
202000040737,20,3,10,13:00,1,2,1,1,6,62427,M,"50,4181640","2,9661580",62
202000040738,20,12,5,12:30,1,2,9,2,3,33200,M,"44,8668800"," -0,6684500",33
202000040739,20,2,6,17:10,1,1,2,1,3,17140,M,"45,8920690"," -1,2738830",17
202000040740,20,9,24,17:20,1,2,1,1,6,97611,Y," -12,7844210","45,2268080",976
202000040741,20,2,7,19:10,3,1,9,1,1,87112,M,"45,6833300","1,0065470",87
202000040742,20,9,24,16:40,1,2,9,1,2,97416,R," -21,3179200","55,4904100",974
202000040743,20,2,8,16:15,1,2,7,1,6,48080,M,"44,7260830","3,8570060",48
202000040744,20,11,30,12:30,1,2,5,1,3,29019,M,"48,4161100"," -4,4680600",29
202000040745,20,9,24,07:30,1,2,1,1,3,97411,R," -20,9034500","55,4879200",974
202000040746,20,2,7,11:00,1,2,1,1,2,98734,P," -17,7233790"," -149,5057300",987
202000040747,20,9,24,22:00,5,2,2,1,6,69383,M,"45,7493441","4,8840069",69
202000040748,20,9,24,20:45,5,2,2,1,3,69383,M,"45,7512700","4,8938900",69
202000040749,20,9,24,13:20,1,2,9,1,3,97209,A,"14,6125000"," -61,0407600",972
202000040750,20,12,5,14:40,1,2,3,2,3,27681,M,"49,0866300","1,4883000",27
202000040751,20,9,22,16:30,1,2,2,1,3,97209,A,"14,6135900"," -61,0467900",972
202000040752,20,9,23,23:45,5,2,9,1,5,69384,M,"45,7758664","4,8103566",69
202000040753,20,11,5,16:25,1,1,1,1,6,22113,M,"48,7646600"," -3,4788500",22
202000040754,20,9,23,20:35,5,2,8,1,3,2A004,M,"41,9258852","8,7382346",2A
202000040755,20,9,17,20:25,1,2,1,1,1,95585,M,"48,9865900","2,3720200",95
202000040756,20,12,5,16:30,1,2,1,1,4,13117,M,"43,4331160","5,2570430",13
202000040757,20,9,24,14:00,1,2,1,8,3,91549,M,"48,6439780","2,3344050",91
202000040758,20,12,5,14:50,1,2,1,8,1,13002,M,"43,3679179","5,5254487",13
202000040759,20,9,23,17:09,1,2,4,2,7,91645,M,"48,7388600","2,2438500",91
202000040760,20,12,5,15:30,1,2,1,1,3,13209,M,"43,2737200","5,4138800",13
202000040761,20,9,19,11:25,1,2,1,1,3,89387,M,"48,1978300","3,2652400",89
202000040762,20,12,5,13:15,1,2,1,1,5,13203,M,"43,3186600","5,3793900",13
202000040763,20,9,22,09:19,1,2,2,1,3,87085,M,"45,8326400","1,2518700",87
202000040764,20,12,5,14:30,1,2,1,8,1,13005,M,"43,3047500","5,6024300",13
202000040765,20,9,23,07:40,2,1,6,1,3,86066,M,"46,7858950","0,5468570",86
202000040766,20,11,18,11:15,1,2,4,1,3,13004,M,"43,6745000","4,6385300",13
202000040767,20,9,23,14:40,1,2,1,1,-1,84007,M,"43,9293700","4,8169300",84
202000040768,20,9,25,00:25,5,2,1,2,6,82033,M,"44,0503900","1,1018400",82
202000040769,20,12,4,16:00,1,2,1,1,4,09225,M,"43,1007989","1,6231955",09
202000040770,20,9,24,16:25,1,2,1,2,6,78029,M,"48,9718200","1,8485900",78
202000040771,20,9,24,17:00,1,2,3,2,2,77258,M,"48,8388700","2,6262500",77
202000040772,20,12,4,15:20,1,1,2,1,5,01289,M,"46,1648600","5,2207500",01
202000040773,20,9,24,15:59,1,2,1,2,1,77083,M,"48,8541700","2,5774000",77
202000040774,20,12,5,16:20,2,2,4,1,7,75116,M,"48,8767790","2,2788310",75
202000040775,20,9,24,15:35,1,1,1,2,1,77506,M,"48,3137500","2,8020100",77
202000040776,20,12,4,18:20,5,2,1,2,3,75118,M,"48,9009310","2,3452970",75
202000040777,20,9,23,07:15,1,2,1,1,2,76540,M,"49,4306700","1,1020600",76
202000040778,20,12,5,10:50,1,2,1,8,3,75120,M,"48,8522120","2,4033930",75
202000040779,20,9,23,15:52,1,2,1,1,6,76351,M,"49,4981000","0,1612000",76
202000040780,20,9,23,18:15,1,2,1,1,-1,74281,M,"46,3545624","6,4456523",74
202000040781,20,9,23,07:45,2,2,1,2,3,74012,M,"46,1840400","6,2298400",74
202000040782,20,9,23,18:05,1,2,1,2,3,72181,M,"48,0020100","0,2089600",72
202000040783,20,9,22,12:15,1,2,1,1,6,69275,M,"45,7677000","4,9556400",69
202000040784,20,12,5,14:55,1,2,3,1,3,75115,M,"48,8477900","2,3024940",75
202000040785,20,9,24,07:30,1,2,1,8,3,69266,M,"45,7773600","4,8670500",69
202000040786,20,9,23,16:15,1,2,1,1,6,69275,M,"45,7639800","4,9561800",69
202000040787,20,9,23,15:28,1,2,1,1,6,66136,M,"42,6977100","2,8780200",66
202000040788,20,8,23,07:25,2,2,1,1,6,62250,M,"50,4456480","2,9200240",62
202000040789,20,8,17,12:20,1,2,1,1,3,62628,M,"50,4326400","2,8655600",62
202000040790,20,9,18,13:15,1,2,4,1,6,62643,M,"50,7066930","1,5799120",62
202000040791,20,9,23,10:10,1,1,1,8,6,56185,M,"47,7709800"," -3,3781600",56
202000040792,20,9,23,08:00,2,2,3,2,2,56121,M,"47,7514100"," -3,3928900",56
202000040793,20,9,23,08:50,1,2,4,1,6,54395,M,"48,6910312","6,1751774",54
202000040794,20,9,22,04:05,5,2,3,1,6,50129,M,"49,6409500"," -1,6230700",50
202000040795,20,9,23,12:15,1,2,2,1,3,49007,M,"47,4783300"," -0,5469700",49
202000040796,20,9,21,16:45,1,2,1,1,2,45004,M,"47,9734400","2,7683900",45
202000040797,20,9,23,18:30,1,1,1,1,-1,44114,M,"47,2672100"," -1,6220700",44
202000040798,20,9,18,15:45,1,2,1,1,6,44109,M,"47,2127200"," -1,5810400",44
202000040799,20,9,18,12:57,1,2,2,1,3,37261,M,"47,3975083","0,6994517",37
202000040800,20,12,4,13:00,1,2,2,1,6,75115,M,"48,8459480","2,2987030",75
202000040801,20,9,24,17:20,1,2,1,1,6,35238,M,"48,0854710"," -1,6822940",35
202000040802,20,9,24,14:30,1,1,9,2,4,35238,M,"48,1110000"," -1,7181000",35
202000040803,20,9,24,17:36,1,2,1,3,3,33063,M,"44,8395793"," -0,5585347",33
202000040804,20,9,24,17:00,1,2,1,1,6,33063,M,"44,8544800"," -0,5438900",33
202000040805,20,9,24,09:00,1,2,6,2,7,33318,M,"44,7861500"," -0,6813300",33
202000040806,20,9,22,13:35,1,2,1,1,6,31555,M,"43,6014800","1,4825800",31
202000040807,20,9,24,23:05,5,2,1,2,-1,30189,M,"43,8258800","4,3555900",30
202000040808,20,9,24,21:20,5,2,1,3,6,29232,M,"47,9881200"," -4,1055300",29
202000040809,20,12,5,18:35,5,2,3,2,6,75113,M,"48,8259550","2,3527720",75
202000040810,20,9,24,07:20,5,2,3,2,1,29019,M,"48,4144412"," -4,4868042",29
202000040811,20,12,5,16:45,5,2,1,2,6,75113,M,"48,8342640","2,3588570",75
202000040812,20,9,24,08:00,2,2,6,3,-1,22278,M,"48,5108770"," -2,7591890",22
202000040813,20,12,3,22:35,5,2,3,2,6,75112,M,"48,8496790","2,3873520",75
202000040814,20,12,5,17:00,5,2,1,2,6,75103,M,"48,8591290","2,3594370",75
202000040815,20,9,19,15:30,1,2,3,1,3,22106,M,"48,5003800"," -2,7359800",22
202000040816,20,12,5,09:20,2,2,2,1,-1,75103,M,"48,8659740","2,3537790",75
202000040817,20,9,24,17:20,1,2,1,3,6,17300,M,"46,1641200"," -1,1750600",17
202000040818,20,11,7,15:20,1,2,1,1,3,94081,M,"48,7927700","2,3906400",94
202000040819,20,12,5,13:00,1,2,1,1,6,94073,M,"48,7593049","2,3710643",94
202000040820,20,9,23,16:23,1,2,1,1,1,16015,M,"45,6412900","0,1316900",16
202000040821,20,12,5,14:50,1,2,3,1,6,94002,M,"48,8147000","2,4166700",94
202000040822,20,9,22,12:40,1,1,3,1,3,14366,M,"49,1300680","0,2251210",14
202000040823,20,12,4,19:15,5,2,2,2,3,94002,M,"48,7981900","2,4204200",94
202000040824,20,9,24,17:05,1,2,6,2,3,13117,M,"43,4311253","5,2655217",13
202000040825,20,9,19,04:40,5,2,1,1,3,13209,M,"43,2682120","5,4003360",13
202000040826,20,12,4,23:15,5,2,2,2,3,93066,M,"48,9065415","2,3587832",93
202000040827,20,12,5,19:05,5,2,1,2,6,93031,M,"48,9530300","2,3367700",93
202000040828,20,9,24,18:15,1,2,3,8,3,13214,M,"43,3436200","5,3853470",13
202000040829,20,12,5,17:40,5,2,1,3,3,92073,M,"48,8779258","2,2340123",92
202000040830,20,9,24,15:50,1,2,2,8,3,13208,M,"43,2761821","5,3948826",13
202000040831,20,12,5,11:25,1,2,1,8,6,92035,M,"48,9033333","2,2443491",92
202000040832,20,9,24,14:03,1,2,1,1,6,13202,M,"43,3038352","5,3736823",13
202000040833,20,9,24,13:15,1,2,1,1,3,13212,M,"43,3078000","5,4290000",13
202000040834,20,12,5,11:35,1,2,9,1,3,92060,M,"48,7748900","2,2547600",92
202000040835,20,9,24,06:45,5,2,1,1,6,13213,M,"43,3392550","5,4391550",13
202000040836,20,12,4,22:50,5,2,2,1,1,92012,M,"48,8255200","2,2419300",92
202000040837,20,9,24,06:20,2,2,1,1,6,13075,M,"43,3621400","5,4639600",13
202000040838,20,9,23,20:45,5,2,1,1,3,13205,M,"43,2936000","5,4070000",13
202000040839,20,9,23,14:15,1,1,1,1,5,13047,M,"43,5919550","4,9403300",13
202000040840,20,9,23,11:45,1,2,1,1,6,13047,M,"43,5147530","4,9890590",13
202000040841,20,12,5,17:20,3,1,1,3,1,2A071,M,"41,7397610","8,9279040",2A
202000040842,20,9,23,14:20,1,1,3,1,3,13005,M,"43,3056200","5,5921700",13
202000040843,20,12,5,14:50,1,1,1,2,3,83057,M,"43,4064190","6,1891650",83
202000040844,20,12,6,16:45,1,2,1,1,1,97412,R," -21,3112600","55,6399990",974
202000040845,20,12,4,17:35,3,1,1,1,7,51093,M,"48,9901940","3,8876690",51
202000040846,20,12,6,04:15,3,1,1,2,6,60102,M,"49,3114687","2,5498990",60
202000040847,20,9,20,03:35,3,1,1,3,6,12174,M,"44,3341570","2,5548970",12
202000040848,20,12,6,04:22,3,1,1,1,6,80637,M,"50,1400280","1,7639600",80
202000040849,20,11,23,19:00,5,2,3,1,6,80282,M,"50,0529020","1,8766180",80
202000040850,20,9,24,12:33,1,2,1,1,2,06088,M,"43,7137410","7,1871800",06
202000040851,20,9,25,00:05,3,2,1,1,7,06069,M,"43,6509920","6,9088990",06
202000040852,20,12,2,14:30,1,1,2,1,1,89378,M,"47,5078530","3,9348860",89
202000040853,20,12,5,18:00,3,1,1,1,7,42136,M,"45,6968280","3,9786820",42
202000040854,20,9,24,19:05,2,2,1,2,6,01344,M,"46,2003300","5,1950300",01
202000040855,20,12,6,06:15,3,1,9,1,6,34332,M,"43,3103820","3,4022850",34
202000040856,20,9,23,17:55,1,2,1,1,3,75118,M,"48,9008990","2,3616080",75
202000040857,20,9,23,18:04,1,2,1,8,2,75119,M,"48,8828090","2,4008190",75
202000040858,20,12,6,06:40,5,1,1,1,6,44005,M,"47,1155840"," -1,9509420",44
202000040859,20,9,24,19:01,5,2,1,3,2,75112,M,"48,8359170","2,4122570",75
202000040860,20,12,5,08:50,1,1,1,2,6,84052,M,"43,7689710","5,6046370",84
202000040861,20,9,24,18:35,1,2,1,2,6,75119,M,"48,8925770","2,3727960",75
202000040862,20,12,5,13:40,1,2,1,1,7,90097,M,"47,5724760","6,8607960",90
202000040863,20,9,24,15:00,1,2,4,2,3,75119,M,"48,8759890","2,3813130",75
202000040864,20,9,23,23:50,5,2,3,2,6,75118,M,"48,8920410","2,3469640",75
202000040865,20,9,24,19:05,2,2,2,2,7,75117,M,"48,8897130","2,3217140",75
202000040866,20,9,24,08:45,1,2,5,1,3,75117,M,"48,8830650","2,3083480",75
202000040867,20,12,5,02:30,3,1,1,1,7,53165,M,"47,8445610"," -1,0114770",53
202000040868,20,1,9,17:55,5,2,1,1,6,2B042,M,"42,5507960","9,4422360",2B
202000040869,20,9,24,02:10,5,2,7,1,2,75116,M,"48,8781960","2,2811480",75
202000040870,20,12,6,16:30,1,1,1,1,6,04004,M,"43,8075340","6,0108090",04
202000040871,20,1,9,13:50,1,1,9,1,3,84078,M,"44,2423940","4,7346160",84
202000040872,20,1,8,17:30,3,2,1,1,3,06157,M,"43,7253070","7,0943040",06
202000040873,20,9,24,09:25,1,2,3,1,6,75115,M,"48,8444410","2,2846710",75
202000040874,20,12,6,04:00,3,1,1,8,6,85095,M,"46,8562440"," -1,7625550",85
202000040875,20,1,8,18:02,3,2,1,1,6,04245,M,"43,8753039","5,8435267",04
202000040876,20,9,22,22:35,5,2,7,1,-1,75115,M,"48,8491640","2,2817880",75
202000040877,20,9,24,19:15,1,1,1,1,3,35210,M,"48,1632520"," -1,7706440",35
202000040878,20,12,5,17:35,3,1,1,1,6,68278,M,"47,7281820","7,3806240",68
202000040879,20,1,5,14:45,1,1,1,1,7,13022,M,"43,2244660","5,5516860",13
202000040880,20,9,24,19:50,3,2,1,2,4,75114,M,"48,8209270","2,3218280",75
202000040881,20,12,6,18:40,3,1,1,1,2,13018,M,"43,8714160","4,9568940",13
202000040882,20,1,8,12:20,1,1,2,2,2,71024,M,"46,2956083","4,0402719",71
202000040883,20,9,24,19:05,2,2,5,2,6,75113,M,"48,8365690","2,3592960",75
202000040884,20,12,5,12:50,1,1,1,1,1,97117,A,"16,3022398"," -61,3286448",971
202000040885,20,1,8,09:52,1,1,1,7,1,74018,M,"46,0959940","6,3417830",74
202000040886,20,9,24,16:30,1,2,1,1,6,75112,M,"48,8493270","2,3806500",75
202000040887,20,12,6,15:45,1,2,1,1,6,97131,A,"15,8727892"," -61,5818593",971
202000040888,20,1,7,11:35,1,2,6,8,3,85222,M,"46,6923590"," -1,9259220",85
202000040889,20,9,24,19:20,5,2,1,2,3,75111,M,"48,8540870","2,3949800",75
202000040890,20,1,3,18:40,3,2,6,2,6,44215,M,"47,1759530"," -1,5003510",44
202000040891,20,1,8,08:00,5,2,1,2,6,56176,M,"47,6817480"," -2,9617030",56
202000040892,20,12,6,13:20,1,1,1,1,1,95254,M,"49,1251180","1,9821740",95
202000040893,20,9,24,19:50,5,2,2,3,6,75111,M,"48,8637670","2,3701110",75
202000040894,20,1,9,08:50,1,1,1,8,1,22198,M,"48,7799176"," -3,4883020",22
202000040895,20,1,9,19:00,3,1,2,3,5,35012,M,"47,8458470"," -1,6635850",35
202000040896,20,12,4,11:50,1,1,1,2,2,66065,M,"42,6161440","2,9789660",66
202000040897,20,1,9,14:30,1,1,2,2,3,76578,M,"49,6524000","1,4276470",76
202000040898,20,9,24,00:40,5,2,2,8,3,75111,M,"48,8525000","2,3832000",75
202000040899,20,9,24,14:30,1,2,4,2,3,75118,M,"48,8893250","2,3446830",75
202000040900,20,1,2,11:35,1,2,2,1,3,62444,M,"50,8910350","1,7358720",62
202000040901,20,12,4,18:50,3,1,1,2,1,30258,M,"43,6696880","4,3847040",30
202000040902,20,12,6,12:10,1,1,1,1,6,13109,M,"43,5099410","5,5033826",13
202000040903,20,11,30,07:55,2,2,1,1,6,57061,M,"49,1378240","6,8286090",57
202000040904,20,1,8,08:25,1,1,1,8,3,91161,M,"48,7010819","2,3096852",91
202000040905,20,9,24,08:35,1,2,2,1,6,75110,M,"48,8710190","2,3552190",75
202000040906,20,7,28,07:00,1,2,1,1,3,75117,M,"48,9004880","2,3220650",75
202000040907,20,9,24,08:30,1,2,2,1,3,75108,M,"48,8743980","2,3010700",75
202000040908,20,1,8,08:35,1,1,1,1,4,78007,M,"48,8953100","2,0071300",78
202000040909,20,12,5,15:35,1,1,1,1,7,13216,M,"43,3510396","5,3477453",13
202000040910,20,7,27,23:07,5,2,1,1,2,75119,M,"48,8854130","2,3705650",75
202000040911,20,9,22,11:50,1,2,2,1,3,75108,M,"48,8741970","2,3175090",75
202000040912,20,12,4,22:20,3,1,1,2,4,13005,M,"43,2875150","5,5425170",13
202000040913,20,7,28,19:07,1,2,4,1,6,75118,M,"48,8834210","2,3343050",75
202000040914,20,9,24,02:30,5,2,3,8,7,75102,M,"48,8699910","2,3305230",75
202000040915,20,12,4,14:00,1,1,1,1,4,13015,M,"43,4610000","5,4050000",13
202000040916,20,1,7,18:00,3,1,1,1,4,78073,M,"48,8024700","2,0474000",78
202000040917,20,9,24,06:20,2,2,2,1,6,75102,M,"48,8678800","2,3473710",75
202000040918,20,1,7,20:00,3,1,1,1,6,95018,M,"48,9629500","2,2682900",95
202000040919,20,1,7,16:00,1,1,1,1,7,92078,M,"48,9304400","2,3244000",92
202000040920,20,9,24,20:45,5,2,3,2,3,94044,M,"48,7497100","2,4810100",94
202000040921,20,7,28,06:32,2,2,2,1,3,75118,M,"48,8884750","2,3535670",75
202000040922,20,7,28,09:10,1,2,2,1,6,75117,M,"48,8915590","2,3184760",75
202000040923,20,7,28,09:00,1,2,7,1,3,75117,M,"48,8853080","2,2969110",75
202000040924,20,9,24,14:30,1,2,4,3,3,94068,M,"48,8041130","2,4717300",94
202000040925,20,12,1,17:59,3,1,1,1,4,13210,M,"43,2826240","5,3954200",13
202000040926,20,1,7,05:50,3,1,1,1,5,92036,M,"48,9458800","2,2832100",92
202000040927,20,7,28,20:00,1,2,5,8,3,75116,M,"48,8581550","2,2726240",75
202000040928,20,12,5,18:55,3,1,1,2,3,33013,M,"44,8543500"," -0,5054000",33
202000040929,20,9,24,20:10,5,2,3,2,1,94041,M,"48,8024300","2,3973500",94
202000040930,20,7,28,21:15,5,2,7,1,3,75115,M,"48,8506640","2,2956280",75
202000040931,20,9,24,17:30,1,2,1,8,6,94041,M,"48,8030500","2,3780100",94
202000040932,20,7,28,17:20,1,2,4,1,2,75115,M,"48,8380710","2,2945930",75
202000040933,20,9,24,11:05,1,2,1,1,3,94041,M,"48,8131800","2,3855200",94
202000040934,20,1,7,01:30,3,1,1,1,6,92036,M,"48,9325900","2,3219700",92
202000040935,20,7,23,21:00,2,2,1,1,3,75114,M,"48,8344840","2,3340200",75
202000040936,20,12,5,17:30,3,1,1,2,4,91340,M,"48,6020800","2,4380900",91
202000040937,20,1,8,20:00,5,1,1,1,3,94017,M,"48,8271602","2,5103399",94
202000040938,20,7,28,18:55,1,2,3,1,2,75113,M,"48,8260650","2,3552040",75
202000040939,20,12,5,00:20,3,1,1,2,6,92036,M,"48,9357475","2,2624784",92
202000040940,20,8,25,00:00,5,2,2,2,2,94046,M,"48,8058200","2,4409870",94
202000040941,20,7,28,18:40,1,2,4,1,-1,75110,M,"48,8731820","2,3588430",75
202000040942,20,9,22,23:10,5,2,9,1,3,94041,M,"48,8090000","2,3730000",94
202000040943,20,1,6,14:40,1,2,1,1,2,92023,M,"48,8107930","2,2583440",92
202000040944,20,12,4,19:10,3,1,1,2,4,78073,M,"48,7969350","2,0218970",78
202000040945,20,7,28,03:40,5,2,7,1,3,75108,M,"48,8645250","2,3013270",75
202000040946,20,1,6,19:40,3,2,1,1,6,97302,G,"4,9320804"," -52,3077536",973
202000040947,20,12,5,01:30,3,1,1,1,6,93064,M,"48,8989100","2,4692600",93
202000040948,20,7,28,10:25,1,2,2,1,6,75116,M,"48,8583230","2,2749380",75
202000040949,20,1,6,16:30,1,2,1,1,1,97302,G,"4,9343893"," -52,3114443",973
202000040950,20,12,4,23:15,3,1,1,1,6,95582,M,"48,9639519","2,2631139",95
202000040951,20,9,20,00:30,3,1,1,8,2,94073,M,"48,7730954","2,4014654",94
202000040952,20,7,27,22:59,5,2,2,1,-1,75108,M,"48,8750330","2,3091910",75
202000040953,20,1,7,07:40,1,1,3,1,3,97302,G,"4,9114501"," -52,3214436",973
202000040954,20,9,22,08:20,1,2,9,1,3,94033,M,"48,8581163","2,4918070",94
202000040955,20,7,28,08:55,1,2,7,1,6,75107,M,"48,8627930","2,3116600",75
202000040956,20,12,4,20:15,3,1,1,2,4,60138,M,"49,2151400","2,6263600",60
202000040957,20,9,24,09:00,1,2,1,1,3,94017,M,"48,8271900","2,5144700",94
202000040958,20,7,28,09:00,1,2,7,1,3,75104,M,"48,8571810","2,3473310",75
202000040959,20,1,7,20:15,5,2,3,1,6,69259,M,"45,7061800","4,8779200",69
202000040960,20,9,24,10:20,1,2,9,1,3,94004,M,"48,7498120","2,5080860",94
202000040961,20,12,5,02:35,3,1,1,2,6,94017,M,"48,8269200","2,5235300",94
202000040962,20,7,27,18:00,1,2,1,1,-1,94068,M,"48,7968400","2,5056100",94
202000040963,20,7,25,23:40,5,2,1,2,7,94052,M,"48,8364200","2,4781600",94
202000040964,20,10,3,18:15,1,2,1,1,6,97416,R," -21,3437900","55,4775100",974
202000040965,20,1,6,16:35,1,1,3,1,6,2B033,M,"42,6938900","9,4396300",2B
202000040966,20,9,23,14:10,1,2,2,8,3,94071,M,"48,7657000","2,5336000",94
202000040967,20,7,28,16:30,1,2,1,1,3,94046,M,"48,7881800","2,4351200",94
202000040968,20,8,12,10:04,1,1,1,1,6,87085,M,"45,9087500","1,2923100",87
202000040969,20,9,24,20:15,5,2,1,2,3,93048,M,"48,8620446","2,4436183",93
202000040970,20,7,28,14:15,1,2,9,1,6,94041,M,"48,8122400","2,4046900",94
202000040971,20,1,7,12:55,1,2,3,8,3,2A004,M,"41,9257673","8,7344008",2A
202000040972,20,7,28,10:45,1,2,1,1,1,94021,M,"48,7697700","2,3369510",94
202000040973,20,8,25,16:15,1,2,1,1,6,83144,M,"43,1370100","6,0002500",83
202000040974,20,9,24,15:00,1,2,2,2,3,93046,M,"48,9104472","2,5245470",93
202000040975,20,7,28,22:30,5,2,9,1,6,94028,M,"48,7934000","2,4611000",94
202000040976,20,9,30,10:07,1,2,1,1,6,68256,M,"47,7745100","7,2946400",68
202000040977,20,9,24,17:45,2,2,8,2,-1,93079,M,"48,9547623","2,3438819",93
202000040978,20,7,27,17:45,1,2,1,1,6,94028,M,"48,7903200","2,4633700",94
202000040979,20,7,28,08:19,1,2,9,1,7,94022,M,"48,7714200","2,4010480",94
202000040980,20,1,7,16:00,1,2,1,1,-1,91421,M,"48,7002800","2,4675800",91
202000040981,20,9,29,09:00,1,2,1,5,6,44162,M,"47,2237200"," -1,6390100",44
202000040982,20,9,24,07:10,2,2,3,1,6,93031,M,"48,9582882","2,3255578",93
202000040983,20,1,6,14:50,1,2,4,1,3,91021,M,"48,5845200","2,2443000",91
202000040984,20,7,28,18:10,1,2,3,1,3,94071,M,"48,7738160","2,5172720",94
202000040985,20,9,28,10:45,1,2,1,1,4,44162,M,"47,2180000"," -1,6152300",44
202000040986,20,7,27,08:50,1,2,1,1,6,93066,M,"48,9386573","2,3587509",93
202000040987,20,1,7,14:00,1,2,1,1,6,83069,M,"43,1180000","6,1270000",83
202000040988,20,9,24,07:20,1,2,2,1,3,93030,M,"48,9564100","2,4160400",93
202000040989,20,7,28,19:40,1,2,1,7,6,93064,M,"48,8784940","2,4730082",93
202000040990,20,2,26,09:07,5,2,2,1,7,92044,M,"48,8959660","2,2772220",92
202000040991,20,1,6,17:30,3,1,1,1,1,83069,M,"43,2054400","6,1362300",83
202000040992,20,7,28,13:30,1,2,1,1,2,93074,M,"48,9330600","2,5670700",93
202000040993,20,9,24,17:15,1,2,2,8,3,93057,M,"48,9091815","2,5033215",93
202000040994,20,7,28,12:20,1,2,1,1,3,93063,M,"48,8935000","2,4367600",93
202000040995,20,1,7,18:45,5,2,2,1,6,77284,M,"48,9562387","2,8821228",77
202000040996,20,12,5,02:55,3,2,1,1,6,98818,C," -22,2324000","166,4617600",988
202000040997,20,7,27,18:10,1,2,1,1,6,93006,M,"48,8700000","2,4269000",93
202000040998,20,12,3,17:25,1,2,1,1,5,98818,C," -22,2333000","166,4577000",988
202000040999,20,7,28,00:50,5,2,9,1,4,93014,M,"48,9048800","2,5462500",93
202000041000,20,9,24,09:00,1,2,1,1,4,93010,M,"48,9063808","2,4827960",93
202000041001,20,1,6,07:13,5,2,3,1,3,74012,M,"46,1852600","6,2259100",74
202000041002,20,12,5,01:15,5,2,9,1,6,97416,R," -21,3312730","55,4767620",974
202000041003,20,7,28,08:15,1,2,1,1,6,93001,M,"48,9146000","2,3842400",93