Num_Acc,an,mois,jour,hrmn,lum,agg,int,atm,col,com,gps,lat,long,dep
202000041004,20,9,24,15:50,1,2,1,2,2,93001,M,"48,9146136","2,3842933",93
202000041005,20,1,6,09:25,1,2,1,1,6,71499,M,"46,6486952","4,3000788",71
202000041006,20,12,4,06:05,1,2,1,1,1,97416,R," -21,3173600","55,4431000",974
202000041007,20,7,28,17:01,1,2,1,1,3,92072,M,"48,8232200","2,2098000",92
202000041008,20,1,6,15:00,1,2,1,1,7,71306,M,"46,6904526","4,3692202",71
202000041009,20,7,28,11:30,1,2,1,1,7,92044,M,"48,8970392","2,2860414",92
202000041010,20,12,4,10:25,1,2,3,1,3,97407,R," -20,9568900","55,3139000",974
202000041011,20,9,24,17:20,1,2,2,8,3,92075,M,"48,8198315","2,3107807",92
202000041012,20,12,4,12:30,1,2,1,1,2,97302,G,"4,9318400"," -52,3265300",973
202000041013,20,1,6,17:20,2,2,3,1,3,71153,M,"46,8035344","4,4523673",71
202000041014,20,9,24,20:30,5,2,2,2,3,92076,M,"48,8447398","2,1731263",92
202000041015,20,7,28,12:45,1,2,1,1,3,92036,M,"48,9221960","2,3200960",92
202000041016,20,12,4,08:20,1,2,1,8,7,69383,M,"45,7633541","4,8450083",69
202000041017,20,7,26,02:16,5,2,1,1,3,92024,M,"48,9120745","2,3116614",92
202000041018,20,9,24,20:05,5,2,1,2,7,92064,M,"48,8527700","2,2161400",92
202000041019,20,1,7,15:45,1,2,9,7,6,69029,M,"45,7303483","4,8913554",69
202000041020,20,12,4,07:30,2,2,2,2,3,69383,M,"45,7510054","4,8891330",69
202000041021,20,1,6,11:30,1,1,6,1,3,69290,M,"45,7182700","4,9548400",69
202000041022,20,9,24,12:35,1,2,1,2,6,92064,M,"48,8479460","2,2053620",92
202000041023,20,7,28,16:10,1,1,1,1,7,60609,M,"49,4585710","1,9572830",60
202000041024,20,1,4,11:57,2,1,1,1,-1,66136,M,"42,6705450","2,8591060",66
202000041025,20,12,4,15:09,1,1,1,1,7,97213,A,"14,6175000"," -60,9952200",972
202000041026,20,9,24,18:50,5,2,2,3,3,75116,M,"48,8761650","2,2462800",75
202000041027,20,7,28,19:00,1,1,9,1,2,86190,M,"46,3737530","0,7596870",86
202000041028,20,12,3,19:10,3,1,1,1,3,97213,A,"14,6226400"," -61,0188700",972
202000041029,20,1,4,19:36,1,2,1,1,3,66136,M,"42,6877600","2,8826000",66
202000041030,20,9,23,07:30,2,2,8,1,7,92036,M,"48,9430617","2,2939780",92
202000041031,20,7,28,14:12,1,1,3,1,3,86092,M,"46,9282860","0,5910730",86
202000041032,20,1,5,07:58,2,2,1,1,7,66136,M,"42,6799100","2,8978000",66
202000041033,20,1,7,10:50,1,2,3,1,3,64445,M,"43,3073500"," -0,3552500",64
202000041034,20,1,6,08:52,1,2,1,5,6,64024,M,"43,4971600"," -1,5099600",64
202000041035,20,9,23,20:30,5,2,3,1,6,92036,M,"48,9337691","2,3133904",92
202000041036,20,12,4,18:40,5,2,1,2,7,69081,M,"45,7733000","4,7737700",69
202000041037,20,7,28,20:30,1,1,1,1,7,52235,M,"48,6504900","4,8485330",52
202000041038,20,9,24,20:35,3,2,1,2,3,92026,M,"48,9026581","2,2547550",92
202000041039,20,12,4,18:40,5,2,1,8,6,69152,M,"45,7013500","4,8222300",69
202000041040,20,9,24,21:00,5,2,1,2,6,92012,M,"48,8308492","2,2352132",92
202000041041,20,12,3,19:20,5,2,1,1,6,69389,M,"45,7785200","4,8025300",69
202000041042,20,7,27,22:24,3,1,1,1,6,57065,M,"48,9393930","6,7091280",57
202000041043,20,9,24,14:15,1,2,1,8,2,92012,M,"48,8327990","2,2410980",92
202000041044,20,12,4,11:55,1,2,1,3,6,69034,M,"45,7829600","4,8296900",69
202000041045,20,9,24,17:10,1,2,1,8,2,92002,M,"48,7633641","2,3107589",92
202000041046,20,1,6,17:55,5,2,2,5,6,57463,M,"49,1224645","6,1829649",57
202000041047,20,1,6,16:45,3,2,1,1,3,54482,M,"48,7007985","6,2086762",54
202000041048,20,9,25,07:08,3,1,1,2,1,14251,M,"48,9729430"," -0,4438090",14
202000041049,20,7,29,00:02,3,1,3,1,3,57625,M,"48,7922770","6,4875130",57
202000041050,20,12,3,16:15,1,2,1,1,6,97113,A,"16,2179324"," -61,4876133",971
202000041051,20,1,6,16:35,1,2,1,1,6,54395,M,"48,6878000","6,1706000",54
202000041052,20,7,29,10:41,1,1,1,1,7,41296,M,"47,6445750","1,9434500",41
202000041053,20,1,6,12:08,1,2,2,1,6,54547,M,"48,6533603","6,1354879",54
202000041054,20,7,28,14:05,1,1,1,1,6,28253,M,"48,3521000","1,4407320",28
202000041055,20,1,6,15:05,1,2,1,1,6,54493,M,"49,5342000","5,8236000",54
202000041056,20,7,29,15:10,1,1,1,1,7,50607,M,"48,7864530"," -1,2653370",50
202000041057,20,9,24,11:30,1,1,1,2,1,86111,M,"46,8645050","0,5573950",86
202000041058,20,1,7,17:30,5,2,2,1,7,51454,M,"49,2566033","4,0330786",51
202000041059,20,8,29,15:25,1,1,1,2,3,95445,M,"49,0940347","2,2730792",95
202000041060,20,9,24,11:50,1,1,1,1,6,10003,M,"48,2608020","3,7391920",10
202000041061,20,1,6,15:13,1,2,1,1,3,49007,M,"47,4783100"," -0,5470200",49
202000041062,20,9,24,21:20,3,1,1,3,6,01288,M,"46,1774090","5,9228540",01
202000041063,20,9,24,04:30,3,1,1,1,7,14650,M,"49,0298000"," -0,7791000",14
202000041064,20,9,22,11:25,1,1,1,1,6,34064,M,"43,8887380","3,2892040",34
202000041065,20,1,6,18:15,5,2,1,1,6,48095,M,"44,5203989","3,5036773",48
202000041066,20,7,29,18:30,1,2,1,1,1,83092,M,"43,3145350","6,2692810",83
202000041067,20,1,7,07:25,5,1,6,1,3,45302,M,"47,9389800","1,8694460",45
202000041068,20,7,23,09:00,1,2,1,1,-1,62452,M,"50,6957240","2,2817000",62
202000041069,20,7,26,16:15,1,1,2,1,3,51549,M,"48,9461175","4,7332044",51
202000041070,20,7,28,14:35,1,2,6,1,3,74256,M,"45,9508440","6,6348300",74
202000041071,20,7,29,17:00,1,2,2,1,3,76159,M,"49,7916510","0,6335810",76
202000041072,20,9,21,14:45,1,1,1,1,1,56133,M,"47,8099550"," -2,3391810",56
202000041073,20,1,7,09:40,1,2,6,2,2,44184,M,"47,2715427"," -2,2497617",44
202000041074,20,7,28,19:25,1,1,1,1,6,32269,M,"43,7951680","0,8269360",32
202000041075,20,1,6,17:27,1,1,1,1,3,44109,M,"47,2217400"," -1,5090100",44
202000041076,20,7,29,11:30,1,1,2,1,3,11440,M,"43,0849140","2,4896480",11
202000041077,20,9,24,17:35,1,2,1,3,3,76397,M,"49,7969120","1,1054530",76
202000041078,20,1,6,11:40,1,1,1,1,2,42183,M,"45,4050115","4,3762949",42
202000041079,20,7,28,20:50,1,1,9,1,1,63448,M,"45,4652966","3,4704484",63
202000041080,20,9,25,11:00,1,1,1,3,1,65231,M,"43,0668580","0,3726770",65
202000041081,20,1,7,22:30,5,2,9,1,3,34172,M,"43,6157500","3,8212500",34
202000041082,20,9,24,18:10,1,1,2,1,4,32462,M,"43,7480800","0,3373250",32
202000041083,20,1,7,17:40,2,2,6,2,3,33063,M,"44,8772300"," -0,5769150",33
202000041084,20,9,24,21:40,3,1,1,2,6,11191,M,"42,9620070","2,5707610",11
202000041085,20,9,23,15:07,1,2,1,1,6,71056,M,"46,6434547","5,1795010",71
202000041086,20,9,25,12:05,1,1,1,1,1,42274,M,"45,9066984","4,0020812",42
202000041087,20,7,24,18:30,1,2,3,1,3,46231,M,"44,5028520","1,1379740",46
202000041088,20,1,7,18:00,5,2,3,1,3,33119,M,"44,8474600"," -0,5077800",33
202000041089,20,1,6,08:12,2,1,1,5,2,31483,M,"43,0973800","0,7109190",31
202000041090,20,7,28,17:15,1,1,3,1,3,47274,M,"44,1493960","0,7565980",47
202000041091,20,7,28,18:50,1,2,1,1,6,44072,M,"47,4196820"," -2,2877530",44
202000041092,20,7,25,19:40,1,1,1,1,6,44199,M,"47,7302890"," -1,2751870",44
202000041093,20,7,29,19:20,2,1,3,1,3,13027,M,"43,8954490","4,8189000",13
202000041094,20,9,17,08:20,1,1,2,1,3,68050,M,"47,6522430","7,0467750",68
202000041095,20,1,7,16:00,1,2,1,2,7,29232,M,"47,9993100"," -4,0916600",29
202000041096,20,7,29,17:44,1,1,1,1,3,13017,M,"43,8956230","4,7104540",13
202000041097,20,1,7,18:29,3,1,1,2,1,29039,M,"47,8833200"," -3,9116400",29
202000041098,20,1,6,12:20,1,2,1,1,6,28085,M,"48,4444700","1,4962900",28
202000041099,20,9,20,02:00,3,1,1,1,6,22344,M,"48,3313800"," -3,4885560",22
202000041100,20,7,27,14:20,1,2,1,1,5,84089,M,"43,6838610","5,4843070",84
202000041101,20,1,6,15:30,1,2,1,1,2,22278,M,"48,5165416"," -2,7878451",22
202000041102,20,9,25,12:20,1,2,1,1,1,25190,M,"47,5060590","6,9142530",25
202000041103,20,7,29,17:50,1,2,1,1,1,03146,M,"46,6758507","3,0521429",03
202000041104,20,7,29,09:00,1,1,2,1,1,15221,M,"44,9057130","2,3267200",15
202000041105,20,7,29,11:00,1,1,1,1,6,66052,M,"42,6135137","2,4110558",66
202000041106,20,7,28,14:15,1,2,3,1,7,14726,M,"48,8530610"," -0,6769790",14
202000041107,20,7,29,19:15,1,1,2,1,3,50049,M,"49,3848520"," -1,6343240",50
202000041108,20,7,29,07:10,1,1,4,7,3,43267,M,"45,1985280","3,9244470",43
202000041109,20,1,6,12:30,1,2,1,1,6,13054,M,"43,4189900","5,2164500",13
202000041110,20,9,25,06:45,5,2,1,8,3,25578,M,"47,1478310","6,3413000",25
202000041111,20,1,6,06:55,1,2,9,1,3,13071,M,"43,3932800","5,3410700",13
202000041112,20,1,7,22:05,5,2,1,1,7,13208,M,"43,2747700","5,3945900",13
202000041113,20,8,15,22:20,3,1,1,1,6,44048,M,"47,3747630"," -1,2403070",44
202000041114,20,7,29,18:40,1,2,2,1,6,10034,M,"48,1148280","4,3769040",10
202000041115,20,1,7,21:10,5,2,1,1,6,13213,M,"43,3256315","5,4515402",13
202000041116,20,8,15,11:38,1,1,1,1,7,31092,M,"42,8991460","0,6309950",31
202000041117,20,7,29,08:30,1,2,3,1,3,21684,M,"47,0256360","4,8845530",21
202000041118,20,1,7,16:20,1,2,1,1,2,13002,M,"43,3527320","5,4821150",13
202000041119,20,9,25,09:20,1,1,1,2,2,38070,M,"45,2805600","5,9208000",38
202000041120,20,1,7,07:30,1,2,1,1,6,13208,M,"43,2756290","5,3842810",13
202000041121,20,7,26,19:50,2,1,1,1,1,24172,M,"44,9450580","1,0538560",24
202000041122,20,1,7,07:45,2,2,1,1,6,13002,M,"43,3520700","5,4792300",13
202000041123,20,7,28,16:00,1,2,1,1,1,27219,M,"49,1786110","0,8664660",27
202000041124,20,8,25,13:20,1,1,1,1,2,13045,M,"43,8842150","4,7917990",13
202000041125,20,9,24,15:15,1,1,1,2,2,70232,M,"47,6543460","5,9960890",70
202000041126,20,7,27,09:35,1,1,2,1,3,28023,M,"48,5221760","1,6473050",28
202000041127,20,9,24,11:05,1,1,1,1,3,26357,M,"44,2959340","4,9431610",26
202000041128,20,7,29,16:00,1,1,1,1,3,30280,M,"43,9390690","3,6804630",30
202000041129,20,7,29,10:50,1,1,3,1,3,30346,M,"43,9600620","4,5184030",30
202000041130,20,9,25,12:50,1,1,4,1,3,72064,M,"47,8599080","0,7451390",72
202000041131,20,7,28,17:20,1,1,1,7,7,88461,M,"48,1806850","5,8501230",88
202000041132,20,9,25,11:50,1,1,1,3,7,60063,M,"49,3747100","2,0499270",60
202000041133,20,7,28,15:30,1,1,1,1,2,45189,M,"48,0442950","2,8916830",45
202000041134,20,1,7,08:20,1,2,1,8,6,06088,M,"43,7110000","7,1937000",06
202000041135,20,7,29,07:09,1,1,1,1,6,65010,M,"43,1997400","0,1534920",65
202000041136,20,7,28,21:35,5,2,3,1,3,97801,,"18,0818900"," -63,0680890",978
202000041137,20,1,6,12:00,1,2,9,1,3,06069,M,"43,6496410","6,9322540",06
202000041138,20,7,27,23:15,3,1,1,1,1,97801,,"18,0835270"," -63,0258880",978
202000041139,20,7,27,03:00,3,1,1,1,6,42282,M,"45,8733680","3,8487340",42
202000041140,20,1,7,11:15,1,2,6,1,1,01283,M,"46,2609822","5,6352967",01
202000041141,20,7,28,15:00,1,1,1,1,6,57419,M,"49,0731000","6,9038000",57
202000041142,20,1,1,03:05,5,2,1,1,4,75118,M,"48,9009540","2,3466667",75
202000041143,20,9,23,09:05,1,1,3,1,1,07050,M,"44,4136200","4,1468560",07
202000041144,20,7,28,10:20,1,1,1,1,-1,69077,M,"46,1444880","4,7688940",69
202000041145,20,1,7,13:50,1,2,1,1,3,75105,M,"48,8406080","2,3622780",75
202000041146,20,9,24,09:15,1,2,1,2,-1,24011,M,"45,2136960","0,8315210",24
202000041147,20,1,7,09:35,1,2,1,1,4,75106,M,"48,8464190","2,3247400",75
202000041148,20,1,7,17:10,2,2,1,1,3,75119,M,"48,8974840","2,3897140",75
202000041149,20,9,24,20:45,3,1,2,1,3,85006,M,"46,7847810"," -1,7330340",85
202000041150,20,1,7,14:00,1,2,1,8,3,75118,M,"48,8849999","2,3299399",75
202000041151,20,7,29,15:25,1,2,1,1,7,60172,M,"49,1433132","2,4681473",60
202000041152,20,1,6,18:35,5,2,1,1,2,75118,M,"48,8991529","2,3524114",75
202000041153,20,9,24,14:20,1,1,1,2,7,17256,M,"45,8556540"," -0,4805870",17
202000041154,20,1,7,19:45,5,2,1,2,6,75117,M,"48,8895275","2,2980818",75
202000041155,20,1,6,15:00,1,2,5,1,6,75116,M,"48,8671804","2,2953782",75
202000041156,20,9,25,01:15,3,1,1,3,6,87149,M,"46,2492430","1,3073750",87
202000041157,20,1,6,16:30,1,2,1,1,7,75115,M,"48,8470985","2,3039933",75
202000041158,20,9,24,22:55,3,1,9,1,6,30046,M,"44,0143300","4,1565710",30
202000041159,20,1,7,17:45,5,2,2,1,6,75113,M,"48,8188898","2,3595410",75
202000041160,20,7,29,10:30,1,2,1,1,3,33199,M,"44,6260900"," -1,1103300",33
202000041161,20,1,7,15:50,1,2,2,1,3,75113,M,"48,8240310","2,3770195",75
202000041162,20,1,7,00:01,5,2,1,2,3,75112,M,"48,8291034","2,3898706",75
202000041163,20,7,28,17:30,1,2,3,1,3,37027,M,"47,3277930","0,9873150",37
202000041164,20,1,7,19:05,5,2,3,2,3,75111,M,"48,8637940","2,3822947",75
202000041165,20,1,7,09:50,1,2,2,1,3,75110,M,"48,8737140","2,3649010",75
202000041166,20,7,28,17:30,1,2,1,1,7,77527,M,"48,6932480","3,0094170",77
202000041167,20,9,17,18:55,1,1,1,1,7,52423,M,"48,2618840","5,3515860",52
202000041168,20,1,7,14:45,1,2,2,1,6,75108,M,"48,8726051","2,3147728",75
202000041169,20,1,7,12:10,1,2,1,1,6,75108,M,"48,8659288","2,2997171",75
202000041170,20,1,7,08:53,1,2,7,1,2,75108,M,"48,8646018","2,3103341",75
202000041171,20,1,7,11:45,1,2,3,1,3,75102,M,"48,8692502","2,3489774",75
202000041172,20,7,28,19:10,1,1,1,1,2,95489,M,"49,0141740","2,3515030",95
202000041173,20,9,25,00:15,3,1,1,3,3,31212,M,"43,7199990","1,5675460",31
202000041174,20,1,7,10:00,1,2,7,1,3,75110,M,"48,8679509","2,3623805",75
202000041175,20,9,25,19:30,2,1,9,3,6,65127,M,"43,1032580","0,3368790",65
202000041176,20,7,29,14:24,1,1,1,1,3,83133,M,"43,5727430","6,8049570",83
202000041177,20,1,6,18:20,5,2,2,1,6,75102,M,"48,8662310","2,3525315",75
202000041178,20,9,24,12:12,1,1,1,2,5,40227,M,"44,2887840"," -0,7685170",40
202000041179,20,1,7,08:35,1,2,2,1,3,75101,M,"48,8577217","2,3477764",75
202000041180,20,9,25,05:00,5,1,1,1,2,77185,M,"48,4258080","2,5402880",77
202000041181,20,7,29,12:00,1,1,1,1,6,04062,M,"44,4714131","6,7637214",04
202000041182,20,1,6,20:20,5,2,2,1,6,75111,M,"48,8659682","2,3708446",75
202000041183,20,7,29,15:00,1,1,1,1,7,54505,M,"48,6170520","6,0689590",54
202000041184,20,9,25,12:50,1,2,6,6,7,34182,M,"43,4274680","3,4088650",34
202000041185,20,1,7,18:20,5,2,1,2,3,94042,M,"48,8201600","2,4643600",94
202000041186,20,7,28,14:55,1,1,4,1,7,81112,M,"43,9209800","2,0260010",81
202000041187,20,7,29,12:15,1,1,1,1,6,09074,M,"43,0185490","1,9686560",09
202000041188,20,1,7,10:00,1,2,1,8,6,94034,M,"48,7601200","2,3216100",94
202000041189,20,1,6,12:10,1,2,9,1,1,94028,M,"48,7856375","2,4535840",94
202000041190,20,9,25,12:55,1,2,1,1,2,84055,M,"43,9482810","4,9405540",84
202000041191,20,1,6,16:50,1,2,1,1,6,94019,M,"48,8025400","2,5383100",94
202000041192,20,7,29,11:50,1,2,1,1,2,79049,M,"46,8477620"," -0,4858880",79
202000041193,20,1,4,11:00,1,2,9,1,-1,94019,M,"48,7980667","2,5512904",94
202000041194,20,9,25,13:20,1,2,3,1,2,13015,M,"43,4498310","5,4267120",13
202000041195,20,1,7,14:21,1,2,1,1,3,94018,M,"48,8199100","2,4048400",94
202000041196,20,7,28,17:35,1,2,4,1,3,79184,M,"46,3633440"," -0,1148410",79
202000041197,20,9,24,22:00,3,1,1,1,2,13041,M,"43,4703550","5,4699250",13
202000041198,20,7,29,00:49,3,2,1,1,2,17064,M,"45,6755228"," -1,0566818",17
202000041199,20,1,7,05:45,5,2,4,8,6,93071,M,"48,9398510","2,5233950",93
202000041200,20,9,25,19:50,3,1,1,2,6,55122,M,"48,7510820","5,5548980",55
202000041201,20,7,29,20:45,1,1,1,1,7,64230,M,"43,1748570"," -0,4346250",64
202000041202,20,1,7,13:40,1,2,1,1,6,93071,M,"48,9463891","2,5222015",93
202000041203,20,9,25,12:10,1,1,1,1,6,38146,M,"45,7078400","5,2978780",38
202000041204,20,7,28,22:10,5,2,1,1,7,85300,M,"46,6860810"," -1,5122030",85
202000041205,20,8,29,22:55,3,1,1,1,7,26064,M,"44,8849800","4,9919840",26
202000041206,20,1,7,19:30,5,2,1,2,-1,93062,M,"48,8960900","2,5256000",93
202000041207,20,7,27,17:15,1,1,1,1,1,72154,M,"47,6853150"," -0,0211520",72
202000041208,20,1,7,09:00,1,2,1,1,6,93051,M,"48,8478800","2,5562900",93
202000041209,20,7,22,11:50,1,1,1,1,3,44198,M,"47,1590670"," -1,5132160",44
202000041210,20,7,28,12:25,1,1,6,1,7,44026,M,"47,2756110"," -1,4683060",44
202000041211,20,1,6,11:15,1,2,1,1,2,93048,M,"48,8569300","2,4672300",93
202000041212,20,7,29,07:45,1,1,1,1,6,14258,M,"48,9122340"," -0,1991270",14
202000041213,20,1,7,08:20,1,2,1,8,3,93014,M,"48,8991400","2,5429200",93
202000041214,20,1,6,17:30,5,2,2,1,3,92049,M,"48,8176500","2,3078600",92
202000041215,20,7,3,13:40,1,1,3,1,2,29042,M,"48,2456820"," -4,3870160",29
202000041216,20,1,7,18:00,5,2,9,8,7,92040,M,"48,8212566","2,2556091",92
202000041217,20,7,28,20:50,2,1,1,1,2,59136,M,"50,1089920","3,5187150",59
202000041218,20,1,7,08:40,1,2,1,1,-1,92036,M,"48,9321000","2,3018800",92
202000041219,20,7,28,18:00,1,1,1,1,2,13026,M,"43,3903300","5,1357000",13
202000041220,20,1,7,11:15,1,2,1,1,3,92026,M,"48,9027200","2,2585000",92
202000041221,20,7,27,13:21,1,1,1,1,4,13055,M,"43,3022300","5,4255200",13
202000041222,20,1,2,11:50,1,2,1,1,7,92012,M,"48,8396220","2,2471280",92
202000041223,20,1,7,09:30,1,2,1,2,4,92036,M,"48,9203210","2,2886109",92
202000041224,20,1,8,11:55,1,1,1,2,1,60387,M,"49,5846486","1,9533085",60
202000041225,20,7,27,08:15,1,1,1,1,2,13202,M,"43,3097000","5,3683000",13
202000041226,20,7,27,19:20,1,1,1,1,2,83137,M,"43,1213200","5,9533100",83
202000041227,20,7,27,17:40,1,1,1,1,2,42044,M,"45,3952900","4,3366300",42
202000041228,20,7,28,18:40,1,1,1,1,3,33192,M,"44,7811800"," -0,6365700",33
202000041229,20,7,28,15:11,1,1,1,1,2,91689,M,"48,7462500","2,3258500",91
202000041230,20,1,8,13:24,1,1,1,1,1,01361,M,"45,8449860","5,1904550",01
202000041231,20,7,28,08:35,1,1,1,1,7,94034,M,"48,7602013","2,3206169",94
202000041232,20,1,6,18:15,3,1,3,1,3,63001,M,"46,0151037","3,2110146",63
202000041233,20,7,28,19:22,1,1,1,1,4,92050,M,"48,9001500","2,2101500",92
202000041234,20,1,7,17:10,4,2,1,8,6,67214,M,"48,6193012","7,5901209",67
202000041235,20,7,27,20:00,1,1,1,1,4,75116,M,"48,8481920","2,2526270",75
202000041236,20,1,5,12:30,1,1,1,3,3,97410,R," -21,1048710","55,6675580",974
202000041237,20,1,8,08:20,2,1,1,2,-1,44203,M,"47,3233410"," -1,7775960",44
202000041238,20,7,27,10:00,1,1,1,1,5,78029,M,"48,9664400","1,8529300",78
202000041239,20,1,7,16:20,1,1,1,8,1,71398,M,"46,7699880","4,9776050",71
202000041240,20,7,28,13:00,1,1,1,1,5,95572,M,"49,0269747","2,1298922",95
202000041241,20,1,5,15:30,1,1,1,1,2,63198,M,"45,9358097","2,9618068",63
202000041242,20,1,8,10:00,1,1,1,2,6,77006,M,"48,4010596","2,5499744",77
202000041243,20,7,28,09:25,1,1,1,7,2,95500,M,"49,0402850","2,0831547",95
202000041244,20,1,8,17:10,2,1,1,2,1,77109,M,"48,6151300","3,2001190",77
202000041245,20,1,7,07:34,3,1,2,5,7,79235,M,"46,8975460"," -0,7923000",79
202000041246,20,7,27,19:45,1,1,1,1,4,93064,M,"48,8775817","2,4773694",93
202000041247,20,1,7,18:49,2,1,1,2,7,44131,M,"47,1247504"," -2,1059435",44
202000041248,20,7,27,20:45,2,1,1,1,7,60612,M,"49,2053900","2,6110900",60
202000041249,20,2,26,10:23,1,2,2,1,3,97302,G,"4,9396804"," -52,3306918",973
202000041250,20,1,6,16:30,1,1,3,2,5,29076,M,"48,4382940"," -4,5453740",29
202000041251,20,1,7,14:00,1,1,1,2,6,29093,M,"48,5682090"," -4,4369430",29
202000041252,20,1,7,12:50,1,2,3,2,3,29075,M,"48,4347618"," -4,3987898",29
202000041253,20,2,23,04:45,4,1,1,1,2,97302,G,"4,9081578"," -52,3229671",973
202000041254,20,1,8,08:50,1,1,1,2,1,02741,M,"49,8390030","3,4692310",02
202000041255,20,2,22,05:45,2,2,3,1,2,63113,M,"45,7869200","3,0880100",63
202000041256,20,1,8,14:50,1,1,1,2,1,03258,M,"46,1737726","3,3985573",03
202000041257,20,1,8,07:45,3,1,1,5,5,03040,M,"46,5355172","3,3192283",03
202000041258,20,1,7,16:30,1,1,1,1,6,01068,M,"46,0711390","5,4840450",01
202000041259,20,2,20,08:00,1,2,4,1,1,63113,M,"45,7870995","3,1257984",63
202000041260,20,2,13,17:45,2,2,1,1,6,63113,M,"45,7762300","3,0974000",63
202000041261,20,7,25,16:00,1,2,4,1,3,98818,C," -22,2252100","166,4809100",988
202000041262,20,7,26,17:30,1,2,1,1,6,97416,R," -21,2995000","55,4989000",974
202000041263,20,2,8,08:00,1,2,1,2,3,60164,M,"49,4089550","1,8339310",60
202000041264,20,7,26,18:25,2,2,9,1,6,97407,R," -20,9366700","55,2989700",974
202000041265,20,1,8,07:30,5,2,9,2,6,10287,M,"48,3387560","4,3487480",10
202000041266,20,7,27,01:40,3,1,1,1,7,97302,G,"4,9161963"," -52,3306489",973
202000041267,20,1,7,22:00,3,1,1,2,6,10395,M,"48,0356320","4,0222190",10
202000041268,20,1,8,07:30,5,2,1,2,6,16023,M,"45,9165654","0,2439266",16
202000041269,20,7,27,11:25,1,2,1,1,1,97209,A,"14,6206641"," -61,0550689",972
202000041270,20,1,7,11:50,1,2,1,1,6,21425,M,"47,6262639","4,3487900",21
202000041271,20,7,27,20:40,1,2,1,1,3,69389,M,"45,7763600","4,7973500",69
202000041272,20,1,7,17:30,1,2,1,1,6,40230,M,"43,7856910"," -0,9304180",40
202000041273,20,7,26,21:00,1,2,3,1,6,69286,M,"45,8120000","4,8893300",69
202000041274,20,1,7,21:50,4,2,1,2,1,24520,M,"44,8618630","1,2393550",24
202000041275,20,7,27,18:11,1,2,1,1,4,2B033,M,"42,6945000","9,4523000",2B
202000041276,20,1,8,15:50,1,2,5,1,1,30294,M,"44,1378090","4,1288580",30
202000041277,20,7,27,10:15,1,1,1,1,4,2B033,M,"42,6638100","9,4425400",2B
202000041278,20,1,7,20:10,3,1,1,2,1,80724,M,"49,8629380","2,2177200",80
202000041279,20,7,26,02:15,5,2,1,1,5,2B033,M,"42,6903854","9,4484323",2B
202000041280,20,7,27,18:01,1,2,1,1,6,2A004,M,"41,9264800","8,7385600",2A
202000041281,20,1,8,12:50,1,2,1,1,3,69244,M,"45,7659191","4,7837032",69
202000041282,20,1,6,19:15,2,1,1,1,7,13007,M,"43,3600340","5,6154120",13
202000041283,20,7,27,14:55,1,1,1,1,3,95018,M,"48,9625700","2,2180900",95
202000041284,20,1,8,04:32,3,1,9,5,6,33205,M,"44,6036500"," -0,3685700",33
202000041285,20,7,26,19:20,1,2,2,1,3,91228,M,"48,6251000","2,4238400",91
202000041286,20,1,7,17:00,3,1,1,1,1,55347,M,"49,0450608","5,4143301",55
202000041287,20,7,25,20:40,1,2,3,1,3,91521,M,"48,6538300","2,4118100",91
202000041288,20,7,26,21:40,5,2,1,1,6,91347,M,"48,6522400","2,2728400",91
202000041289,20,1,7,21:45,5,2,1,2,3,60142,M,"49,1252600","2,5334710",60
202000041290,20,7,27,10:37,1,2,2,1,3,87085,M,"45,8199700","1,2664800",87
202000041291,20,1,7,21:15,3,1,1,1,6,98821,C," -22,0579500","166,2502800",988
202000041292,20,7,24,22:30,5,2,2,1,3,86194,M,"46,5855600","0,3662200",86
202000041293,20,1,8,07:35,3,1,1,2,2,77232,M,"48,9168740","2,8134780",77
202000041294,20,7,24,08:28,1,2,6,7,3,84087,M,"44,1120500","4,8506500",84
202000041295,20,1,8,07:00,3,1,3,1,3,34183,M,"43,2909450","3,1188380",34
202000041296,20,7,27,10:00,1,2,1,1,6,83137,M,"43,1257000","5,9283600",83
202000041297,20,1,8,12:30,1,1,2,1,-1,84047,M,"43,8890120","5,3377810",84
202000041298,20,7,26,08:05,1,2,1,7,3,83069,M,"43,0907780","6,1293460",83
202000041299,20,1,5,16:40,1,2,1,1,2,13022,M,"43,2076410","5,5597400",13
202000041300,20,7,26,16:40,1,2,1,1,3,80021,M,"49,9140100","2,2462700",80
202000041301,20,1,7,14:45,1,1,1,2,7,89080,M,"48,2730920","3,2832950",89
202000041302,20,7,22,13:15,1,2,1,1,2,78126,M,"48,8354100","2,1320000",78
202000041303,20,1,7,21:54,3,1,1,1,2,57622,M,"49,1810510","6,0412060",57
202000041304,20,1,7,22:05,5,2,1,1,2,64067,M,"43,2462550"," -0,3025110",64
202000041305,20,7,24,08:30,1,2,5,1,2,78361,M,"48,9901700","1,7113000",78
202000041306,20,1,6,18:45,5,2,1,1,3,33056,M,"44,9091300"," -0,6232900",33
202000041307,20,7,26,18:45,1,2,1,1,-1,77305,M,"48,3895037","2,9689564",77
202000041308,20,1,8,16:30,1,1,3,1,3,33051,M,"44,6602300"," -0,9188600",33
202000041309,20,7,27,11:15,1,2,2,1,6,77186,M,"48,4051950","2,7014080",77
202000041310,20,7,27,10:25,1,2,1,1,6,76351,M,"49,5132748","0,1679599",76
202000041311,20,1,8,06:10,5,2,1,9,2,27016,M,"49,2465630","1,4178440",27