Num_Acc,an,mois,jour,hrmn,lum,agg,int,atm,col,com,gps,lat,long,dep
202000041312,20,7,27,08:45,1,2,1,1,6,76351,M,"49,4929800","0,1323800",76
202000041313,20,1,6,15:40,1,1,1,1,3,76116,M,"49,3908920","1,1933390",76
202000041314,20,7,25,20:05,1,1,1,2,6,76305,M,"49,4986400","0,1979400",76
202000041315,20,1,8,19:00,3,1,2,2,3,60199,M,"49,6128312","2,1707624",60
202000041316,20,7,25,17:25,1,2,1,1,2,74013,M,"46,3490000","6,4310200",74
202000041317,20,1,7,11:45,1,1,1,1,2,13215,M,"43,3374534","5,3769981",13
202000041318,20,1,7,09:10,1,1,1,1,3,13215,M,"43,3598500","5,3619800",13
202000041319,20,7,27,16:45,1,2,1,1,3,74012,M,"46,1927139","6,2306951",74
202000041320,20,1,6,18:15,3,1,1,1,2,13215,M,"43,3902787","5,3509270",13
202000041321,20,7,27,19:00,1,2,1,1,6,69256,M,"45,7712900","4,9083000",69
202000041322,20,1,7,18:50,3,1,1,1,-1,42044,M,"45,3881360","4,3053250",42
202000041323,20,6,24,17:42,1,2,1,1,1,66136,M,"42,7005400","2,9025400",66
202000041324,20,7,24,16:46,1,2,1,1,1,66136,M,"42,6841869","2,8784776",66
202000041325,20,7,20,09:05,1,2,1,1,6,64445,M,"43,3045000"," -0,3490300",64
202000041326,20,7,7,16:55,1,2,2,1,6,64445,M,"43,2999300"," -0,3670300",64
202000041327,20,1,7,18:45,3,1,1,2,4,91553,M,"48,6288000","2,4814000",91
202000041328,20,7,27,15:30,1,2,3,1,3,64102,M,"43,5085000"," -1,4444000",64
202000041329,20,7,25,22:35,2,2,9,1,2,63113,M,"45,7879000","3,0578000",63
202000041330,20,7,20,16:00,1,2,6,1,3,62178,M,"50,4853100","2,5464000",62
202000041331,20,7,22,14:00,1,2,3,1,3,54270,M,"49,4975040","5,8640270",54
202000041332,20,7,25,09:40,1,2,1,1,6,49246,M,"47,4376800"," -0,5318000",49
202000041333,20,7,27,19:11,1,2,1,1,7,37233,M,"47,3853066","0,7288077",37
202000041334,20,7,27,12:05,1,2,1,1,3,37261,M,"47,3857369","0,6907400",37
202000041335,20,1,7,10:00,1,1,1,1,3,94003,M,"48,8033100","2,3421100",94
202000041336,20,7,27,19:20,1,1,6,1,7,35051,M,"48,1405800"," -1,6266600",35
202000041337,20,1,7,06:54,3,1,1,1,3,91161,M,"48,6960598","2,3170310",91
202000041338,20,7,17,18:00,1,2,1,1,3,34003,M,"43,2894649","3,4691530",34
202000041339,20,1,7,19:00,3,1,1,2,3,78646,M,"48,7938800","2,0762700",78
202000041340,20,7,8,09:00,1,2,2,1,3,33063,M,"44,8479500"," -0,5858700",33
202000041341,20,1,6,12:10,1,1,1,1,2,93066,M,"48,9243100","2,3417000",93
202000041342,20,7,5,23:15,5,2,3,1,7,33063,M,"44,8331700"," -0,5709600",33
202000041343,20,1,6,18:40,3,1,1,1,4,93066,M,"48,9220600","2,3586100",93
202000041344,20,1,6,08:10,2,1,1,1,6,95488,M,"49,0128700","2,1492900",95
202000041345,20,7,5,18:50,1,2,3,1,3,33063,M,"44,8385900"," -0,6210400",33
202000041346,20,1,4,22:40,3,1,1,1,7,95203,M,"48,9775100","2,2860400",95
202000041347,20,7,16,14:35,1,2,4,1,-1,33063,M,"44,8420700"," -0,5995100",33
202000041348,20,1,5,01:00,5,1,1,1,4,93066,M,"48,9226700","2,3572800",93
202000041349,20,1,7,09:50,1,1,1,1,7,94028,M,"48,7941122","2,4417939",94
202000041350,20,7,6,12:10,1,2,2,1,3,33281,M,"44,8510900"," -0,6446800",33
202000041351,20,1,7,08:30,1,1,1,1,2,77337,M,"48,8301655","2,6152881",77
202000041352,20,7,27,05:30,5,2,6,1,6,33529,M,"44,6371700"," -1,1290400",33
202000041353,20,1,7,08:15,2,1,1,1,7,94018,M,"48,8204863","2,4013860",94
202000041354,20,7,27,10:10,1,2,1,1,3,31555,M,"43,6393600","1,4598000",31
202000041355,20,1,6,18:15,3,1,1,1,2,77058,M,"48,8290044","2,7378711",77
202000041356,20,7,26,22:30,5,2,2,1,3,31555,M,"43,6200400","1,4239600",31
202000041357,20,1,6,11:30,1,2,2,1,3,97302,G,"4,9309260"," -52,3132467",973
202000041358,20,7,25,21:15,1,1,1,1,3,31555,M,"43,5677000","1,4397300",31
202000041359,20,1,6,11:00,1,2,2,1,6,69383,M,"45,7506979","4,8739515",69
202000041360,20,7,25,08:50,1,2,1,1,6,31555,M,"43,5814200","1,4437700",31
202000041361,20,1,6,16:00,1,2,1,1,3,97209,A,"14,6182700"," -61,0358700",972
202000041362,20,7,25,07:45,1,1,1,1,2,31555,M,"43,5908700","1,3994300",31
202000041363,20,1,6,09:10,1,2,1,1,6,69034,M,"45,8086000","4,8565000",69
202000041364,20,7,25,07:35,1,2,1,1,6,31557,M,"43,5887400","1,3601200",31
202000041365,20,1,5,21:00,5,2,2,1,3,69384,M,"45,7771968","4,8331841",69
202000041366,20,7,27,19:20,1,2,2,1,3,17415,M,"45,7471000"," -0,6304700",17
202000041367,20,1,5,10:25,1,2,6,1,3,2A004,M,"41,9335502","8,7543297",2A
202000041368,20,7,27,23:30,1,1,2,1,3,17300,M,"46,1610100"," -1,1461720",17
202000041369,20,7,27,02:00,5,2,1,1,6,13202,M,"43,3108360","5,3689390",13
202000041370,20,1,5,23:15,5,1,1,1,3,95539,M,"48,9916600","2,3629600",95
202000041371,20,1,6,09:20,1,2,1,7,2,91432,M,"48,6955300","2,3363900",91
202000041372,20,7,27,15:40,1,2,4,1,1,13207,M,"43,2906200","5,3554400",13
202000041373,20,1,6,07:45,2,2,9,1,6,91691,M,"48,7151800","2,4786100",91
202000041374,20,1,3,18:08,3,1,1,1,7,91223,M,"48,4175350","2,1313809",91
202000041375,20,7,27,12:15,1,2,1,1,3,13209,M,"43,2651200","5,3955000",13
202000041376,20,7,27,07:15,2,2,1,1,6,13208,M,"43,2805200","5,3878100",13
202000041377,20,7,26,08:00,1,2,2,1,3,13206,M,"43,2858800","5,3900100",13
202000041378,20,7,27,16:25,1,1,1,1,4,07316,M,"44,9112890","4,8629670",07
202000041379,20,7,23,14:45,1,2,1,1,2,06083,M,"43,7740840","7,5026040",06
202000041380,20,7,25,19:30,1,2,1,1,3,06069,M,"43,6420530","6,9805720",06
202000041381,20,7,26,03:35,5,2,1,1,7,04112,M,"43,8314200","5,7829000",04
202000041382,20,7,27,08:00,1,2,1,1,-1,02738,M,"49,6550000","3,2963000",02
202000041383,20,7,27,01:20,5,2,2,1,3,01053,M,"46,1953700","5,2252300",01
202000041384,20,7,27,09:20,1,2,1,1,2,75120,M,"48,8748760","2,4106970",75
202000041385,20,7,27,08:10,1,2,1,1,6,75120,M,"48,8644550","2,4136330",75
202000041386,20,7,26,00:01,5,2,1,2,2,75113,M,"48,8176140","2,3674690",75
202000041387,20,5,27,19:25,1,2,9,1,3,34172,M,"43,6190000","3,9128100",34
202000041388,20,5,27,15:52,1,2,1,1,3,34172,M,"43,6091400","3,8802700",34
202000041389,20,5,27,12:30,1,2,3,1,3,34172,M,"43,6111900","3,8576000",34
202000041390,20,5,26,10:50,1,2,2,1,1,33281,M,"44,8495900"," -0,6560200",33
202000041391,20,5,21,22:44,5,2,6,1,1,33318,M,"44,7899600"," -0,6345500",33
202000041392,20,5,15,14:20,1,2,8,1,2,33063,M,"44,8556900"," -0,5635400",33
202000041393,20,5,26,20:20,1,2,3,1,-1,31555,M,"43,6275800","1,4564000",31
202000041394,20,5,27,19:45,1,2,2,1,3,30189,M,"43,8273900","4,3795000",30
202000041395,20,5,16,11:15,1,1,3,1,3,30243,M,"44,0720290","4,0814240",30
202000041396,20,5,26,21:00,1,1,1,1,6,29019,M,"48,4384498"," -4,4891092",29
202000041397,20,5,26,19:00,1,2,6,1,2,29019,M,"48,4154575"," -4,4753787",29
202000041398,20,5,23,20:30,1,2,2,2,3,25056,M,"47,2474200","5,9989500",25
202000041399,20,5,20,10:45,1,1,1,1,7,22113,M,"48,7288000"," -3,4817000",22
202000041400,20,5,25,16:50,1,2,6,1,3,18033,M,"47,1006400","2,4164100",18
202000041401,20,5,27,14:55,1,2,2,1,3,14118,M,"49,1946900"," -0,3974100",14
202000041402,20,5,27,21:50,5,2,1,1,2,13210,M,"43,2793810","5,4259370",13
202000041403,20,5,27,20:40,1,2,1,1,2,13208,M,"43,2391890","5,3657890",13
202000041404,20,5,27,18:50,2,2,1,1,3,13201,M,"43,3008000","5,3815000",13
202000041405,20,5,27,17:45,1,2,1,1,5,13213,M,"43,3208035","5,4164765",13
202000041406,20,5,25,17:35,1,2,3,1,2,13211,M,"43,2960601","5,4477902",13
202000041407,20,5,26,11:20,1,2,9,1,-1,13001,M,"43,5238000","5,4295640",13
202000041408,20,5,27,02:30,5,2,2,1,3,06088,M,"43,7018230","7,2608040",06
202000041409,20,5,27,13:10,1,2,1,1,6,06069,M,"43,6335940","6,9393170",06
202000041410,20,5,27,16:00,1,2,1,1,4,75113,M,"48,8182630","2,3694570",75
202000041411,20,5,26,18:20,1,2,1,1,2,75120,M,"48,8678450","2,4132410",75
202000041412,20,5,27,10:02,1,2,1,1,6,75105,M,"48,8503820","2,3453100",75
202000041413,20,5,27,16:45,1,2,1,1,3,75119,M,"48,8757850","2,4009810",75
202000041414,20,5,27,09:10,1,2,1,1,6,75115,M,"48,8301110","2,2950760",75
202000041415,20,5,26,22:00,2,2,2,1,3,75114,M,"48,8293090","2,3226490",75
202000041416,20,5,27,14:34,1,2,1,1,6,75113,M,"48,8316500","2,3589220",75
202000041417,20,5,26,19:20,1,2,2,1,6,75112,M,"48,8404390","2,4365620",75
202000041418,20,5,26,09:56,1,2,2,1,6,75112,M,"48,8462740","2,3774520",75
202000041419,20,5,26,23:20,5,2,3,1,3,75110,M,"48,8717060","2,3697680",75
202000041420,20,5,27,12:10,1,2,2,1,6,75101,M,"48,8642060","2,3476170",75
202000041421,20,5,27,09:20,1,2,1,1,6,75104,M,"48,8504566","2,3611394",75
202000041422,20,5,27,09:05,1,2,1,1,3,94065,M,"48,7529600","2,3496200",94
202000041423,20,5,27,13:40,1,2,1,1,3,94017,M,"48,8198500","2,4828600",94
202000041424,20,5,26,16:45,1,2,1,1,6,94075,M,"48,7154010","2,5372590",94
202000041425,20,5,26,16:00,1,2,1,7,6,93066,M,"48,9414522","2,3540461",93
202000041426,20,5,27,00:35,5,2,3,1,3,93007,M,"48,9441400","2,4722800",93
202000041427,20,5,27,08:50,1,2,3,1,-1,93046,M,"48,9122900","2,5216500",93
202000041428,20,5,26,18:30,1,2,6,1,4,93027,M,"48,9205900","2,4107900",93
202000041429,20,5,27,18:00,1,2,2,1,2,93047,M,"48,9055100","2,5873500",93
202000041430,20,5,27,19:15,1,2,1,1,3,92064,M,"48,8486900","2,2239600",92
202000041431,20,5,25,16:50,1,2,1,1,6,92063,M,"48,8827481","2,1884831",92
202000041432,20,5,25,16:50,1,1,1,1,2,92062,M,"48,8811245","2,2457667",92
202000041433,20,5,25,16:00,1,2,1,1,2,92050,M,"48,8928860","2,2274566",92
202000041434,20,5,27,09:15,1,2,3,1,3,92036,M,"48,9187850","2,2954390",92
202000041435,20,5,26,15:30,1,2,1,1,6,92036,M,"48,9318530","2,2894320",92
202000041436,20,5,25,20:20,1,2,2,1,3,92036,M,"48,9219500","2,2948160",92
202000041437,20,5,27,20:06,1,2,3,1,6,92026,M,"48,8901352","2,2562890",92
202000041438,20,5,26,11:00,1,2,1,1,2,92004,M,"48,9066100","2,2909300",92
202000041439,20,5,26,10:20,1,2,2,1,3,92004,M,"48,9049070","2,2877890",92
202000041440,20,5,27,18:15,1,2,1,1,6,09261,M,"42,9830462","1,1329298",09
202000041441,20,5,27,16:45,1,1,1,1,7,44180,M,"47,4713050"," -1,1119110",44
202000041442,20,5,27,15:45,1,2,1,1,2,62447,M,"50,3741660","2,0399930",62
202000041443,20,5,28,15:30,1,1,1,7,1,87181,M,"46,0417180","1,4958350",87
202000041444,20,5,28,17:15,1,1,1,1,1,51195,M,"48,7756500","4,5886370",51
202000041445,20,5,20,19:30,1,1,1,1,7,28269,M,"48,3984370","1,4876770",28
202000041446,20,5,26,18:40,1,2,1,1,1,62491,M,"50,5932700","2,7917080",62
202000041447,20,5,27,19:30,1,1,1,1,2,50543,M,"48,6449430"," -1,3449690",50
202000041448,20,5,28,06:50,1,1,1,1,1,50393,M,"48,9312260"," -1,1710520",50
202000041449,20,5,28,13:15,1,1,2,1,-1,62384,M,"50,1502490","3,0816250",62
202000041450,20,5,28,02:15,5,2,1,1,6,59525,M,"50,0873020","4,0035120",59
202000041451,20,5,28,14:20,1,1,1,1,1,19155,M,"45,3742920","1,8025620",19
202000041452,20,5,25,16:30,1,1,2,1,3,56094,M,"47,7589490"," -3,2489380",56
202000041453,20,5,26,16:00,1,1,1,1,3,74108,M,"45,8248520","6,2084510",74
202000041454,20,5,28,17:00,1,1,2,1,3,77239,M,"48,6882790","3,1252064",77
202000041455,20,5,24,19:45,1,1,1,1,1,80051,M,"50,0350090","1,8256620",80
202000041456,20,5,26,13:50,1,1,1,1,6,82085,M,"43,9967510","1,2720750",82
202000041457,20,5,28,10:20,1,1,2,1,3,82048,M,"43,8549930","1,2723860",82
202000041458,20,5,28,09:34,1,1,2,1,3,81145,M,"43,8773480","1,7868660",81
202000041459,20,5,28,14:40,1,1,1,1,6,32462,M,"43,7500520","0,2802960",32
202000041460,20,5,25,09:50,1,2,1,1,6,71263,M,"46,6283502","5,2173815",71
202000041461,20,5,27,20:29,1,1,2,1,3,12036,M,"44,8409900","2,7365350",12
202000041462,20,5,27,18:35,1,2,2,1,3,25453,M,"47,2172360","6,5380400",25
202000041463,20,5,28,10:20,1,1,6,1,7,44069,M,"47,3134130"," -2,4054050",44
202000041464,20,5,27,10:30,1,1,2,1,3,44173,M,"47,0862201"," -1,3886118",44
202000041465,20,5,28,01:30,5,2,2,1,6,29105,M,"48,5149880"," -4,0757950",29
202000041466,20,5,27,10:43,1,2,1,1,6,29093,M,"48,5690400"," -4,4113540",29
202000041467,20,5,22,07:00,1,1,3,1,2,01350,M,"46,2846760","5,2902240",01
202000041468,20,5,28,17:30,1,2,3,1,7,05132,M,"44,6838700","6,0773570",05
202000041469,20,5,23,17:30,1,2,2,1,1,50082,M,"49,4653040"," -1,6382180",50
202000041470,20,5,28,19:00,1,2,3,1,3,60064,M,"49,4162220","3,0086980",60
202000041471,20,5,18,11:50,1,1,1,1,6,18052,M,"46,7449120","2,6707080",18
202000041472,20,5,28,06:00,2,1,1,1,1,16143,M,"45,5398120","0,1719990",16
202000041473,20,5,28,11:15,1,1,3,1,3,53118,M,"48,4604720"," -0,5177520",53
202000041474,20,5,25,09:05,1,1,6,1,7,34337,M,"43,5399080","3,8982470",34
202000041475,20,5,27,11:22,1,1,1,1,6,69299,M,"45,7078884","5,0996226",69
202000041476,20,5,21,17:00,1,1,1,1,1,74196,M,"46,0516790","6,5740460",74
202000041477,20,5,28,10:55,1,1,2,1,1,97305,G,"4,9465750"," -52,4202780",973
202000041478,20,5,27,16:15,1,2,1,1,1,97701,,"17,9160430"," -62,8551440",977
202000041479,20,5,27,20:38,2,1,1,1,6,28377,M,"48,8223310","1,3652100",28
202000041480,20,5,28,15:30,1,1,2,1,3,77099,M,"48,1626830","2,7056840",77
202000041481,20,5,27,16:30,1,1,1,7,3,78030,M,"48,6802370","1,8937360",78
202000041482,20,5,27,15:20,1,2,6,1,6,30258,M,"43,6820760","4,4295720",30
202000041483,20,5,27,20:15,1,1,1,1,7,34039,M,"43,4526230","3,6528250",34
202000041484,20,5,27,13:49,1,1,9,1,3,34162,M,"43,4924090","3,4702210",34
202000041485,20,5,27,19:55,1,1,1,1,7,25377,M,"47,4309580","6,3777570",25
202000041486,20,5,26,17:30,1,1,3,1,5,67154,M,"48,3775970","7,6899250",67
202000041487,20,5,27,22:30,3,1,1,1,1,63150,M,"45,8992177","3,0708385",63
202000041488,20,5,22,20:45,2,1,2,7,3,42285,M,"45,5752660","4,0973910",42
202000041489,20,5,14,09:55,1,2,1,1,6,64496,M,"43,4761470"," -1,4566060",64
202000041490,20,5,28,08:15,1,1,3,1,3,40283,M,"43,7632300"," -1,0023630",40
202000041491,20,5,26,20:30,2,2,1,1,7,76250,M,"49,5669930","0,3111260",76
202000041492,20,5,27,16:35,1,2,3,1,2,59268,M,"50,6284930","2,7409170",59
202000041493,20,5,20,16:35,1,1,1,1,2,83027,M,"43,1699868","5,7700268",83
202000041494,20,5,24,15:15,1,1,1,1,5,42218,M,"45,4325300","4,4167200",42
202000041495,20,5,27,19:55,1,1,1,1,2,33039,M,"44,7994500"," -0,5358800",33
202000041496,20,5,26,23:20,5,1,1,1,2,92050,M,"48,8959652","2,2251861",92
202000041497,20,5,26,15:15,1,1,1,1,6,78297,M,"48,7884820","2,0678020",78
202000041498,20,5,26,09:30,1,1,1,1,2,93048,M,"48,8730100","2,4352700",93
202000041499,20,5,26,09:13,1,1,1,1,7,92036,M,"48,9390019","2,2956662",92
202000041500,20,5,26,21:00,3,1,1,1,2,94065,M,"48,7544000","2,3504000",94
202000041501,20,5,24,03:10,5,1,1,1,6,94018,M,"48,8248625","2,3928937",94
202000041502,20,1,29,15:54,1,2,3,7,6,05061,M,"44,5593300","6,0857000",05
202000041503,20,1,16,18:45,2,1,1,1,2,69029,M,"45,7353921","4,9018915",69
202000041504,20,5,26,13:10,1,2,1,1,2,97416,R," -21,0046300","55,2753600",974
202000041505,20,5,25,10:05,1,2,1,1,2,97416,R," -21,2843800","55,4668930",974
202000041506,20,5,25,09:15,1,2,6,1,3,97411,R," -20,9009000","55,4968000",974
202000041507,20,5,26,20:30,5,2,1,2,3,97302,G,"4,9409737"," -52,3026896",973
202000041508,20,5,26,22:30,5,2,2,1,-1,69387,M,"45,7544000","4,8455000",69
202000041509,20,5,26,16:30,1,2,2,1,3,69386,M,"45,7689600","4,8605700",69
202000041510,20,5,26,15:10,1,2,3,1,3,69388,M,"45,7240100","4,8541100",69
202000041511,20,5,26,06:00,2,2,2,1,3,69383,M,"45,7571200","4,8527300",69
202000041512,20,5,25,20:18,1,2,3,1,1,69259,M,"45,7193759","4,8883459",69
202000041513,20,5,26,13:21,1,1,1,1,3,97213,A,"14,6205850"," -61,0314950",972
202000041514,20,5,26,01:40,5,1,1,1,6,2A004,M,"41,9418300","8,7356300",2A
202000041515,20,5,26,20:41,5,2,1,1,6,95306,M,"48,9900300","2,1678600",95
202000041516,20,5,26,18:20,1,2,2,1,3,91477,M,"48,7097600","2,2431200",91
202000041517,20,5,22,15:50,1,2,1,1,3,91339,M,"48,6365000","2,2668000",91
202000041518,20,5,26,09:05,1,2,1,1,3,88413,M,"48,2843500","6,9539800",88
202000041519,20,5,25,16:35,1,2,1,1,4,87085,M,"45,8431400","1,2389100",87
202000041520,20,5,22,17:26,1,1,3,1,2,87050,M,"45,9017600","1,2285300",87
202000041521,20,5,25,09:41,1,2,1,1,6,87085,M,"45,8314000","1,2385400",87
202000041522,20,5,23,09:20,1,2,3,1,5,78646,M,"48,8113200","2,1514700",78
202000041523,20,5,16,19:05,1,2,1,1,6,77288,M,"48,5511500","2,6547300",77
202000041524,20,5,25,20:40,1,2,1,1,6,76540,M,"49,4309200","1,0864200",76
202000041525,20,5,26,09:20,1,2,1,1,3,76351,M,"49,5197000","0,1153000",76
202000041526,20,5,25,17:15,1,2,2,1,1,76351,M,"49,4943000","0,1037000",76
202000041527,20,5,23,22:20,5,1,6,1,6,76351,M,"49,5078000","0,1338000",76
202000041528,20,5,24,12:10,1,2,1,8,6,67180,M,"48,7989540","7,7825460",67
202000041529,20,5,23,12:19,1,1,1,1,3,66136,M,"42,6742540","2,8876800",66
202000041530,20,5,26,12:05,1,2,1,1,6,65440,M,"43,2320000","0,0754000",65
202000041531,20,5,26,10:50,1,2,1,1,3,64260,M,"43,3565650"," -1,7743680",64
202000041532,20,5,25,18:00,1,1,1,1,4,64269,M,"43,2988000"," -0,3054000",64
202000041533,20,5,26,17:40,1,2,1,1,7,64024,M,"43,4836200"," -1,5352600",64
202000041534,20,5,20,19:10,1,2,1,7,1,60057,M,"49,4334700","2,0774100",60
202000041535,20,5,26,10:25,1,2,1,1,3,59230,M,"50,2600592","4,0036323",59
202000041536,20,5,25,09:45,1,2,2,1,3,56260,M,"47,6461700"," -2,7802700",56
202000041537,20,5,26,13:35,1,2,1,1,3,51454,M,"49,2517888","4,0418080",51
202000041538,20,5,24,23:20,5,2,4,1,-1,50602,M,"49,6395000"," -1,5696500",50
202000041539,20,5,24,11:05,1,2,9,1,2,40088,M,"43,7030100"," -1,0530400",40
202000041540,20,5,26,21:30,1,2,1,9,6,35238,M,"48,1020500"," -1,7057040",35
202000041541,20,5,26,17:15,1,2,1,1,3,35115,M,"48,3436385"," -1,1754229",35
202000041542,20,5,26,10:15,1,1,1,1,5,34108,M,"43,4307000","3,7213200",34
202000041543,20,5,26,23:34,5,2,2,1,2,34172,M,"43,6259700","3,8821200",34
202000041544,20,5,26,08:00,1,2,2,1,3,33063,M,"44,8601600"," -0,5536000",33
202000041545,20,5,26,07:35,1,2,2,1,1,33162,M,"44,8797600"," -0,6475500",33
202000041546,20,5,15,18:30,1,2,3,1,3,33063,M,"44,8436651"," -0,5751517",33
202000041547,20,5,26,14:15,1,1,6,1,2,29232,M,"48,0122200"," -4,0775700",29
202000041548,20,5,25,11:20,1,2,1,1,2,29232,M,"47,9863104"," -4,1072711",29
202000041549,20,5,25,18:25,1,2,1,1,2,29232,M,"47,9883000"," -4,1300600",29
202000041550,20,5,26,13:15,1,2,1,1,6,22113,M,"48,7217710"," -3,4818570",22
202000041551,20,5,22,20:45,1,2,6,1,3,22113,M,"48,7353990"," -3,4372508",22
202000041552,20,5,26,17:45,1,2,2,1,3,14167,M,"49,2012500"," -0,3009400",14
202000041553,20,5,26,05:50,3,1,1,1,2,13103,M,"43,6729000","5,0922900",13
202000041554,20,5,27,00:00,5,2,1,1,6,13210,M,"43,2815300","5,4268500",13
202000041555,20,5,26,22:45,4,2,1,1,3,13215,M,"43,3538618","5,3525519",13
202000041556,20,5,26,14:20,1,2,1,1,6,13206,M,"43,2894000","5,3793000",13
202000041557,20,5,25,16:50,1,2,9,1,6,13004,M,"43,6750519","4,6325196",13
202000041558,20,5,25,16:19,1,2,1,7,2,10387,M,"48,2989100","4,0661300",10
202000041559,20,5,25,18:25,1,1,1,1,7,07281,M,"44,9473800","4,8293800",07
202000041560,20,5,25,17:20,1,2,1,1,6,07102,M,"44,9364800","4,8729900",07
202000041561,20,5,25,18:50,1,2,1,1,2,07102,M,"44,9310000","4,8569900",07
202000041562,20,5,26,11:30,1,2,1,1,2,06069,M,"43,6324410","6,9576130",06
202000041563,20,5,25,10:40,1,2,1,7,2,06029,M,"43,5483000","7,0119200",06
202000041564,20,5,26,11:50,1,2,1,1,-1,06027,M,"43,6640000","7,1520000",06
202000041565,20,5,26,08:45,1,2,3,1,6,75106,M,"48,8464550","2,3273270",75
202000041566,20,5,26,18:55,1,2,1,1,7,75120,M,"48,8578860","2,4036360",75
202000041567,20,5,25,21:00,2,2,2,1,6,75119,M,"48,8796100","2,3996780",75
202000041568,20,5,26,08:50,1,2,4,1,3,75118,M,"48,8973270","2,3448590",75
202000041569,20,5,26,10:05,1,2,2,1,2,75117,M,"48,8942870","2,3137800",75
202000041570,20,5,26,17:40,1,2,1,1,3,75116,M,"48,8535320","2,2821600",75
202000041571,20,5,26,11:00,1,2,1,1,2,75116,M,"48,8615910","2,2927710",75
202000041572,20,5,26,18:00,1,2,2,1,3,75115,M,"48,8399780","2,2903520",75
202000041573,20,5,26,19:11,1,2,1,7,3,75114,M,"48,8265910","2,3106570",75
202000041574,20,5,26,13:32,1,2,2,1,3,75113,M,"48,8311220","2,3442320",75
202000041575,20,5,26,20:10,2,2,2,1,3,75108,M,"48,8707380","2,3213730",75
202000041576,20,5,26,18:50,1,2,1,1,6,75107,M,"48,8492690","2,3087840",75
202000041577,20,5,26,21:10,5,2,1,1,3,75104,M,"48,8571300","2,3530390",75
202000041578,20,5,26,16:45,1,2,5,1,3,75102,M,"48,8699180","2,3280340",75
202000041579,20,6,25,18:45,1,2,1,1,3,31555,M,"43,5951500","1,4843600",31
202000041580,20,6,22,10:40,1,2,1,1,2,29039,M,"47,8738293"," -3,9183424",29
202000041581,20,6,27,03:55,3,2,6,1,6,22360,M,"48,4780708"," -2,7679467",22
202000041582,20,6,29,19:25,1,2,1,1,6,21231,M,"47,3084400","5,0394600",21
202000041583,20,6,29,20:50,1,2,2,1,3,21054,M,"47,0395290","4,8456600",21
202000041584,20,6,29,22:30,5,2,1,1,6,14118,M,"49,1898900"," -0,3908000",14
202000041585,20,6,27,19:25,1,1,1,1,1,30032,M,"43,7946300","4,5953500",30
202000041586,20,6,28,12:58,1,1,1,1,6,13056,M,"43,3875600","5,0631700",13
202000041587,20,6,29,21:00,1,2,1,1,6,13215,M,"43,3706400","5,3693700",13
202000041588,20,6,28,23:00,5,2,1,1,6,13208,M,"43,2463280","5,3881270",13
202000041589,20,6,29,00:10,5,2,1,1,7,13212,M,"43,3056330","5,4704160",13
202000041590,20,6,28,18:00,1,2,3,1,3,11262,M,"43,1870200","2,9908300",11
202000041591,20,6,29,15:30,1,2,1,1,6,06088,M,"43,7322500","7,2583300",06
202000041592,20,6,19,16:50,1,2,1,1,3,06088,M,"43,7112000","7,2802000",06
202000041593,20,6,29,17:20,1,2,1,1,2,06027,M,"43,6753200","7,1638900",06
202000041594,20,6,28,10:00,1,1,1,1,5,05061,M,"44,5262390","6,0483000",05
202000041595,20,6,29,00:25,5,2,1,1,5,75118,M,"48,9010410","2,3507640",75
202000041596,20,6,27,09:45,1,2,1,1,2,75113,M,"48,8215800","2,3791310",75
202000041597,20,6,29,18:00,1,2,3,1,6,75119,M,"48,8769080","2,4021520",75
202000041598,20,6,29,08:20,1,2,1,1,7,75119,M,"48,8863250","2,3824640",75
202000041599,20,6,29,12:05,1,2,4,1,6,75113,M,"48,8190700","2,3579820",75
202000041600,20,6,29,14:55,1,2,2,1,3,75112,M,"48,8426620","2,3859070",75
202000041601,20,6,29,06:50,1,2,3,1,6,75112,M,"48,8372830","2,4082930",75
202000041602,20,6,29,07:25,1,2,7,1,6,75112,M,"48,8395570","2,3954810",75
202000041603,20,6,22,11:25,1,2,2,1,6,75111,M,"48,8568890","2,3722100",75
202000041604,20,6,29,12:40,1,2,2,1,6,75111,M,"48,8593390","2,3868600",75
202000041605,20,6,28,22:35,5,2,1,1,5,75110,M,"48,8726420","2,3593240",75
202000041606,20,6,29,16:30,1,2,1,1,7,75107,M,"48,8622600","2,3037420",75
202000041607,20,6,28,12:27,1,2,1,1,6,75107,M,"48,8611530","2,3061750",75
202000041608,20,6,28,22:45,5,2,7,1,3,75101,M,"48,8601140","2,3333470",75
202000041609,20,6,29,12:05,1,2,1,1,3,75103,M,"48,8622250","2,3663900",75
202000041610,20,6,29,08:20,1,2,1,1,6,75103,M,"48,8650460","2,3579670",75
202000041611,20,6,29,15:52,1,1,1,1,4,94074,M,"48,7673100","2,4522400",94
202000041612,20,6,29,09:00,1,2,3,1,7,94033,M,"48,8474090","2,4786620",94
202000041613,20,6,28,23:20,5,2,1,1,5,94028,M,"48,7776800","2,4385700",94
202000041614,20,6,29,11:55,1,2,9,1,6,94022,M,"48,7632970","2,4063630",94
202000041615,20,6,28,22:50,5,2,1,1,3,94019,M,"48,7963500","2,5325700",94
202000041616,20,6,25,20:20,1,2,1,1,6,94017,M,"48,8194100","2,5029000",94
202000041617,20,6,29,09:50,1,2,9,1,6,93078,M,"48,9514300","2,5259000",93