Num_Acc,an,mois,jour,hrmn,lum,agg,int,atm,col,com,gps,lat,long,dep
202000041618,20,6,29,20:00,1,2,1,1,3,93053,M,"48,8917196","2,4710097",93
202000041619,20,6,29,10:55,1,2,9,1,3,93053,M,"48,8916240","2,4546938",93
202000041620,20,6,29,09:00,1,2,2,1,3,93015,M,"48,9154600","2,5794100",93
202000041621,20,6,28,20:45,1,2,1,1,6,93008,M,"48,9084900","2,4456600",93
202000041622,20,6,28,17:30,1,2,6,1,6,93008,M,"48,9081108","2,4530183",93
202000041623,20,6,28,22:50,5,2,1,1,3,93001,M,"48,9096300","2,3862300",93
202000041624,20,6,28,17:30,1,2,1,1,2,92022,M,"48,8172107","2,1958669",92
202000041625,20,6,29,15:20,1,2,3,1,6,92048,M,"48,8189022","2,2294146",92
202000041626,20,6,26,23:10,5,2,2,1,3,92036,M,"48,9176020","2,3081700",92
202000041627,20,6,28,04:22,5,2,1,1,6,92025,M,"48,9129580","2,2355150",92
202000041628,20,6,29,15:45,1,2,3,1,1,92002,M,"48,7368650","2,2937290",92
202000041629,20,6,28,18:20,5,2,2,1,5,97415,R," -21,0055860","55,2773670",974
202000041630,20,6,30,20:00,1,1,2,1,3,34225,M,"43,3646270","3,0878020",34
202000041631,20,6,29,16:40,1,1,1,1,7,17152,M,"45,5408450"," -0,8206540",17
202000041632,20,6,30,13:35,1,1,1,1,6,54146,M,"48,5926824","5,8878565",54
202000041633,20,6,30,07:50,1,1,1,1,1,28234,M,"48,3640190","1,2466050",28
202000041634,20,6,4,14:55,1,1,3,2,3,14061,M,"48,9631660"," -0,8163950",14
202000041635,20,6,29,17:50,1,2,1,1,3,38105,M,"45,4085900","5,5614300",38
202000041636,20,6,29,10:30,1,2,1,1,1,97109,A,"15,9997030"," -61,6942510",971
202000041637,20,6,29,18:15,1,1,2,1,3,30287,M,"44,1978740","4,5391900",30
202000041638,20,6,28,18:50,1,1,1,1,7,62559,M,"50,1991670","3,0893980",62
202000041639,20,6,30,12:20,1,2,1,1,6,56169,M,"47,6969990"," -3,2508510",56
202000041640,20,6,24,04:20,3,1,1,1,6,2A323,M,"42,0217850","8,8983040",2A
202000041641,20,6,29,06:30,1,1,1,1,7,11367,M,"43,3660930","2,1706150",11
202000041642,20,6,30,10:00,1,2,9,1,3,89309,M,"48,2937458","3,1952874",89
202000041643,20,6,26,18:00,1,1,1,1,6,61292,M,"48,7926450"," -0,6626770",61
202000041644,20,6,29,10:10,1,2,1,1,2,46029,M,"44,9257740","1,8447700",46
202000041645,20,6,26,17:20,1,2,2,2,1,86149,M,"46,9203180","0,0606660",86
202000041646,20,6,30,08:20,1,1,1,1,6,39579,M,"46,2998720","5,7211630",39
202000041647,20,6,29,03:00,3,1,1,3,6,39269,M,"46,3821810","5,7111950",39
202000041648,20,6,30,07:00,1,1,3,1,1,25152,M,"47,2138730","6,1879960",25
202000041649,20,6,30,07:40,1,2,6,1,6,31451,M,"43,4558730","2,0003150",31
202000041650,20,6,30,14:30,1,1,1,1,6,38263,M,"45,2846500","5,4450500",38
202000041651,20,6,30,08:45,1,2,1,1,3,38027,M,"45,4322100","5,9991900",38
202000041652,20,6,30,16:05,1,2,3,1,3,02719,M,"49,5958800","3,2464300",02
202000041653,20,6,29,18:45,1,2,1,1,6,02128,M,"49,5241310","3,6647770",02
202000041654,20,6,30,10:50,1,1,6,1,3,03290,M,"46,6525645","3,2707399",03
202000041655,20,6,30,17:35,1,1,1,1,1,15127,M,"45,2394660","3,1492250",15
202000041656,20,5,28,19:00,2,1,3,1,4,15267,M,"44,9352940","2,3938860",15
202000041657,20,6,27,08:32,1,1,3,1,-1,66148,M,"42,4975020","3,1194840",66
202000041658,20,6,29,07:30,1,2,1,1,6,14493,M,"49,0535320"," -0,0637510",14
202000041659,20,6,29,23:40,5,2,1,1,6,60372,M,"49,5534610","2,1208010",60
202000041660,20,6,30,12:05,1,1,2,1,3,60109,M,"49,6590198","1,8784659",60
202000041661,20,6,30,08:55,1,2,6,1,3,45272,M,"47,8440222","1,9459506",45
202000041662,20,6,29,09:30,1,2,1,7,6,18197,M,"46,7241240","2,4989660",18
202000041663,20,6,29,22:55,3,1,1,1,6,07254,M,"44,6542150","4,4191650",07
202000041664,20,6,28,11:19,1,2,1,1,7,21092,M,"47,1325480","4,7762090",21
202000041665,20,6,30,19:48,1,2,1,7,6,40224,M,"43,5441700"," -1,1054710",40
202000041666,20,6,29,19:30,1,1,1,1,1,85051,M,"46,6619260"," -1,0705660",85
202000041667,20,6,28,11:30,1,2,2,1,1,88377,M,"47,9867330","5,9739550",88
202000041668,20,6,29,18:30,1,2,1,1,6,35210,M,"48,1379910"," -1,7684290",35
202000041669,20,5,26,17:30,1,2,1,1,6,06085,M,"43,6113160","6,9779120",06
202000041670,20,6,30,10:00,1,1,6,1,7,33199,M,"44,6150030"," -1,0728840",33
202000041671,20,6,30,11:45,1,1,1,1,3,38375,M,"44,9528600","6,1826100",38
202000041672,20,6,30,08:45,1,1,1,1,2,63014,M,"45,7456624","3,1455226",63
202000041673,20,6,27,07:25,2,1,1,1,2,17226,M,"45,9157510"," -0,5832200",17
202000041674,20,6,30,06:00,1,1,1,1,2,38053,M,"45,6002670","5,2700300",38
202000041675,20,6,30,01:00,5,2,1,1,1,60494,M,"49,1057670","2,5909300",60
202000041676,20,6,29,10:00,1,1,1,1,6,78003,M,"48,5380180","1,8813400",78
202000041677,20,6,27,19:00,3,2,1,1,7,98729,P," -17,5916670"," -149,8222730",987
202000041678,20,6,29,20:00,4,1,1,1,7,98808,C," -21,3002100","165,6382080",988
202000041679,20,6,29,01:00,3,1,1,1,6,97415,R," -21,0166480","55,2556060",974
202000041680,20,6,30,10:30,1,1,1,1,3,97108,A,"15,9021210"," -61,2501100",971
202000041681,20,6,25,14:45,1,1,3,1,7,45324,M,"47,7404879","2,1625960",45
202000041682,20,6,29,13:00,1,2,1,1,3,45188,M,"47,9795507","2,0586925",45
202000041683,20,6,30,06:40,1,1,1,1,7,77147,M,"48,6089370","3,0719230",77
202000041684,20,6,29,19:05,1,2,1,7,1,77328,M,"48,3149470","2,4093960",77
202000041685,20,6,24,08:00,1,2,1,1,2,2A247,M,"41,6092620","9,2784640",2A
202000041686,20,6,30,09:45,1,1,1,1,6,48119,M,"44,4864300","3,9283310",48
202000041687,20,6,27,04:06,5,2,1,1,6,34344,M,"43,5613110","4,0964730",34
202000041688,20,6,29,16:30,1,2,1,1,7,06057,M,"43,8305590","7,3512080",06
202000041689,20,6,29,17:46,1,1,3,1,3,13027,M,"43,8808590","4,8321390",13
202000041690,20,6,30,08:30,1,2,3,1,3,89295,M,"47,8168091","3,5556634",89
202000041691,20,6,29,21:15,2,1,1,1,7,68036,M,"48,0546810","7,5106350",68
202000041692,20,6,17,16:50,1,1,1,1,3,74094,M,"46,2037710","6,2843620",74
202000041693,20,6,25,17:35,1,1,1,2,-1,74056,M,"45,9155570","6,8491660",74
202000041694,20,6,29,12:26,1,1,1,1,2,38068,M,"45,1011230","5,7157230",38
202000041695,20,6,29,19:20,1,1,3,7,3,26206,M,"44,8222430","5,0025240",26
202000041696,20,6,27,17:15,1,1,1,8,-1,44025,M,"47,4368110"," -1,9257400",44
202000041697,20,6,28,22:40,5,1,1,1,2,69259,M,"45,7197792","4,8797169",69
202000041698,20,6,29,19:25,1,1,1,1,5,33003,M,"44,9369100"," -0,4670600",33
202000041699,20,6,26,18:45,1,1,1,1,4,59143,M,"50,6589167","2,8973182",59
202000041700,20,6,29,08:13,1,1,1,1,7,91521,M,"48,6496600","2,3843600",91
202000041701,20,6,29,09:17,1,1,1,1,2,91064,M,"48,7536600","2,2234700",91
202000041702,20,6,29,09:30,1,1,1,1,5,95582,M,"48,9654200","2,2598900",95
202000041703,20,6,28,22:00,2,1,1,1,-1,94046,M,"48,7978000","2,4450000",94
202000041704,20,3,3,11:00,1,1,1,1,7,03265,M,"46,4611445","3,7428293",03
202000041705,20,6,28,18:00,5,2,2,1,3,98818,C," -22,2786000","166,4510700",988
202000041706,20,6,28,06:30,2,1,1,8,6,97411,R," -20,8859690","55,4989170",974
202000041707,20,6,28,15:10,1,2,3,1,2,69276,M,"45,6762200","4,8609000",69
202000041708,20,6,28,03:20,5,2,1,1,3,69386,M,"45,7661000","4,8567000",69
202000041709,20,6,17,12:30,1,2,1,1,3,97213,A,"14,6125560"," -60,9982500",972
202000041710,20,6,27,23:10,5,2,3,1,3,69149,M,"45,7115404","4,8199474",69
202000041711,20,6,28,15:06,1,1,1,1,3,91421,M,"48,7200600","2,4428100",91
202000041712,20,6,28,03:00,5,2,1,1,6,91161,M,"48,6996100","2,3069700",91
202000041713,20,6,28,09:50,1,2,2,1,7,91201,M,"48,6908700","2,4094200",91
202000041714,20,6,27,15:45,1,2,1,1,7,83137,M,"43,1212500","5,9302000",83
202000041715,20,6,28,18:45,1,2,6,1,3,83069,M,"43,1160000","6,1460000",83
202000041716,20,6,28,06:19,2,2,1,1,6,78172,M,"48,9912380","2,0891330",78
202000041717,20,6,28,19:30,5,1,1,1,2,69266,M,"45,7543000","4,9158000",69
202000041718,20,6,25,15:42,1,2,2,7,6,67462,M,"48,2587200","7,4487455",67
202000041719,20,6,28,20:26,1,2,1,1,7,64445,M,"43,2943300"," -0,3564200",64
202000041720,20,6,28,21:10,1,2,1,1,3,62643,M,"50,7144157","1,5916978",62
202000041721,20,6,28,20:10,1,2,1,1,3,44162,M,"47,2435700"," -1,6223400",44
202000041722,20,6,27,08:05,1,1,1,1,3,38053,M,"45,5861000","5,2736000",38
202000041723,20,6,28,00:17,5,2,2,1,3,34172,M,"43,5835679","3,8662048",34
202000041724,20,6,28,20:10,1,2,1,1,3,34003,M,"43,2874100","3,4449900",34
202000041725,20,6,28,13:35,1,2,8,1,3,33063,M,"44,8524500"," -0,5399700",33
202000041726,20,6,23,08:35,1,2,1,1,3,33281,M,"44,8242800"," -0,6161900",33
202000041727,20,6,28,18:25,1,2,6,1,-1,33529,M,"44,6299500"," -1,1373200",33
202000041728,20,6,26,14:20,1,2,1,1,6,31483,M,"43,1121500","0,7453700",31
202000041729,20,6,27,13:50,1,2,1,1,5,29232,M,"48,0090094"," -4,0962114",29
202000041730,20,6,28,14:50,1,2,9,1,3,13202,M,"43,3053798","5,3695866",13
202000041731,20,6,28,05:50,2,2,1,1,7,13205,M,"43,2954563","5,4005730",13
202000041732,20,6,28,04:35,5,2,6,1,6,13208,M,"43,2441030","5,3798900",13
202000041733,20,6,27,12:20,1,2,1,1,6,13047,M,"43,4979900","4,9776300",13
202000041734,20,6,28,19:00,1,2,1,1,3,13028,M,"43,1845310","5,5942310",13
202000041735,20,6,26,11:01,1,2,1,1,3,08497,M,"49,7900000","4,6700000",08
202000041736,20,6,27,22:08,4,2,4,1,7,03185,M,"46,3379992","2,6023559",03
202000041737,20,6,28,03:10,5,2,4,1,6,75114,M,"48,8230110","2,3120960",75
202000041738,20,6,26,18:50,1,2,1,1,2,75119,M,"48,8810000","2,4036530",75
202000041739,20,6,27,22:00,2,2,1,1,-1,75104,M,"48,8598700","2,3489750",75
202000041740,20,6,28,12:55,1,2,3,1,3,75113,M,"48,8427070","2,3639970",75
202000041741,20,6,28,05:45,1,2,1,1,6,75105,M,"48,8476160","2,3609030",75
202000041742,20,6,28,01:50,5,2,2,1,6,75119,M,"48,8846750","2,3797890",75
202000041743,20,6,28,04:45,5,2,2,1,6,75118,M,"48,8901720","2,3440720",75
202000041744,20,6,28,15:20,1,2,1,1,6,75114,M,"48,8278420","2,3293000",75
202000041745,20,6,28,07:00,1,2,1,1,6,75111,M,"48,8578310","2,3912820",75
202000041746,20,6,28,13:33,1,2,1,1,3,75110,M,"48,8704930","2,3706800",75
202000041747,20,6,28,01:10,5,2,2,1,6,75110,M,"48,8737610","2,3583290",75
202000041748,20,6,28,01:35,5,2,1,1,1,75103,M,"48,8617630","2,3642320",75
202000041749,20,6,27,17:00,1,2,9,1,-1,94076,M,"48,8062936","2,3634037",94
202000041750,20,6,28,00:10,5,2,9,1,6,94073,M,"48,7570900","2,3888100",94
202000041751,20,6,27,05:15,2,2,1,1,7,94002,M,"48,7818700","2,4288300",94
202000041752,20,6,28,02:45,5,2,5,1,6,93070,M,"48,9014800","2,3442100",93
202000041753,20,6,28,15:20,1,2,1,1,6,93031,M,"48,9589500","2,3129200",93
202000041754,20,6,28,19:15,1,2,1,1,3,93027,M,"48,9229414","2,4060713",93
202000041755,20,6,28,18:40,5,2,9,1,-1,92078,M,"48,9264160","2,3284160",92
202000041756,20,6,28,18:15,1,2,9,1,3,92076,M,"48,8375000","2,1548940",92
202000041757,20,6,28,07:00,1,2,1,8,7,92012,M,"48,8281005","2,2296924",92
202000041758,20,6,29,09:10,1,1,1,1,3,2A348,M,"42,1479040","8,7245100",2A
202000041759,20,6,29,05:48,3,1,1,1,6,95313,M,"49,1053290","2,2441080",95
202000041760,20,6,27,09:55,1,2,1,1,6,33225,M,"44,5711000"," -0,4206300",33
202000041761,20,6,28,16:20,1,1,1,2,4,17015,M,"45,5555300"," -0,9225080",17
202000041762,20,6,22,14:10,1,1,2,1,3,18258,M,"47,3601320","2,8164210",18
202000041763,20,6,27,10:50,1,1,1,1,2,97221,A,"14,5268220"," -60,9908690",972
202000041764,20,6,28,20:30,2,1,1,2,7,38108,M,"45,0663830","5,3653570",38
202000041765,20,6,24,17:40,1,1,1,1,4,62849,M,"50,4030950","1,6566070",62
202000041766,20,6,28,16:50,1,2,6,7,6,83067,M,"43,3154680","6,2763050",83
202000041767,20,6,29,17:35,1,2,1,1,6,79066,M,"46,4865450"," -0,4072420",79
202000041768,20,6,27,09:15,1,1,2,1,3,80338,M,"49,8830770","2,4979730",80
202000041769,20,6,29,16:25,1,1,3,1,1,82020,M,"43,8514890","1,1387160",82
202000041770,20,6,28,01:30,3,1,9,1,7,11253,M,"43,2919510","2,2238620",11
202000041771,20,10,24,11:18,1,2,3,1,6,79191,M,"46,3292000"," -0,4680600",79
202000041772,20,10,23,10:20,1,2,1,3,3,74305,M,"46,2015400","6,2361200",74
202000041773,20,10,24,20:50,5,2,2,1,1,64129,M,"43,3087612"," -0,3802536",64
202000041774,20,10,24,21:05,5,2,2,1,7,64102,M,"43,5044600"," -1,4671800",64
202000041775,20,10,24,11:00,1,2,1,1,3,64102,M,"43,5033400"," -1,4657800",64
202000041776,20,10,1,14:05,1,2,4,2,3,59350,M,"50,6219380","3,0926620",59
202000041777,20,10,24,11:30,1,2,6,1,3,54184,M,"48,7088100","6,2439000",54
202000041778,20,10,23,12:00,1,2,3,1,7,51454,M,"49,2517922","4,0614192",51
202000041779,20,10,24,09:45,1,2,1,1,6,45284,M,"47,9080200","1,9623800",45
202000041780,20,10,24,02:15,3,1,1,8,6,39150,M,"47,0626660","5,4488320",39
202000041781,20,10,24,18:50,5,1,1,1,3,38169,M,"45,1903000","5,6902000",38
202000041782,20,10,23,22:30,3,1,1,1,7,37195,M,"47,3849424","0,6508182",37
202000041783,20,10,24,17:30,2,2,1,2,2,35238,M,"48,1373100"," -1,6588300",35
202000041784,20,10,24,18:45,1,2,3,1,3,34172,M,"43,5951800","3,8618690",34
202000041785,20,10,24,11:39,1,2,1,2,6,29232,M,"48,0001600"," -4,1096400",29
202000041786,20,10,24,08:30,1,2,1,2,6,29019,M,"48,3845589"," -4,4874479",29
202000041787,20,10,23,12:45,1,2,9,7,6,27375,M,"49,2101600","1,1705200",27
202000041788,20,10,23,09:55,1,2,1,1,2,26198,M,"44,5656000","4,7601000",26
202000041789,20,10,20,16:30,1,2,9,1,3,25388,M,"47,5087800","6,8088400",25
202000041790,20,10,22,19:02,5,2,1,2,1,25388,M,"47,5008190","6,7913590",25
202000041791,20,10,18,20:00,5,2,3,1,3,18033,M,"47,0814800","2,4028500",18
202000041792,20,10,24,20:40,5,2,1,1,7,13002,M,"43,3413300","5,4855500",13
202000041793,20,10,24,19:30,2,2,1,1,3,13206,M,"43,2827060","5,3852160",13
202000041794,20,10,24,13:45,1,2,1,1,2,13201,M,"43,2930740","5,3746440",13
202000041795,20,10,24,00:15,5,2,1,1,1,13004,M,"43,6714230","4,6422407",13
202000041796,20,10,23,19:00,3,1,1,8,6,10333,M,"48,2849700","4,0398600",10
202000041797,20,10,24,20:10,5,2,2,1,6,06069,M,"43,6488500","6,9313600",06
202000041798,20,10,24,13:40,1,2,1,1,1,06069,M,"43,6676160","6,9494960",06
202000041799,20,10,24,12:20,1,2,1,1,3,06027,M,"43,6637300","7,1488200",06
202000041800,20,10,23,15:03,1,2,1,1,4,75116,M,"48,8665240","2,2687920",75
202000041801,20,10,24,19:50,3,2,3,2,6,75119,M,"48,8755930","2,3874170",75
202000041802,20,10,24,14:25,1,2,3,2,6,75119,M,"48,8733030","2,3780780",75
202000041803,20,10,23,19:20,5,2,2,1,6,75118,M,"48,9006890","2,3442120",75
202000041804,20,10,23,19:00,5,2,3,1,6,75117,M,"48,8783460","2,2942800",75
202000041805,20,10,22,20:50,5,2,7,1,-1,75117,M,"48,8871700","2,2979830",75
202000041806,20,10,24,20:35,5,2,2,2,3,75116,M,"48,8513730","2,2785330",75
202000041807,20,10,24,06:45,5,2,3,1,6,75115,M,"48,8376220","2,2908730",75
202000041808,20,10,22,17:30,1,2,1,1,6,75115,M,"48,8368820","2,2976260",75
202000041809,20,10,24,20:25,5,2,3,1,4,75114,M,"48,8302460","2,3259290",75
202000041810,20,10,23,22:30,5,2,7,1,3,75114,M,"48,8245350","2,3192570",75
202000041811,20,10,24,09:30,1,2,1,1,-1,75111,M,"48,8683150","2,3673330",75
202000041812,20,10,24,19:40,5,2,5,2,6,75110,M,"48,8821860","2,3632010",75
202000041813,20,10,24,12:10,1,2,1,8,3,75110,M,"48,8730840","2,3589280",75
202000041814,20,10,23,20:40,5,2,4,1,6,75109,M,"48,8760280","2,3444980",75
202000041815,20,10,24,19:45,5,2,1,2,3,75101,M,"48,8592880","2,3400290",75
202000041816,20,10,24,19:10,5,2,3,2,1,75104,M,"48,8542650","2,3637630",75
202000041817,20,10,24,16:05,1,2,1,1,7,75103,M,"48,8652560","2,3552800",75
202000041818,20,10,24,11:30,1,2,3,1,2,94078,M,"48,7373800","2,4524400",94
202000041819,20,10,24,12:15,1,2,1,1,3,94052,M,"48,8355100","2,4928000",94
202000041820,20,10,23,15:00,1,2,3,1,3,94041,M,"48,8084500","2,4040100",94
202000041821,20,10,24,20:15,5,2,1,2,6,93051,M,"48,8488000","2,5560000",93
202000041822,20,10,24,21:40,5,2,3,1,1,93050,M,"48,8640200","2,5499200",93
202000041823,20,10,23,22:15,5,2,3,1,3,93048,M,"48,8625124","2,4820380",93
202000041824,20,10,24,10:40,1,2,1,8,3,93047,M,"48,8982210","2,5557724",93
202000041825,20,10,24,19:50,5,2,3,1,3,93008,M,"48,9064600","2,4410900",93
202000041826,20,10,24,01:25,5,2,1,1,2,93007,M,"48,9450800","2,4351400",93
202000041827,20,10,24,19:20,5,2,1,1,3,92078,M,"48,9355400","2,3323300",92
202000041828,20,10,23,20:00,3,1,1,2,1,12105,M,"44,2473970","2,0278360",12
202000041829,20,10,25,11:25,1,2,1,2,6,95229,M,"49,0309080","2,3616320",95
202000041830,20,10,24,15:30,1,1,1,1,6,80296,M,"50,0325280","2,0580050",80
202000041831,20,10,19,18:45,2,1,4,1,1,67149,M,"48,7259230","7,4156990",67
202000041832,20,10,24,11:30,1,2,1,1,1,62015,M,"50,4365200","1,6512100",62
202000041833,20,10,25,17:20,1,1,3,1,1,42242,M,"45,5451606","4,6301658",42
202000041834,20,10,25,14:25,1,2,1,1,6,83130,M,"43,1894080","6,0555430",83
202000041835,20,10,24,10:30,1,1,1,2,1,56166,M,"47,9087560"," -3,2764380",56
202000041836,20,10,24,21:20,3,1,1,2,6,67436,M,"48,3993200","7,1405120",67
202000041837,20,10,24,14:39,1,1,1,2,1,2A330,M,"42,0695926","8,9830580",2A
202000041838,20,10,24,19:45,3,2,1,2,1,2B354,M,"42,1520780","9,1544810",2B
202000041839,20,10,25,07:40,1,1,1,1,1,82112,M,"44,1278000","1,0682000",82
202000041840,20,10,24,17:30,1,2,1,1,1,71230,M,"46,6034767","4,0616082",71
202000041841,20,10,25,12:50,1,2,1,2,6,89086,M,"47,9216700","3,1740240",89
202000041842,20,10,24,19:30,5,2,1,1,6,89204,M,"47,5833790","4,0050320",89
202000041843,20,10,13,20:20,3,1,1,1,6,63210,M,"45,9173330","3,3600780",63
202000041844,20,10,25,03:05,3,1,1,1,6,55217,M,"48,4837320","5,6966200",55
202000041845,20,10,25,16:00,1,2,1,1,6,34310,M,"43,4234520","3,1649740",34
202000041846,20,10,24,14:20,1,1,1,1,1,38389,M,"45,5673500","5,1063500",38
202000041847,20,10,24,11:30,1,2,9,1,6,02176,M,"49,4032520","3,5716720",02
202000041848,20,10,25,13:25,1,1,2,1,3,01073,M,"45,8268330","5,7161150",01
202000041849,20,10,25,00:50,3,1,6,2,7,72039,M,"48,1838880","0,4529920",72
202000041850,20,10,25,17:15,2,1,1,3,6,72386,M,"48,0204130","0,2680880",72
202000041851,20,10,24,18:20,3,1,1,1,6,06102,M,"44,0582170","7,1185830",06
202000041852,20,10,23,14:45,1,1,1,1,3,14389,M,"49,0696630"," -0,6756230",14
202000041853,20,10,25,11:30,1,2,1,1,6,07313,M,"45,3175620","4,7653200",07
202000041854,20,10,24,09:15,1,1,1,1,1,07050,M,"44,4309810","4,1324650",07
202000041855,20,10,24,17:30,1,1,1,1,7,04065,M,"44,0634900","5,8656690",04
202000041856,20,10,23,19:36,3,1,3,1,3,85140,M,"46,7481700"," -0,8961610",85
202000041857,20,10,24,13:40,1,1,2,1,3,27466,M,"49,0710830","0,8723830",27
202000041858,20,10,24,16:30,1,1,1,1,6,17037,M,"45,8983120"," -0,1843430",17
202000041859,20,10,25,18:20,3,1,1,2,7,06018,M,"43,6115200","7,0798980",06
202000041860,20,10,25,02:00,3,1,1,2,6,98824,C," -20,4570500","164,6753000",988
202000041861,20,10,24,17:05,1,1,1,1,2,97119,A,"16,3658460"," -61,4319210",971
202000041862,20,10,25,19:00,3,1,1,3,1,77437,M,"49,0432410","2,7947870",77
202000041863,20,10,24,19:15,3,1,1,1,1,77358,M,"49,0019280","2,8462050",77
202000041864,20,10,24,19:07,2,2,1,1,7,83112,M,"43,1802080","5,6751890",83
202000041865,20,10,24,20:55,3,1,1,1,7,13100,M,"43,7844330","4,8759340",13
202000041866,20,10,24,21:30,3,1,1,8,5,89218,M,"47,9646690","3,4729780",89
202000041867,20,10,25,15:20,1,2,1,1,6,67350,M,"48,5842110","7,6400070",67
202000041868,20,10,7,17:00,1,2,6,1,1,07324,M,"45,0724300","4,8221340",07
202000041869,20,10,25,20:00,3,1,1,2,2,69246,M,"45,9355299","4,6547403",69
202000041870,20,10,23,20:35,5,2,6,2,1,79048,M,"46,3692890"," -0,2898720",79
202000041871,20,10,25,18:15,5,2,2,1,3,27386,M,"49,3144190","1,2011310",27
202000041872,20,10,24,18:30,2,2,1,1,1,27598,M,"49,2313100","1,2220100",27
202000041873,20,10,25,18:25,3,1,1,2,6,60088,M,"49,2215579","2,2055667",60
202000041874,20,10,24,09:30,1,1,1,1,7,13085,M,"43,2513250","5,5957610",13
202000041875,20,10,19,22:40,3,1,1,1,2,57663,M,"49,2275270","6,1786927",57
202000041876,20,10,24,21:15,5,1,1,1,2,33397,M,"44,9222100"," -0,4746800",33
202000041877,20,10,24,15:50,1,1,1,2,5,91377,M,"48,7184000","2,2924000",91
202000041878,20,10,24,14:40,1,1,1,2,2,94021,M,"48,7708000","2,3455300",94
202000041879,20,10,24,12:55,1,1,1,1,4,92050,M,"48,9017955","2,2030967",92
202000041880,20,10,23,20:45,3,1,1,1,4,78133,M,"48,8898240","2,0102170",78
202000041881,20,10,24,04:25,5,1,1,1,6,95203,M,"48,9782000","2,2907000",95
202000041882,20,10,23,19:50,3,1,1,1,4,93006,M,"48,8669025","2,4253006",93
202000041883,20,10,23,13:20,1,1,1,1,5,92078,M,"48,9324289","2,3220372",92
202000041884,20,10,23,17:00,1,1,1,1,3,93078,M,"48,9713639","2,4985811",93
202000041885,20,10,24,13:00,1,1,1,1,4,94028,M,"48,7934741","2,4417029",94
202000041886,20,6,23,17:20,1,2,9,1,3,84007,M,"43,9524300","4,7968500",84
202000041887,20,8,24,02:15,5,2,9,1,6,62667,M,"50,7098850","1,5805510",62
202000041888,20,10,23,18:40,5,2,3,1,2,98818,C," -22,2348100","166,4769600",988
202000041889,20,10,17,17:07,1,1,9,1,6,97416,R," -21,3098600","55,4291900",974
202000041890,20,10,22,18:40,2,1,1,1,3,97416,R," -21,3282700","55,4946200",974
202000041891,20,10,23,18:10,1,2,6,1,3,97411,R," -20,9008700","55,4924500",974
202000041892,20,10,23,08:45,1,2,2,1,3,97302,G,"4,9423526"," -52,3224306",973
202000041893,20,10,23,07:50,5,2,1,3,6,69383,M,"45,7539000","4,8611700",69
202000041894,20,10,23,20:30,5,1,1,1,2,97213,A,"14,6164403"," -61,0156471",972
202000041895,20,10,22,12:00,1,2,2,1,6,97213,A,"14,6187415"," -61,0046625",972
202000041896,20,10,23,21:05,5,2,1,3,1,69389,M,"45,7751500","4,7985500",69
202000041897,20,10,23,15:30,1,2,1,3,6,69382,M,"45,7638200","4,8350400",69
202000041898,20,10,23,14:00,1,2,1,2,-1,69259,M,"45,7224700","4,8660000",69
202000041899,20,10,10,14:30,1,2,9,1,1,69389,M,"45,7951500","4,8248700",69
202000041900,20,10,23,09:05,1,2,1,3,6,69382,M,"45,7350000","4,8174100",69
202000041901,20,10,22,12:35,1,2,1,2,6,69034,M,"45,7887964","4,8401443",69
202000041902,20,10,22,19:15,5,2,1,1,2,2B033,M,"42,6833300","9,4445300",2B
202000041903,20,10,22,17:35,1,2,1,1,6,2B033,M,"42,6943800","9,4499200",2B
202000041904,20,10,22,13:55,1,2,6,1,2,2B033,M,"42,6869400","9,4453600",2B
202000041905,20,10,22,16:15,1,2,1,1,6,95585,M,"48,9899630","2,3750830",95
202000041906,20,10,23,10:40,1,2,2,8,3,91286,M,"48,6508500","2,3825200",91
202000041907,20,10,18,21:00,4,2,4,1,1,89387,M,"48,1978600","3,2723200",89
202000041908,20,10,22,15:20,1,2,6,1,3,88209,M,"48,2048700","6,4267900",88
202000041909,20,10,22,09:10,1,2,9,1,-1,88160,M,"48,1759700","6,4440200",88
202000041910,20,10,21,15:58,1,2,3,1,3,87085,M,"45,8526500","1,2592300",87
202000041911,20,10,23,13:26,1,2,1,1,-1,83137,M,"43,1236000","5,9487000",83
202000041912,20,10,23,08:05,1,2,1,2,1,83062,M,"43,1186583","6,0056752",83
202000041913,20,10,23,17:20,1,1,1,2,5,82121,M,"44,0786600","1,3508680",82
202000041914,20,10,10,09:41,1,2,1,1,6,78646,M,"48,7992600","2,1259000",78
202000041915,20,10,23,17:20,1,2,1,2,3,78133,M,"48,9101000","2,0391000",78
202000041916,20,10,22,17:42,1,1,2,8,3,77251,M,"48,6118100","2,5541790",77
202000041917,20,10,21,11:30,1,2,1,1,3,76351,M,"49,4851100","0,1624800",76
202000041918,20,10,21,18:20,1,2,1,1,1,76351,M,"49,5062000","0,1442600",76
202000041919,20,10,21,18:05,2,1,1,1,4,76351,M,"49,5002000","0,1723700",76
202000041920,20,10,23,18:20,3,2,1,3,6,74012,M,"46,1963318","6,2596053",74
202000041921,20,10,23,01:00,4,2,1,2,1,74010,M,"45,9248000","6,1254000",74