Num_Acc,an,mois,jour,hrmn,lum,agg,int,atm,col,com,gps,lat,long,dep
202000041922,20,10,23,07:50,3,1,6,2,3,71540,M,"46,7676900","4,4530700",71
202000041923,20,10,9,12:00,1,2,1,1,2,69290,M,"45,7076100","4,9079400",69
202000041924,20,10,22,08:42,1,1,1,1,3,66136,M,"42,6764200","2,8452100",66
202000041925,20,10,23,18:20,2,2,1,1,2,64445,M,"43,3055000"," -0,3745400",64
202000041926,20,10,23,16:50,1,2,2,1,3,64445,M,"43,3102600"," -0,3466400",64
202000041927,20,10,21,14:30,1,2,1,1,3,64024,M,"43,4906700"," -1,5117400",64
202000041928,20,10,22,17:10,1,2,1,1,6,63113,M,"45,7652500","3,0839600",63
202000041929,20,9,29,08:40,1,1,1,2,5,62215,M,"50,4800100","2,9637200",62
202000041930,20,9,29,09:20,1,2,1,1,6,62528,M,"50,4561900","2,7937600",62
202000041931,20,10,23,08:00,2,2,3,5,6,59512,M,"50,6768800","3,1765200",59
202000041932,20,10,23,16:25,1,2,2,1,3,59220,M,"50,6059750","3,0646907",59
202000041933,20,10,20,13:40,1,2,6,2,3,58194,M,"46,9941100","3,1362600",58
202000041934,20,10,17,05:30,5,2,9,1,6,58194,M,"46,9850900","3,1578500",58
202000041935,20,7,24,16:27,1,2,1,1,3,54528,M,"48,6707690","5,8931020",54
202000041936,20,10,20,17:23,1,2,3,1,6,47031,M,"44,1786900","0,6346100",47
202000041937,20,10,24,02:27,5,2,1,1,6,45075,M,"47,8902000","1,8474000",45
202000041938,20,10,23,18:35,1,2,1,1,6,45234,M,"47,8979100","1,8802700",45
202000041939,20,10,23,07:00,5,2,2,2,1,45234,M,"47,8456800","1,9406000",45
202000041940,20,8,13,22:00,5,2,3,1,3,43157,M,"45,0419800","3,8827600",43
202000041941,20,10,23,21:20,5,2,1,1,2,42187,M,"46,0318000","4,0673800",42
202000041942,20,10,23,10:50,1,2,2,1,6,38185,M,"45,1653800","5,7303000",38
202000041943,20,10,23,18:06,1,1,1,1,2,35238,M,"48,1130500"," -1,7187400",35
202000041944,20,10,23,14:00,1,2,1,1,2,35238,M,"48,1041800"," -1,7165100",35
202000041945,20,10,23,04:40,5,2,1,1,7,35238,M,"48,1306565"," -1,6476917",35
202000041946,20,10,22,22:45,5,2,1,1,2,35238,M,"48,1138800"," -1,6981500",35
202000041947,20,10,23,20:40,5,2,1,1,2,34172,M,"43,6118400","3,8250500",34
202000041948,20,10,23,10:20,1,2,8,8,3,34172,M,"43,6199900","3,8327700",34
202000041949,20,10,23,06:30,5,2,1,8,7,34172,M,"43,6183600","3,8645000",34
202000041950,20,10,22,17:15,1,2,1,1,5,31149,M,"43,6046200","1,3077800",31
202000041951,20,10,23,08:30,2,1,6,2,7,29232,M,"48,0126973"," -4,0883893",29
202000041952,20,10,13,11:20,1,2,4,1,3,22187,M,"48,5340273"," -2,7573109",22
202000041953,20,10,23,13:10,1,2,1,2,6,13117,M,"43,4269100","5,2666300",13
202000041954,20,10,23,11:00,1,2,7,2,-1,13206,M,"43,2879900","5,3791100",13
202000041955,20,10,22,15:15,1,1,1,2,6,11069,M,"43,2042400","2,3825100",11
202000041956,20,10,23,07:33,5,2,1,3,7,10387,M,"48,2864300","4,0773500",10
202000041957,20,10,22,14:16,1,2,1,2,5,10297,M,"48,3253400","4,1145200",10
202000041958,20,10,22,10:10,1,2,1,1,7,10081,M,"48,3069100","4,0411200",10
202000041959,20,10,23,15:04,1,2,1,8,3,09207,M,"42,9414757","1,6300789",09
202000041960,20,10,21,17:57,1,2,1,1,1,08346,M,"49,7551400","4,7010700",08
202000041961,20,10,23,15:00,1,1,1,3,6,07281,M,"44,9344710","4,8199830",07
202000041962,20,10,21,09:40,1,2,1,1,5,06069,M,"43,6453900","6,9027000",06
202000041963,20,8,28,08:15,1,2,1,1,2,45234,M,"47,9082700","1,9041900",45
202000041964,20,8,27,12:10,1,2,3,1,6,44184,M,"47,2742900"," -2,2134900",44
202000041965,20,8,27,10:20,1,2,1,1,6,38318,M,"45,5274500","4,9158000",38
202000041966,20,8,28,12:55,1,2,1,1,2,37208,M,"47,3711010","0,7158869",37
202000041967,20,8,28,20:40,2,1,1,2,6,35051,M,"48,1542000"," -1,6245100",35
202000041968,20,8,28,20:45,2,2,1,2,3,34129,M,"43,5834700","3,9268200",34
202000041969,20,8,28,13:20,1,2,3,1,3,34172,M,"43,6282500","3,8219000",34
202000041970,20,8,29,02:30,5,2,3,1,2,33063,M,"44,8287400"," -0,5633800",33
202000041971,20,8,28,18:10,1,2,1,1,3,33192,M,"44,7794800"," -0,6092200",33
202000041972,20,8,29,02:05,5,2,1,2,7,33009,M,"44,6625800"," -1,1665100",33
202000041973,20,8,28,16:35,1,2,1,1,1,33529,M,"44,6377900"," -1,1716800",33
202000041974,20,8,28,08:30,1,2,6,2,1,31557,M,"43,5848200","1,3253800",31
202000041975,20,8,27,09:40,1,2,6,1,3,30007,M,"44,1252930","4,0912690",30
202000041976,20,8,28,04:45,3,2,1,1,6,29019,M,"48,4000608"," -4,4688461",29
202000041977,20,8,19,18:00,1,2,1,1,3,29019,M,"48,4053764"," -4,4723458",29
202000041978,20,8,28,16:25,1,2,1,2,6,25204,M,"46,9222600","6,3425300",25
202000041979,20,8,28,18:40,1,2,9,1,2,25056,M,"47,2332000","5,9745700",25
202000041980,20,8,27,19:40,1,2,1,1,4,21054,M,"47,0279400","4,8397000",21
202000041981,20,8,27,12:20,1,2,6,1,3,17333,M,"45,5896769"," -0,9872246",17
202000041982,20,8,28,16:24,1,1,1,1,2,17028,M,"46,1488300"," -1,1109300",17
202000041983,20,8,28,09:20,1,2,1,1,6,13201,M,"43,2955300","5,3774400",13
202000041984,20,8,29,00:15,3,1,9,1,3,13001,M,"43,4801500","5,4232100",13
202000041985,20,8,28,16:34,1,2,1,1,4,10387,M,"48,2971630","4,0746260",10
202000041986,20,8,28,15:20,1,2,2,1,5,06088,M,"43,6978000","7,2577000",06
202000041987,20,8,26,17:40,1,2,9,1,2,06027,M,"43,6527800","7,1439400",06
202000041988,20,8,28,22:24,5,2,1,1,5,06155,M,"43,5674000","7,0793700",06
202000041989,20,8,28,21:26,5,2,1,1,6,06004,M,"43,5807700","7,1170100",06
202000041990,20,8,27,20:18,2,2,6,1,-1,05061,M,"44,5578500","6,0687900",05
202000041991,20,8,27,11:15,1,2,2,1,3,03023,M,"46,1130786","3,4005901",03
202000041992,20,8,27,19:25,1,2,1,1,1,01053,M,"46,1983100","5,2693300",01
202000041993,20,8,27,14:30,1,2,3,1,3,75101,M,"48,8569040","2,3434510",75
202000041994,20,8,28,09:50,1,2,3,1,6,75119,M,"48,8741400","2,3756800",75
202000041995,20,8,28,20:50,5,2,5,1,3,75118,M,"48,8904300","2,3484570",75
202000041996,20,8,28,11:50,1,2,2,1,6,75117,M,"48,8840270","2,3185070",75
202000041997,20,8,28,16:30,1,2,4,1,2,75116,M,"48,8632410","2,2960090",75
202000041998,20,8,27,19:55,1,2,1,1,3,75114,M,"48,8299660","2,3260040",75
202000041999,20,8,28,09:15,1,2,1,1,-1,75111,M,"48,8571420","2,3904770",75
202000042000,20,8,28,17:20,1,2,3,8,6,75110,M,"48,8784730","2,3566820",75
202000042001,20,8,28,17:35,1,2,2,8,3,75110,M,"48,8715290","2,3603330",75
202000042002,20,8,27,16:40,1,2,7,8,3,75108,M,"48,8732910","2,2955510",75
202000042003,20,8,28,06:15,2,2,5,1,6,75102,M,"48,8648180","2,3450920",75
202000042004,20,8,28,12:45,1,2,3,1,3,94076,M,"48,8015486","2,3600729",94
202000042005,20,8,28,13:50,1,2,1,8,3,94073,M,"48,7581620","2,3729670",94
202000042006,20,8,27,16:20,1,2,3,1,3,94028,M,"48,7958390","2,4475360",94
202000042007,20,8,28,20:30,2,1,1,2,6,93073,M,"49,0022149","2,5370029",93
202000042008,20,8,28,00:25,5,2,3,1,3,93007,M,"48,9396100","2,4559700",93
202000042009,20,8,28,19:55,2,2,1,2,6,93049,M,"48,8600489","2,5077856",93
202000042010,20,8,28,19:25,1,2,2,2,5,93049,M,"48,8526020","2,5120610",93
202000042011,20,8,28,12:50,1,2,3,8,6,93045,M,"48,8795000","2,4220000",93
202000042012,20,8,28,19:20,1,2,1,2,1,93057,M,"48,9073583","2,4967074",93
202000042013,20,8,28,19:00,1,2,7,2,3,92076,M,"48,8372991","2,1527580",92
202000042014,20,8,28,15:00,1,2,1,8,7,92049,M,"48,8176151","2,3247175",92
202000042015,20,8,28,01:20,1,2,3,8,-1,92049,M,"48,8162552","2,3059118",92
202000042016,20,8,28,09:40,1,2,2,8,3,92044,M,"48,8982796","2,2943402",92
202000042017,20,8,28,20:00,2,2,9,8,1,92062,M,"48,8836144","2,2249407",92
202000042018,20,8,28,21:40,5,2,3,1,5,92026,M,"48,8901325","2,2562568",92
202000042019,20,8,28,00:46,5,2,2,1,3,92024,M,"48,9000253","2,3062163",92
202000042020,20,8,28,15:00,1,2,1,1,2,92002,M,"48,7601292","2,3041666",92
202000042021,20,8,18,19:00,5,2,3,1,3,97415,R," -21,0113000","55,2738480",974
202000042022,20,8,29,06:58,2,1,1,2,6,76517,M,"49,5312740","1,2081820",76
202000042023,20,8,29,03:40,5,2,1,8,6,09105,M,"43,1476540","1,3008280",09
202000042024,20,8,29,15:00,1,1,4,1,4,36237,M,"47,0708620","1,5924570",36
202000042025,20,8,22,21:30,3,1,1,1,6,81222,M,"43,7701410","2,1725360",81
202000042026,20,8,28,21:15,1,2,1,1,6,97422,R," -21,2887130","55,5237710",974
202000042027,20,8,29,10:40,1,2,3,1,3,01427,M,"45,9451780","4,7904470",01
202000042028,20,8,28,15:00,1,1,1,1,3,83048,M,"43,1998470","6,6022480",83
202000042029,20,8,29,10:46,1,2,1,1,1,42284,M,"46,0848110","3,9812092",42
202000042030,20,8,28,05:00,5,2,1,3,2,72008,M,"47,9521960","0,1806740",72
202000042031,20,8,28,19:28,1,1,1,3,6,34163,M,"43,6305240","3,6883110",34
202000042032,20,8,29,09:27,1,1,2,1,3,62070,M,"50,3877680","2,4590680",62
202000042033,20,8,28,21:45,3,1,1,1,1,83116,M,"43,4344380","5,8796950",83
202000042034,20,8,28,14:40,1,2,2,1,3,76196,M,"49,6269965","0,2622293",76
202000042035,20,8,29,10:39,1,2,2,1,1,82134,M,"44,0753570","1,5211210",82
202000042036,20,8,28,09:55,1,2,3,1,3,89246,M,"47,6258060","3,9732530",89
202000042037,20,8,28,19:00,1,1,4,1,1,89155,M,"47,7035380","3,6136870",89
202000042038,20,8,29,16:10,1,1,1,1,7,63028,M,"45,4829010","2,6157600",63
202000042039,20,8,28,15:25,1,1,1,1,1,41161,M,"47,5176060","2,0356040",41
202000042040,20,8,28,06:45,2,1,1,1,1,22101,M,"48,7377700"," -3,2706320",22
202000042041,20,8,26,05:30,3,1,1,1,6,29174,M,"47,9228547"," -4,2807417",29
202000042042,20,8,28,21:00,3,1,1,3,2,38343,M,"45,5462300","5,6516650",38
202000042043,20,8,29,20:52,1,1,9,8,7,02104,M,"49,3810670","3,8505690",02
202000042044,20,8,29,17:30,1,1,1,1,7,03093,M,"46,1777895","3,4415709",03
202000042045,20,8,28,19:00,1,1,1,2,1,15025,M,"45,1013730","2,8879770",15
202000042046,20,8,29,11:50,1,1,1,8,6,15092,M,"45,4154690","2,5026990",15
202000042047,20,8,29,10:15,1,1,1,1,6,70273,M,"47,4977490","6,5214590",70
202000042048,20,8,29,14:15,1,1,1,1,7,70456,M,"47,4612760","6,1352850",70
202000042049,20,8,28,22:00,3,1,1,3,2,26208,M,"44,8147080","4,9236990",26
202000042050,20,8,29,11:30,1,1,1,3,1,05068,M,"44,5023520","6,0812760",05
202000042051,20,8,28,18:45,1,1,1,2,2,50518,M,"48,7964690"," -1,1416490",50
202000042052,20,8,27,12:15,1,1,1,1,1,83002,M,"43,7537370","6,3027190",83
202000042053,20,8,28,23:00,3,1,1,8,6,18077,M,"47,1255200","2,8394940",18
202000042054,20,8,29,12:20,1,2,1,1,7,43167,M,"45,0880070","3,5490830",43
202000042055,20,8,28,21:10,2,1,1,1,5,16104,M,"46,0437900","0,2211410",16
202000042056,20,8,28,19:20,1,1,1,3,7,53225,M,"48,2119050"," -0,8093670",53
202000042057,20,8,28,09:50,1,1,2,1,3,40259,M,"43,8131550"," -0,2965070",40
202000042058,20,8,29,09:40,1,1,5,1,3,24323,M,"45,2674870","0,2345320",24
202000042059,20,8,29,03:45,3,1,1,2,6,04045,M,"43,8567800","5,6063320",04
202000042060,20,8,29,16:50,1,1,1,2,7,04004,M,"43,7826776","5,9923205",04
202000042061,20,8,28,09:00,1,2,1,1,7,04031,M,"43,9261870","6,1235740",04
202000042062,20,8,29,09:15,1,1,1,1,1,17293,M,"46,1343390"," -0,7873470",17
202000042063,20,8,28,07:30,1,1,1,1,2,30059,M,"43,6870840","4,2334270",30
202000042064,20,8,28,15:40,1,1,1,2,6,48050,M,"44,3386750","3,5968640",48
202000042065,20,8,26,23:30,3,2,1,1,6,34337,M,"43,5199130","3,8771600",34
202000042066,20,8,28,15:30,1,1,4,1,3,98715,P," -17,5706650"," -149,6150480",987
202000042067,20,8,28,12:30,1,1,1,1,5,97602,Y," -12,7309920","45,1306990",976
202000042068,20,8,28,13:36,1,1,1,1,7,30189,M,"43,8096320","4,3451360",30
202000042069,20,8,28,20:30,3,1,1,3,1,30344,M,"43,7502541","4,2287625",30
202000042070,20,7,26,07:30,1,1,1,1,6,98729,P," -17,5331890"," -149,8386110",987
202000042071,20,8,28,21:30,3,1,1,2,6,98803,C," -21,4489240","165,4730660",988
202000042072,20,8,28,16:30,1,1,1,1,1,33245,M,"44,8038400"," -0,4498200",33
202000042073,20,8,28,21:30,3,1,1,2,6,33203,M,"45,1936280"," -0,9374810",33
202000042074,20,8,29,14:15,1,1,1,1,1,77175,M,"48,6313420","2,6446900",77
202000042075,20,8,29,05:50,2,1,1,1,1,95119,M,"49,1980550","1,6989760",95
202000042076,20,8,28,17:00,1,1,1,1,6,2B314,M,"42,6644030","9,2075940",2B
202000042077,20,8,29,02:20,3,1,1,1,1,2A247,M,"41,4906709","9,2443907",2A
202000042078,20,8,18,07:00,2,1,1,1,6,11322,M,"42,9901740","2,9722630",11
202000042079,20,7,25,21:00,2,1,4,1,3,84053,M,"44,3973330","4,9200300",84
202000042080,20,8,29,02:10,5,2,1,2,6,05073,M,"44,3291210","5,8339280",05
202000042081,20,8,28,20:30,3,1,1,3,3,38068,M,"45,1071770","5,7112580",38
202000042082,20,8,28,22:20,3,1,3,3,1,26182,M,"44,3292280","5,1040290",26
202000042083,20,8,29,07:59,1,1,1,2,1,07279,M,"44,4155210","4,6539870",07
202000042084,20,8,28,20:15,3,1,1,1,1,69107,M,"46,0380250","4,4904520",69
202000042085,20,8,26,22:40,5,2,9,1,1,81271,M,"43,7697230","1,6721370",81
202000042086,20,8,28,15:46,1,2,1,3,1,09194,M,"43,0863400","1,8661420",09
202000042087,20,8,29,11:00,1,2,1,2,1,14325,M,"49,2944080"," -0,2928700",14
202000042088,20,8,5,16:25,1,2,1,1,3,22162,M,"48,7846570"," -3,0487010",22
202000042089,20,8,28,08:45,1,2,6,2,6,76244,M,"49,6943160","1,3652340",76
202000042090,20,8,25,08:25,1,1,1,1,6,13215,M,"43,3471070","5,3722280",13
202000042091,20,8,28,20:00,1,1,1,1,4,33063,M,"44,8815900"," -0,5459300",33
202000042092,20,8,28,18:55,1,1,1,1,2,33063,M,"44,8812200"," -0,5438600",33
202000042093,20,8,26,04:30,5,1,1,1,2,33550,M,"44,7778900"," -0,5572700",33
202000042094,20,5,28,18:25,1,1,1,1,5,91286,M,"48,6553300","2,3792000",91
202000042095,20,8,27,21:38,3,1,1,8,-1,91174,M,"48,6220400","2,4631400",91
202000042096,20,8,28,14:10,1,1,1,2,4,78640,M,"48,7772300","2,2236260",78
202000042097,20,8,28,13:45,2,1,1,1,2,93029,M,"48,9183200","2,4289400",93
202000042098,20,8,28,05:20,3,1,1,1,2,95582,M,"48,9721600","2,2477700",95
202000042099,20,8,27,21:40,3,1,1,2,5,95572,M,"49,0323000","2,1094000",95
202000042100,20,8,28,19:40,3,1,1,8,2,77294,M,"48,9667590","2,6055650",77
202000042101,20,8,28,18:00,1,1,1,1,-1,77181,M,"48,8307620","2,6932870",77
202000042102,20,8,24,11:00,1,1,1,1,6,94081,M,"48,7741496","2,4071918",94
202000042103,20,6,20,11:40,1,2,1,1,6,74010,M,"45,8766920","6,0894340",74
202000042104,20,8,27,09:28,1,2,9,1,3,97411,R," -20,8875700","55,4417000",974
202000042105,20,8,26,06:10,1,2,1,1,7,97407,R," -20,9409400","55,3073100",974
202000042106,20,8,27,23:55,5,2,3,1,-1,69383,M,"45,7556200","4,8475300",69
202000042107,20,8,27,17:53,1,2,1,1,1,69387,M,"45,7473800","4,8351500",69
202000042108,20,8,27,23:10,1,2,9,1,2,97213,A,"14,6184600"," -61,0048600",972
202000042109,20,8,27,04:45,5,2,1,2,7,97209,A,"14,6299500"," -61,0598840",972
202000042110,20,8,27,17:40,1,2,1,1,3,69384,M,"45,7759558","4,8209281",69
202000042111,20,8,27,13:15,1,2,2,1,5,69286,M,"45,8138700","4,8882300",69
202000042112,20,8,26,08:10,1,2,1,1,6,69381,M,"45,7685600","4,8368600",69
202000042113,20,8,26,22:05,5,2,9,1,3,2A004,M,"41,9284151","8,7401224",2A
202000042114,20,8,27,18:45,1,2,7,1,3,95268,M,"48,9738000","2,3897000",95
202000042115,20,8,27,18:05,1,2,1,1,1,91687,M,"48,6536000","2,3701900",91
202000042116,20,8,27,09:00,1,2,2,1,3,87085,M,"45,8827200","1,2866200",87
202000042117,20,8,23,09:20,1,1,1,1,3,84007,M,"43,9225121","4,8647118",84
202000042118,20,8,26,14:45,1,2,1,1,2,80021,M,"49,8948000","2,3087100",80
202000042119,20,8,26,11:20,1,2,1,1,1,80021,M,"49,9119300","2,2570100",80
202000042120,20,8,27,11:09,1,2,2,1,3,74200,M,"46,3979700","6,6147400",74
202000042121,20,8,26,15:10,1,2,1,1,2,67482,M,"48,5663101","7,7663845",67
202000042122,20,8,26,12:00,1,2,1,1,7,67482,M,"48,5787524","7,7142281",67
202000042123,20,8,27,15:10,1,2,6,1,3,64102,M,"43,4633000"," -1,4957300",64
202000042124,20,8,27,16:40,1,2,1,8,3,60057,M,"49,4411690","2,0904107",60
202000042125,20,8,26,10:19,1,2,1,1,6,57508,M,"49,3440000","6,0480000",57
202000042126,20,8,26,20:07,2,2,2,1,3,54482,M,"48,6995080","6,2043639",54
202000042127,20,8,26,13:55,1,2,2,1,3,54526,M,"48,6756631","6,2189450",54
202000042128,20,8,26,09:45,1,2,1,1,3,54547,M,"48,6677463","6,1677316",54
202000042129,20,8,26,08:00,1,2,2,1,3,54395,M,"48,6773977","6,1865379",54
202000042130,20,8,27,15:42,1,2,2,1,3,51474,M,"49,2636101","3,9835122",51
202000042131,20,8,27,08:15,1,2,1,1,3,51454,M,"49,2605049","4,0220912",51
202000042132,20,8,27,10:10,1,1,1,1,7,45308,M,"47,9323500","1,9701000",45
202000042133,20,8,26,12:15,1,2,1,1,6,45208,M,"47,9958800","2,7335700",45
202000042134,20,8,27,12:15,1,2,1,1,3,44162,M,"47,2203500"," -1,6236200",44
202000042135,20,8,24,14:55,1,2,6,1,-1,44143,M,"47,1887700"," -1,5513100",44
202000042136,20,8,24,18:45,1,2,2,7,3,42071,M,"46,0277100","4,0872400",42
202000042137,20,8,17,13:50,1,2,2,1,3,33119,M,"44,8591500"," -0,5240400",33
202000042138,20,8,21,19:30,1,2,6,1,3,33063,M,"44,8120400"," -0,5700000",33
202000042139,20,8,26,02:00,5,2,2,1,3,33063,M,"44,8407800"," -0,5920700",33
202000042140,20,8,28,02:15,3,1,1,1,6,33529,M,"44,6172000"," -1,1147000",33
202000042141,20,8,27,13:50,1,2,3,1,3,32013,M,"43,6431209","0,5867456",32
202000042142,20,8,27,08:00,1,2,1,1,3,31555,M,"43,6234600","1,4271200",31
202000042143,20,8,27,00:21,5,2,6,1,7,30189,M,"43,8134600","4,3406400",30
202000042144,20,8,26,11:15,1,1,1,1,4,29232,M,"47,9843600"," -4,1134700",29
202000042145,20,8,26,17:45,2,2,9,1,3,26362,M,"44,9122510","4,8816630",26
202000042146,20,8,22,00:26,5,2,1,1,6,25388,M,"47,5003100","6,7970820",25
202000042147,20,8,27,20:35,2,2,1,1,1,18279,M,"47,2300000","2,0500000",18
202000042148,20,8,26,17:45,1,2,6,1,3,15014,M,"44,9109400","2,4518000",15
202000042149,20,8,27,18:30,1,1,1,2,-1,14341,M,"49,1466337"," -0,3459879",14
202000042150,20,8,27,17:15,1,2,3,2,2,14301,M,"49,1857200"," -0,2870600",14
202000042151,20,8,27,10:45,1,2,1,1,2,13209,M,"43,2601200","5,4157400",13
202000042152,20,8,26,16:15,1,2,1,1,-1,13215,M,"43,3844600","5,3586000",13
202000042153,20,8,26,02:40,5,2,2,1,3,13207,M,"43,2904000","5,3759300",13
202000042154,20,8,25,12:30,1,2,2,1,3,11262,M,"43,2001000","2,9696300",11
202000042155,20,8,20,11:05,1,2,3,1,1,11262,M,"43,1909300","3,0067500",11
202000042156,20,8,23,17:20,1,2,1,1,1,07186,M,"44,7318600","4,5936800",07
202000042157,20,8,27,12:21,1,2,1,1,5,06069,M,"43,6343300","6,9518480",06
202000042158,20,3,11,09:10,1,2,1,1,6,69286,M,"45,8186600","4,9049700",69
202000042159,20,3,10,07:00,2,2,4,2,6,69149,M,"45,7135200","4,8054300",69
202000042160,20,3,10,21:10,5,2,1,1,-1,97101,A,"16,2387000"," -61,5297000",971
202000042161,20,3,10,21:00,5,2,3,1,3,2A004,M,"41,9165276","8,7230735",2A
202000042162,20,3,6,22:00,5,2,3,1,3,91687,M,"48,6671580","2,3770590",91
202000042163,20,3,11,15:10,1,2,6,1,6,91201,M,"48,6862750","2,3965090",91
202000042164,20,3,11,20:15,5,2,5,8,1,90010,M,"47,6414590","6,8571850",90
202000042165,20,3,10,15:30,1,2,1,1,6,80021,M,"49,8921800","2,3080800",80
202000042166,20,3,10,15:10,1,2,1,1,4,80021,M,"49,9060410","2,2894210",80
202000042167,20,3,10,17:00,1,2,1,1,2,80021,M,"49,9099400","2,2525800",80
202000042168,20,3,11,19:05,1,2,4,1,-1,77118,M,"48,9410000","2,6660000",77
202000042169,20,2,5,18:30,3,1,1,1,3,77186,M,"48,3961716","2,7282894",77
202000042170,20,3,10,19:20,5,1,1,2,7,76410,M,"49,4738100","1,0290400",76
202000042171,20,3,10,20:50,3,1,2,1,3,73029,M,"45,5680907","5,9405629",73
202000042172,20,3,10,17:10,1,2,1,1,6,72181,M,"47,9824700","0,2292900",72
202000042173,20,3,11,21:55,5,2,2,1,3,69266,M,"45,7709500","4,8698000",69
202000042174,20,3,11,17:20,1,2,1,1,4,69029,M,"45,7300700","4,9296100",69
202000042175,20,2,28,22:49,5,2,9,1,3,68066,M,"48,0773370","7,3480420",68
202000042176,20,3,10,19:20,5,2,1,2,1,67482,M,"48,5584200","7,7739500",67
202000042177,20,3,10,19:20,1,2,1,2,6,67482,M,"48,5488200","7,7418100",67
202000042178,20,3,11,15:00,1,2,1,1,2,64445,M,"43,3399500"," -0,3762800",64
202000042179,20,3,7,00:45,3,1,1,1,3,63164,M,"45,8382754","3,1583065",63
202000042180,20,3,10,16:47,1,2,4,1,3,63113,M,"45,7833100","3,0703400",63
202000042181,20,3,10,14:53,1,2,1,1,4,63075,M,"45,7748136","3,0739517",63
202000042182,20,3,7,03:10,5,2,2,1,3,63113,M,"45,7735700","3,0900000",63
202000042183,20,2,29,19:35,5,2,1,2,1,59507,M,"50,5977821","3,1014436",59
202000042184,20,3,11,09:10,1,2,9,2,6,59540,M,"51,0272810","2,3302340",59
202000042185,20,3,10,07:45,1,2,6,3,3,54547,M,"48,6506612","6,1475922",54
202000042186,20,3,10,07:40,1,2,1,3,6,54395,M,"48,6970100","6,1427600",54
202000042187,20,3,11,09:30,1,2,3,1,7,51454,M,"49,2717253","4,0263420",51
202000042188,20,3,11,08:55,1,2,3,2,3,45232,M,"47,8432778","1,9181029",45
202000042189,20,3,10,10:00,1,2,1,8,7,34032,M,"43,3524200","3,2323800",34
202000042190,20,3,11,13:45,1,1,1,1,1,34003,M,"43,3043200","3,4544200",34
202000042191,20,3,11,05:55,5,2,3,2,3,33318,M,"44,7894000"," -0,6480000",33
202000042192,20,3,11,17:00,1,2,1,1,6,33529,M,"44,6337100"," -1,1690500",33
202000042193,20,3,11,07:30,1,2,1,1,3,30007,M,"44,1023300","4,0749700",30
202000042194,20,2,19,09:01,1,2,2,1,1,29019,M,"48,4130982"," -4,4961056",29
202000042195,20,3,3,15:00,1,2,6,2,3,22278,M,"48,5102170"," -2,7569490",22
202000042196,20,3,10,12:30,1,2,1,1,3,19031,M,"45,1514190","1,5411088",19
202000042197,20,3,11,00:45,4,2,1,2,6,17300,M,"46,1429000"," -1,1538000",17
202000042198,20,3,11,09:00,1,2,1,1,2,14118,M,"49,2032600"," -0,3613600",14
202000042199,20,3,11,15:40,1,2,1,1,6,13210,M,"43,2851130","5,4129400",13
202000042200,20,3,11,12:59,1,2,2,1,3,13206,M,"43,2895700","5,3823900",13
202000042201,20,3,11,08:05,1,2,3,1,2,13201,M,"43,2976846","5,3810563",13
202000042202,20,3,11,19:20,5,2,1,1,4,13005,M,"43,2927050","5,5879720",13
202000042203,20,3,10,17:40,1,2,1,1,6,11069,M,"43,2109960","2,3449240",11
202000042204,20,3,9,21:40,5,2,9,1,7,10357,M,"48,2959100","4,1329600",10
202000042205,20,3,11,17:55,1,2,1,1,3,07281,M,"44,9428400","4,8593100",07
202000042206,20,3,11,14:15,1,2,3,1,3,06088,M,"43,6738000","7,2222000",06
202000042207,20,3,9,19:14,5,2,9,1,5,06088,M,"43,7045300","7,2735700",06
202000042208,20,3,10,17:00,1,2,6,1,3,05061,M,"44,5566818","6,0769548",05
202000042209,20,3,11,07:30,1,2,1,1,2,75115,M,"48,8348400","2,2640670",75
202000042210,20,3,11,12:00,1,2,7,1,3,75117,M,"48,8853080","2,2969090",75
202000042211,20,3,11,09:05,1,2,5,1,3,75116,M,"48,8678970","2,2956810",75
202000042212,20,3,11,07:20,1,2,3,1,7,75115,M,"48,8327600","2,3070600",75
202000042213,20,3,10,14:15,1,2,2,8,6,75115,M,"48,8384780","2,2890120",75
202000042214,20,3,11,09:05,1,2,1,1,3,75113,M,"48,8401130","2,3703100",75
202000042215,20,3,10,14:15,1,2,3,1,3,75113,M,"48,8268200","2,3650410",75
202000042216,20,3,11,14:35,1,2,4,1,3,75112,M,"48,8440310","2,4134580",75
202000042217,20,3,11,09:30,1,2,4,1,6,75111,M,"48,8667360","2,3667980",75
202000042218,20,3,11,21:05,5,2,2,1,3,75110,M,"48,8843110","2,3593660",75
202000042219,20,3,11,11:56,1,2,2,1,3,75109,M,"48,8761610","2,3311080",75
202000042220,20,3,11,09:59,1,2,2,1,3,75107,M,"48,8572650","2,3099360",75
202000042221,20,3,10,23:50,5,2,1,1,6,75104,M,"48,8493770","2,3618290",75
202000042222,20,3,11,13:00,1,2,2,1,2,75103,M,"48,8684290","2,3552750",75
202000042223,20,3,11,19:22,5,2,2,8,6,75102,M,"48,8709890","2,3459940",75
202000042224,20,3,11,09:00,1,2,7,1,3,94081,M,"48,7911000","2,3940000",94
202000042225,20,3,10,17:10,1,2,1,1,6,94080,M,"48,8477900","2,4461300",94
202000042226,20,3,11,16:30,1,2,1,1,2,94078,M,"48,7500000","2,4400000",94
202000042227,20,3,11,20:05,5,2,1,1,6,94046,M,"48,8157000","2,4456000",94