Num_Acc,an,mois,jour,hrmn,lum,agg,int,atm,col,com,gps,lat,long,dep
202000042228,20,3,11,17:55,5,2,1,1,3,94076,M,"48,7945610","2,3590130",94
202000042229,20,3,9,14:11,1,2,1,1,2,94033,M,"48,8596000","2,4900000",94
202000042230,20,3,9,09:00,1,2,1,1,6,94033,M,"48,8476300","2,4672000",94
202000042231,20,3,10,11:40,1,2,2,8,1,93078,M,"48,9581763","2,5585021",93
202000042232,20,3,10,20:20,5,2,1,1,4,93005,M,"48,9529043","2,4836177",93
202000042233,20,3,9,13:00,1,2,3,2,3,93001,M,"48,9153300","2,3675800",93
202000042234,20,3,11,15:10,1,2,1,1,3,92078,M,"48,9325120","2,3223110",92
202000042235,20,3,11,17:15,1,2,1,1,6,92064,M,"48,8465535","2,2199124",92
202000042236,20,3,11,08:52,1,2,3,1,3,92050,M,"48,8987530","2,2255740",92
202000042237,20,3,11,09:15,1,2,9,1,3,92020,M,"48,8053000","2,2980000",92
202000042238,20,3,11,18:00,2,2,1,1,3,92040,M,"48,8282080","2,2675240",92
202000042239,20,3,11,11:45,1,2,1,1,5,92025,M,"48,9246940","2,2658370",92
202000042240,20,3,11,09:34,1,2,1,1,2,92024,M,"48,9010780","2,3078860",92
202000042241,20,3,11,16:05,1,2,1,1,6,92007,M,"48,7997300","2,3231400",92
202000042242,20,3,11,10:37,1,2,1,1,6,92007,M,"48,7970049","2,3071384",92
202000042243,20,1,11,15:15,1,2,9,1,2,92004,M,"48,9050991","2,2879181",92
202000042244,20,3,11,09:00,1,1,1,1,6,95430,M,"49,0654280","2,3292090",95
202000042245,20,3,7,08:15,1,2,2,1,3,49244,M,"47,3501490"," -0,8501100",49
202000042246,20,3,9,17:00,1,1,1,2,6,2A211,M,"41,7941320","8,9804110",2A
202000042247,20,3,11,18:10,1,1,1,1,4,86221,M,"46,7920200","0,3630440",86
202000042248,20,3,11,13:15,1,1,1,1,4,34342,M,"43,7420380","3,7704080",34
202000042249,20,3,12,18:35,2,1,1,1,3,83086,M,"43,4865710","6,5671850",83
202000042250,20,3,12,13:05,1,2,1,1,1,01033,M,"46,1049700","5,8372270",01
202000042251,20,3,12,12:10,1,2,1,1,6,30221,M,"44,0510640","4,7795370",30
202000042252,20,3,10,15:00,1,1,1,2,1,21315,M,"47,3679320","4,9665850",21
202000042253,20,3,12,06:45,2,1,1,1,1,62198,M,"50,3782584","2,6127697",62
202000042254,20,3,11,16:50,1,1,3,1,3,74043,M,"46,2663840","6,3293640",74
202000042255,20,3,12,14:15,1,1,1,1,2,79061,M,"46,2556650"," -0,2077600",79
202000042256,20,3,12,18:50,2,2,2,1,3,82018,M,"44,0890110","1,5354730",82
202000042257,20,3,12,09:00,1,1,1,1,6,71482,M,"46,8083236","4,3285097",71
202000042258,20,2,27,07:15,2,1,2,2,3,86281,M,"46,7603150","0,1707070",86
202000042259,20,3,11,19:15,3,1,1,1,2,34310,M,"43,4256220","3,1558230",34
202000042260,20,3,10,14:00,1,1,2,8,3,44084,M,"47,2232260"," -1,3652870",44
202000042261,20,3,10,07:53,1,1,1,1,7,02426,M,"49,9365850","3,3062900",02
202000042262,20,2,15,12:35,1,1,2,7,1,54102,M,"48,7150060","5,8755830",54
202000042263,20,3,3,10:00,1,2,1,8,6,21568,M,"47,6404180","4,2964270",21
202000042264,20,3,7,00:00,3,1,1,1,1,40055,M,"43,8349760"," -0,4698800",40
202000042265,20,3,11,21:15,3,1,1,1,1,04188,M,"43,8984800","5,8042680",04
202000042266,20,3,12,17:30,1,1,1,2,7,23189,M,"46,0125000","1,7194460",23
202000042267,20,3,11,10:50,1,1,1,8,1,87180,M,"46,1966760","1,2749510",87
202000042268,20,3,12,16:30,1,1,1,1,6,13050,M,"43,6584860","5,2945840",13
202000042269,20,3,5,14:20,1,1,1,1,3,13001,M,"43,5175750","5,4312590",13
202000042270,20,3,10,17:45,1,2,1,8,3,69190,M,"45,7729000","4,7039000",69
202000042271,20,3,6,16:10,1,1,1,1,6,34327,M,"43,6627570","3,9789340",34
202000042272,20,3,11,18:45,2,2,1,1,2,84004,M,"44,1058190","5,0252150",84
202000042273,20,3,11,16:50,1,2,1,1,-1,38158,M,"45,1637900","5,7432100",38
202000042274,20,2,6,14:50,1,1,1,1,5,07152,M,"45,0354810","4,8257660",07
202000042275,20,3,9,20:40,3,1,1,2,1,49194,M,"47,4772460"," -0,2938200",49
202000042276,20,3,11,23:20,5,1,1,6,6,80033,M,"49,8886420","2,8385930",80
202000042277,20,3,7,23:15,3,1,1,1,4,83047,M,"43,1345800","6,0471600",83
202000042278,20,3,11,08:35,1,1,1,2,6,67152,M,"48,5303367","7,6932001",67
202000042279,20,3,11,09:25,1,1,1,1,4,33013,M,"44,8462100"," -0,5022900",33
202000042280,20,3,10,16:30,1,1,1,2,4,59195,M,"50,6277660","2,9603560",59
202000042281,20,3,11,16:01,1,1,1,1,7,94021,M,"48,7709000","2,3458000",94
202000042282,20,3,11,07:10,1,1,1,1,7,91363,M,"48,6443200","2,1960600",91
202000042283,20,3,11,08:45,1,1,1,1,3,78640,M,"48,7814760","2,2228950",78
202000042284,20,2,26,13:20,1,1,1,2,-1,92050,M,"48,9162739","2,2212872",92
202000042285,20,3,10,08:50,1,1,1,2,2,93027,M,"48,9278500","2,4095800",93
202000042286,20,3,9,10:45,1,1,1,1,3,60631,M,"49,1456200","2,5775200",60
202000042287,20,1,9,11:30,1,2,1,1,6,89387,M,"48,1919700","3,2993100",89
202000042288,20,3,10,17:45,1,2,3,1,3,97411,R," -20,8735500","55,4468600",974
202000042289,20,3,10,14:15,1,2,3,1,3,69199,M,"45,7123000","4,8625000",69
202000042290,20,3,4,15:45,1,2,4,1,3,69387,M,"45,7455600","4,8492000",69
202000042291,20,3,9,11:50,1,1,1,1,4,97213,A,"14,6162000"," -61,0153000",972
202000042292,20,3,10,15:50,1,2,9,1,3,69286,M,"45,8132400","4,8874600",69
202000042293,20,3,10,15:48,1,1,1,8,6,69286,M,"45,8150000","4,8765000",69
202000042294,20,3,10,08:50,1,2,1,2,3,69142,M,"45,7355000","4,8099000",69
202000042295,20,1,23,15:30,1,2,3,1,3,97107,A,"16,0518600"," -61,5649100",971
202000042296,20,3,9,20:50,5,2,1,1,1,91549,M,"48,6449600","2,3344800",91
202000042297,20,3,6,10:30,1,1,1,2,2,91223,M,"48,4501200","2,0922000",91
202000042298,20,3,10,05:30,5,2,2,2,2,91425,M,"48,6403900","2,2684300",91
202000042299,20,3,9,20:45,5,2,1,1,3,91021,M,"48,5833000","2,2500000",91
202000042300,20,3,10,09:10,1,2,1,2,2,87085,M,"45,8521400","1,3022400",87
202000042301,20,3,10,15:30,1,2,1,1,3,83090,M,"43,1239700","5,8425400",83
202000042302,20,3,9,08:10,1,2,1,1,3,83137,M,"43,1267737","5,9012139",83
202000042303,20,3,9,09:40,1,2,1,1,3,83129,M,"43,1042900","5,8182100",83
202000042304,20,3,10,13:50,1,2,1,1,3,83069,M,"43,1169000","6,1227000",83
202000042305,20,3,9,10:35,1,2,1,1,6,79191,M,"46,3261900"," -0,4519500",79
202000042306,20,3,9,20:40,5,1,2,2,5,78350,M,"48,8721000","2,1105000",78
202000042307,20,3,10,18:00,1,2,1,8,6,77284,M,"48,9463200","2,8968200",77
202000042308,20,3,9,17:35,1,2,1,1,3,74012,M,"46,1860000","6,2425600",74
202000042309,20,3,9,18:05,1,2,1,1,7,74012,M,"46,1902700","6,2385000",74
202000042310,20,3,9,17:51,1,2,1,2,2,72181,M,"47,9827200","0,2104600",72
202000042311,20,3,9,05:15,5,2,2,1,3,72181,M,"47,9997700","0,1858000",72
202000042312,20,3,9,17:20,1,2,1,1,6,71270,M,"46,2897073","4,8123493",71
202000042313,20,3,10,05:46,5,2,2,2,3,69256,M,"45,7773300","4,9196500",69
202000042314,20,3,10,17:40,1,2,1,1,2,69096,M,"45,5984200","4,7836100",69
202000042315,20,3,9,20:00,5,2,1,1,6,67482,M,"48,5863125","7,6959411",67
202000042316,20,2,6,08:05,1,2,3,7,6,67462,M,"48,2572050","7,4544780",67
202000042317,20,3,10,07:50,1,2,2,2,3,67180,M,"48,8054284","7,7794622",67
202000042318,20,3,9,17:50,1,2,1,1,2,66136,M,"42,6731900","2,8895900",66
202000042319,20,3,6,16:45,1,2,1,3,6,65440,M,"43,2211880","0,0601820",65
202000042320,20,3,9,16:52,1,2,1,1,6,64102,M,"43,5065000"," -1,4673000",64
202000042321,20,2,20,17:30,1,1,6,3,1,62464,M,"50,4868520","2,8076930",62
202000042322,20,3,10,10:30,1,2,1,2,6,62178,M,"50,4779800","2,5365790",62
202000042323,20,3,10,21:40,5,2,9,2,2,62160,M,"50,7231084","1,6085023",62
202000042324,20,3,8,13:00,1,2,1,1,3,58194,M,"46,9845000","3,1601000",58
202000042325,20,3,10,16:55,1,2,1,1,6,57630,M,"48,7202500","7,0365200",57
202000042326,20,3,9,11:00,1,2,3,1,3,51454,M,"49,2519092","4,0430909",51
202000042327,20,3,6,14:10,1,2,3,1,4,50129,M,"49,6337600"," -1,6217300",50
202000042328,20,3,9,20:38,5,2,1,2,1,49007,M,"47,4744400"," -0,5602000",49
202000042329,20,3,9,07:29,2,2,1,1,3,49007,M,"47,4583500"," -0,5450400",49
202000042330,20,3,8,14:15,1,2,6,8,3,45208,M,"48,0003442","2,7304727",45
202000042331,20,3,9,23:20,3,2,1,1,7,44184,M,"47,2395500"," -2,2820600",44
202000042332,20,3,10,13:00,1,2,1,2,6,41018,M,"47,5989400","1,3184300",41
202000042333,20,3,7,20:10,5,2,1,1,6,38185,M,"45,1593500","5,7263900",38
202000042334,20,3,10,16:10,1,2,1,2,6,37261,M,"47,3556149","0,7030499",37
202000042335,20,3,10,10:20,1,2,1,2,6,37261,M,"47,3748992","0,6788916",37
202000042336,20,3,10,08:40,1,2,1,8,6,37261,M,"47,3899605","0,6877534",37
202000042337,20,3,10,10:00,1,2,1,1,2,35051,M,"48,1020827"," -1,6307213",35
202000042338,20,3,9,08:15,1,2,1,1,-1,34172,M,"43,6145400","3,8831700",34
202000042339,20,3,9,08:00,1,2,2,1,3,34172,M,"43,6288359","3,8610533",34
202000042340,20,3,10,21:35,5,1,3,1,2,33119,M,"44,8465180"," -0,5376400",33
202000042341,20,3,6,20:10,5,2,1,2,6,31555,M,"43,5706800","1,4546300",31
202000042342,20,3,10,15:00,1,2,1,2,2,29232,M,"47,9923875"," -4,0787816",29
202000042343,20,1,28,17:59,5,1,5,2,7,29039,M,"47,8741278"," -3,8983011",29
202000042344,20,3,9,10:30,1,2,6,1,3,27528,M,"49,2632600","1,2115400",27
202000042345,20,2,22,16:30,1,2,6,1,3,22278,M,"48,5132300"," -2,7382300",22
202000042346,20,3,9,13:00,1,2,1,1,6,19031,M,"45,1558214","1,5369358",19
202000042347,20,3,7,12:55,1,2,1,1,3,19031,M,"45,1569447","1,5218496",19
202000042348,20,3,6,16:00,1,2,1,3,6,19031,M,"45,1647920","1,5264480",19
202000042349,20,9,25,17:28,1,1,1,3,1,69176,M,"45,6929730","4,6999070",69
202000042350,20,9,25,16:00,1,2,1,1,2,69040,M,"45,8061960","4,7812160",69
202000042351,20,9,24,08:50,1,1,4,3,3,61104,M,"48,6111360"," -0,2556630",61
202000042352,20,9,16,07:30,1,1,1,1,3,80428,M,"49,9530840","2,8538060",80
202000042353,20,9,24,16:55,1,1,1,1,2,13210,M,"43,2350980","5,3775390",13
202000042354,20,9,24,08:25,1,1,1,2,7,33063,M,"44,8838700"," -0,5569800",33
202000042355,20,9,23,22:00,3,1,1,3,6,59343,M,"50,5891511","3,0964413",59
202000042356,20,9,24,19:00,1,1,1,2,3,94021,M,"48,7604813","2,3391834",94
202000042357,20,9,24,12:45,1,1,1,1,2,94076,M,"48,7930959","2,3450828",94
202000042358,20,9,24,13:50,1,1,1,2,4,92002,M,"48,7305148","2,3081803",92
202000042359,20,9,24,06:50,2,2,9,1,6,91377,M,"48,7191000","2,2989000",91
202000042360,20,9,24,07:48,1,1,1,1,3,94038,M,"48,7774452","2,3466316",94
202000042361,20,9,24,00:01,5,1,1,1,5,94037,M,"48,8147544","2,3361929",94
202000042362,20,9,23,14:50,1,1,1,1,2,91174,M,"48,6120000","2,4488000",91
202000042363,20,9,24,16:40,1,1,1,1,2,92050,M,"48,9181388","2,2227647",92
202000042364,20,9,24,13:45,1,1,1,2,3,92047,M,"48,8329115","2,1582349",92
202000042365,20,9,24,18:30,3,1,1,2,3,93063,M,"48,8739700","2,4380700",93
202000042366,20,9,24,14:20,1,1,1,2,2,93053,M,"48,8880800","2,4723300",93
202000042367,20,9,24,15:20,1,1,1,2,2,92078,M,"48,9297500","2,3275900",92
202000042368,20,9,24,15:00,1,1,1,2,2,93008,M,"48,9067400","2,4573700",93
202000042369,20,9,24,13:34,3,1,1,1,3,93008,M,"48,9089500","2,4490600",93
202000042370,20,9,23,16:50,1,1,1,2,7,93053,M,"48,8882600","2,4724500",93
202000042371,20,9,23,15:15,1,1,1,8,2,92036,M,"48,9391000","2,3054000",92
202000042372,20,9,24,15:30,1,1,1,2,7,77337,M,"48,8299810","2,6185550",77
202000042373,20,9,24,07:40,1,1,9,1,3,93051,M,"48,8352900","2,5755000",93
202000042374,20,9,24,00:50,3,1,1,2,7,94018,M,"48,8173000","2,4551000",94
202000042375,20,9,23,18:30,2,1,1,2,-1,77438,M,"48,8667900","2,6703780",77
202000042376,20,1,6,11:05,1,2,9,1,3,91114,M,"48,7126519","2,4422282",91
202000042377,20,1,5,16:40,1,2,1,1,2,86027,M,"46,5777303","0,3149700",86
202000042378,20,7,21,13:40,1,2,3,1,6,76351,M,"49,4995300","0,0934700",76
202000042379,20,1,1,04:40,3,1,1,1,1,84007,M,"43,9220876","4,8092714",84
202000042380,20,1,24,14:30,1,2,3,1,6,52448,M,"48,6411400","4,9614600",52
202000042381,20,1,5,10:25,1,2,1,1,3,83129,M,"43,0790200","5,8175800",83
202000042382,20,1,3,21:30,5,2,1,1,6,80021,M,"49,8933300","2,3045900",80
202000042383,20,9,23,16:40,1,1,1,1,5,97416,R," -21,3230200","55,4450200",974
202000042384,20,9,23,14:30,1,2,1,1,3,97302,G,"4,9357789"," -52,3146200",973
202000042385,20,1,6,09:15,2,2,2,1,7,78551,M,"48,9394470","2,0958830",78
202000042386,20,9,23,20:50,5,2,2,1,1,69383,M,"45,7530000","4,8536000",69
202000042387,20,9,23,16:15,1,2,3,1,3,69388,M,"45,7399700","4,8609300",69
202000042388,20,1,5,09:55,1,2,3,1,6,77053,M,"48,6912300","2,6166600",77
202000042389,20,7,25,20:45,1,2,4,1,6,75118,M,"48,8953280","2,3622170",75
202000042390,20,1,6,08:45,1,2,1,1,2,77237,M,"48,8428450","2,7505950",77
202000042391,20,9,22,16:10,1,2,6,1,1,97209,A,"14,6447900"," -61,0592600",972
202000042392,20,9,24,00:35,5,2,9,1,3,69382,M,"45,7543000","4,8309000",69
202000042393,20,7,26,22:55,5,2,7,1,3,75105,M,"48,8442300","2,3647710",75
202000042394,20,1,6,09:10,1,1,4,1,2,77237,M,"48,8295050","2,7557550",77
202000042395,20,9,23,12:20,1,1,1,1,4,2A004,M,"41,9439819","8,8109794",2A
202000042396,20,7,27,03:10,5,2,7,1,6,75120,M,"48,8632400","2,3882600",75
202000042397,20,1,6,08:50,2,2,1,5,6,77037,M,"48,4695364","2,6959255",77
202000042398,20,9,23,15:10,1,2,1,2,3,95539,M,"49,0030600","2,3593500",95
202000042399,20,1,5,18:27,5,2,2,1,3,76351,M,"49,4987400","0,1592600",76
202000042400,20,7,27,16:50,1,2,3,1,3,75119,M,"48,8845380","2,3769320",75
202000042401,20,9,22,19:35,2,2,3,1,3,95197,M,"48,9654450","2,3196060",95
202000042402,20,9,23,05:45,3,1,1,1,6,91223,M,"48,4115800","2,1272600",91
202000042403,20,1,4,10:10,1,2,3,1,6,76351,M,"49,5017700","0,1542700",76
202000042404,20,1,3,18:10,5,2,1,1,6,67482,M,"48,5704300","7,7612400",67
202000042405,20,9,22,07:00,2,2,3,1,6,91333,M,"48,6147900","2,2624100",91
202000042406,20,9,21,16:15,1,2,7,1,6,91425,M,"48,6400000","2,2700000",91
202000042407,20,1,6,19:05,5,2,6,1,3,64260,M,"43,3532819"," -1,7714167",64
202000042408,20,7,27,13:10,1,2,4,1,5,75113,M,"48,8256890","2,3479990",75
202000042409,20,1,6,17:30,1,2,1,1,2,64483,M,"43,3750300"," -1,6377400",64
202000042410,20,1,6,16:55,1,2,6,1,7,64102,M,"43,5080200"," -1,4881000",64
202000042411,20,9,22,12:02,1,2,3,2,3,87114,M,"45,8323900","1,3036900",87
202000042412,20,1,3,23:03,3,1,1,1,6,63164,M,"45,8142200","3,1589000",63
202000042413,20,9,18,17:40,1,2,1,1,6,87085,M,"45,8329800","1,2557500",87
202000042414,20,7,27,20:20,2,2,2,1,3,75111,M,"48,8616530","2,3773230",75
202000042415,20,1,5,10:55,1,2,2,1,3,63113,M,"45,7878372","3,0844307",63
202000042416,20,9,27,00:15,5,2,1,1,3,86194,M,"46,5894190","0,3599310",86
202000042417,20,7,27,09:00,1,2,1,1,3,75108,M,"48,8776040","2,3222900",75
202000042418,20,1,6,09:50,1,2,1,7,6,59350,M,"50,6512600","2,9750600",59
202000042419,20,7,23,09:55,1,2,1,1,3,75107,M,"48,8587020","2,2929960",75
202000042420,20,1,3,22:30,3,2,1,1,2,49267,M,"47,4736400"," -0,4658500",49
202000042421,20,9,23,21:30,5,2,3,1,3,83069,M,"43,1240400","6,1476500",83
202000042422,20,7,27,18:25,1,2,1,7,6,75103,M,"48,8865830","2,3610410",75
202000042423,20,9,23,16:25,1,2,1,1,3,83069,M,"43,1248000","6,1503000",83
202000042424,20,1,6,10:40,1,2,3,1,6,37261,M,"47,4123098","0,6963585",37
202000042425,20,9,22,13:20,1,2,1,1,7,80256,M,"49,9155800","2,2291200",80
202000042426,20,7,26,09:10,1,2,3,1,4,94067,M,"48,8463800","2,4177340",94
202000042427,20,7,27,21:27,2,2,1,1,6,94078,M,"48,7353000","2,4651400",94
202000042428,20,9,22,10:52,1,2,1,1,6,80021,M,"49,8922600","2,3080000",80
202000042429,20,1,6,18:40,3,1,1,1,2,35051,M,"48,1063900"," -1,5996600",35
202000042430,20,9,22,18:30,1,2,3,1,3,80021,M,"49,8873900","2,3069700",80
202000042431,20,7,27,20:25,1,2,9,1,5,94017,M,"48,8173588","2,5092334",94
202000042432,20,9,21,17:00,1,2,1,1,6,72181,M,"47,9990100","0,2085800",72
202000042433,20,1,4,13:15,1,1,1,1,1,34108,M,"43,4703110","3,7673750",34
202000042434,20,9,22,19:45,1,2,1,1,-1,71153,M,"46,7893400","4,4443000",71
202000042435,20,7,27,10:50,1,2,2,1,7,94058,M,"48,8390258","2,5086325",94
202000042436,20,1,6,08:15,1,2,2,5,3,33281,M,"44,8471000"," -0,6389700",33
202000042437,20,9,23,21:20,5,2,2,1,3,69266,M,"45,7581700","4,8933100",69
202000042438,20,7,27,05:07,3,2,9,1,6,94021,M,"48,7586400","2,3429000",94
202000042439,20,9,22,17:30,1,2,1,1,1,67482,M,"48,5667000","7,7810200",67
202000042440,20,1,5,18:00,1,2,3,9,6,33009,M,"44,6619200"," -1,1684400",33
202000042441,20,7,27,09:05,1,2,3,7,6,94079,M,"48,8228300","2,5423500",94
202000042442,20,1,5,02:40,5,2,1,1,6,31555,M,"43,6143900","1,4333000",31
202000042443,20,7,27,12:50,1,2,2,1,3,94018,M,"48,8258900","2,4069100",94
202000042444,20,9,22,12:35,1,2,3,1,3,67482,M,"48,5694500","7,7631100",67
202000042445,20,1,2,13:55,1,2,3,1,3,30189,M,"43,8301000","4,3590000",30
202000042446,20,7,27,09:15,1,2,3,1,3,94069,M,"48,8167000","2,4597800",94
202000042447,20,9,22,06:20,3,1,4,1,3,67462,M,"48,2853400","7,4580300",67
202000042448,20,9,23,17:45,1,2,7,1,3,65251,M,"43,2170000","0,0714000",65
202000042449,20,7,27,15:30,1,2,1,1,4,93039,M,"48,9203700","2,3282300",93
202000042450,20,1,6,16:40,1,2,9,1,3,27681,M,"49,0957500","1,4647300",27
202000042451,20,7,27,05:00,5,2,2,1,3,93066,M,"48,9420004","2,3653726",93
202000042452,20,1,6,21:10,5,2,9,1,7,17300,M,"46,1649000"," -1,1836000",17
202000042453,20,1,6,21:15,5,2,9,1,3,17291,M,"46,1736230"," -1,1224480",17
202000042454,20,7,27,09:25,1,2,2,1,3,93051,M,"48,8490000","2,5697000",93
202000042455,20,7,26,19:25,1,2,1,1,6,93048,M,"48,8562814","2,4262819",93
202000042456,20,1,6,15:30,1,2,1,1,2,15014,M,"44,9097550","2,4247690",15
202000042457,20,9,23,09:23,1,2,1,1,2,65417,M,"43,2297860","0,0956900",65
202000042458,20,7,27,16:15,1,2,1,1,1,93046,M,"48,9297143","2,5528674",93
202000042459,20,8,16,09:33,1,2,1,1,3,64483,M,"43,3975700"," -1,6441100",64
202000042460,20,7,27,17:20,1,2,2,1,3,93046,M,"48,9206682","2,5261366",93
202000042461,20,9,22,08:54,1,2,1,2,2,64102,M,"43,4683400"," -1,4907800",64
202000042462,20,7,27,10:10,1,2,3,1,2,93057,M,"48,9095271","2,5048737",93
202000042463,20,1,6,13:45,1,2,2,1,3,14215,M,"49,1898000"," -0,2656000",14
202000042464,20,9,13,17:10,1,2,2,1,3,63113,M,"45,7785575","3,0721596",63
202000042465,20,7,27,20:00,1,2,2,1,3,93001,M,"48,9127114","2,3678284",93
202000042466,20,9,12,14:50,1,1,3,1,3,62033,M,"50,4521386","2,8742509",62
202000042467,20,7,27,10:00,1,2,9,1,7,92064,M,"48,8459580","2,2232516",92
202000042468,20,9,18,21:30,5,2,1,1,6,62427,M,"50,4173140","2,9521040",62
202000042469,20,9,22,21:05,5,2,1,2,6,56162,M,"47,7280000"," -3,4940400",56
202000042470,20,1,6,08:45,1,2,4,1,1,13056,M,"43,3994800","5,0586600",13
202000042471,20,7,26,19:30,1,2,2,1,3,92063,M,"48,8819300","2,1836600",92
202000042472,20,9,23,18:00,1,2,1,1,1,51454,M,"49,2503813","4,0204256",51
202000042473,20,7,27,18:30,1,2,1,1,1,92062,M,"48,8900000","2,2400000",92
202000042474,20,1,7,01:05,5,2,9,1,3,13213,M,"43,3250965","5,4235186",13
202000042475,20,1,6,11:40,1,2,1,1,3,13202,M,"43,3110900","5,3673600",13
202000042476,20,7,26,00:45,5,2,7,2,3,92014,M,"48,7767600","2,3140100",92
202000042477,20,9,22,18:00,1,2,3,1,5,51454,M,"49,2841010","4,0325960",51
202000042478,20,1,6,18:36,2,2,1,1,3,06029,M,"43,5523100","6,9626900",06
202000042479,20,7,28,05:40,2,1,1,1,7,18287,M,"47,2821110","2,8624530",18
202000042480,20,9,23,10:05,1,2,1,1,3,45234,M,"47,9011900","1,9020400",45
202000042481,20,7,25,21:45,2,2,1,1,1,18272,M,"47,2580250","2,7550420",18
202000042482,20,1,6,08:30,1,2,1,1,3,06027,M,"43,6589900","7,1671200",06
202000042483,20,9,22,13:35,1,2,2,1,3,45068,M,"48,0129400","2,7336400",45
202000042484,20,7,28,10:16,1,1,1,1,1,64243,M,"43,4670300"," -0,5237390",64
202000042485,20,9,4,19:30,2,2,3,1,6,42071,M,"46,0282200","4,0846300",42
202000042486,20,1,4,21:02,4,2,6,1,3,05061,M,"44,5578500","6,0688000",05
202000042487,20,1,5,18:10,5,2,1,1,6,03310,M,"46,1258524","3,4172912",03
202000042488,20,7,27,18:15,1,1,1,1,5,64254,M,"43,5024020"," -0,5851510",64
202000042489,20,1,6,17:30,2,2,1,1,-1,75119,M,"48,8788743","2,4079384",75
202000042490,20,9,23,09:00,1,2,1,1,-1,37208,M,"47,3542540","0,7209468",37
202000042491,20,7,16,18:00,1,2,3,1,3,62454,M,"50,5651570","2,6144770",62
202000042492,20,9,11,13:52,1,2,1,1,6,37261,M,"47,3908342","0,6942279",37
202000042493,20,1,6,10:10,1,2,4,1,4,75116,M,"48,8409446","2,2539033",75
202000042494,20,9,23,11:45,1,2,6,2,7,35238,M,"48,1093500"," -1,6975400",35
202000042495,20,7,28,04:19,5,2,1,1,7,91363,M,"48,6398540","2,2416350",91
202000042496,20,7,28,12:40,1,2,1,1,6,06095,M,"43,6258790","6,8766050",06
202000042497,20,1,6,06:50,2,2,1,1,3,75114,M,"48,8167880","2,3389350",75
202000042498,20,9,22,16:40,1,2,2,2,6,34172,M,"43,5978300","3,8711800",34
202000042499,20,7,21,15:39,1,1,6,1,6,58086,M,"47,3829290","2,9242730",58
202000042500,20,7,25,17:45,1,2,1,7,6,34032,M,"43,3388400","3,2097700",34
202000042501,20,1,5,03:05,5,2,1,1,2,75117,M,"48,8989860","2,3172920",75
202000042502,20,7,28,00:05,3,1,1,1,6,62422,M,"50,1237692","2,6296832",62
202000042503,20,7,27,17:30,1,1,1,1,6,61205,M,"48,8608120","0,3800260",61
202000042504,20,9,23,12:45,1,2,2,1,3,33063,M,"44,8661000"," -0,5609600",33
202000042505,20,1,4,12:20,1,2,1,1,4,75120,M,"48,8563440","2,4139230",75
202000042506,20,7,28,14:45,1,1,1,7,1,77065,M,"48,4644120","2,5359210",77
202000042507,20,9,23,12:35,1,2,2,1,2,33063,M,"44,8334100"," -0,5942300",33
202000042508,20,1,5,03:48,3,2,1,1,6,75116,M,"48,8596820","2,2625450",75
202000042509,20,7,27,17:05,1,1,1,1,7,19209,M,"45,5977901","1,8681264",19
202000042510,20,1,6,09:50,1,2,3,1,3,75106,M,"48,8456761","2,3256093",75
202000042511,20,7,27,18:00,1,2,1,1,3,74164,M,"46,0891970","6,5073290",74
202000042512,20,9,22,18:50,1,2,2,1,3,31555,M,"43,5836700","1,4639600",31
202000042513,20,1,6,12:10,1,2,4,1,2,75120,M,"48,8656560","2,4118710",75
202000042514,20,7,27,21:00,3,1,1,1,6,76181,M,"49,6213620","0,6331430",76
202000042515,20,1,6,18:30,5,2,1,1,-1,75119,M,"48,8866405","2,3849867",75
202000042516,20,9,22,16:55,1,2,3,1,3,31555,M,"43,5871600","1,4595700",31
202000042517,20,7,27,20:00,2,1,1,1,7,76395,M,"49,8950210","0,9594150",76
202000042518,20,1,6,09:05,1,2,2,1,3,75119,M,"48,8997784","2,3879871",75
202000042519,20,7,27,12:15,1,1,1,1,-1,41099,M,"47,3359730","1,5888120",41
202000042520,20,9,19,18:45,1,1,1,1,4,31555,M,"43,6284500","1,4202300",31
202000042521,20,1,6,16:00,1,2,2,1,4,75117,M,"48,8918190","2,3015850",75
202000042522,20,7,28,08:50,1,1,1,1,6,71008,M,"46,2283337","4,3665561",71
202000042523,20,1,6,09:00,1,2,3,1,6,75117,M,"48,8939504","2,3175748",75
202000042524,20,1,6,22:05,5,2,1,2,6,75116,M,"48,8637670","2,2898190",75
202000042525,20,7,27,20:30,1,1,1,1,1,89155,M,"47,7187959","3,6137843",89
202000042526,20,9,23,16:50,1,2,2,1,3,30189,M,"43,8369400","4,3711400",30
202000042527,20,1,5,00:20,5,2,3,1,3,75116,M,"48,8688430","2,2735020",75
202000042528,20,9,18,12:15,1,2,9,1,1,30189,M,"43,8283000","4,3529000",30
202000042529,20,1,6,13:40,1,2,5,1,6,75115,M,"48,8299869","2,2957012",75
202000042530,20,9,23,01:20,5,2,1,2,6,29232,M,"47,9991600"," -4,1151900",29
202000042531,20,7,28,13:30,1,1,3,1,1,49272,M,"47,3408860"," -0,1817689",49
202000042532,20,1,6,08:40,2,2,2,1,6,75106,M,"48,8455328","2,3191643",75
202000042533,20,7,28,09:30,1,1,1,1,1,12170,M,"44,5171639","2,0904691",12
202000042534,20,9,23,11:55,1,2,1,1,6,27681,M,"49,0916100","1,4850700",27
202000042535,20,1,6,17:50,5,2,1,1,3,75113,M,"48,8379504","2,3437364",75