Num_Acc,an,mois,jour,hrmn,lum,agg,int,atm,col,com,gps,lat,long,dep
202000042536,20,7,27,16:45,1,1,1,1,7,39478,M,"46,4180950","5,8620840",39
202000042537,20,1,6,13:00,1,2,3,1,-1,75113,M,"48,8218490","2,3704310",75
202000042538,20,7,28,07:55,1,1,1,1,6,39439,M,"46,9916400","5,8299370",39
202000042539,20,7,28,16:45,1,1,1,1,7,44213,M,"47,4445170"," -1,0788060",44
202000042540,20,1,6,20:45,5,2,1,1,3,75112,M,"48,8441793","2,4141115",75
202000042541,20,7,27,15:45,1,1,3,1,7,29184,M,"48,6104505"," -3,9434061",29
202000042542,20,1,6,16:30,1,2,2,1,6,75112,M,"48,8351730","2,3987762",75
202000042543,20,9,23,17:24,1,2,1,8,3,14118,M,"49,1895800"," -0,3453580",14
202000042544,20,7,27,17:10,1,2,1,1,1,29259,M,"48,7023440"," -3,9854790",29
202000042545,20,1,6,10:25,1,2,4,1,3,75112,M,"48,8393690","2,3939427",75
202000042546,20,9,23,09:30,1,2,1,1,6,14118,M,"49,1848700"," -0,3803300",14
202000042547,20,7,27,23:10,3,1,1,1,6,31443,M,"43,3647322","0,7410895",31
202000042548,20,1,6,10:45,1,2,5,1,6,75109,M,"48,8778618","2,3269612",75
202000042549,20,7,26,14:45,1,1,1,1,6,84148,M,"44,0555140","5,2442600",84
202000042550,20,1,5,00:40,5,2,3,1,-1,75109,M,"48,8806360","2,3314570",75
202000042551,20,9,23,17:30,1,2,1,1,2,13210,M,"43,2810430","5,4062400",13
202000042552,20,7,28,16:30,1,1,1,1,6,06062,M,"44,0101350","7,5574280",06
202000042553,20,9,23,19:10,2,2,1,1,6,13063,M,"43,5938600","5,0102600",13
202000042554,20,1,6,18:00,5,2,3,1,3,75107,M,"48,8574970","2,2910221",75
202000042555,20,7,28,18:00,1,2,1,1,6,06105,M,"43,6660390","7,0513550",06
202000042556,20,9,23,09:10,1,1,1,1,6,13047,M,"43,5518000","5,0113500",13
202000042557,20,1,5,18:00,5,2,2,1,3,75107,M,"48,8625910","2,3190250",75
202000042558,20,7,27,01:30,3,1,1,1,6,14085,M,"49,2740237","0,3383249",14
202000042559,20,9,23,18:20,1,2,1,1,2,13028,M,"43,1872900","5,6272300",13
202000042560,20,1,6,08:26,1,2,1,1,7,75101,M,"48,8586109","2,3407710",75
202000042561,20,7,27,12:30,1,2,1,1,2,14670,M,"49,2326520"," -0,5185520",14
202000042562,20,1,6,11:05,1,2,1,1,6,94077,M,"48,7330000","2,4080000",94
202000042563,20,9,22,12:30,1,2,1,8,2,09225,M,"43,1031900","1,6231300",09
202000042564,20,7,28,17:15,1,1,1,1,7,18206,M,"47,1954900","2,3234960",18
202000042565,20,1,6,09:45,1,2,1,7,6,94016,M,"48,7957900","2,3325700",94
202000042566,20,7,26,06:15,2,1,1,1,6,43165,M,"45,1419650","4,0124020",43
202000042567,20,9,19,21:00,5,2,1,1,2,09122,M,"42,9639000","1,6067800",09
202000042568,20,9,23,12:10,1,2,1,1,3,07281,M,"44,9451000","4,8555000",07
202000042569,20,1,6,07:10,2,2,3,1,6,94022,M,"48,7624370","2,4066320",94
202000042570,20,7,27,11:50,1,2,1,1,2,07041,M,"45,2719000","4,6704550",07
202000042571,20,1,6,17:25,2,2,1,1,6,94059,M,"48,8075200","2,5703300",94
202000042572,20,6,21,19:00,2,1,1,1,6,06104,M,"43,7651100","7,4508300",06
202000042573,20,7,28,06:15,1,1,1,7,3,21584,M,"47,2652370","4,2217970",21
202000042574,20,9,23,18:05,1,1,1,1,3,06069,M,"43,6460000","6,9392000",06
202000042575,20,1,6,17:50,5,2,1,1,3,93073,M,"48,9659000","2,5690000",93
202000042576,20,7,26,16:00,1,1,9,1,3,24082,M,"44,8262760","1,2870100",24
202000042577,20,7,27,07:30,1,1,1,1,7,04124,M,"43,7687890","6,1060760",04
202000042578,20,1,6,15:20,1,2,1,1,2,93064,M,"48,8675900","2,4848300",93
202000042579,20,9,23,10:45,1,2,6,1,3,06069,M,"43,6407570","6,9116600",06
202000042580,20,9,23,10:35,1,1,1,1,2,06029,M,"43,5603500","7,0209100",06
202000042581,20,7,26,10:30,1,1,1,1,7,04008,M,"43,9522157","6,6853521",04
202000042582,20,1,6,15:35,1,2,3,7,6,93062,M,"48,8959400","2,5144500",93
202000042583,20,9,22,22:06,5,2,1,1,3,75119,M,"48,8900690","2,3962740",75
202000042584,20,7,27,23:15,3,1,1,1,7,04122,M,"44,0435740","6,0637400",04
202000042585,20,7,27,12:40,1,1,1,1,6,85022,M,"46,4522700"," -1,4600500",85
202000042586,20,1,6,08:25,1,2,1,1,-1,93055,M,"48,8919600","2,4074900",93
202000042587,20,9,22,15:45,1,2,1,1,5,75120,M,"48,8669420","2,4132200",75
202000042588,20,9,23,00:30,5,2,1,1,6,75106,M,"48,8557160","2,3362990",75
202000042589,20,7,27,18:35,1,1,1,1,5,85190,M,"46,9477350"," -1,4874570",85
202000042590,20,1,6,21:30,5,2,9,2,2,93053,M,"48,8942316","2,4638536",93
202000042591,20,7,28,14:30,1,2,9,1,6,88304,M,"48,3036370","6,1342570",88
202000042592,20,7,26,11:15,1,1,9,1,7,67324,M,"48,9362870","7,6269150",67
202000042593,20,1,6,16:30,1,2,1,1,3,93048,M,"48,8784864","2,4577063",93
202000042594,20,1,5,02:39,5,2,3,1,3,93063,M,"48,8781800","2,4271400",93
202000042595,20,7,26,16:30,1,1,1,1,6,24549,M,"44,7443250","0,3270580",24
202000042596,20,9,23,18:20,1,2,7,2,3,75119,M,"48,9009250","2,3889280",75
202000042597,20,1,6,09:50,1,2,1,1,6,93010,M,"48,9109367","2,4909161",93
202000042598,20,7,26,21:30,5,2,4,1,6,97309,G,"4,9120760"," -52,2723990",973
202000042599,20,9,23,16:45,1,2,2,1,3,75119,M,"48,8987050","2,3711630",75
202000042600,20,1,6,00:55,5,2,3,1,2,93007,M,"48,9291501","2,4789525",93
202000042601,20,7,27,16:00,1,1,1,1,7,72080,M,"48,1473000","0,6824000",72
202000042602,20,9,23,12:05,1,2,3,1,6,75119,M,"48,8741900","2,3774180",75
202000042603,20,7,27,11:15,1,2,1,1,6,97420,R," -20,9307390","55,6374590",974
202000042604,20,1,6,13:45,1,2,2,1,1,93005,M,"48,9374773","2,4946786",93
202000042605,20,9,23,07:50,1,2,3,1,3,75119,M,"48,8845440","2,3769120",75
202000042606,20,1,6,15:35,1,2,1,1,7,92078,M,"48,9303050","2,3307530",92
202000042607,20,7,26,17:05,1,2,1,1,-1,97104,A,"16,0304650"," -61,7429280",971
202000042608,20,9,23,01:00,5,2,7,1,3,75118,M,"48,8915620","2,3495970",75
202000042609,20,7,28,12:49,1,1,1,1,5,83143,M,"43,4439360","6,0642800",83
202000042610,20,9,22,14:50,1,2,3,1,3,75116,M,"48,8540410","2,2779020",75
202000042611,20,9,23,17:45,1,2,1,2,3,75115,M,"48,8440000","2,3202910",75
202000042612,20,9,23,18:45,2,2,1,2,6,75114,M,"48,8304680","2,3339720",75
202000042613,20,7,28,11:20,1,1,1,1,5,26041,M,"45,2087904","4,8701080",26
202000042614,20,9,23,08:40,1,2,2,1,7,75114,M,"48,8313380","2,3198060",75
202000042615,20,7,27,09:50,1,1,1,1,1,25043,M,"47,4893110","6,7767190",25
202000042616,20,7,27,15:20,1,1,1,1,3,67364,M,"48,3882756","7,6736659",67
202000042617,20,1,2,18:33,5,2,2,1,3,92063,M,"48,8871800","2,1795400",92
202000042618,20,7,28,10:30,1,1,1,1,7,73116,M,"45,2567370","6,2717370",73
202000042619,20,1,6,10:30,1,2,1,1,6,92062,M,"48,8809700","2,2427291",92
202000042620,20,9,22,04:00,5,2,2,1,4,75114,M,"48,8223780","2,3142480",75
202000042621,20,7,27,11:45,1,1,1,1,6,38565,M,"45,3129200","5,6223100",38
202000042622,20,9,21,19:40,1,2,1,1,3,75114,M,"48,8309760","2,3287280",75
202000042623,20,7,27,16:15,1,1,6,1,6,26064,M,"44,8922240","5,0166430",26
202000042624,20,9,23,22:25,5,2,4,3,6,75112,M,"48,8275650","2,4193860",75
202000042625,20,1,6,11:40,1,2,2,1,3,92012,M,"48,8390300","2,2320100",92
202000042626,20,9,23,15:15,1,2,1,3,1,75112,M,"48,8425360","2,3923040",75
202000042627,20,9,23,14:40,1,2,3,3,6,75112,M,"48,8402900","2,3927610",75
202000042628,20,7,28,09:15,1,1,1,1,5,69095,M,"45,6539420","4,4139830",69
202000042629,20,7,28,14:15,1,1,1,1,1,81104,M,"43,7906140","1,7466970",81
202000042630,20,9,23,00:35,5,2,2,1,3,75112,M,"48,8471630","2,4062420",75
202000042631,20,7,28,14:15,1,1,2,1,3,85222,M,"46,6746370"," -1,9139280",85
202000042632,20,9,22,17:10,1,2,1,1,7,75112,M,"48,8463360","2,3780790",75
202000042633,20,7,28,09:30,1,1,3,1,3,22054,M,"48,6144310"," -2,4706550",22
202000042634,20,7,28,19:20,1,1,1,7,7,76718,M,"49,6165220","0,7126310",76
202000042635,20,7,28,14:45,1,1,4,1,1,80185,M,"49,6930810","2,8508770",80
202000042636,20,1,3,09:35,1,2,1,1,3,92012,M,"48,8320472","2,2385466",92
202000042637,20,7,28,09:20,1,2,1,7,6,59237,M,"50,7536990","2,6462080",59
202000042638,20,1,7,08:50,1,1,1,8,1,52282,M,"47,9761530","5,1711720",52
202000042639,20,1,6,16:45,5,2,1,5,5,67445,M,"48,2827240","7,4276290",67
202000042640,20,9,23,18:00,1,2,1,2,4,75111,M,"48,8546810","2,3956180",75
202000042641,20,1,6,11:45,1,1,1,1,2,19031,M,"45,1506510","1,4844450",19
202000042642,20,9,23,14:10,1,2,2,8,3,75111,M,"48,8650260","2,3746730",75
202000042643,20,9,23,11:40,1,2,1,1,3,75110,M,"48,8800600","2,3598890",75
202000042644,20,9,23,16:30,1,2,1,1,6,75108,M,"48,8813310","2,3173040",75
202000042645,20,9,23,16:40,1,2,3,2,6,75104,M,"48,8533630","2,3675940",75
202000042646,20,7,27,14:38,1,1,1,1,5,57757,M,"49,3363000","6,1855000",57
202000042647,20,1,7,09:10,1,1,1,1,6,62649,M,"50,1540960","2,5142300",62
202000042648,20,9,22,16:15,1,2,2,1,3,75104,M,"48,8534260","2,3671190",75
202000042649,20,1,5,16:50,2,1,9,1,5,2A104,M,"41,9108750","8,8557970",2A
202000042650,20,9,23,10:45,1,2,6,1,6,94078,M,"48,7296380","2,4468540",94
202000042651,20,9,23,16:00,1,2,1,1,3,94015,M,"48,8450000","2,5270000",94
202000042652,20,1,5,11:40,1,1,1,1,7,80192,M,"49,9157060","2,6591920",80
202000042653,20,9,22,09:35,1,2,1,1,3,94046,M,"48,8055600","2,4315300",94
202000042654,20,1,6,04:00,3,2,1,1,6,89369,M,"48,2472360","3,1567640",89
202000042655,20,1,5,06:10,5,2,1,1,7,61015,M,"48,6109670","0,2324960",61
202000042656,20,9,23,11:45,1,2,4,1,6,94081,M,"48,8013200","2,3986100",94
202000042657,20,7,27,08:30,1,1,1,1,6,33550,M,"44,7721400"," -0,5553800",33
202000042658,20,7,27,09:15,1,1,1,1,4,91345,M,"48,6894000","2,3243000",91
202000042659,20,7,27,04:50,3,1,1,1,6,78133,M,"48,8934520","2,0082300",78
202000042660,20,7,27,14:51,1,1,1,1,3,93053,M,"48,8821388","2,4551985",93
202000042661,20,9,23,21:22,5,2,1,2,7,94073,M,"48,7585300","2,3727220",94
202000042662,20,1,6,04:45,3,1,1,5,2,55458,M,"49,1653830","5,7406070",55
202000042663,20,9,23,07:45,1,2,3,1,6,94018,M,"48,8210000","2,4150000",94
202000042664,20,7,27,18:35,1,1,1,1,3,77294,M,"48,9643800","2,6106200",77
202000042665,20,1,6,07:35,3,1,1,1,1,49377,M,"47,5413430"," -0,4356350",49
202000042666,20,9,23,11:50,1,2,7,1,6,93005,M,"48,9316771","2,4937087",93
202000042667,20,1,7,18:05,5,2,1,1,6,22212,M,"48,6750120"," -3,1903560",22
202000042668,20,1,4,11:00,1,1,3,1,3,44131,M,"47,1211220"," -2,0945640",44
202000042669,20,9,22,18:30,1,2,1,1,3,93070,M,"48,9014800","2,3277100",93
202000042670,20,8,10,16:00,1,2,1,1,6,93064,M,"48,8851700","2,4804000",93
202000042671,20,9,23,18:30,1,2,1,2,3,93051,M,"48,8484693","2,5745121",93
202000042672,20,9,23,17:46,1,2,1,2,6,93049,M,"48,8641703","2,5084865",93
202000042673,20,7,27,16:15,1,1,1,1,2,77373,M,"48,7620600","2,6159900",77
202000042674,20,1,7,11:55,1,1,3,2,2,03321,M,"46,5795088","3,3934106",03
202000042675,20,7,27,13:00,1,1,1,1,7,94017,M,"48,8302009","2,4957670",94
202000042676,20,7,27,06:45,1,2,1,1,1,98818,C," -22,2927000","166,4592700",988
202000042677,20,7,26,20:00,1,2,3,1,2,69199,M,"45,6918300","4,8607900",69
202000042678,20,7,26,11:45,1,2,3,1,6,69259,M,"45,7274000","4,8538000",69
202000042679,20,7,26,00:15,5,2,1,1,1,97209,A,"14,6030900"," -61,0635900",972
202000042680,20,7,25,01:05,3,2,9,1,2,97209,A,"14,6168300"," -61,0732800",972
202000042681,20,1,6,23:30,5,2,1,1,6,54157,M,"48,8379660","6,0730510",54
202000042682,20,7,26,04:25,5,2,1,1,6,69389,M,"45,7722100","4,8109300",69
202000042683,20,1,7,03:05,3,1,1,1,6,60072,M,"49,4114999","3,0880069",60
202000042684,20,7,25,11:30,1,1,6,1,3,2B033,M,"42,6385200","9,4359400",2B
202000042685,20,1,7,07:40,2,1,1,8,7,60556,M,"49,6127676","2,5325901",60
202000042686,20,7,25,20:45,5,2,1,1,1,97120,A,"16,2463700"," -61,5355000",971
202000042687,20,7,26,05:05,5,2,1,2,7,91549,M,"48,6480710","2,3138800",91
202000042688,20,9,23,07:45,1,2,1,1,1,93074,M,"48,9603584","2,5431626",93
202000042689,20,1,6,15:00,1,1,1,1,7,64029,M,"43,1267280"," -0,7197350",64
202000042690,20,9,23,18:15,2,2,1,1,3,93029,M,"48,9218912","2,4468237",93
202000042691,20,9,23,07:50,3,2,1,1,6,93027,M,"48,9273810","2,3922580",93
202000042692,20,1,5,14:50,1,1,1,1,1,24355,M,"44,8130530","1,2112050",24
202000042693,20,1,6,16:00,1,2,2,1,3,27116,M,"49,1954050","0,7130490",27
202000042694,20,9,23,02:00,3,2,2,1,3,93010,M,"48,9057189","2,4802694",93
202000042695,20,1,6,07:15,3,1,1,8,5,33284,M,"44,6473100"," -0,8374200",33
202000042696,20,9,23,03:10,5,2,1,1,6,93007,M,"48,9291300","2,4791600",93
202000042697,20,7,26,02:15,3,1,1,1,7,79259,M,"46,9632514"," -0,2099144",79
202000042698,20,7,26,08:35,1,1,1,8,1,77118,M,"48,9469400","2,7187300",77
202000042699,20,9,23,12:00,1,2,1,1,1,92033,M,"48,8526643","2,2027427",92
202000042700,20,1,7,09:50,1,1,1,2,1,17091,M,"46,3127620"," -1,0831860",17
202000042701,20,7,26,17:20,1,1,2,1,3,77186,M,"48,3765700","2,7395800",77
202000042702,20,8,29,19:57,1,2,1,2,2,92062,M,"48,8764571","2,2455871",92
202000042703,20,7,26,23:15,5,2,1,1,6,69275,M,"45,7739900","4,9764100",69
202000042704,20,7,26,20:55,1,2,3,1,3,64024,M,"43,4801000"," -1,5212000",64
202000042705,20,7,26,17:00,1,2,3,1,3,64024,M,"43,5096481"," -1,5295928",64
202000042706,20,1,7,01:00,3,1,1,1,7,69019,M,"46,0914190","4,7444750",69
202000042707,20,1,7,12:35,1,1,1,1,6,13051,M,"43,6168110","5,1398650",13
202000042708,20,7,26,13:15,1,2,3,1,-1,64024,M,"43,5082200"," -1,5223400",64
202000042709,20,1,7,12:30,1,1,1,1,2,13051,M,"43,5887630","5,1950330",13
202000042710,20,7,25,12:20,1,2,1,1,3,64102,M,"43,4878800"," -1,4741300",64
202000042711,20,1,7,18:05,1,2,1,1,6,97311,G,"5,4745020"," -54,0331460",973
202000042712,20,7,26,03:15,3,1,1,3,1,60175,M,"49,2505300","2,4577400",60
202000042713,20,9,18,22:15,5,2,1,1,7,92050,M,"48,9101618","2,2188663",92
202000042714,20,7,25,20:13,1,2,1,2,6,59599,M,"50,7350364","3,1462273",59
202000042715,20,1,5,08:17,4,2,1,1,7,05073,M,"44,3200450","5,8280690",05
202000042716,20,7,28,11:30,1,2,1,1,-1,38185,M,"45,1856300","5,7307400",38
202000042717,20,7,26,14:23,1,2,1,1,6,37261,M,"47,3875461","0,6917044",37
202000042718,20,7,26,14:45,1,2,2,1,3,35238,M,"48,1085600"," -1,6929300",35
202000042719,20,7,25,13:50,1,2,6,3,7,29051,M,"47,9937700"," -4,0672300",29
202000042720,20,9,22,09:40,1,2,1,1,3,92026,M,"48,8880941","2,2513765",92
202000042721,20,1,6,07:39,3,1,1,5,6,57251,M,"48,9820590","6,2164590",57
202000042722,20,1,6,21:12,1,2,1,1,6,38340,M,"45,4516000","4,7684810",38
202000042723,20,7,26,15:00,1,2,1,1,6,18279,M,"47,2218300","2,0694800",18
202000042724,20,1,6,17:15,2,1,1,1,7,38412,M,"45,4048500","5,7197900",38
202000042725,20,7,23,16:51,1,2,1,1,3,18267,M,"47,0589860","2,3772063",18
202000042726,20,7,26,22:15,2,2,1,1,6,17300,M,"46,1530400"," -1,1229800",17
202000042727,20,1,6,15:45,1,2,1,1,3,01160,M,"46,2601250","6,1149320",01
202000042728,20,7,26,21:50,5,2,1,1,6,13103,M,"43,6504091","5,1045053",13
202000042729,20,7,26,19:35,1,2,6,1,3,13208,M,"43,2464800","5,3737800",13
202000042730,20,1,6,18:45,3,1,1,8,3,69037,M,"46,0302155","4,4972191",69
202000042731,20,7,26,07:50,1,2,9,1,7,13005,M,"43,2837900","5,5946900",13
202000042732,20,1,6,17:30,2,2,3,1,1,17421,M,"45,6797810"," -0,9313350",17
202000042733,20,7,25,10:50,1,2,6,1,3,11069,M,"43,2030470","2,3142210",11
202000042734,20,1,6,13:30,1,1,1,8,7,49260,M,"47,0459760"," -1,0356790",49
202000042735,20,9,23,20:00,5,2,1,2,6,92026,M,"48,8918973","2,2529136",92
202000042736,20,7,26,20:15,2,2,1,1,5,06088,M,"43,6988710","7,2951950",06
202000042737,20,9,23,18:05,1,2,1,2,3,92026,M,"48,9024637","2,2656117",92
202000042738,20,9,23,19:50,5,2,1,2,6,92025,M,"48,9096260","2,2358170",92
202000042739,20,7,25,02:55,5,2,4,1,3,75120,M,"48,8614660","2,4139460",75
202000042740,20,1,6,17:45,5,1,1,2,1,50230,M,"49,5902900"," -1,6363930",50
202000042741,20,9,23,09:39,1,2,3,1,3,92025,M,"48,9282926","2,2702606",92
202000042742,20,7,26,00:30,5,2,3,2,3,75105,M,"48,8418470","2,3631780",75
202000042743,20,1,7,18:00,3,1,1,1,1,59638,M,"50,5786996","3,2713486",59
202000042744,20,7,26,16:00,1,2,3,1,3,75117,M,"48,8916080","2,3269636",75
202000042745,20,1,6,09:13,1,1,1,1,3,13071,M,"43,4067711","5,2909905",13
202000042746,20,9,23,15:50,1,1,1,1,4,97109,A,"16,0016135"," -61,6973186",971
202000042747,20,7,26,11:40,1,2,5,1,3,75117,M,"48,8839710","2,3002960",75
202000042748,20,9,24,08:45,1,2,1,2,3,69100,M,"45,6901490","4,8233330",69
202000042749,20,1,6,08:45,1,1,1,1,2,13005,M,"43,2855600","5,5276400",13
202000042750,20,7,26,00:55,5,2,2,3,6,75116,M,"48,8634710","2,2393690",75
202000042751,20,9,23,02:30,3,1,1,1,6,57055,M,"49,0642150","6,3902400",57
202000042752,20,1,6,09:05,1,1,1,1,3,13005,M,"43,2837600","5,5878510",13
202000042753,20,7,23,11:30,1,2,1,1,6,75116,M,"48,8796710","2,2588160",75
202000042754,20,7,26,20:05,2,2,1,1,6,75112,M,"48,8443590","2,4414660",75
202000042755,20,9,24,12:00,1,2,3,7,5,76400,M,"49,8209340","0,9112970",76
202000042756,20,1,5,20:20,3,1,1,1,4,93064,M,"48,8792500","2,4760400",93
202000042757,20,7,25,20:55,5,2,3,1,6,75109,M,"48,8812940","2,3284610",75
202000042758,20,1,5,11:45,1,1,1,1,3,93064,M,"48,8850200","2,4716900",93
202000042759,20,9,24,15:35,1,1,1,2,1,79109,M,"46,3885040"," -0,4265360",79
202000042760,20,7,26,22:15,3,2,7,1,2,75108,M,"48,8652190","2,3218820",75
202000042761,20,9,22,12:00,1,1,1,1,3,80639,M,"49,9587990","2,3118930",80
202000042762,20,9,24,08:50,1,2,2,1,3,63352,M,"45,4550210","3,2396530",63
202000042763,20,7,26,16:43,1,2,3,1,2,75107,M,"48,8605480","2,2956180",75
202000042764,20,9,23,18:45,1,1,3,2,3,49378,M,"47,3336130"," -0,0633510",49
202000042765,20,7,26,00:35,5,2,3,3,3,75107,M,"48,8628780","2,3017010",75
202000042766,20,9,23,10:00,1,2,1,2,6,46176,M,"44,6481890","1,8462880",46
202000042767,20,7,26,16:00,1,2,3,1,6,75104,M,"48,8550590","2,3616880",75
202000042768,20,1,4,21:30,5,1,1,1,5,93066,M,"48,9227300","2,3572800",93
202000042769,20,7,25,00:20,5,2,2,8,3,75102,M,"48,8644210","2,3515180",75
202000042770,20,9,21,20:45,3,1,1,2,7,47313,M,"44,5133850","0,4263000",47
202000042771,20,1,6,05:50,1,2,9,1,3,98818,C," -22,2253700","166,4808300",988
202000042772,20,7,26,15:20,1,2,2,1,3,94074,M,"48,7650200","2,4455800",94
202000042773,20,9,23,18:50,2,2,9,1,3,68082,M,"47,8591740","7,3410400",68
202000042774,20,7,26,15:42,1,2,1,1,2,94073,M,"48,7585860","2,3688380",94
202000042775,20,9,24,14:00,1,1,1,2,6,29191,M,"48,5390320"," -3,7098269",29
202000042776,20,7,26,04:23,5,2,1,2,6,94028,M,"48,7904990","2,4495050",94
202000042777,20,9,23,13:55,1,1,1,1,6,29117,M,"48,5620850"," -4,5206860",29
202000042778,20,7,25,20:15,1,2,6,1,7,93078,M,"48,9454500","2,5665800",93
202000042779,20,9,24,10:35,1,1,1,1,6,38561,M,"45,2848200","5,1938560",38
202000042780,20,1,5,19:05,5,2,3,1,3,69383,M,"45,7536600","4,8531200",69
202000042781,20,7,26,00:05,5,2,1,2,6,93051,M,"48,8262454","2,5660761",93
202000042782,20,1,5,05:20,5,2,2,1,-1,69387,M,"45,7451600","4,8419400",69
202000042783,20,9,24,12:30,1,1,1,2,1,70267,M,"47,8000340","5,9450160",70
202000042784,20,1,5,19:30,5,2,1,1,3,69389,M,"45,7620299","4,8084379",69
202000042785,20,7,26,02:25,5,2,1,2,1,93001,M,"48,9104047","2,3854340",93
202000042786,20,1,5,13:00,1,2,9,1,7,2A004,M,"41,9402200","8,7530700",2A
202000042787,20,7,25,16:15,1,2,2,1,2,92064,M,"48,8415185","2,2215919",92
202000042788,20,2,8,16:15,1,1,1,1,6,13051,M,"43,5824990","5,1955960",13
202000042789,20,9,23,23:45,4,2,6,8,6,14229,M,"49,2338140"," -0,0383310",14
202000042790,20,7,25,12:00,1,1,1,1,5,01074,M,"46,0181250","5,1431470",01
202000042791,20,1,4,19:41,5,2,1,1,3,2A004,M,"41,9243116","8,7390435",2A
202000042792,20,2,8,19:15,5,2,1,2,6,78043,M,"48,8410900","2,0759390",78
202000042793,20,7,26,18:45,1,2,1,1,3,73330,M,"45,6938394","5,7555918",73
202000042794,20,1,6,00:05,3,2,2,1,5,95019,M,"48,9842180","2,4176550",95
202000042795,20,7,26,23:25,3,2,1,1,7,95480,M,"49,1326370","2,2022710",95
202000042796,20,7,25,15:50,1,1,1,1,3,88120,M,"48,2103820","7,0409600",88
202000042797,20,2,8,05:30,3,1,1,1,4,30169,M,"43,8011460","4,3128200",30
202000042798,20,1,4,23:50,5,2,1,1,6,91326,M,"48,6888090","2,3804940",91
202000042799,20,9,24,04:30,5,2,3,1,-1,90053,M,"47,5385360","6,9716840",90
202000042800,20,7,25,20:05,1,1,1,2,6,14096,M,"48,9968102"," -0,8095223",14
202000042801,20,2,7,16:25,1,1,1,1,7,30344,M,"43,7489010","4,2368600",30
202000042802,20,9,23,18:05,1,1,1,1,7,90065,M,"47,7993620","6,8394400",90
202000042803,20,7,25,11:35,1,1,1,1,2,68156,M,"47,8842480","7,2538950",68
202000042804,20,1,5,01:45,1,2,1,1,7,86194,M,"46,5877600","0,3303600",86
202000042805,20,2,7,05:30,3,1,1,5,-1,69077,M,"46,1446701","4,7691424",69
202000042806,20,9,1,14:00,1,2,1,1,7,45175,M,"47,7526260","1,8218850",45
202000042807,20,7,26,05:30,2,1,1,1,6,72187,M,"47,7966670","0,3435370",72
202000042808,20,1,5,17:30,1,2,2,1,3,83137,M,"43,1161000","5,9607100",83
202000042809,20,9,24,17:30,1,1,1,2,1,18097,M,"47,1491770","2,4367330",18
202000042810,20,2,6,18:45,3,1,1,1,4,13112,M,"43,5196450","5,2277330",13
202000042811,20,2,8,02:45,5,2,1,1,7,97608,Y," -12,7855990","45,2606250",976
202000042812,20,9,21,15:55,1,1,1,8,7,43213,M,"45,2558498","4,2879295",43
202000042813,20,7,26,20:00,1,1,1,1,1,85064,M,"46,8250000"," -1,1951300",85
202000042814,20,1,5,18:00,4,2,2,1,3,69290,M,"45,7149900","4,9255100",69
202000042815,20,7,27,20:20,1,1,1,1,6,83057,M,"43,3872320","6,2125580",83
202000042816,20,9,23,14:15,1,1,3,7,3,21349,M,"47,2069750","4,2689770",21
202000042817,20,2,7,23:30,5,2,3,1,3,97311,G,"5,4993670"," -54,0311160",973
202000042818,20,1,5,12:50,1,2,1,1,6,45284,M,"47,9083000","1,9412900",45
202000042819,20,7,24,19:00,1,1,1,1,6,57579,M,"48,7724540","6,8927620",57
202000042820,20,9,23,14:25,1,1,1,1,2,28304,M,"48,2833050","1,7278170",28
202000042821,20,2,7,16:30,1,2,9,1,3,97701,,"17,9049970"," -62,8016920",977
202000042822,20,1,5,09:11,1,2,1,1,2,38169,M,"45,1978100","5,6930600",38
202000042823,20,9,23,17:00,1,1,1,2,6,37061,M,"46,8781767","0,9530598",37
202000042824,20,7,27,08:30,1,2,7,7,6,19164,M,"45,7040014","2,0535054",19
202000042825,20,2,7,18:45,3,1,1,1,6,41085,M,"47,6492870","1,6629480",41
202000042826,20,1,4,19:40,4,2,1,1,7,37214,M,"47,4270589","0,6442739",37
202000042827,20,1,5,14:00,1,2,1,1,7,34172,M,"43,6226800","3,8605300",34
202000042828,20,9,24,10:45,1,1,1,1,1,37132,M,"47,0931776","0,9546757",37
202000042829,20,7,24,10:30,1,1,1,1,-1,59433,M,"50,7978250","2,2828820",59
202000042830,20,2,7,17:40,1,2,1,1,3,77388,M,"48,9606720","3,1456920",77
202000042831,20,7,26,04:00,3,1,1,2,6,67019,M,"48,2502160","7,5237300",67
202000042832,20,2,8,10:15,1,1,1,1,2,34213,M,"43,4710860","3,6786410",34
202000042833,20,9,24,07:45,1,1,1,1,1,30249,M,"43,8029120","4,2178490",30
202000042834,20,1,26,08:20,1,2,3,2,4,33039,M,"44,8132900"," -0,5555100",33
202000042835,20,7,27,11:40,1,1,1,1,7,65200,M,"43,0485380","0,0635580",65
202000042836,20,9,23,16:45,1,1,1,1,1,38172,M,"45,5981180","5,1858420",38
202000042837,20,2,3,15:45,1,2,2,1,-1,34145,M,"43,6771410","4,1406440",34
202000042838,20,7,26,20:15,1,1,1,7,6,32319,M,"43,6015350","0,0333340",32
202000042839,20,1,5,18:38,5,2,1,1,3,13203,M,"43,3063140","5,3725620",13
202000042840,20,1,5,03:50,5,2,1,1,7,13001,M,"43,5324410","5,4500400",13
202000042841,20,9,23,18:20,1,1,6,1,3,42279,M,"45,5158500","4,2293070",42
202000042842,20,7,21,16:30,1,1,1,1,6,63414,M,"45,7167694","3,5818455",63
202000042843,20,1,5,18:00,5,2,1,1,3,06029,M,"43,5513200","7,0298800",06