Num_Acc,an,mois,jour,hrmn,lum,agg,int,atm,col,com,gps,lat,long,dep
202000042844,20,2,7,21:00,3,1,1,1,2,57082,M,"49,0584650","6,7943840",57
202000042845,20,1,5,16:10,1,2,1,1,3,75113,M,"48,8161510","2,3611500",75
202000042846,20,7,26,22:30,3,1,1,1,1,63261,M,"45,5632940","3,2852150",63
202000042847,20,9,23,17:37,1,1,1,1,2,57468,M,"48,7649450","7,2243260",57
202000042848,20,2,7,20:15,3,1,1,1,1,38341,M,"45,5818200","5,4331200",38
202000042849,20,1,5,14:05,1,2,1,8,3,75115,M,"48,8440720","2,3163680",75
202000042850,20,7,26,17:25,1,1,1,1,6,63132,M,"45,6248200","3,5554220",63
202000042851,20,9,24,10:15,1,1,1,1,3,06088,M,"43,7316250","7,2686600",06
202000042852,20,2,6,18:30,2,2,1,1,6,26347,M,"45,0684980","4,8443280",26
202000042853,20,7,27,17:15,1,1,1,1,7,49067,M,"47,6768750"," -0,6510260",49
202000042854,20,1,5,17:50,5,2,2,1,3,75120,M,"48,8575840","2,3993270",75
202000042855,20,9,23,20:04,1,1,1,8,-1,91111,M,"48,6190380","2,1298890",91
202000042856,20,7,26,00:30,3,1,3,2,3,49331,M,"47,7227250"," -0,7089600",49
202000042857,20,2,8,16:40,1,1,1,1,5,26084,M,"44,9873850","4,9471090",26
202000042858,20,1,5,18:30,5,2,2,1,3,75118,M,"48,8894958","2,3495947",75
202000042859,20,7,27,15:40,1,1,1,1,7,42298,M,"45,6808010","3,9050170",42
202000042860,20,9,19,10:25,1,1,3,1,6,98817,C," -22,2759620","166,6224400",988
202000042861,20,7,27,03:00,3,1,1,1,6,42023,M,"45,3079910","4,5395420",42
202000042862,20,1,5,00:45,5,2,2,1,2,75118,M,"48,8896940","2,3681280",75
202000042863,20,1,30,18:15,5,2,8,2,3,69067,M,"45,7505910","4,5499810",69
202000042864,20,7,24,10:00,1,1,1,1,3,46239,M,"44,8645160","1,4365160",46
202000042865,20,2,8,13:00,1,1,1,1,1,46102,M,"44,6074880","2,0510150",46
202000042866,20,1,3,13:35,1,2,2,1,3,75118,M,"48,8915640","2,3495990",75
202000042867,20,7,27,13:05,1,1,1,7,1,47320,M,"44,2957840","0,2140620",47
202000042868,20,7,11,09:45,1,1,9,1,3,22347,M,"48,7840770"," -3,2115970",22
202000042869,20,2,7,17:55,1,2,1,1,6,17452,M,"45,7591030"," -1,1269350",17
202000042870,20,7,26,17:00,1,1,1,1,6,44064,M,"47,1024709"," -1,3115112",44
202000042871,20,1,5,19:04,5,2,3,1,3,75117,M,"48,8905900","2,3201860",75
202000042872,20,2,8,13:50,1,1,1,2,7,60103,M,"49,4122290","2,2474497",60
202000042873,20,9,24,11:40,1,1,3,1,3,77099,M,"48,1591580","2,7095560",77
202000042874,20,7,25,14:25,1,1,1,2,1,29008,M,"48,0756850"," -4,4491620",29
202000042875,20,1,4,17:40,5,2,1,1,-1,75117,M,"48,8799539","2,3023519",75
202000042876,20,7,26,19:35,2,2,1,1,2,38175,M,"45,2705800","5,9221530",38
202000042877,20,1,5,10:20,1,2,1,8,3,75116,M,"48,8736950","2,2937720",75
202000042878,20,9,24,11:45,1,2,4,1,3,13073,M,"43,3853780","5,5594520",13
202000042879,20,7,26,23:00,3,1,1,1,6,02258,M,"49,1388770","3,1741050",02
202000042880,20,1,5,03:10,5,2,1,1,-1,75116,M,"48,8686420","2,2536620",75
202000042881,20,9,24,10:20,1,1,1,1,1,71238,M,"46,2142480","4,0606450",71
202000042882,20,7,24,21:45,5,2,1,1,6,70561,M,"47,5527550","6,4320870",70
202000042883,20,1,5,19:15,5,2,1,1,3,75113,M,"48,8294530","2,3747105",75
202000042884,20,7,26,19:50,1,1,1,1,6,50044,M,"49,0670060"," -1,3458040",50
202000042885,20,2,7,08:00,1,1,1,7,1,59285,M,"50,2727200","3,4320690",59
202000042886,20,7,27,14:30,1,1,1,1,1,16064,M,"45,9348370","0,8796840",16
202000042887,20,2,7,14:20,1,1,1,1,3,13215,M,"43,3779000","5,3578000",13
202000042888,20,7,27,15:30,1,1,1,1,7,07080,M,"45,0635940","4,3935010",07
202000042889,20,7,25,01:55,3,2,1,1,6,24520,M,"44,9255230","1,2021020",24
202000042890,20,2,7,09:15,1,1,1,1,2,13071,M,"43,3758010","5,3190020",13
202000042891,20,9,24,08:45,1,1,1,8,1,74222,M,"46,3310910","6,5811650",74
202000042892,20,7,26,09:40,1,1,1,1,7,85143,M,"46,5115200"," -0,7405800",85
202000042893,20,9,23,19:15,1,2,6,1,3,22093,M,"48,4729840"," -2,5035700",22
202000042894,20,7,23,19:30,1,1,1,1,2,27251,M,"49,0923705","0,6795796",27
202000042895,20,1,5,12:42,1,2,2,1,3,75112,M,"48,8397820","2,4138970",75
202000042896,20,2,7,07:20,2,1,1,1,-1,83144,M,"43,1400760","5,9988141",83
202000042897,20,9,22,17:15,1,1,1,1,3,57487,M,"49,0854120","6,1057510",57
202000042898,20,7,21,13:11,1,1,1,1,3,27679,M,"48,7790440","0,8547560",27
202000042899,20,1,5,17:05,2,2,1,1,6,75111,M,"48,8548130","2,3919300",75
202000042900,20,2,6,14:46,1,1,1,1,4,83137,M,"43,1213200","5,9533100",83
202000042901,20,7,26,16:20,1,1,1,1,6,52123,M,"48,5315510","5,1068110",52
202000042902,20,1,4,09:10,1,2,2,1,3,75108,M,"48,8794310","2,3142820",75
202000042903,20,9,23,17:35,1,1,1,1,5,33063,M,"44,8833800"," -0,5556000",33
202000042904,20,7,23,18:00,1,1,1,1,7,88165,M,"48,3720930","6,8806260",88
202000042905,20,7,27,11:40,1,1,1,1,6,01331,M,"46,1053880","5,4469230",01
202000042906,20,1,5,02:30,5,2,3,1,2,75101,M,"48,8608187","2,3412077",75
202000042907,20,9,23,12:25,1,1,1,1,4,33550,M,"44,7803800"," -0,5777600",33
202000042908,20,7,26,17:30,1,2,1,1,7,95604,M,"49,0970880","2,5446940",95
202000042909,20,7,22,11:50,1,1,1,1,6,78003,M,"48,5260840","1,8330220",78
202000042910,20,9,22,07:15,3,1,1,5,6,59350,M,"50,6368870","3,0887350",59
202000042911,20,2,7,14:25,1,1,1,1,3,91377,M,"48,7304000","2,2418300",91
202000042912,20,1,4,20:55,5,2,1,1,2,94078,M,"48,7522700","2,4451200",94
202000042913,20,7,25,15:50,1,2,1,1,6,98729,P," -17,4949230"," -149,8168440",987
202000042914,20,7,25,02:45,5,2,1,1,3,97116,A,"16,3120870"," -61,4775660",971
202000042915,20,1,4,15:00,1,1,3,8,1,94003,M,"48,8011430","2,3367910",94
202000042916,20,9,20,03:50,3,1,1,1,4,59554,M,"50,4505380","3,3389900",59
202000042917,20,1,4,03:15,5,2,1,1,2,94076,M,"48,7929600","2,3693500",94
202000042918,20,7,27,12:30,1,1,1,1,3,45137,M,"48,1369240","2,2072170",45
202000042919,20,1,5,13:20,1,2,5,1,5,93077,M,"48,8788600","2,5162900",93
202000042920,20,9,23,06:05,3,1,1,1,4,78402,M,"48,9638310","1,7897780",78
202000042921,20,7,26,12:38,1,2,1,1,7,95039,M,"49,0710430","2,1764160",95
202000042922,20,2,7,09:30,1,1,1,1,2,78291,M,"48,9704780","1,7341430",78
202000042923,20,1,4,12:40,1,2,1,1,2,93027,M,"48,9363311","2,3878324",93
202000042924,20,2,6,08:45,1,1,1,1,4,78362,M,"48,9777630","1,7118410",78
202000042925,20,2,7,07:00,3,1,1,1,6,95212,M,"49,0334800","2,5408300",95
202000042926,20,1,4,19:26,5,2,9,1,3,22118,M,"48,4538476"," -2,0251413",22
202000042927,20,2,6,19:50,3,1,1,1,2,93027,M,"48,9372300","2,4106100",93
202000042928,20,1,5,16:00,1,1,1,7,6,63302,M,"45,7176120","3,1151900",63
202000042929,20,2,6,17:00,1,1,1,1,3,95252,M,"48,9859700","2,2420700",95
202000042930,20,1,6,10:30,1,1,1,1,6,37125,M,"47,0970426","0,3232927",37
202000042931,20,2,6,18:30,3,1,1,1,3,93006,M,"48,8667800","2,4255600",93
202000042932,20,1,6,09:15,1,2,3,9,7,68162,M,"48,1353450","7,2659260",68
202000042933,20,1,5,21:15,3,1,1,1,1,14129,M,"48,9338140"," -0,9189270",14
202000042934,20,2,6,12:20,1,1,1,1,5,93005,M,"48,9601700","2,4735200",93
202000042935,20,2,4,05:30,3,1,1,1,6,95394,M,"49,0523500","2,1847400",95
202000042936,20,1,6,12:00,1,1,2,1,3,62610,M,"50,4805726","1,7737347",62
202000042937,20,2,7,12:45,1,1,1,1,2,94073,M,"48,7627000","2,3817000",94
202000042938,20,1,6,19:11,3,1,1,1,6,89291,M,"48,1186550","3,2908000",89
202000042939,20,2,6,08:45,1,2,3,1,3,98818,C," -22,2978500","166,4384500",988
202000042940,20,1,5,06:30,3,1,1,5,6,76352,M,"49,4638800","1,4650400",76
202000042941,20,2,4,03:30,1,2,3,1,3,97409,R," -20,9581480","55,6497990",974
202000042942,20,1,6,13:25,1,1,1,1,1,76111,M,"49,4628620","1,2527020",76
202000042943,20,1,5,06:20,5,2,1,1,6,34284,M,"43,4862580","2,7769300",34
202000042944,20,2,6,06:00,2,1,9,1,3,97409,R," -20,9527930","55,6877200",974
202000042945,20,1,6,07:40,1,1,1,1,7,43038,M,"45,3255680","3,3223430",43
202000042946,20,2,5,22:20,5,2,1,1,6,97302,G,"4,9239781"," -52,3189920",973
202000042947,20,1,5,18:10,3,1,2,1,3,25371,M,"47,2510130","5,8851030",25
202000042948,20,2,6,22:15,5,2,1,1,3,69386,M,"45,7668000","4,8442000",69
202000042949,20,1,6,01:40,3,1,1,1,7,02399,M,"49,4514150","3,9014820",02
202000042950,20,2,6,19:30,5,2,1,1,2,69199,M,"45,7031000","4,8455000",69
202000042951,20,1,6,06:55,3,1,2,1,3,15202,M,"45,1306370","2,4135720",15
202000042952,20,2,6,09:50,1,2,1,1,7,97209,A,"14,6435600"," -61,0533700",972
202000042953,20,1,6,08:00,1,1,2,1,3,26357,M,"44,2782810","4,9017600",26
202000042954,20,2,6,15:15,1,2,1,1,7,69389,M,"45,7656000","4,8038000",69
202000042955,20,1,6,17:45,5,2,1,1,6,58095,M,"46,8285580","3,4777600",58
202000042956,20,1,6,07:35,3,1,1,1,1,14138,M,"49,2311312"," -1,0015590",14
202000042957,20,2,6,07:25,5,2,3,1,3,69202,M,"45,7511126","4,8009119",69
202000042958,20,1,6,12:05,1,2,1,7,3,60513,M,"49,2042610","2,3772290",60
202000042959,20,2,5,20:50,5,2,1,1,7,69382,M,"45,7491701","4,8295319",69
202000042960,20,1,3,12:30,1,1,1,1,6,64509,M,"43,1573370"," -0,8713340",64
202000042961,20,1,6,10:35,1,1,1,1,6,16065,M,"46,0745110","0,7924090",16
202000042962,20,1,6,08:00,2,2,1,1,6,07255,M,"44,7513403","4,6892023",07
202000042963,20,2,2,19:30,5,1,1,1,-1,97101,A,"16,2388300"," -61,5143800",971
202000042964,20,1,6,18:00,3,1,1,1,5,85081,M,"46,7706800"," -1,3517300",85
202000042965,20,1,4,11:40,1,1,1,1,6,13065,M,"43,7303430","4,9056010",13
202000042966,20,1,5,21:30,3,1,1,1,6,28303,M,"48,1054310","1,8510720",28
202000042967,20,1,5,16:00,1,1,1,1,1,2B182,M,"42,6057500","9,0040690",2B
202000042968,20,1,5,20:00,3,1,1,1,6,2B185,M,"42,6646560","9,3105670",2B
202000042969,20,1,6,11:50,1,1,1,1,3,30258,M,"43,7222290","4,4165150",30
202000042970,20,2,5,18:03,1,2,9,1,3,97101,A,"16,2481600"," -61,5278100",971
202000042971,20,2,5,13:35,1,1,1,1,5,97113,A,"16,2175500"," -61,4949800",971
202000042972,20,2,4,16:38,1,1,1,1,5,97113,A,"16,2493105"," -61,4512110",971
202000042973,20,2,6,20:35,5,2,1,1,3,2A004,M,"41,9344165","8,7425648",2A
202000042974,20,2,5,18:20,1,2,1,1,4,95277,M,"48,9931500","2,4263300",95
202000042975,20,2,5,09:22,1,2,3,1,3,91223,M,"48,4395100","2,1524300",91
202000042976,20,2,6,15:35,1,2,1,1,6,91514,M,"48,6728000","2,5370600",91
202000042977,20,2,5,16:55,1,2,1,1,7,91333,M,"48,6196400","2,2737300",91
202000042978,20,2,6,15:40,1,2,2,1,3,90010,M,"47,6347700","6,8399600",90
202000042979,20,2,4,01:02,5,2,1,1,6,87085,M,"45,8615900","1,2581300",87
202000042980,20,2,4,17:48,1,2,3,1,3,87085,M,"45,8235800","1,2805300",87
202000042981,20,2,4,18:08,1,2,1,1,1,87085,M,"45,8188500","1,2626600",87
202000042982,20,2,6,14:00,1,2,2,1,3,83137,M,"43,1291130","5,9128600",83
202000042983,20,1,27,12:10,1,2,1,1,6,83153,M,"43,0741900","5,9095070",83
202000042984,20,2,4,08:45,1,2,1,8,6,82121,M,"44,0230000","1,3461000",82
202000042985,20,2,6,15:20,1,1,2,1,3,78609,M,"49,0157690","1,9104190",78
202000042986,20,2,5,12:15,1,2,3,1,3,76351,M,"49,5098000","0,1744800",76
202000042987,20,2,6,07:00,2,2,1,1,1,74012,M,"46,1789112","6,2409651",74
202000042988,20,2,6,05:00,5,2,3,1,7,74012,M,"46,1852753","6,2259704",74
202000042989,20,2,6,17:17,1,2,1,1,2,72181,M,"47,9882300","0,1796900",72
202000042990,20,2,6,14:29,1,2,1,1,6,72181,M,"47,9906000","0,2228100",72
202000042991,20,2,6,07:40,1,2,1,1,5,71105,M,"46,3123945","4,7868602",71
202000042992,20,2,5,19:30,3,2,1,1,6,71153,M,"46,8089200","4,4143709",71
202000042993,20,2,6,18:40,4,2,2,1,3,69029,M,"45,7389400","4,8921600",69
202000042994,20,2,3,19:10,5,2,1,1,6,69290,M,"45,6932800","4,9574500",69
202000042995,20,2,5,16:05,1,2,3,1,6,67447,M,"48,6126620","7,7673310",67
202000042996,20,2,4,18:10,3,2,1,2,-1,67482,M,"48,5844100","7,7098100",67
202000042997,20,2,4,16:45,2,2,3,2,6,67482,M,"48,5753389","7,7546874",67
202000042998,20,2,4,12:56,1,2,1,2,6,67482,M,"48,5664300","7,7078100",67
202000042999,20,2,5,12:43,1,1,3,1,3,67462,M,"48,2786120","7,4653730",67
202000043000,20,2,6,15:30,1,2,1,1,6,66136,M,"42,6867200","2,9072700",66
202000043001,20,2,6,17:45,1,2,3,7,3,64335,M,"43,3307523"," -0,4368337",64
202000043002,20,2,5,16:31,1,2,1,1,5,63164,M,"45,8219919","3,1410327",63
202000043003,20,2,4,19:29,5,2,1,1,-1,63113,M,"45,7766000","3,0764600",63
202000043004,20,2,6,09:00,1,2,1,1,-1,59279,M,"50,7834860","3,1224100",59
202000043005,20,2,5,20:35,5,2,1,8,1,59368,M,"50,6571870","3,0643930",59
202000043006,20,2,5,15:45,1,2,1,1,6,59457,M,"50,6667739","2,9738345",59
202000043007,20,2,5,14:35,1,2,6,1,3,56121,M,"47,7658500"," -3,4007300",56
202000043008,20,2,6,09:00,1,2,1,1,3,54395,M,"48,6803411","6,1916314",54
202000043009,20,2,2,01:25,5,2,1,3,4,50129,M,"49,6464700"," -1,6422200",50
202000043010,20,2,5,17:14,1,2,1,1,6,49007,M,"47,4695000"," -0,5454900",49
202000043011,20,2,6,17:40,1,2,1,1,2,45234,M,"47,9003000","1,8944700",45
202000043012,20,2,6,08:15,1,2,2,1,3,45234,M,"47,9060663","1,9358110",45
202000043013,20,2,6,09:45,2,2,1,7,6,44162,M,"47,2276600"," -1,6356500",44
202000043014,20,2,6,18:55,3,1,1,1,4,35238,M,"48,1421000"," -1,6595700",35
202000043015,20,2,6,23:29,5,2,1,1,2,34172,M,"43,5913020","3,8797550",34
202000043016,20,2,5,18:00,5,2,1,1,-1,34032,M,"43,3487600","3,2204900",34
202000043017,20,2,6,17:10,1,2,3,1,-1,33281,M,"44,8419781"," -0,6625342",33
202000043018,20,2,6,16:00,1,2,1,1,3,33522,M,"44,8223100"," -0,5936400",33
202000043019,20,2,6,13:20,1,2,2,1,3,33318,M,"44,8038034"," -0,6674864",33
202000043020,20,2,3,11:35,1,2,3,1,2,33063,M,"44,8297938"," -0,5961714",33
202000043021,20,2,5,13:02,1,2,3,1,3,32013,M,"43,6335000","0,5883000",32
202000043022,20,2,6,17:40,1,2,1,1,-1,30007,M,"44,1273200","4,0775600",30
202000043023,20,2,5,08:30,1,2,1,1,1,30007,M,"44,1208370","4,0643340",30
202000043024,20,2,6,14:38,1,1,1,1,2,29232,M,"48,0159400"," -4,0952600",29
202000043025,20,2,6,08:36,1,2,1,1,6,29232,M,"47,9905900"," -4,1330100",29
202000043026,20,2,5,11:08,1,1,1,1,7,29039,M,"47,9062195"," -3,9466822",29
202000043027,20,2,6,20:35,3,1,9,1,1,13103,M,"43,6124281","5,0968524",13
202000043028,20,2,6,21:05,5,2,2,1,3,13208,M,"43,2478600","5,3838800",13
202000043029,20,2,6,15:50,1,2,2,1,3,13205,M,"43,2939720","5,3957650",13
202000043030,20,2,6,15:40,1,2,1,1,2,13209,M,"43,2749388","5,3966942",13
202000043031,20,2,5,23:50,5,2,3,1,3,13202,M,"43,3132420","5,3662980",13
202000043032,20,2,5,20:20,5,2,1,1,6,13206,M,"43,2850000","5,3840000",13
202000043033,20,2,4,14:55,1,2,1,1,6,13205,M,"43,2916768","5,4092743",13
202000043034,20,2,4,12:00,1,2,3,1,3,13205,M,"43,2892800","5,3891100",13
202000043035,20,2,4,11:45,1,2,1,1,2,13005,M,"43,2875870","5,5466180",13
202000043036,20,2,5,13:00,1,2,3,1,3,11069,M,"43,2011000","2,3592000",11
202000043037,20,2,6,16:26,1,2,1,1,2,10387,M,"48,3017900","4,0744700",10
202000043038,20,2,6,17:40,2,2,2,1,1,06088,M,"43,7050000","7,2830000",06
202000043039,20,2,6,14:20,1,1,1,1,4,06088,M,"43,6651000","7,2030000",06
202000043040,20,2,5,08:00,1,2,2,1,1,06088,M,"43,7143400","7,2800200",06
202000043041,20,2,6,08:30,1,2,1,1,3,06069,M,"43,6370000","6,9509000",06
202000043042,20,2,5,13:53,1,1,1,1,1,02408,M,"49,5639690","3,6541070",02
202000043043,20,2,5,15:55,1,2,3,1,3,75119,M,"48,8768540","2,3743930",75
202000043044,20,2,6,10:50,1,2,2,1,3,75120,M,"48,8655210","2,4117460",75
202000043045,20,2,6,15:38,1,2,1,1,6,75119,M,"48,8849310","2,3695220",75
202000043046,20,2,6,14:10,1,2,1,1,3,75118,M,"48,8944560","2,3594390",75
202000043047,20,2,6,17:45,5,2,1,1,6,75116,M,"48,8726160","2,2794030",75
202000043048,20,2,6,12:00,1,2,1,1,6,75116,M,"48,8477050","2,2693230",75
202000043049,20,2,6,08:00,1,2,1,1,3,75115,M,"48,8265410","2,3006010",75
202000043050,20,2,6,08:40,1,2,7,1,-1,75114,M,"48,8369550","2,3180440",75
202000043051,20,2,5,13:40,1,2,2,1,2,75112,M,"48,8461200","2,3759930",75
202000043052,20,2,5,22:08,5,2,1,1,3,75112,M,"48,8407810","2,3982520",75
202000043053,20,2,6,18:30,5,2,1,1,3,75111,M,"48,8613790","2,3880500",75
202000043054,20,2,6,02:05,5,2,3,1,-1,75109,M,"48,8840990","2,3308190",75
202000043055,20,2,6,09:40,1,2,7,1,3,75108,M,"48,8756430","2,3188970",75
202000043056,20,2,5,16:45,1,2,2,1,6,75117,M,"48,8891240","2,3227370",75
202000043057,20,2,6,16:30,1,2,1,1,7,75107,M,"48,8544990","2,3217750",75
202000043058,20,2,6,12:10,1,2,2,1,6,75107,M,"48,8577070","2,3279780",75
202000043059,20,2,6,08:35,1,2,1,1,6,75115,M,"48,8401430","2,3136190",75
202000043060,20,2,5,12:50,1,2,7,1,7,75103,M,"48,8673420","2,3633460",75
202000043061,20,2,6,20:55,5,2,1,1,7,75104,M,"48,8549730","2,3619900",75
202000043062,20,2,6,14:05,1,2,1,1,3,94041,M,"48,8187500","2,3916000",94
202000043063,20,2,6,09:00,1,2,1,1,3,94041,M,"48,8195279","2,3961668",94
202000043064,20,2,5,17:30,1,2,3,1,3,94041,M,"48,8148090","2,3746620",94
202000043065,20,2,6,05:20,5,2,9,1,3,94021,M,"48,7637759","2,3531291",94
202000043066,20,2,6,18:20,5,2,1,1,6,94055,M,"48,7921000","2,5330500",94
202000043067,20,2,5,15:00,1,2,2,1,3,94019,M,"48,7902000","2,5225000",94
202000043068,20,2,4,18:42,3,2,9,2,6,94053,M,"48,7725220","2,5442195",94
202000043069,20,2,6,12:30,1,2,1,1,6,94017,M,"48,8049700","2,5538800",94
202000043070,20,2,6,18:20,5,2,1,1,6,94071,M,"48,7772800","2,5115000",94
202000043071,20,2,4,12:55,1,2,1,8,3,94002,M,"48,7776800","2,4209900",94
202000043072,20,2,6,06:40,5,2,1,1,6,93033,M,"48,8594813","2,5810672",93
202000043073,20,2,6,09:25,1,2,1,1,6,93031,M,"48,9585200","2,3264200",93
202000043074,20,2,6,08:45,1,2,1,1,6,93007,M,"48,9404800","2,4701600",93
202000043075,20,2,4,18:26,5,2,1,1,6,92072,M,"48,8258540","2,2043500",92
202000043076,20,2,5,12:15,1,2,3,1,6,92063,M,"48,8610342","2,1905410",92
202000043077,20,2,6,19:00,5,2,9,1,2,92062,M,"48,8874396","2,2443493",92
202000043078,20,2,6,18:20,1,2,1,1,2,92062,M,"48,8845146","2,2500783",92
202000043079,20,2,6,15:24,1,2,2,1,3,92050,M,"48,8897680","2,1868110",92
202000043080,20,2,6,06:55,5,2,3,1,6,92036,M,"48,9337900","2,3134570",92
202000043081,20,2,4,21:50,5,2,2,1,3,92025,M,"48,9308930","2,2444480",92
202000043082,20,1,29,19:50,5,2,1,1,-1,92024,M,"48,9035700","2,3170000",92
202000043083,20,2,6,13:10,1,2,1,1,6,92012,M,"48,8326500","2,2406000",92
202000043084,20,2,6,18:30,5,2,1,1,1,62812,M,"50,6322060","2,0778380",62
202000043085,20,2,6,14:30,1,1,1,1,7,97310,G,"4,4240106"," -52,3265580",973
202000043086,20,2,4,14:50,1,2,3,1,3,59067,M,"50,9688020","2,4263050",59
202000043087,20,2,3,07:15,1,2,1,1,6,97413,R," -21,2056980","55,2963460",974
202000043088,20,2,7,16:10,1,2,4,1,1,74299,M,"45,8875510","6,1731950",74
202000043089,20,2,6,19:30,5,1,2,1,3,76738,M,"49,5550130","1,2794350",76
202000043090,20,2,6,10:30,1,2,1,7,6,76152,M,"49,5785980","1,2283550",76
202000043091,20,2,6,18:45,5,2,1,1,6,79066,M,"46,4856170"," -0,4045900",79
202000043092,20,2,5,17:30,1,1,1,1,5,82125,M,"43,9344000","1,2205000",82
202000043093,20,1,29,13:40,1,1,2,1,3,61421,M,"48,5393410"," -0,7849810",61
202000043094,20,2,7,11:27,1,1,1,1,1,41249,M,"47,4428270","2,1171430",41
202000043095,20,2,5,18:38,3,1,9,4,3,25321,M,"47,0567220","6,7054640",25
202000043096,20,2,5,14:00,1,1,6,1,3,29119,M,"48,4671466"," -4,6406052",29
202000043097,20,2,6,19:40,5,2,3,1,1,29174,M,"47,8681860"," -4,2328960",29
202000043098,20,2,6,10:30,1,1,1,7,1,31356,M,"43,6906050","1,2293820",31
202000043099,20,2,6,19:35,4,2,1,1,6,31467,M,"43,6846400","1,4061320",31
202000043100,20,2,6,16:20,1,1,1,1,1,02627,M,"49,4904080","4,0411820",02
202000043101,20,2,6,09:00,1,1,2,1,3,54275,M,"48,9568900","5,9026620",54
202000043102,20,2,6,17:45,1,2,1,7,2,64371,M,"43,2282410"," -0,8860950",64
202000043103,20,2,6,17:50,2,1,3,1,3,43084,M,"44,9938640","3,8671880",43
202000043104,20,1,24,07:25,2,1,9,1,3,10345,M,"48,4134580","4,5065410",10
202000043105,20,2,7,14:00,1,2,1,1,1,07117,M,"44,4557540","4,2191400",07
202000043106,20,2,5,17:25,1,2,2,1,3,40059,M,"43,6070120"," -1,0635280",40
202000043107,20,2,7,11:45,1,1,3,1,3,24577,M,"44,8500730","1,1821030",24
202000043108,20,2,7,18:00,5,2,1,1,6,04166,M,"43,8206370","6,0895800",04
202000043109,20,2,6,19:45,3,1,2,1,3,27378,M,"48,7776580","1,2143750",27
202000043110,20,6,26,18:00,1,2,2,1,1,71014,M,"46,9534109","4,2956786",71
202000043111,20,6,28,21:45,2,1,1,8,3,89426,M,"47,6873149","3,5955388",89
202000043112,20,6,29,19:15,1,2,4,1,7,42058,M,"45,5400370","4,0004400",42
202000043113,20,6,29,14:32,1,1,3,1,1,42021,M,"45,5071290","4,1332200",42
202000043114,20,6,27,18:15,1,1,3,1,3,26165,M,"44,7959670","4,8729940",26
202000043115,20,6,28,13:35,1,1,2,1,-1,72338,M,"48,1087210","0,1764250",72
202000043116,20,5,30,14:45,1,1,1,1,3,72289,M,"48,1491380","0,1547530",72
202000043117,20,6,29,14:00,1,1,1,7,6,06151,M,"43,8824830","7,2437130",06
202000043118,20,6,25,15:10,1,2,4,1,7,60496,M,"49,6143229","2,4484739",60
202000043119,20,6,28,17:18,1,1,1,2,3,10080,M,"48,0586900","4,1063640",10
202000043120,20,6,28,16:45,1,1,1,1,1,07228,M,"45,2582890","4,7786340",07
202000043121,20,6,28,13:15,1,1,1,1,7,04090,M,"43,9926600","6,6462990",04
202000043122,20,6,28,16:15,1,1,2,1,-1,27361,M,"49,3036320","0,3463050",27
202000043123,20,6,28,17:15,1,1,1,1,7,28172,M,"48,5617270","1,6812090",28
202000043124,20,6,24,16:19,1,1,4,1,1,48034,M,"44,4430370","3,2149410",48
202000043125,20,6,27,11:28,1,1,1,1,7,72350,M,"47,8820460","0,3045270",72
202000043126,20,6,28,11:15,1,1,1,1,6,24189,M,"44,8609830","0,2009830",24
202000043127,20,6,29,07:30,1,1,1,2,3,68297,M,"47,5969700","7,5408370",68
202000043128,20,6,29,15:35,1,1,1,1,4,62286,M,"50,5572060","2,4412820",62
202000043129,20,6,29,17:10,1,1,1,1,2,74021,M,"46,1555724","6,2852886",74
202000043130,20,6,27,15:00,1,2,1,1,1,98722,P," -17,5914290"," -149,3821260",987
202000043131,20,6,26,13:23,1,2,3,1,1,97116,A,"16,3289890"," -61,4522840",971
202000043132,20,6,28,17:55,2,2,1,1,1,97801,,"18,0612510"," -63,1101470",978
202000043133,20,6,29,08:30,1,1,1,1,6,45191,M,"48,2848345","2,4165881",45
202000043134,20,6,28,20:45,1,1,1,1,1,45170,M,"48,2634557","2,2113133",45
202000043135,20,6,28,18:30,1,1,1,1,1,78009,M,"48,4603070","1,8947220",78
202000043136,20,6,28,01:28,3,1,1,1,6,78239,M,"49,0143730","1,7173440",78
202000043137,20,6,25,17:00,1,1,1,1,5,66037,M,"42,6697200","3,0331490",66
202000043138,20,6,27,08:00,1,2,1,1,6,30307,M,"44,1990510","4,0458010",30
202000043139,20,6,28,19:55,1,1,3,1,3,84026,M,"43,7201870","5,3921200",84
202000043140,20,6,28,18:00,1,1,1,1,1,83016,M,"43,1999400","5,8077090",83
202000043141,20,6,29,09:15,1,1,1,1,-1,83042,M,"43,2370120","6,5263940",83
202000043142,20,6,28,18:30,1,1,1,1,7,13100,M,"43,8034920","4,8329650",13
202000043143,20,6,26,16:49,1,1,1,1,2,26362,M,"44,9061040","4,8762130",26
202000043144,20,6,27,19:00,1,2,1,1,6,57762,M,"49,1205750","6,5838900",57
202000043145,20,6,26,12:30,1,2,1,1,3,42168,M,"45,4019230","4,6858890",42
202000043146,20,6,29,08:30,1,2,3,1,3,38110,M,"45,5856810","4,8768420",38
202000043147,20,6,29,15:45,1,1,1,1,6,38135,M,"45,6999700","5,3866900",38
202000043148,20,6,26,16:10,1,1,3,1,1,65411,M,"42,8854180"," -0,0163900",65
202000043149,20,6,27,16:00,1,2,1,7,6,40182,M,"44,0670580"," -1,1547450",40
202000043150,20,6,29,08:40,1,2,4,1,3,33080,M,"44,7533600"," -0,5304400",33
202000043151,20,6,28,15:30,1,2,1,1,7,35228,M,"48,5829210"," -2,0524750",35
202000043152,20,6,29,15:30,1,1,4,6,7,76551,M,"49,5622890","0,3031810",76