Num_Acc,an,mois,jour,hrmn,lum,agg,int,atm,col,com,gps,lat,long,dep
202000043153,20,6,26,16:50,1,2,1,1,7,76647,M,"49,5235860","0,3673230",76
202000043154,20,6,29,12:35,1,2,1,1,6,60282,M,"49,1845980","2,4110980",60
202000043155,20,6,24,15:50,1,1,1,7,5,59228,M,"50,3354598","3,0949527",59
202000043156,20,6,27,03:00,5,1,1,1,2,13207,M,"43,2909000","5,3655600",13
202000043157,20,6,27,23:05,3,1,1,1,2,13071,M,"43,4036400","5,3099000",13
202000043158,20,6,27,12:25,1,1,1,1,4,13214,M,"43,3311160","5,3778180",13
202000043159,20,6,27,11:45,1,1,1,1,4,13215,M,"43,3689380","5,3609670",13
202000043160,20,6,28,16:16,1,1,1,1,2,33122,M,"44,7330900"," -0,7223400",33
202000043161,20,6,28,18:45,1,1,1,1,2,91161,M,"48,7107000","2,3003000",91
202000043162,20,6,28,17:00,1,1,1,1,4,91471,M,"48,7099900","2,1876000",91
202000043163,20,6,28,13:10,1,1,1,1,2,94038,M,"48,7749000","2,3462200",94
202000043164,20,6,28,03:15,5,1,1,1,6,92036,M,"48,9337093","2,2742213",92
202000043165,20,6,27,02:08,5,1,1,1,3,92064,M,"48,8394617","2,2142842",92
202000043166,20,6,28,18:40,1,1,1,1,4,93013,M,"48,9387600","2,4162900",93
202000043167,20,6,28,17:20,1,1,1,1,6,93029,M,"48,9246400","2,4258800",93
202000043168,20,6,28,14:05,1,1,1,1,4,92036,M,"48,9387600","2,3092400",92
202000043169,20,6,27,19:30,1,1,1,2,6,95018,M,"48,9565300","2,2746800",95
202000043170,20,6,27,09:50,1,2,1,1,6,97411,R," -20,8815000","55,4557000",974
202000043171,20,6,22,01:10,3,1,1,1,6,97213,A,"14,6249800"," -61,0244100",972
202000043172,20,6,27,21:10,2,2,1,1,1,2A004,M,"41,9477200","8,7536500",2A
202000043173,20,6,26,17:53,1,1,1,1,4,95539,M,"48,9959800","2,3611300",95
202000043174,20,6,18,10:55,1,2,2,1,6,91027,M,"48,7056200","2,3630900",91
202000043175,20,6,26,20:35,1,2,2,1,3,76575,M,"49,3949100","1,0665200",76
202000043176,20,6,26,21:10,5,2,1,1,6,74133,M,"46,1813760","6,1917350",74
202000043177,20,6,20,18:50,1,2,6,1,2,74012,M,"46,1939500","6,2404800",74
202000043178,20,6,26,19:40,1,2,1,1,6,69266,M,"45,7636400","4,9116400",69
202000043179,20,6,23,18:30,1,2,3,1,3,54431,M,"48,9169000","6,0653800",54
202000043180,20,6,27,23:30,5,2,1,1,3,38185,M,"45,1837000","5,7386000",38
202000043181,20,6,27,09:30,1,1,6,1,6,33238,M,"44,7485400"," -0,6167500",33
202000043182,20,6,27,13:30,1,2,1,1,7,33529,M,"44,6040400"," -1,2025400",33
202000043183,20,6,26,15:40,1,2,1,1,6,26198,M,"44,5554000","4,7509400",26
202000043184,20,6,27,10:20,1,2,3,1,1,25056,M,"47,2345000","5,9842400",25
202000043185,20,6,27,20:50,1,2,2,1,3,14118,M,"49,1807800"," -0,3605300",14
202000043186,20,6,27,19:00,1,2,4,1,2,13211,M,"43,2970290","5,4839680",13
202000043187,20,6,27,15:25,1,2,1,1,6,13213,M,"43,3460000","5,4486000",13
202000043188,20,6,27,23:05,3,1,1,1,6,13004,M,"43,6544110","4,7162430",13
202000043189,20,6,27,14:58,1,2,1,1,3,10387,M,"48,3011000","4,0798000",10
202000043190,20,6,27,15:30,1,2,1,1,2,75119,M,"48,8849220","2,3982760",75
202000043191,20,6,24,16:40,1,2,4,1,3,75112,M,"48,8277440","2,3930800",75
202000043192,20,6,27,02:10,5,2,1,2,3,75120,M,"48,8524770","2,4048700",75
202000043193,20,6,27,16:35,1,2,1,1,6,75119,M,"48,8833000","2,3722090",75
202000043194,20,6,27,00:15,5,2,4,2,3,75117,M,"48,8921950","2,3235800",75
202000043195,20,6,27,12:20,1,2,1,1,2,75116,M,"48,8592580","2,2896990",75
202000043196,20,6,26,21:20,1,2,2,1,3,75116,M,"48,8595430","2,2752300",75
202000043197,20,6,25,20:40,2,2,1,1,3,75116,M,"48,8696050","2,2919740",75
202000043198,20,6,27,08:35,1,2,7,1,3,75114,M,"48,8230480","2,3254910",75
202000043199,20,6,27,09:00,1,2,1,1,3,75110,M,"48,8681323","2,3637276",75
202000043200,20,6,26,21:15,2,2,3,1,3,75107,M,"48,8482650","2,3157070",75
202000043201,20,6,27,19:45,1,2,4,2,7,75104,M,"48,8510330","2,3611270",75
202000043202,20,6,27,08:55,1,2,2,1,3,94081,M,"48,7860270","2,3916119",94
202000043203,20,6,27,16:05,1,2,1,2,3,94076,M,"48,8033165","2,3644088",94
202000043204,20,6,27,07:30,1,2,1,1,7,94041,M,"48,8135900","2,3852300",94
202000043205,20,6,27,19:30,1,2,1,1,1,94022,M,"48,7711510","2,4091080",94
202000043206,20,6,27,18:45,1,2,1,2,3,94028,M,"48,7977500","2,4560100",94
202000043207,20,6,27,02:37,5,2,9,2,3,93072,M,"48,9454000","2,3868000",93
202000043208,20,6,27,18:46,1,2,1,1,2,93066,M,"48,9306048","2,3501612",93
202000043209,20,6,27,16:15,1,2,1,1,5,93064,M,"48,8847494","2,4827778",93
202000043210,20,6,27,18:30,1,2,1,2,3,93048,M,"48,8701509","2,4319219",93
202000043211,20,6,27,17:50,1,2,3,1,3,93031,M,"48,9567138","2,3042219",93
202000043212,20,6,27,10:15,1,2,3,1,3,93029,M,"48,9152000","2,4460000",93
202000043213,20,6,27,16:14,1,2,2,1,6,93013,M,"48,9331600","2,4239100",93
202000043214,20,6,26,14:45,1,2,2,1,3,92072,M,"48,8264000","2,2193300",92
202000043215,20,6,27,04:05,5,2,1,1,6,92051,M,"48,8840648","2,2545970",92
202000043216,20,6,27,16:45,1,2,5,8,3,92050,M,"48,8864800","2,2093000",92
202000043217,20,6,27,12:45,1,2,1,1,7,92050,M,"48,8882314","2,2022022",92
202000043218,20,6,27,19:40,1,2,2,8,7,92020,M,"48,7952600","2,2743300",92
202000043219,20,6,27,16:30,1,2,1,8,6,92048,M,"48,8091010","2,2361590",92
202000043220,20,6,27,22:10,5,2,1,1,3,92044,M,"48,8971856","2,2953379",92
202000043221,20,6,27,15:00,1,2,1,2,3,92062,M,"48,8885766","2,2348836",92
202000043222,20,6,27,05:10,2,2,2,1,3,92012,M,"48,8309200","2,2345900",92
202000043223,20,6,28,10:50,1,1,1,1,4,35120,M,"48,2201120"," -1,8099760",35
202000043224,20,6,26,17:25,1,1,1,1,7,54374,M,"48,7696260","6,4436100",54
202000043225,20,6,27,05:30,2,1,1,1,7,38199,M,"45,4823860","4,9173470",38
202000043226,20,6,27,17:35,1,2,1,1,6,68112,M,"47,9092970","7,2122950",68
202000043227,20,6,26,18:25,1,1,1,1,7,49092,M,"47,2932680"," -0,8460380",49
202000043228,20,6,28,09:10,1,1,1,1,7,12267,M,"44,0749110","2,5265660",12
202000043229,20,6,27,23:20,5,1,6,1,2,54314,M,"49,5100340","5,7146800",54
202000043230,20,6,27,16:22,1,1,1,1,2,01448,M,"46,0944800","5,7750050",01
202000043231,20,6,27,22:20,3,1,1,1,6,23219,M,"46,2158510","1,4143930",23
202000043232,20,6,25,21:04,2,1,1,1,2,83043,M,"43,2325720","6,2654690",83
202000043233,20,6,23,16:25,1,1,1,1,1,21485,M,"47,3371720","4,9554620",21
202000043234,20,6,26,22:15,2,1,1,1,6,57250,M,"48,9627890","7,3689200",57
202000043235,20,6,28,04:30,3,1,1,1,6,19152,M,"45,0149683","1,8092680",19
202000043236,20,6,27,19:45,1,1,1,1,6,95612,M,"48,9982190","2,4645260",95
202000043237,20,6,28,09:20,1,1,3,1,3,56017,M,"47,8561800"," -2,8039800",56
202000043238,20,6,24,11:45,1,1,1,1,3,56034,M,"47,6378690"," -3,0498110",56
202000043239,20,6,28,00:45,3,1,1,8,7,76183,M,"49,7568328","0,4616931",76
202000043240,20,6,26,23:15,3,1,3,1,3,76348,M,"49,6767720","0,7335790",76
202000043241,20,6,28,11:45,1,1,1,1,3,2A330,M,"42,0481085","8,9780156",2A
202000043242,20,6,27,17:40,1,1,1,1,5,80793,M,"49,9858070","2,1922450",80
202000043243,20,6,27,11:45,1,2,1,1,7,71137,M,"46,4370810","4,6567600",71
202000043244,20,6,27,19:00,1,1,4,1,6,49377,M,"47,5576280"," -0,4129530",49
202000043245,20,6,27,16:15,1,2,1,1,6,12025,M,"43,8199190","2,7535420",12
202000043246,20,6,27,19:30,1,2,4,1,1,39452,M,"47,1442230","5,7259470",39
202000043247,20,6,28,03:30,3,1,6,1,7,25560,M,"47,2714420","6,0847550",25
202000043248,20,6,27,16:20,1,1,1,1,7,35109,M,"48,0881530"," -1,2416470",35
202000043249,20,6,28,04:10,3,1,1,1,6,29205,M,"48,3025300"," -3,5616090",29
202000043250,20,6,27,17:15,1,1,1,7,3,38108,M,"45,0700960","5,4398850",38
202000043251,20,6,28,03:00,3,1,1,1,7,03217,M,"46,3386591","2,6632972",03
202000043252,20,6,27,17:10,1,1,1,1,2,15154,M,"44,9567034","2,5900668",15
202000043253,20,6,27,17:15,1,2,1,1,1,70240,M,"47,8560100","6,3392190",70
202000043254,20,6,28,02:30,3,1,1,1,6,26093,M,"44,3796560","4,7971840",26
202000043255,20,6,28,04:20,3,1,1,1,6,58095,M,"46,8199590","3,5049390",58
202000043256,20,6,27,18:43,1,1,1,1,7,54288,M,"48,7482660","5,8325280",54
202000043257,20,6,27,17:30,1,1,4,1,7,54190,M,"48,4128380","6,0105810",54
202000043258,20,6,27,20:15,1,1,1,1,6,50543,M,"48,6435820"," -1,3110910",50
202000043259,20,6,27,13:15,1,1,1,1,7,09189,M,"42,6844970","1,8241280",09
202000043260,20,6,25,20:45,1,1,1,1,6,53127,M,"48,4115850"," -0,4945780",53
202000043261,20,6,27,18:20,1,2,1,1,6,21575,M,"47,1015650","5,3011920",21
202000043262,20,6,28,17:15,1,1,6,1,6,37156,M,"47,4008205","0,7920620",37
202000043263,20,6,28,04:15,5,2,1,1,6,08363,M,"49,9392510","4,6383710",08
202000043264,20,6,9,09:30,1,2,1,1,6,08107,M,"49,5299650","4,2489410",08
202000043265,20,6,28,13:50,1,2,3,1,7,78143,M,"48,7351420","2,0874020",78
202000043266,20,6,24,14:30,1,2,1,1,2,06152,M,"43,6414490","7,0077710",06
202000043267,20,6,28,11:45,1,1,1,1,1,95250,M,"49,0991871","2,5045801",95
202000043268,20,6,28,16:00,1,2,3,1,3,98817,C," -22,2775310","166,5740630",988
202000043269,20,6,27,16:50,1,1,1,7,2,13025,M,"43,4892020","5,5487820",13
202000043270,20,6,28,02:35,5,2,3,1,6,77483,M,"48,9997480","2,9330500",77
202000043271,20,6,28,15:55,1,1,1,1,1,11175,M,"43,3856360","1,9747920",11
202000043272,20,6,28,10:15,1,2,1,1,3,83107,M,"43,4450950","6,6380870",83
202000043273,20,6,27,17:45,1,1,1,1,1,83106,M,"43,2933560","6,1015750",83
202000043274,20,6,28,15:21,1,1,1,1,3,04092,M,"43,8272050","6,5672710",04
202000043275,20,6,27,17:20,1,1,1,1,7,04039,M,"43,8672850","6,4740370",04
202000043276,20,6,27,03:45,3,1,1,3,1,88044,M,"48,3076670","5,6672720",88
202000043277,20,6,27,17:45,1,1,1,1,6,88273,M,"48,2230220","6,5147690",88
202000043278,20,6,27,17:30,1,1,1,1,1,63117,M,"45,4197430","2,9501940",63
202000043279,20,6,27,10:50,1,1,1,1,2,74021,M,"46,1514230","6,2705760",74
202000043280,20,6,27,15:05,1,2,3,1,3,74185,M,"46,1496210","6,2210140",74
202000043281,20,6,28,12:30,1,2,2,1,3,38158,M,"45,1564700","5,7469400",38
202000043282,20,6,28,09:30,1,1,3,1,1,26358,M,"44,7964540","4,9987260",26
202000043283,20,6,28,12:50,1,1,1,1,6,69208,M,"45,8556090","4,6281460",69
202000043284,20,6,28,14:45,1,2,1,1,6,81105,M,"43,7616850","1,9889010",81
202000043285,20,6,28,10:15,1,1,1,1,6,44073,M,"47,4500900"," -1,6864010",44
202000043286,20,6,28,12:30,1,2,3,1,6,76276,M,"49,6111880","1,5409730",76
202000043287,20,6,28,15:30,1,2,1,1,7,60282,M,"49,1870120","2,4378650",60
202000043288,20,6,27,00:51,3,1,1,3,7,60597,M,"49,3357786","2,7696166",60
202000043289,20,6,28,01:35,5,2,1,1,1,60116,M,"49,3089230","2,3483640",60
202000043290,20,6,27,03:00,3,1,1,1,6,13071,M,"43,4038800","5,3034000",13
202000043291,20,6,26,16:00,1,1,1,1,3,13071,M,"43,4002100","5,2971200",13
202000043292,20,6,26,09:15,1,1,1,1,2,13088,M,"43,3916858","5,2574025",13
202000043293,20,5,20,09:03,1,1,1,1,-1,69290,M,"45,6988800","4,9676400",69
202000043294,20,6,22,20:45,1,1,1,1,3,69029,M,"45,7279000","4,9059400",69
202000043295,20,6,26,20:00,1,1,1,3,3,93064,M,"48,8792500","2,4760300",93
202000043296,20,6,26,19:20,1,1,1,1,4,95582,M,"48,9666300","2,2563100",95
202000043297,20,6,26,18:00,1,1,1,1,2,93010,M,"48,9145500","2,4773200",93
202000043298,20,6,26,15:40,1,1,1,1,5,95582,M,"48,9707500","2,2493600",95
202000043299,20,6,27,09:30,1,1,1,1,-1,77373,M,"48,7750433","2,6122246",77
202000043300,20,2,18,23:25,3,2,6,1,7,11262,M,"43,1938911","2,9937338",11
202000043301,20,6,25,18:10,5,2,3,1,3,98818,C," -22,2790300","166,4626000",988
202000043302,20,5,26,12:05,1,2,5,1,7,75101,M,"48,8647830","2,3451430",75
202000043303,20,5,26,13:45,1,2,1,7,3,94080,M,"48,8468290","2,4489673",94
202000043304,20,5,26,08:15,1,2,1,1,6,94065,M,"48,7625790","2,3559350",94
202000043305,20,5,26,13:05,1,2,2,7,4,93066,M,"48,9196600","2,3617000",93
202000043306,20,5,26,17:40,1,1,1,1,4,93066,M,"48,9253000","2,3504000",93
202000043307,20,5,26,08:00,1,2,3,1,3,93066,M,"48,9254462","2,3506543",93
202000043308,20,5,26,00:20,5,2,2,1,3,93032,M,"48,8827000","2,5350300",93
202000043309,20,5,26,21:30,2,2,9,1,3,93039,M,"48,9510159","2,3069362",93
202000043310,20,5,26,00:00,5,2,2,1,3,93031,M,"48,9500700","2,3284300",93
202000043311,20,5,26,07:15,1,2,2,1,1,92035,M,"48,9098348","2,2418775",92
202000043312,20,5,25,20:12,1,2,3,7,2,92002,M,"48,7625831","2,3138957",92
202000043313,20,5,26,17:17,1,1,1,1,2,81261,M,"43,7507830","1,7283940",81
202000043314,20,5,26,08:35,1,2,6,1,3,68020,M,"47,8138460","7,5059370",68
202000043315,20,5,27,13:00,1,1,1,1,7,41114,M,"47,7614740","1,5575510",41
202000043316,20,5,27,14:45,1,1,1,1,2,83070,M,"43,1463740","6,3952710",83
202000043317,20,5,27,01:30,3,1,1,1,1,41103,M,"47,7218160","1,0203280",41
202000043318,20,5,26,13:17,1,1,2,1,3,41120,M,"47,8308320","0,9128420",41
202000043319,20,5,27,14:23,1,1,1,1,1,57390,M,"49,0045680","7,3876510",57
202000043320,20,5,27,08:33,1,1,1,1,5,57655,M,"48,9699620","6,2963600",57
202000043321,20,5,27,11:15,1,1,4,7,3,74165,M,"45,8278870","5,9747010",74
202000043322,20,5,26,19:45,1,1,3,1,3,44158,M,"47,2810740"," -1,7336408",44
202000043323,20,5,27,15:45,1,1,1,1,1,35243,M,"48,3326864"," -1,2907253",35
202000043324,20,5,26,18:45,1,1,1,1,6,31001,M,"43,3805520","0,8830480",31
202000043325,20,5,25,08:10,1,2,3,1,3,38140,M,"45,2712400","5,8902500",38
202000043326,20,5,26,19:00,1,2,1,1,6,03297,M,"46,5352529","2,6075363",03
202000043327,20,5,26,13:10,1,1,4,1,1,14174,M,"48,8386360"," -0,6063510",14
202000043328,20,5,27,05:20,2,1,1,1,7,53096,M,"48,3092350"," -0,9389238",53
202000043329,20,5,27,06:00,2,1,1,1,6,28119,M,"48,2813870","1,0805270",28
202000043330,20,5,24,08:55,1,1,1,7,2,28078,M,"48,1124040","0,8896710",28
202000043331,20,5,25,15:30,1,2,3,1,3,17168,M,"45,9929440"," -1,0788170",17
202000043332,20,5,26,23:30,3,1,1,1,6,87063,M,"45,7784000","1,3545320",87
202000043333,20,5,27,07:30,1,1,1,1,6,74208,M,"45,9111680","6,7135480",74
202000043334,20,5,26,13:07,1,1,1,1,4,69207,M,"45,8825100","4,7942660",69
202000043335,20,5,26,16:30,1,2,1,7,1,33005,M,"44,7591700"," -1,0798100",33
202000043336,20,5,26,17:36,2,2,1,1,6,97608,Y," -12,7836000","45,2803020",976
202000043337,20,5,26,20:05,3,1,1,1,6,97118,A,"16,2321620"," -61,5906640",971
202000043338,20,5,27,08:05,1,1,6,7,3,29147,M,"47,8962472"," -3,5749812",29
202000043339,20,5,26,18:15,1,1,1,1,6,2B093,M,"42,6234800","8,9155020",2B
202000043340,20,5,25,17:45,1,1,1,1,3,83023,M,"43,4163060","6,0869410",83
202000043341,20,5,27,16:35,1,1,3,1,3,71291,M,"46,2200682","4,0221643",71
202000043342,20,5,26,17:55,1,1,1,1,3,88104,M,"48,2901320","5,7140920",88
202000043343,20,5,27,17:10,1,1,1,1,-1,38442,M,"45,3359710","5,8072680",38
202000043344,20,5,26,16:30,1,1,1,1,1,26084,M,"44,9997210","4,9195680",26
202000043345,20,5,25,16:45,1,1,1,1,2,69249,M,"45,6740503","4,6255774",69
202000043346,20,5,27,02:08,5,2,4,1,6,33198,M,"45,0417280"," -0,1852870",33
202000043347,20,5,25,14:10,1,2,1,1,2,72154,M,"47,7013500"," -0,0549480",72
202000043348,20,5,26,16:50,1,1,1,1,3,59497,M,"50,7329070","2,3482740",59
202000043349,20,5,26,03:05,5,1,1,1,7,13215,M,"43,3417600","5,3772300",13
202000043350,20,5,26,14:10,1,1,1,1,4,33318,M,"44,7837400"," -0,6314100",33
202000043351,20,5,20,16:45,1,1,1,1,2,62186,M,"50,4349440","2,7156400",62
202000043352,20,5,26,08:45,1,1,1,1,7,94034,M,"48,7572100","2,3353800",94
202000043353,20,5,26,19:45,1,1,1,1,5,92036,M,"48,9388900","2,3080900",92
202000043354,20,5,26,14:20,1,1,1,1,4,93066,M,"48,9175700","2,3576900",93
202000043355,20,5,25,19:05,1,1,1,1,5,93005,M,"48,9679600","2,4795000",93
202000043356,20,5,26,13:35,1,1,1,1,7,94028,M,"48,7894964","2,4402226",94
202000043357,20,5,26,07:30,1,1,1,1,2,94052,M,"48,8264140","2,4658983",94
202000043358,20,3,23,20:30,5,1,1,1,3,98613,W," -22,2381510","166,4517220",986
202000043359,20,5,24,18:55,3,1,1,1,5,97411,R," -20,8862900","55,4361900",974
202000043360,20,5,25,10:15,1,1,1,1,3,97409,R," -20,9475990","55,6628600",974
202000043361,20,3,6,21:15,3,2,1,2,6,97409,R," -20,9614338","55,6612364",974
202000043362,20,5,25,21:00,2,2,2,1,-1,69387,M,"45,7515600","4,8378700",69
202000043363,20,5,25,05:20,2,2,2,1,3,69382,M,"45,7635200","4,8381800",69
202000043364,20,5,24,18:33,5,1,1,1,2,97113,A,"16,2075626"," -61,4566344",971
202000043365,20,5,24,09:18,1,2,9,1,3,97107,A,"16,0360400"," -61,5675100",971
202000043366,20,5,25,17:40,1,2,1,1,2,91692,M,"48,6777400","2,1984900",91
202000043367,20,5,25,04:55,5,2,1,1,6,91345,M,"48,6834400","2,3095400",91
202000043368,20,5,25,17:10,1,2,2,1,-1,91657,M,"48,7024820","2,4276030",91
202000043369,20,5,22,18:59,1,2,2,1,3,87085,M,"45,8441016","1,2406755",87
202000043370,20,5,23,15:54,1,2,1,1,2,86158,M,"46,6259097","0,3069642",86
202000043371,20,5,15,12:15,1,2,1,1,6,84035,M,"43,8394700","5,0539000",84
202000043372,20,5,24,03:50,5,2,3,1,3,80489,M,"49,8727700","2,3518200",80
202000043373,20,5,22,14:18,1,2,1,2,6,80021,M,"49,8713000","2,3188300",80
202000043374,20,5,24,18:00,1,2,1,1,3,77350,M,"48,7633990","2,6760560",77
202000043375,20,5,23,11:15,1,2,1,1,6,76319,M,"49,3566000","1,0075100",76
202000043376,20,5,21,14:09,1,2,6,1,1,69256,M,"45,7805606","4,9455588",69
202000043377,20,5,23,13:05,1,2,3,1,3,67482,M,"48,5757300","7,7637000",67
202000043378,20,5,22,15:05,1,2,1,1,2,66136,M,"42,6911600","2,8981900",66
202000043379,20,5,21,23:58,3,2,1,1,6,66136,M,"42,6930600","2,9438500",66
202000043380,20,5,20,14:02,1,2,3,1,3,66136,M,"42,7125800","2,8936200",66
202000043381,20,5,20,16:24,1,2,1,1,6,66136,M,"42,6942700","2,8724000",66
202000043382,20,5,24,21:45,2,2,9,1,5,64445,M,"43,3054200"," -0,3760800",64
202000043383,20,5,25,18:42,1,2,6,1,3,64102,M,"43,4849200"," -1,4900500",64
202000043384,20,5,25,12:50,1,2,1,1,4,64024,M,"43,4811400"," -1,5116800",64
202000043385,20,5,24,17:35,1,1,1,1,7,63019,M,"45,8012700","3,1753600",63
202000043386,20,5,22,19:30,1,2,2,1,3,63113,M,"45,7763000","3,0901600",63
202000043387,20,5,8,11:30,1,2,1,1,6,62523,M,"50,4512300","2,8512400",62
202000043388,20,5,23,15:40,1,2,1,1,6,59603,M,"50,3318570","3,4833220",59
202000043389,20,5,25,22:50,5,2,2,1,1,59599,M,"50,7379600","3,1622500",59
202000043390,20,5,19,11:10,1,2,1,1,1,59178,M,"50,3854700","3,0863100",59
202000043391,20,5,24,16:40,1,2,6,1,3,56121,M,"47,7491700"," -3,3735700",56
202000043392,20,5,24,10:50,1,2,1,1,6,56121,M,"47,7387700"," -3,3812300",56
202000043393,20,5,23,14:35,1,2,1,1,7,56098,M,"47,7564700"," -3,3243100",56
202000043394,20,5,25,19:00,1,2,6,1,2,54395,M,"48,6772826","6,2055440",54
202000043395,20,5,25,13:45,1,2,3,7,3,51058,M,"49,2266534","3,9939513",51
202000043396,20,5,19,15:12,1,2,6,1,3,45208,M,"48,0070900","2,7468680",45
202000043397,20,5,25,05:30,1,2,2,1,3,42044,M,"45,3960800","4,3234100",42
202000043398,20,5,25,13:00,1,2,1,1,6,35238,M,"48,1279600"," -1,6520200",35
202000043399,20,5,22,16:50,1,2,2,1,1,33162,M,"44,8797400"," -0,6475200",33
202000043400,20,5,25,02:20,5,2,3,1,6,33063,M,"44,8360164"," -0,5502682",33
202000043401,20,5,22,15:15,1,2,1,1,1,31149,M,"43,6160700","1,3109500",31
202000043402,20,5,24,20:20,1,2,1,1,3,31555,M,"43,6081600","1,4463900",31
202000043403,20,5,24,21:00,5,2,1,1,3,31555,M,"43,5839100","1,4443100",31
202000043404,20,5,24,10:22,1,1,1,1,2,31555,M,"43,5695400","1,4135000",31
202000043405,20,5,25,08:10,1,2,6,7,3,29232,M,"47,9805300"," -4,0728900",29
202000043406,20,5,24,15:55,1,2,3,1,3,29019,M,"48,4188200"," -4,4522800",29
202000043407,20,5,25,17:05,1,2,3,1,3,17300,M,"46,1537873"," -1,1275469",17
202000043408,20,5,25,12:30,1,2,3,1,6,17028,M,"46,1374000"," -1,1330100",17
202000043409,20,5,21,15:25,1,2,1,7,6,14220,M,"49,3602300","0,0719000",14
202000043410,20,5,19,17:20,1,2,9,1,1,13004,M,"43,6730800","4,6401700",13
202000043411,20,5,24,15:45,1,1,1,1,6,11262,M,"43,2007900","3,0162300",11
202000043412,20,5,22,14:12,1,2,1,1,5,11262,M,"43,1719430","2,9905510",11
202000043413,20,5,25,17:34,1,2,9,1,3,10362,M,"48,2895540","4,0422930",10
202000043414,20,5,25,18:30,1,2,1,1,-1,08409,M,"49,6966300","4,9165400",08
202000043415,20,5,24,10:00,1,2,3,1,3,02738,M,"49,6569800","3,3048100",02
202000043416,20,5,24,19:15,1,2,4,1,3,75116,M,"48,8579890","2,2602510",75
202000043417,20,5,24,22:06,5,2,3,1,3,75107,M,"48,8628750","2,3151780",75
202000043418,20,5,25,22:15,5,2,1,1,3,75117,M,"48,8899900","2,2965540",75
202000043419,20,5,25,16:50,1,2,3,1,6,75117,M,"48,8795460","2,3049880",75
202000043420,20,5,25,09:00,1,2,2,1,3,75108,M,"48,8742070","2,3175330",75
202000043421,20,5,25,09:20,1,2,1,1,6,75115,M,"48,8481980","2,2969250",75
202000043422,20,5,24,17:40,1,2,1,1,2,75115,M,"48,8405320","2,2891560",75
202000043423,20,5,25,09:48,1,2,2,1,3,75109,M,"48,8765550","2,3412990",75
202000043424,20,5,25,09:00,1,2,5,1,2,75108,M,"48,8677260","2,3139960",75
202000043425,20,5,25,21:55,5,2,2,1,3,75107,M,"48,8624300","2,3015980",75
202000043426,20,5,25,15:35,1,2,1,1,6,75103,M,"48,8622530","2,3593720",75
202000043427,20,5,24,18:15,1,2,2,1,3,94003,M,"48,8036600","2,3352500",94
202000043428,20,5,24,19:45,1,2,1,1,6,94041,M,"48,8173500","2,3946500",94
202000043429,20,5,25,00:00,5,2,2,1,3,94022,M,"48,7643400","2,4057100",94
202000043430,20,5,25,11:25,1,2,3,1,3,94047,M,"48,7020000","2,5456000",94
202000043431,20,5,25,13:05,1,2,1,1,3,93059,M,"48,9683000","2,3651300",93
202000043432,20,5,25,02:20,5,2,2,1,6,93050,M,"48,8678600","2,5339100",93
202000043433,20,5,25,17:45,1,2,1,1,3,93057,M,"48,9107069","2,5135601",93
202000043434,20,5,25,18:20,1,2,1,1,2,92076,M,"48,8329200","2,1503700",92
202000043435,20,5,24,21:35,2,1,2,1,3,92047,M,"48,8315657","2,1527326",92
202000043436,20,5,21,20:00,1,2,4,1,3,92063,M,"48,8693600","2,1978400",92
202000043437,20,5,20,19:15,1,2,3,1,3,92073,M,"48,8648496","2,2060357",92
202000043438,20,5,23,14:50,1,2,1,1,6,92025,M,"48,9235712","2,2596538",92
202000043439,20,5,25,15:45,1,2,9,1,2,92048,M,"48,7840000","2,2325000",92
202000043440,20,4,18,20:00,2,2,9,1,7,92004,M,"48,9081900","2,2682300",92
202000043441,20,5,20,18:30,1,2,1,1,6,92004,M,"48,9097300","2,2928400",92
202000043442,20,5,26,14:30,1,1,1,1,3,37240,M,"47,5964107","0,9383428",37
202000043443,20,5,24,20:30,2,1,1,1,2,09079,M,"43,1603150","1,3705790",09
202000043444,20,5,26,01:10,3,1,1,1,6,45339,M,"47,9902520","2,5453950",45
202000043445,20,5,22,15:15,1,1,1,1,2,14453,M,"49,3023310"," -0,8027800",14
202000043446,20,5,25,10:55,1,1,1,1,7,83087,M,"43,3593380","5,7863830",83
202000043447,20,5,25,17:00,1,1,1,1,7,79147,M,"46,6525880"," -0,5081180",79
202000043448,20,5,24,16:00,1,1,1,1,7,25347,M,"47,0339000","6,4753290",25
202000043449,20,5,25,11:55,1,1,1,1,7,44069,M,"47,3625270"," -2,4575360",44
202000043450,20,10,23,18:10,5,2,4,1,2,75118,M,"48,9009550","2,3476230",75
202000043451,20,5,24,19:00,1,1,1,1,3,44131,M,"47,1112800"," -1,9823240",44
202000043452,20,10,23,09:00,1,2,1,1,3,75113,M,"48,8167830","2,3558550",75
202000043453,20,5,26,09:20,1,1,6,1,3,29173,M,"48,0117810"," -4,1976030",29
202000043454,20,10,23,09:10,1,2,1,8,6,75113,M,"48,8234550","2,3531840",75
202000043455,20,5,25,19:05,1,1,2,1,3,02374,M,"49,9240910","3,2780380",02
202000043456,20,10,23,07:26,2,2,7,1,3,75117,M,"48,8833720","2,3096300",75
202000043457,20,5,21,15:25,1,1,1,1,7,03107,M,"46,1082343","3,0714036",03
202000043458,20,10,22,08:45,1,2,1,1,-1,75107,M,"48,8617830","2,3218680",75