Num_Acc,an,mois,jour,hrmn,lum,agg,int,atm,col,com,gps,lat,long,dep
202000043459,20,5,21,19:30,1,1,3,7,3,01001,M,"46,1326420","4,9288590",01
202000043460,20,10,23,13:30,1,2,1,1,6,75106,M,"48,8496930","2,3422440",75
202000043461,20,5,26,11:25,1,2,1,1,3,06079,M,"43,5681950","6,9396580",06
202000043462,20,10,23,11:07,1,2,3,2,3,75119,M,"48,8844720","2,3689760",75
202000043463,20,5,4,08:00,1,2,1,7,6,06090,M,"43,5920620","6,9311520",06
202000043464,20,5,25,17:35,1,1,6,1,3,05012,M,"44,5486470","6,4847450",05
202000043465,20,10,22,21:10,5,2,3,1,2,75119,M,"48,8951420","2,3827260",75
202000043466,20,5,26,19:55,2,1,2,1,3,50272,M,"48,9414170"," -1,5376140",50
202000043467,20,10,23,13:25,1,2,3,1,3,75118,M,"48,8842270","2,3494630",75
202000043468,20,10,23,12:40,1,2,1,1,7,75118,M,"48,8983690","2,3634470",75
202000043469,20,5,25,14:30,1,1,2,1,3,60315,M,"49,4807670","1,9002220",60
202000043470,20,10,23,12:50,1,2,2,1,3,75118,M,"48,8982380","2,3525020",75
202000043471,20,5,24,20:30,3,1,4,1,6,18266,M,"46,7252450","2,1835760",18
202000043472,20,10,23,19:45,5,2,7,1,3,75116,M,"48,8717170","2,2758030",75
202000043473,20,10,22,17:30,1,2,1,1,1,75115,M,"48,8524010","2,2862530",75
202000043474,20,5,25,20:00,1,1,3,7,3,53009,M,"47,9978520"," -0,6005310",53
202000043475,20,10,20,12:25,1,2,1,2,3,75115,M,"48,8457170","2,2947810",75
202000043476,20,5,22,09:45,1,2,9,1,3,67309,M,"48,6379710","7,7116030",67
202000043477,20,5,21,16:20,1,1,1,1,7,06152,M,"43,6263000","7,0148190",06
202000043478,20,10,23,10:00,1,2,3,8,3,75112,M,"48,8444100","2,4410390",75
202000043479,20,5,25,18:47,1,1,1,1,5,27378,M,"48,7756360","1,2117360",27
202000043480,20,10,23,13:50,1,2,5,1,3,75111,M,"48,8513030","2,3761490",75
202000043481,20,5,26,07:25,1,2,1,1,6,98817,C," -22,2410800","166,5775610",988
202000043482,20,10,23,10:15,1,2,3,1,3,75110,M,"48,8696120","2,3530060",75
202000043483,20,5,25,05:20,2,2,1,1,1,45312,M,"47,9148099","2,7356537",45
202000043484,20,10,13,16:10,1,2,5,8,3,75109,M,"48,8729720","2,3331110",75
202000043485,20,5,26,12:00,1,1,1,1,6,45336,M,"47,7544860","2,3181450",45
202000043486,20,10,23,18:30,2,2,1,1,3,94003,M,"48,8014200","2,3395700",94
202000043487,20,10,23,06:00,5,2,1,1,6,94065,M,"48,7507020","2,3641170",94
202000043488,20,5,25,11:37,1,2,3,1,3,77248,M,"48,9093118","2,7809468",77
202000043489,20,10,22,21:15,5,2,6,1,7,94060,M,"48,7858100","2,5828900",94
202000043490,20,5,12,03:00,3,1,1,1,6,91207,M,"48,5799950","2,2197150",91
202000043491,20,10,23,08:50,1,2,9,8,3,93066,M,"48,9319799","2,3420205",93
202000043492,20,2,21,12:35,1,1,9,1,1,13084,M,"43,7239170","5,3151730",13
202000043493,20,10,23,05:20,5,2,1,1,3,93066,M,"48,9227927","2,3641680",93
202000043494,20,10,22,17:55,2,2,1,1,2,93066,M,"48,9322733","2,3489704",93
202000043495,20,5,24,19:10,1,2,1,1,6,13046,M,"43,4289240","5,5426790",13
202000043496,20,10,13,08:10,1,2,9,2,3,93050,M,"48,8688200","2,5286400",93
202000043497,20,10,21,12:00,1,2,1,1,3,93048,M,"48,8683734","2,4392192",93
202000043498,20,5,25,12:14,1,1,3,1,3,67112,M,"48,5389890","7,5665550",67
202000043499,20,10,23,09:35,1,2,3,1,3,93031,M,"48,9582212","2,3252914",93
202000043500,20,5,26,16:30,1,2,2,1,7,55184,M,"48,7461010","5,6762190",55
202000043501,20,10,23,17:34,2,2,9,1,3,93001,M,"48,9221147","2,3730994",93
202000043502,20,5,26,17:30,1,2,3,1,3,74220,M,"46,1368290","6,2697910",74
202000043503,20,10,23,19:45,5,2,4,1,3,92075,M,"48,8231066","2,2924947",92
202000043504,20,5,25,14:25,1,1,3,6,3,26116,M,"44,4070520","4,6988870",26
202000043505,20,10,22,17:50,1,2,1,1,3,92050,M,"48,8855894","2,2199652",92
202000043506,20,5,26,19:15,1,2,6,1,3,69163,M,"45,9168720","4,7749270",69
202000043507,20,10,23,12:40,1,2,3,1,3,92020,M,"48,8015059","2,2845723",92
202000043508,20,5,26,13:00,1,2,3,1,1,64421,M,"43,1486930"," -0,5060750",64
202000043509,20,10,23,14:55,1,2,7,1,6,92040,M,"48,8240671","2,2730769",92
202000043510,20,10,23,08:00,1,2,9,1,3,92026,M,"48,8895581","2,2500502",92
202000043511,20,5,26,06:10,1,1,9,1,5,44179,M,"47,3593520"," -1,4554380",44
202000043512,20,10,22,16:10,1,2,2,1,3,92025,M,"48,9145200","2,2288330",92
202000043513,20,5,25,11:00,1,1,1,1,1,60674,M,"49,3923810","2,9181790",60
202000043514,20,10,23,18:15,1,1,1,1,1,47291,M,"44,4823195","0,7181717",47
202000043515,20,5,25,15:30,1,2,3,1,6,59053,M,"50,2947340","3,7893710",59
202000043516,20,10,24,15:50,1,1,1,1,7,33120,M,"44,6192910"," -0,3375560",33
202000043517,20,5,25,08:12,1,1,1,1,-1,13215,M,"43,3728600","5,3614300",13
202000043518,20,5,25,06:48,1,1,1,1,7,13056,M,"43,3994000","5,0934000",13
202000043519,20,10,23,18:50,2,2,4,2,1,17310,M,"45,6073090"," -0,7459550",17
202000043520,20,5,24,22:20,5,1,1,1,2,13055,M,"43,3298500","5,4067300",13
202000043521,20,10,22,19:15,3,1,1,8,1,13078,M,"43,4034730","4,7882150",13
202000043522,20,10,24,11:25,1,2,1,1,6,69277,M,"45,7409960","5,0190270",69
202000043523,20,5,25,16:09,1,1,1,1,3,91521,M,"48,6399000","2,3946000",91
202000043524,20,5,25,05:00,2,1,1,1,6,78362,M,"48,9763530","1,7203290",78
202000043525,20,10,23,14:20,1,1,4,1,3,79177,M,"46,2675810","0,1146910",79
202000043526,20,5,25,22:25,5,1,1,1,-1,94069,M,"48,8173800","2,4275800",94
202000043527,20,10,24,17:55,1,1,1,1,6,26010,M,"45,2444860","4,9022410",26
202000043528,20,5,23,22:00,5,1,1,1,-1,75112,M,"48,8201320","2,4602170",75
202000043529,20,10,23,15:20,1,2,3,1,7,59309,M,"50,9834240","2,5845710",59
202000043530,20,10,24,15:25,1,2,6,1,7,60176,M,"49,2233470","2,8922420",60
202000043531,20,5,24,16:00,1,2,1,1,6,98818,C," -22,2318600","166,4232400",988
202000043532,20,10,24,01:30,3,1,1,1,6,60380,M,"49,1449721","3,0578606",60
202000043533,20,5,22,15:05,1,2,1,1,3,98818,C," -22,2686100","166,4612800",988
202000043534,20,10,23,21:00,3,1,1,8,7,23165,M,"45,8277600","1,9153010",23
202000043535,20,5,23,22:50,5,2,1,2,4,97302,G,"4,9369333"," -52,2975397",973
202000043536,20,10,23,15:29,1,1,2,2,3,57018,M,"48,8300910","6,4938210",57
202000043537,20,5,24,20:10,2,2,2,1,-1,69383,M,"45,7536500","4,8592300",69
202000043538,20,10,22,14:00,1,1,3,1,3,51090,M,"48,7857670","3,8617160",51
202000043539,20,5,24,06:45,1,2,1,1,6,69388,M,"45,7436300","4,8725946",69
202000043540,20,5,23,21:30,5,1,6,1,7,97213,A,"14,6308000"," -60,9892000",972
202000043541,20,10,19,15:50,1,1,1,2,7,19274,M,"45,1796020","1,4949990",19
202000043542,20,10,23,12:35,1,1,1,1,7,56185,M,"47,7772450"," -3,4064910",56
202000043543,20,5,24,13:05,1,2,6,1,3,95637,M,"49,0357210","2,0174770",95
202000043544,20,10,24,00:24,3,1,9,1,6,32208,M,"43,9274830","0,6275730",32
202000043545,20,10,24,09:45,1,1,1,1,2,80533,M,"50,0591260","1,4086850",80
202000043546,20,10,24,17:20,1,1,2,1,3,47315,M,"44,4235440","0,8429540",47
202000043547,20,10,24,07:15,5,2,1,1,6,34126,M,"43,5871520","3,0801840",34
202000043548,20,10,24,10:30,1,2,1,1,6,25248,M,"47,2002620","6,7457880",25
202000043549,20,10,23,10:15,1,1,1,1,6,29056,M,"48,4412730"," -4,2845390",29
202000043550,20,10,24,16:45,1,1,1,1,1,05130,M,"44,5562430","6,3633370",05
202000043551,20,10,24,17:05,1,1,1,8,7,50468,M,"49,2302940"," -1,1186740",50
202000043552,20,10,24,16:22,1,1,1,8,6,18058,M,"46,8432270","2,3298530",18
202000043553,20,10,24,08:55,1,1,9,5,6,07066,M,"44,7052240","4,6574250",07
202000043554,20,10,23,09:15,1,1,1,5,3,53014,M,"47,8046280"," -0,6594372",53
202000043555,20,10,19,20:20,3,2,1,2,6,21425,M,"47,6245110","4,3372550",21
202000043556,20,10,20,08:45,1,1,1,8,1,24521,M,"45,2443310","0,8731560",24
202000043557,20,10,24,13:15,1,1,1,1,1,24156,M,"45,0490460","0,8581980",24
202000043558,20,10,23,06:40,3,1,4,5,7,27011,M,"49,2203930","0,9162320",27
202000043559,20,10,24,01:00,3,1,1,1,6,17024,M,"46,0196600"," -0,3598240",17
202000043560,20,10,24,10:20,1,1,1,7,4,68021,M,"47,6462800","7,4946280",68
202000043561,20,10,24,14:20,1,1,3,1,3,66228,M,"42,7087130","2,7955430",66
202000043562,20,10,22,17:55,2,2,1,1,6,97603,Y," -12,8938520","45,2010770",976
202000043563,20,10,23,11:35,1,1,3,8,2,17099,M,"45,2638020"," -0,3329800",17
202000043564,20,10,22,22:00,3,1,1,1,2,34213,M,"43,4818850","3,6862560",34
202000043565,20,10,24,19:15,3,1,1,1,6,98817,C," -22,3006400","166,6858000",988
202000043566,20,10,23,21:00,5,2,2,1,3,97311,G,"5,4980320"," -54,0292760",973
202000043567,20,10,22,18:20,3,2,9,1,6,97117,A,"16,3295500"," -61,3964130",971
202000043568,20,10,23,18:40,2,2,2,1,1,91630,M,"48,5729410","2,0698140",91
202000043569,20,10,24,16:45,1,1,1,1,1,11379,M,"43,0357810","2,9689200",11
202000043570,20,10,23,15:40,1,1,1,2,1,67282,M,"48,6193090","7,4840420",67
202000043571,20,10,23,16:00,1,1,1,2,7,74226,M,"46,1815800","6,3734380",74
202000043572,20,10,24,16:20,1,1,1,1,1,38205,M,"45,1237900","5,5569500",38
202000043573,20,10,23,17:55,2,2,1,8,7,69227,M,"45,6578180","4,5564510",69
202000043574,20,10,23,19:45,5,2,3,1,6,61341,M,"48,4965450","0,0868390",61
202000043575,20,10,24,09:30,1,1,1,1,1,22171,M,"48,4210560"," -2,8315330",22
202000043576,20,10,23,19:10,3,1,1,1,7,59228,M,"50,3279020","3,0655500",59
202000043577,20,10,23,10:00,1,2,3,1,3,59440,M,"50,2853840","3,3928760",59
202000043578,20,10,23,13:20,1,1,1,8,6,13055,M,"43,3371356","5,3788765",13
202000043579,20,10,23,09:10,1,1,1,2,3,13117,M,"43,4421279","5,2470394",13
202000043580,20,10,23,12:56,1,1,1,2,-1,69271,M,"45,7264700","4,9760000",69
202000043581,20,10,23,07:10,5,1,1,2,4,33249,M,"44,8796000"," -0,5099300",33
202000043582,20,10,23,18:15,2,1,1,1,3,91161,M,"48,7161200","2,3094000",91
202000043583,20,10,23,18:20,1,1,1,1,4,94038,M,"48,7763700","2,3465700",94
202000043584,20,10,23,16:45,1,1,1,1,2,91377,M,"48,7285000","2,3050600",91
202000043585,20,10,23,14:40,1,1,1,1,5,94038,M,"48,7792381","2,3464069",94
202000043586,20,10,23,07:10,3,1,1,1,3,93007,M,"48,9354256","2,4803821",93
202000043587,20,10,23,00:45,5,2,2,1,6,98818,C," -22,2823300","166,4452900",988
202000043588,20,10,22,12:15,1,2,3,1,3,97611,Y," -12,8074700","45,2053000",976
202000043589,20,10,21,18:50,5,2,6,1,6,97411,R," -20,8813600","55,4596400",974
202000043590,20,10,21,16:34,1,2,1,1,3,97411,R," -20,8903000","55,4599000",974
202000043591,20,10,21,07:45,1,1,9,1,3,97411,R," -20,9228050","55,4487810",974
202000043592,20,10,22,08:10,1,2,1,1,3,97302,G,"4,9309474"," -52,3091054",973
202000043593,20,10,22,13:34,1,2,1,2,4,69387,M,"45,7483100","4,8378600",69
202000043594,20,10,22,11:35,1,2,2,2,3,69259,M,"45,7118400","4,8748100",69
202000043595,20,10,21,02:05,5,2,3,1,2,97209,A,"14,6145448"," -61,0731006",972
202000043596,20,10,22,20:00,5,2,3,1,1,95252,M,"48,9924100","2,2374000",95
202000043597,20,10,22,03:40,3,1,1,9,6,84087,M,"44,1352000","4,7818000",84
202000043598,20,10,21,10:10,1,2,1,1,5,83069,M,"43,1068600","6,1295800",83
202000043599,20,8,2,19:30,1,2,1,1,1,78126,M,"48,8452290","2,1304610",78
202000043600,20,10,22,10:40,1,1,9,1,6,78551,M,"48,9187330","2,0586140",78
202000043601,20,10,22,14:20,1,2,2,1,3,78440,M,"48,9975720","1,9137660",78
202000043602,20,10,22,09:35,1,2,2,1,2,69290,M,"45,6950800","4,9470900",69
202000043603,20,10,21,01:05,5,2,1,1,6,67482,M,"48,5898590","7,7671250",67
202000043604,20,10,21,13:45,1,2,1,1,2,66136,M,"42,7154100","2,8955600",66
202000043605,20,10,21,09:04,1,2,3,1,3,66136,M,"42,6855700","2,8732700",66
202000043606,20,10,20,21:07,5,2,1,1,6,66136,M,"42,7041300","2,8927400",66
202000043607,20,10,21,16:35,1,2,1,1,3,64445,M,"43,3044000"," -0,3674000",64
202000043608,20,10,21,22:48,5,2,3,1,6,63113,M,"45,7808492","3,0914886",63
202000043609,20,10,16,08:30,1,2,6,1,6,62193,M,"50,9520000","1,8325400",62
202000043610,20,10,20,18:25,2,2,1,2,6,54079,M,"48,8830000","6,0534000",54
202000043611,20,10,19,18:10,1,1,1,1,6,52534,M,"48,6562100","4,9173500",52
202000043612,20,10,22,17:15,1,1,1,1,1,50218,M,"48,8246000"," -1,5765900",50
202000043613,20,10,21,10:50,1,2,3,2,1,50129,M,"49,6269400"," -1,6354300",50
202000043614,20,10,22,12:10,1,2,3,1,4,45234,M,"47,8947800","1,9029900",45
202000043615,20,10,21,10:55,1,2,1,1,2,37261,M,"47,3836624","0,7109870",37
202000043616,20,10,21,08:30,1,2,1,1,7,37233,M,"47,3991346","0,7362049",37
202000043617,20,10,22,15:55,1,2,1,1,6,35238,M,"48,1051120"," -1,6983700",35
202000043618,20,10,22,14:15,1,2,1,1,7,35051,M,"48,1105700"," -1,5853000",35
202000043619,20,10,22,07:55,2,2,9,2,7,35278,M,"48,1473300"," -1,6965600",35
202000043620,20,10,22,19:42,5,2,2,2,3,34172,M,"43,6104897","3,9148074",34
202000043621,20,10,21,19:45,5,2,6,1,1,34032,M,"43,3335600","3,2316100",34
202000043622,20,10,22,21:30,5,2,1,3,6,33075,M,"44,8839000"," -0,6103900",33
202000043623,20,10,21,18:55,2,2,1,1,6,31555,M,"43,5857500","1,4631600",31
202000043624,20,10,22,22:35,5,2,9,1,3,29232,M,"47,9990900"," -4,0922400",29
202000043625,20,10,22,08:45,1,1,1,2,6,29051,M,"47,9988800"," -4,0492500",29
202000043626,20,10,22,20:30,5,2,1,1,6,29019,M,"48,3903853"," -4,4845991",29
202000043627,20,10,22,19:20,5,2,1,1,6,27562,M,"49,1012880","1,4499508",27
202000043628,20,10,22,08:05,2,1,1,2,6,27681,M,"49,0745000","1,4351000",27
202000043629,20,10,18,18:00,1,1,3,1,3,13056,M,"43,3397700","5,0688400",13
202000043630,20,10,22,13:00,1,2,2,1,3,13208,M,"43,2754813","5,3958835",13
202000043631,20,10,21,23:30,5,2,1,1,1,13213,M,"43,3255000","5,4414000",13
202000043632,20,10,22,10:40,1,2,1,2,-1,13047,M,"43,5087400","4,9916600",13
202000043633,20,10,21,07:45,2,2,3,1,3,11069,M,"43,2111000","2,3612000",11
202000043634,20,10,21,17:10,1,2,6,8,2,10343,M,"48,2707500","4,0898200",10
202000043635,20,10,22,21:15,5,2,2,1,3,06069,M,"43,6416900","6,9597420",06
202000043636,20,10,21,16:30,1,2,1,1,2,75117,M,"48,8998190","2,3195340",75
202000043637,20,10,19,22:40,5,2,1,1,6,75113,M,"48,8177380","2,3673380",75
202000043638,20,10,22,11:40,1,2,1,1,6,75119,M,"48,8932380","2,3837710",75
202000043639,20,10,22,23:05,5,2,2,1,3,75114,M,"48,8367620","2,3207550",75
202000043640,20,10,22,18:05,1,2,4,1,3,75114,M,"48,8375380","2,3223820",75
202000043641,20,10,22,08:15,1,2,1,8,3,75113,M,"48,8410540","2,3682680",75
202000043642,20,10,22,18:10,1,2,1,1,3,75112,M,"48,8449410","2,3687680",75
202000043643,20,10,22,16:00,1,2,7,1,6,75111,M,"48,8486130","2,3943480",75
202000043644,20,10,22,18:30,5,2,1,1,6,75110,M,"48,8779800","2,3694940",75
202000043645,20,10,22,15:00,1,2,7,1,3,75110,M,"48,8838280","2,3685890",75
202000043646,20,10,22,14:00,1,2,2,1,2,75110,M,"48,8816380","2,3658300",75
202000043647,20,10,22,07:20,1,2,2,1,6,75110,M,"48,8785840","2,3540430",75
202000043648,20,10,21,18:20,1,2,4,1,6,75109,M,"48,8721900","2,3298440",75
202000043649,20,10,22,11:00,1,2,2,1,6,75101,M,"48,8578830","2,3471780",75
202000043650,20,10,21,14:10,1,2,1,8,-1,75101,M,"48,8633560","2,3466570",75
202000043651,20,10,20,20:40,5,2,1,1,6,94067,M,"48,8393470","2,4168710",94
202000043652,20,10,22,14:00,1,2,1,1,3,94074,M,"48,7621687","2,4424814",94
202000043653,20,10,22,07:35,5,2,1,2,6,94058,M,"48,8354020","2,4969330",94
202000043654,20,10,21,17:00,1,2,1,1,6,94022,M,"48,7689300","2,4207100",94
202000043655,20,10,21,21:15,4,2,1,8,-1,94060,M,"48,7958400","2,5636700",94
202000043656,20,10,22,14:45,1,2,1,1,7,94070,M,"48,7223400","2,5710300",94
202000043657,20,10,22,16:30,1,2,1,2,6,94002,M,"48,8045000","2,4198000",94
202000043658,20,10,22,06:40,5,2,1,2,3,93066,M,"48,9147572","2,3581443",93
202000043659,20,10,21,20:15,5,2,1,1,6,93066,M,"48,9321056","2,3528640",93
202000043660,20,10,22,19:00,2,2,2,1,6,93064,M,"48,8731000","2,4796600",93
202000043661,20,10,22,08:00,1,2,2,8,3,93051,M,"48,8470500","2,5261800",93
202000043662,20,10,22,17:52,1,2,2,1,3,93048,M,"48,8756771","2,4590260",93
202000043663,20,10,22,16:40,1,2,2,1,3,93063,M,"48,8795500","2,4485900",93
202000043664,20,10,22,16:35,1,2,1,1,3,92049,M,"48,8191900","2,3098700",92
202000043665,20,10,21,19:30,5,2,2,1,3,92026,M,"48,8996211","2,2457100",92
202000043666,20,10,21,07:50,2,2,1,8,-1,92026,M,"48,8979711","2,2482247",92
202000043667,20,10,23,06:00,5,1,1,5,6,14207,M,"49,0082910"," -0,4342600",14
202000043668,20,10,22,22:15,3,1,6,2,1,34245,M,"43,4228010","2,9315580",34
202000043669,20,10,22,13:48,1,2,1,3,1,01004,M,"45,9597950","5,3508350",01
202000043670,20,10,23,07:10,2,1,1,5,3,85031,M,"46,8084800"," -0,9132200",85
202000043671,20,10,23,01:25,3,1,1,2,7,84143,M,"44,0069640","5,1203960",84
202000043672,20,10,23,15:20,1,1,1,2,7,43003,M,"45,1859970","3,6647370",43
202000043673,20,10,22,17:35,2,1,2,2,5,68177,M,"47,9424810","7,1504470",68
202000043674,20,10,23,07:55,2,2,3,2,1,17172,M,"45,5734750"," -0,6763670",17
202000043675,20,10,22,21:05,3,1,1,2,3,49092,M,"47,2062435"," -0,5551046",49
202000043676,20,10,22,12:15,1,1,1,2,6,38177,M,"45,0718540","6,0392190",38
202000043677,20,10,16,16:50,1,2,1,1,6,62397,M,"50,8709610","1,8699880",62
202000043678,20,10,23,12:30,1,1,1,1,3,44052,M,"47,3373295"," -2,1121152",44
202000043679,20,10,22,16:28,1,1,1,1,2,37261,M,"47,3915968","0,7059833",37
202000043680,20,10,22,21:50,3,1,1,1,6,83057,M,"43,3910620","6,2581730",83
202000043681,20,10,21,07:45,3,1,4,2,3,56078,M,"47,8061440"," -3,4595350",56
202000043682,20,10,22,16:00,1,2,7,1,6,56184,M,"47,6600550"," -2,4511800",56
202000043683,20,10,22,21:10,5,2,3,1,1,76700,M,"49,6788480","1,0377790",76
202000043684,20,10,23,08:15,1,2,3,1,6,80651,M,"49,8536770","1,7907500",80
202000043685,20,10,23,00:15,3,1,1,1,7,65019,M,"43,1419232","0,0954300",65
202000043686,20,10,22,16:00,1,1,1,1,5,32147,M,"43,6224230","0,9095050",32
202000043687,20,10,23,12:50,1,1,1,2,7,63003,M,"45,5604591","3,7204048",63
202000043688,20,12,3,07:00,1,2,9,1,3,97101,A,"16,2783200"," -61,5034600",971
202000043689,20,12,4,18:00,5,2,6,2,3,95218,M,"49,0282700","2,1044000",95
202000043690,20,12,3,19:50,5,2,2,2,3,91027,M,"48,7091600","2,3714400",91
202000043691,20,12,3,17:15,1,1,1,2,7,91433,M,"48,4579400","2,1630900",91
202000043692,20,12,3,10:04,1,2,2,2,3,87085,M,"45,8467500","1,2435300",87
202000043693,20,12,4,16:00,1,1,1,2,7,81163,M,"43,4643948","2,3634321",81
202000043694,20,12,3,12:15,1,2,1,1,1,80021,M,"49,8828000","2,3044400",80
202000043695,20,11,29,05:10,5,2,1,5,6,80001,M,"50,0888300","1,8196700",80
202000043696,20,12,3,06:15,5,2,2,2,3,78423,M,"48,7932000","2,0364700",78
202000043697,20,12,4,16:50,5,2,1,3,6,78498,M,"48,9200400","2,0302800",78
202000043698,20,12,3,18:00,5,2,3,1,6,76540,M,"49,4441405","1,0946533",76
202000043699,20,12,3,17:30,5,2,2,2,2,76540,M,"49,4373600","1,0963100",76
202000043700,20,12,3,11:25,1,2,3,1,3,76484,M,"49,3454300","1,0932600",76
202000043701,20,12,4,12:15,1,2,1,1,4,72181,M,"48,0002500","0,2121200",72
202000043702,20,12,4,16:45,1,2,1,4,5,71486,M,"46,6568546","4,3695545",71
202000043703,20,12,2,15:45,1,2,1,2,3,71076,M,"46,7749848","4,8646367",71
202000043704,20,12,4,17:08,2,2,2,1,1,68224,M,"47,7596372","7,3440757",68
202000043705,20,12,3,15:00,1,2,1,1,6,66136,M,"42,6929000","2,9081000",66
202000043706,20,12,4,13:15,1,2,1,1,2,64348,M,"43,3117000"," -0,4137900",64
202000043707,20,12,4,13:40,1,2,1,3,7,64102,M,"43,4871708"," -1,4853698",64
202000043708,20,12,3,09:00,1,2,2,1,2,64102,M,"43,5086300"," -1,4442300",64
202000043709,20,12,2,17:40,5,2,1,2,6,64024,M,"43,4832700"," -1,5032900",64
202000043710,20,12,3,12:54,1,2,1,1,2,63113,M,"45,7675713","3,0732892",63
202000043711,20,12,3,18:15,5,2,1,1,2,63113,M,"45,7794300","3,1172800",63
202000043712,20,12,3,14:20,1,2,1,2,3,59599,M,"50,7416884","3,1796274",59
202000043713,20,12,3,18:55,5,2,9,1,6,57240,M,"49,1440178","6,8025728",57
202000043714,20,12,2,17:20,5,2,2,2,1,55186,M,"48,7928100","5,1258800",55
202000043715,20,12,3,13:20,1,2,1,2,6,54498,M,"48,7169000","6,2656000",54
202000043716,20,12,4,15:05,1,2,2,8,1,51454,M,"49,2710877","4,0248571",51
202000043717,20,12,3,19:30,5,2,2,3,5,50129,M,"49,6421600"," -1,6372300",50
202000043718,20,12,3,07:58,3,1,3,1,3,47031,M,"44,1622720","0,6478910",47
202000043719,20,12,4,19:55,5,2,1,2,4,45234,M,"47,9068500","1,8886000",45
202000043720,20,12,4,12:25,1,2,1,1,3,45234,M,"47,9011139","1,9202377",45
202000043721,20,12,4,08:05,1,2,1,1,3,45298,M,"47,8928054","1,8773346",45
202000043722,20,12,3,15:50,1,2,1,1,6,44109,M,"47,2338322"," -1,5357578",44
202000043723,20,12,4,07:50,2,2,1,2,4,44109,M,"47,2600700"," -1,4995800",44
202000043724,20,12,1,10:24,1,2,3,8,3,44109,M,"47,2271900"," -1,5456400",44
202000043725,20,12,4,13:37,1,2,2,1,3,37261,M,"47,3755775","0,7059256",37
202000043726,20,12,3,18:00,5,2,6,2,6,37122,M,"47,3461850","0,6657933",37
202000043727,20,12,3,17:25,3,2,1,3,2,37122,M,"47,3261417","0,6627384",37
202000043728,20,12,3,10:47,1,2,1,2,6,37261,M,"47,4188685","0,6979830",37
202000043729,20,12,2,07:55,4,2,1,2,6,36044,M,"46,8110988","1,7014283",36
202000043730,20,12,4,17:55,3,2,1,2,7,35238,M,"48,1091768"," -1,6903442",35
202000043731,20,12,4,13:45,1,2,1,1,3,35238,M,"48,0883415"," -1,6665128",35
202000043732,20,12,4,20:45,5,2,1,8,3,33119,M,"44,8483000"," -0,5076000",33
202000043733,20,12,4,18:20,5,2,6,2,3,33069,M,"44,8635500"," -0,6064000",33
202000043734,20,12,2,14:05,1,2,1,8,2,32013,M,"43,6427500","0,5866600",32
202000043735,20,12,3,13:27,1,2,1,1,6,31555,M,"43,5847300","1,4111200",31
202000043736,20,12,4,15:15,1,1,1,4,5,29151,M,"48,5883468"," -3,7927563",29
202000043737,20,12,4,13:45,1,2,3,4,6,29019,M,"48,3888106"," -4,5035371",29
202000043738,20,12,4,16:55,1,2,1,2,6,26281,M,"45,0480560","5,0474470",26
202000043739,20,12,4,07:10,5,2,3,3,3,25056,M,"47,2195400","5,9756000",25
202000043740,20,12,4,09:00,1,2,1,1,6,25056,M,"47,2566780","6,0144570",25
202000043741,20,12,4,08:32,1,2,1,3,3,17200,M,"46,1880600"," -1,1475400",17
202000043742,20,12,4,08:25,3,2,1,2,6,14366,M,"49,1486500","0,2282700",14
202000043743,20,12,4,17:19,3,2,1,1,2,14437,M,"49,1649800"," -0,3048600",14
202000043744,20,12,3,20:00,3,2,1,1,-1,13117,M,"43,4574900","5,2341600",13
202000043745,20,12,4,22:20,5,2,1,2,3,13209,M,"43,2736700","5,4135400",13
202000043746,20,12,4,15:10,1,2,1,8,3,13211,M,"43,2875600","5,5077900",13
202000043747,20,12,4,10:00,1,2,1,1,3,13205,M,"43,2954400","5,3939900",13
202000043748,20,12,3,17:55,5,2,1,1,6,13209,M,"43,2382630","5,4029410",13
202000043749,20,12,4,15:10,1,2,2,1,3,10387,M,"48,2967000","4,0848000",10
202000043750,20,12,3,17:24,5,2,1,2,1,10297,M,"48,3112900","4,0972500",10
202000043751,20,12,3,16:50,5,2,1,2,3,10387,M,"48,3050510","4,0930960",10
202000043752,20,12,4,16:00,1,2,1,2,-1,09225,M,"43,1031777","1,6293652",09
202000043753,20,12,4,08:45,1,2,9,2,3,09225,M,"43,1102400","1,6147900",09
202000043754,20,12,4,15:40,2,2,6,2,7,06069,M,"43,6428200","6,9460900",06
202000043755,20,8,4,16:00,1,2,1,1,6,06029,M,"43,5515000","7,0117350",06
202000043756,20,12,3,08:10,2,2,1,1,2,06027,M,"43,6661000","7,1752000",06
202000043757,20,12,4,15:26,1,2,2,2,3,75115,M,"48,8494300","2,3038200",75
202000043758,20,12,4,18:45,5,2,2,2,6,75107,M,"48,8507210","2,3116460",75
202000043759,20,12,4,16:15,2,2,3,2,6,75105,M,"48,8468460","2,3609800",75
202000043760,20,12,4,12:25,1,2,1,1,2,75106,M,"48,8460040","2,3183410",75
202000043761,20,12,4,17:30,5,2,1,2,7,75119,M,"48,8773790","2,3740940",75