Num_Acc,an,mois,jour,hrmn,lum,agg,int,atm,col,com,gps,lat,long,dep
202000043762,20,12,3,22:30,5,2,2,2,3,75119,M,"48,8778360","2,3740810",75
202000043763,20,12,4,11:00,1,2,3,1,3,75118,M,"48,9012520","2,3441280",75
202000043764,20,12,4,09:00,1,2,2,8,3,75118,M,"48,8873810","2,3495630",75
202000043765,20,12,4,14:40,1,2,7,1,3,75116,M,"48,8423560","2,2516960",75
202000043766,20,12,3,17:20,5,2,3,3,2,75116,M,"48,8670670","2,2492710",75
202000043767,20,12,4,00:30,5,2,3,2,6,75116,M,"48,8533520","2,2263440",75
202000043768,20,12,4,18:20,5,2,2,2,6,75115,M,"48,8347330","2,3051850",75
202000043769,20,12,4,16:15,2,2,3,2,7,75115,M,"48,8458770","2,3135230",75
202000043770,20,12,4,10:15,1,2,1,1,2,75112,M,"48,8484180","2,3678450",75
202000043771,20,12,3,18:20,5,2,1,2,7,75112,M,"48,8481550","2,3985280",75
202000043772,20,12,4,11:00,1,2,3,1,3,75111,M,"48,8606650","2,3753210",75
202000043773,20,12,4,16:00,1,2,3,2,3,75108,M,"48,8705200","2,3052800",75
202000043774,20,12,3,09:50,1,2,2,8,3,75108,M,"48,8750290","2,3091910",75
202000043775,20,12,4,03:20,5,2,2,2,7,75104,M,"48,8519060","2,3631200",75
202000043776,20,12,2,17:00,5,2,2,2,6,75101,M,"48,8561890","2,3464870",75
202000043777,20,12,4,19:55,5,2,3,1,6,75101,M,"48,8621520","2,3426290",75
202000043778,20,12,3,05:50,5,2,3,2,1,94081,M,"48,7910000","2,3830000",94
202000043779,20,12,4,13:40,1,2,1,1,2,94052,M,"48,8317800","2,4930200",94
202000043780,20,12,4,19:30,5,2,1,2,6,94076,M,"48,7926120","2,3647690",94
202000043781,20,12,4,15:40,1,2,6,8,6,94016,M,"48,7911080","2,3247760",94
202000043782,20,12,4,16:20,2,2,1,8,6,94041,M,"48,8173804","2,3674397",94
202000043783,20,12,4,20:30,5,2,1,2,1,94041,M,"48,8160300","2,3737000",94
202000043784,20,12,4,07:00,5,2,1,8,2,94065,M,"48,7593400","2,3615500",94
202000043785,20,12,3,18:00,5,2,2,2,6,94033,M,"48,8473400","2,4786800",94
202000043786,20,12,4,07:55,2,2,1,8,6,94028,M,"48,8017100","2,4587200",94
202000043787,20,12,4,15:20,1,1,1,1,5,94079,M,"48,8297800","2,5394800",94
202000043788,20,12,4,17:37,5,2,3,2,6,94018,M,"48,8231200","2,4112300",94
202000043789,20,12,4,16:30,1,2,2,1,3,94071,M,"48,7683650","2,5101910",94
202000043790,20,12,4,18:10,5,2,1,2,2,93066,M,"48,9330353","2,3728009",93
202000043791,20,12,3,09:49,1,2,1,1,3,93066,M,"48,9270000","2,3573000",93
202000043792,20,12,3,19:08,5,2,1,2,6,93064,M,"48,8787900","2,4901500",93
202000043793,20,12,3,22:24,3,1,1,2,6,93046,M,"48,9198200","2,5576200",93
202000043794,20,12,3,17:40,5,2,2,2,1,93057,M,"48,9120646","2,5086300",93
202000043795,20,8,31,13:00,1,2,9,1,6,92078,M,"48,9366120","2,3316690",92
202000043796,20,12,4,16:40,5,2,1,2,6,92046,M,"48,8238500","2,3069700",92
202000043797,20,12,4,12:02,1,2,2,1,3,92050,M,"48,8940550","2,2270530",92
202000043798,20,12,3,22:45,5,2,1,2,7,92050,M,"48,8902570","2,2279070",92
202000043799,20,12,4,15:49,1,2,1,2,7,92048,M,"48,8085643","2,2361268",92
202000043800,20,12,4,19:10,5,2,2,2,3,92044,M,"48,8904158","2,2836460",92
202000043801,20,12,4,15:30,1,2,1,1,3,92026,M,"48,8968000","2,2546500",92
202000043802,20,12,4,15:40,1,2,2,1,7,92012,M,"48,8390552","2,2320022",92
202000043803,20,12,4,11:10,1,2,6,1,-1,92012,M,"48,8408240","2,2288240",92
202000043804,20,12,3,20:15,5,2,9,2,6,92009,M,"48,9084284","2,2655815",92
202000043805,20,12,4,10:50,1,1,4,1,1,86107,M,"46,3688340","0,6545260",86
202000043806,20,12,4,19:25,5,2,1,1,6,97218,A,"14,7670350"," -61,1233560",972
202000043807,20,12,5,04:45,3,1,1,4,6,14027,M,"49,0062890"," -0,6330230",14
202000043808,20,12,4,17:40,5,2,1,1,3,72008,M,"47,9459340","0,1826440",72
202000043809,20,12,4,15:10,1,2,1,7,6,59331,M,"50,1295720","3,6825820",59
202000043810,20,12,4,12:30,1,1,1,4,1,74228,M,"46,0706850","6,0799460",74
202000043811,20,12,4,15:32,2,1,1,1,2,76550,M,"49,3840280","0,9698010",76
202000043812,20,12,4,20:10,5,2,1,2,6,81128,M,"43,6623420","2,3464210",81
202000043813,20,12,3,18:40,3,1,3,1,3,32132,M,"43,8488810","0,6769250",32
202000043814,20,12,5,03:10,3,1,1,1,1,71056,M,"46,6459040","5,1509141",71
202000043815,20,12,5,15:30,1,1,1,2,6,61275,M,"48,7143270","0,2848610",61
202000043816,20,12,5,00:00,3,1,1,2,7,46340,M,"44,5118700","1,4443270",46
202000043817,20,12,3,15:40,1,1,1,1,7,34084,M,"43,3978140","3,2066020",34
202000043818,20,12,5,13:15,1,1,2,4,3,25240,M,"47,0757540","6,6177790",25
202000043819,20,12,5,13:50,1,1,1,2,6,29117,M,"48,5611760"," -4,4943630",29
202000043820,20,12,5,12:50,1,1,3,1,3,31208,M,"43,0628990","0,8220430",31
202000043821,20,12,5,09:20,1,2,1,4,6,15246,M,"45,2662790","2,6029230",15
202000043822,20,12,4,17:20,5,2,1,1,6,50615,M,"49,5079810"," -1,4665920",50
202000043823,20,12,5,16:00,1,2,3,1,6,18012,M,"47,1327240","2,9996540",18
202000043824,20,12,5,14:45,1,1,1,2,1,27354,M,"49,1692910","0,9059570",27
202000043825,20,12,4,19:45,3,1,1,1,3,97309,G,"4,8834220"," -52,2819940",973
202000043826,20,12,4,18:45,5,1,6,1,1,97309,G,"4,8876280"," -52,2848310",973
202000043827,20,12,5,13:10,1,1,1,8,6,06059,M,"43,7441040","7,3722550",06
202000043828,20,12,4,20:05,3,1,1,1,1,97607,Y," -12,8351090","45,1876260",976
202000043829,20,12,4,17:30,5,2,3,8,5,57206,M,"49,3106290","6,1156660",57
202000043830,20,12,4,12:25,1,1,2,1,5,42037,M,"45,6619310","4,0737230",42
202000043831,20,12,5,13:30,1,1,1,1,1,38487,M,"45,5686230","4,8373530",38
202000043832,20,12,5,16:30,1,2,1,1,1,26347,M,"45,0692590","4,8415110",26
202000043833,20,12,5,10:00,1,2,1,1,6,07245,M,"45,0778270","4,8003760",07
202000043834,20,12,4,17:20,3,1,1,1,1,69215,M,"46,0244800","4,6638140",69
202000043835,20,12,5,11:10,1,1,1,1,1,69067,M,"45,7546190","4,5613430",69
202000043836,20,12,4,18:25,3,1,1,8,1,17240,M,"45,2516960"," -0,4035330",17
202000043837,20,12,4,19:28,5,2,2,2,1,33227,M,"44,5470000"," -0,2550890",33
202000043838,20,12,5,04:15,3,1,1,8,6,60282,M,"49,2081350","2,4536850",60
202000043839,20,12,4,17:35,5,2,1,1,3,59449,M,"50,4800870","3,2474630",59
202000043840,20,12,4,14:35,1,1,9,1,5,13005,M,"43,2768900","5,5874800",13
202000043841,20,12,1,18:16,1,1,1,1,2,13055,M,"43,3191100","5,4225700",13
202000043842,20,12,3,01:10,5,1,1,2,5,69266,M,"45,7723900","4,9005800",69
202000043843,20,10,2,17:03,1,1,1,3,4,42218,M,"45,4502200","4,4205100",42
202000043844,20,12,1,08:45,1,1,1,2,3,67152,M,"48,5306700","7,6932100",67
202000043845,20,12,4,20:40,5,1,1,2,6,33550,M,"44,7780200"," -0,5565700",33
202000043846,20,12,4,18:35,5,1,1,1,5,33249,M,"44,8794900"," -0,5097500",33
202000043847,20,12,4,16:50,1,1,1,1,4,33063,M,"44,8812000"," -0,5439900",33
202000043848,20,12,4,18:05,3,1,1,2,2,91136,M,"48,7130500","2,2795400",91
202000043849,20,12,4,07:30,3,1,1,1,6,91235,M,"48,6259000","2,3566000",91
202000043850,20,12,4,13:10,1,1,1,1,5,92025,M,"48,9228185","2,2276220",92
202000043851,20,12,4,08:40,1,1,1,8,3,92072,M,"48,8174026","2,2162952",92
202000043852,20,12,3,19:55,5,1,1,2,5,92050,M,"48,8986348","2,2163851",92
202000043853,20,12,4,20:10,3,1,1,2,6,95488,M,"49,0153200","2,1453600",95
202000043854,20,12,4,15:00,3,1,1,3,2,93005,M,"48,9540000","2,4733600",93
202000043855,20,12,4,00:40,3,1,1,2,6,93029,M,"48,9285300","2,4158300",93
202000043856,20,12,3,23:10,3,1,1,2,7,93064,M,"48,8839010","2,4645110",93
202000043857,20,12,3,04:50,3,1,1,1,3,95154,M,"49,0345100","2,5407100",95
202000043858,20,12,4,21:00,3,1,1,2,7,77249,M,"48,7292704","2,6072715",77
202000043859,20,12,4,19:25,3,1,1,2,-1,77450,M,"48,7244655","2,5979457",77
202000043860,20,10,4,18:05,1,2,1,1,6,82121,M,"44,0170570","1,3386290",82
202000043861,20,9,30,16:40,1,2,1,1,6,27229,M,"49,0019200","1,1344300",27
202000043862,20,9,5,19:00,1,2,1,1,2,35221,M,"47,8694950"," -1,6791700",35
202000043863,20,12,2,19:36,5,2,3,1,3,98818,C," -22,2686500","166,4423300",988
202000043864,20,12,3,08:45,1,1,1,1,3,97416,R," -21,2982000","55,4737000",974
202000043865,20,12,3,16:28,1,1,1,1,6,97416,R," -21,3420700","55,4898400",974
202000043866,20,12,3,08:10,1,1,1,1,3,97411,R," -20,8756400","55,4311900",974
202000043867,20,12,2,17:50,1,1,1,1,4,97407,R," -20,9429700","55,3272300",974
202000043868,20,12,2,11:00,1,1,1,1,2,97407,R," -20,9563000","55,3126000",974
202000043869,20,12,3,17:34,1,2,3,1,3,97302,G,"4,9364416"," -52,3073673",973
202000043870,20,12,2,13:09,1,2,3,1,-1,97302,G,"4,9144164"," -52,3209071",973
202000043871,20,12,3,06:45,1,2,1,1,3,97302,G,"4,9166773"," -52,3214865",973
202000043872,20,12,3,19:10,5,2,1,1,6,69259,M,"45,7025900","4,8877200",69
202000043873,20,11,29,20:30,5,1,1,2,1,97209,A,"14,6177000"," -61,0402800",972
202000043874,20,12,3,09:50,1,2,1,1,3,69389,M,"45,7668000","4,8207000",69
202000043875,20,12,2,11:45,1,2,1,8,6,69286,M,"45,8205600","4,8820300",69
202000043876,20,11,30,16:45,2,2,1,1,6,69149,M,"45,7198000","4,7992600",69
202000043877,20,12,3,18:18,5,2,6,1,2,2B033,M,"42,6710600","9,4428300",2B
202000043878,20,11,29,19:39,5,2,1,1,1,95306,M,"49,0004679","2,1447426",95
202000043879,20,12,2,21:09,5,2,3,2,6,87085,M,"45,8285800","1,2561600",87
202000043880,20,12,3,13:03,1,2,1,1,3,83069,M,"43,0822900","6,1282800",83
202000043881,20,11,30,08:13,1,2,3,8,6,78382,M,"48,9931200","2,0665600",78
202000043882,20,9,23,06:00,3,1,1,1,2,93064,M,"48,8749409","2,4788535",93
202000043883,20,7,20,16:45,1,2,1,1,6,95268,M,"48,9664100","2,4008800",95
202000043884,20,5,30,22:02,3,1,1,1,6,57283,M,"49,2449400","6,1449800",57
202000043885,20,9,22,11:40,1,2,3,1,3,98818,C," -22,3001900","166,4448700",988
202000043886,20,9,22,15:35,1,1,1,1,7,97416,R," -21,3237800","55,4478300",974
202000043887,20,9,22,08:45,1,1,1,1,1,97416,R," -21,3013000","55,4575000",974
202000043888,20,9,22,07:03,1,2,1,1,6,97302,G,"4,9405622"," -52,3298871",973
202000043889,20,9,22,18:40,1,2,1,1,3,69387,M,"45,7431200","4,8340300",69
202000043890,20,9,22,18:15,1,2,1,1,2,69383,M,"45,7550300","4,8438000",69
202000043891,20,9,22,08:15,1,2,1,8,6,69387,M,"45,7445100","4,8313800",69
202000043892,20,9,22,08:15,1,2,3,8,6,69381,M,"45,7690148","4,8378188",69
202000043893,20,9,22,07:15,2,2,6,2,7,69034,M,"45,8007300","4,8513600",69
202000043894,20,9,22,15:00,1,1,1,1,4,2A004,M,"41,9424800","8,8091705",2A
202000043895,20,9,22,18:10,1,2,4,1,2,91201,M,"48,6864800","2,4042400",91
202000043896,20,9,21,07:04,5,2,1,1,7,87085,M,"45,8816200","1,2666500",87
202000043897,20,9,21,18:37,1,2,1,1,2,87085,M,"45,8609700","1,2714400",87
202000043898,20,9,21,15:39,1,2,1,3,6,87085,M,"45,8379000","1,2386700",87
202000043899,20,9,20,18:24,1,2,2,1,2,87085,M,"45,8860800","1,2792000",87
202000043900,20,9,20,12:57,1,2,3,2,5,87085,M,"45,8551100","1,2556200",87
202000043901,20,9,21,17:35,1,1,1,1,6,84007,M,"43,9405900","4,8321100",84
202000043902,20,9,22,14:45,-1,2,1,-1,6,83069,M,"43,1146900","6,1109200",83
202000043903,20,9,21,14:00,1,2,1,1,6,80021,M,"49,8793900","2,3074000",80
202000043904,20,9,21,08:36,1,2,1,1,6,80001,M,"50,1063000","1,8459000",80
202000043905,20,9,17,06:40,2,1,1,1,4,78517,M,"48,6683100","1,8379700",78
202000043906,20,9,22,04:00,5,2,2,1,3,76540,M,"49,4479400","1,0722100",76
202000043907,20,9,21,17:50,1,2,2,1,6,76540,M,"49,4363600","1,1270200",76
202000043908,20,9,21,18:40,1,2,2,1,5,76540,M,"49,4378900","1,1020900",76
202000043909,20,9,21,17:40,1,2,1,1,6,76157,M,"49,4503300","1,0341300",76
202000043910,20,9,20,18:15,1,2,3,1,1,76351,M,"49,4913100","0,1455690",76
202000043911,20,9,21,12:40,1,1,6,1,2,76447,M,"49,5346834","0,1792574",76
202000043912,20,9,21,08:30,1,2,7,1,3,72095,M,"48,0254300","0,2049600",72
202000043913,20,9,21,07:30,1,2,6,1,3,72181,M,"47,9982400","0,1886900",72
202000043914,20,9,21,12:00,1,2,2,1,3,71306,M,"46,6747418","4,3711503",71
202000043915,20,9,21,18:25,1,2,2,1,3,71306,M,"46,6705871","4,3679937",71
202000043916,20,9,22,18:05,1,2,2,1,1,69266,M,"45,7766000","4,9036000",69
202000043917,20,9,22,10:05,1,2,1,1,6,68224,M,"47,7444200","7,3256100",68
202000043918,20,9,21,10:55,1,2,1,1,5,67267,M,"48,5582527","7,6854784",67
202000043919,20,9,19,16:15,1,2,3,1,6,67482,M,"48,5834800","7,7386200",67
202000043920,20,9,17,17:05,1,2,3,1,3,67482,M,"48,5771964","7,7517758",67
202000043921,20,9,22,11:49,1,2,1,1,3,66136,M,"42,6944400","2,9179400",66
202000043922,20,9,19,19:20,1,2,1,1,3,66136,M,"42,7368800","2,8934500",66
202000043923,20,9,22,18:00,1,2,2,1,2,65440,M,"43,2201000","0,0657800",65
202000043924,20,9,20,03:50,5,2,1,1,6,63113,M,"45,8112200","3,1038700",63
202000043925,20,9,11,18:10,1,2,1,1,7,61006,M,"48,7380810"," -0,0235070",61
202000043926,20,9,21,13:20,1,2,6,1,3,59569,M,"50,3657500","3,1176300",59
202000043927,20,9,21,12:50,1,2,1,1,6,57306,M,"49,3250900","6,0561200",57
202000043928,20,9,22,21:05,5,2,2,1,3,51454,M,"49,2579019","4,0560673",51
202000043929,20,9,22,08:15,1,2,7,1,2,51454,M,"49,2205796","4,0217576",51
202000043930,20,9,21,04:30,5,2,1,1,7,51454,M,"49,2735757","4,0086714",51
202000043931,20,9,4,08:20,1,2,1,1,6,49099,M,"47,0620100"," -0,8963300",49
202000043932,20,9,21,12:23,1,2,1,1,6,49007,M,"47,4626900"," -0,5614800",49
202000043933,20,9,21,14:40,1,2,1,1,2,49007,M,"47,4552700"," -0,5293500",49
202000043934,20,9,22,15:37,1,2,2,1,3,45232,M,"47,8686500","1,9118100",45
202000043935,20,9,13,10:25,1,2,2,1,3,44184,M,"47,2700200"," -2,2172900",44
202000043936,20,9,19,14:00,1,2,3,2,3,44184,M,"47,2904400"," -2,1995600",44
202000043937,20,9,22,21:00,5,2,2,1,6,38151,M,"45,1475300","5,7198800",38
202000043938,20,9,22,16:35,1,2,1,1,-1,35238,M,"48,1273436"," -1,6831980",35
202000043939,20,9,22,14:15,1,1,1,1,7,35051,M,"48,1147900"," -1,5660500",35
202000043940,20,9,22,07:35,2,2,1,5,7,35238,M,"48,1018300"," -1,6495200",35
202000043941,20,9,22,16:20,1,2,3,2,3,34172,M,"43,6121900","3,8895400",34
202000043942,20,9,22,15:40,1,2,3,2,3,34172,M,"43,6270330","3,8729620",34
202000043943,20,9,22,07:50,1,2,3,8,1,33318,M,"44,8000000"," -0,6724000",33
202000043944,20,9,16,22:30,5,2,1,1,6,33063,M,"44,8529200"," -0,5673000",33
202000043945,20,9,18,14:40,1,2,1,1,1,31069,M,"43,6455100","1,3849400",31
202000043946,20,9,21,20:40,2,2,2,1,3,30189,M,"43,8321600","4,3498000",30
202000043947,20,9,22,17:39,1,1,3,1,1,29232,M,"47,9515000"," -4,0764600",29
202000043948,20,9,19,09:40,1,1,6,2,2,22106,M,"48,4965200"," -2,7233600",22
202000043949,20,8,5,20:50,2,2,1,1,6,22278,M,"48,5116700"," -2,7652800",22
202000043950,20,9,23,01:45,5,2,1,1,6,18279,M,"47,2262000","2,0646100",18
202000043951,20,9,20,04:00,3,2,1,1,7,17028,M,"46,1311500"," -1,1177500",17
202000043952,20,9,22,07:50,1,1,1,2,7,15014,M,"44,9431000","2,4595100",15
202000043953,20,9,22,08:40,1,2,1,1,-1,14327,M,"49,1893000"," -0,3323600",14
202000043954,20,9,22,23:00,5,2,1,1,2,13208,M,"43,2807780","5,3896070",13
202000043955,20,9,22,19:40,1,1,3,8,3,13047,M,"43,4865820","4,9635390",13
202000043956,20,9,20,20:38,5,2,4,1,3,10081,M,"48,3092400","4,0390400",10
202000043957,20,9,21,11:04,1,2,3,1,6,10343,M,"48,2704000","4,0871000",10
202000043958,20,9,20,04:15,5,2,1,2,2,06088,M,"43,6654270","7,2035710",06
202000043959,20,9,22,22:55,5,2,1,1,2,06083,M,"43,7670190","7,4888570",06
202000043960,20,9,22,13:20,1,1,1,2,6,06027,M,"43,6942400","7,1487400",06
202000043961,20,9,21,16:50,1,2,1,1,7,06027,M,"43,6613400","7,1583900",06
202000043962,20,9,18,07:00,2,2,1,1,2,03094,M,"46,1573656","3,4120774",03
202000043963,20,9,21,15:00,1,1,2,1,3,01289,M,"46,1648900","5,2206700",01
202000043964,20,9,22,16:15,1,2,1,1,3,75120,M,"48,8581330","2,4141100",75
202000043965,20,9,22,08:45,1,2,1,1,2,75117,M,"48,8877610","2,2910720",75
202000043966,20,9,21,00:20,5,2,2,1,6,75114,M,"48,8203760","2,3254340",75
202000043967,20,9,22,17:45,1,2,2,1,1,75105,M,"48,8511510","2,3513080",75
202000043968,20,9,21,17:05,1,2,7,1,3,75106,M,"48,8531720","2,3431910",75
202000043969,20,9,21,15:45,1,2,5,1,6,75106,M,"48,8503510","2,3426290",75
202000043970,20,9,22,10:45,1,2,3,1,6,75120,M,"48,8539610","2,4057220",75
202000043971,20,9,21,23:25,5,2,3,1,6,75120,M,"48,8641070","2,4131740",75
202000043972,20,9,22,16:25,1,2,3,1,3,75119,M,"48,8920530","2,3725480",75
202000043973,20,9,22,08:00,1,2,1,1,6,75119,M,"48,8819880","2,3715300",75
202000043974,20,9,22,09:10,1,2,3,1,3,75117,M,"48,8779380","2,2943390",75
202000043975,20,9,22,18:15,1,2,2,1,2,75116,M,"48,8585680","2,2448950",75
202000043976,20,9,22,09:15,1,2,3,1,2,75116,M,"48,8528890","2,2810160",75
202000043977,20,9,21,19:10,2,2,2,1,5,75115,M,"48,8453460","2,2785690",75
202000043978,20,9,22,17:40,1,2,4,1,3,75114,M,"48,8240890","2,3212840",75
202000043979,20,9,22,09:05,1,2,1,1,1,75114,M,"48,8214530","2,3216520",75
202000043980,20,9,22,16:22,1,2,1,1,2,75113,M,"48,8161200","2,3599110",75
202000043981,20,9,22,17:10,1,2,3,1,7,75113,M,"48,8271310","2,3671260",75
202000043982,20,9,22,09:40,1,2,3,1,3,75113,M,"48,8284810","2,3581020",75
202000043983,20,9,22,18:40,1,2,1,1,6,75112,M,"48,8245270","2,4322790",75
202000043984,20,9,22,14:30,1,2,2,1,7,75112,M,"48,8438740","2,4146650",75
202000043985,20,9,22,09:30,1,2,1,1,3,75112,M,"48,8459700","2,3835910",75
202000043986,20,9,22,22:30,5,2,7,1,6,75111,M,"48,8533280","2,3697830",75
202000043987,20,9,22,18:30,1,2,1,1,5,75109,M,"48,8838670","2,3317070",75
202000043988,20,9,22,18:35,1,2,7,1,2,75108,M,"48,8740980","2,2957630",75
202000043989,20,9,22,15:30,1,2,2,1,7,75108,M,"48,8683870","2,3232500",75
202000043990,20,9,22,02:05,5,2,2,1,3,75108,M,"48,8751350","2,3229260",75
202000043991,20,9,22,09:42,1,2,2,1,2,75107,M,"48,8595630","2,3292760",75
202000043992,20,9,21,15:35,1,2,2,1,6,75107,M,"48,8476910","2,3133520",75
202000043993,20,9,22,08:30,1,2,2,1,3,75103,M,"48,8622890","2,3637340",75
202000043994,20,9,22,17:25,1,2,1,1,4,94074,M,"48,7638400","2,4419300",94
202000043995,20,9,22,10:50,1,2,1,1,6,94058,M,"48,8324500","2,5088200",94
202000043996,20,9,22,08:30,1,2,1,1,7,94046,M,"48,8094660","2,4239870",94
202000043997,20,9,21,10:40,1,2,3,1,7,94076,M,"48,7946000","2,3602000",94
202000043998,20,9,22,16:40,1,2,1,1,6,94038,M,"48,7758200","2,3435400",94
202000043999,20,9,22,18:45,1,2,2,1,3,94011,M,"48,7652100","2,4807600",94
202000044000,20,9,22,19:05,1,2,1,1,3,94054,M,"48,7478670","2,3985230",94
202000044001,20,9,22,12:25,1,2,1,1,5,94018,M,"48,8249990","2,4105840",94
202000044002,20,9,22,12:15,1,2,6,1,3,93078,M,"48,9614700","2,5564000",93
202000044003,20,9,22,16:07,1,2,1,1,2,93070,M,"48,9033618","2,3441244",93
202000044004,20,9,21,21:20,5,2,2,1,3,93066,M,"48,9306500","2,3652000",93
202000044005,20,9,21,11:30,1,2,1,1,1,93066,M,"48,9326473","2,3548719",93
202000044006,20,9,22,09:10,1,2,4,1,3,93062,M,"48,9024284","2,5252547",93
202000044007,20,9,22,09:00,1,2,1,1,2,93055,M,"48,9073000","2,3962000",93
202000044008,20,9,22,14:00,1,2,1,1,2,93048,M,"48,8673424","2,4421928",93
202000044009,20,9,22,21:30,5,2,2,1,3,93046,M,"48,9197300","2,5150400",93
202000044010,20,9,22,07:20,2,2,3,1,1,93046,M,"48,8980937","2,5205803",93
202000044011,20,9,22,15:30,1,2,2,1,6,93010,M,"48,8964812","2,4781169",93
202000044012,20,9,22,09:50,1,2,1,1,3,93001,M,"48,9048677","2,3933122",93
202000044013,20,9,21,23:20,5,2,2,1,3,92078,M,"48,9348532","2,3264869",92
202000044014,20,9,21,22:25,5,2,3,1,3,92063,M,"48,8661714","2,2020205",92
202000044015,20,9,22,17:20,1,2,1,1,7,92048,M,"48,8193700","2,2342300",92
202000044016,20,9,22,13:25,1,2,1,1,7,92040,M,"48,8316063","2,2623553",92
202000044017,20,9,22,09:55,1,2,2,1,1,92040,M,"48,8195463","2,2789176",92
202000044018,20,9,22,03:18,5,2,1,1,7,92036,M,"48,9356378","2,2664615",92
202000044019,20,9,21,20:40,5,1,1,1,3,92036,M,"48,9273845","2,3002889",92
202000044020,20,9,19,13:05,1,1,1,1,1,08101,M,"49,7534070","5,0280900",08
202000044021,20,9,23,07:45,2,2,4,5,1,33478,M,"45,0081800","0,0108110",33
202000044022,20,9,20,00:00,3,1,1,3,7,49220,M,"47,6809050"," -0,3704880",49
202000044023,20,8,17,14:00,1,1,1,1,7,26005,M,"44,5079220","4,7728730",26
202000044024,20,9,22,20:20,5,2,6,1,1,91553,M,"48,6287680","2,4917510",91
202000044025,20,9,20,19:10,1,2,1,1,1,95612,M,"48,9964060","2,4774490",95
202000044026,20,9,23,11:30,1,2,1,2,7,76159,M,"49,7919380","0,6357800",76
202000044027,20,9,19,17:37,1,1,2,2,7,33316,M,"44,7223900","0,1052280",33
202000044028,20,9,23,14:25,1,2,2,1,3,69033,M,"45,8474657","4,8752318",69
202000044029,20,9,22,19:50,5,2,1,2,1,42177,M,"46,1302440","4,1088440",42
202000044030,20,9,23,09:15,1,1,1,1,6,47306,M,"44,3843910","0,5423000",47
202000044031,20,9,23,12:40,1,2,2,1,3,68258,M,"47,8367450","7,3031130",68
202000044032,20,7,14,22:45,3,1,1,1,-1,35338,M,"48,0542860"," -1,2815190",35
202000044033,20,9,23,11:30,1,2,1,1,6,26124,M,"44,8370880","4,8951480",26
202000044034,20,9,21,13:15,1,2,1,1,1,72176,M,"47,6424110","0,1564530",72
202000044035,20,9,21,07:15,4,2,1,5,6,72191,M,"47,7611010","0,2749690",72
202000044036,20,9,22,08:50,1,1,2,1,3,72359,M,"48,1400030","0,3792000",72
202000044037,20,9,23,12:35,1,1,1,2,1,14227,M,"49,2672998"," -0,0387463",14
202000044038,20,9,23,14:10,1,1,1,1,7,60650,M,"49,2460879","2,7970333",60
202000044039,20,9,19,18:15,2,2,3,2,1,64513,M,"43,3917440"," -0,9428550",64
202000044040,20,9,23,13:13,1,2,1,1,7,64138,M,"43,2357260"," -0,2823830",64
202000044041,20,9,23,12:00,1,2,1,1,6,64059,M,"43,2741470"," -0,2504110",64
202000044042,20,9,9,11:25,1,2,2,1,3,43020,M,"45,3005130","4,1111990",43
202000044043,20,9,22,15:10,1,1,1,1,6,21023,M,"47,0995080","4,4731680",21
202000044044,20,9,21,17:45,1,2,3,1,1,27467,M,"49,3466440","0,5250960",27
202000044045,20,9,23,07:19,1,1,1,1,5,28219,M,"48,2351210","1,0363630",28
202000044046,20,9,21,13:50,1,2,9,1,2,28422,M,"48,2695630","1,6295080",28
202000044047,20,9,22,20:15,5,2,1,1,7,97307,G,"4,9014980"," -52,3391140",973
202000044048,20,9,23,18:44,1,1,1,2,7,80156,M,"49,9162486","2,4076581",80
202000044049,20,8,14,21:30,3,1,3,1,3,13112,M,"43,5194120","5,2327970",13
202000044050,20,9,21,17:30,1,1,1,1,4,06088,M,"43,7331120","7,2825940",06
202000044051,20,9,20,04:30,3,1,1,1,6,76484,M,"49,3432510","1,0558840",76
202000044052,20,9,22,22:40,5,2,1,1,3,97311,G,"5,4848960"," -54,0155487",973
202000044053,20,9,22,16:15,1,1,1,1,1,97116,A,"16,3297000"," -61,4927530",971
202000044054,20,9,23,05:29,3,2,1,1,6,77003,M,"48,2770950","2,5279710",77
202000044055,20,9,23,05:45,5,1,6,1,1,91494,M,"48,6151930","2,3515620",91
202000044056,20,9,22,19:00,2,1,1,1,3,78162,M,"48,6856910","2,0085240",78
202000044057,20,9,22,18:15,1,1,1,1,3,2B314,M,"42,6566550","9,1609670",2B
202000044058,20,9,22,17:30,1,2,1,2,1,2B188,M,"42,6146330","9,3514360",2B
202000044059,20,9,21,19:20,1,1,1,1,3,66037,M,"42,6986690","3,0223450",66
202000044060,20,9,22,09:40,1,2,1,3,6,84003,M,"43,8787200","5,3861550",84
202000044061,20,9,22,11:30,1,2,6,2,3,13027,M,"43,8752130","4,8634350",13
202000044062,20,9,23,15:30,1,1,1,1,6,39070,M,"46,7390880","5,9600440",39
202000044063,20,9,22,14:50,1,1,1,1,7,68106,M,"47,8899820","7,1133900",68
202000044064,20,9,22,18:28,1,2,1,1,3,88483,M,"48,1931250","6,3778000",88
202000044065,20,9,22,17:00,1,2,1,8,2,74042,M,"46,0805480","6,4080010",74
202000044066,20,9,23,15:10,1,2,1,1,3,42188,M,"45,6124364","3,9459868",42
202000044067,20,9,22,19:50,2,1,1,8,1,69117,M,"45,8582390","4,7395380",69