Num_Acc,an,mois,jour,hrmn,lum,agg,int,atm,col,com,gps,lat,long,dep
202000044068,20,9,22,07:45,1,1,1,8,7,09199,M,"43,1835250","1,6539950",09
202000044069,20,9,23,15:40,1,2,1,1,3,31458,M,"43,5040290","1,3471450",31
202000044070,20,9,22,17:15,1,1,1,1,7,22389,M,"48,4754890"," -2,6692810",22
202000044071,20,9,22,18:15,1,1,1,1,5,80685,M,"49,7035979","2,8093886",80
202000044072,20,3,10,20:40,3,1,1,2,6,17333,M,"45,6057890"," -0,9628950",17
202000044073,20,3,6,09:30,1,1,3,1,3,13103,M,"43,6400600","4,9784160",13
202000044074,20,3,10,18:15,1,2,1,1,3,13214,M,"43,3315000","5,3936500",13
202000044075,20,3,10,15:30,1,2,1,1,6,13215,M,"43,3649800","5,3568700",13
202000044076,20,3,10,14:31,1,2,3,1,3,13202,M,"43,3268640","5,3583110",13
202000044077,20,3,10,12:30,1,2,1,1,6,13206,M,"43,2940905","5,3847331",13
202000044078,20,3,9,11:50,1,2,1,1,5,13208,M,"43,2497901","5,3878874",13
202000044079,20,3,10,20:50,5,2,1,1,3,13001,M,"43,4879500","5,4237400",13
202000044080,20,3,10,17:45,1,1,1,1,7,13001,M,"43,5026000","5,3460800",13
202000044081,20,3,5,13:25,1,2,1,1,6,11262,M,"43,1848460","3,0092070",11
202000044082,20,3,6,14:15,1,2,1,1,6,11262,M,"43,1558700","2,9961700",11
202000044083,20,3,9,08:00,2,2,1,3,4,11069,M,"43,2316600","2,3741600",11
202000044084,20,3,10,18:06,2,2,2,1,3,06088,M,"43,6952000","7,2562000",06
202000044085,20,3,9,09:30,1,2,3,1,2,05061,M,"44,5548900","6,0700800",05
202000044086,20,3,9,08:30,1,2,1,1,7,75120,M,"48,8554470","2,4138260",75
202000044087,20,3,9,08:20,1,2,1,1,7,75116,M,"48,8551950","2,2558500",75
202000044088,20,3,10,00:11,5,2,4,2,6,75120,M,"48,8644500","2,4136100",75
202000044089,20,3,9,06:30,3,2,3,2,-1,75118,M,"48,8979860","2,3424170",75
202000044090,20,3,10,10:50,1,2,5,8,-1,75117,M,"48,8812733","2,2955270",75
202000044091,20,3,8,16:00,1,2,2,2,6,75117,M,"48,8891260","2,3227500",75
202000044092,20,3,10,11:20,1,2,3,1,3,75114,M,"48,8248130","2,3259210",75
202000044093,20,3,9,13:55,1,2,2,2,7,75114,M,"48,8329430","2,3162490",75
202000044094,20,3,10,19:05,2,2,2,1,2,75112,M,"48,8421130","2,3764220",75
202000044095,20,3,10,18:55,5,2,2,1,6,75109,M,"48,8772060","2,3489930",75
202000044096,20,3,10,08:30,5,2,7,2,3,75108,M,"48,8643910","2,3018040",75
202000044097,20,3,9,23:45,5,2,2,2,3,75107,M,"48,8585230","2,3297120",75
202000044098,20,3,10,20:10,5,2,2,1,6,75103,M,"48,8616480","2,3516550",75
202000044099,20,3,10,08:15,1,2,1,2,3,94044,M,"48,7535600","2,4853000",94
202000044100,20,3,9,10:00,1,2,3,8,6,94068,M,"48,7900000","2,4800000",94
202000044101,20,3,7,14:30,1,2,1,1,6,94068,M,"48,7933000","2,4979000",94
202000044102,20,3,9,09:00,1,2,3,1,3,94041,M,"48,8185730","2,3839340",94
202000044103,20,2,26,15:10,1,2,1,1,6,94073,M,"48,7729700","2,3981400",94
202000044104,20,3,10,18:00,2,2,1,1,3,94028,M,"48,7903200","2,4531900",94
202000044105,20,3,10,20:30,5,2,1,1,3,93072,M,"48,9453500","2,3869100",93
202000044106,20,3,10,09:15,1,1,1,1,3,93071,M,"48,9329362","2,5334919",93
202000044107,20,3,10,11:50,1,2,1,1,3,93070,M,"48,9050124","2,3283346",93
202000044108,20,3,10,15:40,1,2,6,1,6,93051,M,"48,8372738","2,5477166",93
202000044109,20,3,10,13:48,1,2,1,1,3,93048,M,"48,8643920","2,4425649",93
202000044110,20,3,10,12:30,1,2,1,1,6,93046,M,"48,9082600","2,5181400",93
202000044111,20,3,10,07:40,1,2,1,2,6,93074,M,"48,9345495","2,5727001",93
202000044112,20,3,10,12:20,1,2,1,2,3,93063,M,"48,8932471","2,4377937",93
202000044113,20,2,28,21:27,5,2,1,2,6,93013,M,"48,9330595","2,4240016",93
202000044114,20,3,10,19:10,5,2,1,8,6,93008,M,"48,9148827","2,4411428",93
202000044115,20,3,10,22:20,5,2,1,1,6,93001,M,"48,9067120","2,3878810",93
202000044116,20,3,10,17:32,1,2,1,1,5,93001,M,"48,9079383","2,3786974",93
202000044117,20,3,10,17:35,1,2,1,1,6,92051,M,"48,8873405","2,2786937",92
202000044118,20,3,9,18:30,1,2,2,1,3,92050,M,"48,8936920","2,2120520",92
202000044119,20,3,10,17:25,1,2,1,1,1,92020,M,"48,8085660","2,2983420",92
202000044120,20,3,10,08:25,1,2,1,8,3,92020,M,"48,8081460","2,2956170",92
202000044121,20,3,10,12:40,1,2,1,8,7,92062,M,"48,8848800","2,2475000",92
202000044122,20,2,25,17:35,1,2,3,1,3,92004,M,"48,9161300","2,2850300",92
202000044123,20,3,11,10:50,1,2,6,3,3,29262,M,"48,4470685"," -4,0058061",29
202000044124,20,3,8,21:30,3,1,1,1,2,66136,M,"42,7045920","2,8657170",66
202000044125,20,3,10,19:45,3,1,1,2,1,74295,M,"46,3176400","6,6028260",74
202000044126,20,3,9,13:45,1,1,1,2,7,22354,M,"48,5699130"," -3,2740440",22
202000044127,20,3,11,17:10,1,2,1,1,3,83049,M,"43,2252320","6,0699140",83
202000044128,20,3,9,22:30,3,1,1,1,4,51562,M,"49,1945438","4,0616634",51
202000044129,20,3,2,08:45,1,1,1,7,2,56185,M,"47,7800340"," -3,4227620",56
202000044130,20,3,11,11:30,1,2,9,1,7,2B167,M,"42,5361880","8,8733590",2B
202000044131,20,3,11,18:15,2,2,2,1,3,80002,M,"49,8380620","2,8209110",80
202000044132,20,2,22,00:10,5,2,1,2,1,80618,M,"50,1718191","1,5729340",80
202000044133,20,3,11,10:25,1,1,1,1,5,89010,M,"47,7022380","3,9506790",89
202000044134,20,3,10,12:00,1,1,1,2,3,12219,M,"44,4785660","2,9288700",12
202000044135,20,2,29,17:30,1,2,1,2,3,42222,M,"45,5944350","4,3079760",42
202000044136,20,3,10,16:45,1,2,1,2,6,29199,M,"48,5757700"," -3,7672050",29
202000044137,20,3,11,16:30,1,1,2,1,3,38049,M,"45,4058500","5,1877200",38
202000044138,20,3,11,14:30,1,1,1,1,2,02360,M,"49,4253860","3,9319470",02
202000044139,20,3,10,21:30,3,1,1,2,6,03158,M,"46,4524788","2,7101968",03
202000044140,20,3,9,15:50,1,2,1,6,7,66137,M,"42,4605500","2,8640840",66
202000044141,20,3,10,08:10,1,2,1,1,6,06079,M,"43,5420800","6,9366230",06
202000044142,20,3,10,19:45,3,1,1,2,7,53196,M,"48,4525150"," -0,3059910",53
202000044143,20,3,10,14:45,1,1,1,1,2,04230,M,"43,8318140","5,9514840",04
202000044144,20,3,10,16:45,1,1,1,1,7,30089,M,"43,8469080","4,5732740",30
202000044145,20,3,11,11:50,1,1,1,1,7,48101,M,"44,2951660","3,5003470",48
202000044146,20,3,11,19:45,5,2,6,1,6,78455,M,"48,8450340","2,0578660",78
202000044147,20,3,10,18:30,2,1,1,1,6,06018,M,"43,6164990","7,0683970",06
202000044148,20,3,11,05:05,3,1,1,8,6,72165,M,"48,0718570","0,4391740",72
202000044149,20,3,8,14:40,1,1,1,1,2,06085,M,"43,5782300","6,9844290",06
202000044150,20,3,11,13:00,1,1,1,1,7,97308,G,"3,9022920"," -51,8113040",973
202000044151,20,3,10,10:07,1,1,1,2,3,97106,A,"16,1797990"," -61,7502670",971
202000044152,20,2,26,20:00,3,1,1,1,7,77161,M,"48,3254700","2,9122780",77
202000044153,20,2,25,11:30,1,2,6,1,3,83001,M,"43,5294040","6,8210400",83
202000044154,20,3,9,15:20,1,2,1,1,7,67313,M,"48,5316235","7,4710921",67
202000044155,20,3,11,07:35,2,1,1,2,6,88464,M,"48,1096090","6,6835500",88
202000044156,20,3,11,14:00,1,1,1,7,7,38110,M,"45,5617300","4,8696000",38
202000044157,20,3,11,08:15,1,1,1,2,1,69159,M,"45,9510592","4,6629274",69
202000044158,20,3,4,13:00,1,2,1,1,1,69140,M,"45,8978820","4,6828260",69
202000044159,20,3,11,06:50,2,1,3,1,3,27203,M,"49,0432900","1,4078380",27
202000044160,20,3,10,14:30,1,1,1,1,5,13215,M,"43,3454529","5,3741840",13
202000044161,20,3,10,09:05,1,1,1,1,4,13210,M,"43,2846900","5,4168900",13
202000044162,20,3,5,08:30,1,1,1,2,2,69040,M,"45,7995000","4,7751000",69
202000044163,20,3,9,08:55,1,1,1,1,4,67482,M,"48,5783521","7,7252503",67
202000044164,20,3,10,18:45,1,1,1,1,4,33192,M,"44,7777900"," -0,6449200",33
202000044165,20,3,9,07:45,1,1,1,1,3,59636,M,"50,6807350","3,0568910",59
202000044166,20,3,7,05:15,3,1,1,1,1,59346,M,"50,6009990","3,1325740",59
202000044167,20,3,10,07:30,1,1,1,1,7,91216,M,"48,6836500","2,3289000",91
202000044168,20,3,9,11:50,1,1,1,1,2,91687,M,"48,6636900","2,3662500",91
202000044169,20,3,10,07:30,1,1,1,2,4,78640,M,"48,7775000","2,2210000",78
202000044170,20,3,9,20:24,3,1,1,2,4,78431,M,"48,9387400","1,9565500",78
202000044171,20,3,9,09:00,1,1,1,1,3,93066,M,"48,9186500","2,3573000",93
202000044172,20,3,8,17:10,1,1,1,3,6,93027,M,"48,9286200","2,4138000",93
202000044173,20,3,8,11:20,1,1,1,1,6,93005,M,"48,9482700","2,4756200",93
202000044174,20,3,10,10:57,1,1,1,1,5,77258,M,"48,8320333","2,6495025",77
202000044175,20,1,6,11:04,1,2,1,1,6,78372,M,"48,8746000","2,0993000",78
202000044176,20,1,1,02:40,5,2,9,1,6,07102,M,"44,9363200","4,8700400",07
202000044177,20,3,9,14:00,1,1,1,1,3,97416,R," -21,2954700","55,4448000",974
202000044178,20,3,8,13:07,1,2,2,1,3,97411,R," -20,8828013","55,4542959",974
202000044179,20,3,9,19:14,3,1,9,1,3,97302,G,"4,9305198"," -52,3296189",973
202000044180,20,6,27,00:13,3,1,1,1,6,97416,R," -21,3170000","55,4912700",974
202000044181,20,3,9,18:20,2,2,2,1,3,69386,M,"45,7652200","4,8679300",69
202000044182,20,3,9,16:15,1,2,1,1,7,69199,M,"45,7123200","4,8611700",69
202000044183,20,6,26,11:50,1,1,1,2,3,97411,R," -20,8856400","55,4968000",974
202000044184,20,3,8,12:00,1,2,1,1,7,97209,A,"14,6180000"," -61,0510000",972
202000044185,20,6,25,08:00,1,2,1,1,3,97411,R," -20,8899900","55,4634800",974
202000044186,20,3,9,17:35,1,2,1,1,6,69381,M,"45,7719000","4,8239000",69
202000044187,20,3,8,12:13,1,2,2,1,3,69385,M,"45,7562401","4,8175324",69
202000044188,20,6,26,16:15,1,2,3,1,3,97302,G,"4,9192043"," -52,3174798",973
202000044189,20,3,8,13:55,1,1,1,1,7,97113,A,"16,2155400"," -61,4635700",971
202000044190,20,6,26,19:45,1,2,3,1,6,69276,M,"45,6800000","4,8500000",69
202000044191,20,3,8,19:50,5,2,1,2,2,95019,M,"48,9955000","2,4197000",95
202000044192,20,6,26,15:10,1,2,1,7,7,69276,M,"45,6664400","4,8408100",69
202000044193,20,3,9,15:15,1,2,9,9,7,91549,M,"48,6288260","2,3323650",91
202000044194,20,3,6,20:48,5,2,2,1,3,87085,M,"45,8260500","1,2679200",87
202000044195,20,6,26,13:05,1,2,2,1,3,69383,M,"45,7597000","4,8490000",69
202000044196,20,6,26,14:20,1,2,1,1,1,97213,A,"14,6227000"," -60,9535000",972
202000044197,20,6,26,15:35,1,2,1,7,-1,69389,M,"45,7880700","4,8089100",69
202000044198,20,6,26,02:35,5,2,1,1,6,69385,M,"45,7563600","4,8247300",69
202000044199,20,6,20,14:00,1,2,1,1,5,97113,A,"16,2417400"," -61,4849600",971
202000044200,20,6,26,02:25,3,2,6,1,6,2A004,M,"41,9086200","8,7019400",2A
202000044201,20,3,7,12:06,1,2,3,1,2,87085,M,"45,8350900","1,2266900",87
202000044202,20,6,26,16:40,1,2,1,9,7,91549,M,"48,6373250","2,3317870",91
202000044203,20,3,7,18:10,1,2,1,1,3,85194,M,"46,5036600"," -1,7423600",85
202000044204,20,6,26,23:50,5,2,2,1,6,91377,M,"48,7246300","2,2681800",91
202000044205,20,3,1,02:10,3,2,1,2,6,84087,M,"44,1453300","4,8383900",84
202000044206,20,6,26,17:50,1,2,1,1,2,91657,M,"48,6955200","2,4320520",91
202000044207,20,3,8,05:10,5,2,1,1,7,84007,M,"43,9306900","4,8253400",84
202000044208,20,6,26,14:25,1,2,2,1,-1,91514,M,"48,6715800","2,5336100",91
202000044209,20,6,25,18:00,1,2,1,1,6,87065,M,"45,8123200","1,3227500",87
202000044210,20,3,3,12:00,1,2,1,1,-1,83137,M,"43,1298000","5,8818000",83
202000044211,20,3,7,19:10,5,2,1,1,7,83126,M,"43,1115100","5,8827600",83
202000044212,20,6,25,09:00,1,2,3,1,3,87085,M,"45,8355800","1,2618500",87
202000044213,20,3,9,14:35,1,2,1,1,3,83034,M,"43,0903500","6,0769800",83
202000044214,20,6,24,07:30,1,2,6,1,3,86066,M,"46,8210600","0,5475900",86
202000044215,20,3,6,17:40,1,2,1,1,3,80021,M,"49,9066900","2,3183800",80
202000044216,20,1,11,09:10,1,2,6,1,3,30011,M,"43,9584500","4,7675100",30
202000044217,20,3,6,02:15,3,1,1,2,7,80164,M,"49,9072500","2,3688700",80
202000044218,20,6,25,17:00,1,1,9,1,2,83069,M,"43,1070900","6,1776900",83
202000044219,20,3,5,19:30,5,2,1,3,6,80021,M,"49,8901100","2,2770100",80
202000044220,20,6,25,09:30,1,2,1,1,3,83069,M,"43,1146300","6,1232400",83
202000044221,20,6,26,12:30,1,2,6,1,3,82121,M,"44,0115800","1,3724600",82
202000044222,20,3,8,03:25,5,2,4,1,3,78643,M,"48,9780000","1,9959100",78
202000044223,20,6,26,18:30,1,2,1,1,3,78481,M,"48,8999900","2,1137000",78
202000044224,20,3,9,09:35,1,2,1,1,2,77186,M,"48,4004000","2,6956000",77
202000044225,20,3,9,19:45,5,2,6,1,6,77131,M,"48,8136458","3,0868478",77
202000044226,20,6,25,01:00,3,2,3,1,2,78362,M,"48,9775290","1,7225850",78
202000044227,20,3,8,18:15,2,1,9,3,4,77042,M,"48,8167400","3,1158200",77
202000044228,20,3,8,13:00,1,1,1,2,2,76540,M,"49,4520100","1,0557600",76
202000044229,20,3,6,23:45,5,2,2,1,3,76474,M,"49,4892230","1,0492080",76
202000044230,20,3,6,14:00,1,2,2,1,7,76540,M,"49,4434700","1,0849200",76
202000044231,20,3,8,18:19,2,2,1,1,5,76351,M,"49,4902300","0,1269300",76
202000044232,20,3,9,17:10,1,2,1,1,3,69256,M,"45,7656000","4,9251800",69
202000044233,20,3,6,14:05,1,2,1,2,1,67482,M,"48,5836490","7,7034880",67
202000044234,20,3,6,19:00,2,2,1,1,3,66136,M,"42,6916000","2,8827900",66
202000044235,20,3,7,17:05,1,2,1,1,6,64122,M,"43,4594710"," -1,5412600",64
202000044236,20,6,25,13:05,1,2,3,1,3,77085,M,"48,8592000","2,7422720",77
202000044237,20,3,9,11:30,1,2,1,8,7,64102,M,"43,5051600"," -1,4461600",64
202000044238,20,3,8,06:45,3,2,1,1,7,64102,M,"43,4884660"," -1,4910390",64
202000044239,20,6,25,13:40,1,2,1,1,-1,77111,M,"48,8550900","2,7712100",77
202000044240,20,3,9,21:25,5,2,1,3,6,62193,M,"50,9534390","1,8514160",62
202000044241,20,6,23,13:38,1,2,2,1,7,76540,M,"49,4398900","1,0696000",76
202000044242,20,6,25,17:50,1,1,1,1,6,74012,M,"46,1930254","6,2266130",74
202000044243,20,2,20,16:55,1,2,2,2,3,61497,M,"48,4651000","0,1108200",61
202000044244,20,2,20,19:40,2,2,6,1,3,59009,M,"50,6155500","3,1290800",59
202000044245,20,6,25,16:25,1,2,9,1,4,74305,M,"46,2055621","6,2635106",74
202000044246,20,1,30,08:30,1,2,1,8,6,59350,M,"50,6350620","3,1098860",59
202000044247,20,6,26,15:05,1,2,1,1,7,71486,M,"46,6428043","4,3512498",71
202000044248,20,3,7,23:15,5,1,3,1,3,59375,M,"50,4271869","3,2626583",59
202000044249,20,6,23,21:30,1,2,1,1,6,71270,M,"46,3193678","4,8306906",71
202000044250,20,3,7,07:10,5,2,1,1,6,56098,M,"47,7640500"," -3,3451000",56
202000044251,20,6,26,17:20,1,2,3,1,3,69264,M,"45,9830500","4,7157200",69
202000044252,20,3,9,15:40,1,1,1,1,2,54431,M,"48,9175100","6,0746000",54
202000044253,20,6,25,16:05,1,1,1,1,3,69264,M,"45,9935100","4,7305300",69
202000044254,20,6,25,09:30,1,2,1,1,5,67482,M,"48,5621360","7,7487530",67
202000044255,20,3,5,07:54,1,2,2,2,3,54395,M,"48,6949325","6,1381394",54
202000044256,20,6,25,09:00,1,2,1,7,3,67482,M,"48,5883940","7,7701190",67
202000044257,20,6,25,08:45,1,2,3,1,3,67482,M,"48,5947358","7,7522889",67
202000044258,20,3,7,19:00,5,2,1,2,7,51454,M,"49,2608262","4,0487864",51
202000044259,20,6,25,00:20,5,2,1,1,3,67482,M,"48,5931340","7,7142080",67
202000044260,20,3,6,14:10,1,2,2,1,3,50129,M,"49,6361300"," -1,6137000",50
202000044261,20,6,24,10:20,1,2,2,1,3,67180,M,"48,8040180","7,7982430",67
202000044262,20,6,25,21:35,1,2,1,1,3,66136,M,"42,6878800","2,8984500",66
202000044263,20,6,25,20:45,5,2,2,2,3,64445,M,"43,3024000"," -0,3604400",64
202000044264,20,6,24,14:50,1,2,1,1,1,64125,M,"43,4290962"," -1,6008005",64
202000044265,20,6,13,22:40,2,2,3,1,2,62215,M,"50,4919700","2,9799200",62
202000044266,20,3,6,20:25,5,2,2,2,3,49328,M,"47,2563155"," -0,0781401",49
202000044267,20,3,8,18:05,1,2,1,1,3,49007,M,"47,4496565"," -0,5663176",49
202000044268,20,6,25,14:30,1,2,3,2,3,56098,M,"47,7591200"," -3,3493700",56
202000044269,20,3,9,12:40,1,2,1,1,2,45169,M,"47,9011800","1,8557900",45
202000044270,20,6,25,13:55,1,1,1,2,6,56036,M,"47,7922300"," -3,3069200",56
202000044271,20,6,25,10:45,1,2,1,1,7,56162,M,"47,7105700"," -3,4688500",56
202000044272,20,6,25,08:50,1,2,1,1,2,54395,M,"48,6970000","6,1585000",54
202000044273,20,3,7,18:35,1,2,2,1,-1,44184,M,"47,2841690"," -2,2218100",44
202000044274,20,6,26,17:03,1,2,2,1,7,51454,M,"49,2206572","4,0310724",51
202000044275,20,6,26,12:50,1,2,1,1,2,51454,M,"49,2439208","4,0273679",51
202000044276,20,3,9,17:34,1,2,3,1,1,43157,M,"45,0204100","3,8929500",43
202000044277,20,6,25,16:50,1,2,1,1,4,50173,M,"49,6605600"," -1,6771700",50
202000044278,20,3,8,18:50,5,2,1,1,6,42218,M,"45,4392613","4,3975238",42
202000044279,20,6,25,13:50,1,1,1,1,6,49328,M,"47,2433400"," -0,0567400",49
202000044280,20,3,6,21:20,5,1,1,1,7,38053,M,"45,6134370","5,2629500",38
202000044281,20,6,20,13:50,1,2,1,1,7,45208,M,"48,0044305","2,7227974",45
202000044282,20,3,9,23:20,5,2,1,3,2,37261,M,"47,3874948","0,6897712",37
202000044283,20,6,25,12:50,1,2,2,1,2,45004,M,"47,9800898","2,7330367",45
202000044284,20,3,9,18:25,1,2,1,2,2,35238,M,"48,0857000"," -1,6611300",35
202000044285,20,3,9,16:45,1,1,1,2,4,35206,M,"48,0797000"," -1,6844800",35
202000044286,20,6,25,11:20,1,2,1,1,5,42187,M,"46,0483455","4,0799055",42
202000044287,20,6,26,17:51,1,2,1,1,-1,37208,M,"47,3605783","0,7211493",37
202000044288,20,3,9,11:00,1,2,2,1,3,35238,M,"48,0837530"," -1,6744730",35
202000044289,20,6,26,01:55,5,2,1,1,7,37261,M,"47,3925559","0,7013271",37
202000044290,20,1,15,08:20,1,2,3,2,3,35238,M,"48,1237300"," -1,6655400",35
202000044291,20,3,8,02:35,5,2,1,1,1,34032,M,"43,3340500","3,2331000",34
202000044292,20,6,25,11:02,1,2,2,1,-1,37122,M,"47,3311970","0,6547959",37
202000044293,20,3,9,20:45,5,1,3,2,3,33281,M,"44,8321700"," -0,6742200",33
202000044294,20,2,25,11:02,1,2,2,1,-1,37122,M,"47,3311965","0,6547913",37
202000044295,20,3,3,22:30,3,2,1,1,6,33550,M,"44,7650800"," -0,5737100",33
202000044296,20,6,26,12:15,1,2,1,1,3,35353,M,"48,1031680"," -1,7354900",35
202000044297,20,2,20,17:40,1,2,3,1,3,33063,M,"44,8488500"," -0,5832300",33
202000044298,20,6,25,14:30,1,2,1,1,3,31555,M,"43,6235400","1,4270700",31
202000044299,20,6,26,15:35,1,2,1,1,3,30189,M,"43,8028800","4,3738500",30
202000044300,20,3,8,05:30,3,1,1,1,2,31555,M,"43,6029800","1,3997200",31
202000044301,20,6,15,16:15,1,2,1,1,3,28404,M,"48,7331000","1,3445000",28
202000044302,20,3,8,03:40,5,1,1,1,3,31555,M,"43,6479000","1,4220000",31
202000044303,20,6,23,16:25,1,2,6,1,3,21166,M,"47,2863700","5,0189700",21
202000044304,20,3,7,19:15,4,1,1,1,4,31555,M,"43,5676700","1,4817300",31
202000044305,20,3,6,23:20,3,1,1,1,2,31069,M,"43,6312400","1,3815300",31
202000044306,20,3,8,14:49,1,1,1,1,2,30189,M,"43,8568400","4,3242800",30
202000044307,20,3,7,02:20,5,2,1,1,3,29019,M,"48,3848474"," -4,4830361",29
202000044308,20,3,9,08:00,2,2,2,4,6,25462,M,"46,9024000","6,3580000",25
202000044309,20,6,26,18:30,1,2,2,1,1,14118,M,"49,1805700"," -0,3559400",14
202000044310,20,3,5,13:00,1,2,9,2,7,22113,M,"48,7239700"," -3,4312200",22
202000044311,20,3,8,07:50,1,1,1,1,1,13077,M,"43,4165000","5,0016400",13
202000044312,20,3,9,18:40,2,2,2,1,-1,13206,M,"43,2883441","5,3927520",13
202000044313,20,6,22,07:15,1,2,1,1,5,14167,M,"49,1936000"," -0,2981200",14
202000044314,20,3,9,17:30,1,2,3,1,2,13212,M,"43,3006200","5,4500470",13
202000044315,20,3,9,07:00,2,2,1,1,3,13215,M,"43,3440000","5,3594000",13
202000044316,20,6,26,18:50,1,2,1,1,5,13207,M,"43,2764100","5,3583520",13
202000044317,20,6,26,16:15,1,2,3,1,3,13202,M,"43,3024120","5,3697520",13
202000044318,20,3,8,02:49,5,2,1,1,3,10387,M,"48,2943700","4,0460000",10
202000044319,20,6,26,11:40,1,2,3,1,3,13215,M,"43,3471000","5,3684600",13
202000044320,20,6,26,11:15,1,2,1,1,5,13215,M,"43,3671810","5,3437090",13
202000044321,20,2,23,16:31,1,2,1,1,3,10362,M,"48,2968000","4,0022000",10
202000044322,20,6,25,15:00,1,2,1,1,2,11262,M,"43,1873600","3,0033700",11
202000044323,20,6,25,12:40,1,2,1,1,7,11069,M,"43,2068792","2,3117851",11
202000044324,20,6,26,23:37,5,2,1,1,-1,10387,M,"48,3041000","4,0713900",10
202000044325,20,6,18,19:30,1,1,1,1,2,09225,M,"43,1160000","1,6305000",09
202000044326,20,3,8,15:30,1,1,1,1,7,07281,M,"44,9287300","4,7950400",07
202000044327,20,6,26,22:58,5,2,9,1,3,06083,M,"43,7698000","7,4925790",06
202000044328,20,6,25,15:00,1,2,1,1,3,06029,M,"43,5662800","6,9688800",06
202000044329,20,3,9,00:20,5,2,1,1,2,75116,M,"48,8514840","2,2520490",75
202000044330,20,6,25,21:35,2,2,1,1,6,75113,M,"48,8167830","2,3558550",75
202000044331,20,3,7,12:45,1,2,1,1,5,75113,M,"48,8253570","2,3853880",75
202000044332,20,6,25,17:40,1,2,1,1,3,75114,M,"48,8202740","2,3243970",75
202000044333,20,3,8,17:39,1,2,3,2,6,75111,M,"48,8682600","2,3813820",75
202000044334,20,6,25,15:40,1,2,1,1,2,75117,M,"48,8834250","2,2841720",75
202000044335,20,3,7,23:50,5,2,3,1,3,75119,M,"48,8884800","2,3919360",75
202000044336,20,6,25,08:25,1,2,1,1,2,75119,M,"48,9005030","2,3848180",75
202000044337,20,3,7,06:36,2,2,2,1,3,75114,M,"48,8318170","2,3141380",75
202000044338,20,3,9,12:20,1,2,3,1,3,75120,M,"48,8646240","2,4056440",75
202000044339,20,3,9,15:50,1,2,4,1,6,75116,M,"48,8660850","2,2966180",75
202000044340,20,3,7,12:45,1,2,7,1,3,75116,M,"48,8481200","2,2586720",75
202000044341,20,3,9,13:30,1,2,3,1,6,75113,M,"48,8201240","2,3646420",75
202000044342,20,8,27,18:00,1,2,1,1,3,06027,M,"43,6536400","7,1477800",06
202000044343,20,3,9,13:36,1,2,1,1,3,75108,M,"48,8742630","2,3203200",75
202000044344,20,6,26,18:30,1,2,3,1,2,75119,M,"48,8960600","2,3840840",75
202000044345,20,8,27,08:50,1,2,3,1,2,06027,M,"43,6600600","7,1378600",06
202000044346,20,6,26,10:30,1,2,2,2,3,75118,M,"48,8924040","2,3450000",75
202000044347,20,8,27,01:05,5,2,3,1,3,75119,M,"48,8951310","2,3827530",75
202000044348,20,8,27,15:20,1,2,2,1,3,75118,M,"48,8977260","2,3290230",75
202000044349,20,6,26,09:30,1,2,4,1,3,75118,M,"48,8842180","2,3494800",75
202000044350,20,6,26,07:00,1,2,4,1,3,75118,M,"48,8953740","2,3466270",75
202000044351,20,8,27,13:15,1,2,3,1,6,75115,M,"48,8339260","2,2951370",75
202000044352,20,6,26,02:45,5,2,7,1,6,75118,M,"48,8958350","2,3458000",75
202000044353,20,8,26,22:20,5,2,1,1,2,75113,M,"48,8267460","2,3848410",75
202000044354,20,6,25,14:15,1,2,3,1,7,75117,M,"48,8768880","2,2852680",75
202000044355,20,8,26,22:20,5,2,3,1,3,75113,M,"48,8233930","2,3750250",75
202000044356,20,6,25,23:32,5,2,3,1,3,75116,M,"48,8688460","2,2735250",75
202000044357,20,8,27,20:00,2,2,1,2,3,75111,M,"48,8511670","2,3941950",75
202000044358,20,6,22,13:30,1,2,2,1,3,75116,M,"48,8639280","2,2904990",75
202000044359,20,8,27,16:13,1,2,1,1,3,75110,M,"48,8714190","2,3656060",75
202000044360,20,6,26,06:00,2,2,1,1,7,75115,M,"48,8379940","2,2716500",75
202000044361,20,6,24,17:00,1,2,1,1,6,75115,M,"48,8422840","2,2779970",75
202000044362,20,6,25,00:00,5,2,4,7,6,75112,M,"48,8498110","2,3706090",75
202000044363,20,8,26,23:35,5,2,2,1,3,75109,M,"48,8723730","2,3374310",75
202000044364,20,6,26,18:25,1,2,3,1,6,75110,M,"48,8759400","2,3594100",75
202000044365,20,6,26,09:30,1,2,7,1,5,75108,M,"48,8738530","2,2959230",75
202000044366,20,8,27,09:30,1,2,1,1,3,75108,M,"48,8680570","2,3173670",75
202000044367,20,6,26,20:23,1,2,1,1,7,75104,M,"48,8531320","2,3603190",75
202000044368,20,8,27,08:35,1,2,2,1,6,75108,M,"48,8731290","2,2970650",75
202000044369,20,6,26,12:20,1,2,3,1,3,75101,M,"48,8629130","2,3506900",75
202000044370,20,8,27,00:05,5,2,1,1,6,75107,M,"48,8608270","2,3219380",75
202000044371,20,6,26,09:30,1,2,2,1,6,75102,M,"48,8673070","2,3346260",75
202000044372,20,8,27,12:15,1,2,3,1,3,94068,M,"48,7865588","2,5127883",94
202000044373,20,6,26,12:10,1,2,1,1,3,94046,M,"48,8098000","2,4510000",94
202000044374,20,8,27,07:54,1,2,1,1,3,94017,M,"48,8177320","2,5116820",94
202000044375,20,6,26,09:05,1,2,9,2,3,94003,M,"48,8107000","2,3267800",94