Num_Acc,an,mois,jour,hrmn,lum,agg,int,atm,col,com,gps,lat,long,dep
202000044376,20,6,25,09:30,1,2,1,1,2,94041,M,"48,8069798","2,3998110",94
202000044377,20,6,26,15:20,1,2,3,1,3,94033,M,"48,8481060","2,4594020",94
202000044378,20,8,27,21:30,4,2,3,2,3,94003,M,"48,8039000","2,3424300",94
202000044379,20,6,26,08:20,1,2,1,1,7,94011,M,"48,7824700","2,4961100",94
202000044380,20,8,27,18:20,1,2,9,1,5,94076,M,"48,7820200","2,3672400",94
202000044381,20,8,27,21:20,5,2,1,2,3,94041,M,"48,8174900","2,3968270",94
202000044382,20,6,25,17:05,1,2,2,1,-1,94046,M,"48,8133300","2,4498100",94
202000044383,20,8,26,21:10,5,2,1,1,2,94073,M,"48,7544300","2,3753100",94
202000044384,20,6,26,23:10,5,2,1,1,2,93066,M,"48,9294000","2,3564400",93
202000044385,20,6,25,22:05,3,2,2,2,1,93053,M,"48,9022304","2,4621534",93
202000044386,20,8,27,08:53,1,2,3,1,3,94022,M,"48,7566900","2,4045300",94
202000044387,20,6,26,19:10,1,2,1,3,3,93079,M,"48,9641800","2,3475200",93
202000044388,20,8,27,20:48,2,2,3,2,4,94075,M,"48,7272776","2,5309583",94
202000044389,20,6,26,12:25,1,2,2,1,1,93001,M,"48,9232400","2,3701500",93
202000044390,20,8,27,17:00,1,2,2,8,3,93066,M,"48,9451800","2,3812900",93
202000044391,20,6,25,16:45,1,2,9,1,3,92035,M,"48,9072890","2,2556260",92
202000044392,20,8,27,20:00,1,2,1,2,6,93077,M,"48,8834851","2,5114810",93
202000044393,20,6,24,22:10,5,2,9,1,3,92077,M,"48,8263410","2,1915400",92
202000044394,20,8,27,14:55,1,2,1,1,3,93027,M,"48,9200300","2,4099300",93
202000044395,20,8,27,19:05,1,2,2,1,3,93010,M,"48,9057177","2,4802802",93
202000044396,20,8,27,13:15,1,2,1,1,6,93007,M,"48,9440100","2,4463700",93
202000044397,20,8,27,16:10,1,2,1,1,3,93001,M,"48,9120500","2,3732200",93
202000044398,20,8,27,17:45,1,2,1,1,6,92072,M,"48,8258536","2,2175699",92
202000044399,20,8,26,19:00,1,2,3,1,3,92049,M,"48,8199020","2,3109200",92
202000044400,20,6,25,16:43,1,2,5,1,3,92050,M,"48,8914781","2,1774615",92
202000044401,20,8,27,07:15,1,2,4,1,3,92026,M,"48,9001575","2,2656751",92
202000044402,20,8,27,17:30,1,2,2,1,5,92024,M,"48,8988700","2,3099200",92
202000044403,20,8,27,15:00,1,2,1,1,3,92023,M,"48,7899606","2,2537757",92
202000044404,20,8,27,20:30,5,2,2,2,6,92007,M,"48,7960000","2,2923000",92
202000044405,20,6,26,22:00,3,2,1,1,7,92020,M,"48,7994800","2,2863410",92
202000044406,20,8,28,20:35,3,2,1,1,6,97415,R," -21,0977360","55,2882320",974
202000044407,20,6,26,17:30,1,2,9,1,7,92048,M,"48,8088672","2,2435591",92
202000044408,20,8,27,17:30,1,2,1,1,1,07167,M,"44,8065830","4,6108890",07
202000044409,20,6,25,20:25,1,2,2,1,1,92036,M,"48,9211940","2,3250280",92
202000044410,20,6,26,18:41,1,2,1,3,2,92025,M,"48,9230320","2,2563360",92
202000044411,20,8,28,20:30,3,2,1,3,6,34225,M,"43,3665840","3,0504010",34
202000044412,20,6,25,21:10,1,2,1,1,2,92009,M,"48,9129880","2,2709332",92
202000044413,20,6,26,19:45,1,2,2,1,3,60286,M,"49,6687110","1,9344360",60
202000044414,20,6,27,04:15,3,1,1,1,7,14162,M,"48,8870257"," -0,5019853",14
202000044415,20,8,27,15:00,1,1,1,1,4,66136,M,"42,7348780","2,8834820",66
202000044416,20,8,27,16:30,1,1,1,1,1,2A254,M,"41,7712576","9,1634164",2A
202000044417,20,6,26,16:55,1,1,1,1,3,43043,M,"45,1575751","3,7586010",43
202000044418,20,8,27,12:42,1,2,2,1,3,06161,M,"43,6251750","7,1316770",06
202000044419,20,6,27,07:40,1,1,1,1,2,21614,M,"47,4315878","5,1678640",21
202000044420,20,8,28,17:00,1,1,1,2,1,42166,M,"45,9799128","4,0716692",42
202000044421,20,6,26,07:15,1,1,1,1,3,74272,M,"45,9429140","6,0601990",74
202000044422,20,8,28,02:10,5,2,1,1,6,31418,M,"43,6236950","1,5266720",31
202000044423,20,6,23,07:15,1,2,1,1,3,83019,M,"43,1494170","6,2981310",83
202000044424,20,8,28,07:10,1,1,1,3,7,58088,M,"47,0187850","3,1960239",58
202000044425,20,6,27,10:40,1,2,1,1,1,74071,M,"46,0274630","5,8897130",74
202000044426,20,6,27,01:30,4,2,3,1,3,74278,M,"46,0884544","6,5394777",74
202000044427,20,6,26,21:50,1,1,2,1,3,76531,M,"49,6710720","0,7183810",76
202000044428,20,6,27,02:00,3,1,1,1,7,79188,M,"46,6901120"," -0,6203840",79
202000044429,20,6,24,16:55,1,1,1,7,6,71565,M,"46,6223390","4,0679120",71
202000044430,20,8,27,19:10,1,2,1,1,3,74256,M,"45,9469200","6,6298740",74
202000044431,20,6,2,21:20,2,1,1,1,3,49214,M,"47,5512140"," -0,6041880",49
202000044432,20,8,16,07:55,1,2,1,1,6,74242,M,"45,8323170","6,1729160",74
202000044433,20,6,25,18:55,1,1,1,1,1,49248,M,"47,7009820"," -1,1798290",49
202000044434,20,8,27,16:15,1,1,1,1,1,76035,M,"49,7672680","1,7627910",76
202000044435,20,6,26,20:30,1,1,2,1,3,22046,M,"48,3499820"," -2,4958220",22
202000044436,20,6,27,04:15,3,1,1,3,7,44067,M,"47,6453150"," -1,8757760",44
202000044437,20,8,28,08:49,1,1,1,1,2,2B346,M,"42,5052540","9,4720280",2B
202000044438,20,8,26,17:25,1,1,4,1,3,63271,M,"45,9382320","3,5173520",63
202000044439,20,6,26,16:00,1,1,3,1,3,29033,M,"48,2661306"," -3,9088088",29
202000044440,20,6,26,16:15,1,1,1,1,7,02506,M,"49,2856670","3,1654360",02
202000044441,20,8,27,05:10,3,1,1,1,6,42219,M,"45,7381850","4,0875470",42
202000044442,20,6,27,09:40,1,2,1,1,6,03118,M,"46,0920806","3,1983857",03
202000044443,20,8,27,22:25,3,2,1,1,6,34268,M,"43,7146970","3,4238930",34
202000044444,20,6,26,22:20,3,1,1,1,6,01296,M,"46,3631218","5,2845559",01
202000044445,20,8,27,23:10,3,1,1,1,6,34139,M,"43,4081500","3,2291650",34
202000044446,20,6,27,13:45,1,1,1,1,7,04154,M,"44,5040200","6,3497970",04
202000044447,20,6,27,07:30,1,2,1,1,7,16223,M,"45,6683000","0,4998800",16
202000044448,20,8,24,18:50,1,2,1,1,7,22251,M,"48,5626630"," -2,8196120",22
202000044449,20,6,27,04:30,3,1,1,1,6,16379,M,"45,7952550","0,3980200",16
202000044450,20,6,26,18:30,1,2,1,1,6,07149,M,"44,8172430","4,4087250",07
202000044451,20,8,27,17:15,1,1,4,1,3,39339,M,"46,3554510","5,7698660",39
202000044452,20,8,27,12:40,1,2,1,3,7,29195,M,"48,6048650"," -4,5160730",29
202000044453,20,6,26,17:05,1,2,1,1,6,21154,M,"47,8691890","4,5718140",21
202000044454,20,8,27,03:30,3,2,1,1,6,31391,M,"43,1098580","0,9428450",31
202000044455,20,8,27,23:05,3,2,1,1,6,70451,M,"47,7003100","6,5960140",70
202000044456,20,6,26,07:10,1,1,2,1,3,24159,M,"45,1324670","0,2753450",24
202000044457,20,6,26,19:55,1,2,1,1,3,37213,M,"47,6115313","0,4732034",37
202000044458,20,8,20,19:25,1,1,1,1,6,26115,M,"44,6929170","5,0055580",26
202000044459,20,6,25,14:30,1,1,9,1,-1,30182,M,"43,8549930","4,1821430",30
202000044460,20,8,28,16:25,1,1,1,2,-1,14177,M,"49,2065230","0,2158640",14
202000044461,20,6,24,13:10,1,1,1,1,7,24054,M,"44,7562950","0,5363670",24
202000044462,20,8,25,15:00,1,1,3,1,3,05045,M,"44,5377830","6,4741310",05
202000044463,20,6,27,13:30,1,2,1,1,6,42256,M,"45,4978610","4,1647570",42
202000044464,20,8,28,17:10,1,1,2,3,3,50389,M,"49,0127730"," -1,3615110",50
202000044465,20,6,26,15:15,1,1,1,1,3,11322,M,"43,0370110","2,9523180",11
202000044466,20,8,17,18:30,1,2,3,1,3,50615,M,"49,5015820"," -1,4519870",50
202000044467,20,6,25,05:30,2,1,1,1,7,98723,P," -9,7991450"," -139,0275190",987
202000044468,20,6,26,20:35,3,1,1,1,6,97415,R," -21,0755100","55,2310820",974
202000044469,20,6,25,17:19,1,2,6,1,3,97420,R," -20,9271450","55,6318180",974
202000044470,20,6,26,19:15,3,1,1,1,6,97408,R," -20,9120390","55,3519540",974
202000044471,20,6,27,01:10,3,1,1,2,1,77029,M,"48,6484437","2,8572161",77
202000044472,20,8,27,16:45,1,1,1,1,6,83002,M,"43,7426390","6,2446980",83
202000044473,20,6,27,11:30,1,2,1,1,6,95199,M,"49,0299718","2,3255936",95
202000044474,20,8,28,17:00,1,1,1,1,7,60386,M,"49,5095500","2,7390290",60
202000044475,20,6,24,11:45,1,2,1,1,7,67210,M,"48,4037580","7,3280150",67
202000044476,20,8,28,13:16,1,1,1,2,7,64538,M,"43,1462510"," -1,2561740",64
202000044477,20,6,27,15:00,1,1,1,1,6,38548,M,"45,0683150","5,5351350",38
202000044478,20,8,28,11:40,1,1,1,2,7,73010,M,"45,7316590","5,9559360",73
202000044479,20,6,26,17:55,1,2,6,1,3,69028,M,"45,7212071","4,7037577",69
202000044480,20,8,5,12:30,1,1,1,7,1,43011,M,"45,1229520","3,4484520",43
202000044481,20,6,19,12:40,1,1,1,1,7,69050,M,"45,8513720","4,6465300",69
202000044482,20,8,16,02:30,3,1,1,1,6,21461,M,"46,9512000","4,6091510",21
202000044483,20,6,26,17:29,1,2,1,1,1,16232,M,"45,7029050","0,2717930",16
202000044484,20,8,28,05:30,3,1,3,2,6,85234,M,"46,8125250"," -2,1153140",85
202000044485,20,6,27,11:58,1,1,3,1,3,33551,M,"45,0904140"," -0,6392240",33
202000044486,20,8,27,20:15,1,1,9,1,3,30147,M,"44,0197460","4,0551460",30
202000044487,20,6,26,14:15,1,2,1,1,3,72154,M,"47,7010980"," -0,0887170",72
202000044488,20,8,27,18:00,1,2,1,1,2,08363,M,"49,9400400","4,6367910",08
202000044489,20,5,29,21:15,1,2,1,1,6,27602,M,"49,0161300","1,0888990",27
202000044490,20,8,22,15:00,1,1,6,1,2,78356,M,"48,7475870","2,0254760",78
202000044491,20,6,26,13:50,1,1,1,1,7,13215,M,"43,3296900","5,3556800",13
202000044492,20,8,28,07:15,1,1,1,1,5,97307,G,"4,8188570"," -52,3461740",973
202000044493,20,5,22,15:50,1,1,1,1,3,13071,M,"43,4033700","5,3443800",13
202000044494,20,6,25,15:30,1,1,1,1,2,13071,M,"43,4104700","5,2844600",13
202000044495,20,7,28,10:55,1,2,2,1,3,74010,M,"45,8768220","6,0895910",74
202000044496,20,6,24,18:45,1,1,1,1,4,13005,M,"43,2840500","5,5913000",13
202000044497,20,8,27,18:45,1,1,1,1,2,33199,M,"44,6154310"," -1,0988800",33
202000044498,20,6,25,17:31,1,1,1,1,4,83137,M,"43,1250600","5,9062500",83
202000044499,20,6,26,18:52,1,1,1,1,5,33063,M,"44,8804700"," -0,5399400",33
202000044500,20,6,26,09:55,1,1,1,1,2,33192,M,"44,7806200"," -0,6383000",33
202000044501,20,6,26,11:55,1,1,1,1,4,91434,M,"48,6681000","2,3548000",91
202000044502,20,6,26,06:30,1,1,1,1,6,91617,M,"48,6441800","2,5375400",91
202000044503,20,8,28,00:30,3,1,1,1,-1,64335,M,"43,3440310"," -0,3977390",64
202000044504,20,6,25,21:20,2,1,1,2,6,92019,M,"48,7628300","2,2479400",92
202000044505,20,6,26,18:05,1,1,1,1,3,92036,M,"48,9349592","2,2831025",92
202000044506,20,8,27,14:20,1,1,1,1,3,97602,Y," -12,7252470","45,1231460",976
202000044507,20,6,26,01:30,3,1,1,1,6,92047,M,"48,8336506","2,1627274",92
202000044508,20,8,28,10:30,1,1,1,1,7,49068,M,"47,4308080"," -0,8791140",49
202000044509,20,6,25,23:40,5,1,1,1,2,94033,M,"48,8554000","2,4893000",94
202000044510,20,8,28,10:10,1,1,1,1,2,77339,M,"48,3865930","2,5570090",77
202000044511,20,1,13,20:00,5,2,9,1,2,92036,M,"48,9157500","2,2958800",92
202000044512,20,6,24,16:00,1,2,3,1,3,97411,R," -20,8961024","55,4920758",974
202000044513,20,8,17,16:01,1,1,1,3,2,77407,M,"48,5231830","2,5036280",77
202000044514,20,6,25,12:03,1,2,1,2,3,97302,G,"4,9173079"," -52,3214436",973
202000044515,20,6,25,12:28,1,2,1,1,2,69388,M,"45,7287700","4,8769000",69
202000044516,20,8,27,10:30,1,2,7,1,6,33005,M,"44,7425670"," -1,0967800",33
202000044517,20,8,28,02:30,5,2,1,1,6,84092,M,"43,9764870","4,8634470",84
202000044518,20,6,24,19:45,1,2,2,1,3,69386,M,"45,7701600","4,8595800",69
202000044519,20,8,28,06:15,3,1,1,1,3,83029,M,"43,6064680","6,7506800",83
202000044520,20,6,25,03:40,5,2,1,1,3,69381,M,"45,7666000","4,8303000",69
202000044521,20,6,24,07:00,1,2,2,1,6,69149,M,"45,7158284","4,8190175",69
202000044522,20,8,23,18:30,1,1,1,1,2,06058,M,"43,7308380","6,7950040",06
202000044523,20,6,25,18:10,1,2,1,1,6,91570,M,"48,6347040","2,3215680",91
202000044524,20,2,5,12:50,1,2,1,1,7,30179,M,"43,8736590","4,6032070",30
202000044525,20,8,28,15:00,1,2,1,1,6,04143,M,"43,9086180","5,9051080",04
202000044526,20,2,6,15:00,1,1,9,1,6,08076,M,"49,6977290","4,6981350",08
202000044527,20,6,25,23:00,5,2,9,8,3,91027,M,"48,7087800","2,3714600",91
202000044528,20,6,25,08:27,1,2,1,1,3,87085,M,"45,8542800","1,2458600",87
202000044529,20,2,7,01:05,5,2,1,1,6,08125,M,"49,8115600","4,6116560",08
202000044530,20,8,27,07:00,2,2,2,1,5,89257,M,"47,9711420","3,5400710",89
202000044531,20,6,25,07:22,1,2,1,1,3,87085,M,"45,8542800","1,2458600",87
202000044532,20,2,7,08:30,1,2,1,1,6,88358,M,"48,1077430","6,5685540",88
202000044533,20,8,26,14:30,1,1,1,1,1,21714,M,"47,1530150","4,9641360",21
202000044534,20,2,7,12:10,1,2,1,1,-1,88225,M,"48,0906530","6,4710010",88
202000044535,20,6,24,16:09,1,2,2,1,3,87113,M,"45,8652200","1,3239500",87
202000044536,20,8,27,15:55,1,1,1,1,2,21295,M,"47,2206015","4,9763309",21
202000044537,20,2,7,05:44,3,1,1,1,2,74208,M,"45,9128450","6,6898830",74
202000044538,20,8,24,15:00,1,2,1,1,3,08081,M,"49,8612020","4,7611620",08
202000044539,20,6,24,18:30,1,2,6,1,3,86158,M,"46,6166040","0,3138500",86
202000044540,20,2,7,00:15,3,1,6,1,6,33199,M,"44,6159200"," -1,1020870",33
202000044541,20,8,27,18:30,1,2,1,1,6,67404,M,"48,9025020","7,9537690",67
202000044542,20,6,10,13:30,1,2,9,1,7,83137,M,"43,1368200","5,9212600",83
202000044543,20,2,6,18:00,2,1,1,1,7,66190,M,"42,8235950","2,9251890",66
202000044544,20,1,28,12:50,1,1,1,1,6,57342,M,"48,6403320","6,9045000",57
202000044545,20,6,24,10:10,1,2,1,1,6,83050,M,"43,5367310","6,4638950",83
202000044546,20,2,6,07:30,2,2,9,7,6,91085,M,"48,5647550","2,2133910",91
202000044547,20,6,25,16:00,1,2,1,1,1,81021,M,"43,5077800","2,3590700",81
202000044548,20,6,24,09:50,1,2,1,1,2,80021,M,"49,8953100","2,3065300",80
202000044549,20,2,7,14:40,1,2,1,1,3,97311,G,"5,4926000"," -54,0312520",973
202000044550,20,8,25,13:08,1,2,3,1,1,67046,M,"48,7674508","7,8600098",67
202000044551,20,2,7,08:00,2,2,1,1,6,37072,M,"47,1719782","0,2584641",37
202000044552,20,6,24,17:30,1,2,4,1,3,80021,M,"49,9170700","2,2573400",80
202000044553,20,2,5,15:40,1,2,1,1,7,83099,M,"43,4536630","6,6930180",83
202000044554,20,6,23,08:40,1,2,1,1,6,80021,M,"49,9052800","2,2870100",80
202000044555,20,8,27,14:00,1,2,1,1,6,57444,M,"49,1114990","6,5384640",57
202000044556,20,2,7,07:15,2,2,1,1,6,68226,M,"48,0399720","7,1350840",68
202000044557,20,8,28,01:00,3,1,1,1,3,73150,M,"45,5494457","6,6722595",73
202000044558,20,6,24,12:20,1,2,2,1,3,79191,M,"46,3221300"," -0,4757800",79
202000044559,20,2,1,09:30,1,2,1,1,6,69159,M,"45,9650076","4,6508216",69
202000044560,20,6,25,14:30,1,1,1,1,4,78440,M,"48,9923200","1,9405800",78
202000044561,20,2,5,19:45,3,1,1,1,3,81038,M,"43,8799440","1,9104070",81
202000044562,20,8,27,18:00,1,1,2,1,1,38464,M,"45,5521800","5,3971090",38
202000044563,20,8,27,21:20,3,2,1,1,2,38054,M,"45,7889650","5,4292630",38
202000044564,20,2,5,15:30,1,2,3,1,3,33056,M,"44,9071370"," -0,6358340",33
202000044565,20,6,24,18:50,1,2,1,1,6,76351,M,"49,4993000","0,1636000",76
202000044566,20,2,6,16:00,1,2,1,1,6,60439,M,"49,3197096","2,3098575",60
202000044567,20,6,25,13:35,1,2,2,1,3,73065,M,"45,5687100","5,9359100",73
202000044568,20,2,7,00:20,3,1,1,9,7,60628,M,"49,4238246","2,1458322",60
202000044569,20,8,27,16:02,1,1,1,1,1,40077,M,"43,5465140"," -1,0635520",40
202000044570,20,2,5,22:35,3,1,1,1,7,13005,M,"43,2877800","5,5451000",13
202000044571,20,2,4,22:50,3,1,1,1,6,13071,M,"43,4165600","5,2744629",13
202000044572,20,8,28,06:36,2,2,2,1,4,76434,M,"49,3865350","1,2709490",76
202000044573,20,2,5,16:20,1,1,1,1,3,67447,M,"48,6006455","7,7348026",67
202000044574,20,2,6,18:30,2,1,1,1,3,33013,M,"44,8453000"," -0,5020000",33
202000044575,20,8,27,06:30,2,2,1,1,7,59177,M,"50,1312480","3,8636870",59
202000044576,20,8,26,11:45,1,1,1,1,3,13215,M,"43,3280000","5,3576000",13
202000044577,20,2,6,08:50,1,1,1,1,5,33013,M,"44,8528000"," -0,5049400",33
202000044578,20,8,26,11:06,1,1,1,1,7,13001,M,"43,5114000","5,4196000",13
202000044579,20,2,6,16:23,1,1,1,1,4,91521,M,"48,6331000","2,4054000",91
202000044580,20,2,6,06:00,3,1,1,1,7,94038,M,"48,7786600","2,3466000",94
202000044581,20,2,5,19:35,3,1,1,1,3,91161,M,"48,7125200","2,3081000",91
202000044582,20,2,6,10:55,1,1,1,1,5,78571,M,"48,8664800","2,0349100",78
202000044583,20,2,6,08:35,1,1,1,1,-1,92048,M,"48,8016000","2,2151200",92
202000044584,20,2,6,13:20,1,1,1,1,3,94017,M,"48,8296743","2,4982711",94
202000044585,20,2,5,11:00,1,2,9,1,6,97416,R," -21,3409000","55,4726900",974
202000044586,20,2,5,16:30,1,1,1,1,3,97411,R," -20,9205250","55,4920940",974
202000044587,20,2,5,19:20,4,2,2,1,6,69387,M,"45,7489932","4,8564845",69
202000044588,20,8,26,05:50,2,1,1,1,2,13056,M,"43,4013000","5,0432000",13
202000044589,20,2,5,14:15,1,2,2,1,3,69386,M,"45,7726000","4,8430700",69
202000044590,20,8,26,19:40,1,1,1,1,4,13070,M,"43,2852430","5,5161170",13
202000044591,20,8,26,17:30,1,1,1,1,2,13005,M,"43,3026000","5,5682000",13
202000044592,20,2,5,14:25,1,2,2,1,5,69259,M,"45,7182356","4,8593614",69
202000044593,20,8,17,18:45,1,1,1,1,6,13081,M,"43,4938860","5,2395750",13
202000044594,20,8,26,23:30,5,1,1,1,5,33143,M,"44,9591700"," -0,4462800",33
202000044595,20,5,23,18:47,1,2,2,1,6,91174,M,"48,6156810","2,4752380",91
202000044596,20,8,27,19:40,1,1,1,1,2,94076,M,"48,7914000","2,3442000",94
202000044597,20,7,27,06:55,1,1,1,1,3,91286,M,"48,6532867","2,3809944",91
202000044598,20,5,23,19:00,1,1,3,7,3,86027,M,"46,5792022","0,2941317",86
202000044599,20,8,26,21:50,3,1,1,1,2,91570,M,"48,6253900","2,3200400",91
202000044600,20,2,5,07:55,1,2,1,1,6,69387,M,"45,7482100","4,8436700",69
202000044601,20,5,24,18:10,1,2,3,1,2,71040,M,"46,6865199","4,3905562",71
202000044602,20,8,27,12:30,2,1,1,1,2,78640,M,"48,7796270","2,2225470",78
202000044603,20,5,24,21:35,5,2,3,1,1,69266,M,"45,7570600","4,9020100",69
202000044604,20,2,5,06:40,5,2,2,1,3,69381,M,"45,7672572","4,8309418",69
202000044605,20,8,27,16:40,1,1,1,1,2,92036,M,"48,9435400","2,2873800",92
202000044606,20,5,24,16:30,1,2,1,1,5,69091,M,"45,5991573","4,7692053",69
202000044607,20,2,5,15:20,1,1,3,1,3,97101,A,"16,2370837"," -61,5015507",971
202000044608,20,8,26,20:30,3,1,1,1,5,95682,M,"49,0681400","2,3918900",95
202000044609,20,5,24,17:45,1,2,1,1,2,64102,M,"43,4966500"," -1,4825400",64
202000044610,20,2,4,13:05,1,2,2,1,3,91432,M,"48,7013910","2,3309820",91
202000044611,20,8,27,10:00,1,1,1,1,3,93030,M,"48,9396300","2,4201800",93
202000044612,20,2,5,08:12,1,2,1,1,3,91339,M,"48,6359900","2,2666500",91
202000044613,20,5,23,19:50,1,2,9,1,3,64024,M,"43,4987370"," -1,5427440",64
202000044614,20,8,27,10:35,1,1,1,1,2,60505,M,"49,1713700","2,5997600",60
202000044615,20,5,24,22:20,5,2,2,1,3,33281,M,"44,8288900"," -0,6645000",33
202000044616,20,2,3,15:32,1,2,6,1,3,87085,M,"45,8106300","1,2573000",87
202000044617,20,8,26,20:40,3,1,1,1,3,93048,M,"48,8646200","2,4820300",93
202000044618,20,2,4,13:40,1,2,6,1,3,85194,M,"46,5051400"," -1,7898500",85
202000044619,20,5,24,17:33,1,2,1,1,3,33249,M,"44,8697100"," -0,5313400",33
202000044620,20,2,4,10:45,1,2,1,1,1,80021,M,"49,8944400","2,3092600",80
202000044621,20,8,26,00:50,3,1,1,1,5,95154,M,"49,0380200","2,5419800",95
202000044622,20,5,24,18:10,1,2,1,1,2,29039,M,"47,8563701"," -3,9104132",29
202000044623,20,8,27,11:10,1,1,1,1,2,94018,M,"48,8232003","2,3958043",94
202000044624,20,5,23,17:15,1,2,3,8,6,25056,M,"47,2163100","6,0026200",25
202000044625,20,2,4,18:15,5,2,2,1,3,78646,M,"48,7941900","2,1234400",78
202000044626,20,5,23,11:50,1,1,1,1,3,13071,M,"43,4122100","5,3031000",13
202000044627,20,8,26,17:55,2,1,1,1,2,97416,R," -21,2988500","55,5066900",974
202000044628,20,5,24,15:20,1,2,1,1,3,13216,M,"43,3598710","5,3158460",13
202000044629,20,8,26,19:00,5,2,3,1,3,97416,R," -21,3429600","55,4815000",974
202000044630,20,2,4,08:00,1,2,3,8,3,74119,M,"46,3875500","6,5866500",74
202000044631,20,5,24,17:38,1,2,1,1,3,13207,M,"43,2819200","5,3511000",13
202000044632,20,8,26,10:10,1,2,6,1,7,97416,R," -21,3312800","55,4720800",974
202000044633,20,8,26,08:00,1,2,9,1,6,97416,R," -21,2989700","55,4555300",974
202000044634,20,5,23,19:45,1,2,1,1,2,13213,M,"43,3204118","5,4160417",13
202000044635,20,2,5,13:50,1,2,3,1,3,69266,M,"45,7616500","4,8820000",69
202000044636,20,8,26,19:00,2,2,1,1,3,97411,R," -20,8920800","55,4677700",974
202000044637,20,2,5,10:20,1,2,1,1,6,69266,M,"45,7535000","4,8959000",69
202000044638,20,5,24,00:01,5,2,3,1,3,13210,M,"43,2833240","5,4128760",13
202000044639,20,5,23,17:30,1,2,1,1,3,13209,M,"43,2458930","5,4172950",13
202000044640,20,8,26,12:10,1,2,4,1,3,97411,R," -20,9259471","55,4936814",974
202000044641,20,8,26,22:00,5,2,1,1,-1,69383,M,"45,7592268","4,8508939",69
202000044642,20,5,24,09:20,1,2,7,1,3,13005,M,"43,2839000","5,5935900",13
202000044643,20,2,4,18:00,5,2,2,1,5,69282,M,"45,7648000","5,0121000",69
202000044644,20,5,7,06:00,2,1,1,1,7,07008,M,"44,6991460","4,6370390",07
202000044645,20,8,26,18:56,1,2,1,1,3,69259,M,"45,7246700","4,8690500",69
202000044646,20,2,5,09:40,1,2,1,8,2,59599,M,"50,7217861","3,1638157",59
202000044647,20,5,24,18:10,1,2,1,1,3,06027,M,"43,6539510","7,1571770",06
202000044648,20,8,26,18:40,1,2,3,1,3,69383,M,"45,7578000","4,8481600",69
202000044649,20,5,24,20:50,2,2,1,1,7,75119,M,"48,9005910","2,3834590",75
202000044650,20,8,18,16:25,1,2,1,1,7,69276,M,"45,6676500","4,8591400",69
202000044651,20,1,31,08:00,2,2,6,2,3,58194,M,"46,9807000","3,1303000",58
202000044652,20,5,24,13:00,1,2,1,7,2,75116,M,"48,8498260","2,2683550",75
202000044653,20,8,26,14:00,1,2,1,1,2,69259,M,"45,7025700","4,8876980",69
202000044654,20,2,4,18:05,2,1,1,1,2,56083,M,"47,7891100"," -3,2892900",56
202000044655,20,5,24,00:11,5,2,3,1,3,75114,M,"48,8292990","2,3226760",75
202000044656,20,2,5,14:50,1,2,1,1,2,54395,M,"48,6929768","6,1992283",54
202000044657,20,8,26,15:00,1,1,9,1,5,97213,A,"14,6466000"," -60,9760000",972
202000044658,20,5,24,09:55,1,2,1,1,3,75112,M,"48,8468960","2,4128560",75
202000044659,20,8,26,16:20,1,1,4,1,7,97209,A,"14,6288400"," -61,0597500",972
202000044660,20,2,5,17:15,1,2,2,1,3,51454,M,"49,2683772","4,0352954",51
202000044661,20,5,23,20:30,2,2,4,1,3,75104,M,"48,8482710","2,3648790",75
202000044662,20,8,26,14:50,1,2,1,1,3,69389,M,"45,7760500","4,7996200",69
202000044663,20,5,23,22:30,4,2,1,1,2,75104,M,"48,8491600","2,3621760",75
202000044664,20,8,24,09:00,1,2,1,1,3,69382,M,"45,7400060","4,8230700",69
202000044665,20,1,29,12:25,1,2,7,1,3,50602,M,"49,6351700"," -1,5913700",50
202000044666,20,5,24,17:50,1,2,1,1,3,94058,M,"48,8469167","2,5107711",94
202000044667,20,8,26,11:50,1,2,6,1,2,2A004,M,"41,9478982","8,7645233",2A
202000044668,20,2,4,14:15,1,2,1,1,3,49007,M,"47,4634700"," -0,5479900",49
202000044669,20,5,24,11:00,1,2,1,1,3,94046,M,"48,8159000","2,4200000",94
202000044670,20,5,24,00:05,5,2,9,1,7,94022,M,"48,7753709","2,4176410",94
202000044671,20,2,5,17:17,1,2,2,1,6,45234,M,"47,8307980","1,9202550",45
202000044672,20,5,24,18:45,1,2,1,1,6,94017,M,"48,8217300","2,5105100",94
202000044673,20,2,5,08:00,1,2,1,1,3,45147,M,"47,9449310","1,9210000",45
202000044674,20,5,24,17:45,1,2,2,1,3,93064,M,"48,8765301","2,4759483",93
202000044675,20,2,5,08:30,1,1,3,1,3,45004,M,"48,0025980","2,7818890",45
202000044676,20,8,26,10:00,1,2,6,1,3,91377,M,"48,7210200","2,2725900",91
202000044677,20,8,26,10:20,1,2,1,1,6,91201,M,"48,6852400","2,4118000",91
202000044678,20,2,4,13:50,1,2,1,8,2,45208,M,"48,0007600","2,7296900",45
202000044679,20,8,26,07:40,1,2,2,7,7,91114,M,"48,7091400","2,5070200",91
202000044680,20,8,26,18:13,1,2,1,1,6,88413,M,"48,2816400","6,9604700",88
202000044681,20,2,5,18:00,1,2,1,1,-1,44109,M,"47,2168000"," -1,5546100",44
202000044682,20,8,25,15:40,1,2,1,1,3,86194,M,"46,5888900","0,3473200",86