Num_Acc,an,mois,jour,hrmn,lum,agg,int,atm,col,com,gps,lat,long,dep
202000044683,20,4,24,11:10,1,2,1,1,3,93010,M,"48,9046809","2,4750926",93
202000044684,20,8,26,07:35,1,2,1,7,2,83062,M,"43,1347900","6,0340000",83
202000044685,20,5,24,18:30,1,2,3,1,3,92078,M,"48,9378120","2,3243440",92
202000044686,20,2,5,22:00,5,2,4,1,3,38185,M,"45,1749800","5,7256300",38
202000044687,20,8,26,13:10,1,2,1,1,3,83034,M,"43,1030400","6,0711100",83
202000044688,20,5,24,19:30,1,2,2,7,1,92024,M,"48,9050342","2,3091987",92
202000044689,20,8,25,14:35,1,2,3,1,3,79191,M,"46,3241900"," -0,4677100",79
202000044690,20,8,26,18:39,1,2,1,1,6,78358,M,"48,9414100","2,1397700",78
202000044691,20,5,25,07:30,1,1,2,1,3,35149,M,"47,9677023"," -1,8680465",35
202000044692,20,5,23,13:15,1,1,1,3,7,38035,M,"45,5268800","5,0620400",38
202000044693,20,5,24,15:35,1,1,1,1,6,35231,M,"47,9127854"," -1,6820355",35
202000044694,20,8,25,16:35,1,2,3,1,3,76351,M,"49,5020500","0,1576000",76
202000044695,20,2,4,17:14,1,2,2,1,6,37261,M,"47,3949062","0,6755855",37
202000044696,20,5,24,16:45,1,1,1,1,7,41006,M,"47,8849670","1,4142220",41
202000044697,20,1,5,18:15,3,1,9,1,7,01262,M,"45,9268485","5,0317050",01
202000044698,20,1,2,20:00,3,1,1,1,1,17092,M,"45,3373500"," -0,4189190",17
202000044699,20,1,4,17:50,2,1,1,1,6,33322,M,"44,9412890"," -0,6959280",33
202000044700,20,8,26,15:30,1,1,5,1,3,76576,M,"49,5595900","0,4687900",76
202000044701,20,1,6,07:30,3,1,1,1,6,50416,M,"49,6426330"," -1,7310050",50
202000044702,20,5,24,17:25,1,1,1,1,7,83097,M,"43,5341450","5,7306150",83
202000044703,20,2,5,17:50,2,2,9,1,3,35238,M,"48,1280800"," -1,7030200",35
202000044704,20,8,22,19:15,1,2,2,1,3,69266,M,"45,7581600","4,8933000",69
202000044705,20,2,5,07:25,2,2,3,1,1,35238,M,"48,1015200"," -1,6725600",35
202000044706,20,8,25,08:45,1,2,1,1,6,67482,M,"48,5646720","7,7064910",67
202000044707,20,2,5,17:30,2,2,3,1,3,34172,M,"43,6127100","3,8709900",34
202000044708,20,2,5,11:15,1,2,1,1,6,34172,M,"43,6095179","3,8835210",34
202000044709,20,2,5,18:35,5,1,1,1,3,33013,M,"44,8678300"," -0,4927400",33
202000044710,20,8,26,15:40,1,2,6,1,2,64102,M,"43,4884500"," -1,4917000",64
202000044711,20,5,24,16:30,1,1,1,1,6,19252,M,"45,4140081","2,4751549",19
202000044712,20,1,30,06:40,5,2,4,2,2,33063,M,"44,8871300"," -0,5600400",33
202000044713,20,2,5,11:40,1,2,3,1,2,33550,M,"44,7789400"," -0,5557700",33
202000044714,20,8,26,11:55,1,2,1,1,2,64102,M,"43,4963400"," -1,4858200",64
202000044715,20,5,24,18:30,1,1,1,1,7,19083,M,"45,6537830","2,5122480",19
202000044716,20,1,5,18:45,5,2,1,2,6,59120,M,"50,7589218","2,6062354",59
202000044717,20,2,5,09:15,1,2,3,1,3,33075,M,"44,8763100"," -0,6076700",33
202000044718,20,8,26,11:05,1,2,1,1,3,59090,M,"50,7022300","3,0849700",59
202000044719,20,8,26,14:30,1,2,2,1,6,59350,M,"50,6181200","3,0736800",59
202000044720,20,8,26,12:33,1,2,3,1,6,59350,M,"50,6381116","3,0799023",59
202000044721,20,5,24,19:45,1,2,1,7,1,74311,M,"46,1420540","6,4049030",74
202000044722,20,8,25,21:25,1,2,2,1,3,56098,M,"47,7572700"," -3,3313200",56
202000044723,20,1,5,21:30,3,1,1,1,5,13071,M,"43,3962990","5,2988060",13
202000044724,20,1,5,17:30,1,1,1,1,2,33487,M,"44,9542700"," -0,4561400",33
202000044725,20,2,5,09:00,1,2,3,1,3,33167,M,"44,8426400"," -0,5099000",33
202000044726,20,1,5,06:45,3,1,1,1,7,91432,M,"48,6933700","2,3203500",91
202000044727,20,1,5,03:19,3,1,1,1,2,91377,M,"48,7288100","2,3054500",91
202000044728,20,8,21,23:00,5,2,1,1,2,54395,M,"48,6774400","6,2056200",54
202000044729,20,5,25,00:45,3,2,1,1,7,82112,M,"44,1012600","1,0727720",82
202000044730,20,1,5,03:45,3,1,1,1,2,78090,M,"48,9693370","1,9152780",78
202000044731,20,8,25,17:33,1,2,1,1,-1,54395,M,"48,6791067","6,1876604",54
202000044732,20,5,24,21:25,2,1,1,1,6,11351,M,"43,1065920","2,7154470",11
202000044733,20,1,4,16:10,1,2,3,1,3,97411,R," -20,8752642","55,4455017",974
202000044734,20,1,4,13:00,1,2,1,8,6,69388,M,"45,7400600","4,8593700",69
202000044735,20,1,4,19:30,5,2,1,3,6,97213,A,"14,6195000"," -61,0205000",972
202000044736,20,8,26,14:40,1,1,1,1,7,51454,M,"49,2401960","4,0782310",51
202000044737,20,2,4,19:00,5,2,1,1,3,33529,M,"44,6351700"," -1,1534900",33
202000044738,20,1,4,18:45,5,2,2,1,3,69389,M,"45,7777310","4,8015199",69
202000044739,20,8,21,18:15,1,2,1,1,6,49007,M,"47,4679700"," -0,5465400",49
202000044740,20,2,5,09:55,1,2,1,1,7,31555,M,"43,5491600","1,4202500",31
202000044741,20,5,25,14:50,1,2,1,1,7,11099,M,"43,2781340","2,4054610",11
202000044742,20,8,25,14:55,1,2,1,1,6,49007,M,"47,4715000"," -0,5518600",49
202000044743,20,1,4,14:50,1,2,3,1,3,69034,M,"45,8014654","4,8629069",69
202000044744,20,2,4,01:44,5,2,2,6,6,25388,M,"47,5016000","6,7884100",25
202000044745,20,1,31,10:35,1,2,1,1,2,22278,M,"48,5123500"," -2,7521900",22
202000044746,20,2,3,18:55,5,2,2,3,6,22278,M,"48,5160900"," -2,7701200",22
202000044747,20,8,22,11:30,1,2,1,1,3,49353,M,"47,4555700"," -0,5072600",49
202000044748,20,1,28,11:00,1,2,6,1,3,22113,M,"48,7342100"," -3,4448748",22
202000044749,20,8,25,18:34,1,2,7,1,6,47001,M,"44,2049300","0,6256800",47
202000044750,20,2,4,11:10,1,2,2,2,6,21231,M,"47,3324520","5,0269970",21
202000044751,20,2,4,14:20,1,2,1,8,6,19275,M,"45,5434700","2,3099500",19
202000044752,20,1,4,07:40,5,2,2,2,3,69384,M,"45,7809600","4,8366200",69
202000044753,20,2,6,00:00,5,2,2,1,3,13212,M,"43,2949800","5,4269300",13
202000044754,20,8,26,03:00,5,2,7,1,6,47001,M,"44,2046400","0,6119100",47
202000044755,20,1,4,01:30,5,2,9,1,3,69382,M,"45,7606900","4,8370000",69
202000044756,20,2,5,19:10,5,2,1,1,1,13215,M,"43,3587090","5,3576590",13
202000044757,20,8,19,21:00,1,2,3,1,3,44132,M,"47,2707200"," -2,3482700",44
202000044758,20,1,3,23:20,5,2,1,8,7,69385,M,"45,7562492","4,8134233",69
202000044759,20,2,5,18:15,5,2,1,1,3,13208,M,"43,2578000","5,3834000",13
202000044760,20,1,4,04:45,3,1,1,1,6,2B037,M,"42,6100000","9,4300000",2B
202000044761,20,5,25,09:45,1,1,2,1,3,49373,M,"47,1233461"," -0,4289967",49
202000044762,20,2,4,19:00,5,2,1,6,3,13211,M,"43,2889170","5,4298650",13
202000044763,20,1,4,16:52,2,2,3,1,6,78586,M,"48,9456200","2,1946100",78
202000044764,20,2,4,20:15,5,2,3,1,3,11262,M,"43,1919400","3,0093800",11
202000044765,20,5,24,18:00,1,1,2,1,3,68205,M,"47,9238740","7,3574740",68
202000044766,20,1,4,17:30,5,2,1,8,2,59599,M,"50,7368930","3,1543090",59
202000044767,20,5,24,17:15,1,1,1,1,6,35279,M,"48,5747459"," -1,8904645",35
202000044768,20,2,4,15:30,1,2,1,1,3,11069,M,"43,2269000","2,2881000",11
202000044769,20,8,25,12:00,1,1,1,1,3,38185,M,"45,1601900","5,7310600",38
202000044770,20,8,26,00:30,5,2,1,1,7,37195,M,"47,3761267","0,6440847",37
202000044771,20,1,4,13:15,1,2,3,1,1,59599,M,"50,7397903","3,1799789",59
202000044772,20,1,4,19:05,5,2,1,1,6,59350,M,"50,6347200","3,0483400",59
202000044773,20,1,4,20:00,5,2,2,1,3,54395,M,"48,6843000","6,1886000",54
202000044774,20,8,26,13:30,1,2,1,1,5,35051,M,"48,1178800"," -1,6005900",35
202000044775,20,5,21,10:50,1,1,1,1,3,29212,M,"48,3735420"," -4,5948920",29
202000044776,20,2,5,19:15,5,2,1,1,2,75116,M,"48,8673430","2,2693660",75
202000044777,20,1,4,18:12,5,2,6,1,3,54395,M,"48,6927000","6,1959200",54
202000044778,20,8,26,12:05,1,2,6,1,6,33529,M,"44,6349100"," -1,1516300",33
202000044779,20,2,5,14:45,1,2,1,1,-1,75120,M,"48,8527130","2,4144640",75
202000044780,20,2,4,16:58,1,2,2,1,6,75104,M,"48,8542910","2,3548870",75
202000044781,20,5,24,16:46,1,2,3,1,3,38431,M,"45,2558690","5,8457830",38
202000044782,20,2,4,13:24,1,2,2,2,3,75106,M,"48,8544690","2,3304660",75
202000044783,20,2,5,21:40,3,2,1,1,-1,75120,M,"48,8564850","2,4144670",75
202000044784,20,5,25,19:40,1,1,1,1,6,84148,M,"44,0554870","5,2442340",84
202000044785,20,2,5,10:00,1,2,1,1,3,75118,M,"48,8920920","2,3306440",75
202000044786,20,2,5,18:00,5,2,1,1,6,75117,M,"48,8856140","2,2921010",75
202000044787,20,2,4,14:45,1,2,1,1,6,75116,M,"48,8767460","2,2856760",75
202000044788,20,5,24,02:30,3,2,1,1,6,03128,M,"46,3698345","2,4796915",03
202000044789,20,2,4,09:30,1,2,2,2,2,75115,M,"48,8449950","2,3198180",75
202000044790,20,8,26,18:10,1,2,9,1,6,25388,M,"47,5094000","6,8029400",25
202000044791,20,1,4,09:10,2,2,6,1,1,45274,M,"47,8807000","1,9568000",45
202000044792,20,5,24,18:00,1,1,1,1,6,15054,M,"45,3451440","2,7588610",15
202000044793,20,2,5,14:00,1,2,1,1,3,75114,M,"48,8164020","2,3403390",75
202000044794,20,5,24,23:40,3,1,1,1,2,60584,M,"49,2305581","2,4336077",60
202000044795,20,2,5,08:50,1,2,1,1,6,75113,M,"48,8207770","2,3667670",75
202000044796,20,5,23,18:45,1,2,1,1,7,18057,M,"46,5608630","2,1854160",18
202000044797,20,1,4,18:20,1,2,1,1,6,44162,M,"47,2423700"," -1,6082600",44
202000044798,20,2,5,14:53,1,2,3,1,6,75111,M,"48,8555010","2,3896450",75
202000044799,20,1,4,13:00,1,1,1,1,-1,34172,M,"43,6454200","3,8437100",34
202000044800,20,2,5,15:40,1,2,1,1,3,75101,M,"48,8570310","2,3469180",75
202000044801,20,1,4,19:10,5,2,2,1,2,33063,M,"44,8289290"," -0,5566900",33
202000044802,20,2,5,13:20,1,2,2,1,6,75103,M,"48,8612420","2,3582050",75
202000044803,20,2,3,07:30,2,2,1,1,2,94068,M,"48,8134200","2,4787600",94
202000044804,20,1,4,18:10,3,1,1,1,2,33199,M,"44,6169000"," -1,1112000",33
202000044805,20,1,4,16:00,1,2,1,1,1,29232,M,"47,9877700"," -4,1080400",29
202000044806,20,5,24,19:20,1,1,1,1,6,43114,M,"45,1750640","4,2264960",43
202000044807,20,6,5,18:45,1,2,7,1,6,24322,M,"45,1856800","0,7208900",24
202000044808,20,2,5,13:00,1,2,1,1,6,94046,M,"48,7946130","2,4340750",94
202000044809,20,8,25,17:50,1,2,9,2,3,17306,M,"45,6236680"," -1,0297110",17
202000044810,20,2,4,05:40,5,2,2,8,1,94041,M,"48,8152700","2,3756000",94
202000044811,20,8,26,07:25,1,2,1,1,3,17300,M,"46,1631600"," -1,1392800",17
202000044812,20,8,26,16:45,1,1,1,1,2,14437,M,"49,1787300"," -0,3208300",14
202000044813,20,8,26,12:08,1,2,1,1,6,14118,M,"49,2106859"," -0,3658169",14
202000044814,20,2,3,18:05,5,2,2,1,3,94053,M,"48,7773000","2,5450900",94
202000044815,20,5,24,18:15,1,1,1,1,7,53176,M,"48,4205720"," -0,6770540",53
202000044816,20,2,5,07:35,2,2,1,1,-1,93077,M,"48,8827900","2,5149200",93
202000044817,20,5,25,16:30,1,1,1,1,1,53200,M,"48,2925230"," -0,6454360",53
202000044818,20,2,5,15:40,1,2,6,1,2,93051,M,"48,8433868","2,5479171",93
202000044819,20,5,24,17:30,1,1,1,1,7,27026,M,"49,2034100","1,6437860",27
202000044820,20,2,5,07:53,2,2,1,1,6,93031,M,"48,9616400","2,2949700",93
202000044821,20,2,5,07:45,5,2,1,1,6,93010,M,"48,9165000","2,4894000",93
202000044822,20,1,4,02:10,5,2,1,1,7,26198,M,"44,5486500","4,7488100",26
202000044823,20,8,26,11:35,1,2,3,1,6,13201,M,"43,3033180","5,3790980",13
202000044824,20,8,26,06:25,2,2,1,1,7,13209,M,"43,2480000","5,4064000",13
202000044825,20,1,3,18:05,5,2,1,2,6,17300,M,"46,1674000"," -1,1397700",17
202000044826,20,1,4,11:15,1,2,3,1,3,13201,M,"43,3027950","5,3846390",13
202000044827,20,1,4,00:40,5,2,1,1,5,13213,M,"43,3243400","5,4429500",13
202000044828,20,5,3,18:45,1,1,1,1,7,37263,M,"47,2915962","0,8720325",37
202000044829,20,2,5,13:05,1,2,3,1,3,93007,M,"48,9439800","2,4462600",93
202000044830,20,1,4,09:15,1,1,1,1,6,09225,M,"43,1407600","1,6686700",09
202000044831,20,2,5,17:50,1,2,9,1,1,93001,M,"48,9147950","2,3816220",93
202000044832,20,5,24,16:15,1,1,1,1,1,30015,M,"44,0295750","3,5951260",30
202000044833,20,1,3,19:30,3,2,1,1,6,75117,M,"48,8794194","2,2808186",75
202000044834,20,2,5,15:00,1,2,4,1,6,92075,M,"48,8148498","2,2780752",92
202000044835,20,5,25,14:10,1,2,3,1,6,52058,M,"48,1978240","5,1351050",52
202000044836,20,1,3,16:10,1,2,1,1,2,75113,M,"48,8178660","2,3682270",75
202000044837,20,8,26,01:35,5,2,3,1,2,13216,M,"43,3608757","5,3127213",13
202000044838,20,2,5,19:15,5,2,1,1,2,92048,M,"48,8194890","2,2293130",92
202000044839,20,8,25,19:15,2,2,2,1,3,13201,M,"43,2997300","5,3863900",13
202000044840,20,5,24,14:20,1,1,1,1,7,88373,M,"48,5072510","7,1091840",88
202000044841,20,1,3,06:35,5,2,1,1,3,75116,M,"48,8565785","2,2575435",75
202000044842,20,2,5,20:20,3,1,1,1,1,86120,M,"46,3480240","0,9493320",86
202000044843,20,1,23,07:05,5,2,1,1,6,54113,M,"48,7417330","6,3456770",54
202000044844,20,5,24,20:40,2,2,1,1,6,69244,M,"45,7580360","4,7757000",69
202000044845,20,1,2,18:25,5,2,1,1,4,75117,M,"48,8931720","2,3035210",75
202000044846,20,2,6,01:00,3,1,1,1,6,97221,A,"14,5094650"," -60,9615100",972
202000044847,20,5,25,08:40,1,1,1,1,3,72213,M,"47,9376510","0,2205040",72
202000044848,20,1,4,14:50,1,2,4,1,6,75113,M,"48,8250380","2,3781420",75
202000044849,20,5,25,07:30,1,1,1,1,2,11014,M,"43,1931310","3,0713220",11
202000044850,20,2,6,07:30,2,1,2,1,3,11203,M,"43,2061420","2,7930160",11
202000044851,20,1,3,11:20,1,2,3,1,6,75113,M,"48,8283470","2,3416030",75
202000044852,20,5,23,19:29,3,1,1,1,3,97118,A,"16,1790674"," -61,5873599",971
202000044853,20,2,6,07:45,1,1,9,1,-1,57443,M,"49,2016160","6,1405850",57
202000044854,20,8,25,20:08,2,1,1,1,7,11069,M,"43,2048000","2,3996000",11
202000044855,20,5,24,22:40,3,1,1,1,6,45317,M,"47,7855875","1,6096755",45
202000044856,20,1,3,02:37,3,2,3,1,1,75114,M,"48,8289440","2,3332670",75
202000044857,20,5,17,11:30,1,1,1,1,3,91041,M,"48,5731150","2,2472190",91
202000044858,20,2,3,19:50,5,2,9,1,3,68253,M,"47,7832630","7,5150400",68
202000044859,20,5,22,19:30,1,1,9,1,2,34213,M,"43,4740690","3,6888100",34
202000044860,20,1,31,06:55,2,2,1,2,7,91363,M,"48,6402890","2,2376390",91
202000044861,20,8,25,19:00,1,2,9,1,3,10387,M,"48,2881000","4,0822000",10
202000044862,20,8,26,23:33,5,2,1,1,1,06083,M,"43,7671688","7,4897272",06
202000044863,20,1,4,14:30,1,2,1,1,6,75120,M,"48,8654240","2,4048700",75
202000044864,20,1,4,13:53,1,2,1,1,6,75119,M,"48,8838651","2,3845907",75
202000044865,20,8,25,17:20,1,2,1,1,5,04070,M,"44,0895000","6,2276000",04
202000044866,20,1,4,10:00,1,2,2,1,3,75118,M,"48,8957800","2,3413620",75
202000044867,20,8,25,20:15,2,2,1,1,2,75114,M,"48,8229480","2,3129510",75
202000044868,20,2,5,07:00,2,1,3,2,3,62641,M,"50,3909520","2,3818550",62
202000044869,20,1,4,01:55,5,2,2,1,3,75112,M,"48,8318280","2,3976720",75
202000044870,20,2,5,20:00,5,2,2,1,6,62611,M,"50,2456470","2,8163140",62
202000044871,20,1,4,19:50,3,2,3,1,3,75111,M,"48,8549040","2,3861660",75
202000044872,20,2,6,10:50,1,1,6,1,3,91534,M,"48,7294030","2,1622900",91
202000044873,20,2,4,10:00,1,1,1,8,7,56254,M,"47,8020580"," -2,6207970",56
202000044874,20,8,25,17:30,1,2,1,1,2,75119,M,"48,9002830","2,3833670",75
202000044875,20,5,18,16:30,1,1,1,1,2,83071,M,"43,1374140","6,2696740",83
202000044876,20,2,4,22:45,5,2,6,4,6,74134,M,"46,1548350","6,6620710",74
202000044877,20,8,24,19:00,1,2,1,1,2,75112,M,"48,8281780","2,3961360",75
202000044878,20,2,4,19:00,5,2,4,2,3,74010,M,"45,9210650","6,1452200",74
202000044879,20,2,5,16:15,2,1,1,1,7,2B050,M,"42,5427420","8,7900390",2B
202000044880,20,8,25,22:39,5,2,3,1,3,75108,M,"48,8662080","2,3014930",75
202000044881,20,2,5,18:30,3,1,1,1,1,80136,M,"49,9368730","2,7285740",80
202000044882,20,1,4,04:20,5,2,2,1,3,75107,M,"48,8544220","2,3259070",75
202000044883,20,2,5,12:45,1,2,3,1,6,82150,M,"43,9166600","1,3993080",82
202000044884,20,1,4,20:15,5,2,4,1,6,75104,M,"48,8522402","2,3659997",75
202000044885,20,2,6,08:00,1,2,2,1,6,33236,M,"44,7978100"," -1,1442700",33
202000044886,20,1,4,00:20,5,2,1,1,6,75104,M,"48,8571252","2,3616649",75
202000044887,20,5,25,10:00,1,1,1,1,3,83107,M,"43,4318900","6,6655900",83
202000044888,20,2,6,09:45,1,2,1,1,6,71014,M,"46,9570774","4,3041355",71
202000044889,20,8,26,19:37,1,2,4,1,6,75119,M,"48,8746800","2,3811340",75
202000044890,20,1,4,06:08,5,2,7,1,3,75101,M,"48,8627180","2,3352560",75
202000044891,20,5,24,17:45,1,1,1,1,6,06070,M,"43,7990090","6,9392660",06
202000044892,20,1,4,18:20,5,2,1,1,2,94043,M,"48,8156400","2,3614300",94
202000044893,20,8,26,10:00,1,2,1,1,6,75117,M,"48,8842020","2,2961470",75
202000044894,20,8,25,08:20,1,2,1,2,5,75116,M,"48,8541380","2,2419680",75
202000044895,20,1,4,09:50,1,2,1,1,-1,93055,M,"48,8931000","2,4126000",93
202000044896,20,5,24,10:15,1,2,1,1,1,13086,M,"43,3519770","5,6050780",13
202000044897,20,2,5,19:10,3,1,1,1,6,89227,M,"47,9457000","3,7317040",89
202000044898,20,8,26,12:45,1,2,2,1,2,75115,M,"48,8387050","2,2821180",75
202000044899,20,5,24,16:00,1,2,1,1,2,68154,M,"47,7710240","7,3815460",68
202000044900,20,2,6,11:55,1,2,7,1,6,61232,M,"48,6457300"," -0,7103670",61
202000044901,20,8,26,10:30,1,2,1,1,6,75115,M,"48,8440920","2,3076170",75
202000044902,20,5,24,17:20,1,1,9,1,1,88196,M,"48,0647950","6,8610050",88
202000044903,20,2,4,19:35,3,1,1,4,3,25075,M,"46,8116040","6,1904850",25
202000044904,20,5,24,19:10,1,2,6,1,6,57683,M,"49,2995610","6,1508900",57
202000044905,20,8,26,17:20,1,2,1,1,4,75114,M,"48,8271190","2,3372290",75
202000044906,20,2,5,15:00,1,2,3,1,3,44087,M,"46,9872152"," -1,8110562",44
202000044907,20,5,24,17:30,1,2,1,1,3,57644,M,"49,1140340","6,8299560",57
202000044908,20,8,26,09:25,1,2,2,1,1,75113,M,"48,8419180","2,3678720",75
202000044909,20,2,6,12:54,1,1,1,1,6,38409,M,"45,0969100","5,2768700",38
202000044910,20,5,21,13:05,1,2,1,1,7,74224,M,"46,0695690","6,3026870",74
202000044911,20,8,26,19:15,1,2,2,1,3,75113,M,"48,8419130","2,3678740",75
202000044912,20,5,24,14:55,1,2,1,1,6,73294,M,"45,5320110","6,0539440",73
202000044913,20,8,26,15:40,1,2,1,1,2,75112,M,"48,8295250","2,4012280",75
202000044914,20,1,1,17:15,2,2,2,2,1,93005,M,"48,9471718","2,5076634",93
202000044915,20,5,22,16:20,1,2,1,1,-1,38562,M,"45,0763680","5,7726150",38
202000044916,20,8,26,13:55,1,2,5,1,3,75112,M,"48,8342010","2,4107660",75
202000044917,20,1,4,16:00,1,2,9,8,6,93001,M,"48,9195800","2,3951700",93
202000044918,20,8,26,00:30,5,2,3,1,3,75108,M,"48,8710880","2,3034860",75
202000044919,20,5,25,09:45,1,1,2,1,1,01424,M,"45,8891270","4,9697520",01
202000044920,20,2,5,08:07,1,2,6,1,3,06105,M,"43,6650160","7,0526490",06
202000044921,20,1,5,12:25,1,1,1,1,1,62295,M,"50,6214020","2,2808718",62
202000044922,20,2,6,07:50,2,2,1,1,1,06108,M,"43,5738080","6,9412350",06
202000044923,20,1,5,15:30,1,1,1,1,7,91511,M,"48,3463500","1,9876580",91
202000044924,20,2,6,07:55,3,1,1,5,6,14518,M,"48,9992680","0,3523240",14
202000044925,20,1,5,12:50,1,1,3,1,3,22182,M,"48,5744210"," -2,9039550",22
202000044926,20,2,6,08:20,1,2,1,1,6,50168,M,"48,6187580"," -1,2909610",50
202000044927,20,2,5,15:40,1,2,1,1,2,90052,M,"47,7415450","6,8265270",90
202000044928,20,2,6,18:30,2,1,2,1,2,60021,M,"49,5950386","3,1211887",60
202000044929,20,5,24,16:30,1,1,1,1,6,01386,M,"45,8854680","5,3745890",01
202000044930,20,1,3,12:55,1,1,1,1,3,28253,M,"48,3471060","1,4161590",28
202000044931,20,8,26,02:55,5,2,1,1,6,75107,M,"48,8618710","2,3215490",75
202000044932,20,2,6,15:30,1,2,3,7,6,60104,M,"49,6309260","2,2931760",60
202000044933,20,8,25,20:40,2,2,3,1,6,75104,M,"48,8568140","2,3510590",75
202000044934,20,2,4,03:30,5,2,7,1,6,10151,M,"48,4265910","3,9170010",10
202000044935,20,8,26,11:45,1,2,1,1,-1,94015,M,"48,8385700","2,5364000",94
202000044936,20,8,25,18:00,1,2,1,1,6,94019,M,"48,8021500","2,5485100",94
202000044937,20,1,5,00:40,3,1,1,5,6,52307,M,"47,9134541","5,2207345",52
202000044938,20,5,24,07:25,1,1,1,1,6,59357,M,"50,2841710","3,8778390",59
202000044939,20,7,27,12:45,1,1,1,1,2,66230,M,"42,6449110","2,5080770",66
202000044940,20,2,6,15:40,1,2,1,1,6,85169,M,"46,8040900"," -1,6231300",85
202000044941,20,7,26,00:11,3,1,1,1,1,66195,M,"42,6752355","2,7892882",66
202000044942,20,7,21,16:30,1,1,3,1,7,48119,M,"44,4777990","3,9310670",48
202000044943,20,1,4,13:30,1,2,1,7,6,58086,M,"47,4103470","2,9363310",58
202000044944,20,5,23,12:40,1,1,1,1,6,13106,M,"43,4027821","5,3566499",13
202000044945,20,2,6,12:10,1,2,1,1,1,27467,M,"49,3544730","0,5179950",27
202000044946,20,7,27,13:55,1,2,2,1,3,34289,M,"43,3976730","3,4141030",34
202000044947,20,2,6,07:25,3,1,1,1,7,27486,M,"49,1204000","1,0011290",27
202000044948,20,7,26,08:30,1,1,1,1,6,84026,M,"43,7197070","5,4033640",84
202000044949,20,5,22,12:30,1,1,1,1,4,13215,M,"43,3187750","5,3775162",13
202000044950,20,1,5,14:30,1,1,1,1,5,62820,M,"50,3527455","2,5007046",62
202000044951,20,1,4,23:30,3,1,1,1,6,04033,M,"44,4482868","6,3322958",04
202000044952,20,5,23,17:30,1,1,1,1,2,94033,M,"48,8606308","2,4846399",94
202000044953,20,7,27,18:40,1,1,1,1,1,05110,M,"44,8233420","6,5101880",05
202000044954,20,2,5,16:15,1,1,1,1,1,17447,M,"46,0957089"," -0,9046447",17
202000044955,20,1,5,16:10,2,1,9,7,1,74235,M,"46,0702770","5,8394410",74
202000044956,20,7,27,04:00,3,1,1,1,6,13100,M,"43,7888430","4,8507610",13
202000044957,20,5,23,06:50,1,2,2,1,3,69383,M,"45,7635426","4,8418209",69
202000044958,20,1,5,04:50,3,1,1,5,6,82123,M,"43,9002040","1,3051052",82
202000044959,20,2,5,17:40,2,1,1,1,6,87026,M,"46,0527590","0,8682420",87
202000044960,20,10,19,10:30,1,2,1,1,6,61404,M,"48,5612440","0,5270860",61
202000044961,20,2,4,08:50,1,1,1,1,1,37132,M,"47,1086747","0,9882467",37
202000044962,20,5,23,01:55,5,2,3,1,6,69388,M,"45,7282600","4,8538100",69
202000044963,20,7,24,11:10,1,2,1,1,7,13107,M,"43,4294790","5,4415260",13
202000044964,20,1,5,13:00,1,1,1,1,6,69033,M,"45,8598010","4,8815900",69
202000044965,20,2,3,11:27,1,2,1,2,7,52204,M,"48,1527920","5,3576270",52
202000044966,20,2,5,11:27,1,1,1,1,6,01067,M,"46,1144720","5,4897840",01
202000044967,20,1,4,20:25,3,1,1,1,7,81195,M,"43,5766865","2,2231220",81
202000044968,20,10,23,07:45,2,1,1,2,7,47203,M,"44,3785318","0,8802314",47
202000044969,20,5,23,19:10,1,2,2,1,2,91223,M,"48,4328120","2,1758010",91
202000044970,20,7,26,11:25,1,1,1,1,7,71453,M,"46,2435699","4,0450601",71
202000044971,20,2,2,08:42,1,2,1,2,6,38553,M,"45,6216390","5,1418100",38
202000044972,20,1,3,15:45,1,2,3,2,6,61412,M,"48,5070760","0,3621030",61
202000044973,20,2,6,06:50,2,1,1,1,2,68309,M,"47,6521450","7,4904390",68
202000044974,20,1,4,14:45,1,2,1,1,6,41151,M,"47,3457672","1,2107278",41
202000044975,20,7,26,20:00,2,2,1,1,7,68163,M,"47,6590940","7,5109040",68
202000044976,20,10,22,17:00,1,1,1,1,1,41161,M,"47,5180250","2,0354370",41
202000044977,20,2,5,12:55,1,1,1,1,6,68300,M,"47,7759420","7,3900910",68
202000044978,20,1,4,07:55,2,2,6,2,-1,86082,M,"46,3616650","0,1997450",86
202000044979,20,2,1,03:00,3,1,1,2,2,76457,M,"49,3381270","0,9755730",76
202000044980,20,7,27,09:30,1,2,3,7,1,33227,M,"44,5496800"," -0,2521500",33
202000044981,20,7,25,18:00,1,1,1,1,6,33483,M,"44,9132690"," -0,4058720",33
202000044982,20,2,5,12:50,1,1,3,1,3,34202,M,"43,5824850","3,7732350",34
202000044983,20,10,22,15:05,2,1,2,1,3,25112,M,"47,2659360","6,0609500",25
202000044984,20,7,19,02:30,5,2,6,1,7,59422,M,"50,1995290","3,3127750",59
202000044985,20,1,4,12:15,1,1,1,1,3,68141,M,"47,7121340","7,2841050",68
202000044986,20,5,22,11:50,1,2,3,7,1,91174,M,"48,6197900","2,4673000",91
202000044987,20,1,2,05:25,5,2,1,1,2,97415,R," -21,0715060","55,2228010",974
202000044988,20,10,21,08:10,2,1,9,3,1,44099,M,"47,6637690"," -1,3796420",44
202000044989,20,2,6,17:27,2,2,1,7,6,37072,M,"47,1714399","0,2451309",37
202000044990,20,1,4,21:50,3,1,1,1,2,68096,M,"47,6083380","7,3600000",68