Num_Acc,an,mois,jour,hrmn,lum,agg,int,atm,col,com,gps,lat,long,dep
202000044991,20,10,22,16:30,1,1,1,7,7,44095,M,"47,5819100"," -1,4100050",44
202000044992,20,7,25,21:00,1,2,1,1,2,13210,M,"43,2836000","5,4014000",13
202000044993,20,2,6,14:10,1,2,3,1,6,28279,M,"48,6481540","1,5325820",28
202000044994,20,10,22,15:53,1,1,9,1,6,29010,M,"48,5125500"," -4,1093860",29
202000044995,20,2,5,15:50,1,2,6,1,1,11076,M,"43,3012119","1,9559044",11
202000044996,20,10,23,11:20,1,1,1,1,1,29122,M,"48,1293200"," -3,7911840",29
202000044997,20,2,6,09:00,1,2,1,1,6,34161,M,"43,3325410","3,1212870",34
202000044998,20,7,26,06:42,2,1,1,1,7,91340,M,"48,6083200","2,4386200",91
202000044999,20,1,2,22:30,3,1,1,1,7,22212,M,"48,6606437"," -3,1976920",22
202000045000,20,2,5,19:50,3,1,1,1,7,34135,M,"43,2790960","3,1557580",34
202000045001,20,10,22,16:40,1,2,3,1,3,29076,M,"48,4664500"," -4,5667659",29
202000045002,20,7,26,08:30,1,1,1,1,6,91340,M,"48,6090300","2,4374200",91
202000045003,20,1,3,08:55,1,1,1,1,6,39202,M,"46,9316090","5,9449400",39
202000045004,20,2,5,11:45,1,2,1,1,6,83112,M,"43,1813540","5,6980100",83
202000045005,20,2,5,23:00,3,1,1,1,6,06003,M,"43,7986920","6,8013350",06
202000045006,20,7,25,22:30,3,1,1,2,2,91521,M,"48,6353100","2,4011600",91
202000045007,20,10,22,19:05,3,1,1,1,1,31499,M,"43,4935770","1,2030890",31
202000045008,20,5,23,22:02,5,2,3,1,1,72181,M,"47,9871900","0,1878600",72
202000045009,20,2,4,13:55,1,2,1,4,6,73227,M,"45,4082370","6,6312520",73
202000045010,20,7,25,22:45,5,1,1,3,3,92050,M,"48,9003383","2,2094538",92
202000045011,20,10,22,22:00,3,1,1,1,7,31592,M,"43,7305120","1,2385820",31
202000045012,20,1,5,05:30,3,1,1,5,6,39171,M,"46,6724120","5,4676430",39
202000045013,20,2,6,13:10,1,2,1,1,6,42094,M,"45,7454700","4,2250980",42
202000045014,20,1,27,08:30,2,2,1,1,2,38097,M,"45,7766000","5,1794300",38
202000045015,20,5,23,13:55,1,2,1,2,3,71153,M,"46,7962293","4,4289750",71
202000045016,20,2,6,07:20,2,2,1,1,3,01027,M,"45,8489260","5,1138470",01
202000045017,20,7,26,16:35,1,1,1,1,2,93027,M,"48,9245000","2,3900200",93
202000045018,20,10,23,18:10,1,1,1,1,7,02322,M,"49,8654033","3,4115308",02
202000045019,20,5,23,18:00,1,1,1,8,6,69271,M,"45,7408500","4,9492600",69
202000045020,20,7,26,07:00,1,1,1,8,6,93066,M,"48,9332300","2,3817800",93
202000045021,20,2,5,16:54,1,1,1,1,1,81076,M,"43,5727820","1,8710230",81
202000045022,20,10,20,11:30,1,2,1,1,1,84089,M,"43,6955990","5,4961730",84
202000045023,20,5,22,13:25,1,2,1,1,6,69264,M,"45,9803400","4,6992400",69
202000045024,20,2,5,08:00,2,2,1,1,1,44172,M,"47,2576179"," -1,4738758",44
202000045025,20,10,21,07:25,3,1,1,6,6,03148,M,"46,2543551","3,3597273",03
202000045026,20,5,23,09:40,1,2,1,2,1,64445,M,"43,3034900"," -0,3477400",64
202000045027,20,7,26,07:15,1,1,1,1,6,92078,M,"48,9297200","2,3277700",92
202000045028,20,10,22,18:40,5,2,1,2,6,01228,M,"46,1291080","5,5392310",01
202000045029,20,5,22,15:32,1,2,1,1,6,63113,M,"45,7676028","3,0797790",63
202000045030,20,7,26,05:15,3,1,1,2,6,92078,M,"48,9311500","2,3235500",92
202000045031,20,10,23,20:15,3,1,1,3,6,70168,M,"47,8082550","6,1957960",70
202000045032,20,2,6,17:34,1,1,1,1,4,60028,M,"49,2202020","2,5511417",60
202000045033,20,1,3,15:52,1,2,2,8,1,29074,M,"48,4876040"," -4,0004010",29
202000045034,20,5,21,16:59,1,2,1,1,6,63113,M,"45,7790800","3,0816300",63
202000045035,20,7,25,19:40,1,1,1,1,2,95028,M,"49,0626800","2,3637600",95
202000045036,20,10,22,21:25,3,1,1,2,2,26166,M,"44,7289570","4,8081920",26
202000045037,20,2,5,06:50,5,1,1,1,2,33397,M,"44,9192000"," -0,4762500",33
202000045038,20,2,3,15:00,1,1,1,1,5,33143,M,"44,9709900"," -0,4353300",33
202000045039,20,7,23,10:10,1,2,2,1,6,97411,R," -20,8865400","55,4600400",974
202000045040,20,10,23,13:30,1,1,1,8,7,60093,M,"49,6034070","2,6902300",60
202000045041,20,2,1,08:45,2,1,1,1,2,59378,M,"50,6912448","3,1117165",59
202000045042,20,7,25,09:15,1,2,1,1,3,97302,G,"4,9392635"," -52,3007369",973
202000045043,20,10,23,04:55,4,1,1,2,1,64399,M,"43,3564220"," -0,3771490",64
202000045044,20,2,1,19:00,3,1,1,1,3,59028,M,"50,4127200","3,0330320",59
202000045045,20,7,25,11:10,1,2,3,1,3,69386,M,"45,7767300","4,8440500",69
202000045046,20,10,23,19:45,5,2,3,2,2,16001,M,"46,1028460","0,7023260",16
202000045047,20,10,22,12:30,1,1,1,1,7,07240,M,"44,8605880","4,8243420",07
202000045048,20,2,1,19:40,3,1,1,1,3,59646,M,"50,6844450","3,1339430",59
202000045049,20,7,25,03:50,5,2,2,1,3,69383,M,"45,7602200","4,8456500",69
202000045050,20,1,5,06:00,3,1,1,1,7,02503,M,"49,8391270","3,5397950",02
202000045051,20,2,2,11:00,1,1,1,2,6,59346,M,"50,6067070","3,1301310",59
202000045052,20,7,25,20:40,5,2,6,1,3,97213,A,"14,6198000"," -61,0040000",972
202000045053,20,10,18,22:30,3,1,1,1,7,40191,M,"43,7332510"," -0,6644050",40
202000045054,20,5,23,23:45,5,2,1,1,3,59540,M,"51,0352410","2,3523900",59
202000045055,20,2,4,08:20,2,1,1,2,5,78090,M,"48,9704860","1,8972790",78
202000045056,20,7,25,06:30,1,2,1,1,1,97213,A,"14,6554924"," -60,9799576",972
202000045057,20,10,22,16:45,1,1,9,1,-1,30033,M,"43,6495730","4,3282700",30
202000045058,20,2,5,06:40,3,1,1,1,4,94028,M,"48,7821300","2,4414700",94
202000045059,20,5,19,13:35,1,2,1,7,6,47323,M,"44,4039000","0,7045500",47
202000045060,20,7,25,10:50,1,2,2,1,7,97209,A,"14,6069000"," -61,0729000",972
202000045061,20,1,5,11:25,1,2,3,1,7,60131,M,"49,6542225","2,1176535",60
202000045062,20,10,22,11:15,1,2,1,1,1,30179,M,"43,8722670","4,5974400",30
202000045063,20,7,25,12:18,1,2,2,1,3,69382,M,"45,7446500","4,8225600",69
202000045064,20,1,5,08:20,2,1,1,1,6,60155,M,"49,2857390","2,3490740",60
202000045065,20,1,4,15:25,1,1,1,8,7,60703,M,"49,4046260","2,0431830",60
202000045066,20,7,25,10:50,1,2,1,1,6,69142,M,"45,7257300","4,8166400",69
202000045067,20,2,3,01:18,5,1,1,2,7,94052,M,"48,8353294","2,4939891",94
202000045068,20,5,23,22:10,5,2,1,1,-1,45147,M,"47,9367857","1,8943611",45
202000045069,20,1,5,15:55,1,1,1,1,6,21450,M,"47,0433310","4,7595810",21
202000045070,20,7,25,03:35,5,2,9,1,6,69202,M,"45,7305300","4,7873600",69
202000045071,20,1,9,09:55,1,2,1,1,2,51454,M,"49,2689552","4,0232430",51
202000045072,20,5,23,20:00,1,2,2,1,3,44109,M,"47,2171700"," -1,5522500",44
202000045073,20,10,23,07:00,2,1,1,2,2,08457,M,"49,7941730","4,6328020",08
202000045074,20,2,3,19:25,2,1,1,1,6,97416,R," -21,3086100","55,4680500",974
202000045075,20,5,23,05:00,2,1,1,2,6,35051,M,"48,1511500"," -1,5996800",35
202000045076,20,2,4,07:30,1,1,1,1,4,97416,R," -21,3130100","55,4946900",974
202000045077,20,10,22,14:00,1,1,1,3,4,01089,M,"45,9626940","5,3063800",01
202000045078,20,2,4,20:00,5,2,1,1,6,97411,R," -20,8805459","55,4386854",974
202000045079,20,2,4,20:10,4,2,3,1,3,97302,G,"4,9350627"," -52,3244906",973
202000045080,20,10,21,13:35,1,1,6,1,2,78466,M,"48,9235530","1,9965400",78
202000045081,20,7,25,22:55,5,2,1,2,6,95500,M,"49,0462941","2,0998564",95
202000045082,20,2,4,15:00,1,2,6,1,3,97302,G,"4,9331494"," -52,3096418",973
202000045083,20,1,5,11:00,1,1,3,1,3,85280,M,"46,8737400"," -1,9138800",85
202000045084,20,5,22,18:10,1,2,8,1,1,34172,M,"43,5908829","3,8903665",34
202000045085,20,2,4,12:30,1,2,2,1,3,69387,M,"45,7453000","4,8420000",69
202000045086,20,7,25,11:45,1,2,3,1,1,91201,M,"48,6647300","2,4194800",91
202000045087,20,1,3,23:00,5,2,2,2,3,37266,M,"47,3012980","0,7156853",37
202000045088,20,10,23,19:50,5,2,1,1,1,97608,Y," -12,7885540","45,2706990",976
202000045089,20,5,23,04:10,5,2,1,1,1,33063,M,"44,8227200"," -0,5419100",33
202000045090,20,7,25,06:20,2,2,2,1,3,91027,M,"48,7058300","2,3675700",91
202000045091,20,1,4,17:30,3,1,1,1,6,30340,M,"44,0155760","4,6156860",30
202000045092,20,10,23,13:35,1,2,1,1,6,97418,R," -20,9032590","55,5669430",974
202000045093,20,3,14,01:10,5,2,1,2,6,29232,M,"47,9925297"," -4,0824894",29
202000045094,20,2,4,09:50,1,1,3,1,3,69383,M,"45,7502000","4,8904000",69
202000045095,20,1,4,21:00,5,1,1,1,6,06088,M,"43,7347280","7,2443840",06
202000045096,20,10,22,14:25,1,1,1,1,7,97131,A,"15,8624720"," -61,5922150",971
202000045097,20,2,3,13:30,1,2,9,1,3,97209,A,"14,6328856"," -61,0350977",972
202000045098,20,5,23,12:45,1,2,8,1,3,29019,M,"48,3892177"," -4,4876304",29
202000045099,20,1,5,04:40,3,1,1,1,2,74018,M,"46,1048110","6,3462300",74
202000045100,20,7,25,06:40,1,2,2,1,3,83137,M,"43,1203100","5,9472200",83
202000045101,20,10,19,13:20,1,1,3,1,2,29233,M,"47,8547970"," -3,5479940",29
202000045102,20,1,1,05:05,2,2,1,1,6,98817,C," -22,2267900","166,5575700",988
202000045103,20,2,4,23:15,5,2,1,9,6,69381,M,"45,7707700","4,8286000",69
202000045104,20,7,25,02:15,3,1,1,1,6,74093,M,"45,9031400","6,1109600",74
202000045105,20,2,4,19:05,5,1,1,1,7,97101,A,"16,2482377"," -61,4930424",971
202000045106,20,7,22,19:05,1,2,1,1,3,71306,M,"46,6803769","4,3465161",71
202000045107,20,2,3,18:30,5,2,1,2,1,91434,M,"48,6568200","2,3399400",91
202000045108,20,10,23,19:55,4,1,6,1,3,11076,M,"43,2926070","1,9518540",11
202000045109,20,7,25,09:25,1,2,1,1,3,69266,M,"45,7865485","4,8984501",69
202000045110,20,10,23,10:30,1,1,1,1,7,34199,M,"43,4849910","3,4136150",34
202000045111,20,1,1,00:40,5,2,1,1,3,97311,G,"5,5000430"," -54,0306130",973
202000045112,20,5,22,20:10,1,2,1,1,6,21231,M,"47,3338500","5,0584700",21
202000045113,20,2,3,09:00,1,2,3,2,2,91469,M,"48,3981500","2,1437300",91
202000045114,20,7,22,20:00,1,2,3,1,2,69266,M,"45,7555600","4,8888600",69
202000045115,20,5,23,15:20,1,2,1,1,6,17300,M,"46,1649800"," -1,1936380",17
202000045116,20,7,24,18:30,1,1,1,1,1,68056,M,"47,7261800","7,3003900",68
202000045117,20,1,4,16:00,1,1,1,1,1,84132,M,"43,9057780","5,0024510",84
202000045118,20,2,4,07:55,1,2,2,2,6,91201,M,"48,6875000","2,4333900",91
202000045119,20,5,23,22:00,5,2,2,1,6,13212,M,"43,3010000","5,4151000",13
202000045120,20,2,3,10:30,1,2,1,8,6,91514,M,"48,6803000","2,5361000",91
202000045121,20,5,23,12:50,1,2,1,1,2,13205,M,"43,2910200","5,3999200",13
202000045122,20,10,20,21:30,3,1,1,1,6,34145,M,"43,6558260","4,1369800",34
202000045123,20,1,31,22:25,3,1,1,1,3,89024,M,"47,7857901","3,6072224",89
202000045124,20,5,22,23:45,5,2,1,1,6,13208,M,"43,2616730","5,3941270",13
202000045125,20,5,23,14:53,1,2,1,1,1,10387,M,"48,3046100","4,0665900",10
202000045126,20,1,5,13:15,1,2,3,1,3,06122,M,"43,7477570","7,1520690",06
202000045127,20,2,3,16:50,1,2,2,1,3,87085,M,"45,8252900","1,2419500",87
202000045128,20,7,24,09:35,1,1,1,1,4,67180,M,"48,8029000","7,8330000",67
202000045129,20,10,23,07:30,2,1,3,2,4,04242,M,"43,9121602","5,8845413",04
202000045130,20,5,23,10:20,1,1,1,1,3,07072,M,"44,7481200","4,5960000",07
202000045131,20,1,5,08:50,2,1,1,1,6,13076,M,"43,8139112","4,9839896",13
202000045132,20,2,4,13:00,1,1,1,6,3,83062,M,"43,1132440","5,9911740",83
202000045133,20,1,5,13:45,1,1,1,1,7,13004,M,"43,5678870","4,6683320",13
202000045134,20,10,17,20:45,5,2,6,1,7,67551,M,"48,5920330","7,6709250",67
202000045135,20,5,23,16:30,1,2,1,1,2,06029,M,"43,5526900","7,0108400",06
202000045136,20,1,3,20:45,3,1,1,1,5,89399,M,"48,2505540","3,3412200",89
202000045137,20,1,5,14:15,1,1,1,1,7,68008,M,"48,0303480","7,4531430",68
202000045138,20,10,22,19:10,3,1,1,3,1,73328,M,"45,6463871","5,8992991",73
202000045139,20,7,25,10:55,1,2,3,1,1,64445,M,"43,3086900"," -0,3642900",64
202000045140,20,5,22,15:55,1,2,1,1,5,75114,M,"48,8205620","2,3231120",75
202000045141,20,5,23,15:45,1,2,2,1,6,75119,M,"48,8859220","2,3821980",75
202000045142,20,10,20,15:55,1,1,1,1,-1,26074,M,"45,0013150","5,4258300",26
202000045143,20,7,25,17:25,1,2,1,1,1,64102,M,"43,4842400"," -1,4825800",64
202000045144,20,1,4,22:25,3,1,1,1,1,74128,M,"46,1528902","6,3411363",74
202000045145,20,10,22,16:50,1,1,1,2,1,69197,M,"46,0565710","4,6338490",69
202000045146,20,1,4,17:40,3,1,1,1,7,62867,M,"50,7783250","1,6553108",62
202000045147,20,7,25,11:35,1,2,1,1,1,64024,M,"43,4804000"," -1,5166000",64
202000045148,20,10,22,21:20,5,1,3,2,6,69141,M,"45,6089706","4,6957185",69
202000045149,20,1,4,17:15,1,1,1,1,4,13211,M,"43,2936800","5,4722100",13
202000045150,20,10,23,10:00,1,1,1,2,7,16359,M,"45,6223220"," -0,3405440",16
202000045151,20,1,2,23:40,3,1,1,1,2,13117,M,"43,4559860","5,2363140",13
202000045152,20,7,25,18:20,1,2,2,1,3,54395,M,"48,6884600","6,1842100",54
202000045153,20,1,4,22:20,5,1,1,1,6,33063,M,"44,8848000"," -0,5614000",33
202000045154,20,10,23,14:45,1,1,1,1,3,22233,M,"48,7142840"," -3,0840790",22
202000045155,20,10,19,08:20,2,1,1,1,6,35012,M,"47,8314840"," -1,6890730",35
202000045156,20,1,4,14:20,1,1,1,1,4,94037,M,"48,8100300","2,3494700",94
202000045157,20,10,23,15:40,1,1,1,1,6,62476,M,"50,3575478","2,9385799",62
202000045158,20,1,4,00:57,5,2,1,2,6,77251,M,"48,6261430","2,5391091",77
202000045159,20,5,23,17:00,1,2,2,1,6,75117,M,"48,8809810","2,3002790",75
202000045160,20,7,24,18:20,1,1,1,1,4,45147,M,"47,9344914","1,9303303",45
202000045161,20,7,25,16:35,1,1,1,1,7,37050,M,"47,3292042","0,6892739",37
202000045162,20,7,25,12:40,1,1,1,1,5,37214,M,"47,4343527","0,6725074",37
202000045163,20,7,25,03:15,5,2,1,1,2,35238,M,"48,1119600"," -1,6886200",35
202000045164,20,7,25,03:15,5,2,2,1,3,33063,M,"44,8539340"," -0,5932920",33
202000045165,20,5,23,18:15,1,2,5,1,6,75114,M,"48,8202180","2,3240080",75
202000045166,20,10,22,07:50,2,1,1,2,5,13071,M,"43,3903000","5,3501000",13
202000045167,20,7,25,19:10,1,1,1,1,3,33529,M,"44,6016500"," -1,1981000",33
202000045168,20,5,23,08:45,1,2,3,2,2,75114,M,"48,8322050","2,3306780",75
202000045169,20,1,3,21:50,3,1,1,2,6,91136,M,"48,7161100","2,2693400",91
202000045170,20,7,25,18:25,1,2,1,1,7,30189,M,"43,8617000","4,3237000",30
202000045171,20,10,21,16:40,1,1,1,1,2,13055,M,"43,2976178","5,4247540",13
202000045172,20,5,23,15:55,1,2,3,1,6,75113,M,"48,8302860","2,3471940",75
202000045173,20,1,3,10:00,1,1,1,1,6,95582,M,"48,9782000","2,2400300",95
202000045174,20,7,25,13:40,1,2,6,1,3,30007,M,"44,1350000","4,0968200",30
202000045175,20,10,21,15:27,1,1,1,1,3,67389,M,"48,6437700","7,7319800",67
202000045176,20,1,4,20:45,3,1,1,1,-1,94018,M,"48,8180452","2,4118107",94
202000045177,20,10,20,17:30,2,1,1,2,6,62498,M,"50,4492520","2,8348370",62
202000045178,20,5,23,18:30,1,2,1,1,6,75112,M,"48,8418490","2,4093970",75
202000045179,20,1,4,01:45,3,1,1,1,2,77058,M,"48,8305400","2,6968400",77
202000045180,20,7,24,22:30,5,2,1,1,7,27229,M,"49,0076700","1,1561800",27
202000045181,20,10,22,12:36,1,1,1,1,2,91434,M,"48,6662600","2,3614980",91
202000045182,20,5,23,18:15,1,2,1,1,1,94044,M,"48,7493570","2,4959630",94
202000045183,20,1,4,01:50,3,1,1,1,6,77058,M,"48,8305400","2,6968400",77
202000045184,20,10,22,09:30,1,1,1,1,-1,91692,M,"48,6710140","2,1938190",91
202000045185,20,7,25,18:40,1,2,6,1,3,27229,M,"49,0204000","1,1821000",27
202000045186,20,1,3,12:03,1,2,3,1,3,98818,C," -22,2958500","166,4451900",988
202000045187,20,7,24,19:00,1,2,7,1,1,17306,M,"45,6158930"," -1,0021150",17
202000045188,20,10,22,07:55,2,1,1,1,2,91286,M,"48,6520000","2,3820000",91
202000045189,20,1,3,20:40,1,2,1,1,2,97409,R," -20,9594970","55,6723000",974
202000045190,20,10,22,22:30,5,1,1,1,6,78362,M,"48,9758000","1,7227700",78
202000045191,20,8,1,21:00,1,1,9,1,3,14536,M,"49,4024086","0,2506994",14
202000045192,20,5,23,18:47,1,2,1,1,3,94068,M,"48,8060240","2,5201930",94
202000045193,20,10,22,07:50,1,1,1,1,4,78402,M,"48,9651550","1,8042110",78
202000045194,20,1,2,17:20,1,2,2,1,3,97411,R," -20,8835800","55,4516600",974
202000045195,20,10,21,19:30,1,1,1,1,2,78646,M,"48,7893680","2,1282080",78
202000045196,20,1,3,18:00,5,2,1,2,6,69388,M,"45,7351400","4,8824000",69
202000045197,20,10,22,19:35,3,1,1,1,2,93008,M,"48,9069687","2,4563029",93
202000045198,20,1,3,16:15,1,2,1,1,7,97209,A,"14,6043600"," -61,0605200",972
202000045199,20,10,22,13:40,1,1,1,1,3,95277,M,"48,9780450","2,4948850",95
202000045200,20,7,25,00:01,5,2,1,1,7,13117,M,"43,4617000","5,2416000",13
202000045201,20,1,3,10:20,1,2,6,1,2,97209,A,"14,6173100"," -61,0713300",972
202000045202,20,7,25,10:00,2,2,1,1,-1,13208,M,"43,2545430","5,3789010",13
202000045203,20,1,3,07:15,5,2,4,8,3,69149,M,"45,7135600","4,8054400",69
202000045204,20,7,24,23:30,5,2,1,1,6,13202,M,"43,2963350","5,3685420",13
202000045205,20,10,22,07:10,3,1,1,2,3,95582,M,"48,9684440","2,2517610",95
202000045206,20,1,2,11:16,1,2,1,2,6,87085,M,"45,8318900","1,2580200",87
202000045207,20,7,24,17:39,1,1,1,1,7,13005,M,"43,2790010","5,5869000",13
202000045208,20,7,26,00:31,5,2,3,1,3,10387,M,"48,2929740","4,0647310",10
202000045209,20,10,22,08:10,1,1,1,2,2,95365,M,"49,0676883","2,3971921",95
202000045210,20,5,23,22:05,5,2,3,1,3,94021,M,"48,7752478","2,3560226",94
202000045211,20,7,24,13:45,1,2,1,1,4,09122,M,"42,9455000","1,6278400",09
202000045212,20,1,1,02:27,5,2,1,1,1,87085,M,"45,8593700","1,2567100",87
202000045213,20,7,24,17:15,1,2,9,1,2,09122,M,"42,9637013","1,6083356",09
202000045214,20,1,3,10:55,1,2,2,1,6,83137,M,"43,1218378","5,9555572",83
202000045215,20,10,22,06:50,3,1,1,1,7,93048,M,"48,8733700","2,4359300",93
202000045216,20,5,23,12:49,1,2,1,1,3,94077,M,"48,7315650","2,4138730",94
202000045217,20,10,21,16:30,1,1,1,1,6,95527,M,"48,9887508","2,5075183",95
202000045218,20,7,25,01:50,5,2,1,1,3,06083,M,"43,7850050","7,5266780",06
202000045219,20,5,23,08:30,1,2,9,2,3,94022,M,"48,7572000","2,4137000",94
202000045220,20,7,24,17:30,1,2,1,1,3,06069,M,"43,6590000","6,9256000",06
202000045221,20,10,21,14:30,1,1,1,1,2,93007,M,"48,9225800","2,4802900",93
202000045222,20,1,3,12:15,1,2,1,1,5,78638,M,"49,0075423","1,9589183",78
202000045223,20,10,21,10:20,1,1,1,2,6,95127,M,"49,0470900","2,0723600",95
202000045224,20,5,23,21:30,5,2,1,1,3,93072,M,"48,9529600","2,3686900",93
202000045225,20,10,21,19:10,5,1,1,1,3,94052,M,"48,8353294","2,4939891",94
202000045226,20,1,3,13:45,1,2,1,1,6,74010,M,"45,9075000","6,1237900",74
202000045227,20,10,22,14:00,1,1,1,1,-1,94046,M,"48,8085629","2,4490579",94
202000045228,20,7,25,19:40,1,2,1,1,3,06027,M,"43,6587070","7,1508220",06
202000045229,20,1,3,18:30,3,2,1,2,2,69266,M,"45,7846794","4,8894232",69
202000045230,20,1,2,12:20,1,1,2,1,3,69290,M,"45,7035200","4,9145100",69
202000045231,20,10,21,16:50,1,1,9,1,3,77169,M,"48,8176770","2,6185600",77
202000045232,20,7,25,12:55,1,2,1,1,3,06027,M,"43,6661000","7,1752000",06
202000045233,20,1,3,17:30,5,2,1,1,3,68376,M,"47,7979360","7,3104690",68
202000045234,20,8,5,12:07,1,2,1,1,4,93073,M,"48,9440000","2,5685000",93
202000045235,20,7,24,13:00,1,2,1,1,6,06027,M,"43,6646900","7,1386780",06
202000045236,20,1,2,10:50,1,2,1,1,6,67482,M,"48,5861040","7,7716770",67
202000045237,20,10,20,12:14,1,2,9,1,6,97416,R," -21,3436400","55,4787500",974
202000045238,20,7,24,09:50,1,2,1,1,6,04070,M,"44,0921865","6,2343816",04
202000045239,20,1,1,06:25,5,2,1,5,6,67267,M,"48,5638490","7,6825980",67
202000045240,20,7,25,02:55,5,2,1,1,2,75119,M,"48,8935410","2,3950710",75
202000045241,20,10,21,12:10,1,2,2,1,6,69383,M,"45,7570100","4,8529400",69
202000045242,20,5,23,17:15,1,2,1,1,6,93071,M,"48,9372563","2,5141627",93
202000045243,20,1,3,08:00,1,1,1,1,-1,66136,M,"42,6705000","2,8591140",66
202000045244,20,1,3,21:00,5,2,1,1,5,64024,M,"43,4938600"," -1,5207200",64
202000045245,20,10,20,18:00,2,2,1,1,6,69383,M,"45,7565500","4,8474200",69
202000045246,20,5,23,19:40,2,2,9,1,3,93048,M,"48,8672234","2,4422329",93
202000045247,20,7,23,19:57,1,2,1,1,3,75113,M,"48,8161200","2,3599110",75
202000045248,20,1,2,17:00,2,2,3,1,3,64102,M,"43,4988800"," -1,4579100",64
202000045249,20,10,19,17:10,1,1,1,1,2,97209,A,"14,6173269"," -61,0412199",972
202000045250,20,7,24,22:35,5,2,5,1,3,75112,M,"48,8355790","2,4065040",75
202000045251,20,10,21,16:40,1,2,1,2,1,69149,M,"45,7137500","4,8056700",69
202000045252,20,5,22,17:50,1,2,3,2,3,92046,M,"48,8151970","2,2894120",92
202000045253,20,7,25,18:10,1,2,2,1,6,75116,M,"48,8414580","2,2561150",75
202000045254,20,5,24,09:34,1,2,1,1,3,12300,M,"44,3620080","2,0418700",12
202000045255,20,1,2,16:10,2,2,3,1,3,59360,M,"50,6041663","3,0281067",59
202000045256,20,10,21,10:30,1,2,1,1,7,2B033,M,"42,6811700","9,4281600",2B
202000045257,20,7,25,14:52,1,2,2,1,3,75114,M,"48,8419770","2,3226510",75
202000045258,20,10,19,23:45,5,2,1,1,5,2B033,M,"42,6949800","9,4521400",2B
202000045259,20,1,3,13:00,1,2,1,2,7,45284,M,"47,9134570","1,9781580",45
202000045260,20,10,21,13:20,1,2,1,1,6,97101,A,"16,2658555"," -61,5101445",971
202000045261,20,7,23,14:15,1,2,2,1,3,75112,M,"48,8464450","2,3789540",75
202000045262,20,7,25,20:50,2,2,2,1,6,75111,M,"48,8587230","2,3785860",75
202000045263,20,10,9,14:00,1,2,1,2,6,97105,A,"15,9884425"," -61,7190510",971
202000045264,20,5,24,17:35,1,2,1,7,3,06161,M,"43,6356610","7,1335810",06
202000045265,20,5,24,01:28,3,1,1,1,6,21111,M,"47,4030271","5,1829278",21
202000045266,20,7,25,18:20,1,2,4,1,6,75110,M,"48,8755490","2,3567300",75
202000045267,20,10,18,20:30,3,2,1,8,1,91215,M,"48,6851100","2,5147700",91
202000045268,20,5,24,09:35,1,2,1,1,7,97405,R," -21,3461150","55,5606240",974
202000045269,20,7,24,13:50,1,2,2,1,3,75108,M,"48,8783790","2,3155580",75
202000045270,20,1,3,09:10,1,2,1,2,1,45147,M,"47,9316660","1,9045080",45
202000045271,20,10,21,12:55,1,2,9,1,3,91645,M,"48,7409400","2,2655500",91
202000045272,20,1,2,07:30,2,2,6,2,7,45298,M,"47,8928700","1,8761510",45
202000045273,20,10,21,13:40,1,1,1,1,2,91223,M,"48,4577600","2,0899300",91
202000045274,20,1,2,12:14,1,2,1,1,6,37122,M,"47,3469133","0,6621157",37
202000045275,20,7,25,16:35,1,2,3,1,6,75104,M,"48,8550650","2,3616820",75
202000045276,20,5,24,20:40,1,1,1,1,6,57498,M,"49,3115750","6,0164840",57
202000045277,20,1,3,23:10,5,2,1,2,7,35238,M,"48,1097000"," -1,6841000",35
202000045278,20,10,21,15:28,1,2,6,1,3,86066,M,"46,7886500","0,5256200",86
202000045279,20,7,24,17:10,1,2,7,1,3,75102,M,"48,8686510","2,3413360",75
202000045280,20,1,2,21:00,5,2,1,8,2,35115,M,"48,3530500"," -1,2007780",35
202000045281,20,1,3,22:10,5,2,3,8,3,33063,M,"44,8428520"," -0,5793410",33
202000045282,20,2,27,14:20,1,2,2,2,6,33281,M,"44,8565300"," -0,6531200",33
202000045283,20,5,9,11:55,1,1,3,1,3,56137,M,"47,7609430"," -2,6867960",56
202000045284,20,7,25,21:05,2,2,3,8,1,94081,M,"48,7877000","2,3981000",94
202000045285,20,1,2,21:45,5,2,1,1,3,31555,M,"43,6093500","1,4545900",31
202000045286,20,10,19,17:02,1,2,6,1,3,86066,M,"46,8368300","0,5335100",86
202000045287,20,5,23,18:40,1,1,1,1,6,79130,M,"46,2660760"," -0,5300260",79
202000045288,20,7,25,16:10,1,2,1,1,6,94028,M,"48,7951580","2,4591900",94
202000045289,20,1,3,19:45,5,2,1,1,3,14383,M,"49,1436000"," -0,4045300",14
202000045290,20,8,22,19:45,5,2,6,1,1,83098,M,"43,1044300","6,0236100",83
202000045291,20,7,25,19:00,1,2,1,1,3,93066,M,"48,9416103","2,3540279",93
202000045292,20,10,21,20:30,5,1,1,1,6,77350,M,"48,7643400","2,6604000",77
202000045293,20,7,24,20:00,1,2,3,1,3,93039,M,"48,9367580","2,3404630",93
202000045294,20,10,20,16:00,1,2,6,2,2,77053,M,"48,7036800","2,6069400",77
202000045295,20,7,25,19:28,1,2,3,1,3,93049,M,"48,8641900","2,5123200",93
202000045296,20,10,20,09:43,1,1,1,1,7,76305,M,"49,4563659","0,2321780",76