Num_Acc,an,mois,jour,hrmn,lum,agg,int,atm,col,com,gps,lat,long,dep
202000045297,20,7,25,20:30,1,2,1,2,2,93029,M,"48,9160792","2,4303591",93
202000045298,20,5,22,21:15,2,1,1,1,7,80025,M,"50,3449780","1,8344320",80
202000045299,20,1,3,19:30,4,2,1,1,3,13207,M,"43,2765336","5,3581578",13
202000045300,20,10,20,14:45,1,2,3,1,3,76351,M,"49,4975900","0,1341500",76
202000045301,20,10,17,18:00,2,1,1,1,7,71499,M,"46,6672981","4,2875433",71
202000045302,20,5,22,19:51,1,1,1,1,6,33093,M,"44,7100600"," -0,3369500",33
202000045303,20,10,20,12:15,1,2,1,1,6,71306,M,"46,6659376","4,3626724",71
202000045304,20,5,23,17:45,1,2,1,1,7,89311,M,"47,7564060","3,4186690",89
202000045305,20,10,17,16:45,1,2,1,1,7,69115,M,"45,9783900","4,7252800",69
202000045306,20,5,24,17:45,1,1,1,1,7,42153,M,"45,9518694","4,1856452",42
202000045307,20,10,20,15:30,1,1,1,1,6,69013,M,"46,0215594","4,7202453",69
202000045308,20,5,24,10:30,1,2,1,1,2,42172,M,"45,3756750","4,4432290",42
202000045309,20,1,3,14:15,1,2,1,1,2,13214,M,"43,3302708","5,3700726",13
202000045310,20,7,24,19:20,1,2,3,1,3,92073,M,"48,8680350","2,2253590",92
202000045311,20,1,3,17:30,5,2,1,1,6,13210,M,"43,2749390","5,4157530",13
202000045312,20,5,24,18:25,1,1,9,1,6,31407,M,"43,7402450","1,5666090",31
202000045313,20,5,24,16:30,1,1,9,1,3,02619,M,"49,5300831","3,4103107",02
202000045314,20,5,24,11:15,1,1,1,1,6,03217,M,"46,3609799","2,6920152",03
202000045315,20,7,24,15:21,1,2,1,1,6,92073,M,"48,8676148","2,2261586",92
202000045316,20,5,22,23:30,3,1,1,8,7,70104,M,"47,4196160","5,8217780",70
202000045317,20,7,25,11:00,1,2,1,1,6,92035,M,"48,9070356","2,2444504",92
202000045318,20,10,21,15:50,1,1,3,1,3,64545,M,"43,3496700"," -1,7428300",64
202000045319,20,5,24,21:00,3,1,1,1,6,64504,M,"43,3245530"," -1,5866020",64
202000045320,20,10,20,08:55,2,2,1,2,6,64102,M,"43,4860300"," -1,4826900",64
202000045321,20,10,20,11:25,1,2,1,1,6,62108,M,"50,4190500","1,5704840",62
202000045322,20,5,24,13:15,1,1,1,1,1,10355,M,"48,5208110","3,4845540",10
202000045323,20,1,3,13:45,1,1,1,8,6,13002,M,"43,3800000","5,5425600",13
202000045324,20,10,16,08:30,1,2,1,1,3,58194,M,"46,9870500","3,1466400",58
202000045325,20,5,24,01:45,3,1,1,1,7,10011,M,"48,2864840","4,7271040",10
202000045326,20,6,6,12:45,1,1,1,1,2,97415,R," -20,9799130","55,2948010",974
202000045327,20,1,1,05:50,5,2,1,1,6,11262,M,"43,1752900","2,9838100",11
202000045328,20,5,24,08:50,1,1,1,1,1,07197,M,"45,2134630","4,6851750",07
202000045329,20,10,20,20:10,5,2,4,1,6,54395,M,"48,6820925","6,1649153",54
202000045330,20,7,25,14:15,1,1,1,1,6,24372,M,"45,1581960","0,5411410",24
202000045331,20,7,24,16:15,1,1,1,1,7,73218,M,"45,8498917","5,8379483",73
202000045332,20,10,20,16:20,1,2,1,1,4,54395,M,"48,6812660","6,2037810",54
202000045333,20,5,24,02:00,3,1,1,1,6,40195,M,"43,7541400"," -0,4485510",40
202000045334,20,1,2,14:19,1,2,1,8,6,10387,M,"48,3149200","4,0747500",10
202000045335,20,1,2,06:39,3,1,1,2,6,10343,M,"48,2667640","4,1080610",10
202000045336,20,10,21,09:00,1,2,6,2,3,35055,M,"48,0879900"," -1,6084800",35
202000045337,20,1,2,19:00,4,1,9,1,4,09225,M,"43,1016610","1,6358060",09
202000045338,20,10,21,08:10,2,1,1,3,3,35238,M,"48,0778060"," -1,6752310",35
202000045339,20,1,1,12:15,1,2,9,7,6,06083,M,"43,7901330","7,4924720",06
202000045340,20,5,24,18:10,1,1,1,1,6,85288,M,"46,4741000"," -1,6173600",85
202000045341,20,10,21,07:20,5,2,2,3,1,35238,M,"48,1191000"," -1,7134900",35
202000045342,20,1,3,19:35,5,2,3,1,1,06027,M,"43,6602000","7,1730000",06
202000045343,20,1,4,00:20,5,2,1,2,6,03321,M,"46,5514596","3,3485395",03
202000045344,20,5,23,20:30,2,1,1,1,1,17213,M,"46,0469360"," -0,5308840",17
202000045345,20,1,2,18:30,2,2,1,1,3,75116,M,"48,8619340","2,2646000",75
202000045346,20,1,2,16:30,5,2,1,1,3,75120,M,"48,8731820","2,4119050",75
202000045347,20,5,22,19:40,1,2,1,1,2,17268,M,"46,0123952"," -0,4340726",17
202000045348,20,10,20,17:30,1,2,2,1,3,35238,M,"48,1124700"," -1,6661700",35
202000045349,20,1,2,13:20,1,2,3,1,3,75106,M,"48,8416210","2,3325820",75
202000045350,20,7,25,17:20,1,2,1,1,6,41029,M,"47,4937970","1,2602680",41
202000045351,20,10,21,21:25,5,2,1,1,3,33200,M,"44,8753100"," -0,6793200",33
202000045352,20,7,25,16:40,2,2,3,1,3,97422,R," -21,2747980","55,5071350",974
202000045353,20,10,21,14:00,1,2,1,1,3,33234,M,"44,8033800"," -0,5092100",33
202000045354,20,10,21,15:25,1,2,1,1,7,33529,M,"44,6237286"," -1,1281930",33
202000045355,20,7,26,19:20,3,1,1,1,6,97404,R," -21,2793470","55,3416430",974
202000045356,20,10,21,07:55,2,1,1,1,7,33529,M,"44,5566600"," -1,1533300",33
202000045357,20,7,26,08:00,1,1,1,1,7,97208,A,"14,7245830"," -61,1021800",972
202000045358,20,12,3,16:50,5,2,1,3,3,77307,M,"48,8674625","2,7570622",77
202000045359,20,10,21,19:55,3,1,1,1,6,31565,M,"43,0946300","0,6919000",31
202000045360,20,1,3,19:40,5,2,1,2,2,75119,M,"48,8791410","2,4006390",75
202000045361,20,1,3,18:40,5,2,1,2,3,75119,M,"48,8778890","2,4051070",75
202000045362,20,1,3,19:00,5,2,1,2,6,75117,M,"48,8840742","2,2981717",75
202000045363,20,1,2,19:05,5,2,1,8,7,75117,M,"48,8899010","2,2981450",75
202000045364,20,12,2,08:25,1,2,6,1,6,76497,M,"49,3931400","1,0290300",76
202000045365,20,7,26,01:20,3,1,6,1,2,11041,M,"43,2908890","2,8661010",11
202000045366,20,5,24,11:55,1,1,1,1,1,52118,M,"48,4789810","5,1193930",52
202000045367,20,1,2,09:40,1,2,1,1,6,75118,M,"48,8950628","2,3281288",75
202000045368,20,5,23,12:20,1,1,1,2,2,01383,M,"46,1036230","5,1351270",01
202000045369,20,10,20,17:15,1,2,2,9,3,29019,M,"48,4089300"," -4,4627600",29
202000045370,20,7,25,08:20,1,2,9,1,3,83036,M,"43,1804510","6,5367040",83
202000045371,20,11,28,15:10,1,2,1,7,6,76259,M,"49,7531000","0,3701000",76
202000045372,20,1,2,08:30,1,2,4,1,6,75117,M,"48,8878574","2,3110729",75
202000045373,20,12,3,13:28,1,2,1,1,6,71270,M,"46,2961235","4,8147368",71
202000045374,20,1,2,15:35,1,2,7,2,3,75116,M,"48,8737392","2,2940947",75
202000045375,20,12,3,09:55,1,2,3,1,3,66136,M,"42,6881600","2,8971500",66
202000045376,20,5,24,02:50,3,1,1,1,6,97103,A,"16,2597720"," -61,6211340",971
202000045377,20,1,3,14:20,1,2,1,8,6,75115,M,"48,8383870","2,2691970",75
202000045378,20,1,2,14:40,1,2,2,8,3,75115,M,"48,8545820","2,2888490",75
202000045379,20,1,2,06:55,5,2,2,1,3,75115,M,"48,8465570","2,2859930",75
202000045380,20,1,3,14:42,1,2,2,1,3,75113,M,"48,8261800","2,3572710",75
202000045381,20,7,25,18:00,1,1,1,1,1,67395,M,"48,6915690","7,3968890",67
202000045382,20,12,2,12:40,1,2,1,1,6,66136,M,"42,7072300","2,8917500",66
202000045383,20,5,24,13:00,1,1,1,2,7,97312,G,"5,3161758"," -53,0443954",973
202000045384,20,10,7,17:25,1,2,1,1,1,26198,M,"44,5590000","4,7458000",26
202000045385,20,1,2,14:29,1,2,3,5,3,75113,M,"48,8210128","2,3507452",75
202000045386,20,5,23,19:30,3,2,1,1,1,97134,A,"16,0884960"," -61,7669610",971
202000045387,20,1,3,16:14,1,2,1,8,6,75112,M,"48,8378860","2,3823287",75
202000045388,20,7,25,12:13,1,2,1,1,6,67437,M,"48,7397521","7,3708202",67
202000045389,20,5,22,16:32,1,2,1,1,7,45028,M,"47,7833110","1,6199110",45
202000045390,20,12,2,15:00,1,2,1,1,6,66136,M,"42,7383000","2,8918900",66
202000045391,20,10,21,10:25,1,2,6,1,3,17274,M,"46,1533100"," -1,1110600",17
202000045392,20,1,2,15:05,1,2,2,1,3,75112,M,"48,8462696","2,3774922",75
202000045393,20,5,23,08:10,1,1,1,1,1,2A300,M,"41,6577320","9,3019870",2A
202000045394,20,11,30,17:40,1,2,1,8,6,64445,M,"43,3293700"," -0,3532600",64
202000045395,20,10,20,11:55,1,2,1,2,6,16102,M,"45,6945050"," -0,3493010",16
202000045396,20,12,2,07:45,3,2,1,1,7,64024,M,"43,4701700"," -1,4980200",64
202000045397,20,7,26,03:10,3,1,1,1,6,14061,M,"48,9455750"," -0,8826400",14
202000045398,20,5,23,11:35,1,1,1,1,7,83071,M,"43,1511290","6,2704470",83
202000045399,20,1,3,20:50,5,2,4,1,6,75110,M,"48,8804254","2,3523410",75
202000045400,20,10,20,16:30,3,2,1,1,1,14437,M,"49,1700000"," -0,3237000",14
202000045401,20,10,21,07:35,5,2,7,2,3,14118,M,"49,1745990"," -0,3383520",14
202000045402,20,1,3,08:15,2,2,1,1,3,75110,M,"48,8767440","2,3702980",75
202000045403,20,5,24,12:00,1,1,1,1,6,83035,M,"43,2361990","5,8015540",83
202000045404,20,11,24,16:30,1,2,1,7,6,63063,M,"45,8352895","3,0949356",63
202000045405,20,10,21,17:15,1,2,1,1,2,13214,M,"43,3303700","5,3705400",13
202000045406,20,5,24,15:40,1,1,1,1,1,04171,M,"43,7921170","6,3841300",04
202000045407,20,1,2,11:20,1,2,1,8,7,75107,M,"48,8548550","2,3063930",75
202000045408,20,7,25,11:40,1,1,1,1,3,17391,M,"46,1505179"," -1,0564739",17
202000045409,20,11,24,11:20,1,2,2,1,6,62498,M,"50,4284500","2,8286600",62
202000045410,20,7,26,12:40,1,2,1,1,5,97410,R," -21,0527880","55,7146200",974
202000045411,20,5,24,04:30,3,1,1,1,2,26179,M,"45,0745810","4,8686170",26
202000045412,20,11,28,16:20,1,2,1,1,3,61001,M,"48,4309300","0,0654200",61
202000045413,20,10,21,17:45,1,2,1,1,6,13208,M,"43,2697190","5,3866740",13
202000045414,20,10,21,14:30,1,2,4,1,3,13214,M,"43,3478500","5,3768900",13
202000045415,20,12,3,17:00,5,2,3,2,6,59279,M,"50,7827990","3,1261450",59
202000045416,20,7,25,03:30,3,1,1,1,7,58033,M,"47,5051600","3,0563500",58
202000045417,20,1,3,14:45,1,2,3,1,6,75103,M,"48,8578620","2,3664300",75
202000045418,20,5,23,12:20,1,2,3,2,6,68298,M,"48,2468510","7,1850850",68
202000045419,20,10,13,17:45,1,2,1,1,3,13210,M,"43,2754950","5,4333650",13
202000045420,20,11,30,16:50,5,2,1,2,6,59295,M,"50,7374312","2,5489810",59
202000045421,20,7,25,18:30,1,1,1,1,6,42210,M,"45,4937660","4,6206090",42
202000045422,20,1,3,15:05,1,2,2,2,3,75104,M,"48,8560680","2,3506930",75
202000045423,20,10,20,22:00,5,2,1,1,7,13204,M,"43,3095700","5,4031200",13
202000045424,20,1,3,15:25,1,2,3,1,6,94021,M,"48,7730200","2,3391200",94
202000045425,20,11,29,16:40,1,2,1,1,3,59329,M,"50,3514700","3,0787000",59
202000045426,20,1,3,18:50,5,2,1,1,6,94028,M,"48,7812268","2,4451622",94
202000045427,20,10,19,18:25,2,2,1,1,4,13205,M,"43,2928000","5,4012800",13
202000045428,20,10,24,22:40,5,2,1,1,6,58194,M,"46,9911000","3,1628000",58
202000045429,20,1,3,13:00,1,2,7,1,1,94079,M,"48,8273400","2,5423400",94
202000045430,20,10,18,16:35,1,1,8,1,3,13047,M,"43,4888180","4,9641760",13
202000045431,20,1,3,09:00,2,2,3,1,3,93078,M,"48,9624862","2,5341864",93
202000045432,20,5,16,19:00,1,1,1,1,6,88464,M,"48,1076890","6,6429520",88
202000045433,20,1,3,10:33,1,2,3,2,3,93053,M,"48,8906300","2,4514500",93
202000045434,20,5,24,20:15,1,1,1,1,6,57271,M,"49,1037850","6,7989660",57
202000045435,20,1,3,20:50,5,2,1,2,2,93048,M,"48,8573097","2,4406223",93
202000045436,20,5,23,09:02,1,2,1,1,3,31420,M,"43,5056010","1,3910630",31
202000045437,20,7,26,07:30,1,1,1,1,-1,83019,M,"43,1512390","6,3083730",83
202000045438,20,7,26,05:00,2,1,1,1,1,59382,M,"50,0560640","3,4180360",59
202000045439,20,11,30,20:30,5,2,1,2,1,54304,M,"48,6972420","6,1347431",54
202000045440,20,10,20,09:00,1,2,1,1,6,13004,M,"43,6802200","4,6338800",13
202000045441,20,1,3,13:40,1,2,2,1,1,93027,M,"48,9209900","2,3831200",93
202000045442,20,7,26,02:00,3,1,1,1,3,56146,M,"48,0970140"," -2,9830240",56
202000045443,20,7,26,07:05,1,2,8,1,6,56231,M,"47,7023400"," -2,6506290",56
202000045444,20,5,22,17:15,1,1,2,1,4,17395,M,"45,7185820"," -0,4948680",17
202000045445,20,12,2,17:25,5,2,1,2,3,50218,M,"48,8379700"," -1,5766900",50
202000045446,20,10,20,07:20,2,2,1,1,6,13004,M,"43,6797400","4,6338800",13
202000045447,20,1,3,15:30,1,2,9,8,2,92075,M,"48,8194000","2,2882800",92
202000045448,20,10,17,18:05,1,1,1,1,2,13001,M,"43,5359000","5,4314800",13
202000045449,20,7,21,08:10,1,1,9,1,7,67053,M,"48,2340151","7,5654853",67
202000045450,20,1,3,20:10,5,2,1,2,6,92049,M,"48,8175690","2,3109620",92
202000045451,20,10,20,18:27,5,2,1,2,2,10362,M,"48,2923500","4,0408400",10
202000045452,20,1,3,09:35,1,2,1,1,3,92012,M,"48,8323000","2,2393000",92
202000045453,20,10,20,17:53,1,2,9,2,2,10387,M,"48,3040000","4,0883000",10
202000045454,20,7,26,02:20,5,1,3,1,2,2B187,M,"42,6629360","9,3150120",2B
202000045455,20,5,24,07:30,1,1,1,1,6,29169,M,"48,0724440"," -4,1855230",29
202000045456,20,1,3,20:20,5,2,2,2,3,92012,M,"48,8416711","2,2369878",92
202000045457,20,12,3,07:55,4,2,1,3,6,50129,M,"49,6445100"," -1,6314800",50
202000045458,20,1,4,14:25,1,1,1,1,2,71305,M,"46,4663906","4,8802595",71
202000045459,20,7,26,13:00,1,1,1,1,-1,11209,M,"42,9701270","2,2594450",11
202000045460,20,10,21,13:45,1,1,1,1,4,09122,M,"42,9879730","1,6157110",09
202000045461,20,12,2,18:15,3,2,2,2,3,50173,M,"49,6533300"," -1,6632800",50
202000045462,20,10,20,10:28,1,2,3,1,6,06004,M,"43,5825000","7,1202000",06
202000045463,20,1,4,04:35,3,1,1,5,6,85144,M,"46,8483120"," -1,0881110",85
202000045464,20,11,30,14:00,1,2,3,1,3,50602,M,"49,6474300"," -1,5912500",50
202000045465,20,5,24,17:45,1,1,1,1,7,60241,M,"49,1700930","2,6748195",60
202000045466,20,7,25,17:30,1,2,5,1,7,55571,M,"49,3295550","5,2334940",55
202000045467,20,10,21,17:25,1,2,1,1,2,75116,M,"48,8611710","2,2638910",75
202000045468,20,7,26,10:00,1,1,1,1,6,49200,M,"47,5435601"," -0,6530800",49
202000045469,20,1,3,22:30,3,2,1,1,6,41120,M,"47,7933060","0,9376650",41
202000045470,20,10,21,10:35,1,2,3,1,3,75119,M,"48,8983450","2,3861620",75
202000045471,20,6,25,11:00,1,1,1,1,7,86244,M,"46,3568800","0,0199130",86
202000045472,20,12,2,15:30,1,2,1,1,1,49353,M,"47,4534900"," -0,4980700",49
202000045473,20,1,3,20:40,3,1,1,1,1,56218,M,"47,7254590"," -2,2701840",56
202000045474,20,10,20,11:15,1,2,1,8,6,75118,M,"48,8935020","2,3374490",75
202000045475,20,1,4,04:00,3,1,1,1,6,65460,M,"43,3853800","0,0980830",65
202000045476,20,12,3,17:58,4,2,9,2,6,45068,M,"48,0121690","2,7394530",45
202000045477,20,7,25,16:25,1,2,2,1,3,22207,M,"48,6185130"," -3,4623780",22
202000045478,20,10,21,11:20,1,2,1,1,1,75117,M,"48,8752740","2,2954430",75
202000045479,20,1,3,13:45,1,1,1,8,6,89081,M,"47,8428500","3,7776540",89
202000045480,20,11,21,11:10,1,2,1,1,6,44109,M,"47,2352300"," -1,5675300",44
202000045481,20,7,26,17:45,1,2,1,1,7,22346,M,"48,3595710"," -2,6247130",22
202000045482,20,5,24,08:32,1,2,1,1,1,62543,M,"50,6352950","2,3040820",62
202000045483,20,7,26,04:25,3,1,1,1,6,25083,M,"47,4754040","6,4947640",25
202000045484,20,1,3,13:35,1,1,1,2,1,39323,M,"47,1681300","5,4965540",39
202000045485,20,10,21,07:50,3,2,2,1,6,75117,M,"48,8894350","2,3187020",75
202000045486,20,11,30,06:20,5,2,3,1,3,41018,M,"47,5899100","1,3418660",41
202000045487,20,7,26,00:25,3,2,1,2,6,44216,M,"46,9697110"," -1,4308570",44
202000045488,20,1,4,11:00,1,2,1,1,6,35297,M,"48,1980430"," -2,1970780",35
202000045489,20,10,19,20:50,5,2,2,1,2,75117,M,"48,8851490","2,2956670",75
202000045490,20,12,3,08:40,1,2,1,1,6,38421,M,"45,1753700","5,7532100",38
202000045491,20,10,19,20:40,5,2,1,1,3,75116,M,"48,8553420","2,2669880",75
202000045492,20,7,26,10:45,1,1,5,1,3,44015,M,"47,4621900"," -1,8795420",44
202000045493,20,7,24,17:30,1,2,7,1,6,44003,M,"47,3654150"," -1,1772640",44
202000045494,20,10,21,20:50,5,2,1,1,3,75115,M,"48,8352230","2,2923280",75
202000045495,20,7,24,16:05,1,1,1,7,5,31188,M,"43,5460399","1,2054054",31
202000045496,20,10,21,17:55,1,2,4,1,6,75115,M,"48,8296830","2,3017630",75
202000045497,20,1,3,18:00,3,1,3,1,3,29130,M,"48,3587280"," -4,6305333",29
202000045498,20,12,1,08:55,1,2,1,1,7,37261,M,"47,3899119","0,6882891",37
202000045499,20,10,21,10:50,1,2,7,2,6,75115,M,"48,8453770","2,3110040",75
202000045500,20,12,3,08:15,2,2,3,2,2,37233,M,"47,3783083","0,7416408",37
202000045501,20,10,21,20:21,5,2,7,1,3,75112,M,"48,8481410","2,3974760",75
202000045502,20,1,3,23:40,3,1,1,8,6,26155,M,"45,3222300","5,0021010",26
202000045503,20,12,3,07:30,3,1,1,2,7,37195,M,"47,3893889","0,6487258",37
202000045504,20,10,19,20:30,5,2,2,1,3,75112,M,"48,8473470","2,3867860",75
202000045505,20,7,25,18:00,1,2,1,1,3,38015,M,"45,5368740","5,1638100",38
202000045506,20,5,23,13:00,1,1,1,1,2,62355,M,"50,3332030","2,9145420",62
202000045507,20,11,30,16:23,1,2,1,1,7,37261,M,"47,3735830","0,6982547",37
202000045508,20,5,23,12:15,1,2,1,1,2,62557,M,"50,3280300","2,7122960",62
202000045509,20,5,24,01:15,5,2,1,1,6,62801,M,"50,3935820","2,7499670",62
202000045510,20,12,3,00:00,5,2,3,1,3,34172,M,"43,6089200","3,8908500",34
202000045511,20,5,23,09:40,1,1,1,2,7,94034,M,"48,7559073","2,3351273",94
202000045512,20,5,23,01:00,5,1,1,2,7,94037,M,"48,8153200","2,3561900",94
202000045513,20,10,21,15:10,1,2,2,1,4,75110,M,"48,8704910","2,3611930",75
202000045514,20,12,3,14:00,1,2,3,2,3,33039,M,"44,8045900"," -0,5721400",33
202000045515,20,10,20,15:45,1,2,1,2,3,75108,M,"48,8797600","2,3139050",75
202000045516,20,5,22,18:22,1,1,1,1,6,91468,M,"48,5762700","2,4647200",91
202000045517,20,7,10,06:00,1,1,1,1,6,03258,M,"46,1914093","3,3846577",03
202000045518,20,7,25,10:20,1,1,1,1,1,15258,M,"44,9695060","2,6226240",15
202000045519,20,11,28,18:45,5,2,2,1,3,33063,M,"44,8334100"," -0,5985400",33
202000045520,20,10,19,11:15,1,2,1,1,5,94068,M,"48,7937050","2,4887280",94
202000045521,20,5,23,07:00,1,1,1,2,6,95582,M,"48,9724800","2,2473400",95
202000045522,20,7,25,17:15,1,1,1,1,1,06059,M,"43,7244250","7,3370270",06
202000045523,20,12,2,16:00,1,2,1,2,3,31069,M,"43,6311700","1,3899200",31
202000045524,20,10,21,20:30,5,2,1,1,7,94052,M,"48,8370480","2,4837560",94
202000045525,20,7,26,02:40,3,1,1,2,6,14143,M,"49,0924859"," -0,8518255",14
202000045526,20,5,22,11:30,1,1,9,1,3,97411,R," -20,8881100","55,4333500",974
202000045527,20,12,3,13:25,1,2,1,1,3,30189,M,"43,8215600","4,3581100",30
202000045528,20,7,25,12:10,1,2,3,1,2,90082,M,"47,5916180","6,9559120",90
202000045529,20,10,21,17:00,1,2,2,1,6,94041,M,"48,8091100","2,3736700",94
202000045530,20,5,22,18:55,1,2,1,1,6,69387,M,"45,7305100","4,8351200",69
202000045531,20,7,23,09:40,1,2,6,1,3,83007,M,"43,6175340","6,2203970",83
202000045532,20,12,3,18:29,5,2,3,2,6,29232,M,"47,9967174"," -4,1115351",29
202000045533,20,5,22,09:15,1,2,2,1,3,69388,M,"45,7428800","4,8674400",69
202000045534,20,7,22,23:10,3,1,1,1,7,60155,M,"49,2857300","2,3489390",60
202000045535,20,12,3,16:25,1,2,3,2,3,29232,M,"48,0003600"," -4,1012500",29
202000045536,20,10,21,15:25,1,2,2,1,3,94073,M,"48,7666000","2,3862300",94
202000045537,20,7,26,07:30,1,1,1,1,7,64477,M,"43,1720790"," -1,3518660",64
202000045538,20,5,16,00:35,5,2,3,1,3,69386,M,"45,7663000","4,8596000",69
202000045539,20,10,21,16:45,1,2,1,1,6,94054,M,"48,7480100","2,4068320",94
202000045540,20,12,3,08:00,2,1,6,3,1,29232,M,"47,9817192"," -4,0352780",29
202000045541,20,7,26,07:25,2,1,1,1,6,36078,M,"46,5857658","1,8770581",36
202000045542,20,9,11,08:00,1,2,1,1,6,28134,M,"48,7302900","1,3797300",28
202000045543,20,5,22,19:50,5,1,3,1,3,97209,A,"14,6153600"," -61,0617200",972
202000045544,20,11,9,22:45,3,1,1,1,6,27528,M,"49,2723000","1,1594500",27
202000045545,20,7,23,11:45,1,1,1,7,3,36055,M,"46,9296674","1,2154053",36
202000045546,20,12,3,17:50,5,2,1,3,6,19272,M,"45,2519476","1,7650759",19
202000045547,20,12,3,17:55,5,2,1,3,6,17300,M,"46,1675200"," -1,1807200",17
202000045548,20,5,22,06:30,1,1,1,1,2,97209,A,"14,6054600"," -61,0900000",972
202000045549,20,12,3,15:45,1,2,1,3,6,17300,M,"46,1583200"," -1,1443100",17
202000045550,20,10,21,07:10,5,2,1,2,7,94071,M,"48,7735770","2,5044800",94
202000045551,20,5,22,22:25,5,2,1,1,6,69382,M,"45,7526000","4,8245000",69
202000045552,20,7,25,18:10,1,1,1,1,7,16393,M,"45,7633920","0,1574130",16
202000045553,20,10,21,17:55,1,2,2,1,6,93078,M,"48,9555250","2,5390381",93
202000045554,20,12,3,16:25,1,2,1,3,7,17300,M,"46,1669200"," -1,1923700",17
202000045555,20,7,26,12:00,1,1,1,1,3,53059,M,"48,1024020"," -0,5048130",53
202000045556,20,10,21,14:50,1,2,1,1,3,93066,M,"48,9334435","2,3423428",93
202000045557,20,7,25,04:20,3,1,1,1,7,04031,M,"43,9011860","6,1387610",04
202000045558,20,10,20,15:25,1,2,1,2,2,93048,M,"48,8578100","2,4350100",93
202000045559,20,7,24,23:30,3,1,1,1,6,27209,M,"49,3037270","0,7360300",27
202000045560,20,10,21,16:50,1,2,9,1,6,93046,M,"48,9286770","2,5504766",93
202000045561,20,10,21,16:20,1,2,1,1,-1,93001,M,"48,9153791","2,4046205",93
202000045562,20,7,25,14:20,1,1,1,1,7,28394,M,"48,6740200","1,3221680",28
202000045563,20,12,3,14:20,1,2,1,1,2,14118,M,"49,1995300"," -0,3449700",14
202000045564,20,10,21,18:35,2,2,3,1,2,92051,M,"48,8880952","2,2577092",92
202000045565,20,10,21,19:30,5,2,2,1,3,92025,M,"48,9145390","2,2291670",92
202000045566,20,12,3,18:00,1,2,1,1,6,13205,M,"43,2954585","5,3978754",13
202000045567,20,12,3,07:45,1,2,1,1,6,13201,M,"43,2958820","5,3815280",13
202000045568,20,7,25,06:15,2,1,1,1,7,17314,M,"45,7734200"," -0,5001350",17
202000045569,20,10,20,20:30,5,2,1,1,2,92025,M,"48,9246610","2,2657260",92
202000045570,20,12,3,06:40,2,2,1,1,-1,13211,M,"43,2900000","5,4300000",13
202000045571,20,7,23,18:55,1,1,1,8,7,30116,M,"43,9110340","4,5998220",30
202000045572,20,10,21,17:15,1,2,1,1,2,92024,M,"48,9341380","2,2593250",92
202000045573,20,7,24,21:45,5,1,1,1,7,97307,G,"4,8271725"," -52,3385658",973
202000045574,20,12,2,10:30,1,2,1,1,6,13211,M,"43,2862430","5,4740836",13
202000045575,20,10,21,12:20,1,2,1,1,2,92012,M,"48,8250987","2,2455539",92
202000045576,20,10,21,11:40,1,2,1,1,3,97415,R," -21,0440920","55,2578560",974
202000045577,20,12,2,17:25,4,1,9,1,3,13063,M,"43,5864600","4,9889800",13
202000045578,20,7,26,15:00,1,1,1,1,5,24063,M,"44,7347540","1,2159850",24
202000045579,20,10,21,19:15,2,1,1,1,6,08088,M,"49,6140190","4,9137210",08
202000045580,20,10,19,14:20,1,1,1,1,2,25518,M,"47,3425600","6,2413500",25
202000045581,20,7,25,17:50,1,1,1,1,6,80021,M,"49,8988500","2,2325630",80
202000045582,20,10,21,14:35,1,1,1,1,7,81113,M,"43,8558680","2,1943470",81
202000045583,20,10,21,22:50,3,1,1,2,6,28012,M,"48,0689500","1,1313180",28
202000045584,20,10,22,16:00,1,1,1,1,3,97412,R," -21,3624620","55,6063190",974
202000045585,20,10,16,17:44,1,2,1,1,3,01238,M,"45,9092900","4,8230090",01
202000045586,20,10,22,00:00,3,1,1,1,-1,76122,M,"49,8375950","1,5314770",76
202000045587,20,7,26,10:40,1,1,1,1,1,31074,M,"43,6688650","1,6192390",31
202000045588,20,12,2,18:15,5,2,1,2,4,10387,M,"48,3046600","4,0946100",10
202000045589,20,10,22,11:15,1,1,1,1,6,97414,R," -21,2266020","55,4556580",974
202000045590,20,12,2,08:40,1,2,1,1,6,06088,M,"43,6742300","7,2212300",06
202000045591,20,7,24,11:56,1,1,1,1,2,86123,M,"46,5076630","0,1161370",86
202000045592,20,12,3,07:48,1,1,6,1,3,04112,M,"43,8332670","5,7690100",04
202000045593,20,7,25,20:20,3,1,1,1,6,97312,G,"5,3311740"," -52,9144260",973
202000045594,20,10,21,06:50,5,2,1,1,3,38400,M,"45,3494120","5,5953400",38
202000045595,20,10,22,12:30,1,1,1,1,1,83019,M,"43,1499057","6,2911606",83
202000045596,20,12,3,08:05,1,2,1,1,3,75119,M,"48,9003270","2,3793670",75
202000045597,20,7,24,18:45,2,2,3,1,3,97111,A,"16,2779290"," -61,8000810",971
202000045598,20,12,2,21:25,5,2,4,1,6,75120,M,"48,8688240","2,4131730",75
202000045599,20,7,26,14:50,1,1,1,1,1,37131,M,"47,4398585","1,0291113",37
202000045600,20,10,22,16:30,1,1,1,2,1,71167,M,"46,8202380","5,0193790",71
202000045601,20,12,2,06:45,3,2,1,1,7,75120,M,"48,8626080","2,4135530",75