Num_Acc,an,mois,jour,hrmn,lum,agg,int,atm,col,com,gps,lat,long,dep
202000045602,20,7,26,03:15,3,1,2,1,1,34145,M,"43,6689270","4,1435400",34
202000045603,20,12,3,10:50,1,2,7,2,7,75119,M,"48,9007490","2,3869670",75
202000045604,20,7,26,14:50,1,1,1,1,3,05063,M,"45,0424270","6,2714680",05
202000045605,20,10,22,17:58,2,2,2,1,3,62279,M,"50,2938560","2,7090950",62
202000045606,20,12,3,08:35,1,2,1,2,6,75119,M,"48,8959050","2,3737610",75
202000045607,20,10,22,06:30,3,1,1,1,1,57108,M,"49,1336370","7,4214170",57
202000045608,20,7,26,11:35,1,1,1,1,4,26058,M,"44,9498030","4,8895870",26
202000045609,20,12,3,19:00,5,2,2,2,6,75116,M,"48,8475120","2,2691330",75
202000045610,20,7,26,15:40,1,1,1,2,7,68269,M,"48,1958450","7,2282530",68
202000045611,20,10,22,20:50,3,1,1,1,3,95026,M,"49,1384700","2,3577260",95
202000045612,20,10,22,10:00,1,1,1,5,7,56230,M,"47,7865220"," -2,2180630",56
202000045613,20,12,2,22:30,5,2,4,1,2,75116,M,"48,8566020","2,2662940",75
202000045614,20,7,25,07:40,1,2,1,7,-1,67351,M,"48,9515000","7,9981110",67
202000045615,20,7,26,16:50,1,1,9,1,7,55340,M,"48,7798390","5,0033930",55
202000045616,20,10,21,17:03,1,1,1,1,7,77509,M,"48,4914870","3,0236810",77
202000045617,20,7,25,22:00,3,1,1,1,3,57122,M,"49,0783640","6,8274660",57
202000045618,20,7,25,17:45,1,1,1,1,7,57460,M,"49,2528140","6,6804390",57
202000045619,20,10,21,21:25,3,1,1,1,6,67276,M,"48,5121700","7,2785500",67
202000045620,20,7,26,15:30,1,1,1,1,6,03066,M,"46,0741434","3,7785716",03
202000045621,20,10,20,22:45,3,1,1,2,7,79063,M,"47,0858820"," -0,3524640",79
202000045622,20,7,26,16:00,1,2,1,1,1,73054,M,"45,6254916","6,7812414",73
202000045623,20,10,21,09:10,1,1,1,1,6,19030,M,"45,1599810","1,3360400",19
202000045624,20,7,24,17:30,1,2,1,1,6,69191,M,"45,8071780","4,8210860",69
202000045625,20,10,21,17:40,1,1,1,1,6,11036,M,"42,8379140","2,0740770",11
202000045626,20,10,21,08:00,4,2,9,3,6,49248,M,"47,7112040"," -0,9905660",49
202000045627,20,7,25,10:45,1,2,1,1,3,33297,M,"45,0463440"," -0,7734280",33
202000045628,20,12,3,19:41,5,2,2,2,6,75113,M,"48,8241070","2,3769160",75
202000045629,20,7,26,03:50,4,2,1,1,7,14009,M,"49,2519940"," -0,2303160",14
202000045630,20,10,20,09:15,1,2,1,1,6,47168,M,"44,5989510","0,3562080",47
202000045631,20,7,25,05:30,2,2,1,1,6,80721,M,"50,1625360","1,6196680",80
202000045632,20,10,21,19:10,2,1,1,1,7,22226,M,"48,6788840"," -3,5402150",22
202000045633,20,7,24,16:30,1,1,1,1,3,13055,M,"43,2862400","5,4319300",13
202000045634,20,7,25,02:35,3,1,1,1,2,33122,M,"44,7204900"," -0,7379800",33
202000045635,20,7,25,02:40,5,1,1,1,2,78431,M,"48,9434300","1,9510000",78
202000045636,20,7,25,16:45,1,1,1,1,7,95018,M,"48,9604322","2,2709389",95
202000045637,20,7,25,10:30,1,1,1,1,6,95555,M,"48,9737200","2,2771600",95
202000045638,20,7,25,07:50,1,1,1,1,2,95306,M,"48,9984400","2,1771000",95
202000045639,20,10,22,14:15,1,1,2,1,3,29227,M,"48,3534830"," -3,5993640",29
202000045640,20,7,24,22:50,3,1,1,1,3,93066,M,"48,9348000","2,3722000",93
202000045641,20,7,24,15:30,1,1,1,1,2,93007,M,"48,9259400","2,4812300",93
202000045642,20,7,25,09:20,1,1,1,1,3,94065,M,"48,7538500","2,3503400",94
202000045643,20,12,3,19:05,5,2,2,2,6,75113,M,"48,8215820","2,3693250",75
202000045644,20,2,17,12:10,1,2,9,1,6,05061,M,"44,5442500","6,0627800",05
202000045645,20,10,20,10:30,1,1,3,1,1,01072,M,"46,1841170","5,3053130",01
202000045646,20,2,4,13:50,1,2,1,1,6,75120,M,"48,8697640","2,3793580",75
202000045647,20,10,21,17:15,1,2,1,1,3,70311,M,"47,8122540","6,3642950",70
202000045648,20,7,24,07:30,1,2,1,1,3,97416,R," -21,2829000","55,4725000",974
202000045649,20,10,21,07:25,2,2,6,1,3,06032,M,"43,7250950","7,4010980",06
202000045650,20,12,2,20:45,4,2,1,1,6,75112,M,"48,8521810","2,3727010",75
202000045651,20,7,16,06:40,2,2,1,1,7,97407,R," -20,9300000","55,2900000",974
202000045652,20,7,25,02:00,5,2,1,1,3,69383,M,"45,7566700","4,8406000",69
202000045653,20,10,20,12:00,1,2,1,1,1,06032,M,"43,7251800","7,3939270",06
202000045654,20,7,24,14:10,1,2,3,1,1,97209,A,"14,6184000"," -61,0417000",972
202000045655,20,10,19,15:45,1,1,1,1,1,50419,M,"48,9948080"," -1,4632250",50
202000045656,20,7,24,13:40,1,1,2,1,2,97101,A,"16,2937000"," -61,4946600",971
202000045657,20,7,23,17:30,1,2,1,1,3,97101,A,"16,2651200"," -61,5110700",971
202000045658,20,7,24,20:39,1,2,1,1,2,95680,M,"49,0019760","2,4046518",95
202000045659,20,10,22,15:30,1,2,4,1,3,50562,M,"49,5849090"," -1,2663840",50
202000045660,20,7,22,12:15,1,2,1,1,6,91589,M,"48,7052300","2,3379200",91
202000045661,20,12,2,13:45,1,2,2,1,3,75112,M,"48,8172117","2,4586460",75
202000045662,20,10,22,12:37,1,2,1,1,2,60443,M,"49,6542230","2,9928730",60
202000045663,20,7,22,21:50,2,2,1,1,7,91201,M,"48,6760600","2,4068200",91
202000045664,20,10,21,23:50,3,2,1,1,6,88313,M,"48,3483880","6,4298240",88
202000045665,20,7,22,16:09,1,2,1,1,7,91103,M,"48,6132400","2,2993800",91
202000045666,20,7,23,17:16,1,2,1,1,2,87085,M,"45,8616600","1,2746500",87
202000045667,20,7,23,08:14,1,2,1,1,2,87085,M,"45,8224456","1,2154537",87
202000045668,20,6,13,09:45,1,2,9,1,6,86066,M,"46,8186900","0,5256800",86
202000045669,20,10,19,15:00,1,2,6,1,3,78575,M,"48,7021350","2,0651400",78
202000045670,20,7,23,11:35,1,2,2,1,3,85194,M,"46,5045000"," -1,7276000",85
202000045671,20,7,21,17:50,1,2,1,1,6,77118,M,"48,9475200","2,6620900",77
202000045672,20,7,22,19:50,1,2,1,1,6,77468,M,"48,8397000","2,6530900",77
202000045673,20,7,24,14:20,1,2,4,1,3,77122,M,"48,6556500","2,5602900",77
202000045674,20,7,24,23:25,3,1,9,1,6,77335,M,"48,9575500","2,8485000",77
202000045675,20,12,3,01:30,5,2,7,1,3,75111,M,"48,8666420","2,3652900",75
202000045676,20,10,22,13:15,1,1,1,2,5,34337,M,"43,5392000","3,8825730",34
202000045677,20,7,23,09:40,1,2,3,1,1,77320,M,"48,8235465","3,0415786",77
202000045678,20,10,22,00:45,3,1,1,1,7,49222,M,"47,3586490"," -0,5797700",49
202000045679,20,7,23,16:30,1,1,1,1,2,76575,M,"49,3589000","1,0856000",76
202000045680,20,10,21,14:27,1,1,2,1,3,77069,M,"48,4574270","2,5878860",77
202000045681,20,12,3,17:50,5,2,1,2,6,75110,M,"48,8823510","2,3587430",75
202000045682,20,12,3,17:40,5,2,3,2,6,75110,M,"48,8749450","2,3735020",75
202000045683,20,12,2,15:00,1,2,2,1,6,75110,M,"48,8816220","2,3658040",75
202000045684,20,12,3,11:09,1,2,3,8,3,75108,M,"48,8754040","2,3088350",75
202000045685,20,12,2,17:20,5,2,3,2,6,75101,M,"48,8662980","2,3241680",75
202000045686,20,12,3,08:20,1,2,3,2,6,94081,M,"48,7811120","2,4030650",94
202000045687,20,12,3,18:20,5,2,2,2,6,94068,M,"48,7905120","2,5077640",94
202000045688,20,12,2,18:30,5,2,1,2,3,94068,M,"48,8007620","2,5054030",94
202000045689,20,12,3,11:30,1,2,2,2,3,94052,M,"48,8310550","2,4687730",94
202000045690,20,12,3,18:56,3,2,1,2,3,94046,M,"48,8165700","2,4196500",94
202000045691,20,12,3,19:20,5,2,1,2,6,94038,M,"48,7659800","2,3243300",94
202000045692,20,12,3,11:35,1,2,3,2,6,94073,M,"48,7613600","2,4033600",94
202000045693,20,12,3,14:28,1,2,6,2,3,94022,M,"48,7607511","2,4143624",94
202000045694,20,12,3,17:00,5,2,1,2,4,94055,M,"48,7850100","2,5385600",94
202000045695,20,12,3,20:10,5,2,1,2,1,94017,M,"48,8075100","2,5220800",94
202000045696,20,12,3,08:45,1,2,1,2,6,93071,M,"48,9398862","2,5164768",93
202000045697,20,12,3,20:00,5,2,1,2,6,93057,M,"48,9105486","2,5195706",93
202000045698,20,12,2,11:45,1,2,9,1,6,93010,M,"48,9001597","2,4922859",93
202000045699,20,12,3,19:00,5,2,9,2,7,92020,M,"48,7968593","2,2805375",92
202000045700,20,12,3,18:31,5,2,1,2,6,92040,M,"48,8200294","2,2610687",92
202000045701,20,12,3,07:50,5,2,5,2,3,92025,M,"48,9145410","2,2291760",92
202000045702,20,12,3,18:20,5,2,1,2,7,92012,M,"48,8373030","2,2405380",92
202000045703,20,12,3,18:30,5,2,1,2,6,92007,M,"48,7997730","2,3074763",92
202000045704,20,12,3,22:00,3,1,1,3,2,95353,M,"49,0872539","2,3148952",95
202000045705,20,12,3,15:00,1,2,1,2,6,37031,M,"47,2747971","0,1824862",37
202000045706,20,12,3,17:10,2,2,1,2,6,08362,M,"49,5159210","4,3643050",08
202000045707,20,12,4,12:25,1,1,1,3,6,71195,M,"46,5087120","4,9087877",71
202000045708,20,12,4,15:20,1,1,1,2,6,29181,M,"48,4883635"," -4,2620409",29
202000045709,20,12,3,18:50,5,2,1,3,3,91587,M,"48,6720970","2,2806180",91
202000045710,20,12,3,12:30,1,2,1,2,6,71336,M,"46,7280049","4,9500584",71
202000045711,20,12,2,15:10,1,1,1,1,6,22312,M,"48,3261900"," -2,0673660",22
202000045712,20,11,30,08:45,2,1,6,5,2,22185,M,"48,3750670"," -2,3603440",22
202000045713,20,12,4,11:00,1,1,1,1,3,56036,M,"47,7937200"," -3,3102000",56
202000045714,20,12,4,13:50,1,1,3,1,6,82123,M,"43,9093970","1,3067790",82
202000045715,20,12,2,17:20,3,1,1,5,7,63132,M,"45,5978140","3,5812050",63
202000045716,20,12,3,06:15,3,1,1,1,6,49170,M,"47,6747940"," -0,5209060",49
202000045717,20,12,3,19:05,5,2,3,3,3,49218,M,"47,2638610"," -1,0328220",49
202000045718,20,12,1,14:40,1,1,2,1,7,22211,M,"48,6557380"," -3,4445140",22
202000045719,20,12,4,17:30,3,1,1,2,2,39422,M,"46,7263300","5,5576170",39
202000045720,20,12,4,07:45,5,2,1,2,6,44014,M,"47,0976010"," -1,4881810",44
202000045721,20,12,4,13:15,1,2,1,1,6,44014,M,"47,0971160"," -1,4930140",44
202000045722,20,12,3,08:25,2,2,1,3,6,29160,M,"48,4991750"," -4,4308910",29
202000045723,20,12,3,18:45,5,2,2,1,6,03275,M,"46,5379931","3,1977182",03
202000045724,20,12,3,18:00,5,2,1,3,6,72132,M,"48,1805720","0,6615590",72
202000045725,20,12,4,07:00,3,1,1,2,6,14172,M,"49,3277230"," -0,7576270",14
202000045726,20,12,2,18:25,5,1,1,1,1,14610,M,"49,1806510"," -0,4956190",14
202000045727,20,12,4,17:15,3,1,9,2,1,53064,M,"48,3394260"," -0,7403710",53
202000045728,20,11,30,07:45,2,1,3,1,3,40233,M,"43,5784870"," -1,0083680",40
202000045729,20,12,4,01:00,3,1,1,6,7,27395,M,"48,9067800","0,5194300",27
202000045730,20,12,4,11:30,1,1,1,3,1,17140,M,"45,9324060"," -1,2521660",17
202000045731,20,12,3,10:45,1,2,1,2,6,37050,M,"47,3393504","0,7152009",37
202000045732,20,12,3,16:25,1,1,4,1,3,30303,M,"44,2477780","4,2148820",30
202000045733,20,12,4,13:25,1,1,1,1,1,52194,M,"48,5651350","5,0154520",52
202000045734,20,11,30,17:35,2,1,1,1,2,52058,M,"48,1904380","5,1414300",52
202000045735,20,12,4,09:40,1,1,1,9,6,08198,M,"49,3395190","4,8484800",08
202000045736,20,12,3,15:30,1,1,3,1,3,88319,M,"48,3940990","6,8580440",88
202000045737,20,12,3,20:30,3,1,1,1,7,67388,M,"48,9421133","7,6955932",67
202000045738,20,12,3,21:00,3,1,1,1,5,97307,G,"4,8567390"," -52,3342110",973
202000045739,20,12,3,17:15,1,1,1,2,7,37015,M,"47,3603098","0,8596590",37
202000045740,20,11,30,23:30,5,1,1,2,7,06088,M,"43,7244290","7,2294220",06
202000045741,20,12,3,17:39,5,1,9,1,6,34270,M,"43,5621660","3,8299470",34
202000045742,20,12,4,20:45,3,2,3,1,6,98817,C," -22,2718620","166,6195640",988
202000045743,20,9,12,00:30,3,2,1,1,6,98817,C," -22,2757200","166,5727600",988
202000045744,20,12,2,18:00,1,1,1,1,6,98821,C," -22,0911720","166,3202110",988
202000045745,20,12,3,09:00,2,1,1,8,3,78206,M,"48,9402900","1,9365980",78
202000045746,20,12,2,18:20,5,2,1,1,6,34324,M,"43,2487360","3,2877920",34
202000045747,20,12,4,17:15,5,2,1,2,6,06157,M,"43,7237540","7,1086800",06
202000045748,20,11,24,15:40,1,1,1,1,2,26085,M,"44,5132630","4,7445270",26
202000045749,20,12,4,17:35,3,2,1,2,1,69154,M,"45,7567980","4,6723230",69
202000045750,20,12,4,08:30,2,1,1,4,1,29001,M,"48,2186970"," -4,3213610",29
202000045751,20,11,28,12:00,1,1,1,1,2,29066,M,"48,0432452"," -4,1880534",29
202000045752,20,12,4,08:39,2,1,3,9,3,35152,M,"48,2328490"," -1,5313050",35
202000045753,20,12,4,08:30,2,1,1,1,7,60016,M,"49,3444081","2,3428579",60
202000045754,20,12,4,07:06,3,1,1,8,4,60628,M,"49,4223640","2,1522470",60
202000045755,20,12,4,07:40,3,1,1,8,6,02020,M,"49,8640450","4,2355570",02
202000045756,20,11,30,15:00,1,1,1,1,7,59379,M,"50,3033760","3,2415350",59
202000045757,20,12,2,17:00,3,1,1,1,4,13015,M,"43,4288700","5,4006400",13
202000045758,20,12,2,17:30,3,1,1,1,2,13026,M,"43,4001000","5,0996000",13
202000045759,20,12,3,08:35,1,1,1,1,4,83027,M,"43,1732899","5,7700321",83
202000045760,20,12,3,17:35,4,1,1,3,7,33063,M,"44,8833900"," -0,5555900",33
202000045761,20,12,3,15:15,1,1,1,1,4,94037,M,"48,8035695","2,3439041",94
202000045762,20,12,3,12:30,1,1,1,2,5,77251,M,"48,6204700","2,5483000",77
202000045763,20,12,3,09:10,1,1,1,1,3,91161,M,"48,6979900","2,3143800",91
202000045764,20,12,3,08:00,2,1,1,2,2,78043,M,"48,8465990","2,0807590",78
202000045765,20,12,3,07:00,2,1,1,1,2,78007,M,"48,8970790","2,0063190",78
202000045766,20,12,3,17:50,3,1,1,2,2,93064,M,"48,8733700","2,4800000",93
202000045767,20,12,3,18:40,5,1,1,2,5,93066,M,"48,9198700","2,3572600",93
202000045768,20,12,3,18:00,3,1,1,1,2,93066,M,"48,9162604","2,3578050",93
202000045769,20,12,3,08:00,3,1,1,2,6,93064,M,"48,8859100","2,4863100",93
202000045770,20,12,3,09:20,1,1,1,2,7,94052,M,"48,8343892","2,4932069",94
202000045771,20,12,3,08:20,1,1,1,2,6,94079,M,"48,8294536","2,5282723",94
202000045772,20,12,2,20:00,3,1,9,1,3,93051,M,"48,8352563","2,5706879",93
202000045773,20,11,14,19:37,5,2,3,1,6,59183,M,"51,0280343","2,3813470",59
202000045774,20,9,15,19:00,1,2,1,1,2,13108,M,"43,8067100","4,6640800",13
202000045775,20,7,2,22:40,3,1,1,1,7,95199,M,"49,0299442","2,3256630",95
202000045776,20,12,2,19:15,5,2,3,1,2,97411,R," -20,8930100","55,4872800",974
202000045777,20,12,2,10:20,1,2,1,1,3,97302,G,"4,9301992"," -52,3260784",973
202000045778,20,11,18,19:30,5,2,1,1,7,69388,M,"45,7371400","4,8738400",69
202000045779,20,12,2,17:00,1,1,1,1,2,97213,A,"14,6185609"," -61,0251142",972
202000045780,20,12,1,20:05,5,2,6,1,3,97209,A,"14,6123900"," -61,0531700",972
202000045781,20,12,1,19:12,2,1,1,1,6,97209,A,"14,6354600"," -61,0720900",972
202000045782,20,12,2,18:35,5,2,1,1,6,69389,M,"45,7730800","4,8054000",69
202000045783,20,12,2,07:40,5,2,1,8,6,69149,M,"45,7210200","4,8112200",69
202000045784,20,12,2,19:10,5,2,1,3,3,2A004,M,"41,9482638","8,7654215",2A
202000045785,20,12,21,15:45,5,2,9,2,3,2A004,M,"41,9341993","8,7455367",2A
202000045786,20,11,3,17:25,1,1,6,2,7,95680,M,"49,0148100","2,4097900",95
202000045787,20,12,1,15:25,1,2,1,1,1,91021,M,"48,5967700","2,2459200",91
202000045788,20,12,1,19:00,4,2,2,1,3,91201,M,"48,6627100","2,4176200",91
202000045789,20,11,23,15:40,1,2,1,1,6,88413,M,"48,2814900","6,9585500",88
202000045790,20,12,2,08:00,1,2,1,1,7,83137,M,"43,1173781","5,9355864",83
202000045791,20,12,2,08:35,1,2,1,1,-1,83144,M,"43,1360500","6,0052300",83
202000045792,20,12,1,14:50,1,2,1,1,-1,80021,M,"49,8784200","2,2724200",80
202000045793,20,12,1,07:00,3,1,1,1,2,76270,M,"49,5307700","0,1335100",76
202000045794,20,12,1,09:45,1,2,9,8,2,74133,M,"46,1859100","6,2073800",74
202000045795,20,11,30,18:05,5,1,3,1,3,74012,M,"46,1975000","6,2672000",74
202000045796,20,12,2,16:13,1,2,9,8,3,69290,M,"45,7169000","4,9640400",69
202000045797,20,12,1,17:30,5,2,1,2,4,69264,M,"45,9980500","4,7350800",69
202000045798,20,12,2,21:14,5,2,2,1,3,64445,M,"43,3112911"," -0,3564334",64
202000045799,20,11,25,18:40,5,2,1,1,6,63014,M,"45,7641400","3,1119900",63
202000045800,20,12,2,08:25,1,2,1,1,6,62083,M,"50,4606000","2,6124300",62
202000045801,20,12,2,19:25,3,1,1,1,1,62445,M,"50,4922690","2,6048760",62
202000045802,20,12,2,15:25,1,2,2,2,3,59378,M,"50,6784130","3,0907030",59
202000045803,20,12,1,17:50,5,2,6,8,3,59028,M,"50,4132700","3,0523300",59
202000045804,20,12,2,07:50,5,2,1,9,6,59017,M,"50,6846800","2,8695900",59
202000045805,20,12,2,08:24,1,2,1,1,6,57306,M,"49,3285300","6,0640000",57
202000045806,20,12,1,11:56,1,2,6,1,6,56162,M,"47,7368900"," -3,4367000",56
202000045807,20,11,13,16:18,1,2,3,1,-1,54174,M,"48,6798800","5,8716700",54
202000045808,20,11,17,18:05,5,2,3,1,3,54528,M,"48,6720300","5,8851900",54
202000045809,20,9,23,14:50,1,1,1,8,1,59626,M,"50,2914230","3,6293940",59
202000045810,20,9,23,05:20,5,2,3,1,7,59250,M,"50,5841220","2,8845120",59
202000045811,20,9,22,17:10,1,1,1,1,2,13088,M,"43,3914900","5,2644400",13
202000045812,20,9,22,13:05,1,1,1,1,3,13056,M,"43,4076991","5,0358855",13
202000045813,20,9,22,06:55,3,1,1,2,4,83137,M,"43,1277682","5,9753394",83
202000045814,20,9,21,21:10,3,1,1,1,7,57498,M,"49,3309490","6,0119590",57
202000045815,20,9,22,16:55,1,1,1,3,3,33013,M,"44,8604000"," -0,5040700",33
202000045816,20,9,21,16:55,1,1,1,1,7,33192,M,"44,7778400"," -0,6448800",33
202000045817,20,9,21,20:50,4,1,1,1,6,59143,M,"50,6635260","2,8868740",59
202000045818,20,9,22,16:11,1,1,1,1,3,94037,M,"48,8139086","2,3549439",94
202000045819,20,9,22,07:40,1,1,1,1,4,91687,M,"48,6568600","2,3775600",91
202000045820,20,9,22,07:30,1,1,1,1,4,91534,M,"48,7233200","2,1675800",91
202000045821,20,9,21,18:08,1,1,1,1,2,94034,M,"48,7597943","2,3218478",94
202000045822,20,9,21,19:47,1,1,1,1,3,94034,M,"48,7589700","2,3238900",94
202000045823,20,9,22,17:10,3,1,1,1,4,75116,M,"48,8484485","2,2418386",75
202000045824,20,9,22,20:00,3,1,9,1,4,93078,M,"48,9726252","2,4940069",93
202000045825,20,9,22,17:55,1,1,1,1,5,95277,M,"48,9738700","2,4883900",95
202000045826,20,9,22,18:30,1,1,9,1,3,93063,M,"48,8739490","2,4376630",93
202000045827,20,9,22,17:25,1,1,1,1,3,95394,M,"49,0517500","2,1540700",95
202000045828,20,9,22,11:50,1,1,1,1,6,93066,M,"48,9260700","2,3378300",93
202000045829,20,9,22,09:40,1,1,1,1,3,93001,M,"48,9210600","2,3730600",93
202000045830,20,9,21,19:10,1,1,1,1,3,93027,M,"48,9366300","2,4080300",93
202000045831,20,9,21,18:10,1,1,1,1,3,93053,M,"48,8869900","2,4735400",93
202000045832,20,9,21,10:40,1,1,1,1,2,95277,M,"48,9737500","2,4866600",95
202000045833,20,9,21,09:15,1,1,1,1,5,92036,M,"48,9411978","2,2914822",92
202000045834,20,9,22,17:40,1,1,1,1,2,94042,M,"48,8271400","2,4688500",94
202000045835,20,9,22,15:25,1,1,1,1,5,94073,M,"48,7600600","2,3832500",94
202000045836,20,9,22,10:45,1,1,1,1,-1,77468,M,"48,8512290","2,6616580",77
202000045837,20,9,22,09:55,1,1,1,1,2,94074,M,"48,7646002","2,4619531",94
202000045838,20,9,22,08:30,1,1,1,1,3,94046,M,"48,8048919","2,4488496",94
202000045839,20,9,22,06:45,3,1,1,1,5,94017,M,"48,8302009","2,4957670",94
202000045840,20,9,21,05:55,3,1,1,1,4,94028,M,"48,7763620","2,4332540",94
202000045841,20,9,19,21:30,2,1,1,1,-1,94042,M,"48,8269503","2,4680133",94
202000045842,20,7,23,20:10,1,2,1,1,-1,64024,M,"43,4880600"," -1,5328100",64
202000045843,20,9,21,21:05,1,1,9,1,6,97416,R," -21,3229060","55,4462310",974
202000045844,20,9,21,14:20,1,2,1,1,5,97411,R," -20,8889000","55,4611000",974
202000045845,20,9,16,11:10,1,2,1,1,7,97407,R," -20,9511600","55,2923600",974
202000045846,20,9,21,13:20,1,2,1,1,-1,97302,G,"4,9321873"," -52,3078823",973
202000045847,20,9,21,08:31,1,1,1,1,3,97302,G,"4,9091198"," -52,3077536",973
202000045848,20,9,21,08:13,1,2,1,1,6,97302,G,"4,9202796"," -52,3206711",973
202000045849,20,9,21,16:50,1,2,1,2,6,69259,M,"45,7216200","4,8666200",69
202000045850,20,9,21,12:10,1,2,2,1,3,69383,M,"45,7516700","4,8949900",69
202000045851,20,9,19,00:20,5,2,1,1,6,69387,M,"45,7466500","4,8399200",69
202000045852,20,9,21,09:15,1,1,1,1,2,97213,A,"14,6263700"," -60,9788000",972
202000045853,20,9,19,21:00,3,2,1,1,7,97209,A,"14,6049300"," -61,0754100",972
202000045854,20,9,21,19:45,5,2,1,1,2,69389,M,"45,7750999","4,8066716",69
202000045855,20,9,20,19:15,2,2,1,2,3,69384,M,"45,7749023","4,8338219",69
202000045856,20,9,21,07:55,1,2,1,1,3,69149,M,"45,7110800","4,8011800",69
202000045857,20,9,21,08:55,1,2,1,1,6,95018,M,"48,9340300","2,2402100",95
202000045858,20,9,21,19:30,2,2,9,1,1,91687,M,"48,6683600","2,3804300",91
202000045859,20,9,20,22:40,5,2,1,1,7,91552,M,"48,5952300","2,2660600",91
202000045860,20,9,20,17:50,1,2,1,1,5,91339,M,"48,6214200","2,2597000",91
202000045861,20,9,19,19:45,1,2,1,1,6,91425,M,"48,6783300","2,2774200",91
202000045862,20,9,19,19:25,1,2,2,1,6,91021,M,"48,5872700","2,2487100",91
202000045863,20,9,19,11:47,1,2,1,1,1,90010,M,"47,6472980","6,8509130",90
202000045864,20,9,19,17:23,1,2,2,3,3,87085,M,"45,8260600","1,2679100",87
202000045865,20,9,14,14:40,1,2,1,1,2,84007,M,"43,9311000","4,8237000",84
202000045866,20,9,19,20:30,5,2,2,1,3,83137,M,"43,1290000","5,9021500",83
202000045867,20,9,17,08:25,1,2,1,1,6,83069,M,"43,1175700","6,1214000",83
202000045868,20,9,21,20:30,3,2,1,1,3,81065,M,"43,5931561","2,2131618",81
202000045869,20,9,19,18:20,1,2,1,1,2,80021,M,"49,8883500","2,2895600",80
202000045870,20,9,17,17:28,1,2,1,1,3,79191,M,"46,3182270"," -0,4701700",79
202000045871,20,9,21,08:15,1,2,1,1,6,77491,M,"48,3752300","2,8100800",77
202000045872,20,9,20,16:30,1,2,1,1,6,76540,M,"49,4364200","1,0901600",76
202000045873,20,9,20,17:00,1,1,1,1,3,76157,M,"49,4565714","1,0496788",76
202000045874,20,9,19,02:45,5,2,1,1,6,76351,M,"49,4840000","0,1275000",76
202000045875,20,9,20,15:10,1,2,3,1,2,76351,M,"49,4889000","0,1500600",76
202000045876,20,9,14,21:30,5,2,6,1,6,73008,M,"45,6899756","5,9190551",73
202000045877,20,9,8,12:12,1,2,1,1,6,71076,M,"46,7789212","4,8500830",71
202000045878,20,9,17,16:40,1,2,3,1,2,67482,M,"48,5531225","7,7696319",67
202000045879,20,9,17,15:10,1,2,1,1,2,67482,M,"48,5841473","7,7431414",67
202000045880,20,9,21,12:54,1,2,1,1,6,66136,M,"42,6943900","2,9041000",66
202000045881,20,9,19,17:40,1,1,1,1,2,66136,M,"42,6741200","2,8875200",66
202000045882,20,9,20,10:45,1,2,1,1,3,65286,M,"43,0862900"," -0,0459880",65
202000045883,20,8,6,13:50,1,2,9,1,6,64483,M,"43,3825600"," -1,6579400",64
202000045884,20,9,21,17:30,1,2,3,3,4,64445,M,"43,3152200"," -0,3151900",64
202000045885,20,9,19,12:15,1,2,1,1,7,64284,M,"43,2911100"," -0,3866200",64
202000045886,20,9,8,17:15,1,2,1,1,1,59526,M,"50,4543520","3,4324660",59
202000045887,20,9,21,16:45,1,2,1,1,7,59350,M,"50,6260600","3,0625700",59
202000045888,20,9,19,14:15,1,2,1,1,1,59329,M,"50,3436800","3,0902500",59
202000045889,20,9,17,07:55,1,2,1,1,1,58194,M,"46,9832000","3,1231000",58
202000045890,20,9,20,03:45,3,2,1,1,6,57441,M,"49,3769432","6,1916640",57
202000045891,20,9,19,03:03,3,1,1,1,6,57306,M,"49,3396700","6,0923100",57
202000045892,20,9,20,11:42,1,2,2,1,6,57630,M,"48,7335096","7,0409917",57
202000045893,20,9,19,02:38,5,2,2,1,1,56121,M,"47,7513400"," -3,3716800",56
202000045894,20,9,18,21:00,5,2,2,1,3,56083,M,"47,8106600"," -3,2523700",56
202000045895,20,9,21,14:19,1,2,2,1,3,51454,M,"49,2603784","4,0475382",51
202000045896,20,9,20,09:40,1,1,1,1,3,49007,M,"47,4688000"," -0,5877100",49
202000045897,20,9,20,23:00,5,2,1,1,6,49015,M,"47,5004900"," -0,5836300",49
202000045898,20,9,17,14:00,1,2,1,1,3,49007,M,"47,4808900"," -0,5273800",49
202000045899,20,9,21,17:15,1,2,1,1,2,45286,M,"47,8896224","1,9235842",45
202000045900,20,9,21,00:50,5,1,1,1,2,45302,M,"47,9310016","1,8785068",45
202000045901,20,9,21,09:30,1,2,1,1,3,37261,M,"47,4328057","0,6863047",37
202000045902,20,9,21,16:00,1,2,1,1,3,34129,M,"43,5844218","3,9269096",34
202000045903,20,9,21,22:30,5,2,5,8,3,33063,M,"44,8657500"," -0,5760100",33
202000045904,20,9,20,05:45,5,2,3,1,3,33249,M,"44,8854000"," -0,5299100",33
202000045905,20,9,21,00:45,4,1,1,8,2,33065,M,"44,8085200"," -0,5189200",33
202000045906,20,9,5,20:30,5,2,3,1,5,33550,M,"44,7691600"," -0,5637400",33