Num_Acc,an,mois,jour,hrmn,lum,agg,int,atm,col,com,gps,lat,long,dep
202000045907,20,9,4,13:20,1,2,3,1,6,33032,M,"44,9036269"," -0,5091355",33
202000045908,20,9,20,03:30,5,2,1,1,1,31555,M,"43,5913600","1,4190500",31
202000045909,20,9,18,19:05,1,1,1,1,5,31555,M,"43,6150400","1,4488400",31
202000045910,20,9,21,12:40,1,1,3,1,6,29019,M,"48,4253173"," -4,4810071",29
202000045911,20,9,20,01:35,5,2,3,1,1,29019,M,"48,3866695"," -4,5185044",29
202000045912,20,9,21,11:40,1,2,3,1,3,26198,M,"44,5581900","4,7453000",26
202000045913,20,9,21,08:08,1,2,1,1,1,25056,M,"47,2432450","6,0341600",25
202000045914,20,9,18,10:15,1,2,3,1,3,19031,M,"45,1582200","1,5268200",19
202000045915,20,9,21,15:58,1,1,6,1,2,17291,M,"46,1790200"," -1,1227200",17
202000045916,20,9,21,14:50,1,2,1,1,5,15014,M,"44,9157670","2,4603040",15
202000045917,20,9,20,10:40,1,2,1,1,3,14137,M,"49,1840500"," -0,4585900",14
202000045918,20,9,20,10:40,1,2,3,1,1,14437,M,"49,1728000"," -0,3215000",14
202000045919,20,9,21,22:00,5,2,3,1,3,13208,M,"43,2349800","5,3602100",13
202000045920,20,9,21,18:00,1,2,1,1,6,13206,M,"43,2840600","5,3872300",13
202000045921,20,9,21,15:15,1,2,4,1,3,13215,M,"43,3287650","5,3657550",13
202000045922,20,9,21,13:15,1,2,3,1,3,13215,M,"43,3473170","5,3590920",13
202000045923,20,9,21,10:00,1,2,2,1,6,13201,M,"43,2991100","5,3741100",13
202000045924,20,9,21,00:05,5,2,3,1,7,13215,M,"43,3324800","5,3588200",13
202000045925,20,9,17,15:30,1,2,2,1,1,11262,M,"43,1621400","2,9683300",11
202000045926,20,9,21,09:30,1,2,6,1,3,10387,M,"48,2760000","4,0800000",10
202000045927,20,9,20,20:06,2,2,1,1,7,10343,M,"48,2764100","4,0890300",10
202000045928,20,9,19,18:30,1,2,1,8,7,05061,M,"44,5547200","6,0756600",05
202000045929,20,9,18,07:48,1,2,3,1,3,05061,M,"44,5595500","6,0716000",05
202000045930,20,9,21,07:40,5,2,6,1,6,03101,M,"46,3737061","2,5847214",03
202000045931,20,9,21,07:30,1,2,1,1,3,75113,M,"48,8266350","2,3889950",75
202000045932,20,9,20,04:40,5,2,1,1,3,75119,M,"48,8856400","2,3810320",75
202000045933,20,9,19,07:13,2,2,2,1,3,75106,M,"48,8514560","2,3370780",75
202000045934,20,9,20,21:35,3,2,7,1,3,75105,M,"48,8490430","2,3556980",75
202000045935,20,9,21,19:35,2,2,4,1,7,75120,M,"48,8658890","2,3993370",75
202000045936,20,9,21,15:30,1,2,1,1,3,75119,M,"48,9016640","2,3861400",75
202000045937,20,9,21,04:20,5,2,7,1,3,75119,M,"48,9001550","2,3872960",75
202000045938,20,9,21,15:00,1,2,2,1,3,75118,M,"48,8902500","2,3599130",75
202000045939,20,9,21,16:10,1,2,3,1,3,75117,M,"48,8861130","2,2948140",75
202000045940,20,9,20,22:00,5,2,5,1,3,75117,M,"48,8838230","2,3047450",75
202000045941,20,9,19,22:30,5,2,1,1,-1,75117,M,"48,8982550","2,3203830",75
202000045942,20,9,21,13:00,1,2,1,1,2,75116,M,"48,8448460","2,2722040",75
202000045943,20,9,21,19:20,1,2,2,1,7,75112,M,"48,8386620","2,3757410",75
202000045944,20,9,21,17:10,1,2,4,1,3,75110,M,"48,8802370","2,3622310",75
202000045945,20,9,21,15:30,1,2,4,1,3,75108,M,"48,8661400","2,3013500",75
202000045946,20,9,20,18:55,1,2,2,1,2,75107,M,"48,8628440","2,3134400",75
202000045947,20,9,21,08:10,1,2,3,1,7,75104,M,"48,8535050","2,3665300",75
202000045948,20,9,20,12:50,1,2,1,1,2,94052,M,"48,8311900","2,4930900",94
202000045949,20,9,20,19:30,1,2,1,1,-1,94043,M,"48,8096130","2,3632660",94
202000045950,20,9,20,18:15,1,2,1,1,2,94076,M,"48,7905550","2,3519830",94
202000045951,20,9,21,07:10,2,2,4,1,3,94021,M,"48,7719000","2,3651000",94
202000045952,20,9,21,18:50,1,2,1,1,7,94028,M,"48,7731400","2,4568500",94
202000045953,20,9,21,21:30,5,2,2,1,3,94004,M,"48,7468990","2,5101620",94
202000045954,20,9,21,20:40,5,2,2,1,3,93073,M,"49,0080000","2,5575000",93
202000045955,20,9,21,10:30,1,2,1,1,1,93079,M,"48,9473373","2,3447454",93
202000045956,20,9,21,21:50,4,2,1,1,2,93029,M,"48,9226475","2,4269409",93
202000045957,20,9,21,17:25,1,2,9,1,6,93008,M,"48,9158126","2,4179189",93
202000045958,20,9,21,15:58,1,2,1,1,3,93007,M,"48,9264277","2,4695800",93
202000045959,20,9,21,08:18,1,2,1,1,6,92075,M,"48,8210400","2,2890600",92
202000045960,20,9,21,08:30,1,2,9,1,3,92072,M,"48,8258800","2,2011200",92
202000045961,20,9,21,18:40,2,2,1,1,3,92076,M,"48,8468572","2,1681234",92
202000045962,20,9,21,18:05,1,2,3,1,3,92064,M,"48,8556966","2,2230005",92
202000045963,20,9,20,18:00,1,2,2,1,3,92036,M,"48,9221910","2,3061420",92
202000045964,20,9,21,00:22,5,2,1,1,3,92051,M,"48,8760601","2,2470877",92
202000045965,20,9,21,17:30,1,2,2,1,3,92026,M,"48,8988421","2,2566524",92
202000045966,20,9,8,10:50,1,2,1,1,-1,92009,M,"48,9064620","2,2661010",92
202000045967,20,9,10,17:20,1,2,3,1,2,92004,M,"48,9138374","2,2835513",92
202000045968,20,9,21,14:22,1,2,3,1,3,92002,M,"48,7474984","2,3037969",92
202000045969,20,9,18,09:00,1,1,1,1,6,37169,M,"47,5960185","0,9062334",37
202000045970,20,9,21,06:00,3,1,1,1,1,33205,M,"44,6282700"," -0,3686600",33
202000045971,20,8,15,19:00,1,1,1,1,2,81218,M,"43,8831170","2,1692530",81
202000045972,20,9,10,14:20,1,1,1,1,1,97221,A,"14,5243600"," -60,9608780",972
202000045973,20,9,21,18:30,2,2,1,2,7,38270,M,"45,3759580","5,5479940",38
202000045974,20,9,11,19:48,2,1,3,7,3,56251,M,"47,6361380"," -2,6806530",56
202000045975,20,9,22,12:00,1,1,3,1,3,33123,M,"45,0834910"," -0,3823110",33
202000045976,20,8,16,17:30,1,1,1,1,1,33236,M,"44,6828740"," -1,2490080",33
202000045977,20,9,21,16:30,1,2,1,1,6,71334,M,"46,5759840","4,1638830",71
202000045978,20,9,20,10:45,1,1,1,2,6,63283,M,"45,8558573","2,6702332",63
202000045979,20,9,22,07:30,1,1,3,8,3,49167,M,"47,3935410"," -0,4506220",49
202000045980,20,9,19,20:30,3,1,1,2,1,39219,M,"47,1641390","5,7653840",39
202000045981,20,8,6,11:00,1,2,9,1,3,44036,M,"47,7186380"," -1,3739390",44
202000045982,20,9,21,13:10,1,1,1,1,7,38334,M,"45,1824270","5,8802390",38
202000045983,20,9,22,13:40,1,2,2,8,3,38269,M,"44,9009900","5,7891400",38
202000045984,20,9,18,13:50,1,2,3,1,6,01269,M,"46,1522410","5,6066910",01
202000045985,20,9,21,14:00,1,1,1,1,6,01123,M,"46,2418390","4,8251010",01
202000045986,20,9,21,18:25,1,2,3,1,3,01179,M,"46,2550640","4,8514510",01
202000045987,20,9,22,16:13,1,2,9,1,6,72223,M,"47,8784050"," -0,0920960",72
202000045988,20,9,21,22:15,3,1,1,1,7,60223,M,"49,4276680","2,6260330",60
202000045989,20,9,22,09:45,1,2,1,1,3,60044,M,"49,2923860","2,3391370",60
202000045990,20,9,21,15:30,1,1,1,1,7,24304,M,"45,3953990","0,9532520",24
202000045991,20,9,20,15:30,1,1,3,1,3,27243,M,"49,4008570","0,3066520",27
202000045992,20,9,22,17:00,1,1,1,1,6,27056,M,"49,0855800","0,5741600",27
202000045993,20,9,21,19:15,1,2,1,1,1,17385,M,"45,9430250"," -1,3014260",17
202000045994,20,9,22,08:15,1,2,1,1,3,08260,M,"49,8172190","4,5862340",08
202000045995,20,9,20,14:50,1,1,1,1,7,68022,M,"47,8318840","7,3945710",68
202000045996,20,9,21,15:50,1,1,1,1,4,68296,M,"48,2175750","7,4017490",68
202000045997,20,9,19,22:30,5,2,9,1,3,97307,G,"4,7879544"," -52,3307884",973
202000045998,20,9,11,13:40,1,1,1,3,7,06152,M,"43,6210060","7,0352040",06
202000045999,20,9,20,17:15,5,1,1,1,5,98745,P," -16,6308330"," -151,5040280",987
202000046000,20,2,9,08:30,1,2,5,1,6,75108,M,"48,8647550","2,3019840",75
202000046001,20,3,9,19:30,5,2,2,1,6,75102,M,"48,8662330","2,3525340",75
202000046002,20,3,9,14:30,1,2,2,1,6,75102,M,"48,8695370","2,3367850",75
202000046003,20,3,9,18:45,5,2,1,1,4,94074,M,"48,7658000","2,4414300",94
202000046004,20,3,8,20:25,5,2,2,1,3,94068,M,"48,7920500","2,5130000",94
202000046005,20,3,9,10:00,1,2,2,1,3,94046,M,"48,8092560","2,4368050",94
202000046006,20,3,8,20:00,5,2,7,2,2,94003,M,"48,8104200","2,3266700",94
202000046007,20,3,8,16:00,1,2,1,2,6,94028,M,"48,7799900","2,4569800",94
202000046008,20,3,8,22:15,5,2,2,1,3,94022,M,"48,7710000","2,4089300",94
202000046009,20,3,9,08:30,1,2,1,1,6,94004,M,"48,7496884","2,5060582",94
202000046010,20,3,9,18:50,1,2,9,1,6,94002,M,"48,7957330","2,4252800",94
202000046011,20,3,9,07:45,1,2,1,1,6,94002,M,"48,8099600","2,4143900",94
202000046012,20,3,9,20:00,4,2,1,1,1,93073,M,"48,9788000","2,5370000",93
202000046013,20,3,9,18:30,5,2,1,1,2,93073,M,"48,9785000","2,5285000",93
202000046014,20,3,9,08:05,1,2,1,1,2,93064,M,"48,8783500","2,4888100",93
202000046015,20,3,9,17:15,1,2,5,1,2,93046,M,"48,9106900","2,5120900",93
202000046016,20,3,9,07:50,1,2,3,1,2,93074,M,"48,9374100","2,5913200",93
202000046017,20,3,8,01:55,5,2,1,1,1,93006,M,"48,8601100","2,4216500",93
202000046018,20,3,9,10:15,1,2,1,1,3,92050,M,"48,9014640","2,1901010",92
202000046019,20,1,5,14:44,1,2,2,1,3,92025,M,"48,9157350","2,2324450",92
202000046020,20,3,8,23:55,5,2,3,1,3,92024,M,"48,9075170","2,2978740",92
202000046021,20,3,6,09:00,1,1,9,1,6,80385,M,"50,1449430","1,8025290",80
202000046022,20,3,9,19:45,3,1,1,1,6,18032,M,"47,4321770","2,8541870",18
202000046023,20,3,9,17:50,1,1,1,1,6,54277,M,"49,1824748","5,7940489",54
202000046024,20,3,9,17:15,1,2,1,7,6,68144,M,"47,7598540","7,5126530",68
202000046025,20,3,8,10:30,1,1,1,2,7,59463,M,"50,9118480","2,3390150",59
202000046026,20,3,9,12:00,1,2,1,1,6,60176,M,"49,2377090","2,8963460",60
202000046027,20,3,9,19:15,3,1,1,1,1,67356,M,"48,7063114","7,9077227",67
202000046028,20,3,10,13:40,1,1,1,2,5,37261,M,"47,4077953","0,7203703",37
202000046029,20,3,8,11:09,1,2,1,1,6,56166,M,"47,9176080"," -3,3309820",56
202000046030,20,3,8,05:00,3,2,6,1,6,74035,M,"45,8244140","5,9514090",74
202000046031,20,3,10,16:15,1,1,2,2,3,76222,M,"49,4930870","0,8741910",76
202000046032,20,3,6,20:30,5,2,1,1,2,33108,M,"44,8546900"," -0,0389630",33
202000046033,20,3,10,10:00,1,2,1,2,6,29266,M,"48,5188360"," -3,9445210",29
202000046034,20,3,9,21:00,3,1,1,2,6,29250,M,"48,2181880"," -3,5856390",29
202000046035,20,3,9,06:00,3,1,1,2,7,66063,M,"42,4868940","2,8372570",66
202000046036,20,3,10,13:45,1,2,1,1,6,05068,M,"44,5065272","6,1095847",05
202000046037,20,3,10,19:15,3,2,6,1,6,73204,M,"45,5311117","5,6810797",73
202000046038,20,3,10,08:33,1,2,1,1,6,40119,M,"43,6563300"," -0,5911910",40
202000046039,20,3,9,21:30,3,1,2,2,2,24451,M,"45,5184060","0,6521630",24
202000046040,20,3,10,08:50,1,2,4,1,2,04108,M,"44,0464810","6,0301640",04
202000046041,20,3,10,18:35,2,1,1,2,6,85213,M,"46,5953100"," -1,3125100",85
202000046042,20,3,9,11:00,1,2,4,1,6,17253,M,"46,0372215"," -0,8289447",17
202000046043,20,3,10,13:45,1,1,3,1,1,98805,C," -22,1456200","166,4733700",988
202000046044,20,2,18,16:11,1,1,1,8,4,01229,M,"46,3249982","5,1361333",01
202000046045,20,3,10,10:00,1,1,1,8,2,33122,M,"44,7104500"," -0,7486500",33
202000046046,20,2,17,05:40,3,1,1,1,2,06004,M,"43,6098400","7,1004510",06
202000046047,20,2,12,15:00,1,2,9,1,3,97103,A,"16,2423390"," -61,5645560",971
202000046048,20,3,9,12:40,1,1,1,2,1,91441,M,"48,5068240","2,5111700",91
202000046049,20,3,9,15:15,1,2,1,1,6,98729,P," -17,5331890"," -149,8386110",987
202000046050,20,3,9,14:30,1,2,1,1,6,28054,M,"48,6485730","1,4033320",28
202000046051,20,3,5,14:05,1,1,1,3,6,78164,M,"48,6106520","1,9039200",78
202000046052,20,3,8,13:35,1,1,1,1,3,38298,M,"45,3805730","4,8051985",38
202000046053,20,3,9,11:15,1,1,1,1,3,68104,M,"47,9927650","7,6053180",68
202000046054,20,3,7,11:30,1,2,1,1,6,69228,M,"45,5621392","4,6423227",69
202000046055,20,3,10,18:00,1,2,1,1,6,81251,M,"43,5580190","2,0702580",81
202000046056,20,3,9,17:50,1,1,1,1,6,09236,M,"42,9193370","1,6299000",09
202000046057,20,3,9,01:10,3,2,6,1,6,33243,M,"44,9003100"," -0,2145200",33
202000046058,20,3,10,08:40,1,1,1,2,6,61104,M,"48,5867960"," -0,2750120",61
202000046059,20,3,10,16:20,1,1,1,2,1,59523,M,"50,5728500","3,1705270",59
202000046060,20,3,9,23:21,3,1,9,2,7,13081,M,"43,4884260","5,2406710",13
202000046061,20,3,6,21:40,3,1,1,1,-1,83112,M,"43,1970500","5,7065700",83
202000046062,20,3,6,09:15,1,1,1,2,2,59512,M,"50,7027400","3,1598720",59
202000046063,20,3,9,09:00,1,1,1,1,4,91363,M,"48,6413600","2,1995500",91
202000046064,20,3,8,22:08,3,1,1,1,-1,91064,M,"48,7490600","2,2194000",91
202000046065,20,3,9,09:05,1,1,1,2,2,78217,M,"48,9651140","1,8186760",78
202000046066,20,3,9,08:34,1,1,1,8,5,92025,M,"48,9324839","2,2484880",92
202000046067,20,3,7,11:05,1,1,1,1,2,95424,M,"48,9937400","2,1854700",95
202000046068,20,3,6,12:30,1,1,1,1,5,93027,M,"48,9236200","2,3847100",93
202000046069,20,3,9,12:45,1,1,1,1,4,94033,M,"48,8608000","2,4843000",94
202000046070,20,3,7,17:30,1,2,1,1,6,98818,C," -22,2715500","166,4417700",988
202000046071,20,3,8,17:30,1,2,9,2,1,97409,R," -20,9635224","55,6872760",974
202000046072,20,3,8,21:30,5,2,2,2,3,69388,M,"45,7264500","4,8645300",69
202000046073,20,3,8,10:50,1,2,9,1,1,69259,M,"45,7025800","4,8700200",69
202000046074,20,3,8,07:00,1,2,1,1,6,69388,M,"45,7367000","4,8739900",69
202000046075,20,3,7,15:30,1,2,6,1,3,69259,M,"45,7016900","4,8912400",69
202000046076,20,3,8,22:00,5,2,1,2,2,69384,M,"45,7803400","4,8096900",69
202000046077,20,3,8,21:25,5,2,1,1,7,2A004,M,"41,9161940","8,7265028",2A
202000046078,20,3,2,13:20,1,2,3,1,6,95427,M,"48,9639486","2,3355744",95
202000046079,20,3,7,11:00,1,2,1,1,6,91326,M,"48,6945400","2,3584900",91
202000046080,20,3,8,20:05,5,2,2,2,3,69275,M,"45,7715600","4,9678800",69
202000046081,20,3,8,10:45,1,2,1,1,6,69256,M,"45,7726000","4,9071000",69
202000046082,20,3,7,20:45,5,2,1,1,3,69266,M,"45,7714200","4,8831700",69
202000046083,20,3,7,13:00,1,2,1,2,2,64102,M,"43,4980900"," -1,4484900",64
202000046084,20,3,7,02:50,3,1,9,1,5,60463,M,"49,2862894","2,4680060",60
202000046085,20,3,7,18:48,5,2,1,1,2,57616,M,"49,1428400","6,2006300",57
202000046086,20,3,7,09:26,1,2,4,2,3,42207,M,"45,4831700","4,5280600",42
202000046087,20,3,8,05:53,5,2,3,2,4,35238,M,"48,1051000"," -1,6935000",35
202000046088,20,3,7,16:10,1,2,6,2,3,35115,M,"48,3525900"," -1,1995400",35
202000046089,20,3,8,21:10,5,2,1,2,5,33281,M,"44,8434000"," -0,6726700",33
202000046090,20,3,7,12:30,1,2,1,1,3,29232,M,"47,9918147"," -4,1099615",29
202000046091,20,3,8,13:40,1,2,1,2,1,27229,M,"48,9999700","1,1538900",27
202000046092,20,3,7,19:02,3,2,9,1,6,13211,M,"43,2897800","5,4828300",13
202000046093,20,3,8,04:35,5,2,6,1,6,13213,M,"43,3223000","5,4572000",13
202000046094,20,3,8,03:10,3,1,1,1,7,13047,M,"43,5108370","4,9646490",13
202000046095,20,3,7,12:00,1,2,1,1,3,06069,M,"43,6656880","6,9351920",06
202000046096,20,3,7,22:23,5,2,1,1,-1,75114,M,"48,8165040","2,3402940",75
202000046097,20,3,7,00:10,1,2,2,1,-1,75104,M,"48,8540410","2,3689200",75
202000046098,20,3,8,09:55,1,2,2,1,3,75120,M,"48,8527050","2,4061250",75
202000046099,20,3,8,04:45,5,2,3,1,6,75118,M,"48,8841270","2,3318260",75
202000046100,20,3,8,16:50,1,2,2,2,2,75117,M,"48,8828390","2,3030030",75
202000046101,20,3,7,12:15,1,2,2,1,2,75117,M,"48,8891140","2,3227510",75
202000046102,20,3,8,04:30,5,2,5,1,3,75112,M,"48,8501160","2,3844400",75
202000046103,20,3,8,14:30,1,2,2,1,-1,75111,M,"48,8557060","2,3787170",75
202000046104,20,3,8,02:13,5,2,2,1,3,75110,M,"48,8774440","2,3658790",75
202000046105,20,3,7,13:45,1,2,3,1,6,75107,M,"48,8561270","2,3067390",75
202000046106,20,3,8,13:55,1,2,3,2,3,75103,M,"48,8653450","2,3566330",75
202000046107,20,3,8,16:45,1,2,2,2,3,93031,M,"48,9497952","2,3289871",93
202000046108,20,3,8,18:15,1,2,1,2,6,93007,M,"48,9384100","2,4587700",93
202000046109,20,3,8,11:30,1,2,3,1,3,97415,R," -21,0110996","55,2736920",974
202000046110,20,3,8,18:10,1,1,1,2,-1,47178,M,"44,4985030","0,8507220",47
202000046111,20,3,9,10:00,1,1,1,1,3,06149,M,"43,7486690","7,3434970",06
202000046112,20,3,9,16:25,1,2,1,1,6,95313,M,"49,1124920","2,2149360",95
202000046113,20,3,9,10:20,1,1,1,1,2,71494,M,"46,4096500","4,8584250",71
202000046114,20,3,9,12:00,1,1,1,1,2,26138,M,"44,4112060","4,7300860",26
202000046115,20,2,14,23:45,3,1,1,1,4,41161,M,"47,5272720","2,0035460",41
202000046116,20,3,7,18:45,2,1,1,1,1,62338,M,"50,6330253","2,8280730",62
202000046117,20,3,7,15:30,1,2,3,1,3,74112,M,"45,9391670","6,0937568",74
202000046118,20,3,8,22:00,3,1,1,2,7,14380,M,"49,2278560"," -0,5701730",14
202000046119,20,3,6,13:15,1,1,1,1,2,83057,M,"43,3846530","6,1726430",83
202000046120,20,3,2,19:27,5,2,9,1,3,91577,M,"48,6061440","2,4940260",91
202000046121,20,3,8,08:40,1,1,1,2,1,62075,M,"50,7056380","1,6939467",62
202000046122,20,3,8,22:30,5,2,1,1,6,80709,M,"49,9011590","1,8265610",80
202000046123,20,2,25,11:40,1,1,2,2,3,80611,M,"49,7660550","2,2526210",80
202000046124,20,3,8,12:15,1,1,3,1,3,89224,M,"47,7226969","3,8532400",89
202000046125,20,3,8,16:40,1,1,4,1,2,61507,M,"48,5562310","0,5981970",61
202000046126,20,3,7,23:00,3,1,1,1,6,49307,M,"47,4486860"," -0,3499530",49
202000046127,20,3,7,10:00,1,2,1,1,7,46127,M,"44,7317810","1,3754210",46
202000046128,20,3,6,18:45,3,1,1,1,1,86014,M,"46,7785440","0,5550385",86
202000046129,20,3,2,22:55,3,1,1,1,6,34125,M,"43,6642860","3,5376570",34
202000046130,20,3,8,18:30,2,1,1,2,6,31052,M,"43,4034280","1,3680290",31
202000046131,20,3,9,06:45,2,1,1,2,6,31341,M,"43,7189470","1,3190030",31
202000046132,20,3,8,01:30,3,1,1,1,1,01269,M,"46,1646190","5,5862060",01
202000046133,20,3,9,15:45,1,1,2,1,3,72230,M,"47,8565970","0,1321360",72
202000046134,20,3,9,14:30,1,1,1,1,1,14303,M,"49,1260310","0,2815620",14
202000046135,20,3,2,17:00,1,1,1,2,1,50435,M,"49,4952880"," -1,6080330",50
202000046136,20,3,9,15:15,1,1,2,8,3,50283,M,"49,1470050"," -1,0491190",50
202000046137,20,3,9,11:30,1,1,1,1,6,16064,M,"45,9551148","0,8448369",16
202000046138,20,3,8,05:45,3,1,1,1,6,53222,M,"48,2119230"," -0,7088220",53
202000046139,20,3,6,17:15,1,1,1,8,5,40017,M,"43,7319260"," -0,5714390",40
202000046140,20,3,9,13:25,1,1,1,2,1,40274,M,"43,9083650"," -0,6590780",40
202000046141,20,3,7,09:50,1,2,1,1,6,24352,M,"45,2548490","0,3414400",24
202000046142,20,3,7,20:20,3,1,1,1,2,37122,M,"47,3405984","0,6427583",37
202000046143,20,3,8,16:00,1,1,1,1,6,30228,M,"43,9346730","4,3850580",30
202000046144,20,3,7,12:00,1,1,1,1,3,13051,M,"43,5754400","5,1300470",13
202000046145,20,3,9,12:50,1,1,1,2,2,01069,M,"46,1282653","5,2827174",01
202000046146,20,3,8,17:30,1,1,1,1,6,68309,M,"47,6738190","7,4691150",68
202000046147,20,3,9,02:15,3,1,1,2,5,89339,M,"47,5707129","3,9381760",89
202000046148,20,3,7,02:26,3,1,1,1,6,57073,M,"49,1384980","6,8154720",57
202000046149,20,3,8,15:11,1,1,3,1,5,13011,M,"43,7372440","4,8257230",13
202000046150,20,3,9,10:30,1,1,1,2,2,27203,M,"49,0536060","1,4393590",27
202000046151,20,3,9,07:32,2,1,1,4,1,27388,M,"49,4509410","0,4463200",27
202000046152,20,3,7,17:45,2,1,1,1,7,98724,P," -16,7076020"," -150,9809020",987
202000046153,20,3,8,03:15,3,1,1,1,1,98821,C," -22,0815400","166,3187400",988
202000046154,20,3,9,02:00,3,1,1,1,6,97107,A,"16,0873210"," -61,5683160",971
202000046155,20,3,9,05:50,1,1,1,1,6,97107,A,"16,0552370"," -61,5669860",971
202000046156,20,3,7,21:00,3,1,1,1,1,97230,A,"14,7535630"," -60,9781010",972
202000046157,20,3,8,16:55,1,1,1,1,5,70416,M,"47,6578880","6,3628190",70
202000046158,20,3,6,08:30,1,2,1,1,-1,67067,M,"48,7317063","7,7055344",67
202000046159,20,3,7,15:50,1,1,9,1,3,67345,M,"48,7894560","7,8489091",67
202000046160,20,3,7,10:30,1,2,1,1,6,67131,M,"48,4883098","7,7158293",67
202000046161,20,3,8,20:35,5,1,1,1,2,69296,M,"45,6347390","4,8223220",69
202000046162,20,3,3,16:00,1,1,1,1,6,69295,M,"45,6085000","4,8699000",69
202000046163,20,3,8,15:50,1,1,1,1,1,09199,M,"43,2119760","1,6080110",09
202000046164,20,3,6,15:30,1,1,1,3,1,19098,M,"45,1967970","1,8355320",19
202000046165,20,3,7,19:00,5,2,1,1,-1,62604,M,"50,6177560","1,6537025",62
202000046166,20,3,6,17:05,1,2,1,1,6,62560,M,"50,8168870","1,7083950",62
202000046167,20,3,7,15:13,1,1,1,1,3,13056,M,"43,3982334","5,0803347",13
202000046168,20,3,7,12:10,1,1,1,1,3,13055,M,"43,3024000","5,4253000",13
202000046169,20,3,8,02:25,5,1,1,1,3,13215,M,"43,3442000","5,3754000",13
202000046170,20,3,7,11:20,1,1,1,1,7,13071,M,"43,3968700","5,2865400",13
202000046171,20,3,6,19:33,2,1,1,1,4,13055,M,"43,3061000","5,4251100",13
202000046172,20,1,29,14:40,1,1,1,8,3,13106,M,"43,4127400","5,3642500",13
202000046173,20,3,8,02:00,3,1,1,1,2,38087,M,"45,5805400","4,8020800",38
202000046174,20,3,8,00:10,3,1,1,1,3,69256,M,"45,7845800","4,8962100",69
202000046175,20,3,8,18:25,3,1,1,2,4,94034,M,"48,7597000","2,3220000",94
202000046176,20,3,8,07:48,2,1,1,1,5,94037,M,"48,8074300","2,3468300",94
202000046177,20,3,8,05:20,3,1,1,1,2,91689,M,"48,7430600","2,3229000",91
202000046178,20,3,7,19:30,3,1,1,1,4,77251,M,"48,6188000","2,5535000",77
202000046179,20,3,7,21:40,3,1,1,1,3,78423,M,"48,7953000","2,0418000",78
202000046180,20,3,7,19:30,5,1,1,1,3,94017,M,"48,8267200","2,5157900",94
202000046181,20,3,7,15:40,1,1,1,1,-1,77517,M,"48,9052517","2,6427821",77
202000046182,20,3,3,11:00,1,1,1,1,2,94018,M,"48,8175000","2,4229000",94
202000046183,20,3,7,11:55,1,2,1,1,7,98818,C," -22,2611800","166,4507100",988
202000046184,20,3,6,20:15,5,2,1,2,4,97411,R," -20,8941480","55,4713550",974
202000046185,20,3,7,10:29,1,2,1,1,3,97302,G,"4,9291516"," -52,3086763",973
202000046186,20,3,6,10:50,1,2,1,1,1,97302,G,"4,9279331"," -52,3182464",973
202000046187,20,3,7,13:15,1,2,2,1,3,69383,M,"45,7582600","4,8659200",69
202000046188,20,3,6,08:45,1,1,1,2,2,97213,A,"14,6182500"," -61,0269000",972
202000046189,20,3,5,01:00,5,2,9,1,7,97209,A,"14,6054540"," -61,0595550",972
202000046190,20,3,7,07:30,2,2,1,1,2,69389,M,"45,7762982","4,7978415",69
202000046191,20,3,6,19:10,5,2,3,1,1,91064,M,"48,7522300","2,2057500",91
202000046192,20,3,6,20:14,5,2,1,1,3,91345,M,"48,6840530","2,3089230",91
202000046193,20,6,25,06:10,1,2,6,1,3,73008,M,"45,7018070","5,9094422",73
202000046194,20,6,25,10:15,1,2,6,1,3,71153,M,"46,7951914","4,4325931",71
202000046195,20,6,19,12:40,1,1,1,1,1,70388,M,"47,6053900","6,1218600",70
202000046196,20,6,24,11:02,1,2,1,1,2,66136,M,"42,6905500","2,8808700",66
202000046197,20,6,25,15:10,1,2,1,1,1,64335,M,"43,3350400"," -0,4361700",64
202000046198,20,6,24,18:30,1,2,2,1,3,63113,M,"45,8096600","3,1094500",63
202000046199,20,6,25,18:35,1,2,2,1,3,62826,M,"50,5203240","1,5847560",62
202000046200,20,6,21,11:00,1,2,1,1,5,59230,M,"50,2463920","3,9752030",59
202000046201,20,6,24,16:50,1,2,1,1,2,56083,M,"47,8204700"," -3,2522000",56
202000046202,20,6,24,20:10,1,2,1,1,-1,54482,M,"48,7025670","6,1965043",54
202000046203,20,6,24,17:40,1,2,1,1,6,54382,M,"49,5359000","5,7675000",54
202000046204,20,6,25,08:15,1,2,1,1,-1,54159,M,"48,6130200","6,3654300",54
202000046205,20,6,25,15:11,1,2,2,1,3,51454,M,"49,2375937","4,0265784",51
202000046206,20,6,24,11:00,1,2,6,7,3,51474,M,"49,2808501","4,0047011",51
202000046207,20,6,23,16:15,1,1,1,1,6,50129,M,"49,6154600"," -1,6400200",50
202000046208,20,6,24,15:24,1,2,1,1,3,49007,M,"47,4863800"," -0,5370600",49
202000046209,20,6,24,10:58,1,2,1,1,5,49007,M,"47,4793500"," -0,5556500",49
202000046210,20,6,24,09:45,1,2,1,1,-1,46042,M,"44,4620500","1,4514700",46
202000046211,20,6,25,14:18,1,2,1,1,6,45068,M,"48,0066397","2,7217609",45
202000046212,20,6,17,16:10,1,2,1,1,6,39198,M,"47,0939740","5,4961550",39
202000046213,20,6,5,15:20,1,2,1,1,6,39198,M,"47,0959220","5,4997350",39
202000046214,20,5,6,09:30,1,2,3,1,6,39198,M,"47,0893360","5,4817450",39