Num_Acc,an,mois,jour,hrmn,lum,agg,int,atm,col,com,gps,lat,long,dep
202000046215,20,6,25,07:53,1,2,2,1,-1,37261,M,"47,3861626","0,6905012",37
202000046216,20,6,24,17:25,1,2,1,1,-1,37261,M,"47,3945994","0,6697347",37
202000046217,20,6,18,10:50,1,2,1,1,6,36063,M,"46,8268116","1,7031815",36
202000046218,20,6,25,17:50,1,2,3,1,3,35238,M,"48,1284000"," -1,6641700",35
202000046219,20,6,25,10:30,1,2,1,1,6,35238,M,"48,0902800"," -1,6914300",35
202000046220,20,6,25,10:10,1,2,9,1,2,34172,M,"43,6181667","3,8403815",34
202000046221,20,6,24,16:20,1,2,3,1,-1,34172,M,"43,6193000","3,8381300",34
202000046222,20,6,25,18:40,1,2,6,1,6,33318,M,"44,7911050"," -0,6334670",33
202000046223,20,6,25,17:20,1,1,3,1,3,33039,M,"44,8146876"," -0,5529200",33
202000046224,20,6,25,11:48,1,2,1,7,3,33013,M,"44,8663000"," -0,4833500",33
202000046225,20,6,18,09:30,1,2,4,3,6,33281,M,"44,8373000"," -0,6314600",33
202000046226,20,6,22,22:00,3,1,1,1,1,33529,M,"44,6331800"," -1,1840600",33
202000046227,20,6,25,17:50,1,1,1,1,1,33529,M,"44,6145800"," -1,1444200",33
202000046228,20,6,25,12:05,1,2,3,1,1,33009,M,"44,6590000"," -1,1693300",33
202000046229,20,6,24,12:30,1,2,6,1,2,33529,M,"44,6258000"," -1,1395500",33
202000046230,20,6,22,19:35,1,2,6,1,7,22360,M,"48,4887900"," -2,7632500",22
202000046231,20,6,25,08:40,1,1,1,1,2,17291,M,"46,1798820"," -1,0943690",17
202000046232,20,6,24,18:51,1,2,3,1,3,17300,M,"46,1657700"," -1,1420900",17
202000046233,20,6,25,14:00,1,2,1,1,2,14437,M,"49,1812000"," -0,3246100",14
202000046234,20,6,25,18:20,1,2,1,1,6,13204,M,"43,3015167","5,3928387",13
202000046235,20,6,25,14:15,1,2,1,1,3,13047,M,"43,5000410","4,9663820",13
202000046236,20,6,24,14:35,1,2,1,1,1,13005,M,"43,2859900","5,5298200",13
202000046237,20,6,20,17:50,1,1,1,1,1,12146,M,"44,3379880","2,5870310",12
202000046238,20,6,23,11:35,1,2,1,1,5,11262,M,"43,1681700","2,9841800",11
202000046239,20,6,25,07:55,1,2,1,1,6,06088,M,"43,6973060","7,2941670",06
202000046240,20,6,25,15:35,1,2,1,1,2,06123,M,"43,6871000","7,1870000",06
202000046241,20,6,25,17:30,1,2,1,1,6,75120,M,"48,8773770","2,4091570",75
202000046242,20,6,22,01:34,5,2,1,1,1,75106,M,"48,8573260","2,3383290",75
202000046243,20,6,25,18:36,1,2,1,1,3,75120,M,"48,8521340","2,4157000",75
202000046244,20,6,25,13:55,1,2,1,1,3,75117,M,"48,8753540","2,2902130",75
202000046245,20,6,24,14:30,1,2,1,1,3,75116,M,"48,8705000","2,2396430",75
202000046246,20,6,25,00:10,5,2,1,1,6,75115,M,"48,8553870","2,2877850",75
202000046247,20,6,25,02:25,5,2,3,1,3,75111,M,"48,8598310","2,3887610",75
202000046248,20,6,25,18:40,1,2,2,1,3,75110,M,"48,8807990","2,3512030",75
202000046249,20,6,25,12:00,1,2,7,1,3,75108,M,"48,8749700","2,3198060",75
202000046250,20,6,23,12:05,1,2,1,1,3,75108,M,"48,8677820","2,3099920",75
202000046251,20,6,25,17:30,1,2,7,1,2,75107,M,"48,8622800","2,3019540",75
202000046252,20,6,25,17:00,1,2,7,1,3,75107,M,"48,8526720","2,3030800",75
202000046253,20,6,25,14:55,1,2,3,1,6,75104,M,"48,8557220","2,3589800",75
202000046254,20,6,24,19:30,1,2,1,1,1,75104,M,"48,8558570","2,3584120",75
202000046255,20,6,24,20:00,1,2,2,1,6,75102,M,"48,8662510","2,3524920",75
202000046256,20,6,24,22:16,5,2,2,1,6,94074,M,"48,7490680","2,4553830",94
202000046257,20,6,25,18:50,1,2,1,1,3,94015,M,"48,8476753","2,5123737",94
202000046258,20,6,25,15:28,1,2,1,1,3,94046,M,"48,8157000","2,4257700",94
202000046259,20,6,24,21:24,2,1,1,1,6,94046,M,"48,8010700","2,4484300",94
202000046260,20,6,24,18:30,1,2,3,1,3,94028,M,"48,7680332","2,4553436",94
202000046261,20,6,24,18:55,1,2,1,1,6,94079,M,"48,8314110","2,5440440",94
202000046262,20,6,25,07:08,1,2,6,1,3,94018,M,"48,8185200","2,4109400",94
202000046263,20,6,25,10:15,1,2,9,1,6,93066,M,"48,9243798","2,3492353",93
202000046264,20,6,24,10:23,1,2,1,7,6,93066,M,"48,9360462","2,3610339",93
202000046265,20,6,25,11:55,1,2,1,1,6,93077,M,"48,8861100","2,5109000",93
202000046266,20,6,24,17:30,1,2,6,1,2,93053,M,"48,8901366","2,4531053",93
202000046267,20,6,25,19:45,1,1,1,1,2,93048,M,"48,8753694","2,4589333",93
202000046268,20,6,25,15:20,1,2,1,1,1,93008,M,"48,9116800","2,4179200",93
202000046269,20,6,25,10:32,1,2,9,7,3,92073,M,"48,8677219","2,2262509",92
202000046270,20,6,25,20:35,1,1,1,1,2,92051,M,"48,8818901","2,2687200",92
202000046271,20,6,24,23:45,5,2,1,1,6,92048,M,"48,8201000","2,2415800",92
202000046272,20,6,24,21:40,5,2,7,1,2,92026,M,"48,8938900","2,2411000",92
202000046273,20,6,25,08:55,1,2,2,1,1,92026,M,"48,8963488","2,2584779",92
202000046274,20,6,24,22:20,5,2,1,1,7,87125,M,"45,9045500","1,3253650",87
202000046275,20,6,26,06:00,1,1,1,1,6,74245,M,"45,9897240","6,1283970",74
202000046276,20,6,26,05:15,3,1,1,9,6,33334,M,"44,6681000"," -0,4428300",33
202000046277,20,6,13,18:35,1,2,1,1,7,17131,M,"45,5867099"," -0,8301470",17
202000046278,20,6,24,18:00,1,1,1,1,3,28012,M,"48,1156230","1,1357330",28
202000046279,20,6,24,18:41,1,1,4,1,5,67115,M,"48,2998030","7,4945230",67
202000046280,20,6,25,15:15,1,1,1,1,2,52384,M,"47,8218630","5,2248960",52
202000046281,20,6,15,20:20,1,2,1,1,1,62502,M,"50,6240350","2,6818660",62
202000046282,20,6,22,15:25,1,1,1,1,3,34032,M,"43,3641740","3,2758520",34
202000046283,20,6,21,06:21,2,1,1,1,6,61194,M,"48,7385920"," -0,0728060",61
202000046284,20,6,25,10:00,1,1,3,1,3,57043,M,"49,2557270","6,2008600",57
202000046285,20,6,23,12:30,1,1,1,1,-1,19237,M,"45,1598220","2,1243360",19
202000046286,20,6,26,15:15,1,2,4,1,5,74309,M,"46,1124860","6,0401840",74
202000046287,20,6,26,04:45,2,1,1,1,-1,74309,M,"46,1135570","6,0082660",74
202000046288,20,6,25,22:15,2,1,1,1,6,79063,M,"47,0312030"," -0,2998090",79
202000046289,20,6,25,07:00,1,1,1,1,7,79117,M,"46,4474000"," -0,5081300",79
202000046290,20,6,25,14:45,1,2,1,1,1,80315,M,"49,7353100","2,2538240",80
202000046291,20,6,26,11:05,1,2,9,1,6,89418,M,"47,8581800","3,9745990",89
202000046292,20,6,25,15:25,1,1,1,1,1,49160,M,"47,4112290"," -0,9303900",49
202000046293,20,6,25,17:10,1,1,1,1,1,42224,M,"45,3528730","4,4696870",42
202000046294,20,6,26,08:35,1,1,3,1,1,34234,M,"43,5329430","3,2289400",34
202000046295,20,6,24,11:25,1,1,4,1,3,44125,M,"47,3676190"," -2,5377850",44
202000046296,20,6,25,15:45,5,2,3,1,3,44117,M,"47,1379940"," -1,3416520",44
202000046297,20,6,25,14:40,1,1,1,1,5,35248,M,"48,5662420"," -1,5899710",35
202000046298,20,6,25,08:40,1,1,3,1,3,35133,M,"48,1313980"," -2,0709380",35
202000046299,20,6,25,17:10,1,1,3,1,3,35133,M,"48,1024160"," -2,0397660",35
202000046300,20,6,8,15:00,1,2,1,1,1,31230,M,"43,7194550","1,4366230",31
202000046301,20,6,26,13:44,1,2,1,8,1,85108,M,"46,9061710"," -1,3750210",85
202000046302,20,6,26,08:05,1,2,1,1,2,26086,M,"44,6938570","5,4830470",26
202000046303,20,6,25,12:40,1,1,1,1,6,54008,M,"48,5532270","5,8957850",54
202000046304,20,6,25,17:45,1,1,2,7,2,54589,M,"48,9691990","6,0507470",54
202000046305,20,6,20,12:35,1,2,1,1,6,14294,M,"49,1012730"," -0,2879910",14
202000046306,20,6,26,09:55,1,2,1,1,6,05164,M,"44,5262590","6,4070910",05
202000046307,20,6,26,15:30,1,1,9,1,7,50399,M,"48,6918850"," -1,2101550",50
202000046308,20,6,26,11:40,1,1,2,1,3,50453,M,"48,8454850"," -1,2012430",50
202000046309,20,6,23,18:10,1,2,1,1,6,45098,M,"47,8168635","1,7658079",45
202000046310,20,6,25,17:15,1,2,3,1,3,64160,M,"43,3623880"," -1,4070920",64
202000046311,20,6,25,19:20,1,2,4,7,3,18100,M,"47,1930150","1,8952920",18
202000046312,20,6,26,05:38,2,1,1,1,6,40303,M,"44,0900820"," -0,9177020",40
202000046313,20,6,25,08:50,1,2,2,1,3,85128,M,"46,4511420"," -1,1598840",85
202000046314,20,6,25,23:30,3,1,1,1,7,27065,M,"49,3497370","0,3674360",27
202000046315,20,6,25,23:10,3,1,1,1,3,17041,M,"46,1894570"," -0,8288240",17
202000046316,20,6,26,07:20,1,1,1,1,1,52057,M,"48,3521780","4,8808370",52
202000046317,20,6,25,19:00,2,2,8,1,6,24194,M,"44,8339910","0,3387040",24
202000046318,20,6,26,11:40,1,1,1,1,2,06161,M,"43,6259220","7,1161510",06
202000046319,20,6,26,10:30,1,2,1,2,6,69089,M,"45,7378290","4,7732660",69
202000046320,20,6,26,10:15,1,1,1,1,6,45169,M,"47,8995736","1,8052098",45
202000046321,20,6,25,15:25,1,1,1,1,3,98747,P," -17,7502400"," -149,1921470",987
202000046322,20,6,24,07:05,1,2,2,7,1,97112,A,"15,8702150"," -61,2813740",971
202000046323,20,6,25,16:00,1,1,1,1,6,2B036,M,"42,5404810","9,2964510",2B
202000046324,20,6,25,19:05,1,1,1,1,6,34285,M,"43,5163200","3,5138420",34
202000046325,20,6,26,00:30,3,1,1,1,2,58160,M,"46,9903890","3,1017920",58
202000046326,20,6,25,16:40,1,1,2,1,3,74080,M,"45,8869020","6,4333960",74
202000046327,20,6,26,07:55,1,2,2,1,3,38449,M,"45,6477650","5,1018160",38
202000046328,20,6,25,15:50,1,2,1,1,-1,46102,M,"44,6073030","2,0323460",46
202000046329,20,6,26,12:15,1,1,1,1,4,64261,M,"43,1730810"," -0,5409690",64
202000046330,20,6,25,10:00,1,1,1,1,7,27016,M,"49,2386830","1,4252990",27
202000046331,20,6,26,12:40,1,2,1,1,6,60141,M,"49,1841890","2,4598320",60
202000046332,20,6,26,12:05,1,1,9,8,3,80685,M,"49,7217393","2,7778146",80
202000046333,20,6,25,12:00,1,1,1,1,6,13005,M,"43,2886595","5,5492683",13
202000046334,20,6,24,22:20,3,1,1,1,-1,13085,M,"43,2468770","5,5962610",13
202000046335,20,6,24,17:20,1,1,1,1,7,13005,M,"43,2690344","5,5881518",13
202000046336,20,6,24,22:40,5,1,1,1,7,83137,M,"43,1250600","5,9062500",83
202000046337,20,6,25,13:10,1,1,1,1,3,69199,M,"45,6936772","4,8434024",69
202000046338,20,6,25,14:30,1,1,1,1,5,92002,M,"48,7632364","2,3053090",92
202000046339,20,6,25,20:11,1,1,1,1,6,92036,M,"48,9290645","2,3024780",92
202000046340,20,6,24,10:45,1,1,1,1,4,92036,M,"48,9343472","2,2696661",92
202000046341,20,6,25,18:15,1,1,1,1,4,92036,M,"48,9383900","2,3133000",92
202000046342,20,6,25,10:30,1,1,1,1,2,95604,M,"49,1231200","2,5567700",95
202000046343,20,6,25,11:30,1,1,1,1,3,93006,M,"48,8665700","2,4240200",93
202000046344,20,6,25,09:30,1,1,1,1,2,93066,M,"48,9299700","2,3635300",93
202000046345,20,6,24,17:30,1,1,1,7,5,93005,M,"48,9607200","2,4679000",93
202000046346,20,6,24,14:00,1,1,1,1,7,93007,M,"48,9207100","2,4793700",93
202000046347,20,6,21,21:20,1,1,1,1,6,95212,M,"49,0335500","2,5413600",95
202000046348,20,6,24,08:05,1,1,1,1,3,95018,M,"48,9629200","2,2653800",95
202000046349,20,6,24,08:15,1,1,1,1,3,93005,M,"48,9312500","2,4809600",93
202000046350,20,6,25,18:45,1,1,1,1,2,77175,M,"48,6653712","2,6131588",77
202000046351,20,6,25,16:55,1,1,1,1,-1,94022,M,"48,7760000","2,4293200",94
202000046352,20,6,25,15:00,1,1,1,1,-1,77258,M,"48,8323001","2,6531658",77
202000046353,20,6,25,10:30,1,1,1,1,2,94017,M,"48,8276700","2,5066500",94
202000046354,20,6,25,08:40,1,1,1,1,2,93051,M,"48,8352000","2,5727000",93
202000046355,20,6,24,19:45,1,1,1,1,-1,94046,M,"48,8118278","2,4491292",94
202000046356,20,6,24,17:15,1,1,1,1,-1,94046,M,"48,8155602","2,4506905",94
202000046357,20,6,24,15:15,1,1,1,1,2,94073,M,"48,7551121","2,3827400",94
202000046358,20,4,16,20:05,1,2,3,9,3,91657,M,"48,7005100","2,4403420",91
202000046359,20,2,26,19:40,5,2,1,1,3,06069,M,"43,6317700","6,9571200",06
202000046360,20,6,23,08:35,1,1,1,1,4,97416,R," -21,2983200","55,4427900",974
202000046361,20,6,24,09:45,1,2,9,1,3,97209,A,"14,6105800"," -61,0484000",972
202000046362,20,6,24,07:25,1,2,1,1,-1,69149,M,"45,7181478","4,8082500",69
202000046363,20,6,24,06:40,1,1,9,1,3,97113,A,"16,2826700"," -61,2826700",971
202000046364,20,6,24,01:30,5,2,6,1,7,2A004,M,"41,9415778","8,7561195",2A
202000046365,20,6,23,12:35,1,2,9,1,3,95268,M,"48,9733314","2,4179389",95
202000046366,20,6,24,19:18,1,2,1,1,1,91434,M,"48,6466000","2,3583000",91
202000046367,20,6,23,08:10,1,2,3,1,3,91521,M,"48,6592500","2,4052700",91
202000046368,20,6,24,15:00,1,2,2,1,7,91657,M,"48,7166880","2,4377310",91
202000046369,20,6,24,11:30,1,2,3,7,3,91174,M,"48,6026010","2,4691580",91
202000046370,20,6,24,18:00,1,2,3,1,6,90010,M,"47,6310500","6,8607400",90
202000046371,20,6,23,15:31,1,2,1,1,6,87085,M,"45,8423600","1,2445000",87
202000046372,20,6,22,12:35,1,2,4,1,1,83009,M,"43,1401800","5,7400600",83
202000046373,20,6,24,20:47,1,1,1,1,6,83069,M,"43,1168400","6,1701800",83
202000046374,20,6,23,19:00,1,2,1,1,6,80021,M,"49,8794270","2,2792340",80
202000046375,20,6,23,15:35,1,2,1,1,3,80131,M,"49,8652500","2,3712200",80
202000046376,20,6,24,17:25,1,2,1,1,6,78440,M,"48,9931800","1,9167600",78
202000046377,20,6,24,16:56,1,2,2,1,3,78440,M,"48,9990300","1,9134300",78
202000046378,20,6,19,23:30,5,2,1,1,7,77226,M,"48,4508400","2,7700700",77
202000046379,20,6,23,18:42,1,1,3,1,1,76682,M,"49,3188300","1,1139400",76
202000046380,20,6,23,14:15,1,1,1,1,4,73031,M,"45,5721850","5,9359620",73
202000046381,20,6,24,21:15,1,2,1,1,3,69256,M,"45,7755100","4,9243100",69
202000046382,20,6,24,20:00,1,2,1,7,1,69256,M,"45,7867900","4,9138000",69
202000046383,20,6,23,21:15,1,2,9,2,3,69256,M,"45,7873700","4,9164900",69
202000046384,20,6,23,16:30,1,2,1,1,2,64448,M,"43,3457000"," -0,4498000",64
202000046385,20,6,20,15:20,1,2,3,1,7,64122,M,"43,4810262"," -1,5399259",64
202000046386,20,6,24,10:20,1,2,1,1,3,64102,M,"43,4926200"," -1,4943000",64
202000046387,20,6,24,02:50,5,2,1,1,7,64024,M,"43,4984500"," -1,5441000",64
202000046388,20,6,23,18:32,1,2,1,1,7,63164,M,"45,8326490","3,1443971",63
202000046389,20,6,23,19:55,1,2,5,1,2,51454,M,"49,2390605","4,0310918",51
202000046390,20,6,23,13:56,1,2,1,1,2,49246,M,"47,4300000"," -0,5419500",49
202000046391,20,1,4,11:50,1,1,1,1,7,06074,M,"43,9587100","7,3007000",06
202000046392,20,1,3,13:27,1,1,1,1,6,06059,M,"43,7224740","7,3340900",06
202000046393,20,1,3,21:10,3,1,1,1,7,05106,M,"44,5495077","6,3290052",05
202000046394,20,1,4,02:00,3,1,1,2,6,07188,M,"45,1897624","4,6732267",07
202000046395,20,1,4,10:20,1,1,1,1,3,28378,M,"48,2822750","0,8730290",28
202000046396,20,1,1,02:30,3,1,4,1,7,17312,M,"45,3508840"," -0,6428110",17
202000046397,20,1,2,11:45,1,2,1,1,7,30082,M,"43,8229010","4,2276120",30
202000046398,20,2,3,08:15,1,1,9,1,5,83061,M,"43,5095310","6,7155500",83
202000046399,20,1,4,17:00,2,1,1,8,1,08090,M,"49,6238990","5,1424940",08
202000046400,20,2,4,09:00,2,2,1,1,3,78133,M,"48,9147280","2,0400500",78
202000046401,20,1,3,19:30,3,1,1,1,1,97801,,"18,0793940"," -63,0613270",978
202000046402,20,1,3,13:30,1,1,1,1,2,01451,M,"46,2580727","5,2275379",01
202000046403,20,2,4,20:15,5,2,9,1,7,78486,M,"48,6938074","1,8537724",78
202000046404,20,1,4,09:50,1,1,1,1,6,97129,A,"16,3540110"," -61,7428890",971
202000046405,20,2,5,22:00,3,1,1,8,-1,77294,M,"48,9976500","2,6324400",77
202000046406,20,1,3,17:45,5,2,1,1,2,83071,M,"43,1421110","6,2438290",83
202000046407,20,1,3,23:45,3,1,1,1,1,13059,M,"43,6132210","5,4951950",13
202000046408,20,2,4,10:40,1,2,2,8,6,77475,M,"48,9577850","2,9472860",77
202000046409,20,1,3,20:30,3,1,1,2,1,67028,M,"48,3759710","7,5871840",67
202000046410,20,1,3,17:45,3,1,1,1,6,07034,M,"44,3546824","4,5667366",07
202000046411,20,2,2,00:25,5,2,3,1,3,76351,M,"49,5022100","0,1034400",76
202000046412,20,1,4,06:15,3,1,1,9,6,57588,M,"49,4744850","6,2463230",57
202000046413,20,1,3,18:00,3,1,1,2,2,60628,M,"49,4261918","2,1317965",60
202000046414,20,1,1,06:05,4,1,1,5,4,69199,M,"45,6906635","4,8455772",69
202000046415,20,2,3,17:20,2,2,2,2,3,76351,M,"49,5096100","0,1276400",76
202000046416,20,1,30,19:40,5,2,3,2,-1,73029,M,"45,5705011","5,9485823",73
202000046417,20,2,2,19:45,5,2,9,2,6,71076,M,"46,7871290","4,8583768",71
202000046418,20,2,4,14:15,1,2,3,1,3,69029,M,"45,7296000","4,8940000",69
202000046419,20,2,3,21:40,4,1,1,1,2,66136,M,"42,7148150","2,9390410",66
202000046420,20,1,3,13:25,1,1,1,2,6,91689,M,"48,7429200","2,3223900",91
202000046421,20,2,3,07:50,2,2,3,1,3,65286,M,"43,1087210"," -0,0284930",65
202000046422,20,2,3,17:20,1,2,1,1,1,64122,M,"43,4813800"," -1,5452500",64
202000046423,20,2,4,09:50,1,2,6,2,7,64102,M,"43,4869900"," -1,4685600",64
202000046424,20,2,3,13:40,1,2,6,1,3,64102,M,"43,4780000"," -1,4924200",64
202000046425,20,1,9,13:40,1,2,1,1,6,63113,M,"45,7675400","3,0957800",63
202000046426,20,1,9,19:25,5,2,2,1,3,63113,M,"45,7735405","3,0901385",63
202000046427,20,2,3,18:10,5,2,2,2,6,62774,M,"50,9574800","1,8204030",62
202000046428,20,2,4,15:20,1,2,1,2,6,59017,M,"50,6869800","2,8827400",59
202000046429,20,2,4,22:45,5,2,2,1,3,54184,M,"48,7007740","6,2245760",54
202000046430,20,2,3,18:30,5,2,2,3,6,50218,M,"48,8295950"," -1,5672040",50
202000046431,20,2,3,07:35,5,2,1,1,6,50129,M,"49,6339700"," -1,6211200",50
202000046432,20,2,3,08:04,2,2,1,1,2,49007,M,"47,4591800"," -0,5354700",49
202000046433,20,2,3,22:00,5,2,2,1,3,47001,M,"44,1991600","0,6263200",47
202000046434,20,1,3,13:45,1,1,1,2,7,91182,M,"48,6205377","2,4253653",91
202000046435,20,2,4,12:40,1,2,6,1,3,44162,M,"47,2255600"," -1,6223700",44
202000046436,20,2,4,09:45,1,2,1,1,6,44109,M,"47,2416500"," -1,5733700",44
202000046437,20,2,4,12:50,1,2,1,1,5,37261,M,"47,3856158","0,6909247",37
202000046438,20,2,4,12:20,1,2,2,1,3,37261,M,"47,3833427","0,6661874",37
202000046439,20,2,4,08:00,1,2,3,1,3,37195,M,"47,3761775","0,6521925",37
202000046440,20,2,4,16:15,1,2,1,8,2,35238,M,"48,1204700"," -1,6616900",35
202000046441,20,2,3,17:15,2,1,9,1,1,34108,M,"43,4219100","3,7395300",34
202000046442,20,2,4,14:15,1,2,1,1,4,34172,M,"43,5943100","3,8608100",34
202000046443,20,2,2,05:25,5,2,9,1,3,34032,M,"43,3546200","3,2299800",34
202000046444,20,2,5,02:00,5,2,6,1,1,33063,M,"44,8658200"," -0,5751400",33
202000046445,20,2,4,17:50,1,2,2,1,3,33550,M,"44,7786700"," -0,5664000",33
202000046446,20,1,3,14:38,3,1,1,1,4,91589,M,"48,6783188","2,3358550",91
202000046447,20,1,27,07:20,2,2,2,1,6,33075,M,"44,8853260"," -0,5923200",33
202000046448,20,1,3,00:00,3,1,1,1,6,91659,M,"48,5803569","2,4606939",91
202000046449,20,2,4,08:15,2,2,1,3,7,32013,M,"43,6394200","0,5903600",32
202000046450,20,1,3,18:28,3,1,1,2,6,78545,M,"48,8091900","2,0545330",78
202000046451,20,2,3,23:15,5,2,1,1,6,31555,M,"43,5744100","1,4054400",31
202000046452,20,1,3,17:50,3,1,1,1,2,92047,M,"48,8363264","2,1847581",92
202000046453,20,2,3,08:10,1,2,1,1,2,31555,M,"43,6635719","1,4307684",31
202000046454,20,1,3,14:39,1,1,1,1,3,95675,M,"49,0588800","2,5504000",95
202000046455,20,2,5,00:55,5,2,1,1,6,30007,M,"44,1262000","4,0799000",30
202000046456,20,5,21,21:15,5,2,3,1,2,69034,M,"45,7951800","4,8474400",69
202000046457,20,1,3,12:20,1,1,1,1,7,93010,M,"48,8880300","2,4739000",93
202000046458,20,5,21,22:20,3,1,1,1,3,97101,A,"16,2922200"," -61,4890500",971
202000046459,20,1,2,17:15,3,1,1,2,6,60494,M,"49,1366200","2,5661400",60
202000046460,20,5,21,19:40,3,1,1,1,5,97113,A,"16,2158900"," -61,4225900",971
202000046461,20,5,20,08:00,1,1,9,1,3,86194,M,"46,5842800","0,3937400",86
202000046462,20,5,21,13:35,1,2,1,1,6,76575,M,"49,3852400","1,0995700",76
202000046463,20,5,21,17:45,1,2,1,1,3,76447,M,"49,5296900","0,1816000",76
202000046464,20,1,2,14:00,1,1,1,1,2,95252,M,"48,9767900","2,2349600",95
202000046465,20,1,31,11:45,1,2,3,1,6,29019,M,"48,3871318"," -4,4765399",29
202000046466,20,1,2,08:40,2,1,1,2,2,92036,M,"48,9366000","2,2997400",92
202000046467,20,1,2,05:39,1,1,1,1,3,60494,M,"49,1372923","2,5667059",60
202000046468,20,1,1,09:30,1,1,1,1,2,93007,M,"48,9435800","2,4360300",93
202000046469,20,8,26,10:15,1,2,2,1,6,93048,M,"48,8757000","2,4591000",93
202000046470,20,8,26,13:55,1,2,9,1,3,93006,M,"48,8637000","2,4167000",93
202000046471,20,8,25,20:15,2,1,1,1,6,93032,M,"48,8656400","2,5649000",93
202000046472,20,1,1,04:20,5,1,1,1,2,93066,M,"48,9175200","2,3576700",93
202000046473,20,5,22,17:50,1,2,1,1,-1,72181,M,"47,9855200","0,2093600",72
202000046474,20,8,26,15:05,1,2,1,1,3,93010,M,"48,9002790","2,4654182",93
202000046475,20,5,22,10:20,1,2,1,1,2,72181,M,"47,9761900","0,1676100",72
202000046476,20,8,26,13:40,1,2,1,1,6,93010,M,"48,9130300","2,4912900",93
202000046477,20,1,3,11:40,1,1,1,1,4,94017,M,"48,8267626","2,5151501",94
202000046478,20,1,1,06:35,1,1,1,2,6,97416,R," -21,2995430","55,4225280",974
202000046479,20,8,26,17:00,1,2,1,1,3,93001,M,"48,9145706","2,3665667",93
202000046480,20,8,24,18:20,1,2,1,1,3,92078,M,"48,9355070","2,3338650",92
202000046481,20,1,20,13:45,1,2,1,1,6,27229,M,"49,0228000","1,1239000",27
202000046482,20,5,22,13:20,1,2,1,1,1,71040,M,"46,6874523","4,3906664",71
202000046483,20,1,1,15:25,1,2,2,1,6,97411,R," -20,8765000","55,4482500",974
202000046484,20,8,26,15:10,1,2,2,1,3,92036,M,"48,9267260","2,2946220",92
202000046485,20,2,4,10:00,1,2,9,1,6,25056,M,"47,2429400","6,0091000",25
202000046486,20,2,4,05:30,5,2,1,1,1,18033,M,"47,0997000","2,4103000",18
202000046487,20,1,1,02:30,5,2,1,1,7,97209,A,"14,6283400"," -61,0726400",972
202000046488,20,5,22,09:40,1,2,3,1,3,67482,M,"48,5913230","7,7092590",67
202000046489,20,2,4,15:15,1,2,1,1,6,16015,M,"45,6482240","0,1423860",16
202000046490,20,1,2,05:40,5,2,5,2,3,91657,M,"48,7034000","2,4313300",91
202000046491,20,5,21,20:35,2,2,1,1,3,67482,M,"48,5780200","7,7053680",67
202000046492,20,2,1,22:55,5,2,1,2,6,14220,M,"49,3610210","0,0760728",14
202000046493,20,5,21,19:05,1,2,1,1,-1,67482,M,"48,5622900","7,7735600",67
202000046494,20,1,1,05:30,5,1,3,8,3,78220,M,"48,7257129","1,8925358",78
202000046495,20,2,4,23:30,5,2,5,1,3,13213,M,"43,3306800","5,4102100",13
202000046496,20,8,26,05:50,5,2,1,1,7,92062,M,"48,8851372","2,2264454",92
202000046497,20,5,20,18:36,1,2,9,1,2,67482,M,"48,5896820","7,6910770",67
202000046498,20,5,20,22:10,3,2,1,1,6,67482,M,"48,5480700","7,7690500",67
202000046499,20,5,20,17:10,1,2,1,1,6,67482,M,"48,5514000","7,7659600",67
202000046500,20,5,20,16:55,1,2,3,1,2,67482,M,"48,5889130","7,7140690",67
202000046501,20,5,22,11:00,1,1,6,1,3,63063,M,"45,8289515","3,1144950",63
202000046502,20,8,26,10:12,1,2,1,1,2,92026,M,"48,9026600","2,2585600",92
202000046503,20,1,1,12:55,1,1,1,5,5,77186,M,"48,4627000","2,6678000",77
202000046504,20,2,4,19:30,5,2,1,6,3,13211,M,"43,2892000","5,4997000",13
202000046505,20,5,20,18:48,1,2,2,1,6,63113,M,"45,7714200","3,0831200",63
202000046506,20,2,4,19:20,5,2,1,1,6,13204,M,"43,2956300","5,3963100",13
202000046507,20,5,22,22:30,5,2,9,1,3,59350,M,"50,6304600","3,0232100",59
202000046508,20,5,22,20:50,1,2,1,1,7,59131,M,"50,9944700","2,3664900",59
202000046509,20,4,15,14:40,1,2,1,1,6,56260,M,"47,6593500"," -2,7626400",56
202000046510,20,8,25,10:30,1,2,1,1,3,92004,M,"48,9202082","2,2887585",92
202000046511,20,8,27,09:30,1,1,2,1,3,35176,M,"47,8626790"," -1,8626170",35
202000046512,20,1,1,19:00,3,2,2,5,3,71040,M,"46,7108423","4,3948374",71
202000046513,20,8,27,07:45,1,1,1,1,3,95504,M,"49,1109760","2,2559310",95
202000046514,20,1,1,19:20,5,2,9,1,7,69266,M,"45,7678000","4,8887000",69
202000046515,20,1,2,23:30,5,2,1,1,7,64024,M,"43,4867000"," -1,5013000",64
202000046516,20,2,4,15:25,1,2,3,6,3,13215,M,"43,3414820","5,3731000",13
202000046517,20,1,2,18:15,5,2,3,1,3,64102,M,"43,4995700"," -1,4586500",64
202000046518,20,2,4,12:30,1,2,1,1,3,13204,M,"43,3027000","5,3983000",13
202000046519,20,8,26,17:40,1,1,2,1,3,01090,M,"46,0196450","5,2182160",01
202000046520,20,5,21,00:30,5,2,6,1,6,56098,M,"47,7774800"," -3,3445100",56
202000046521,20,1,2,10:27,1,2,1,1,2,64102,M,"43,4851000"," -1,4596000",64