Num_Acc,an,mois,jour,hrmn,lum,agg,int,atm,col,com,gps,lat,long,dep
202000046522,20,2,3,18:00,3,1,1,1,2,13002,M,"43,3336500","5,4821580",13
202000046523,20,1,2,07:50,2,2,3,1,6,59508,M,"50,7525968","3,1207448",59
202000046524,20,2,3,16:40,1,2,1,1,3,13202,M,"43,2980000","5,3630500",13
202000046525,20,8,23,09:46,1,2,1,1,1,67491,M,"48,9051081","7,2483441",67
202000046526,20,2,3,12:15,1,2,6,1,7,13215,M,"43,3405500","5,3785500",13
202000046527,20,5,20,11:00,1,2,1,1,6,56121,M,"47,7476400"," -3,3585500",56
202000046528,20,8,27,10:57,1,1,1,1,3,22200,M,"48,4861210"," -2,3336510",22
202000046529,20,1,1,18:36,5,2,2,8,6,51454,M,"49,2828809","4,0205589",51
202000046530,20,2,4,22:20,5,2,1,1,1,13063,M,"43,5912400","5,0068930",13
202000046531,20,1,2,13:10,1,2,2,8,3,45302,M,"47,9545630","1,8911450",45
202000046532,20,8,24,15:45,1,1,1,1,-1,83023,M,"43,4213050","6,0761690",83
202000046533,20,5,19,18:10,1,2,3,1,3,56098,M,"47,7746300"," -3,3476300",56
202000046534,20,8,15,21:00,2,2,1,1,6,85223,M,"46,5628700"," -1,0840990",85
202000046535,20,1,2,06:45,2,2,1,1,6,44162,M,"47,2561700"," -1,6364500",44
202000046536,20,8,27,06:45,1,1,1,1,6,21210,M,"47,2379860","4,5802260",21
202000046537,20,5,14,13:45,1,2,1,1,2,55043,M,"49,1764000","5,3804000",55
202000046538,20,8,26,12:30,1,1,1,1,3,21091,M,"47,1979290","4,6594690",21
202000046539,20,5,21,18:55,1,2,1,1,6,49007,M,"47,4511000"," -0,5194200",49
202000046540,20,8,27,16:15,1,1,1,3,7,35200,M,"47,9578580"," -1,2243750",35
202000046541,20,1,31,16:00,1,1,1,1,2,13098,M,"43,4410130","5,0206790",13
202000046542,20,1,2,09:51,1,2,1,1,7,37261,M,"47,3853376","0,6909037",37
202000046543,20,5,21,08:15,1,2,1,1,6,49007,M,"47,4546800"," -0,5332000",49
202000046544,20,1,2,10:40,1,2,2,1,3,33063,M,"44,8407630"," -0,5922660",33
202000046545,20,5,20,07:34,1,2,1,1,3,49007,M,"47,4826000"," -0,5307100",49
202000046546,20,1,1,16:00,1,2,1,1,4,31555,M,"43,6090100","1,4539900",31
202000046547,20,8,27,06:55,1,1,1,1,2,29095,M,"48,4544724"," -4,3730551",29
202000046548,20,5,19,08:15,1,1,1,1,2,40281,M,"43,8760500"," -0,5065800",40
202000046549,20,2,3,20:05,5,2,1,1,-1,11262,M,"43,1877620","3,0031380",11
202000046550,20,8,25,17:00,1,2,2,1,3,56117,M,"47,8879600"," -2,8308140",56
202000046551,20,5,22,12:03,1,2,3,1,6,37261,M,"47,3948425","0,6776524",37
202000046552,20,1,9,16:45,1,2,2,1,7,11069,M,"43,2163570","2,3542860",11
202000046553,20,5,22,15:55,1,2,1,1,7,34172,M,"43,5917800","3,8785600",34
202000046554,20,2,3,07:35,5,2,6,2,3,10387,M,"48,2786000","4,0667000",10
202000046555,20,1,1,04:45,5,2,1,1,1,31555,M,"43,6496100","1,4255400",31
202000046556,20,2,4,16:30,1,2,1,1,7,06069,M,"43,6794440","6,9478290",06
202000046557,20,8,18,12:45,1,1,1,2,5,56218,M,"47,7404920"," -2,2694710",56
202000046558,20,5,22,14:30,1,2,2,1,1,34172,M,"43,6147700","3,8811800",34
202000046559,20,2,4,09:00,1,2,1,1,2,06030,M,"43,5666100","6,9867400",06
202000046560,20,5,27,20:00,1,2,1,1,6,56194,M,"47,5980210"," -2,0994830",56
202000046561,20,2,3,09:40,1,2,1,1,6,03185,M,"46,3610171","2,5906038",03
202000046562,20,1,2,21:00,5,2,3,1,3,30189,M,"43,8283300","4,3600000",30
202000046563,20,5,22,12:15,1,2,3,1,1,34172,M,"43,6191400","3,8865000",34
202000046564,20,1,2,16:55,1,2,1,1,1,29232,M,"47,9812000"," -4,0326300",29
202000046565,20,8,26,19:55,1,1,1,1,6,82055,M,"43,9241950","0,9486540",82
202000046566,20,1,2,08:00,1,1,1,1,3,13039,M,"43,4331300","4,9157900",13
202000046567,20,5,22,09:55,1,2,1,1,6,34003,M,"43,2858300","3,5123100",34
202000046568,20,8,26,21:30,3,2,1,1,7,63331,M,"45,4972074","3,9198813",63
202000046569,20,5,21,10:55,1,1,1,1,1,33529,M,"44,5659600"," -1,2302200",33
202000046570,20,2,4,16:55,1,1,2,2,-1,01289,M,"46,1803900","5,1947300",01
202000046571,20,8,15,16:15,1,1,1,1,3,63126,M,"45,6851860","3,1434260",63
202000046572,20,2,4,10:10,1,2,4,1,3,75120,M,"48,8631390","2,4134410",75
202000046573,20,5,22,12:19,1,2,1,1,3,31555,M,"43,6479400","1,4220100",31
202000046574,20,8,27,00:30,3,1,1,1,6,42282,M,"45,8788521","3,8405712",42
202000046575,20,1,2,17:05,2,2,1,1,2,13215,M,"43,3596188","5,3647453",13
202000046576,20,5,20,19:11,1,2,1,1,6,31555,M,"43,5838400","1,4430900",31
202000046577,20,1,9,19:20,2,2,4,2,3,75116,M,"48,8752934","2,2769433",75
202000046578,20,1,2,05:45,5,2,2,1,3,13206,M,"43,2879500","5,3834600",13
202000046579,20,2,3,19:27,5,2,3,3,6,75119,M,"48,8952950","2,3720910",75
202000046580,20,1,1,06:35,5,2,1,1,2,13209,M,"43,2620343","5,3971571",13
202000046581,20,8,27,17:10,1,1,3,1,3,42267,M,"46,1599590","4,1018610",42
202000046582,20,2,4,17:50,5,2,1,8,3,75118,M,"48,8982940","2,3704920",75
202000046583,20,8,15,19:45,2,1,1,1,7,22046,M,"48,3258620"," -2,5323380",22
202000046584,20,2,4,11:15,1,2,1,1,2,75117,M,"48,8927180","2,3149610",75
202000046585,20,5,20,10:00,1,2,1,1,6,30189,M,"43,8236000","4,3361000",30
202000046586,20,8,25,17:10,1,2,3,1,3,39164,M,"46,6525300","5,6003120",39
202000046587,20,5,22,16:50,1,1,1,1,6,29232,M,"47,9577527"," -4,0472453",29
202000046588,20,1,1,00:30,5,2,3,1,-1,13214,M,"43,3173566","5,3898722",13
202000046589,20,8,27,10:55,1,2,3,8,7,25403,M,"47,0436510","6,6062060",25
202000046590,20,5,22,15:55,1,2,1,2,4,27229,M,"49,0299100","1,1628000",27
202000046591,20,1,2,16:30,1,2,1,1,3,13001,M,"43,5282400","5,4321900",13
202000046592,20,2,4,18:50,5,2,7,1,3,75116,M,"48,8770650","2,2833930",75
202000046593,20,2,4,18:30,5,2,2,1,3,75116,M,"48,8758410","2,2621990",75
202000046594,20,5,22,20:08,1,2,1,1,-1,17300,M,"46,1635600"," -1,1696600",17
202000046595,20,5,22,12:30,1,2,1,1,6,13201,M,"43,3019100","5,3797200",13
202000046596,20,5,22,05:25,2,1,1,1,6,13047,M,"43,5840000","4,9461800",13
202000046597,20,8,26,14:45,1,2,4,8,3,25558,M,"47,1564090","6,1130250",25
202000046598,20,1,2,18:10,5,1,1,1,1,06069,M,"43,6385322","6,9502777",06
202000046599,20,5,21,08:05,1,2,2,1,3,11069,M,"43,2105700","2,3449900",11
202000046600,20,8,23,17:00,1,1,1,1,-1,38022,M,"45,6472670","5,5751520",38
202000046601,20,8,16,15:25,1,1,1,1,6,06150,M,"43,7288560","7,3929510",06
202000046602,20,5,22,05:10,5,2,1,1,6,06088,M,"43,6745320","7,2119410",06
202000046603,20,8,27,20:12,1,1,3,2,3,14286,M,"49,3554700","0,2329940",14
202000046604,20,5,21,12:30,1,2,1,1,1,06088,M,"43,7098000","7,2371920",06
202000046605,20,8,27,15:00,1,2,1,7,7,07010,M,"45,2388785","4,6939769",07
202000046606,20,5,22,09:55,1,2,2,1,1,06027,M,"43,6704000","7,1340000",06
202000046607,20,8,24,23:30,3,2,1,1,6,53084,M,"47,8387760"," -0,9524520",53
202000046608,20,1,2,15:15,1,2,1,1,3,06027,M,"43,6560500","7,1466400",06
202000046609,20,8,26,20:20,3,1,1,1,7,04104,M,"43,9751337","5,7327551",04
202000046610,20,2,4,15:55,1,2,1,1,1,75115,M,"48,8408360","2,3039280",75
202000046611,20,1,2,14:30,1,2,3,2,3,02738,M,"49,6555270","3,3142490",02
202000046612,20,5,22,08:33,1,2,9,1,3,05061,M,"44,5574700","6,0815500",05
202000046613,20,8,26,11:38,1,1,1,1,1,04176,M,"43,7551960","6,1405610",04
202000046614,20,2,4,13:45,1,2,3,1,6,75112,M,"48,8460890","2,3757000",75
202000046615,20,5,21,23:00,5,2,6,1,2,05061,M,"44,5620900","6,0839200",05
202000046616,20,8,26,10:15,1,1,1,1,2,88487,M,"47,9501270","6,4632010",88
202000046617,20,1,2,10:05,1,1,2,1,3,01344,M,"46,1907200","5,1967200",01
202000046618,20,8,27,11:30,1,1,9,1,6,72065,M,"48,0423410","0,1737000",72
202000046619,20,1,2,00:20,3,1,6,5,6,01053,M,"46,2184020","5,2648310",01
202000046620,20,2,4,09:22,1,2,2,2,3,75112,M,"48,8434330","2,3707240",75
202000046621,20,8,16,17:50,1,1,1,2,5,95554,M,"49,1845210","1,7824730",95
202000046622,20,1,1,18:15,5,2,4,2,7,75113,M,"48,8259072","2,3868917",75
202000046623,20,5,20,11:30,1,1,9,1,3,05061,M,"44,5653353","6,0927502",05
202000046624,20,2,4,08:05,1,2,2,2,3,75107,M,"48,8610430","2,3132410",75
202000046625,20,8,27,10:25,1,2,1,1,6,91338,M,"48,6451740","2,0762390",91
202000046626,20,1,2,07:30,5,2,4,2,7,75114,M,"48,8318352","2,3252316",75
202000046627,20,5,20,21:00,1,2,1,1,6,03310,M,"46,1209398","3,4193957",03
202000046628,20,2,4,19:10,4,2,1,1,-1,75101,M,"48,8673690","2,3300860",75
202000046629,20,8,26,12:21,1,2,2,1,3,2B298,M,"42,6825220","9,3051620",2B
202000046630,20,5,20,13:10,1,2,1,1,3,75113,M,"48,8162240","2,3639410",75
202000046631,20,1,1,03:15,5,2,3,1,3,75120,M,"48,8691163","2,3914520",75
202000046632,20,8,26,13:45,1,2,3,8,7,25526,M,"47,5028880","6,7717620",25
202000046633,20,2,4,18:20,5,2,2,1,3,75102,M,"48,8710840","2,3348190",75
202000046634,20,1,1,22:20,5,2,3,1,3,75117,M,"48,8832281","2,3253261",75
202000046635,20,8,27,07:10,2,1,1,1,6,89380,M,"48,0778331","3,0588361",89
202000046636,20,2,4,16:35,1,2,1,8,2,94042,M,"48,8228226","2,4656733",94
202000046637,20,8,27,02:50,5,2,1,1,6,68154,M,"47,7796760","7,3475690",68
202000046638,20,1,2,08:45,1,2,7,2,7,75107,M,"48,8584246","2,3133400",75
202000046639,20,5,22,15:05,1,2,2,1,7,75115,M,"48,8421120","2,3030740",75
202000046640,20,2,3,09:20,1,2,3,1,3,94052,M,"48,8419700","2,4838000",94
202000046641,20,2,4,11:30,1,2,4,8,3,94003,M,"48,8096100","2,3259500",94
202000046642,20,1,26,05:50,5,2,1,8,3,94041,M,"48,8141861","2,3732910",94
202000046643,20,2,4,09:10,1,2,1,2,3,94033,M,"48,8440000","2,4690000",94
202000046644,20,1,2,16:05,2,2,1,2,3,75113,M,"48,8370602","2,3732446",75
202000046645,20,8,11,15:25,1,1,1,1,7,68311,M,"47,9875310","7,0595100",68
202000046646,20,8,19,06:40,1,1,3,8,7,03286,M,"46,5060130","3,3502325",03
202000046647,20,10,15,17:30,1,1,1,1,2,78537,M,"48,5532620","1,9308040",78
202000046648,20,5,22,16:10,1,2,2,1,3,75105,M,"48,8459340","2,3412370",75
202000046649,20,8,27,08:30,1,1,1,1,7,73250,M,"45,2713520","6,3830510",73
202000046650,20,10,20,15:00,1,2,1,1,3,97415,R," -21,0456840","55,2312000",974
202000046651,20,5,22,13:40,1,2,1,1,6,75119,M,"48,8879880","2,3967210",75
202000046652,20,8,23,13:00,1,1,1,1,7,73054,M,"45,6831597","6,7377001",73
202000046653,20,10,22,14:00,1,2,1,1,3,97408,R," -20,9322740","55,3346400",974
202000046654,20,5,22,17:50,1,2,3,2,3,75118,M,"48,8934080","2,3275720",75
202000046655,20,1,2,16:00,1,2,1,1,7,75107,M,"48,8535870","2,3263320",75
202000046656,20,8,27,11:15,1,2,3,1,3,42005,M,"45,5262990","4,2862770",42
202000046657,20,5,22,15:35,1,2,2,1,3,75115,M,"48,8360160","2,2782010",75
202000046658,20,1,2,12:15,1,2,4,2,-1,75103,M,"48,8662960","2,3597890",75
202000046659,20,7,22,18:00,1,1,1,2,4,38474,M,"45,2103130","5,6397840",38
202000046660,20,1,29,22:30,5,2,1,1,3,94028,M,"48,7747000","2,4392100",94
202000046661,20,10,19,02:15,5,1,1,1,7,97116,A,"16,3299340"," -61,4929990",971
202000046662,20,2,4,08:00,2,2,1,1,6,94017,M,"48,8083900","2,5384700",94
202000046663,20,10,16,16:30,1,1,1,1,7,83151,M,"43,4312372","6,1330455",83
202000046664,20,10,22,11:45,1,1,1,2,1,04242,M,"43,9078860","5,8839670",04
202000046665,20,10,22,02:30,5,2,3,1,6,71176,M,"46,4869483","3,9997992",71
202000046666,20,1,2,08:00,2,2,3,2,6,94080,M,"48,8492800","2,4197000",94
202000046667,20,8,27,06:40,2,1,1,1,3,26271,M,"45,0267840","4,8681240",26
202000046668,20,1,2,17:20,1,2,2,1,1,94046,M,"48,8069409","2,4554859",94
202000046669,20,2,4,19:30,5,2,1,1,3,93048,M,"48,8567640","2,4449611",93
202000046670,20,8,27,19:44,1,1,1,1,6,01081,M,"46,1935570","5,7956310",01
202000046671,20,10,22,06:45,5,1,3,1,3,71251,M,"46,9067280","4,1872883",71
202000046672,20,5,22,02:05,5,2,1,1,7,75114,M,"48,8324320","2,3308830",75
202000046673,20,1,2,16:25,1,2,1,1,3,94041,M,"48,8112200","2,3981200",94
202000046674,20,2,3,23:20,5,2,2,3,3,93047,M,"48,8984637","2,5518898",93
202000046675,20,8,27,08:00,1,1,3,1,6,81215,M,"43,7851610","1,8660880",81
202000046676,20,1,2,14:15,1,2,9,8,2,94019,M,"48,7879400","2,5208100",94
202000046677,20,10,22,07:45,2,1,1,9,5,08488,M,"49,7262890","4,8300680",08
202000046678,20,8,27,16:40,1,1,1,2,6,50099,M,"49,3009000"," -1,1735150",50
202000046679,20,1,2,14:25,1,2,1,8,2,94017,M,"48,8119300","2,5167000",94
202000046680,20,1,2,18:55,5,2,1,2,6,93078,M,"48,9587500","2,5532300",93
202000046681,20,8,27,11:30,1,1,2,1,2,80386,M,"49,6846930","2,5596210",80
202000046682,20,10,22,08:00,2,1,2,2,3,22277,M,"48,3901800"," -2,8591110",22
202000046683,20,2,4,18:50,5,2,1,2,3,93008,M,"48,9157291","2,4259797",93
202000046684,20,10,21,21:30,3,1,1,8,7,22330,M,"48,2369580"," -2,8580010",22
202000046685,20,10,21,14:00,1,1,1,2,7,35292,M,"48,3777750"," -1,3995770",35
202000046686,20,2,3,18:11,2,2,1,2,4,93007,M,"48,9503000","2,4515000",93
202000046687,20,10,22,19:30,3,1,6,1,2,60116,M,"49,3131630","2,3353240",60
202000046688,20,2,4,12:00,1,2,1,8,6,93005,M,"48,9466576","2,4930071",93
202000046689,20,8,26,16:00,1,2,1,1,4,13210,M,"43,2858300","5,4291100",13
202000046690,20,10,22,16:00,1,2,3,8,3,02163,M,"48,9740900","3,2822570",02
202000046691,20,8,25,21:30,3,1,1,1,2,13026,M,"43,3846200","5,1509900",13
202000046692,20,10,21,20:50,3,1,1,1,6,13026,M,"43,3851500","5,1503320",13
202000046693,20,8,26,15:00,1,1,1,1,2,93005,M,"48,9314200","2,4811500",93
202000046694,20,5,22,15:35,1,2,2,1,3,75113,M,"48,8321640","2,3677300",75
202000046695,20,8,26,17:00,1,1,1,1,2,94046,M,"48,8037700","2,4482100",94
202000046696,20,5,22,02:10,5,2,1,1,2,75112,M,"48,8436760","2,3698750",75
202000046697,20,10,20,22:15,3,1,1,1,7,13071,M,"43,3901757","5,3025454",13
202000046698,20,1,24,13:25,1,2,1,1,7,61168,M,"48,6003220"," -0,3586590",61
202000046699,20,1,2,15:36,1,2,1,2,2,93070,M,"48,9162497","2,3247993",93
202000046700,20,10,20,22:00,3,1,1,1,3,57647,M,"49,3305039","6,0565649",57
202000046701,20,8,18,11:30,1,2,2,1,5,98818,C," -22,2761100","166,4466100",988
202000046702,20,10,18,20:55,3,1,1,1,2,59478,M,"50,9354030","2,4660680",59
202000046703,20,1,2,15:00,1,2,1,8,3,93050,M,"48,8582400","2,5343400",93
202000046704,20,10,12,11:00,1,1,1,1,3,59043,M,"50,7245610","2,7328430",59
202000046705,20,5,22,18:45,1,2,2,2,7,75108,M,"48,8683770","2,3232670",75
202000046706,20,8,24,16:30,5,2,1,1,3,97407,R," -20,9363120","55,2937020",974
202000046707,20,1,2,13:10,1,2,2,8,3,93048,M,"48,8547430","2,4175910",93
202000046708,20,8,25,17:20,2,2,1,1,1,97302,G,"4,9211882"," -52,3181284",973
202000046709,20,1,2,22:30,5,2,5,1,3,93046,M,"48,9225000","2,5243900",93
202000046710,20,5,22,17:25,1,2,1,2,3,75115,M,"48,8375020","2,2729510",75
202000046711,20,5,22,16:17,1,2,2,1,6,75108,M,"48,8640690","2,3201260",75
202000046712,20,5,22,15:15,1,2,1,1,6,94078,M,"48,7301700","2,4468800",94
202000046713,20,1,2,22:45,5,2,3,1,3,93029,M,"48,9181912","2,4546863",93
202000046714,20,1,2,14:43,1,2,1,2,2,93007,M,"48,9292800","2,4799200",93
202000046715,20,10,21,18:10,1,1,1,1,2,91174,M,"48,6236000","2,4671000",91
202000046716,20,8,25,06:25,2,2,2,1,3,97302,G,"4,9206644"," -52,3218298",973
202000046717,20,10,21,17:53,1,1,1,1,4,91174,M,"48,6240800","2,4682800",91
202000046718,20,2,4,19:30,5,2,2,1,3,93001,M,"48,9231310","2,3702420",93
202000046719,20,5,22,00:00,5,2,3,1,6,94042,M,"48,8201200","2,4752500",94
202000046720,20,7,23,15:20,1,2,1,1,6,76322,M,"49,4125871","1,0427735",76
202000046721,20,8,25,21:00,5,2,3,1,3,69387,M,"45,7402800","4,8317500",69
202000046722,20,1,2,16:35,2,2,9,8,6,92076,M,"48,8286480","2,1515120",92
202000046723,20,10,21,12:35,1,1,1,1,3,77251,M,"48,6211020","2,5468330",77
202000046724,20,7,23,09:15,1,2,2,1,6,76540,M,"49,4348100","1,0937800",76
202000046725,20,5,22,21:30,5,2,9,2,3,94076,M,"48,8038900","2,3629300",94
202000046726,20,1,2,17:25,5,2,3,8,3,92062,M,"48,8770761","2,2411839",92
202000046727,20,2,3,19:20,2,2,2,2,1,93001,M,"48,9152800","2,3714100",93
202000046728,20,2,3,06:20,5,2,1,8,3,92049,M,"48,8205446","2,3117222",92
202000046729,20,2,3,22:08,5,2,1,3,3,92077,M,"48,8260000","2,1976000",92
202000046730,20,2,4,10:00,1,2,1,1,-1,92024,M,"48,9004690","2,3168015",92
202000046731,20,5,21,15:20,1,2,1,1,3,94041,M,"48,8155692","2,3832017",94
202000046732,20,2,4,07:45,2,1,6,2,6,95116,M,"49,1442900","2,3300620",95
202000046733,20,8,25,16:15,1,2,9,1,3,69388,M,"45,7315700","4,8737300",69
202000046734,20,10,21,08:00,1,1,1,8,2,92050,M,"48,9144607","2,2196031",92
202000046735,20,2,4,09:00,1,1,1,1,6,41045,M,"47,4693120","1,1641160",41
202000046736,20,5,22,22:05,5,2,1,1,6,94034,M,"48,7582600","2,3237060",94
202000046737,20,10,21,07:50,3,1,1,2,6,92063,M,"48,8895397","2,1691360",92
202000046738,20,5,22,13:35,1,2,1,1,4,94038,M,"48,7819600","2,3413800",94
202000046739,20,1,1,04:04,3,1,1,1,7,98812,C," -20,4574700","164,2512200",988
202000046740,20,8,25,15:59,1,2,3,1,6,69383,M,"45,7630860","4,8553160",69
202000046741,20,1,1,15:00,1,2,2,1,3,92035,M,"48,9067000","2,2388800",92
202000046742,20,7,23,14:30,1,2,6,1,3,72181,M,"47,9829400","0,2105500",72
202000046743,20,10,21,06:30,3,1,1,2,6,78206,M,"48,9523470","1,9414500",78
202000046744,20,7,22,12:50,1,2,1,7,1,69282,M,"45,7718200","4,9957000",69
202000046745,20,10,21,11:45,1,1,1,1,6,93078,M,"48,9651000","2,5171700",93
202000046746,20,10,21,11:30,1,1,9,1,4,77294,M,"48,9641420","2,6110610",77
202000046747,20,10,21,07:25,3,1,1,1,2,94033,M,"48,8482013","2,4910750",94
202000046748,20,5,22,15:15,1,2,1,1,4,94054,M,"48,7469810","2,4112240",94
202000046749,20,5,21,16:55,1,2,1,1,7,94002,M,"48,7780300","2,4222900",94
202000046750,20,10,21,06:40,3,1,9,2,4,77175,M,"48,6667970","2,6126350",77
202000046751,20,1,31,07:30,1,2,1,1,6,97217,A,"14,4732760"," -60,8740100",972
202000046752,20,8,25,14:50,1,1,1,1,2,69259,M,"45,7201400","4,8816900",69
202000046753,20,10,21,05:50,3,1,9,2,2,77169,M,"48,8166700","2,6212300",77
202000046754,20,2,2,20:45,3,1,1,1,5,97217,A,"14,4552000"," -60,9034450",972
202000046755,20,8,25,14:40,1,2,1,1,2,69386,M,"45,7724900","4,8397200",69
202000046756,20,6,23,14:45,1,1,1,1,6,62758,M,"50,7089250","1,6180180",62
202000046757,20,2,5,17:25,2,1,1,1,1,01354,M,"46,2566290","6,0328300",01
202000046758,20,7,24,13:10,1,2,3,1,3,69264,M,"45,9849900","4,7316400",69
202000046759,20,1,1,18:15,5,2,1,1,7,92025,M,"48,9284170","2,2497290",92
202000046760,20,5,22,16:15,1,2,9,1,2,93078,M,"48,9590157","2,5335010",93
202000046761,20,8,24,11:20,1,2,1,1,2,69382,M,"45,7589000","4,8304000",69
202000046762,20,5,22,11:15,1,2,6,1,3,93078,M,"48,9528425","2,5402686",93
202000046763,20,8,25,07:00,1,2,1,1,7,69381,M,"45,7670600","4,8321600",69
202000046764,20,8,25,16:20,1,1,1,1,3,97101,A,"16,2891300"," -61,4784900",971
202000046765,20,1,2,16:30,2,2,1,8,7,92012,M,"48,8305800","2,2334200",92
202000046766,20,2,4,16:45,1,1,1,1,6,42182,M,"46,0664868","3,9330882",42
202000046767,20,10,19,19:30,5,2,3,1,3,98818,C," -22,2666500","166,4682900",988
202000046768,20,5,22,14:55,1,2,3,1,3,93070,M,"48,9140000","2,3362000",93
202000046769,20,10,18,14:30,1,1,1,1,1,97416,R," -21,3433400","55,4965500",974
202000046770,20,5,22,14:00,1,2,1,1,2,93057,M,"48,9099385","2,5139633",93
202000046771,20,2,5,19:10,1,2,1,1,6,97417,R," -21,3580210","55,7700830",974
202000046772,20,7,23,10:40,1,2,3,7,3,67482,M,"48,5578770","7,7596830",67
202000046773,20,5,22,18:45,1,2,1,1,2,93005,M,"48,9481900","2,5038600",93
202000046774,20,10,20,13:10,1,2,3,1,1,97411,R," -20,9067700","55,5010700",974
202000046775,20,8,23,20:40,5,1,9,1,5,97101,A,"16,2363489"," -61,5232658",971
202000046776,20,1,3,14:28,1,1,1,2,7,22369,M,"48,3483980"," -2,2903120",22
202000046777,20,1,2,21:50,3,1,1,1,-1,38383,M,"45,3675600","5,6333500",38
202000046778,20,1,3,07:38,3,1,1,1,6,72008,M,"47,9431580","0,1920790",72
202000046779,20,10,20,16:00,1,2,1,1,6,69259,M,"45,7252002","4,8637040",69
202000046780,20,10,20,11:35,1,2,1,1,6,69386,M,"45,7698900","4,8620200",69
202000046781,20,1,2,04:30,3,1,1,5,7,19120,M,"45,2088820","1,2890716",19
202000046782,20,10,20,10:25,1,2,2,1,3,69388,M,"45,7333500","4,8738800",69
202000046783,20,10,20,08:10,1,2,1,1,3,69259,M,"45,7091100","4,8759700",69
202000046784,20,1,2,11:15,1,1,1,1,7,56078,M,"47,7768480"," -3,4680190",56
202000046785,20,10,20,08:50,1,2,1,1,6,69383,M,"45,7536800","4,8597700",69
202000046786,20,5,22,13:00,1,2,1,1,5,93005,M,"48,9468149","2,4925830",93
202000046787,20,2,5,10:45,1,1,3,1,7,97413,R," -21,1401780","55,2858420",974
202000046788,20,8,25,16:30,1,2,1,1,2,91216,M,"48,6767560","2,3211210",91
202000046789,20,7,21,21:13,2,2,2,1,3,67482,M,"48,5818300","7,7035100",67
202000046790,20,5,21,23:45,5,2,1,1,4,93005,M,"48,9518878","2,4918258",93
202000046791,20,10,19,15:40,1,2,3,1,6,97209,A,"14,6114700"," -61,0741500",972
202000046792,20,5,22,01:26,5,2,6,1,6,92046,M,"48,8145055","2,2878706",92
202000046793,20,1,3,13:30,1,1,2,2,3,80330,M,"49,9664610","1,7957050",80
202000046794,20,8,25,17:55,1,2,7,1,6,91687,M,"48,6528100","2,3714900",91
202000046795,20,8,23,14:55,1,1,9,1,6,91103,M,"48,6144470","2,2820220",91
202000046796,20,8,11,10:10,1,2,1,1,6,88429,M,"48,0270000","6,5801000",88
202000046797,20,8,22,02:07,5,2,1,2,6,87085,M,"45,8442000","1,1909400",87
202000046798,20,8,23,11:28,1,2,3,1,3,87075,M,"45,8021000","1,2318200",87
202000046799,20,8,24,18:07,1,2,1,2,7,87113,M,"45,8767400","1,3039200",87
202000046800,20,8,22,00:36,3,1,1,2,6,87050,M,"45,8871600","1,1884000",87
202000046801,20,8,25,16:15,1,2,1,1,3,83090,M,"43,1222133","5,8508886",83
202000046802,20,8,24,14:25,1,2,1,1,3,80021,M,"49,9059900","2,3026300",80
202000046803,20,8,25,05:57,5,2,1,2,6,76599,M,"49,4330871","1,1529744",76
202000046804,20,5,22,18:00,1,2,9,2,3,92026,M,"48,8957309","2,2626016",92
202000046805,20,2,3,18:00,2,1,1,3,2,08402,M,"49,5995370","4,5102850",08
202000046806,20,8,24,16:30,1,2,1,1,7,76351,M,"49,5004000","0,1502000",76
202000046807,20,7,19,23:30,5,2,1,1,6,67482,M,"48,5467820","7,7631630",67
202000046808,20,10,20,19:10,5,2,1,1,6,69385,M,"45,7612100","4,8008900",69
202000046809,20,5,22,16:50,1,2,1,2,1,92023,M,"48,8119600","2,2581500",92
202000046810,20,2,5,15:20,1,1,1,1,3,87177,M,"45,8071300","1,0965620",87
202000046811,20,8,23,09:40,1,2,1,3,6,76351,M,"49,4893900","0,1235300",76
202000046812,20,5,22,16:05,1,2,1,1,3,92012,M,"48,8397592","2,2393441",92
202000046813,20,8,21,22:45,5,2,2,1,3,76351,M,"49,4924700","0,1396400",76
202000046814,20,1,26,12:10,1,1,1,8,6,80241,M,"50,0802500","2,1325060",80
202000046815,20,10,20,09:00,1,2,1,1,6,69034,M,"45,7903400","4,8323600",69
202000046816,20,1,2,12:25,1,1,1,1,1,65258,M,"43,1451110","0,3931160",65
202000046817,20,1,2,15:50,1,1,1,1,7,71559,M,"46,2803837","4,3661050",71
202000046818,20,2,2,06:20,3,1,1,1,7,82087,M,"44,1339740","1,1907720",82
202000046819,20,7,24,14:30,1,2,1,1,2,66136,M,"42,6944194","2,8894998",66
202000046820,20,5,22,17:20,1,2,3,1,3,92002,M,"48,7628735","2,3105286",92
202000046821,20,10,19,14:55,1,2,1,1,1,97101,A,"16,2550100"," -61,5133600",971
202000046822,20,12,2,12:10,1,2,1,1,7,51454,M,"49,2367589","4,0136695",51
202000046823,20,8,25,22:10,5,2,9,9,3,69266,M,"45,7696500","4,8711200",69
202000046824,20,1,3,11:35,1,2,2,8,1,42222,M,"45,6100280","4,3069900",42
202000046825,20,7,23,19:00,1,2,1,2,6,66136,M,"42,6885300","2,8952000",66
202000046826,20,5,23,19:50,5,2,1,1,6,97610,Y," -12,7356600","45,2053710",976
202000046827,20,7,24,19:05,1,2,1,7,2,64445,M,"43,3209600"," -0,3554800",64
202000046828,20,5,21,16:45,1,1,1,1,6,83072,M,"43,5026790","6,3215000",83