Num_Acc,an,mois,jour,hrmn,lum,agg,int,atm,col,com,gps,lat,long,dep
202000046829,20,1,3,16:20,1,1,1,2,6,22251,M,"48,5645030"," -2,8127750",22
202000046830,20,2,5,05:35,3,1,4,2,6,89210,M,"47,7890505","4,2805114",89
202000046831,20,10,20,10:00,1,2,1,1,5,2A004,M,"41,9511390","8,7796805",2A
202000046832,20,8,24,11:30,1,2,1,1,1,69282,M,"45,7771400","4,9978100",69
202000046833,20,11,29,18:25,5,2,2,1,3,49099,M,"47,0555600"," -0,8792100",49
202000046834,20,10,19,18:40,1,2,1,1,2,91691,M,"48,7082900","2,4949600",91
202000046835,20,8,25,00:07,5,2,1,1,6,69256,M,"45,7782619","4,9172508",69
202000046836,20,2,5,10:55,1,2,6,1,1,49331,M,"47,6932650"," -0,8759850",49
202000046837,20,11,21,14:00,1,2,1,1,7,49007,M,"47,4510700"," -0,5274800",49
202000046838,20,10,20,15:45,1,2,9,2,6,91377,M,"48,7337400","2,2604700",91
202000046839,20,2,4,18:50,3,1,1,3,6,25527,M,"47,1879110","5,8297530",25
202000046840,20,8,24,18:07,1,2,1,1,-1,66136,M,"42,7184800","2,8900800",66
202000046841,20,1,31,09:50,1,1,1,1,6,35299,M,"48,6531050"," -1,9378160",35
202000046842,20,11,23,14:00,1,2,1,1,3,49007,M,"47,4773900"," -0,5532400",49
202000046843,20,8,25,09:35,1,2,3,1,6,64483,M,"43,3962900"," -1,6461100",64
202000046844,20,1,24,08:25,2,1,1,8,1,29069,M,"48,4277653"," -4,5824747",29
202000046845,20,1,3,12:30,1,1,1,2,5,54027,M,"48,8898140","6,1041220",54
202000046846,20,10,18,03:37,5,2,2,8,3,89387,M,"48,2019428","3,2987309",89
202000046847,20,2,4,18:00,1,2,1,1,7,29174,M,"47,8751700"," -4,2261260",29
202000046848,20,10,20,12:20,1,2,1,1,6,87085,M,"45,8336200","1,2543000",87
202000046849,20,1,2,12:50,1,1,9,1,5,06059,M,"43,7268010","7,3525360",06
202000046850,20,10,19,17:51,1,2,1,1,7,87050,M,"45,8564200","1,2452800",87
202000046851,20,2,4,14:35,1,1,1,1,5,70325,M,"47,4978069","5,9786650",70
202000046852,20,1,3,15:15,1,1,1,1,1,50270,M,"49,4695350"," -1,4823320",50
202000046853,20,10,20,07:42,5,2,2,1,3,87085,M,"45,8424300","1,2429600",87
202000046854,20,8,25,17:00,1,2,2,1,3,64445,M,"43,2992800"," -0,3633400",64
202000046855,20,7,22,16:10,1,2,1,1,6,64102,M,"43,4970960"," -1,4877600",64
202000046856,20,1,3,09:25,1,1,1,1,7,48009,M,"44,7016695","3,3205190",48
202000046857,20,12,1,20:35,5,2,1,1,3,49007,M,"47,4579900"," -0,5541800",49
202000046858,20,2,4,14:20,1,1,1,2,6,58274,M,"46,7797630","3,8432730",58
202000046859,20,10,19,12:10,1,2,2,1,6,86194,M,"46,5675360","0,3575160",86
202000046860,20,5,23,17:20,1,2,1,1,7,97412,R," -21,3337130","55,6322690",974
202000046861,20,8,25,08:45,1,2,1,7,2,64102,M,"43,4982700"," -1,4910900",64
202000046862,20,2,2,17:00,1,1,1,2,7,58144,M,"46,7732090","3,0631900",58
202000046863,20,1,2,22:00,3,1,1,9,6,48016,M,"44,4909708","3,4182648",48
202000046864,20,12,1,17:28,1,2,1,1,6,49246,M,"47,4359900"," -0,5308600",49
202000046865,20,7,23,17:00,1,2,1,1,4,64102,M,"43,4943000"," -1,4527000",64
202000046866,20,8,24,21:20,5,2,1,1,1,63124,M,"45,7406507","3,1890805",63
202000046867,20,10,18,01:50,5,1,1,1,6,84031,M,"44,0641600","5,0315100",84
202000046868,20,5,23,15:30,1,1,1,1,3,83086,M,"43,4477550","6,5713910",83
202000046869,20,2,3,17:20,1,1,1,1,6,64506,M,"43,0428138"," -0,6005734",64
202000046870,20,7,23,17:00,1,2,1,1,7,63164,M,"45,8350200","3,1476900",63
202000046871,20,1,2,16:00,1,1,1,1,6,42020,M,"45,6172768","4,2042285",42
202000046872,20,12,1,17:25,1,2,1,1,6,44184,M,"47,2791330"," -2,2154850",44
202000046873,20,10,20,02:40,3,1,1,1,7,76351,M,"49,4724300","0,1796000",76
202000046874,20,8,24,12:56,1,2,3,1,2,63032,M,"45,7535600","3,0859900",63
202000046875,20,7,22,08:45,1,1,1,1,2,62724,M,"50,3980500","2,8967900",62
202000046876,20,1,1,13:15,1,1,1,1,3,98747,P," -17,7359360"," -149,2380110",987
202000046877,20,10,15,13:40,1,2,1,1,6,72181,M,"47,9918600","0,2336700",72
202000046878,20,12,2,07:50,5,2,6,1,3,44109,M,"47,2003100"," -1,5443900",44
202000046879,20,10,13,12:54,1,2,1,1,6,72181,M,"48,0028000","0,2094800",72
202000046880,20,1,1,06:00,2,1,1,1,6,98722,P," -17,5914290"," -149,3821260",987
202000046881,20,8,23,17:50,1,2,2,1,4,63113,M,"45,7650400","3,1230100",63
202000046882,20,7,20,19:20,1,1,1,1,6,62215,M,"50,4988260","2,9404990",62
202000046883,20,5,23,18:30,1,2,1,6,1,62567,M,"50,7845250","2,0811580",62
202000046884,20,11,29,17:30,2,2,1,1,7,43251,M,"45,0357797","3,8814189",43
202000046885,20,10,8,16:40,1,2,3,1,6,42218,M,"45,4432600","4,3745700",42
202000046886,20,12,2,17:50,2,2,4,2,1,38516,M,"45,1985900","5,7549600",38
202000046887,20,5,23,15:55,1,1,1,1,2,22389,M,"48,4802540"," -2,6753530",22
202000046888,20,5,11,20:45,3,1,1,1,6,97413,R," -21,1415720","55,2916640",974
202000046889,20,12,2,07:15,5,2,3,1,6,35238,M,"48,1214330"," -1,7008320",35
202000046890,20,8,23,03:24,5,2,1,1,6,54395,M,"48,6919700","6,1726900",54
202000046891,20,5,22,15:50,1,1,1,1,7,51210,M,"49,0784543","3,9780552",51
202000046892,20,2,5,12:55,1,2,2,1,-1,53003,M,"48,3980840"," -0,6336020",53
202000046893,20,7,3,19:25,1,2,1,1,6,57672,M,"49,3593500","6,1699600",57
202000046894,20,1,3,10:45,1,2,1,8,7,77259,M,"49,0505431","2,6592751",77
202000046895,20,10,20,14:00,1,2,1,1,3,67482,M,"48,5558300","7,7520600",67
202000046896,20,12,1,12:45,1,2,2,2,3,34172,M,"43,5836400","3,8661200",34
202000046897,20,8,24,11:40,1,2,6,1,-1,52448,M,"48,6263610","4,9633950",52
202000046898,20,1,3,08:30,1,1,1,1,3,34157,M,"43,4606700","3,5914650",34
202000046899,20,7,22,08:15,1,2,6,1,2,56260,M,"47,6640500"," -2,7556700",56
202000046900,20,1,3,01:30,3,1,1,1,7,34246,M,"43,7156230","4,0657240",34
202000046901,20,8,25,19:45,1,2,1,1,2,51454,M,"49,2719350","4,0101240",51
202000046902,20,7,23,20:10,1,2,1,1,6,56098,M,"47,7594100"," -3,3526400",56
202000046903,20,2,3,09:15,1,1,1,1,6,17025,M,"45,8805160"," -0,4128460",17
202000046904,20,1,2,07:45,2,2,3,8,1,67130,M,"48,4183030","7,6601400",67
202000046905,20,8,24,12:30,1,2,1,1,4,50129,M,"49,6281200"," -1,6180300",50
202000046906,20,1,3,10:44,1,1,2,2,2,33378,M,"44,8399413","0,2769324",33
202000046907,20,8,25,12:42,1,2,1,1,1,49007,M,"47,4476000"," -0,5625600",49
202000046908,20,12,1,08:50,1,2,1,2,4,34172,M,"43,6088700","3,9107500",34
202000046909,20,5,22,21:00,2,2,3,1,3,51605,M,"49,0808683","3,8422327",51
202000046910,20,2,4,17:00,1,1,1,8,5,52524,M,"48,2644130","5,1234700",52
202000046911,20,12,2,17:00,1,1,6,8,3,29173,M,"48,0016932"," -4,1576136",29
202000046912,20,1,1,19:30,3,1,1,1,2,13106,M,"43,4068800","5,3619600",13
202000046913,20,2,5,02:00,3,1,1,1,6,67237,M,"48,6941050","7,8291640",67
202000046914,20,11,30,07:25,5,2,9,1,6,29019,M,"48,4037500"," -4,4655600",29
202000046915,20,12,2,18:15,5,2,1,9,6,26198,M,"44,5788220","4,7446600",26
202000046916,20,2,5,12:30,1,1,6,1,2,34159,M,"43,5181470","3,8083880",34
202000046917,20,1,1,01:50,5,1,1,1,3,13055,M,"43,2854253","5,4272636",13
202000046918,20,7,23,14:40,1,2,1,7,6,56121,M,"47,7445200"," -3,3954900",56
202000046919,20,8,19,21:45,2,2,1,1,6,47001,M,"44,2040200","0,6248200",47
202000046920,20,10,19,19:03,5,2,1,1,6,67482,M,"48,5777800","7,7249800",67
202000046921,20,5,22,19:00,1,1,1,1,6,19150,M,"45,0869490","1,6064290",19
202000046922,20,12,2,08:10,1,2,1,1,4,26198,M,"44,5381260","4,7653730",26
202000046923,20,2,4,14:08,1,1,1,4,4,67070,M,"48,8949386","7,1252484",67
202000046924,20,1,31,07:25,2,1,1,2,6,38400,M,"45,3473000","5,5948200",38
202000046925,20,11,29,15:20,1,2,2,1,3,25056,M,"47,2294300","5,9905600",25
202000046926,20,2,4,11:05,1,1,1,3,3,51634,M,"48,9644260","4,2847291",51
202000046927,20,12,2,03:09,5,2,3,1,6,25056,M,"47,2378700","6,0367500",25
202000046928,20,2,3,11:30,1,1,1,2,1,97412,R," -21,3320160","55,6429330",974
202000046929,20,5,21,21:10,2,2,1,1,7,74215,M,"45,8411080","6,5833690",74
202000046930,20,8,25,16:15,1,2,4,1,6,45208,M,"48,0018100","2,7348400",45
202000046931,20,1,2,18:25,5,1,1,1,4,33063,M,"44,8805500"," -0,5403100",33
202000046932,20,7,23,14:50,1,2,3,1,6,56121,M,"47,7485200"," -3,3741300",56
202000046933,20,2,4,17:20,1,1,1,1,1,97104,A,"16,0529180"," -61,7296940",971
202000046934,20,5,22,10:25,1,2,1,1,3,77051,M,"48,4128630","3,2452690",77
202000046935,20,11,29,15:20,1,2,3,1,3,22215,M,"48,4970900"," -2,7911300",22
202000046936,20,10,18,17:30,1,2,1,1,4,67447,M,"48,6016800","7,7553300",67
202000046937,20,8,9,23:25,5,2,1,1,6,44109,M,"47,2140200"," -1,5492200",44
202000046938,20,7,24,08:45,1,2,1,1,7,51454,M,"49,2091367","4,0199313",51
202000046939,20,1,2,18:45,5,1,1,1,4,91136,M,"48,7162700","2,2653700",91
202000046940,20,10,19,17:42,1,2,1,1,3,66136,M,"42,6926547","2,8885193",66
202000046941,20,1,2,02:00,3,1,1,2,6,91136,M,"48,7115240","2,2854400",91
202000046942,20,7,16,23:00,5,2,1,9,6,42223,M,"45,4446729","4,3374206",42
202000046943,20,12,1,11:50,1,2,1,1,7,17300,M,"46,1695400"," -1,1477100",17
202000046944,20,2,4,10:15,1,2,1,1,2,91243,M,"48,6226760","2,1476020",91
202000046945,20,5,23,10:25,1,2,1,1,7,2B207,M,"42,4603320","9,5012430",2B
202000046946,20,10,17,05:40,5,2,3,1,3,66136,M,"42,6886100","2,8856800",66
202000046947,20,5,22,16:05,1,2,1,2,-1,80197,M,"49,8337244","2,9268050",80
202000046948,20,8,25,21:50,5,2,1,1,3,42187,M,"46,0361600","4,0798200",42
202000046949,20,1,1,05:50,2,1,1,1,6,91286,M,"48,6522460","2,3820555",91
202000046950,20,10,19,18:05,1,2,1,1,2,63113,M,"45,7894700","3,0958000",63
202000046951,20,8,20,18:40,1,2,6,1,3,38053,M,"45,5892000","5,2469900",38
202000046952,20,1,1,17:50,3,1,1,2,2,93006,M,"48,8662500","2,4227600",93
202000046953,20,10,15,09:38,1,2,1,1,-1,63113,M,"45,7736900","3,0829900",63
202000046954,20,1,1,09:00,1,1,1,1,6,97407,R," -20,9473900","55,3229200",974
202000046955,20,8,16,15:52,1,2,1,1,6,36063,M,"46,8367835","1,6863316",36
202000046956,20,2,5,09:50,1,2,1,7,6,2A247,M,"41,5967380","9,2763980",2A
202000046957,20,1,1,07:30,1,2,1,1,2,97302,G,"4,9306054"," -52,3138046",973
202000046958,20,12,1,10:45,1,2,1,1,7,17300,M,"46,1694800"," -1,1701300",17
202000046959,20,2,4,14:40,1,1,1,1,6,48198,M,"44,4299070","3,9381690",48
202000046960,20,11,30,07:57,1,1,6,1,2,17274,M,"46,1544700"," -1,1118900",17
202000046961,20,1,1,06:10,5,2,1,1,3,69383,M,"45,7539400","4,8613300",69
202000046962,20,2,3,19:50,3,1,1,1,3,34058,M,"43,6713130","3,9791540",34
202000046963,20,5,23,14:50,1,1,1,7,7,22248,M,"48,6227150"," -3,1171450",22
202000046964,20,8,25,15:30,1,1,1,1,6,35278,M,"48,1399300"," -1,6954900",35
202000046965,20,10,5,22:15,5,2,3,1,3,59350,M,"50,6321100","3,0531800",59
202000046966,20,7,24,17:00,1,2,1,1,7,41018,M,"47,5697800","1,3255500",41
202000046967,20,1,1,07:09,5,1,1,1,6,91215,M,"48,6877200","2,5122800",91
202000046968,20,2,5,07:55,2,2,6,1,7,89099,M,"47,9556310","3,5319970",89
202000046969,20,12,2,08:05,1,2,1,1,2,14118,M,"49,1905000"," -0,3727000",14
202000046970,20,11,30,16:20,2,1,1,1,7,30032,M,"43,7950100","4,5945000",30
202000046971,20,1,1,07:30,5,2,4,1,-1,77407,M,"48,5400700","2,5206000",77
202000046972,20,11,30,13:30,1,2,3,1,1,13214,M,"43,3235800","5,3866090",13
202000046973,20,5,23,16:00,1,1,1,1,5,35078,M,"48,6026870"," -1,7618200",35
202000046974,20,1,16,00:15,5,2,2,1,3,68334,M,"47,8105130","7,1031170",68
202000046975,20,3,10,08:10,1,2,3,1,6,38544,M,"45,5011500","4,8503200",38
202000046976,20,8,25,14:30,1,2,6,1,2,35278,M,"48,1441000"," -1,6571200",35
202000046977,20,10,19,21:45,5,2,1,2,1,56098,M,"47,7627300"," -3,3305400",56
202000046978,20,1,1,13:35,1,2,1,5,4,69290,M,"45,6832000","4,9527000",69
202000046979,20,12,2,13:00,1,2,1,1,3,13206,M,"43,2870670","5,3879860",13
202000046980,20,12,2,11:00,1,2,1,1,3,13210,M,"43,2743400","5,4162600",13
202000046981,20,8,25,12:30,1,2,1,1,2,34172,M,"43,6103100","3,8340200",34
202000046982,20,10,19,15:55,1,2,2,1,3,56083,M,"47,8074100"," -3,2748600",56
202000046983,20,5,21,19:15,1,2,1,1,6,29075,M,"48,4330620"," -4,4035490",29
202000046984,20,1,1,04:00,5,2,1,1,1,69282,M,"45,7900000","5,0292000",69
202000046985,20,1,26,10:20,1,1,3,5,3,55024,M,"49,3089240","5,4785730",55
202000046986,20,2,4,11:37,1,2,1,1,6,57206,M,"49,3063300","6,1122980",57
202000046987,20,1,2,00:20,5,2,1,2,1,59650,M,"50,7006690","3,2321478",59
202000046988,20,2,1,20:00,3,1,1,1,6,09066,M,"42,9366200","1,5128840",09
202000046989,20,5,22,15:30,1,2,1,1,3,31022,M,"43,6836780","1,4064430",31
202000046990,20,5,23,18:05,1,1,1,1,7,70031,M,"47,5896640","6,5170710",70
202000046991,20,2,3,19:55,5,2,1,1,3,33003,M,"44,9382900"," -0,4949800",33
202000046992,20,1,30,22:55,5,2,1,2,6,33449,M,"44,8879100"," -0,7385190",33
202000046993,20,5,23,14:45,1,1,1,1,2,14500,M,"49,2679014","0,2020267",14
202000046994,20,10,19,12:30,1,2,1,1,6,54395,M,"48,6835300","6,1900200",54
202000046995,20,8,25,18:50,1,2,5,1,6,33063,M,"44,8516000"," -0,5813400",33
202000046996,20,12,2,09:30,1,2,1,1,1,13204,M,"43,3093100","5,3965400",13
202000046997,20,1,1,01:20,5,2,1,1,6,59512,M,"50,7018296","3,1873664",59
202000046998,20,2,3,18:30,5,2,3,8,6,60462,M,"49,3306280","2,1996740",60
202000046999,20,1,1,23:55,5,2,1,2,3,59350,M,"50,6334780","3,0659310",59
202000047000,20,7,24,23:00,5,1,2,1,1,38151,M,"45,1457300","5,6909500",38
202000047001,20,1,1,13:00,1,2,1,8,2,51108,M,"48,9530441","4,3433131",51
202000047002,20,2,5,16:10,1,2,1,1,2,59158,M,"50,4516980","3,2006690",59
202000047003,20,8,24,20:40,1,2,4,1,6,33039,M,"44,7892700"," -0,5651500",33
202000047004,20,7,24,19:25,1,2,2,1,-1,37195,M,"47,3790593","0,6438309",37
202000047005,20,1,1,20:13,5,2,1,1,1,42187,M,"46,0304700","4,0668600",42
202000047006,20,2,4,18:20,3,1,1,1,3,13085,M,"43,2641700","5,5879900",13
202000047007,20,1,1,17:55,2,2,1,1,6,42071,M,"46,0286100","4,0843700",42
202000047008,20,8,25,18:00,1,2,6,1,2,33529,M,"44,6164000"," -1,1376400",33
202000047009,20,2,4,09:30,1,1,1,1,3,13202,M,"43,2940873","5,3639538",13
202000047010,20,7,24,10:23,1,2,1,1,2,37122,M,"47,3582438","0,6456028",37
202000047011,20,7,24,07:53,1,2,3,1,-1,37261,M,"47,3942116","0,6672475",37
202000047012,20,12,1,15:40,1,2,1,1,7,13075,M,"43,3450390","5,4625600",13
202000047013,20,10,14,11:30,1,2,5,1,6,53130,M,"48,0630000"," -0,7582600",53
202000047014,20,1,1,04:25,5,2,1,2,6,37233,M,"47,3790220","0,7213500",37
202000047015,20,8,23,07:10,5,2,1,1,7,31555,M,"43,6012900","1,4408990",31
202000047016,20,5,23,11:45,1,1,1,2,1,64531,M,"43,3609920"," -0,9006750",64
202000047017,20,2,4,09:35,1,1,1,1,2,13206,M,"43,2823900","5,3941200",13
202000047018,20,7,5,17:00,1,2,1,1,6,36202,M,"46,8197083","1,6714395",36
202000047019,20,2,4,08:17,1,1,1,1,3,13117,M,"43,4637600","5,2343900",13
202000047020,20,5,20,18:45,1,1,1,1,7,64273,M,"43,2800800"," -1,2366490",64
202000047021,20,10,20,17:38,1,2,6,1,3,50218,M,"48,8378700"," -1,5887600",50
202000047022,20,12,2,07:45,1,1,1,1,3,13047,M,"43,5153313","4,9640117",13
202000047023,20,1,1,22:00,3,1,1,2,7,35051,M,"48,1540200"," -1,6243700",35
202000047024,20,8,25,05:15,5,2,3,1,3,26281,M,"45,0482800","5,0757000",26
202000047025,20,12,2,18:35,2,2,1,1,2,13004,M,"43,6700500","4,6166400",13
202000047026,20,1,1,07:49,4,1,6,2,3,17300,M,"46,1754900"," -1,2154300",17
202000047027,20,12,1,18:22,5,2,1,1,7,06029,M,"43,5677530","6,9625380",06
202000047028,20,8,25,17:23,1,2,6,1,5,25056,M,"47,2423690","6,0087280",25
202000047029,20,1,1,12:00,1,2,1,1,3,13204,M,"43,2975250","5,4006920",13
202000047030,20,8,25,19:30,1,2,9,1,3,24037,M,"44,8272900","0,5013200",24
202000047031,20,12,1,12:05,1,2,3,1,4,75108,M,"48,8771990","2,3230610",75
202000047032,20,7,24,17:55,1,2,1,1,3,35238,M,"48,1301960"," -1,6561270",35
202000047033,20,5,23,09:00,1,1,1,2,6,18089,M,"46,5864910","2,5817590",18
202000047034,20,7,24,15:00,1,2,1,1,6,35238,M,"48,0851800"," -1,6957100",35
202000047035,20,5,23,18:45,1,1,1,8,1,53193,M,"47,8938990"," -0,6511330",53
202000047036,20,2,4,08:00,1,1,1,1,2,13070,M,"43,2853800","5,5698700",13
202000047037,20,10,19,10:30,1,2,2,1,2,49328,M,"47,2603400"," -0,0815800",49
202000047038,20,1,1,02:30,5,2,1,1,1,13212,M,"43,3143450","5,4324600",13
202000047039,20,8,23,14:43,1,2,6,1,6,22360,M,"48,4784359"," -2,7681309",22
202000047040,20,1,1,14:40,1,2,1,1,1,01283,M,"46,2642100","5,6646000",01
202000047041,20,7,24,10:30,1,2,2,1,3,35238,M,"48,1059686"," -1,7325757",35
202000047042,20,10,20,22:30,1,2,1,3,2,44109,M,"47,2547400"," -1,5274600",44
202000047043,20,2,4,16:10,1,1,1,1,3,69388,M,"45,7214600","4,8854600",69
202000047044,20,12,2,17:10,5,2,4,2,6,75120,M,"48,8715760","2,3957160",75
202000047045,20,1,1,17:50,5,2,1,5,7,22327,M,"48,4959550"," -2,0005900",22
202000047046,20,2,3,19:00,3,1,1,1,2,69277,M,"45,7318285","4,9791241",69
202000047047,20,2,3,14:30,1,1,9,1,6,42183,M,"45,4036300","4,3754300",42
202000047048,20,12,2,13:30,1,2,3,1,3,75120,M,"48,8512810","2,4110190",75
202000047049,20,5,23,18:15,1,1,1,3,7,04135,M,"43,8277907","6,2246937",04
202000047050,20,2,3,07:50,2,1,1,1,2,33448,M,"44,7153600"," -0,5183100",33
202000047051,20,7,24,02:10,3,1,1,1,6,35238,M,"48,0814000"," -1,6721700",35
202000047052,20,10,20,22:15,5,2,1,3,3,44109,M,"47,2437800"," -1,5269100",44
202000047053,20,5,22,17:50,1,1,1,1,6,85217,M,"46,9448400"," -1,2560900",85
202000047054,20,2,4,13:00,1,1,1,1,5,91521,M,"48,6325000","2,4007000",91
202000047055,20,8,22,04:35,3,1,1,1,7,22113,M,"48,7167200"," -3,4023800",22
202000047056,20,1,1,04:30,3,1,1,1,3,66063,M,"42,4869330","2,8421190",66
202000047057,20,12,2,11:20,1,2,1,1,3,75118,M,"48,8841850","2,3541480",75
202000047058,20,7,23,15:40,1,2,1,1,6,35238,M,"48,1146000"," -1,6742700",35
202000047059,20,8,25,16:30,1,2,1,1,4,17300,M,"46,1583800"," -1,1550400",17
202000047060,20,1,1,19:45,3,1,1,2,2,28196,M,"48,2807370","1,2234710",28
202000047061,20,2,4,10:40,1,1,1,1,2,91161,M,"48,6993000","2,3124000",91
202000047062,20,8,25,15:50,1,2,1,1,7,17300,M,"46,1521600"," -1,1225600",17
202000047063,20,5,22,11:20,1,1,1,1,7,17160,M,"45,4744870"," -0,7595160",17
202000047064,20,10,20,21:45,3,1,1,6,7,43251,M,"45,0224928","3,8531113",43
202000047065,20,7,23,11:55,1,1,1,1,6,35051,M,"48,1482970"," -1,5969850",35
202000047066,20,12,2,01:15,3,2,1,1,6,75118,M,"48,8986380","2,3652540",75
202000047067,20,2,4,10:00,1,2,5,2,7,91377,M,"48,7197300","2,2991100",91
202000047068,20,5,22,16:55,1,1,1,1,7,24152,M,"44,8043470","1,2110190",24
202000047069,20,8,25,15:15,1,2,1,1,7,17300,M,"46,1636800"," -1,1468700",17
202000047070,20,7,24,12:15,1,2,1,1,3,34129,M,"43,5801760","3,9217020",34
202000047071,20,1,1,06:30,3,1,1,5,7,51526,M,"48,6891731","3,7188712",51
202000047072,20,2,3,04:50,3,1,1,2,6,93078,M,"48,9676600","2,5108100",93
202000047073,20,8,25,18:55,1,2,1,1,2,13047,M,"43,5292400","4,9754400",13
202000047074,20,7,23,23:00,3,2,1,1,6,34172,M,"43,6035000","3,9002100",34
202000047075,20,1,1,07:00,3,1,1,2,7,56231,M,"47,6852790"," -2,6467020",56
202000047076,20,2,3,14:40,1,1,1,1,2,95527,M,"49,0164000","2,5316800",95
202000047077,20,8,24,16:00,1,2,1,1,3,13028,M,"43,1736500","5,6051500",13
202000047078,20,12,2,17:00,5,2,1,2,3,75116,M,"48,8575330","2,2268870",75
202000047079,20,10,20,20:50,2,2,6,1,3,38185,M,"45,1607200","5,7202900",38
202000047080,20,5,22,20:40,2,1,1,1,6,38524,M,"45,0760550","5,6791700",38
202000047081,20,8,23,10:45,1,1,1,1,3,06029,M,"43,5383720","6,9559670",06
202000047082,20,10,20,16:15,1,2,1,1,6,38421,M,"45,1791200","5,7664100",38
202000047083,20,12,2,11:50,1,2,7,1,7,75116,M,"48,8625520","2,2872710",75
202000047084,20,5,22,21:00,2,1,1,1,6,01303,M,"46,0933489","5,4059852",01
202000047085,20,5,23,10:55,1,1,1,1,2,34095,M,"43,5340093","3,7791446",34
202000047086,20,8,25,23:35,5,2,1,1,2,06123,M,"43,6630600","7,1965000",06
202000047087,20,10,20,14:45,1,2,1,2,2,37122,M,"47,3479568","0,6574733",37
202000047088,20,7,23,08:10,1,2,2,1,3,34172,M,"43,6014935","3,8687593",34
202000047089,20,2,3,01:10,3,1,1,3,6,93078,M,"48,9630000","2,5223800",93
202000047090,20,12,2,10:00,1,2,2,8,2,75116,M,"48,8482230","2,2699090",75
202000047091,20,1,1,00:30,3,1,1,1,6,77519,M,"48,6354120","3,3948050",77
202000047092,20,2,2,15:50,1,1,1,3,2,95582,M,"48,9641700","2,2685300",95
202000047093,20,2,2,15:00,1,1,1,3,6,95018,M,"48,9575300","2,2750500",95
202000047094,20,12,1,18:50,5,2,4,1,6,75115,M,"48,8475980","2,3088020",75
202000047095,20,10,20,20:25,3,1,9,1,2,35238,M,"48,0951800"," -1,7110400",35
202000047096,20,1,1,18:50,3,2,1,5,6,76242,M,"49,4591800","1,6987220",76
202000047097,20,7,17,02:10,3,1,1,1,1,33318,M,"44,7796800"," -0,7256200",33
202000047098,20,12,1,12:00,1,2,2,8,6,75115,M,"48,8376690","2,3077660",75
202000047099,20,5,23,09:15,1,1,1,1,1,97418,R," -20,9136420","55,5694380",974
202000047100,20,5,19,15:07,1,2,1,1,7,97129,A,"16,3390840"," -61,7168410",971
202000047101,20,6,8,16:20,1,2,1,1,6,05061,M,"44,5539300","6,0733300",05
202000047102,20,12,1,22:37,5,2,1,1,6,75114,M,"48,8282290","2,3256440",75
202000047103,20,5,23,03:05,3,1,1,2,6,77248,M,"48,9209410","2,7959880",77
202000047104,20,7,18,21:08,2,2,1,1,6,33192,M,"44,7821300"," -0,5940000",33
202000047105,20,2,2,17:45,2,1,1,3,5,95500,M,"49,0380300","2,0890300",95
202000047106,20,8,25,19:00,1,2,1,1,6,05023,M,"44,8827000","6,6242100",05
202000047107,20,2,2,15:00,1,1,1,1,6,95277,M,"48,9733500","2,4863800",95
202000047108,20,7,18,21:30,4,2,1,1,1,33550,M,"44,7804000"," -0,5517000",33
202000047109,20,5,22,12:10,1,2,1,1,1,66008,M,"42,5530490","3,0262290",66
202000047110,20,5,23,03:50,5,2,1,1,6,84138,M,"44,3853630","4,9982490",84
202000047111,20,10,20,19:00,5,2,3,1,2,35238,M,"48,0936329"," -1,6710762",35
202000047112,20,7,24,14:00,1,1,3,1,2,33009,M,"44,6453300"," -1,1946700",33
202000047113,20,1,1,16:45,1,1,1,1,1,65473,M,"42,9568310"," -0,0656180",65
202000047114,20,2,2,12:00,1,1,1,1,6,93027,M,"48,9270900","2,4034800",93
202000047115,20,12,2,16:20,1,2,4,8,1,75113,M,"48,8257070","2,3869720",75
202000047116,20,8,24,13:50,1,2,4,1,3,75117,M,"48,8830030","2,2836290",75
202000047117,20,5,22,19:20,1,2,1,1,6,38412,M,"45,4174395","5,7408096",38
202000047118,20,10,20,12:30,1,2,9,1,3,35238,M,"48,1113400"," -1,6867600",35
202000047119,20,2,2,10:30,1,1,1,2,5,93027,M,"48,9278600","2,4095700",93
202000047120,20,1,1,18:55,3,1,1,1,5,32171,M,"43,5214590","0,9780862",32
202000047121,20,12,2,14:40,1,2,1,1,3,75111,M,"48,8649040","2,3764280",75
202000047122,20,12,2,08:10,1,2,2,8,3,75110,M,"48,8773380","2,3551150",75
202000047123,20,5,22,20:30,2,1,1,1,6,69178,M,"45,7075130","4,4593330",69
202000047124,20,12,2,18:35,2,2,2,1,3,75107,M,"48,8599430","2,3217690",75
202000047125,20,10,20,15:30,1,2,3,1,1,33063,M,"44,8717800"," -0,5620600",33
202000047126,20,5,14,07:20,1,1,1,1,3,64304,M,"43,4933080"," -1,3943950",64
202000047127,20,12,2,09:14,1,2,3,1,6,75107,M,"48,8585180","2,3324500",75
202000047128,20,5,21,10:30,1,2,1,1,3,29060,M,"47,9267130"," -4,0956100",29
202000047129,20,12,2,14:15,1,2,1,1,4,94080,M,"48,8449100","2,4385000",94
202000047130,20,5,23,13:10,1,2,9,1,6,27275,M,"49,1597580","1,3380150",27
202000047131,20,7,24,09:35,1,2,2,1,3,33529,M,"44,6319800"," -1,1426600",33
202000047132,20,8,25,18:00,1,2,7,1,3,75107,M,"48,8584370","2,3125310",75
202000047133,20,2,2,05:55,3,1,1,3,-1,93066,M,"48,9201100","2,3572900",93
202000047134,20,1,1,10:00,2,1,1,5,7,89008,M,"47,5757490","3,9995270",89