Num_Acc,an,mois,jour,hrmn,lum,agg,int,atm,col,com,gps,lat,long,dep
202000047135,20,5,21,14:35,1,1,1,1,7,83144,M,"43,1334900","5,9847600",83
202000047136,20,10,20,10:35,1,2,1,2,-1,33281,M,"44,8464900"," -0,6779900",33
202000047137,20,2,2,09:30,1,1,1,2,3,93066,M,"48,9220500","2,3573100",93
202000047138,20,7,24,18:45,1,2,1,1,2,32013,M,"43,6453000","0,5875000",32
202000047139,20,5,22,21:25,1,1,1,1,6,33039,M,"44,7903300"," -0,5407300",33
202000047140,20,12,1,23:20,5,2,2,1,3,94068,M,"48,8090100","2,4767100",94
202000047141,20,5,22,15:40,1,1,1,1,6,75116,M,"48,8483042","2,2454545",75
202000047142,20,7,24,16:12,1,2,1,1,7,32013,M,"43,6456000","0,5797000",32
202000047143,20,2,4,16:00,1,1,1,2,7,77517,M,"48,9040220","2,6455750",77
202000047144,20,1,1,19:35,3,1,1,1,6,12248,M,"43,8793310","2,6442780",12
202000047145,20,8,25,09:40,1,2,1,2,3,75119,M,"48,8987670","2,3737800",75
202000047146,20,1,2,13:58,1,1,9,7,6,68243,M,"47,4538380","7,2209220",68
202000047147,20,2,4,09:10,1,1,1,1,4,77294,M,"48,9643923","2,6105029",77
202000047148,20,12,1,18:45,5,2,1,1,6,94068,M,"48,7936500","2,4874200",94
202000047149,20,1,2,06:30,3,1,1,5,7,70468,M,"47,8268630","5,8064964",70
202000047150,20,2,4,07:10,5,1,1,1,2,94069,M,"48,8171389","2,4422619",94
202000047151,20,1,1,15:00,1,1,1,8,7,50629,M,"49,2315990"," -1,4765380",50
202000047152,20,12,2,09:10,1,2,1,1,3,94065,M,"48,7522800","2,3546400",94
202000047153,20,5,21,23:30,3,1,1,1,2,92036,M,"48,9346300","2,2690400",92
202000047154,20,1,2,17:45,3,1,1,1,7,50145,M,"49,0660810"," -1,3908470",50
202000047155,20,2,1,23:45,5,2,2,2,3,92049,M,"48,8120700","2,3008200",92
202000047156,20,10,15,10:30,1,2,1,1,6,33119,M,"44,8510200"," -0,5088400",33
202000047157,20,12,2,14:10,1,2,2,1,3,94054,M,"48,7430300","2,3887500",94
202000047158,20,1,31,09:05,1,2,3,1,2,98818,C," -22,3009800","166,4532700",988
202000047159,20,8,25,14:35,1,2,1,1,-1,75118,M,"48,8979140","2,3389860",75
202000047160,20,10,19,17:35,1,2,1,1,3,31069,M,"43,6431100","1,3650000",31
202000047161,20,12,2,13:50,1,2,1,1,6,93048,M,"48,8620807","2,4453671",93
202000047162,20,7,24,17:30,1,1,1,1,3,27375,M,"49,2145900","1,1539700",27
202000047163,20,5,20,18:00,1,1,1,1,6,78158,M,"48,8352970","2,1312220",78
202000047164,20,1,2,18:10,3,1,1,1,1,43137,M,"45,2627890","4,1617900",43
202000047165,20,8,24,22:30,5,2,7,1,3,75117,M,"48,8835330","2,3268670",75
202000047166,20,2,3,07:10,1,1,9,1,5,97416,R," -21,2878600","55,4629700",974
202000047167,20,12,1,19:20,5,2,1,1,3,93079,M,"48,9552000","2,3336720",93
202000047168,20,2,3,13:15,1,2,1,1,6,69276,M,"45,6663520","4,8500133",69
202000047169,20,12,2,18:55,5,2,1,2,2,93057,M,"48,9076974","2,4933815",93
202000047170,20,2,3,18:10,2,1,1,1,4,97213,A,"14,6184500"," -61,0242100",972
202000047171,20,2,3,15:15,1,2,1,1,3,69202,M,"45,7468000","4,8078000",69
202000047172,20,2,2,20:00,5,2,1,1,6,2A004,M,"41,9369731","8,7537215",2A
202000047173,20,5,22,01:45,3,1,1,1,5,93007,M,"48,9174000","2,4783700",93
202000047174,20,10,19,17:35,2,2,1,1,3,31069,M,"43,6321400","1,3973800",31
202000047175,20,12,2,20:35,5,2,2,1,6,92075,M,"48,8197150","2,2934068",92
202000047176,20,1,30,07:30,5,2,3,1,3,91685,M,"48,6578850","2,3081430",91
202000047177,20,1,2,15:00,1,2,9,1,3,97230,A,"14,7367900"," -60,9535130",972
202000047178,20,8,25,04:00,5,2,7,1,6,75116,M,"48,8698970","2,2852510",75
202000047179,20,7,21,08:30,1,2,3,1,3,27229,M,"49,0227000","1,1407000",27
202000047180,20,2,3,16:30,1,2,1,2,4,91421,M,"48,7075200","2,4545300",91
202000047181,20,7,24,15:25,1,2,1,1,1,17300,M,"46,1539000"," -1,1393000",17
202000047182,20,2,1,13:02,1,2,1,2,4,87085,M,"45,8730400","1,2687100",87
202000047183,20,7,24,07:55,1,2,2,1,6,17274,M,"46,1530300"," -1,0866900",17
202000047184,20,7,24,07:40,1,2,3,7,3,17300,M,"46,1651880"," -1,1927400",17
202000047185,20,7,24,10:58,1,2,2,1,3,14118,M,"49,1741500"," -0,3447000",14
202000047186,20,10,20,18:09,1,2,1,1,3,29232,M,"47,9926900"," -4,1083400",29
202000047187,20,1,2,08:05,2,2,1,2,6,57415,M,"49,1415300","6,1138410",57
202000047188,20,8,24,22:50,5,2,1,1,3,75116,M,"48,8688160","2,2833220",75
202000047189,20,5,21,01:46,3,1,1,1,-1,94028,M,"48,7763094","2,4351719",94
202000047190,20,7,24,09:40,1,2,9,1,3,13019,M,"43,4511500","5,3727300",13
202000047191,20,1,31,19:48,5,2,3,2,3,87085,M,"45,8643500","1,2905800",87
202000047192,20,2,1,23:26,5,2,1,2,6,87085,M,"45,8267600","1,2635900",87
202000047193,20,2,1,22:10,5,2,1,2,2,85194,M,"46,4833800"," -1,7241500",85
202000047194,20,8,25,20:30,2,2,4,1,3,75114,M,"48,8327270","2,3248320",75
202000047195,20,10,20,05:40,3,1,1,2,1,29232,M,"47,9780972"," -4,0284714",29
202000047196,20,1,30,10:20,1,1,1,1,-1,80021,M,"49,9260700","2,2981400",80
202000047197,20,8,24,22:30,5,2,7,1,3,75114,M,"48,8345480","2,3326200",75
202000047198,20,10,19,12:10,1,1,1,1,2,29232,M,"48,0321981"," -4,0843821",29
202000047199,20,5,22,00:20,5,2,3,1,3,69259,M,"45,7088000","4,8826000",69
202000047200,20,7,24,13:05,1,2,2,1,3,13206,M,"43,2902526","5,3758975",13
202000047201,20,1,1,18:45,5,1,1,1,5,44209,M,"47,2818570"," -1,6021370",44
202000047202,20,8,25,15:45,1,2,2,1,3,75112,M,"48,8373080","2,3912080",75
202000047203,20,1,2,14:45,1,1,1,1,6,19146,M,"45,3322660","1,7617010",19
202000047204,20,8,25,16:20,1,2,2,1,6,75110,M,"48,8723080","2,3559010",75
202000047205,20,12,2,10:40,1,1,1,1,2,92072,M,"48,8298903","2,2236964",92
202000047206,20,7,24,07:45,1,2,1,1,6,13204,M,"43,2989861","5,4028126",13
202000047207,20,10,20,17:00,1,2,3,1,1,29039,M,"47,8787000"," -3,9300000",29
202000047208,20,1,31,08:30,2,2,1,2,6,77390,M,"48,7891560","2,6612260",77
202000047209,20,8,25,17:50,1,2,1,1,5,75108,M,"48,8677880","2,3101900",75
202000047210,20,5,19,23:50,5,1,1,2,1,97213,A,"14,6339000"," -60,9914000",972
202000047211,20,1,1,17:40,3,1,1,2,1,44195,M,"47,3400370"," -1,9074850",44
202000047212,20,8,25,15:50,1,2,1,1,3,75117,M,"48,8802490","2,3083190",75
202000047213,20,2,2,12:00,1,1,1,8,5,77114,M,"48,7407382","2,6936232",77
202000047214,20,5,21,02:20,5,2,1,1,6,97209,A,"14,6075800"," -61,0685100",972
202000047215,20,12,2,17:59,5,2,1,1,7,92023,M,"48,8030160","2,2624560",92
202000047216,20,2,2,00:42,3,2,1,1,7,76165,M,"49,2790513","1,0291314",76
202000047217,20,10,20,13:10,1,1,1,1,7,22113,M,"48,7200716"," -3,3999470",22
202000047218,20,12,2,19:55,5,2,2,2,7,92012,M,"48,8330125","2,2463246",92
202000047219,20,2,2,06:10,5,2,2,1,3,76540,M,"49,4378400","1,1052500",76
202000047220,20,10,20,14:10,1,1,1,1,6,17291,M,"46,1762000"," -1,1158900",17
202000047221,20,7,24,09:40,1,2,1,1,6,13215,M,"43,3465500","5,3669000",13
202000047222,20,1,1,00:15,3,1,1,5,6,27189,M,"48,9822420","0,9819702",27
202000047223,20,8,25,09:50,1,2,1,8,7,75103,M,"48,8576600","2,3675780",75
202000047224,20,1,29,12:00,1,2,1,1,6,76561,M,"49,3033500","1,0159300",76
202000047225,20,12,2,13:05,1,2,1,1,3,92002,M,"48,7480799","2,3039049",92
202000047226,20,8,24,17:05,1,2,1,1,3,94068,M,"48,8030000","2,4900000",94
202000047227,20,2,2,00:40,5,2,1,2,2,76351,M,"49,4965235","0,0933623",76
202000047228,20,1,2,09:42,1,2,1,1,6,62014,M,"50,6403950","2,3971010",62
202000047229,20,12,2,07:45,5,2,1,2,3,41194,M,"47,3614140","1,7428340",41
202000047230,20,10,20,14:45,1,2,1,1,5,14271,M,"49,1382900"," -0,3936600",14
202000047231,20,1,31,22:10,5,2,1,1,2,76351,M,"49,5011900","0,1768800",76
202000047232,20,8,25,13:50,1,2,1,1,3,94041,M,"48,8133700","2,3888900",94
202000047233,20,10,19,16:00,1,2,9,1,3,13117,M,"43,4273430","5,2357140",13
202000047234,20,12,3,15:40,1,1,1,8,6,01419,M,"46,2300990","5,9984280",01
202000047235,20,10,20,12:15,1,2,1,1,6,13201,M,"43,3734460","5,3430294",13
202000047236,20,5,21,22:10,5,2,2,1,3,69149,M,"45,7115635","4,8198269",69
202000047237,20,1,31,19:58,5,2,1,2,3,72181,M,"47,9762700","0,2073500",72
202000047238,20,1,1,06:30,3,1,1,1,5,13088,M,"43,3901390","5,2475390",13
202000047239,20,8,25,01:53,5,2,1,1,6,94018,M,"48,8180420","2,4196350",94
202000047240,20,12,1,18:50,5,1,1,1,1,97132,A,"15,9869810"," -61,6330430",971
202000047241,20,2,1,19:30,3,1,1,2,2,67218,M,"48,5427857","7,7373808",67
202000047242,20,1,1,04:00,5,2,2,1,3,91161,M,"48,7153120","2,2983720",91
202000047243,20,1,31,18:40,5,2,1,1,3,67482,M,"48,5773410","7,7693600",67
202000047244,20,12,3,10:43,1,2,1,2,2,62361,M,"50,2792100","2,2753500",62
202000047245,20,1,1,08:40,1,2,1,1,6,98818,C," -22,2464900","166,4626100",988
202000047246,20,7,23,07:30,1,2,2,1,3,13211,M,"43,2835000","5,4994000",13
202000047247,20,8,25,00:00,5,2,4,1,1,94041,M,"48,8185200","2,4003800",94
202000047248,20,10,20,08:49,1,2,2,1,2,13206,M,"43,2891060","5,3841140",13
202000047249,20,2,3,13:05,1,2,1,1,3,64102,M,"43,4656200"," -1,4952600",64
202000047250,20,1,1,00:30,5,1,1,1,6,38151,M,"45,1471900","5,6954400",38
202000047251,20,2,2,03:15,5,2,6,1,6,64102,M,"43,4909900"," -1,4534400",64
202000047252,20,1,1,02:00,3,1,1,1,6,16366,M,"45,6259570"," -0,2093420",16
202000047253,20,2,3,18:05,5,2,1,3,6,62193,M,"50,9571300","1,8709600",62
202000047254,20,12,2,19:15,3,1,1,1,7,41010,M,"47,8601100","1,0274790",41
202000047255,20,10,19,08:50,1,2,9,1,3,13005,M,"43,2949000","5,5616400",13
202000047256,20,7,24,15:10,1,1,9,1,5,13047,M,"43,5181800","4,9629500",13
202000047257,20,8,25,20:05,1,2,2,1,6,93048,M,"48,8734500","2,4605200",93
202000047258,20,5,20,17:00,1,2,3,1,3,69382,M,"45,7397000","4,8183000",69
202000047259,20,1,1,16:30,1,1,1,7,3,42332,M,"46,0159200","4,0535680",42
202000047260,20,7,22,10:45,1,2,1,1,7,13005,M,"43,2838200","5,5419700",13
202000047261,20,8,25,22:00,5,2,2,1,3,93031,M,"48,9471200","2,3427000",93
202000047262,20,12,2,09:40,2,2,6,1,3,34120,M,"43,6590700","3,9118620",34
202000047263,20,8,25,13:00,1,2,2,1,3,93031,M,"48,9540763","2,3351712",93
202000047264,20,12,2,08:05,3,1,4,1,1,56179,M,"47,8339240"," -3,4176300",56
202000047265,20,1,1,00:45,5,2,1,1,6,97231,A,"14,5509410"," -61,0544130",972
202000047266,20,8,25,22:20,5,2,2,1,3,93057,M,"48,9105627","2,5122374",93
202000047267,20,1,1,02:00,3,1,1,1,6,52349,M,"48,0252706","5,0905806",52
202000047268,20,8,24,17:30,1,2,1,8,3,92050,M,"48,9054950","2,2099770",92
202000047269,20,8,26,17:25,1,1,1,1,3,97415,R," -20,9744990","55,2979610",974
202000047270,20,1,1,07:40,3,1,1,2,2,44073,M,"47,3996130"," -1,6448590",44
202000047271,20,8,25,18:00,1,1,1,1,7,83148,M,"43,4027680","6,4457210",83
202000047272,20,5,20,19:55,1,2,4,1,3,69202,M,"45,7286000","4,7778000",69
202000047273,20,12,2,13:00,1,1,1,1,6,79185,M,"46,2790730"," -0,3095570",79
202000047274,20,10,18,10:55,1,2,1,1,6,04070,M,"44,0928369","6,2351717",04
202000047275,20,7,25,00:00,5,2,3,1,7,10387,M,"48,2921300","4,0863500",10
202000047276,20,1,1,18:10,3,1,1,2,1,56022,M,"47,7984020"," -2,9309640",56
202000047277,20,8,20,13:00,1,1,3,1,3,59462,M,"50,5231410","3,0005010",59
202000047278,20,7,22,16:54,1,1,1,1,2,10333,M,"48,2707900","4,0493800",10
202000047279,20,1,1,17:50,5,2,1,1,6,65438,M,"43,3299710","0,0366440",65
202000047280,20,5,20,17:50,1,2,3,1,3,69389,M,"45,7915800","4,8160400",69
202000047281,20,7,22,18:40,1,2,1,1,3,06088,M,"43,6883000","7,2382400",06
202000047282,20,12,3,09:00,1,1,2,1,4,79298,M,"46,2746340"," -0,5256430",79
202000047283,20,8,21,21:30,3,1,2,1,3,44051,M,"47,6873620"," -1,6613820",44
202000047284,20,10,20,07:40,2,2,1,2,5,75117,M,"48,8965730","2,3098910",75
202000047285,20,1,1,09:00,2,2,1,9,6,89392,M,"47,5311035","3,7957750",89
202000047286,20,5,21,23:45,3,1,1,1,7,91433,M,"48,4585100","2,1776500",91
202000047287,20,10,20,08:25,1,2,1,1,3,75116,M,"48,8432210","2,2543640",75
202000047288,20,1,1,17:00,2,1,1,8,6,76644,M,"50,0138550","1,3961840",76
202000047289,20,5,16,05:30,5,2,3,1,6,83069,M,"43,1218400","6,1407200",83
202000047290,20,8,25,13:55,1,1,1,1,7,21508,M,"47,3793100","4,9346531",21
202000047291,20,8,25,20:40,2,2,1,6,6,62720,M,"50,5976800","2,3877080",62
202000047292,20,8,20,22:00,3,2,1,1,7,19005,M,"45,2664340","1,4649580",19
202000047293,20,12,3,18:00,3,1,1,1,6,2B346,M,"42,5255150","9,4569860",2B
202000047294,20,12,3,08:00,2,1,2,2,1,80574,M,"50,0418450","2,0590780",80
202000047295,20,12,2,18:15,3,1,1,2,6,55173,M,"48,5443990","5,6125760",55
202000047296,20,7,24,11:40,1,2,1,1,6,06027,M,"43,6598700","7,1711500",06
202000047297,20,5,21,17:50,1,2,6,1,3,79259,M,"46,9693700"," -0,2093200",79
202000047298,20,1,1,04:00,3,1,9,4,5,02756,M,"49,8021430","3,3196280",02
202000047299,20,10,20,11:25,1,2,1,2,6,75120,M,"48,8672280","2,3831110",75
202000047300,20,8,5,17:50,1,2,1,1,6,74194,M,"45,8077540","6,0386180",74
202000047301,20,7,23,18:30,1,2,1,1,2,06027,M,"43,6738000","7,1424220",06
202000047302,20,10,20,10:54,1,2,1,1,1,75111,M,"48,8695370","2,3714130",75
202000047303,20,12,3,09:00,1,1,1,2,1,86245,M,"46,8246170","0,6252920",86
202000047304,20,5,21,17:00,1,1,1,1,-1,77186,M,"48,3547291","2,7629109",77
202000047305,20,8,26,12:15,1,2,3,1,1,80368,M,"50,0792000","1,5363260",80
202000047306,20,10,20,09:00,1,2,1,2,3,75119,M,"48,8797920","2,3704420",75
202000047307,20,8,24,20:40,2,1,1,1,7,65039,M,"42,9177700","0,3489770",65
202000047308,20,7,23,14:45,1,2,1,1,3,06027,M,"43,6636800","7,1368510",06
202000047309,20,10,20,07:00,5,2,1,2,2,75119,M,"48,8881420","2,3906480",75
202000047310,20,8,25,17:04,1,1,1,1,6,65018,M,"42,9992100"," -0,2823880",65
202000047311,20,7,23,06:35,1,2,1,1,3,06123,M,"43,6606000","7,1780000",06
202000047312,20,10,20,19:20,5,2,4,2,6,75116,M,"48,8705060","2,2955900",75
202000047313,20,12,2,19:00,3,1,2,2,3,22183,M,"48,1719640"," -2,5784420",22
202000047314,20,8,25,16:23,1,1,1,1,7,65032,M,"42,9612410"," -0,2204740",65
202000047315,20,12,3,18:00,3,2,1,1,3,25532,M,"47,2087970","6,1028840",25
202000047316,20,1,1,12:25,1,1,2,5,3,60137,M,"49,4356743","2,5276707",60
202000047317,20,8,24,21:30,2,1,1,1,7,61043,M,"48,3508570","0,7277300",61
202000047318,20,12,1,16:00,1,1,1,1,1,29090,M,"48,0960573"," -4,2559615",29
202000047319,20,1,1,07:50,3,1,1,2,6,53144,M,"48,3159410"," -0,4630260",53
202000047320,20,8,15,21:30,5,2,2,1,6,49215,M,"47,1317460"," -0,1526500",49
202000047321,20,5,21,19:45,1,2,4,1,3,69266,M,"45,7685802","4,9054043",69
202000047322,20,7,23,23:10,3,1,1,1,6,05061,M,"44,5101900","6,0462100",05
202000047323,20,1,1,16:56,3,1,1,2,6,72115,M,"47,6501010","0,4623280",72
202000047324,20,7,23,10:43,1,2,1,1,2,05061,M,"44,5599100","6,0754100",05
202000047325,20,1,1,05:15,3,1,1,5,6,78143,M,"48,7278880","2,1010010",78
202000047326,20,7,24,03:45,5,2,1,1,7,04112,M,"43,8371000","5,7852800",04
202000047327,20,12,3,08:03,1,2,1,3,6,29056,M,"48,4272430"," -4,3067690",29
202000047328,20,10,20,17:20,1,2,3,2,3,75116,M,"48,8714860","2,2848760",75
202000047329,20,1,1,06:32,3,1,1,1,4,31399,M,"43,3662900","1,2733660",31
202000047330,20,10,20,16:40,1,2,1,2,3,75114,M,"48,8378840","2,3357990",75
202000047331,20,10,20,19:20,5,2,1,2,4,75112,M,"48,8445210","2,4073320",75
202000047332,20,1,1,06:10,2,1,1,1,3,97309,G,"4,8933330"," -52,2903320",973
202000047333,20,10,20,09:00,1,2,1,8,2,75112,M,"48,8313250","2,3850960",75
202000047334,20,1,1,06:45,3,1,1,9,7,51569,M,"49,2473705","3,9462173",51
202000047335,20,10,19,17:00,1,2,1,1,6,75112,M,"48,8377470","2,3825730",75
202000047336,20,12,3,15:45,1,2,1,1,3,38126,M,"45,2084280","5,7581190",38
202000047337,20,1,1,05:10,3,1,1,1,6,34081,M,"43,3120300","3,1747500",34
202000047338,20,5,21,09:30,1,2,1,1,3,64102,M,"43,4985900"," -1,4878900",64
202000047339,20,8,26,07:48,1,1,1,1,3,42092,M,"45,4919250","4,3820221",42
202000047340,20,10,20,11:00,1,2,1,8,6,75111,M,"48,8529460","2,3742660",75
202000047341,20,10,20,10:40,1,2,1,1,3,75109,M,"48,8824860","2,3293000",75
202000047342,20,8,23,19:35,1,1,4,1,3,41161,M,"47,5443950","2,0740340",41
202000047343,20,10,20,11:30,1,2,1,8,7,75108,M,"48,8786540","2,3152410",75
202000047344,20,10,20,07:25,5,2,1,2,3,75107,M,"48,8515330","2,3112940",75
202000047345,20,5,20,19:59,1,2,1,7,2,64024,M,"43,4976000"," -1,5044900",64
202000047346,20,1,1,04:45,5,2,1,2,5,79049,M,"46,8499370"," -0,4674700",79
202000047347,20,1,1,02:25,3,1,1,1,1,35240,M,"48,1047894"," -1,7803343",35
202000047348,20,11,14,15:29,1,2,9,1,7,13083,M,"43,8947920","4,8036380",13
202000047349,20,8,22,11:00,1,1,1,1,3,44041,M,"47,0795000"," -1,5670640",44
202000047350,20,7,24,12:04,1,2,2,1,3,03185,M,"46,3428971","2,6005875",03
202000047351,20,10,20,07:50,2,2,2,2,6,94052,M,"48,8409000","2,4833000",94
202000047352,20,5,21,17:50,1,2,1,1,2,51454,M,"49,2538437","4,0408405",51
202000047353,20,1,1,03:30,3,2,3,5,3,27099,M,"49,0825600","1,1815000",27
202000047354,20,7,23,17:04,1,2,2,1,3,02738,M,"49,6579500","3,3161400",02
202000047355,20,1,1,01:15,3,1,1,1,7,98810,C," -20,6418700","164,3503870",988
202000047356,20,7,23,23:50,5,2,4,1,6,75120,M,"48,8490270","2,4148680",75
202000047357,20,8,15,08:20,1,1,1,5,7,02120,M,"49,3778190","3,5500430",02
202000047358,20,7,23,19:35,1,2,1,1,2,75116,M,"48,8705970","2,2723520",75
202000047359,20,7,24,18:40,1,2,1,1,6,75116,M,"48,8444330","2,2720770",75
202000047360,20,12,3,07:55,1,1,2,2,3,02594,M,"49,1621650","3,1811750",02
202000047361,20,10,13,17:05,1,2,1,8,3,94015,M,"48,8329740","2,5200000",94
202000047362,20,8,26,04:50,3,1,1,6,6,02572,M,"49,3858930","4,0069630",02
202000047363,20,7,24,01:50,5,2,5,1,6,75106,M,"48,8531650","2,3358460",75
202000047364,20,12,1,08:00,3,1,1,2,5,85019,M,"46,8058170"," -1,4331150",85
202000047365,20,10,20,09:05,1,2,1,2,1,94041,M,"48,8084300","2,4077400",94
202000047366,20,12,3,11:30,1,2,9,1,6,64417,M,"43,1781350"," -0,2461570",64
202000047367,20,7,23,17:00,1,2,3,1,3,75106,M,"48,8441840","2,3228980",75
202000047368,20,12,2,07:04,2,1,2,1,3,21027,M,"47,3906650","5,0363730",21
202000047369,20,7,24,21:45,5,2,4,1,3,75120,M,"48,8642780","2,4128290",75
202000047370,20,12,2,23:00,3,1,2,2,6,85266,M,"46,7594080"," -0,9942410",85
202000047371,20,7,24,19:40,1,2,7,1,3,75120,M,"48,8469180","2,4150830",75
202000047372,20,12,3,05:50,3,1,1,5,6,08283,M,"49,6312070","4,6221220",08
202000047373,20,5,20,18:50,1,2,3,1,3,50532,M,"48,7946800"," -1,5677000",50
202000047374,20,8,26,13:20,1,1,1,1,7,15092,M,"45,4170250","2,5026510",15
202000047375,20,12,3,06:45,3,2,1,2,3,95678,M,"49,0698840","2,2213300",95
202000047376,20,5,21,01:50,5,2,1,1,6,44109,M,"47,2279600"," -1,5255900",44
202000047377,20,7,24,20:15,1,2,4,1,6,75119,M,"48,8847570","2,3922280",75
202000047378,20,8,26,10:20,1,1,1,1,1,01454,M,"45,7092770","5,7261730",01
202000047379,20,7,24,18:30,1,2,1,1,2,75119,M,"48,8850580","2,3697100",75
202000047380,20,7,24,10:00,1,2,3,1,3,75119,M,"48,8887670","2,3930680",75
202000047381,20,10,20,07:30,5,2,2,2,3,94018,M,"48,8277500","2,4040000",94
202000047382,20,8,26,11:55,1,2,1,1,2,01323,M,"46,4279603","4,9371921",01
202000047383,20,7,24,16:39,1,2,1,1,6,75118,M,"48,8883850","2,3526410",75
202000047384,20,8,25,20:55,3,1,1,1,6,26368,M,"44,7251340","5,2670860",26
202000047385,20,7,24,20:00,1,2,3,1,7,75117,M,"48,8911820","2,3247090",75
202000047386,20,8,26,14:20,1,2,1,1,6,72316,M,"48,3077690","0,4012260",72
202000047387,20,7,24,11:20,1,2,1,1,3,75117,M,"48,8750890","2,2908990",75
202000047388,20,7,24,15:00,1,2,1,1,7,75116,M,"48,8583060","2,2889390",75
202000047389,20,7,24,10:00,1,2,3,1,3,75116,M,"48,8667140","2,2716830",75
202000047390,20,12,3,14:40,1,2,2,1,3,97309,G,"4,9076980"," -52,2728040",973
202000047391,20,8,26,16:45,1,1,1,1,1,60029,M,"49,3609810","2,0170430",60
202000047392,20,7,24,01:30,5,2,5,1,7,75116,M,"48,8473870","2,2737390",75
202000047393,20,10,18,21:22,5,2,1,1,2,93066,M,"48,9416700","2,3657900",93
202000047394,20,7,24,10:00,1,2,2,1,3,75115,M,"48,8351310","2,2890280",75
202000047395,20,10,20,09:07,1,2,3,2,3,93077,M,"48,8753298","2,5291505",93
202000047396,20,7,24,07:30,1,2,2,1,6,75114,M,"48,8222260","2,3304080",75
202000047397,20,7,24,22:10,5,2,3,1,3,75112,M,"48,8514360","2,3699140",75
202000047398,20,10,20,07:55,1,2,1,2,3,93046,M,"48,9235500","2,5417481",93
202000047399,20,7,24,15:05,1,2,7,1,3,75112,M,"48,8272550","2,4643800",75
202000047400,20,10,20,07:10,5,2,1,2,3,93005,M,"48,9378000","2,5008000",93
202000047401,20,7,23,14:30,1,2,1,1,3,75112,M,"48,8221830","2,4545110",75
202000047402,20,10,20,15:49,1,2,1,1,6,92046,M,"48,8119396","2,2944440",92
202000047403,20,10,18,18:45,2,2,2,1,3,92050,M,"48,8968800","2,2240300",92
202000047404,20,7,24,12:15,1,2,3,1,7,75117,M,"48,8893690","2,3223520",75
202000047405,20,10,19,19:45,5,2,1,1,6,92036,M,"48,9339398","2,3151102",92
202000047406,20,10,20,11:45,1,2,9,2,2,92035,M,"48,9059200","2,2518500",92
202000047407,20,8,26,18:00,1,1,1,1,2,64080,M,"43,3513440"," -0,4867390",64
202000047408,20,5,21,18:08,1,2,1,1,3,37261,M,"47,3850647","0,6909398",37
202000047409,20,7,24,18:30,1,2,2,1,3,75108,M,"48,8766250","2,3176850",75
202000047410,20,12,3,14:30,1,1,3,1,3,01027,M,"45,8331950","5,1150370",01
202000047411,20,5,21,19:52,1,2,1,7,6,34172,M,"43,5967350","3,8492160",34
202000047412,20,7,24,14:30,1,2,3,8,7,75104,M,"48,8552380","2,3611240",75
202000047413,20,12,2,20:15,3,1,1,1,2,68297,M,"47,6141340","7,5187210",68
202000047414,20,10,20,19:30,5,2,1,2,3,92024,M,"48,9091700","2,3071000",92
202000047415,20,7,24,13:35,1,2,1,1,2,94046,M,"48,8074900","2,4376800",94
202000047416,20,8,26,02:05,3,1,1,1,7,43217,M,"45,2672000","3,8828090",43
202000047417,20,12,3,01:40,3,1,1,2,6,69102,M,"45,8685700","4,3971400",69
202000047418,20,5,21,13:30,1,2,2,1,3,33063,M,"44,8590100"," -0,5749000",33
202000047419,20,7,24,16:05,1,2,1,1,3,94076,M,"48,8010600","2,3651700",94
202000047420,20,10,10,10:10,1,2,1,1,6,22118,M,"48,4559400"," -2,0282490",22
202000047421,20,7,24,15:30,1,2,9,1,3,94041,M,"48,8185100","2,3960100",94
202000047422,20,8,26,15:50,1,2,3,1,-1,53161,M,"48,1404360"," -0,5556840",53
202000047423,20,12,2,13:45,1,2,1,1,6,97601,Y," -12,7121020","45,0525930",976
202000047424,20,7,24,20:25,1,2,1,1,6,94034,M,"48,7550300","2,3191800",94
202000047425,20,10,17,15:30,1,2,3,1,1,47015,M,"44,0653620","0,6497170",47
202000047426,20,8,26,13:10,1,1,1,1,1,21244,M,"47,2949050","4,5142820",21
202000047427,20,7,22,21:40,2,2,1,1,1,94028,M,"48,7891000","2,4412700",94
202000047428,20,10,20,14:35,1,1,1,2,6,18272,M,"47,2679530","2,7681150",18
202000047429,20,8,25,18:15,1,1,1,1,3,04076,M,"43,9544560","6,8022970",04
202000047430,20,8,25,14:10,1,1,1,1,7,04204,M,"43,9152920","6,4093260",04
202000047431,20,12,2,06:50,1,2,1,1,1,98729,P," -17,5230910"," -149,7809030",987
202000047432,20,5,20,18:35,1,2,3,1,3,27701,M,"49,2756000","1,2302000",27
202000047433,20,10,6,06:30,2,2,1,9,6,57177,M,"48,8135330","6,7212400",57
202000047434,20,8,25,18:30,1,2,1,1,6,04094,M,"43,7561900","5,8870630",04
202000047435,20,12,2,19:00,3,2,1,1,6,97230,A,"14,7095780"," -60,9761220",972
202000047436,20,7,24,14:46,1,2,3,1,3,94018,M,"48,8222100","2,4126800",94
202000047437,20,7,29,21:30,2,2,1,1,6,37021,M,"47,5592832","0,6810597",37
202000047438,20,5,20,20:23,1,2,2,1,3,25580,M,"47,4632000","6,8323860",25
202000047439,20,10,20,07:15,1,1,1,1,3,97201,A,"14,8318180"," -61,1008180",972
202000047440,20,5,20,11:10,1,2,1,1,2,17306,M,"45,6270000"," -1,0200000",17