Num_Acc,an,mois,jour,hrmn,lum,agg,int,atm,col,com,gps,lat,long,dep
202000047441,20,12,3,08:30,1,2,2,8,3,45315,M,"47,7604130","2,3740450",45
202000047442,20,10,21,08:02,1,1,1,1,1,01209,M,"46,0919540","5,8676510",01
202000047443,20,5,21,22:50,5,2,2,1,3,17300,M,"46,1631000"," -1,1493000",17
202000047444,20,12,2,17:50,3,1,1,1,7,83108,M,"43,3194330","5,9889650",83
202000047445,20,5,21,20:00,1,2,1,1,2,13209,M,"43,2653080","5,4089720",13
202000047446,20,12,3,09:20,1,1,3,1,1,13004,M,"43,5673870","4,7423120",13
202000047447,20,5,21,16:30,1,2,1,1,3,13203,M,"43,3109860","5,3763790",13
202000047448,20,8,26,07:45,1,1,2,1,7,30123,M,"43,6947154","4,1682476",30
202000047449,20,10,20,19:52,3,1,1,1,2,50498,M,"49,5336340"," -1,5317020",50
202000047450,20,7,24,06:55,2,2,1,1,3,94017,M,"48,8059600","2,5337600",94
202000047451,20,5,22,00:10,5,2,1,1,3,13001,M,"43,5289371","5,4394630",13
202000047452,20,12,3,18:12,3,1,2,2,3,89337,M,"47,7398680","3,6053450",89
202000047453,20,10,20,15:45,1,2,1,1,-1,67106,M,"48,7573830","7,9580610",67
202000047454,20,7,24,17:30,1,2,1,1,2,94071,M,"48,7707100","2,5223800",94
202000047455,20,5,20,15:00,1,2,1,1,2,09122,M,"42,9873149","1,6157211",09
202000047456,20,8,26,01:12,3,1,1,1,2,30033,M,"43,6552050","4,3450390",30
202000047457,20,10,13,16:00,1,2,1,2,3,23176,M,"46,2362870","1,4832080",23
202000047458,20,5,21,07:00,1,2,4,1,6,75120,M,"48,8663660","2,4139390",75
202000047459,20,7,24,12:20,1,2,2,1,3,94002,M,"48,7982850","2,4205620",94
202000047460,20,10,21,07:35,3,1,1,2,6,62649,M,"50,1541360","2,5129940",62
202000047461,20,8,26,18:55,1,1,1,1,1,08410,M,"49,3306600","4,5640040",08
202000047462,20,7,22,10:30,1,2,1,1,3,94002,M,"48,7893560","2,4314350",94
202000047463,20,5,20,23:45,5,2,1,1,3,75119,M,"48,9004250","2,3902070",75
202000047464,20,12,2,20:50,3,1,1,1,6,67526,M,"48,4012470","7,5715700",67
202000047465,20,7,23,09:30,1,2,1,1,6,93070,M,"48,9062568","2,3319039",93
202000047466,20,12,3,06:40,5,1,1,2,6,38475,M,"45,6696910","5,1438600",38
202000047467,20,5,20,14:45,1,2,1,1,2,75117,M,"48,8858090","2,2883020",75
202000047468,20,10,21,12:15,1,1,3,1,3,69046,M,"45,6519460","4,7761720",69
202000047469,20,7,24,14:15,1,2,1,1,6,93048,M,"48,8626467","2,4367125",93
202000047470,20,11,17,15:50,1,2,1,1,6,26206,M,"44,8323930","4,9742370",26
202000047471,20,10,21,16:45,2,2,6,7,6,91225,M,"48,6407360","2,4574610",91
202000047472,20,5,19,14:00,1,2,1,1,5,75117,M,"48,8809920","2,2823330",75
202000047473,20,7,23,23:00,5,2,1,1,3,93031,M,"48,9517600","2,3386400",93
202000047474,20,10,20,17:25,1,2,1,1,1,19250,M,"45,4752240","1,5253620",19
202000047475,20,5,21,13:00,1,2,4,1,3,75119,M,"48,8814030","2,3807010",75
202000047476,20,7,24,16:45,1,2,1,1,2,93029,M,"48,9239000","2,4626000",93
202000047477,20,12,1,17:35,5,1,3,5,3,33533,M,"44,5685440"," -0,2842020",33
202000047478,20,5,21,00:15,5,2,1,1,6,75111,M,"48,8676900","2,3821520",75
202000047479,20,7,24,15:35,1,2,1,1,3,93001,M,"48,9096069","2,3984179",93
202000047480,20,12,2,17:50,5,2,1,1,6,49035,M,"47,4170970"," -0,6141610",49
202000047481,20,10,20,18:10,1,1,1,1,4,56206,M,"47,6851450"," -2,7629330",56
202000047482,20,5,21,00:55,5,2,1,1,7,75101,M,"48,8613010","2,3303520",75
202000047483,20,12,3,19:48,3,1,1,2,1,60338,M,"49,3408643","2,7694398",60
202000047484,20,10,20,15:55,1,2,1,1,1,82125,M,"43,9691210","1,2316330",82
202000047485,20,5,21,17:30,1,2,1,1,6,94067,M,"48,8458900","2,4185500",94
202000047486,20,10,20,19:50,3,1,1,6,7,82085,M,"43,9778310","1,2809370",82
202000047487,20,5,21,21:05,1,2,1,1,7,94016,M,"48,7956900","2,3326700",94
202000047488,20,10,21,11:45,1,1,1,1,6,63430,M,"45,8678660","3,5575350",63
202000047489,20,7,24,23:45,5,2,2,1,3,92051,M,"48,8836263","2,2725462",92
202000047490,20,5,21,19:30,1,2,1,1,3,94016,M,"48,7862000","2,3256400",94
202000047491,20,5,21,13:00,1,2,9,1,6,94054,M,"48,7444200","2,3931900",94
202000047492,20,12,1,20:45,5,1,1,1,2,13055,M,"43,2861093","5,4308295",13
202000047493,20,5,21,18:20,1,2,3,1,2,94017,M,"48,8198500","2,4853300",94
202000047494,20,7,24,19:45,1,2,1,1,2,92020,M,"48,7988480","2,2803840",92
202000047495,20,11,28,17:30,2,1,1,1,4,69029,M,"45,7282900","4,9036400",69
202000047496,20,7,24,12:39,1,2,3,1,2,92036,M,"48,9392470","2,2561240",92
202000047497,20,11,28,18:40,5,1,9,9,6,42237,M,"45,4451000","4,4659930",42
202000047498,20,5,21,08:00,1,1,1,1,3,93073,M,"49,0038121","2,5367702",93
202000047499,20,10,21,10:00,1,2,6,6,7,63295,M,"46,0161240","3,3491720",63
202000047500,20,12,1,22:00,3,1,1,1,7,67482,M,"48,5923200","7,7366400",67
202000047501,20,7,23,19:10,1,2,5,1,3,92025,M,"48,9180447","2,2243345",92
202000047502,20,10,14,18:00,1,1,1,2,4,33075,M,"44,8889800"," -0,5953400",33
202000047503,20,12,2,18:42,3,1,1,1,2,91661,M,"48,6970900","2,2380700",91
202000047504,20,7,24,11:50,1,2,1,1,2,92071,M,"48,7788205","2,2878291",92
202000047505,20,5,21,23:15,5,2,1,1,3,93046,M,"48,9085646","2,5256414",93
202000047506,20,10,21,16:50,1,2,1,1,6,55150,M,"48,5830240","5,4578930",55
202000047507,20,12,2,07:30,2,1,1,1,4,92078,M,"48,9273200","2,3334100",92
202000047508,20,10,20,15:51,1,1,1,2,7,47195,M,"44,1530750","0,3191610",47
202000047509,20,7,24,11:25,1,2,3,8,2,92012,M,"48,8496167","2,2376027",92
202000047510,20,5,21,13:15,1,2,1,1,1,92075,M,"48,8263033","2,2933705",92
202000047511,20,5,21,17:30,1,2,1,1,7,92072,M,"48,8231600","2,2233900",92
202000047512,20,12,1,18:45,3,1,1,1,4,95582,M,"48,9685500","2,2516300",95
202000047513,20,10,20,14:00,1,1,2,1,3,47325,M,"44,3837780","0,2982620",47
202000047514,20,12,1,13:20,1,1,1,9,2,93008,M,"48,9093000","2,4477000",93
202000047515,20,5,21,08:10,1,2,1,1,3,92051,M,"48,8867000","2,2792000",92
202000047516,20,7,23,18:25,1,2,3,1,-1,92004,M,"48,9080600","2,2677100",92
202000047517,20,10,1,11:45,1,2,1,1,6,31555,M,"43,5922926","1,4424545",31
202000047518,20,5,21,21:50,5,2,5,1,3,92012,M,"48,8375800","2,2479460",92
202000047519,20,9,5,17:20,1,2,1,1,6,05061,M,"44,5624100","6,0947000",05
202000047520,20,10,20,12:15,1,1,1,1,1,29189,M,"48,3903870"," -4,3425610",29
202000047521,20,7,24,22:30,3,1,1,1,1,65240,M,"43,5073941","0,0407652",65
202000047522,20,10,21,08:10,2,1,1,6,6,01123,M,"46,2383660","4,8415050",01
202000047523,20,12,1,10:00,1,2,3,1,3,97411,R," -20,8851400","55,4626500",974
202000047524,20,10,21,16:00,1,1,1,1,7,66147,M,"42,5645670","1,7751660",66
202000047525,20,6,24,21:55,3,1,1,1,1,38238,M,"45,5008120","5,0119890",38
202000047526,20,11,26,14:20,1,2,1,2,1,97409,R," -20,9679880","55,6486110",974
202000047527,20,12,1,12:40,1,2,1,1,6,97302,G,"4,9389802"," -52,3351282",973
202000047528,20,7,25,16:15,1,1,1,1,-1,67347,M,"48,8346110","7,5367500",67
202000047529,20,5,20,17:00,1,1,3,1,5,35177,M,"48,2041340"," -1,7428980",35
202000047530,20,10,21,19:35,5,1,9,1,-1,72054,M,"48,0128360","0,3178310",72
202000047531,20,10,17,12:45,1,2,1,1,3,06079,M,"43,5461690","6,9430430",06
202000047532,20,10,20,17:00,1,2,1,1,3,14614,M,"49,2082663"," -1,0259610",14
202000047533,20,10,20,13:05,1,1,2,1,3,60303,M,"49,6350190","1,8767580",60
202000047534,20,10,21,09:05,1,1,3,1,5,43258,M,"45,3803060","3,3178500",43
202000047535,20,7,25,10:40,1,1,1,1,7,69285,M,"45,7735470","5,0644720",69
202000047536,20,12,1,07:56,1,2,1,1,3,97302,G,"4,9384939"," -52,2996855",973
202000047537,20,10,20,07:15,2,1,1,1,-1,10310,M,"48,2219280","4,5005320",10
202000047538,20,7,25,18:40,3,2,1,1,6,97412,R," -21,3726530","55,6698540",974
202000047539,20,10,17,14:40,1,1,1,1,2,37050,M,"47,3274532","0,7594593",37
202000047540,20,7,25,09:56,1,1,3,1,1,35167,M,"47,8207620"," -1,3186600",35
202000047541,20,10,20,14:25,1,2,1,1,6,24167,M,"44,6656770","0,3988180",24
202000047542,20,7,24,17:55,1,2,3,1,3,59653,M,"50,5743320","2,9417720",59
202000047543,20,10,12,09:41,1,1,1,1,3,67389,M,"48,6558758","7,7368615",67
202000047544,20,10,21,06:40,1,1,1,1,1,98802,C," -21,9688380","166,1917300",988
202000047545,20,10,18,14:00,1,2,1,1,6,97125,A,"16,2506260"," -61,2714550",971
202000047546,20,10,19,08:40,1,1,4,1,3,97117,A,"16,3085530"," -61,3940050",971
202000047547,20,9,23,17:35,1,2,3,1,3,97117,A,"16,3311360"," -61,3439120",971
202000047548,20,12,1,20:00,5,2,9,2,7,69383,M,"45,7524590","4,8496028",69
202000047549,20,7,24,18:25,1,2,2,1,1,71456,M,"46,8253605","5,0934486",71
202000047550,20,5,22,12:17,1,1,1,1,7,26140,M,"45,1225960","5,1077410",26
202000047551,20,10,21,09:58,1,2,2,1,3,77095,M,"48,9709590","2,7637290",77
202000047552,20,12,1,17:45,5,2,1,2,2,69387,M,"45,7445600","4,8481800",69
202000047553,20,5,22,12:45,1,1,4,1,3,73073,M,"45,8144481","5,8139993",73
202000047554,20,5,21,12:00,1,1,1,1,7,97215,A,"14,8713710"," -61,1334120",972
202000047555,20,10,20,15:03,1,1,1,2,6,77107,M,"48,6662260","2,8193560",77
202000047556,20,7,24,21:20,1,1,1,1,6,71054,M,"46,9119570","5,0231445",71
202000047557,20,7,24,19:11,1,1,2,1,3,62283,M,"50,3178090","2,2840400",62
202000047558,20,5,21,17:35,1,1,1,1,5,01173,M,"46,3592200","6,0435960",01
202000047559,20,12,1,14:20,1,1,6,1,3,97209,A,"14,6357500"," -61,0399700",972
202000047560,20,7,25,18:00,1,2,1,1,6,77492,M,"48,8765120","3,3625580",77
202000047561,20,5,21,17:45,1,2,1,1,7,86202,M,"46,6441755","0,7573499",86
202000047562,20,11,30,09:22,1,1,1,1,2,97209,A,"14,6165200"," -61,0494200",972
202000047563,20,7,24,20:30,2,1,1,1,1,59135,M,"50,8234118","2,5135577",59
202000047564,20,5,21,18:25,1,1,1,1,7,91666,M,"48,6832540","2,2349990",91
202000047565,20,6,19,17:15,1,1,1,1,1,74282,M,"45,9648140","6,2999830",74
202000047566,20,11,30,06:35,1,2,2,1,3,97209,A,"14,6111600"," -61,0707700",972
202000047567,20,10,18,10:45,1,1,2,1,3,13049,M,"43,7089970","5,1154380",13
202000047568,20,3,11,17:15,1,2,1,8,-1,06033,M,"43,7718340","7,2086570",06
202000047569,20,10,20,14:55,1,1,1,1,3,74003,M,"45,8991350","6,2136780",74
202000047570,20,10,6,09:05,1,1,1,8,1,69227,M,"45,6820190","4,5689710",69
202000047571,20,10,21,19:45,3,1,1,6,1,81105,M,"43,7686265","1,9652681",81
202000047572,20,10,20,17:00,1,2,3,1,1,50149,M,"49,5537740"," -1,6696160",50
202000047573,20,12,1,20:20,5,2,1,3,6,69381,M,"45,7741833","4,8296204",69
202000047574,20,7,21,01:10,3,2,1,1,7,80572,M,"49,9533250","2,6304260",80
202000047575,20,5,22,15:13,1,2,1,1,6,83070,M,"43,1364040","6,3659710",83
202000047576,20,10,21,11:55,1,2,1,8,1,14737,M,"48,9151664"," -0,1704758",14
202000047577,20,7,24,22:00,2,1,1,1,6,80162,M,"49,8223830","2,6373620",80
202000047578,20,5,22,02:35,5,2,1,1,6,62181,M,"50,1397740","2,7096220",62
202000047579,20,10,21,16:05,1,1,1,1,3,22242,M,"48,6191048"," -2,4227788",22
202000047580,20,5,21,15:46,1,1,1,1,6,57682,M,"48,5711370","7,0946300",57
202000047581,20,7,16,07:20,1,2,1,1,6,65025,M,"43,0053180"," -0,1019020",65
202000047582,20,12,1,13:10,1,2,6,1,6,2B037,M,"42,6288400","9,4377500",2B
202000047583,20,5,22,16:05,1,1,9,1,7,95056,M,"49,1005800","2,3637560",95
202000047584,20,7,24,09:35,1,1,2,1,3,12246,M,"44,6379370","2,2453310",12
202000047585,20,5,21,17:13,1,1,1,7,7,51532,M,"49,1560477","3,9617118",51
202000047586,20,12,1,17:20,1,2,3,1,3,97101,A,"16,2753856"," -61,5045547",971
202000047587,20,11,30,08:05,1,2,1,1,6,97120,A,"16,2404000"," -61,5329500",971
202000047588,20,7,25,16:00,1,1,2,1,3,42159,M,"45,8083560","3,7343430",42
202000047589,20,10,20,23:28,1,2,3,1,3,76758,M,"49,6216790","0,7612500",76
202000047590,20,5,19,18:50,1,2,3,7,3,56190,M,"47,9717536"," -2,7402900",56
202000047591,20,11,20,19:15,5,2,5,1,3,95539,M,"48,9914400","2,3603800",95
202000047592,20,7,25,10:40,1,1,2,1,3,41296,M,"47,6269700","2,1062800",41
202000047593,20,5,22,00:30,5,2,1,1,6,67019,M,"48,2375028","7,5464564",67
202000047594,20,7,25,18:30,1,1,6,1,3,34150,M,"43,3205570","3,5360100",34
202000047595,20,10,19,19:00,4,1,1,1,2,13106,M,"43,3945500","5,3507700",13
202000047596,20,12,1,10:05,1,2,2,1,6,95018,M,"48,9482500","2,2520900",95
202000047597,20,12,1,17:40,3,2,9,1,6,91201,M,"48,6582400","2,4318100",91
202000047598,20,5,21,20:40,1,1,1,1,2,76325,M,"49,6495420","0,8381580",76
202000047599,20,10,20,11:14,1,1,1,1,2,13211,M,"43,2906700","5,4493300",13
202000047600,20,7,25,18:05,1,1,1,1,6,25534,M,"46,6789470","6,2474440",25
202000047601,20,12,1,16:00,1,2,1,1,3,91286,M,"48,6531200","2,3948500",91
202000047602,20,7,25,02:30,5,1,1,1,1,31182,M,"43,6714544","1,4004210",31
202000047603,20,11,26,18:00,5,2,2,1,3,91174,M,"48,5997500","2,4715600",91
202000047604,20,10,16,20:42,3,1,1,1,2,54571,M,"48,6185850","6,2661540",54
202000047605,20,11,22,01:20,5,2,1,1,6,89387,M,"48,1979600","3,2714400",89
202000047606,20,7,24,14:40,1,1,2,1,3,02370,M,"49,9700930","3,1929870",02
202000047607,20,10,20,16:50,1,1,1,2,2,91617,M,"48,6411800","2,5354300",91
202000047608,20,11,30,12:16,1,2,1,1,3,87085,M,"45,8715200","1,2679500",87
202000047609,20,10,20,17:20,1,1,1,2,6,91521,M,"48,6337500","2,4007200",91
202000047610,20,11,27,14:10,1,2,2,1,3,86194,M,"46,6046350","0,3264630",86
202000047611,20,10,20,13:55,1,1,1,2,3,94076,M,"48,7969368","2,3446740",94
202000047612,20,7,24,16:00,1,2,1,1,2,02292,M,"49,0272920","3,4094740",02
202000047613,20,11,23,17:10,1,2,3,1,6,84007,M,"43,9343600","4,8143700",84
202000047614,20,7,25,04:50,3,1,1,1,7,03264,M,"46,0726742","3,4742321",03
202000047615,20,12,1,12:42,1,2,1,1,3,79191,M,"46,3218420"," -0,4526700",79
202000047616,20,7,25,00:30,3,1,1,1,7,70343,M,"47,7810180","6,1224530",70
202000047617,20,7,25,10:30,1,1,1,1,7,70115,M,"47,6040510","6,3134690",70
202000047618,20,10,20,09:25,1,1,1,8,4,94038,M,"48,7849600","2,3468300",94
202000047619,20,7,24,22:15,5,2,3,1,3,58051,M,"46,9610330","3,1571160",58
202000047620,20,10,20,09:30,1,1,1,8,3,94076,M,"48,7925700","2,3447000",94
202000047621,20,11,27,20:55,1,1,3,1,1,76351,M,"49,5025150","0,1698510",76
202000047622,20,10,20,08:15,1,1,1,1,3,94021,M,"48,7680000","2,3454800",94
202000047623,20,7,21,11:40,1,1,2,1,2,14582,M,"49,0748640","0,1897880",14
202000047624,20,10,20,18:00,3,1,1,2,2,78640,M,"48,7828200","2,2231650",78
202000047625,20,11,30,11:20,1,2,1,1,2,72181,M,"48,0309400","0,1719300",72
202000047626,20,11,30,12:13,1,2,1,1,6,72181,M,"48,0123100","0,2056100",72
202000047627,20,7,24,19:15,2,2,1,1,6,21227,M,"47,3881840","4,9385880",21
202000047628,20,11,30,12:35,1,2,1,1,3,71306,M,"46,6920524","4,3503821",71
202000047629,20,11,27,12:40,1,1,2,1,3,69092,M,"46,0043700","4,6889200",69
202000047630,20,7,25,08:52,1,1,1,1,6,21558,M,"46,9577030","4,8897740",21
202000047631,20,11,30,18:55,5,2,1,1,3,67482,M,"48,5437845","7,7652556",67
202000047632,20,10,20,12:55,1,1,1,2,3,78466,M,"48,9230000","2,0010300",78
202000047633,20,7,25,04:10,3,1,1,1,6,40310,M,"43,7161610"," -1,3589760",40
202000047634,20,10,20,09:35,1,1,1,8,2,92076,M,"48,8320354","2,1517684",92
202000047635,20,7,25,05:05,3,1,1,1,6,24214,M,"45,5544180","0,5742500",24
202000047636,20,12,1,12:10,1,2,1,1,2,64024,M,"43,4636972"," -1,5156841",64
202000047637,20,7,25,11:10,1,1,1,1,1,04236,M,"43,9328880","6,6294550",04
202000047638,20,7,25,00:15,3,1,1,1,7,85081,M,"46,7256290"," -1,3973150",85
202000047639,20,12,1,08:15,2,2,1,1,5,64102,M,"43,4859000"," -1,4738100",64
202000047640,20,7,24,10:00,1,1,6,1,3,88114,M,"48,1903740","5,9174730",88
202000047641,20,11,28,19:25,5,2,3,1,3,64102,M,"43,4979196"," -1,4610744",64
202000047642,20,7,25,16:45,1,1,1,1,2,47046,M,"44,3736690","0,2346880",47
202000047643,20,7,25,14:30,1,1,1,1,6,06088,M,"43,7127620","7,2558370",06
202000047644,20,11,28,17:30,1,1,3,1,3,63300,M,"45,8761500","3,0996700",63
202000047645,20,10,20,06:55,3,1,1,2,4,78498,M,"48,9079110","2,0052460",78
202000047646,20,7,24,23:35,3,1,1,1,7,21436,M,"47,0312030","5,0821640",21
202000047647,20,12,1,09:10,1,2,1,1,6,63113,M,"45,7800298","3,0913550",63
202000047648,20,7,15,15:15,1,2,1,1,6,97614,Y," -12,8245570","45,1315370",976
202000047649,20,10,20,19:20,3,1,1,2,3,92036,M,"48,9381763","2,3134449",92
202000047650,20,11,24,18:20,5,2,2,1,6,63113,M,"45,7725631","3,0790442",63
202000047651,20,10,20,18:10,5,1,1,2,3,93027,M,"48,9283651","2,4135580",93
202000047652,20,11,26,20:48,5,2,2,1,3,63075,M,"45,7765539","3,0663990",63
202000047653,20,12,1,13:25,1,2,1,2,6,59599,M,"50,7082100","3,1597500",59
202000047654,20,12,1,08:00,5,2,1,2,6,59650,M,"50,7019700","3,2004900",59
202000047655,20,7,25,04:30,3,1,1,1,6,97418,R," -20,9023170","55,5465100",974
202000047656,20,11,30,14:25,1,2,1,1,3,59360,M,"50,6154300","3,0193400",59
202000047657,20,7,24,10:25,1,1,2,1,3,45042,M,"47,8381183","2,4324145",45
202000047658,20,7,25,00:00,3,1,1,1,7,77437,M,"49,0448800","2,8079940",77
202000047659,20,10,29,22:25,5,2,9,1,3,59360,M,"50,6030200","3,0405600",59
202000047660,20,7,24,21:00,3,1,1,1,7,77309,M,"49,0074250","2,8396440",77
202000047661,20,10,5,11:55,1,2,2,1,6,59350,M,"50,6335700","3,0052400",59
202000047662,20,7,24,20:30,2,1,1,1,2,95199,M,"49,0277460","2,3476220",95
202000047663,20,11,30,13:54,1,2,1,1,1,56121,M,"47,7296700"," -3,3654400",56
202000047664,20,10,20,14:30,1,1,1,2,3,95241,M,"49,0463330","2,4401720",95
202000047665,20,7,25,10:00,1,2,9,1,6,2B042,M,"42,5621370","9,4415690",2B
202000047666,20,6,20,14:30,1,1,1,1,5,06147,M,"43,7779310","7,2755060",06
202000047667,20,10,20,10:00,5,1,1,2,6,93064,M,"48,8867063","2,4778327",93
202000047668,20,7,24,08:49,1,1,1,1,7,71062,M,"46,9268665","4,2403175",71
202000047669,20,10,20,07:00,3,1,1,2,4,93007,M,"48,9333379","2,4806899",93
202000047670,20,7,25,17:11,1,1,1,1,7,67520,M,"48,6156260","7,4421050",67
202000047671,20,10,20,09:00,1,1,1,8,2,93048,M,"48,8691000","2,4297000",93
202000047672,20,10,20,06:10,3,1,1,2,4,92036,M,"48,9484735","2,2806708",92
202000047673,20,7,25,02:20,3,1,1,1,2,74024,M,"46,0759210","6,4355800",74
202000047674,20,11,30,08:15,1,2,2,1,3,54395,M,"48,7033100","6,1817700",54
202000047675,20,10,20,19:35,3,1,1,2,-1,94033,M,"48,8521600","2,4904400",94
202000047676,20,12,1,09:30,1,2,2,1,6,54395,M,"48,7004300","6,1782500",54
202000047677,20,10,20,18:40,3,1,1,2,-1,94018,M,"48,8238000","2,3948000",94
202000047678,20,12,1,08:30,1,2,3,3,6,54395,M,"48,6966000","6,1970000",54
202000047679,20,10,20,15:35,1,1,1,2,4,77294,M,"48,9702330","2,5705700",77
202000047680,20,10,19,16:05,1,2,3,1,3,98818,C," -22,2434800","166,4423800",988
202000047681,20,7,25,01:30,5,2,1,1,6,73197,M,"45,5390450","6,7620210",73
202000047682,20,7,25,11:49,1,2,3,1,3,01376,M,"45,8279840","4,9729390",01
202000047683,20,10,19,14:45,1,2,3,1,2,98818,C," -22,2683600","166,4725600",988
202000047684,20,7,23,17:00,1,1,1,1,6,81117,M,"43,8011150","2,0409250",81
202000047685,20,7,25,18:30,1,1,1,1,6,60367,M,"49,2529045","1,9346130",60
202000047686,20,7,24,22:30,5,2,6,1,6,59254,M,"50,2828440","3,1936040",59
202000047687,20,7,23,00:40,3,1,1,1,7,59285,M,"50,2738450","3,4075210",59
202000047688,20,11,30,17:38,1,2,1,1,3,49007,M,"47,4793100"," -0,5603400",49
202000047689,20,7,22,11:00,1,1,1,1,5,13055,M,"43,3033400","5,4253200",13
202000047690,20,10,11,21:24,5,2,2,3,3,98818,C," -22,2483600","166,4637400",988
202000047691,20,10,18,11:40,1,1,1,1,2,97416,R," -21,2968900","55,5004100",974
202000047692,20,7,22,08:05,1,1,1,1,5,69276,M,"45,6868400","4,8696900",69
202000047693,20,11,15,16:25,1,2,1,1,4,49007,M,"47,4569700"," -0,5166800",49
202000047694,20,10,18,10:30,1,1,1,1,3,97416,R," -21,3252000","55,4878900",974
202000047695,20,7,24,16:48,1,1,1,1,2,33249,M,"44,8715900"," -0,5058600",33
202000047696,20,7,24,18:05,1,1,1,1,3,91432,M,"48,6940000","2,3197000",91
202000047697,20,7,24,09:30,1,1,1,1,3,91235,M,"48,6246400","2,3720100",91
202000047698,20,7,24,15:30,1,1,1,1,2,78640,M,"48,7723740","2,2264350",78
202000047699,20,7,24,05:35,2,1,1,1,-1,78498,M,"48,9049480","2,0052790",78
202000047700,20,7,24,15:30,1,1,1,1,2,95219,M,"48,9894300","2,2438100",95
202000047701,20,7,24,13:00,1,1,1,1,2,93029,M,"48,9208800","2,4279000",93
202000047702,20,7,24,00:45,3,1,1,1,3,93010,M,"48,8906800","2,4732200",93
202000047703,20,7,24,09:35,1,1,1,1,-1,77237,M,"48,8303101","2,7550341",77
202000047704,20,4,18,21:45,5,2,2,1,2,92078,M,"48,9354260","2,3315900",92
202000047705,20,7,23,08:15,1,2,1,7,1,97416,R," -21,2952200","55,5087200",974
202000047706,20,6,7,09:50,5,2,9,1,-1,97411,R," -20,8870100","55,4762100",974
202000047707,20,7,17,22:10,5,2,1,1,7,69266,M,"45,7691173","4,8850773",69
202000047708,20,7,23,14:20,1,2,1,1,5,69383,M,"45,7535100","4,8581400",69
202000047709,20,7,23,02:30,5,2,3,1,3,69266,M,"45,7772000","4,8721000",69
202000047710,20,7,23,02:55,5,2,1,1,6,69387,M,"45,7218400","4,8319800",69
202000047711,20,7,23,15:40,1,1,1,1,2,97213,A,"14,5970000"," -60,9790000",972
202000047712,20,7,22,16:20,1,1,9,1,2,97213,A,"14,6010000"," -61,0010000",972
202000047713,20,7,22,06:00,1,1,1,2,6,97213,A,"14,5946600"," -60,9843000",972
202000047714,20,12,1,11:11,1,2,3,1,3,45285,M,"47,9126900","1,8640000",45
202000047715,20,12,1,07:35,5,2,1,8,6,45302,M,"47,9512100","1,8822800",45
202000047716,20,12,1,08:20,2,2,6,2,3,44162,M,"47,2454319"," -1,6020479",44
202000047717,20,12,1,09:03,1,2,1,2,3,43089,M,"45,0454500","3,8686500",43
202000047718,20,11,23,12:10,1,2,1,1,7,37261,M,"47,3683521","0,7094300",37
202000047719,20,12,1,23:27,5,2,1,1,1,33192,M,"44,7812400"," -0,6023800",33
202000047720,20,7,23,17:30,1,2,3,1,2,69286,M,"45,8192000","4,8936000",69
202000047721,20,12,1,21:00,5,2,1,9,6,33063,M,"44,8499300"," -0,5697700",33
202000047722,20,12,1,13:30,1,2,4,2,3,33522,M,"44,8042300"," -0,5812700",33
202000047723,20,11,30,10:05,1,2,2,2,3,33063,M,"44,8712800"," -0,5501600",33
202000047724,20,11,30,19:06,5,2,1,1,1,31555,M,"43,5778600","1,3949900",31
202000047725,20,11,30,19:03,5,2,1,1,3,31555,M,"43,6059400","1,4281400",31
202000047726,20,12,1,18:15,5,2,1,1,6,29232,M,"47,9770766"," -4,1246116",29
202000047727,20,11,29,21:10,5,1,1,1,6,22360,M,"48,4825900"," -2,7657800",22
202000047728,20,11,30,14:00,1,2,3,1,3,21231,M,"47,3172414","5,0335226",21
202000047729,20,11,28,18:00,5,2,2,1,3,21231,M,"47,3181840","5,0358890",21
202000047730,20,11,30,16:30,1,1,3,7,1,19031,M,"45,1733800","1,4917700",19
202000047731,20,12,1,21:15,5,2,3,1,3,13208,M,"43,2424800","5,3796500",13
202000047732,20,12,2,00:35,5,2,6,1,6,13211,M,"43,2879280","5,4662570",13
202000047733,20,12,1,18:15,5,2,1,1,2,13212,M,"43,2900800","5,4260200",13
202000047734,20,12,1,14:45,1,2,3,1,3,13212,M,"43,3117700","5,4646930",13
202000047735,20,12,1,15:20,1,2,2,8,6,13208,M,"43,2745742","5,3868728",13
202000047736,20,12,1,12:20,1,2,1,1,2,13210,M,"43,2852100","5,4251500",13
202000047737,20,11,30,17:30,2,2,1,1,-1,13211,M,"43,2873998","5,4655314",13
202000047738,20,11,30,11:40,1,2,9,1,3,13208,M,"43,2727340","5,3911100",13
202000047739,20,12,1,14:05,1,2,1,1,6,13028,M,"43,1884400","5,6160300",13
202000047740,20,11,30,07:50,1,2,1,1,4,13028,M,"43,1865750","5,6003810",13
202000047741,20,11,30,17:00,2,2,1,9,3,06083,M,"43,7799570","7,4818980",06
202000047742,20,12,1,10:00,1,2,1,1,5,06069,M,"43,6571157","6,9337155",06
202000047743,20,11,28,11:45,1,1,1,1,2,05061,M,"44,5406800","6,0641900",05
202000047744,20,11,18,17:44,4,2,1,1,6,05061,M,"44,5614810","6,0740270",05